fundingTime,fundingTime_dt,fundingRate,markPrice
1579161600000,2020-01-16 08:00:00,0.00010000,
1579190400000,2020-01-16 16:00:00,0.00010000,
1579219200000,2020-01-17 00:00:00,0.00010000,
1579248000000,2020-01-17 08:00:00,0.00039602,
1579276800000,2020-01-17 16:00:00,0.00042811,
1579305600001,2020-01-18 00:00:00,0.00482591,
1579334400001,2020-01-18 08:00:00,0.00060635,
1579363200000,2020-01-18 16:00:00,0.00021154,
1579392000000,2020-01-19 00:00:00,0.00047428,
1579420800000,2020-01-19 08:00:00,0.00010000,
1579449600000,2020-01-19 16:00:00,0.00010000,
1579478400000,2020-01-20 00:00:00,0.00010000,
1579507200000,2020-01-20 08:00:00,0.00010000,
1579536000000,2020-01-20 16:00:00,0.00010000,
1579564800000,2020-01-21 00:00:00,0.00010000,
1579593600000,2020-01-21 08:00:00,0.00010000,
1579622400000,2020-01-21 16:00:00,0.00010000,
1579651200000,2020-01-22 00:00:00,0.00010000,
1579680000001,2020-01-22 08:00:00,0.00010000,
1579708800000,2020-01-22 16:00:00,0.00010000,
1579737600000,2020-01-23 00:00:00,0.00010000,
1579766400000,2020-01-23 08:00:00,0.00010000,
1579795200000,2020-01-23 16:00:00,0.00010000,
1579824000000,2020-01-24 00:00:00,0.00010000,
1579852800000,2020-01-24 08:00:00,0.00010000,
1579881600001,2020-01-24 16:00:00,0.00010000,
1579910400000,2020-01-25 00:00:00,0.00010000,
1579939200000,2020-01-25 08:00:00,0.00010000,
1579968000001,2020-01-25 16:00:00,0.00019893,
1579996800000,2020-01-26 00:00:00,0.00010000,
1580025600000,2020-01-26 08:00:00,0.00010000,
1580054400000,2020-01-26 16:00:00,-0.00024741,
1580083200000,2020-01-27 00:00:00,-0.00031510,
1580112000001,2020-01-27 08:00:00,-0.00022022,
1580140800000,2020-01-27 16:00:00,-0.00031241,
1580169600000,2020-01-28 00:00:00,0.00010000,
1580198400000,2020-01-28 08:00:00,0.00010000,
1580227200000,2020-01-28 16:00:00,0.00010000,
1580256000001,2020-01-29 00:00:00,0.00010000,
1580284800000,2020-01-29 08:00:00,0.00006460,
1580313600002,2020-01-29 16:00:00,0.00010000,
1580342400000,2020-01-30 00:00:00,0.00010000,
1580371200000,2020-01-30 08:00:00,0.00010000,
1580400000000,2020-01-30 16:00:00,0.00010000,
1580428800000,2020-01-31 00:00:00,0.00022897,
1580457600000,2020-01-31 08:00:00,0.00020827,
1580486400000,2020-01-31 16:00:00,0.00048118,
1580515200000,2020-02-01 00:00:00,0.00047746,
1580544000000,2020-02-01 08:00:00,0.00010000,
1580572800000,2020-02-01 16:00:00,0.00010000,
1580601600000,2020-02-02 00:00:00,0.00010000,
1580630400000,2020-02-02 08:00:00,0.00013162,
1580659200000,2020-02-02 16:00:00,0.00019412,
1580688000000,2020-02-03 00:00:00,0.00098812,
1580716800000,2020-02-03 08:00:00,0.00076144,
1580745600000,2020-02-03 16:00:00,0.00093712,
1580774400000,2020-02-04 00:00:00,0.00079270,
1580803200001,2020-02-04 08:00:00,0.00087110,
1580832000000,2020-02-04 16:00:00,0.00116544,
1580860800002,2020-02-05 00:00:00,0.00062561,
1580889600000,2020-02-05 08:00:00,0.00072472,
1580918400000,2020-02-05 16:00:00,0.00093187,
1580947200000,2020-02-06 00:00:00,0.00260386,
1580976000000,2020-02-06 08:00:00,0.00161721,
1581004800000,2020-02-06 16:00:00,0.00095361,
1581033600000,2020-02-07 00:00:00,0.00028066,
1581062400000,2020-02-07 08:00:00,0.00010000,
1581091200001,2020-02-07 16:00:00,0.00012638,
1581120000000,2020-02-08 00:00:00,0.00032524,
1581148800000,2020-02-08 08:00:00,0.00012468,
1581177600000,2020-02-08 16:00:00,0.00063193,
1581206400000,2020-02-09 00:00:00,0.00078225,
1581235200000,2020-02-09 08:00:00,0.00139544,
1581264000000,2020-02-09 16:00:00,0.00107473,
1581292800000,2020-02-10 00:00:00,0.00083397,
1581321600000,2020-02-10 08:00:00,0.00073940,
1581350400009,2020-02-10 16:00:00,0.00057045,
1581379200000,2020-02-11 00:00:00,0.00086052,
1581408000000,2020-02-11 08:00:00,0.00046639,
1581436800000,2020-02-11 16:00:00,0.00126962,
1581465600000,2020-02-12 00:00:00,0.00287374,
1581494400001,2020-02-12 08:00:00,0.00484806,
1581523200000,2020-02-12 16:00:00,0.00222075,
1581552000001,2020-02-13 00:00:00,0.00168905,
1581580800000,2020-02-13 08:00:00,0.00171046,
1581609600000,2020-02-13 16:00:00,0.00045888,
1581638400000,2020-02-14 00:00:00,0.00053769,
1581667200000,2020-02-14 08:00:00,0.00059702,
1581696000000,2020-02-14 16:00:00,0.00123915,
1581724800000,2020-02-15 00:00:00,0.00161648,
1581753600000,2020-02-15 08:00:00,0.00126106,
1581782400000,2020-02-15 16:00:00,0.00125426,
1581811200000,2020-02-16 00:00:00,0.00010000,
1581840000000,2020-02-16 08:00:00,0.00010000,
1581868800000,2020-02-16 16:00:00,0.00010000,
1581897600000,2020-02-17 00:00:00,0.00010000,
1581926400000,2020-02-17 08:00:00,0.00010000,
1581955200000,2020-02-17 16:00:00,0.00010000,
1581984000000,2020-02-18 00:00:00,0.00010000,
1582012800000,2020-02-18 08:00:00,0.00010000,
1582041600000,2020-02-18 16:00:00,0.00010000,
1582070400000,2020-02-19 00:00:00,0.00010000,
1582099200001,2020-02-19 08:00:00,0.00010000,
1582128000000,2020-02-19 16:00:00,0.00049800,
1582156800004,2020-02-20 00:00:00,0.00049528,
1582185600000,2020-02-20 08:00:00,0.00010000,
1582214400000,2020-02-20 16:00:00,0.00010000,
1582243200000,2020-02-21 00:00:00,0.00010000,
1582272000000,2020-02-21 08:00:00,0.00010000,
1582300800000,2020-02-21 16:00:00,0.00010000,
1582329600000,2020-02-22 00:00:00,0.00010000,
1582358400001,2020-02-22 08:00:00,0.00010000,
1582387200000,2020-02-22 16:00:00,0.00010000,
1582416000000,2020-02-23 00:00:00,0.00010000,
1582444800000,2020-02-23 08:00:00,0.00010000,
1582473600000,2020-02-23 16:00:00,0.00010000,
1582502400015,2020-02-24 00:00:00,0.00119736,
1582531200000,2020-02-24 08:00:00,0.00054228,
1582560000000,2020-02-24 16:00:00,0.00017640,
1582588800001,2020-02-25 00:00:00,0.00067022,
1582617600000,2020-02-25 08:00:00,0.00049266,
1582646400001,2020-02-25 16:00:00,0.00089243,
1582675200000,2020-02-26 00:00:00,0.00041460,
1582704000001,2020-02-26 08:00:00,0.00014136,
1582732800000,2020-02-26 16:00:00,0.00010000,
1582761600001,2020-02-27 00:00:00,0.00010000,
1582790400001,2020-02-27 08:00:00,0.00010000,
1582819200000,2020-02-27 16:00:00,0.00010000,
1582848000000,2020-02-28 00:00:00,0.00010000,
1582876800000,2020-02-28 08:00:00,0.00021259,
1582905600000,2020-02-28 16:00:00,0.00045876,
1582934400000,2020-02-29 00:00:00,0.00070500,
1582963200000,2020-02-29 08:00:00,0.00080790,
1582992000000,2020-02-29 16:00:00,0.00048493,
1583020800000,2020-03-01 00:00:00,0.00016893,
1583049600000,2020-03-01 08:00:00,0.00059079,
1583078400001,2020-03-01 16:00:00,0.00014664,
1583107200000,2020-03-02 00:00:00,0.00043506,
1583136000000,2020-03-02 08:00:00,0.00024134,
1583164800004,2020-03-02 16:00:00,0.00010000,
1583193600000,2020-03-03 00:00:00,0.00010000,
1583222400003,2020-03-03 08:00:00,0.00010000,
1583251200000,2020-03-03 16:00:00,0.00010000,
1583280000002,2020-03-04 00:00:00,0.00010000,
1583308800000,2020-03-04 08:00:00,0.00010000,
1583337600001,2020-03-04 16:00:00,0.00010000,
1583366400000,2020-03-05 00:00:00,0.00010000,
1583395200000,2020-03-05 08:00:00,0.00010000,
1583424000000,2020-03-05 16:00:00,0.00036322,
1583452800003,2020-03-06 00:00:00,0.00019557,
1583481600000,2020-03-06 08:00:00,0.00035838,
1583510400000,2020-03-06 16:00:00,0.00020615,
1583539200000,2020-03-07 00:00:00,0.00017540,
1583568000001,2020-03-07 08:00:00,0.00010000,
1583596800000,2020-03-07 16:00:00,0.00032105,
1583625600001,2020-03-08 00:00:00,0.00010000,
1583654400000,2020-03-08 08:00:00,0.00010000,
1583683200006,2020-03-08 16:00:00,0.00010000,
1583712000000,2020-03-09 00:00:00,-0.00045054,
1583740800000,2020-03-09 08:00:00,0.00005962,
1583769600000,2020-03-09 16:00:00,-0.00011503,
1583798400000,2020-03-10 00:00:00,0.00010000,
1583827200000,2020-03-10 08:00:00,-0.00007939,
1583856000000,2020-03-10 16:00:00,-0.00014144,
1583884800001,2020-03-11 00:00:00,0.00010000,
1583913600000,2020-03-11 08:00:00,-0.00017719,
1583942400000,2020-03-11 16:00:00,-0.00001680,
1583971200001,2020-03-12 00:00:00,0.00010000,
1584000000001,2020-03-12 08:00:00,0.00006435,
1584028800000,2020-03-12 16:00:00,-0.00109144,
1584057600000,2020-03-13 00:00:00,-0.00076060,
1584086400000,2020-03-13 08:00:00,-0.00502500,
1584115200002,2020-03-13 16:00:00,-0.00362441,
1584144000000,2020-03-14 00:00:00,-0.00249187,
1584172800001,2020-03-14 08:00:00,-0.00096091,
1584201600000,2020-03-14 16:00:00,-0.00012532,
1584230400000,2020-03-15 00:00:00,-0.00008111,
1584259200000,2020-03-15 08:00:00,0.00010000,
1584288000001,2020-03-15 16:00:00,0.00010000,
1584316800000,2020-03-16 00:00:00,0.00010000,
1584345600000,2020-03-16 08:00:00,-0.00181331,
1584374400001,2020-03-16 16:00:00,-0.00056979,
1584403200000,2020-03-17 00:00:00,0.00002339,
1584432000000,2020-03-17 08:00:00,0.00010000,
1584460800000,2020-03-17 16:00:00,-0.00080031,
1584489600000,2020-03-18 00:00:00,-0.00072110,
1584518400000,2020-03-18 08:00:00,-0.00111461,
1584547200000,2020-03-18 16:00:00,-0.00023545,
1584576000000,2020-03-19 00:00:00,0.00010000,
1584604800000,2020-03-19 08:00:00,-0.00046592,
1584633600000,2020-03-19 16:00:00,0.00010000,
1584662400000,2020-03-20 00:00:00,0.00010000,
1584691200000,2020-03-20 08:00:00,0.00010000,
1584720000000,2020-03-20 16:00:00,0.00010000,
1584748800000,2020-03-21 00:00:00,0.00010000,
1584777600000,2020-03-21 08:00:00,0.00010000,
1584806400000,2020-03-21 16:00:00,0.00010000,
1584835200000,2020-03-22 00:00:00,0.00006385,
1584864000001,2020-03-22 08:00:00,0.00010000,
1584892800000,2020-03-22 16:00:00,0.00010000,
1584921600000,2020-03-23 00:00:00,0.00010000,
1584950400000,2020-03-23 08:00:00,0.00010000,
1584979200000,2020-03-23 16:00:00,0.00010000,
1585008000000,2020-03-24 00:00:00,0.00006972,
1585036800000,2020-03-24 08:00:00,0.00010000,
1585065600000,2020-03-24 16:00:00,0.00010000,
1585094400000,2020-03-25 00:00:00,0.00010000,
1585123200000,2020-03-25 08:00:00,0.00005127,
1585152000001,2020-03-25 16:00:00,0.00010000,
1585180800006,2020-03-26 00:00:00,-0.00016364,
1585209600002,2020-03-26 08:00:00,0.00006679,
1585238400000,2020-03-26 16:00:00,0.00010000,
1585267200000,2020-03-27 00:00:00,0.00010000,
1585296000000,2020-03-27 08:00:00,0.00010000,
1585324800000,2020-03-27 16:00:00,0.00010000,
1585353600000,2020-03-28 00:00:00,0.00010000,
1585382400000,2020-03-28 08:00:00,0.00010000,
1585411200000,2020-03-28 16:00:00,0.00010000,
1585440000000,2020-03-29 00:00:00,-0.00019200,
1585468800001,2020-03-29 08:00:00,0.00010000,
1585497600000,2020-03-29 16:00:00,0.00010000,
1585526400000,2020-03-30 00:00:00,-0.00059370,
1585555200000,2020-03-30 08:00:00,0.00010000,
1585584000000,2020-03-30 16:00:00,0.00010000,
1585612800000,2020-03-31 00:00:00,0.00010000,
1585641600001,2020-03-31 08:00:00,0.00010000,
1585670400001,2020-03-31 16:00:00,0.00010000,
1585699200002,2020-04-01 00:00:00,0.00010000,
1585728000000,2020-04-01 08:00:00,0.00010000,
1585756800001,2020-04-01 16:00:00,-0.00007277,
1585785600000,2020-04-02 00:00:00,0.00010000,
1585814400000,2020-04-02 08:00:00,0.00010000,
1585843200000,2020-04-02 16:00:00,0.00010000,
1585872000000,2020-04-03 00:00:00,0.00010000,
1585900800000,2020-04-03 08:00:00,0.00010000,
1585929600000,2020-04-03 16:00:00,0.00010000,
1585958400000,2020-04-04 00:00:00,0.00010000,
1585987200000,2020-04-04 08:00:00,0.00010000,
1586016000000,2020-04-04 16:00:00,0.00010000,
1586044800001,2020-04-05 00:00:00,0.00010000,
1586073600000,2020-04-05 08:00:00,0.00010000,
1586102400000,2020-04-05 16:00:00,0.00010000,
1586131200000,2020-04-06 00:00:00,0.00010000,
1586160000000,2020-04-06 08:00:00,0.00010000,
1586188800000,2020-04-06 16:00:00,0.00010000,
1586217600000,2020-04-07 00:00:00,0.00010000,
1586246400000,2020-04-07 08:00:00,0.00010000,
1586275200000,2020-04-07 16:00:00,0.00010000,
1586304000000,2020-04-08 00:00:00,0.00010000,
1586332800000,2020-04-08 08:00:00,0.00010000,
1586361600000,2020-04-08 16:00:00,0.00010000,
1586390400000,2020-04-09 00:00:00,0.00010000,
1586419200001,2020-04-09 08:00:00,0.00010000,
1586448000000,2020-04-09 16:00:00,0.00010000,
1586476800001,2020-04-10 00:00:00,0.00010000,
1586505600000,2020-04-10 08:00:00,0.00010000,
1586534400000,2020-04-10 16:00:00,0.00006088,
1586563200000,2020-04-11 00:00:00,-0.00029767,
1586592000000,2020-04-11 08:00:00,0.00010000,
1586620800000,2020-04-11 16:00:00,0.00010000,
1586649600000,2020-04-12 00:00:00,0.00010000,
1586678400006,2020-04-12 08:00:00,0.00010000,
1586707200001,2020-04-12 16:00:00,0.00010000,
1586736000001,2020-04-13 00:00:00,-0.00008755,
1586764800000,2020-04-13 08:00:00,0.00010000,
1586793600000,2020-04-13 16:00:00,0.00010000,
1586822400000,2020-04-14 00:00:00,0.00010000,
1586851200000,2020-04-14 08:00:00,0.00010000,
1586880000000,2020-04-14 16:00:00,0.00010000,
1586908800000,2020-04-15 00:00:00,0.00005069,
1586937600000,2020-04-15 08:00:00,0.00010000,
1586966400000,2020-04-15 16:00:00,0.00010000,
1586995200000,2020-04-16 00:00:00,0.00010000,
1587024000000,2020-04-16 08:00:00,0.00010000,
1587052800000,2020-04-16 16:00:00,0.00010000,
1587081600000,2020-04-17 00:00:00,0.00010000,
1587110400000,2020-04-17 08:00:00,0.00010000,
1587139200000,2020-04-17 16:00:00,0.00000804,
1587168000000,2020-04-18 00:00:00,0.00010000,
1587196800000,2020-04-18 08:00:00,0.00010000,
1587225600000,2020-04-18 16:00:00,0.00010000,
1587254400000,2020-04-19 00:00:00,0.00010000,
1587283200000,2020-04-19 08:00:00,0.00010000,
1587312000000,2020-04-19 16:00:00,0.00010000,
1587340800000,2020-04-20 00:00:00,0.00010000,
1587369600000,2020-04-20 08:00:00,0.00010000,
1587398400000,2020-04-20 16:00:00,0.00010000,
1587427200000,2020-04-21 00:00:00,0.00010000,
1587456000001,2020-04-21 08:00:00,0.00010000,
1587484800000,2020-04-21 16:00:00,0.00010000,
1587513600001,2020-04-22 00:00:00,0.00010000,
1587542400000,2020-04-22 08:00:00,0.00010000,
1587571200000,2020-04-22 16:00:00,0.00010000,
1587600000000,2020-04-23 00:00:00,0.00010000,
1587628800001,2020-04-23 08:00:00,0.00010000,
1587657600000,2020-04-23 16:00:00,0.00010000,
1587686400000,2020-04-24 00:00:00,0.00010000,
1587715200000,2020-04-24 08:00:00,0.00010000,
1587744000000,2020-04-24 16:00:00,0.00010000,
1587772800003,2020-04-25 00:00:00,0.00010000,
1587801600000,2020-04-25 08:00:00,0.00021392,
1587830400000,2020-04-25 16:00:00,0.00010000,
1587859200000,2020-04-26 00:00:00,0.00016541,
1587888000000,2020-04-26 08:00:00,0.00010000,
1587916800000,2020-04-26 16:00:00,0.00010000,
1587945600000,2020-04-27 00:00:00,0.00010000,
1587974400005,2020-04-27 08:00:00,0.00010000,
1588003200000,2020-04-27 16:00:00,0.00010000,
1588032000000,2020-04-28 00:00:00,0.00010000,
1588060800000,2020-04-28 08:00:00,0.00010000,
1588089600000,2020-04-28 16:00:00,0.00010000,
1588118400000,2020-04-29 00:00:00,0.00017635,
1588147200001,2020-04-29 08:00:00,0.00012540,
1588176000000,2020-04-29 16:00:00,0.00041995,
1588204800000,2020-04-30 00:00:00,0.00055803,
1588233600000,2020-04-30 08:00:00,0.00055985,
1588262400000,2020-04-30 16:00:00,0.00010000,
1588291200000,2020-05-01 00:00:00,0.00038514,
1588320000000,2020-05-01 08:00:00,0.00059566,
1588348800000,2020-05-01 16:00:00,0.00015341,
1588377600000,2020-05-02 00:00:00,0.00047301,
1588406400000,2020-05-02 08:00:00,0.00068422,
1588435200000,2020-05-02 16:00:00,0.00015373,
1588464000000,2020-05-03 00:00:00,0.00032908,
1588492800000,2020-05-03 08:00:00,0.00010000,
1588521600000,2020-05-03 16:00:00,0.00012367,
1588550400000,2020-05-04 00:00:00,0.00010000,
1588579200005,2020-05-04 08:00:00,0.00013219,
1588608000000,2020-05-04 16:00:00,0.00010000,
1588636800000,2020-05-05 00:00:00,0.00010000,
1588665600000,2020-05-05 08:00:00,0.00010000,
1588694400000,2020-05-05 16:00:00,0.00010000,
1588723200001,2020-05-06 00:00:00,0.00010000,
1588752000000,2020-05-06 08:00:00,0.00015312,
1588780800000,2020-05-06 16:00:00,0.00011269,
1588809600000,2020-05-07 00:00:00,0.00013494,
1588838400011,2020-05-07 08:00:00,0.00015920,
1588867200000,2020-05-07 16:00:00,0.00031713,
1588896000000,2020-05-08 00:00:00,0.00010000,
1588924800001,2020-05-08 08:00:00,0.00017268,
1588953600000,2020-05-08 16:00:00,0.00020727,
1588982400000,2020-05-09 00:00:00,0.00029768,
1589011200000,2020-05-09 08:00:00,0.00036773,
1589040000000,2020-05-09 16:00:00,0.00055196,
1589068800000,2020-05-10 00:00:00,0.00031605,
1589097600000,2020-05-10 08:00:00,0.00010000,
1589126400000,2020-05-10 16:00:00,0.00010000,
1589155200000,2020-05-11 00:00:00,0.00010000,
1589184000000,2020-05-11 08:00:00,0.00010000,
1589212800000,2020-05-11 16:00:00,0.00010000,
1589241600000,2020-05-12 00:00:00,0.00010000,
1589270400001,2020-05-12 08:00:00,0.00010000,
1589299200000,2020-05-12 16:00:00,0.00010000,
1589328000000,2020-05-13 00:00:00,0.00010000,
1589356800000,2020-05-13 08:00:00,0.00010000,
1589385600000,2020-05-13 16:00:00,0.00010000,
1589414400000,2020-05-14 00:00:00,0.00010000,
1589443200000,2020-05-14 08:00:00,0.00010000,
1589472000000,2020-05-14 16:00:00,0.00010000,
1589500800000,2020-05-15 00:00:00,0.00010000,
1589529600000,2020-05-15 08:00:00,0.00010000,
1589558400001,2020-05-15 16:00:00,0.00010000,
1589587200008,2020-05-16 00:00:00,0.00010000,
1589616000000,2020-05-16 08:00:00,0.00010000,
1589644800000,2020-05-16 16:00:00,0.00010000,
1589673600002,2020-05-17 00:00:00,0.00010000,
1589702400000,2020-05-17 08:00:00,0.00010000,
1589731200000,2020-05-17 16:00:00,0.00010000,
1589760000000,2020-05-18 00:00:00,0.00010000,
1589788800000,2020-05-18 08:00:00,0.00010000,
1589817600001,2020-05-18 16:00:00,0.00010000,
1589846400005,2020-05-19 00:00:00,0.00010000,
1589875200000,2020-05-19 08:00:00,0.00010000,
1589904000000,2020-05-19 16:00:00,0.00010000,
1589932800000,2020-05-20 00:00:00,0.00010000,
1589961600000,2020-05-20 08:00:00,0.00010000,
1589990400006,2020-05-20 16:00:00,0.00010000,
1590019200000,2020-05-21 00:00:00,0.00010000,
1590048000000,2020-05-21 08:00:00,0.00010000,
1590076800000,2020-05-21 16:00:00,0.00010000,
1590105600006,2020-05-22 00:00:00,0.00010000,
1590134400000,2020-05-22 08:00:00,0.00010000,
1590163200000,2020-05-22 16:00:00,0.00010000,
1590192000003,2020-05-23 00:00:00,0.00010000,
1590220800000,2020-05-23 08:00:00,0.00010000,
1590249600000,2020-05-23 16:00:00,0.00010000,
1590278400006,2020-05-24 00:00:00,-0.00001609,
1590307200000,2020-05-24 08:00:00,0.00002432,
1590336000000,2020-05-24 16:00:00,0.00010000,
1590364800000,2020-05-25 00:00:00,0.00010000,
1590393600000,2020-05-25 08:00:00,0.00010000,
1590422400000,2020-05-25 16:00:00,0.00010000,
1590451200000,2020-05-26 00:00:00,0.00010000,
1590480000006,2020-05-26 08:00:00,0.00010000,
1590508800000,2020-05-26 16:00:00,0.00010000,
1590537600000,2020-05-27 00:00:00,0.00009384,
1590566400000,2020-05-27 08:00:00,0.00010000,
1590595200000,2020-05-27 16:00:00,0.00010000,
1590624000000,2020-05-28 00:00:00,0.00010000,
1590652800000,2020-05-28 08:00:00,0.00010000,
1590681600000,2020-05-28 16:00:00,0.00010000,
1590710400000,2020-05-29 00:00:00,0.00010000,
1590739200000,2020-05-29 08:00:00,0.00010000,
1590768000000,2020-05-29 16:00:00,0.00010000,
1590796800000,2020-05-30 00:00:00,0.00010000,
1590825600001,2020-05-30 08:00:00,0.00010000,
1590854400000,2020-05-30 16:00:00,0.00010000,
1590883200000,2020-05-31 00:00:00,0.00010000,
1590912000001,2020-05-31 08:00:00,0.00010000,
1590940800000,2020-05-31 16:00:00,0.00010000,
1590969600000,2020-06-01 00:00:00,0.00010000,
1590998400001,2020-06-01 08:00:00,0.00010000,
1591027200000,2020-06-01 16:00:00,0.00010000,
1591056000000,2020-06-02 00:00:00,0.00010000,
1591084800002,2020-06-02 08:00:00,0.00010000,
1591113600000,2020-06-02 16:00:00,0.00010000,
1591142400000,2020-06-03 00:00:00,0.00010000,
1591171200000,2020-06-03 08:00:00,0.00010000,
1591200000002,2020-06-03 16:00:00,0.00010000,
1591228800001,2020-06-04 00:00:00,0.00010000,
1591257600004,2020-06-04 08:00:00,0.00010000,
1591286400001,2020-06-04 16:00:00,0.00010000,
1591315200001,2020-06-05 00:00:00,0.00010000,
1591344000000,2020-06-05 08:00:00,0.00010000,
1591372800001,2020-06-05 16:00:00,0.00010000,
1591401600000,2020-06-06 00:00:00,0.00010000,
1591430400000,2020-06-06 08:00:00,0.00010000,
1591459200000,2020-06-06 16:00:00,0.00010000,
1591488000000,2020-06-07 00:00:00,0.00010000,
1591516800000,2020-06-07 08:00:00,0.00010000,
1591545600006,2020-06-07 16:00:00,0.00010000,
1591574400008,2020-06-08 00:00:00,0.00010000,
1591603200007,2020-06-08 08:00:00,0.00010000,
1591632000000,2020-06-08 16:00:00,0.00010000,
1591660800000,2020-06-09 00:00:00,0.00010000,
1591689600000,2020-06-09 08:00:00,0.00010000,
1591718400000,2020-06-09 16:00:00,0.00010000,
1591747200000,2020-06-10 00:00:00,0.00010000,
1591776000000,2020-06-10 08:00:00,0.00010000,
1591804800000,2020-06-10 16:00:00,0.00010000,
1591833600008,2020-06-11 00:00:00,0.00010000,
1591862400001,2020-06-11 08:00:00,0.00010000,
1591891200000,2020-06-11 16:00:00,0.00010000,
1591920000003,2020-06-12 00:00:00,0.00010000,
1591948800000,2020-06-12 08:00:00,0.00010000,
1591977600002,2020-06-12 16:00:00,0.00010000,
1592006400000,2020-06-13 00:00:00,0.00010000,
1592035200001,2020-06-13 08:00:00,0.00010000,
1592064000000,2020-06-13 16:00:00,0.00010000,
1592092800007,2020-06-14 00:00:00,0.00010000,
1592121600000,2020-06-14 08:00:00,0.00010000,
1592150400001,2020-06-14 16:00:00,0.00010000,
1592179200000,2020-06-15 00:00:00,0.00010000,
1592208000001,2020-06-15 08:00:00,0.00010000,
1592236800000,2020-06-15 16:00:00,0.00010000,
1592265600002,2020-06-16 00:00:00,0.00010000,
1592294400000,2020-06-16 08:00:00,0.00010000,
1592323200006,2020-06-16 16:00:00,0.00010000,
1592352000000,2020-06-17 00:00:00,0.00010000,
1592380800007,2020-06-17 08:00:00,0.00010000,
1592409600000,2020-06-17 16:00:00,0.00010000,
1592438400003,2020-06-18 00:00:00,0.00010000,
1592467200001,2020-06-18 08:00:00,0.00010000,
1592496000002,2020-06-18 16:00:00,0.00010000,
1592524800001,2020-06-19 00:00:00,0.00010000,
1592553600003,2020-06-19 08:00:00,0.00010000,
1592582400000,2020-06-19 16:00:00,0.00010000,
1592611200000,2020-06-20 00:00:00,0.00010000,
1592640000009,2020-06-20 08:00:00,0.00010000,
1592668800006,2020-06-20 16:00:00,0.00010000,
1592697600000,2020-06-21 00:00:00,0.00010000,
1592726400000,2020-06-21 08:00:00,0.00010000,
1592755200000,2020-06-21 16:00:00,0.00010000,
1592784000000,2020-06-22 00:00:00,0.00010000,
1592812800000,2020-06-22 08:00:00,0.00010000,
1592841600001,2020-06-22 16:00:00,0.00010000,
1592870400000,2020-06-23 00:00:00,0.00010000,
1592899200002,2020-06-23 08:00:00,0.00010000,
1592928000000,2020-06-23 16:00:00,0.00010000,
1592956800001,2020-06-24 00:00:00,0.00010000,
1592985600000,2020-06-24 08:00:00,0.00010000,
1593014400000,2020-06-24 16:00:00,0.00010000,
1593043200000,2020-06-25 00:00:00,0.00010000,
1593072000000,2020-06-25 08:00:00,0.00010000,
1593100800000,2020-06-25 16:00:00,0.00010000,
1593129600000,2020-06-26 00:00:00,0.00010000,
1593158400000,2020-06-26 08:00:00,0.00010000,
1593187200000,2020-06-26 16:00:00,0.00010000,
1593216000003,2020-06-27 00:00:00,0.00010000,
1593244800004,2020-06-27 08:00:00,0.00010000,
1593273600000,2020-06-27 16:00:00,0.00010000,
1593302400003,2020-06-28 00:00:00,0.00010000,
1593331200001,2020-06-28 08:00:00,0.00010000,
1593360000000,2020-06-28 16:00:00,0.00010000,
1593388800000,2020-06-29 00:00:00,0.00010000,
1593417600005,2020-06-29 08:00:00,0.00010000,
1593446400000,2020-06-29 16:00:00,0.00010000,
1593475200000,2020-06-30 00:00:00,0.00010000,
1593504000001,2020-06-30 08:00:00,0.00010000,
1593532800002,2020-06-30 16:00:00,0.00010000,
1593561600002,2020-07-01 00:00:00,0.00010000,
1593590400000,2020-07-01 08:00:00,0.00010000,
1593619200000,2020-07-01 16:00:00,0.00010000,
1593648000001,2020-07-02 00:00:00,0.00010000,
1593676800001,2020-07-02 08:00:00,0.00010000,
1593705600000,2020-07-02 16:00:00,0.00010000,
1593734400000,2020-07-03 00:00:00,0.00010000,
1593763200001,2020-07-03 08:00:00,0.00009625,
1593792000000,2020-07-03 16:00:00,0.00010000,
1593820800002,2020-07-04 00:00:00,0.00010000,
1593849600002,2020-07-04 08:00:00,0.00010000,
1593878400001,2020-07-04 16:00:00,0.00010000,
1593907200000,2020-07-05 00:00:00,0.00010000,
1593936000000,2020-07-05 08:00:00,0.00010000,
1593964800000,2020-07-05 16:00:00,0.00010000,
1593993600000,2020-07-06 00:00:00,0.00010000,
1594022400001,2020-07-06 08:00:00,0.00010000,
1594051200000,2020-07-06 16:00:00,0.00010000,
1594080000000,2020-07-07 00:00:00,0.00010000,
1594108800006,2020-07-07 08:00:00,0.00010000,
1594137600000,2020-07-07 16:00:00,0.00010000,
1594166400000,2020-07-08 00:00:00,0.00010000,
1594195200000,2020-07-08 08:00:00,0.00010000,
1594224000000,2020-07-08 16:00:00,0.00010000,
1594252800001,2020-07-09 00:00:00,0.00010000,
1594281600002,2020-07-09 08:00:00,0.00010000,
1594310400000,2020-07-09 16:00:00,0.00010000,
1594339200000,2020-07-10 00:00:00,0.00022922,
1594368000001,2020-07-10 08:00:00,0.00010000,
1594396800000,2020-07-10 16:00:00,0.00010000,
1594425600000,2020-07-11 00:00:00,0.00010000,
1594454400000,2020-07-11 08:00:00,0.00010000,
1594483200000,2020-07-11 16:00:00,0.00010000,
1594512000000,2020-07-12 00:00:00,0.00020353,
1594540800000,2020-07-12 08:00:00,0.00010000,
1594569600000,2020-07-12 16:00:00,0.00010000,
1594598400000,2020-07-13 00:00:00,0.00027967,
1594627200001,2020-07-13 08:00:00,0.00010000,
1594656000000,2020-07-13 16:00:00,0.00010000,
1594684800001,2020-07-14 00:00:00,0.00010000,
1594713600000,2020-07-14 08:00:00,0.00010000,
1594742400000,2020-07-14 16:00:00,0.00010000,
1594771200000,2020-07-15 00:00:00,0.00010000,
1594800000000,2020-07-15 08:00:00,0.00010000,
1594828800000,2020-07-15 16:00:00,0.00010000,
1594857600000,2020-07-16 00:00:00,0.00010000,
1594886400002,2020-07-16 08:00:00,0.00010000,
1594915200001,2020-07-16 16:00:00,0.00010000,
1594944000001,2020-07-17 00:00:00,0.00010000,
1594972800000,2020-07-17 08:00:00,0.00010000,
1595001600000,2020-07-17 16:00:00,0.00021471,
1595030400003,2020-07-18 00:00:00,0.00010000,
1595059200001,2020-07-18 08:00:00,0.00010000,
1595088000000,2020-07-18 16:00:00,0.00024004,
1595116800000,2020-07-19 00:00:00,0.00010000,
1595145600000,2020-07-19 08:00:00,0.00010000,
1595174400000,2020-07-19 16:00:00,0.00010000,
1595203200000,2020-07-20 00:00:00,0.00023725,
1595232000000,2020-07-20 08:00:00,0.00064497,
1595260800001,2020-07-20 16:00:00,0.00041790,
1595289600000,2020-07-21 00:00:00,0.00010000,
1595318400001,2020-07-21 08:00:00,0.00010000,
1595347200004,2020-07-21 16:00:00,0.00010000,
1595376000000,2020-07-22 00:00:00,0.00035304,
1595404800000,2020-07-22 08:00:00,0.00010000,
1595433600000,2020-07-22 16:00:00,0.00018189,
1595462400001,2020-07-23 00:00:00,0.00054084,
1595491200000,2020-07-23 08:00:00,0.00053841,
1595520000001,2020-07-23 16:00:00,0.00057319,
1595548800000,2020-07-24 00:00:00,0.00026295,
1595577600000,2020-07-24 08:00:00,0.00014589,
1595606400000,2020-07-24 16:00:00,0.00010000,
1595635200000,2020-07-25 00:00:00,0.00010000,
1595664000001,2020-07-25 08:00:00,0.00010000,
1595692800000,2020-07-25 16:00:00,0.00014254,
1595721600000,2020-07-26 00:00:00,0.00027090,
1595750400000,2020-07-26 08:00:00,0.00070491,
1595779200000,2020-07-26 16:00:00,0.00054858,
1595808000000,2020-07-27 00:00:00,0.00064010,
1595836800000,2020-07-27 08:00:00,0.00049609,
1595865600000,2020-07-27 16:00:00,0.00041594,
1595894400000,2020-07-28 00:00:00,0.00023937,
1595923200001,2020-07-28 08:00:00,0.00069807,
1595952000000,2020-07-28 16:00:00,0.00066145,
1595980800000,2020-07-29 00:00:00,0.00094223,
1596009600000,2020-07-29 08:00:00,0.00075180,
1596038400000,2020-07-29 16:00:00,0.00073003,
1596067200000,2020-07-30 00:00:00,0.00041384,
1596096000001,2020-07-30 08:00:00,0.00034108,
1596124800000,2020-07-30 16:00:00,0.00040677,
1596153600000,2020-07-31 00:00:00,0.00063262,
1596182400001,2020-07-31 08:00:00,0.00039952,
1596211200000,2020-07-31 16:00:00,0.00037905,
1596240000005,2020-08-01 00:00:00,0.00044905,
1596268800000,2020-08-01 08:00:00,0.00083631,
1596297600001,2020-08-01 16:00:00,0.00057649,
1596326400000,2020-08-02 00:00:00,0.00274187,
1596355200001,2020-08-02 08:00:00,0.00034772,
1596384000001,2020-08-02 16:00:00,0.00035201,
1596412800000,2020-08-03 00:00:00,0.00036632,
1596441600001,2020-08-03 08:00:00,0.00049249,
1596470400000,2020-08-03 16:00:00,0.00069873,
1596499200003,2020-08-04 00:00:00,0.00038090,
1596528000000,2020-08-04 08:00:00,0.00035839,
1596556800000,2020-08-04 16:00:00,0.00057132,
1596585600000,2020-08-05 00:00:00,0.00080857,
1596614400000,2020-08-05 08:00:00,0.00082277,
1596643200000,2020-08-05 16:00:00,0.00081526,
1596672000000,2020-08-06 00:00:00,0.00108355,
1596700800007,2020-08-06 08:00:00,0.00091020,
1596729600000,2020-08-06 16:00:00,0.00100065,
1596758400001,2020-08-07 00:00:00,0.00088505,
1596787200000,2020-08-07 08:00:00,0.00108161,
1596816000000,2020-08-07 16:00:00,0.00079892,
1596844800000,2020-08-08 00:00:00,0.00062185,
1596873600000,2020-08-08 08:00:00,0.00077085,
1596902400000,2020-08-08 16:00:00,0.00075849,
1596931200000,2020-08-09 00:00:00,0.00106991,
1596960000000,2020-08-09 08:00:00,0.00094981,
1596988800000,2020-08-09 16:00:00,0.00024603,
1597017600001,2020-08-10 00:00:00,0.00010000,
1597046400000,2020-08-10 08:00:00,0.00064146,
1597075200001,2020-08-10 16:00:00,0.00034501,
1597104000001,2020-08-11 00:00:00,0.00042153,
1597132800000,2020-08-11 08:00:00,0.00013199,
1597161600001,2020-08-11 16:00:00,0.00010000,
1597190400000,2020-08-12 00:00:00,0.00010000,
1597219200000,2020-08-12 08:00:00,0.00010000,
1597248000000,2020-08-12 16:00:00,0.00010000,
1597276800002,2020-08-13 00:00:00,0.00010000,
1597305600000,2020-08-13 08:00:00,0.00016802,
1597334400000,2020-08-13 16:00:00,0.00010000,
1597363200000,2020-08-14 00:00:00,0.00051520,
1597392000000,2020-08-14 08:00:00,0.00052022,
1597420800000,2020-08-14 16:00:00,0.00051675,
1597449600000,2020-08-15 00:00:00,0.00048687,
1597478400001,2020-08-15 08:00:00,0.00120795,
1597507200001,2020-08-15 16:00:00,0.00124117,
1597536000000,2020-08-16 00:00:00,0.00128824,
1597564800000,2020-08-16 08:00:00,0.00092112,
1597593600000,2020-08-16 16:00:00,0.00026593,
1597622400000,2020-08-17 00:00:00,0.00098765,
1597651200000,2020-08-17 08:00:00,0.00047904,
1597680000000,2020-08-17 16:00:00,0.00078004,
1597708800001,2020-08-18 00:00:00,0.00181287,
1597737600008,2020-08-18 08:00:00,0.00090676,
1597766400000,2020-08-18 16:00:00,0.00093066,
1597795200000,2020-08-19 00:00:00,0.00047654,
1597824000000,2020-08-19 08:00:00,0.00027271,
1597852800000,2020-08-19 16:00:00,0.00036879,
1597881600001,2020-08-20 00:00:00,0.00010000,
1597910400000,2020-08-20 08:00:00,0.00010000,
1597939200000,2020-08-20 16:00:00,0.00020423,
1597968000000,2020-08-21 00:00:00,0.00036214,
1597996800000,2020-08-21 08:00:00,0.00023064,
1598025600017,2020-08-21 16:00:00,0.00019467,
1598054400000,2020-08-22 00:00:00,0.00029528,
1598083200000,2020-08-22 08:00:00,0.00059312,
1598112000000,2020-08-22 16:00:00,0.00082998,
1598140800000,2020-08-23 00:00:00,0.00027120,
1598169600000,2020-08-23 08:00:00,0.00023986,
1598198400000,2020-08-23 16:00:00,0.00097761,
1598227200006,2020-08-24 00:00:00,0.00032234,
1598256000001,2020-08-24 08:00:00,0.00077815,
1598284800000,2020-08-24 16:00:00,0.00045559,
1598313600000,2020-08-25 00:00:00,0.00031968,
1598342400000,2020-08-25 08:00:00,0.00020494,
1598371200000,2020-08-25 16:00:00,0.00041951,
1598400000000,2020-08-26 00:00:00,0.00010000,
1598428800008,2020-08-26 08:00:00,0.00010000,
1598457600002,2020-08-26 16:00:00,0.00010000,
1598486400000,2020-08-27 00:00:00,0.00010000,
1598515200010,2020-08-27 08:00:00,0.00037662,
1598544000000,2020-08-27 16:00:00,0.00077157,
1598572800000,2020-08-28 00:00:00,0.00010000,
1598601600001,2020-08-28 08:00:00,0.00043757,
1598630400000,2020-08-28 16:00:00,0.00010000,
1598659200002,2020-08-29 00:00:00,0.00271385,
1598688000006,2020-08-29 08:00:00,0.00147092,
1598716800003,2020-08-29 16:00:00,0.00142941,
1598745600000,2020-08-30 00:00:00,0.00208532,
1598774400000,2020-08-30 08:00:00,0.00193457,
1598803200000,2020-08-30 16:00:00,0.00271351,
1598832000000,2020-08-31 00:00:00,0.00263331,
1598860800001,2020-08-31 08:00:00,0.00199443,
1598889600001,2020-08-31 16:00:00,0.00134416,
1598918400000,2020-09-01 00:00:00,0.00180021,
1598947200000,2020-09-01 08:00:00,0.00320813,
1598976000000,2020-09-01 16:00:00,0.00260340,
1599004800000,2020-09-02 00:00:00,0.00183527,
1599033600006,2020-09-02 08:00:00,0.00295500,
1599062400000,2020-09-02 16:00:00,0.00025417,
1599091200001,2020-09-03 00:00:00,0.00095419,
1599120000004,2020-09-03 08:00:00,0.00042018,
1599148800000,2020-09-03 16:00:00,0.00090840,
1599177600005,2020-09-04 00:00:00,0.00138498,
1599206400000,2020-09-04 08:00:00,0.00010000,
1599235200006,2020-09-04 16:00:00,0.00010000,
1599264000000,2020-09-05 00:00:00,0.00010000,
1599292800004,2020-09-05 08:00:00,0.00026658,
1599321600001,2020-09-05 16:00:00,0.00014362,
1599350400004,2020-09-06 00:00:00,0.00010000,
1599379200000,2020-09-06 08:00:00,0.00114946,
1599408000000,2020-09-06 16:00:00,0.00076520,
1599436800002,2020-09-07 00:00:00,0.00071712,
1599465600004,2020-09-07 08:00:00,0.00074361,
1599494400001,2020-09-07 16:00:00,0.00050151,
1599523200007,2020-09-08 00:00:00,0.00046418,
1599552000006,2020-09-08 08:00:00,0.00023860,
1599580800014,2020-09-08 16:00:00,0.00076964,
1599609600000,2020-09-09 00:00:00,0.00048923,
1599638400000,2020-09-09 08:00:00,0.00010000,
1599667200000,2020-09-09 16:00:00,0.00030244,
1599696000000,2020-09-10 00:00:00,0.00056706,
1599724800005,2020-09-10 08:00:00,0.00010000,
1599753600000,2020-09-10 16:00:00,0.00081146,
1599782400000,2020-09-11 00:00:00,0.00045115,
1599811200008,2020-09-11 08:00:00,0.00011031,
1599840000000,2020-09-11 16:00:00,0.00010000,
1599868800008,2020-09-12 00:00:00,0.00010000,
1599897600000,2020-09-12 08:00:00,0.00080460,
1599926400008,2020-09-12 16:00:00,0.00127327,
1599955200000,2020-09-13 00:00:00,0.00097406,
1599984000000,2020-09-13 08:00:00,0.00062084,
1600012800004,2020-09-13 16:00:00,0.00010000,
1600041600003,2020-09-14 00:00:00,0.00007560,
1600070400008,2020-09-14 08:00:00,0.00010000,
1600099200000,2020-09-14 16:00:00,0.00100135,
1600128000000,2020-09-15 00:00:00,0.00010000,
1600156800010,2020-09-15 08:00:00,0.00062702,
1600185600003,2020-09-15 16:00:00,0.00010000,
1600214400014,2020-09-16 00:00:00,0.00010000,
1600243200000,2020-09-16 08:00:00,-0.00010527,
1600272000001,2020-09-16 16:00:00,-0.00016118,
1600300800006,2020-09-17 00:00:00,0.00010000,
1600329600012,2020-09-17 08:00:00,-0.00032646,
1600358400000,2020-09-17 16:00:00,-0.00006526,
1600387200001,2020-09-18 00:00:00,0.00010000,
1600416000002,2020-09-18 08:00:00,0.00010000,
1600444800002,2020-09-18 16:00:00,0.00010000,
1600473600000,2020-09-19 00:00:00,0.00010000,
1600502400005,2020-09-19 08:00:00,0.00005209,
1600531200008,2020-09-19 16:00:00,0.00010000,
1600560000002,2020-09-20 00:00:00,0.00066735,
1600588800005,2020-09-20 08:00:00,0.00010000,
1600617600005,2020-09-20 16:00:00,0.00010000,
1600646400000,2020-09-21 00:00:00,0.00010000,
1600675200001,2020-09-21 08:00:00,0.00010000,
1600704000000,2020-09-21 16:00:00,0.00003831,
1600732800001,2020-09-22 00:00:00,-0.00061157,
1600761600000,2020-09-22 08:00:00,0.00008211,
1600790400004,2020-09-22 16:00:00,0.00010000,
1600819200007,2020-09-23 00:00:00,-0.00021187,
1600848000001,2020-09-23 08:00:00,0.00010000,
1600876800001,2020-09-23 16:00:00,0.00033144,
1600905600000,2020-09-24 00:00:00,0.00010000,
1600934400000,2020-09-24 08:00:00,0.00015482,
1600963200000,2020-09-24 16:00:00,0.00010000,
1600992000009,2020-09-25 00:00:00,-0.00001061,
1601020800045,2020-09-25 08:00:00,0.00041060,
1601049600000,2020-09-25 16:00:00,0.00072492,
1601078400000,2020-09-26 00:00:00,0.00010000,
1601107200000,2020-09-26 08:00:00,0.00035287,
1601136000005,2020-09-26 16:00:00,0.00152812,
1601164800000,2020-09-27 00:00:00,0.00182998,
1601193600000,2020-09-27 08:00:00,0.00052300,
1601222400019,2020-09-27 16:00:00,0.00010000,
1601251200001,2020-09-28 00:00:00,0.00010000,
1601280000000,2020-09-28 08:00:00,0.00010000,
1601308800002,2020-09-28 16:00:00,0.00044767,
1601337600000,2020-09-29 00:00:00,0.00053387,
1601366400000,2020-09-29 08:00:00,0.00062633,
1601395200000,2020-09-29 16:00:00,0.00025003,
1601424000005,2020-09-30 00:00:00,0.00098350,
1601452800000,2020-09-30 08:00:00,0.00010000,
1601481600000,2020-09-30 16:00:00,0.00058576,
1601510400000,2020-10-01 00:00:00,0.00029845,
1601539200000,2020-10-01 08:00:00,0.00010000,
1601568000000,2020-10-01 16:00:00,0.00010000,
1601596800011,2020-10-02 00:00:00,0.00036280,
1601625600000,2020-10-02 08:00:00,0.00010000,
1601654400005,2020-10-02 16:00:00,0.00010000,
1601683200000,2020-10-03 00:00:00,0.00065343,
1601712000001,2020-10-03 08:00:00,0.00010000,
1601740800000,2020-10-03 16:00:00,0.00010000,
1601769600000,2020-10-04 00:00:00,0.00010000,
1601798400003,2020-10-04 08:00:00,0.00010000,
1601827200001,2020-10-04 16:00:00,-0.00012463,
1601856000000,2020-10-05 00:00:00,-0.00005529,
1601884800000,2020-10-05 08:00:00,-0.00033271,
1601913600012,2020-10-05 16:00:00,-0.00000179,
1601942400000,2020-10-06 00:00:00,0.00010000,
1601971200005,2020-10-06 08:00:00,-0.00045242,
1602000000000,2020-10-06 16:00:00,0.00053055,
1602028800000,2020-10-07 00:00:00,0.00038308,
1602057600000,2020-10-07 08:00:00,0.00039634,
1602086400000,2020-10-07 16:00:00,0.00021898,
1602115200000,2020-10-08 00:00:00,0.00051918,
1602144000009,2020-10-08 08:00:00,0.00010000,
1602172800003,2020-10-08 16:00:00,0.00010000,
1602201600001,2020-10-09 00:00:00,0.00010000,
1602230400000,2020-10-09 08:00:00,0.00010000,
1602259200004,2020-10-09 16:00:00,0.00010000,
1602288000005,2020-10-10 00:00:00,-0.00005694,
1602316800000,2020-10-10 08:00:00,-0.00014297,
1602345600011,2020-10-10 16:00:00,-0.00045944,
1602374400002,2020-10-11 00:00:00,-0.00054500,
1602403200003,2020-10-11 08:00:00,0.00010000,
1602432000004,2020-10-11 16:00:00,-0.00034332,
1602460800001,2020-10-12 00:00:00,0.00005127,
1602489600000,2020-10-12 08:00:00,-0.00022162,
1602518400011,2020-10-12 16:00:00,0.00005198,
1602547200003,2020-10-13 00:00:00,0.00005038,
1602576000000,2020-10-13 08:00:00,-0.00003378,
1602604800001,2020-10-13 16:00:00,-0.00007655,
1602633600001,2020-10-14 00:00:00,-0.00017403,
1602662400000,2020-10-14 08:00:00,-0.00072903,
1602691200001,2020-10-14 16:00:00,0.00010000,
1602720000000,2020-10-15 00:00:00,0.00008110,
1602748800000,2020-10-15 08:00:00,0.00010000,
1602777600000,2020-10-15 16:00:00,0.00000103,
1602806400002,2020-10-16 00:00:00,-0.00153497,
1602835200003,2020-10-16 08:00:00,-0.00051020,
1602864000000,2020-10-16 16:00:00,-0.00125286,
1602892800006,2020-10-17 00:00:00,-0.00034191,
1602921600007,2020-10-17 08:00:00,-0.00142524,
1602950400009,2020-10-17 16:00:00,-0.00161351,
1602979200006,2020-10-18 00:00:00,-0.00003771,
1603008000000,2020-10-18 08:00:00,0.00010000,
1603036800000,2020-10-18 16:00:00,0.00010000,
1603065600000,2020-10-19 00:00:00,-0.00033053,
1603094400000,2020-10-19 08:00:00,-0.00069734,
1603123200000,2020-10-19 16:00:00,0.00010000,
1603152000015,2020-10-20 00:00:00,-0.00147022,
1603180800000,2020-10-20 08:00:00,-0.00109299,
1603209600008,2020-10-20 16:00:00,-0.00173324,
1603238400009,2020-10-21 00:00:00,0.00010000,
1603267200004,2020-10-21 08:00:00,-0.00011077,
1603296000000,2020-10-21 16:00:00,-0.00019664,
1603324800000,2020-10-22 00:00:00,0.00010000,
1603353600000,2020-10-22 08:00:00,0.00047425,
1603382400004,2020-10-22 16:00:00,0.00010000,
1603411200007,2020-10-23 00:00:00,0.00010817,
1603440000000,2020-10-23 08:00:00,0.00023011,
1603468800000,2020-10-23 16:00:00,-0.00025553,
1603497600000,2020-10-24 00:00:00,-0.00078459,
1603526400000,2020-10-24 08:00:00,-0.00024852,
1603555200008,2020-10-24 16:00:00,-0.00073399,
1603584000005,2020-10-25 00:00:00,0.00000422,
1603612800014,2020-10-25 08:00:00,0.00001941,
1603641600000,2020-10-25 16:00:00,-0.00017659,
1603670400004,2020-10-26 00:00:00,-0.00004996,
1603699200000,2020-10-26 08:00:00,0.00010000,
1603728000000,2020-10-26 16:00:00,0.00010000,
1603756800000,2020-10-27 00:00:00,-0.00113226,
1603785600000,2020-10-27 08:00:00,0.00010000,
1603814400000,2020-10-27 16:00:00,-0.00020405,
1603843200000,2020-10-28 00:00:00,0.00026175,
1603872000006,2020-10-28 08:00:00,0.00010000,
1603900800001,2020-10-28 16:00:00,-0.00036453,
1603929600000,2020-10-29 00:00:00,-0.00002421,
1603958400000,2020-10-29 08:00:00,0.00010000,
1603987200000,2020-10-29 16:00:00,-0.00092390,
1604016000000,2020-10-30 00:00:00,0.00010000,
1604044800002,2020-10-30 08:00:00,0.00010000,
1604073600002,2020-10-30 16:00:00,0.00010000,
1604102400003,2020-10-31 00:00:00,0.00010000,
1604131200000,2020-10-31 08:00:00,0.00010000,
1604160000000,2020-10-31 16:00:00,0.00010000,
1604188800000,2020-11-01 00:00:00,0.00010000,
1604217600000,2020-11-01 08:00:00,0.00010000,
1604246400000,2020-11-01 16:00:00,0.00010000,
1604275200000,2020-11-02 00:00:00,0.00010000,
1604304000010,2020-11-02 08:00:00,0.00010000,
1604332800000,2020-11-02 16:00:00,0.00010000,
1604361600000,2020-11-03 00:00:00,0.00010000,
1604390400004,2020-11-03 08:00:00,-0.00046893,
1604419200009,2020-11-03 16:00:00,0.00010000,
1604448000000,2020-11-04 00:00:00,0.00010000,
1604476800000,2020-11-04 08:00:00,0.00010000,
1604505600005,2020-11-04 16:00:00,0.00009781,
1604534400017,2020-11-05 00:00:00,0.00010000,
1604563200001,2020-11-05 08:00:00,0.00022558,
1604592000000,2020-11-05 16:00:00,0.00010000,
1604620800000,2020-11-06 00:00:00,0.00010654,
1604649600001,2020-11-06 08:00:00,0.00042450,
1604678400001,2020-11-06 16:00:00,0.00078102,
1604707200001,2020-11-07 00:00:00,0.00134961,
1604736000000,2020-11-07 08:00:00,0.00119057,
1604764800006,2020-11-07 16:00:00,0.00134630,
1604793600000,2020-11-08 00:00:00,0.00140124,
1604822400000,2020-11-08 08:00:00,0.00057986,
1604851200000,2020-11-08 16:00:00,0.00104670,
1604880000007,2020-11-09 00:00:00,0.00091645,
1604908800001,2020-11-09 08:00:00,0.00023303,
1604937600002,2020-11-09 16:00:00,0.00010000,
1604966400003,2020-11-10 00:00:00,0.00010000,
1604995200011,2020-11-10 08:00:00,0.00043560,
1605024000000,2020-11-10 16:00:00,0.00010000,
1605052800000,2020-11-11 00:00:00,0.00015261,
1605081600009,2020-11-11 08:00:00,0.00011778,
1605110400003,2020-11-11 16:00:00,0.00010000,
1605139200001,2020-11-12 00:00:00,0.00010000,
1605168000001,2020-11-12 08:00:00,0.00020410,
1605196800000,2020-11-12 16:00:00,0.00026427,
1605225600000,2020-11-13 00:00:00,0.00039666,
1605254400000,2020-11-13 08:00:00,0.00010000,
1605283200000,2020-11-13 16:00:00,0.00087104,
1605312000005,2020-11-14 00:00:00,0.00081102,
1605340800004,2020-11-14 08:00:00,0.00018734,
1605369600001,2020-11-14 16:00:00,0.00010000,
1605398400001,2020-11-15 00:00:00,0.00010000,
1605427200000,2020-11-15 08:00:00,0.00011817,
1605456000003,2020-11-15 16:00:00,0.00015588,
1605484800000,2020-11-16 00:00:00,0.00013440,
1605513600010,2020-11-16 08:00:00,0.00033063,
1605542400001,2020-11-16 16:00:00,0.00115576,
1605571200002,2020-11-17 00:00:00,0.00125126,
1605600000003,2020-11-17 08:00:00,0.00139101,
1605628800003,2020-11-17 16:00:00,0.00041051,
1605657600005,2020-11-18 00:00:00,0.00188754,
1605686400006,2020-11-18 08:00:00,0.00049891,
1605715200000,2020-11-18 16:00:00,0.00083438,
1605744000008,2020-11-19 00:00:00,0.00010000,
1605772800000,2020-11-19 08:00:00,0.00010000,
1605801600001,2020-11-19 16:00:00,0.00039707,
1605830400003,2020-11-20 00:00:00,0.00026623,
1605859200005,2020-11-20 08:00:00,0.00029948,
1605888000000,2020-11-20 16:00:00,0.00069341,
1605916800000,2020-11-21 00:00:00,0.00043938,
1605945600000,2020-11-21 08:00:00,0.00039393,
1605974400001,2020-11-21 16:00:00,0.00127789,
1606003200005,2020-11-22 00:00:00,0.00100658,
1606032000000,2020-11-22 08:00:00,0.00024183,
1606060800000,2020-11-22 16:00:00,0.00054628,
1606089600005,2020-11-23 00:00:00,0.00057023,
1606118400000,2020-11-23 08:00:00,0.00099464,
1606147200003,2020-11-23 16:00:00,0.00126083,
1606176000000,2020-11-24 00:00:00,0.00010000,
1606204800000,2020-11-24 08:00:00,0.00126632,
1606233600005,2020-11-24 16:00:00,0.00091101,
1606262400005,2020-11-25 00:00:00,0.00054464,
1606291200005,2020-11-25 08:00:00,0.00051932,
1606320000015,2020-11-25 16:00:00,0.00033734,
1606348800012,2020-11-26 00:00:00,0.00010000,
1606377600002,2020-11-26 08:00:00,0.00010000,
1606406400001,2020-11-26 16:00:00,0.00010000,
1606435200001,2020-11-27 00:00:00,0.00010000,
1606464000000,2020-11-27 08:00:00,0.00010000,
1606492800007,2020-11-27 16:00:00,0.00010000,
1606521600007,2020-11-28 00:00:00,0.00010000,
1606550400012,2020-11-28 08:00:00,0.00010000,
1606579200000,2020-11-28 16:00:00,0.00010000,
1606608000007,2020-11-29 00:00:00,0.00010000,
1606636800000,2020-11-29 08:00:00,0.00010000,
1606665600000,2020-11-29 16:00:00,0.00010000,
1606694400004,2020-11-30 00:00:00,0.00010000,
1606723200007,2020-11-30 08:00:00,0.00010000,
1606752000000,2020-11-30 16:00:00,0.00010000,
1606780800000,2020-12-01 00:00:00,0.00060158,
1606809600003,2020-12-01 08:00:00,0.00043479,
1606838400000,2020-12-01 16:00:00,0.00010000,
1606867200001,2020-12-02 00:00:00,0.00010000,
1606896000011,2020-12-02 08:00:00,0.00010000,
1606924800005,2020-12-02 16:00:00,0.00028653,
1606953600001,2020-12-03 00:00:00,0.00021345,
1606982400031,2020-12-03 08:00:00,0.00010000,
1607011200000,2020-12-03 16:00:00,0.00010000,
1607040000006,2020-12-04 00:00:00,0.00010000,
1607068800009,2020-12-04 08:00:00,0.00010000,
1607097600000,2020-12-04 16:00:00,0.00010000,
1607126400000,2020-12-05 00:00:00,0.00010000,
1607155200000,2020-12-05 08:00:00,0.00010000,
1607184000000,2020-12-05 16:00:00,0.00010000,
1607212800004,2020-12-06 00:00:00,0.00010000,
1607241600000,2020-12-06 08:00:00,0.00010000,
1607270400001,2020-12-06 16:00:00,0.00010000,
1607299200000,2020-12-07 00:00:00,0.00010000,
1607328000008,2020-12-07 08:00:00,0.00010000,
1607356800000,2020-12-07 16:00:00,0.00010000,
1607385600003,2020-12-08 00:00:00,0.00013032,
1607414400003,2020-12-08 08:00:00,0.00018603,
1607443200033,2020-12-08 16:00:00,0.00010000,
1607472000000,2020-12-09 00:00:00,0.00010000,
1607500800010,2020-12-09 08:00:00,0.00010000,
1607529600000,2020-12-09 16:00:00,0.00010000,
1607558400000,2020-12-10 00:00:00,0.00010000,
1607587200000,2020-12-10 08:00:00,0.00010000,
1607616000007,2020-12-10 16:00:00,0.00010000,
1607644800000,2020-12-11 00:00:00,0.00010000,
1607673600016,2020-12-11 08:00:00,0.00010000,
1607702400010,2020-12-11 16:00:00,0.00010000,
1607731200009,2020-12-12 00:00:00,0.00010000,
1607760000002,2020-12-12 08:00:00,0.00010000,
1607788800000,2020-12-12 16:00:00,0.00010000,
1607817600007,2020-12-13 00:00:00,0.00010000,
1607846400000,2020-12-13 08:00:00,0.00010000,
1607875200000,2020-12-13 16:00:00,0.00010000,
1607904000000,2020-12-14 00:00:00,0.00010000,
1607932800000,2020-12-14 08:00:00,0.00010000,
1607961600000,2020-12-14 16:00:00,0.00010000,
1607990400006,2020-12-15 00:00:00,0.00010000,
1608019200001,2020-12-15 08:00:00,0.00010000,
1608048000000,2020-12-15 16:00:00,0.00010520,
1608076800001,2020-12-16 00:00:00,0.00010588,
1608105600000,2020-12-16 08:00:00,0.00010000,
1608134400000,2020-12-16 16:00:00,0.00046953,
1608163200000,2020-12-17 00:00:00,0.00017163,
1608192000000,2020-12-17 08:00:00,0.00013826,
1608220800011,2020-12-17 16:00:00,0.00078536,
1608249600000,2020-12-18 00:00:00,0.00010000,
1608278400000,2020-12-18 08:00:00,0.00010000,
1608307200000,2020-12-18 16:00:00,0.00031229,
1608336000000,2020-12-19 00:00:00,0.00019880,
1608364800018,2020-12-19 08:00:00,0.00050202,
1608393600000,2020-12-19 16:00:00,0.00069571,
1608422400001,2020-12-20 00:00:00,0.00055976,
1608451200011,2020-12-20 08:00:00,0.00032999,
1608480000023,2020-12-20 16:00:00,0.00038129,
1608508800011,2020-12-21 00:00:00,0.00031431,
1608537600000,2020-12-21 08:00:00,0.00030359,
1608566400000,2020-12-21 16:00:00,0.00010000,
1608595200001,2020-12-22 00:00:00,0.00010000,
1608624000006,2020-12-22 08:00:00,0.00010000,
1608652800000,2020-12-22 16:00:00,0.00010000,
1608681600000,2020-12-23 00:00:00,0.00010000,
1608710400000,2020-12-23 08:00:00,0.00010000,
1608739200000,2020-12-23 16:00:00,-0.00045518,
1608768000012,2020-12-24 00:00:00,-0.00063716,
1608796800009,2020-12-24 08:00:00,-0.00071799,
1608825600001,2020-12-24 16:00:00,0.00010000,
1608854400000,2020-12-25 00:00:00,0.00010000,
1608883200000,2020-12-25 08:00:00,0.00010000,
1608912000000,2020-12-25 16:00:00,0.00010000,
1608940800009,2020-12-26 00:00:00,0.00010000,
1608969600001,2020-12-26 08:00:00,0.00010000,
1608998400006,2020-12-26 16:00:00,0.00010000,
1609027200000,2020-12-27 00:00:00,0.00010000,
1609056000000,2020-12-27 08:00:00,0.00010000,
1609084800001,2020-12-27 16:00:00,0.00010000,
1609113600015,2020-12-28 00:00:00,0.00010000,
1609142400019,2020-12-28 08:00:00,0.00010000,
1609171200000,2020-12-28 16:00:00,0.00034251,
1609200000004,2020-12-29 00:00:00,0.00020787,
1609228800003,2020-12-29 08:00:00,0.00010000,
1609257600000,2020-12-29 16:00:00,0.00010000,
1609286400001,2020-12-30 00:00:00,0.00010000,
1609315200001,2020-12-30 08:00:00,0.00010000,
1609344000012,2020-12-30 16:00:00,0.00010000,
1609372800009,2020-12-31 00:00:00,0.00010000,
1609401600000,2020-12-31 08:00:00,0.00010000,
1609430400010,2020-12-31 16:00:00,0.00010000,
1609459200002,2021-01-01 00:00:00,0.00010000,
1609488000006,2021-01-01 08:00:00,0.00010000,
1609516800003,2021-01-01 16:00:00,0.00010000,
1609545600000,2021-01-02 00:00:00,0.00010000,
1609574400000,2021-01-02 08:00:00,0.00010000,
1609603200006,2021-01-02 16:00:00,0.00010000,
1609632000018,2021-01-03 00:00:00,0.00010000,
1609660800000,2021-01-03 08:00:00,0.00010000,
1609689600002,2021-01-03 16:00:00,0.00147485,
1609718400000,2021-01-04 00:00:00,0.00153433,
1609747200000,2021-01-04 08:00:00,0.00101380,
1609776000000,2021-01-04 16:00:00,0.00010000,
1609804800020,2021-01-05 00:00:00,0.00043016,
1609833600003,2021-01-05 08:00:00,0.00010000,
1609862400003,2021-01-05 16:00:00,0.00010000,
1609891200010,2021-01-06 00:00:00,0.00031066,
1609920000003,2021-01-06 08:00:00,0.00123676,
1609948800000,2021-01-06 16:00:00,0.00240819,
1609977600007,2021-01-07 00:00:00,0.00122178,
1610006400000,2021-01-07 08:00:00,0.00137815,
1610035200004,2021-01-07 16:00:00,0.00073251,
1610064000000,2021-01-08 00:00:00,0.00072116,
1610092800000,2021-01-08 08:00:00,0.00010000,
1610121600000,2021-01-08 16:00:00,0.00144612,
1610150400009,2021-01-09 00:00:00,0.00028455,
1610179200004,2021-01-09 08:00:00,0.00106311,
1610208000000,2021-01-09 16:00:00,0.00123009,
1610236800000,2021-01-10 00:00:00,0.00339936,
1610265600005,2021-01-10 08:00:00,0.00230319,
1610294400000,2021-01-10 16:00:00,0.00102963,
1610323200000,2021-01-11 00:00:00,0.00082921,
1610352000012,2021-01-11 08:00:00,0.00010000,
1610380800000,2021-01-11 16:00:00,0.00010000,
1610409600000,2021-01-12 00:00:00,0.00010000,
1610438400000,2021-01-12 08:00:00,0.00010000,
1610467200008,2021-01-12 16:00:00,0.00010000,
1610496000001,2021-01-13 00:00:00,0.00010000,
1610524800000,2021-01-13 08:00:00,0.00021004,
1610553600003,2021-01-13 16:00:00,0.00032725,
1610582400000,2021-01-14 00:00:00,0.00010000,
1610611200012,2021-01-14 08:00:00,0.00013845,
1610640000000,2021-01-14 16:00:00,0.00049878,
1610668800002,2021-01-15 00:00:00,0.00040291,
1610697600000,2021-01-15 08:00:00,0.00054616,
1610726400004,2021-01-15 16:00:00,0.00055189,
1610755200000,2021-01-16 00:00:00,0.00010000,
1610784000008,2021-01-16 08:00:00,0.00023303,
1610812800000,2021-01-16 16:00:00,0.00075781,
1610841600009,2021-01-17 00:00:00,0.00092093,
1610870400000,2021-01-17 08:00:00,0.00062649,
1610899200001,2021-01-17 16:00:00,0.00055064,
1610928000000,2021-01-18 00:00:00,0.00090182,
1610956800004,2021-01-18 08:00:00,0.00068538,
1610985600000,2021-01-18 16:00:00,0.00085792,
1611014400000,2021-01-19 00:00:00,0.00081878,
1611043200005,2021-01-19 08:00:00,0.00163056,
1611072000012,2021-01-19 16:00:00,0.00101673,
1611100800012,2021-01-20 00:00:00,0.00046403,
1611129600001,2021-01-20 08:00:00,0.00092727,
1611158400001,2021-01-20 16:00:00,0.00010000,
1611187200000,2021-01-21 00:00:00,0.00041959,
1611216000000,2021-01-21 08:00:00,0.00035780,
1611244800004,2021-01-21 16:00:00,0.00010691,
1611273600012,2021-01-22 00:00:00,0.00010000,
1611302400003,2021-01-22 08:00:00,0.00010000,
1611331200001,2021-01-22 16:00:00,0.00010000,
1611360000000,2021-01-23 00:00:00,0.00010000,
1611388800002,2021-01-23 08:00:00,0.00010000,
1611417600000,2021-01-23 16:00:00,0.00012915,
1611446400001,2021-01-24 00:00:00,0.00010000,
1611475200011,2021-01-24 08:00:00,0.00023224,
1611504000005,2021-01-24 16:00:00,0.00019266,
1611532800007,2021-01-25 00:00:00,0.00023436,
1611561600012,2021-01-25 08:00:00,0.00025368,
1611590400000,2021-01-25 16:00:00,0.00053657,
1611619200007,2021-01-26 00:00:00,0.00010000,
1611648000000,2021-01-26 08:00:00,0.00010000,
1611676800000,2021-01-26 16:00:00,0.00010000,
1611705600000,2021-01-27 00:00:00,0.00010000,
1611734400011,2021-01-27 08:00:00,0.00010000,
1611763200003,2021-01-27 16:00:00,0.00010000,
1611792000000,2021-01-28 00:00:00,0.00010000,
1611820800000,2021-01-28 08:00:00,0.00010000,
1611849600000,2021-01-28 16:00:00,0.00032108,
1611878400009,2021-01-29 00:00:00,0.00063182,
1611907200000,2021-01-29 08:00:00,0.00058140,
1611936000000,2021-01-29 16:00:00,0.00180900,
1611964800000,2021-01-30 00:00:00,0.00043035,
1611993600000,2021-01-30 08:00:00,0.00037877,
1612022400000,2021-01-30 16:00:00,0.00044487,
1612051200009,2021-01-31 00:00:00,0.00061775,
1612080000000,2021-01-31 08:00:00,0.00023417,
1612108800000,2021-01-31 16:00:00,0.00057973,
1612137600001,2021-02-01 00:00:00,0.00028530,
1612166400014,2021-02-01 08:00:00,0.00086522,
1612195200000,2021-02-01 16:00:00,0.00038667,
1612224000000,2021-02-02 00:00:00,0.00085314,
1612252800006,2021-02-02 08:00:00,0.00075973,
1612281600000,2021-02-02 16:00:00,0.00151713,
1612310400009,2021-02-03 00:00:00,0.00094293,
1612339200006,2021-02-03 08:00:00,0.00129278,
1612368000006,2021-02-03 16:00:00,0.00091892,
1612396800005,2021-02-04 00:00:00,0.00119203,
1612425600000,2021-02-04 08:00:00,0.00084201,
1612454400011,2021-02-04 16:00:00,0.00106208,
1612483200009,2021-02-05 00:00:00,0.00097009,
1612512000004,2021-02-05 08:00:00,0.00163438,
1612540800000,2021-02-05 16:00:00,0.00197441,
1612569600008,2021-02-06 00:00:00,0.00168883,
1612598400009,2021-02-06 08:00:00,0.00155942,
1612627200000,2021-02-06 16:00:00,0.00138422,
1612656000000,2021-02-07 00:00:00,0.00197303,
1612684800005,2021-02-07 08:00:00,0.00077456,
1612713600001,2021-02-07 16:00:00,0.00130365,
1612742400000,2021-02-08 00:00:00,0.00108893,
1612771200001,2021-02-08 08:00:00,0.00112566,
1612800000000,2021-02-08 16:00:00,0.00186233,
1612828800010,2021-02-09 00:00:00,0.00142188,
1612857600006,2021-02-09 08:00:00,0.00196857,
1612886400007,2021-02-09 16:00:00,0.00161782,
1612915200009,2021-02-10 00:00:00,0.00269768,
1612944000014,2021-02-10 08:00:00,0.00276451,
1612972800005,2021-02-10 16:00:00,0.00165951,
1613001600000,2021-02-11 00:00:00,0.00084295,
1613030400000,2021-02-11 08:00:00,0.00062443,
1613059200000,2021-02-11 16:00:00,0.00119808,
1613088000000,2021-02-12 00:00:00,0.00110915,
1613116800000,2021-02-12 08:00:00,0.00134665,
1613145600000,2021-02-12 16:00:00,0.00221644,
1613174400001,2021-02-13 00:00:00,0.00326921,
1613203200003,2021-02-13 08:00:00,0.00347791,
1613232000000,2021-02-13 16:00:00,0.00179367,
1613260800013,2021-02-14 00:00:00,0.00247958,
1613289600000,2021-02-14 08:00:00,0.00293547,
1613318400008,2021-02-14 16:00:00,0.00170307,
1613347200000,2021-02-15 00:00:00,0.00205076,
1613376000006,2021-02-15 08:00:00,0.00015728,
1613404800000,2021-02-15 16:00:00,0.00071327,
1613433600001,2021-02-16 00:00:00,0.00095500,
1613462400000,2021-02-16 08:00:00,0.00085714,
1613491200010,2021-02-16 16:00:00,0.00106315,
1613520000005,2021-02-17 00:00:00,0.00073172,
1613548800010,2021-02-17 08:00:00,0.00098201,
1613577600008,2021-02-17 16:00:00,0.00162862,
1613606400012,2021-02-18 00:00:00,0.00162849,
1613635200000,2021-02-18 08:00:00,0.00136331,
1613664000009,2021-02-18 16:00:00,0.00161096,
1613692800010,2021-02-19 00:00:00,0.00179030,
1613721600002,2021-02-19 08:00:00,0.00162667,
1613750400008,2021-02-19 16:00:00,0.00346872,
1613779200000,2021-02-20 00:00:00,0.00202720,
1613808000009,2021-02-20 08:00:00,0.00173597,
1613836800000,2021-02-20 16:00:00,0.00318730,
1613865600007,2021-02-21 00:00:00,0.00102147,
1613894400012,2021-02-21 08:00:00,0.00091618,
1613923200001,2021-02-21 16:00:00,0.00114644,
1613952000006,2021-02-22 00:00:00,0.00090479,
1613980800002,2021-02-22 08:00:00,0.00106781,
1614009600000,2021-02-22 16:00:00,0.00010000,
1614038400000,2021-02-23 00:00:00,0.00010000,
1614067200006,2021-02-23 08:00:00,0.00010000,
1614096000000,2021-02-23 16:00:00,0.00010000,
1614124800012,2021-02-24 00:00:00,0.00010000,
1614153600016,2021-02-24 08:00:00,0.00010000,
1614182400011,2021-02-24 16:00:00,0.00010000,
1614211200007,2021-02-25 00:00:00,0.00010000,
1614240000000,2021-02-25 08:00:00,0.00010000,
1614268800010,2021-02-25 16:00:00,0.00010000,
1614297600000,2021-02-26 00:00:00,0.00010000,
1614326400025,2021-02-26 08:00:00,0.00010000,
1614355200010,2021-02-26 16:00:00,0.00010000,
1614384000001,2021-02-27 00:00:00,0.00010000,
1614412800000,2021-02-27 08:00:00,0.00010000,
1614441600000,2021-02-27 16:00:00,0.00021034,
1614470400021,2021-02-28 00:00:00,0.00010000,
1614499200009,2021-02-28 08:00:00,0.00010000,
1614528000000,2021-02-28 16:00:00,0.00010000,
1614556800000,2021-03-01 00:00:00,0.00010000,
1614585600003,2021-03-01 08:00:00,0.00010000,
1614614400001,2021-03-01 16:00:00,0.00010000,
1614643200000,2021-03-02 00:00:00,0.00010000,
1614672000000,2021-03-02 08:00:00,0.00010000,
1614700800004,2021-03-02 16:00:00,0.00010000,
1614729600000,2021-03-03 00:00:00,0.00010000,
1614758400016,2021-03-03 08:00:00,0.00010000,
1614787200000,2021-03-03 16:00:00,0.00014017,
1614816000000,2021-03-04 00:00:00,0.00010000,
1614844800015,2021-03-04 08:00:00,0.00010000,
1614873600001,2021-03-04 16:00:00,0.00019869,
1614902400000,2021-03-05 00:00:00,0.00010000,
1614931200002,2021-03-05 08:00:00,0.00010000,
1614960000008,2021-03-05 16:00:00,0.00010000,
1614988800000,2021-03-06 00:00:00,0.00010000,
1615017600000,2021-03-06 08:00:00,0.00010000,
1615046400000,2021-03-06 16:00:00,0.00010000,
1615075200006,2021-03-07 00:00:00,0.00010000,
1615104000005,2021-03-07 08:00:00,0.00010000,
1615132800008,2021-03-07 16:00:00,0.00017499,
1615161600000,2021-03-08 00:00:00,0.00010000,
1615190400000,2021-03-08 08:00:00,0.00031589,
1615219200006,2021-03-08 16:00:00,0.00010000,
1615248000000,2021-03-09 00:00:00,0.00010000,
1615276800000,2021-03-09 08:00:00,0.00078073,
1615305600000,2021-03-09 16:00:00,0.00023392,
1615334400009,2021-03-10 00:00:00,0.00092800,
1615363200006,2021-03-10 08:00:00,0.00034422,
1615392000008,2021-03-10 16:00:00,0.00044203,
1615420800000,2021-03-11 00:00:00,0.00041163,
1615449600000,2021-03-11 08:00:00,0.00054295,
1615478400014,2021-03-11 16:00:00,0.00057103,
1615507200002,2021-03-12 00:00:00,0.00010555,
1615536000005,2021-03-12 08:00:00,0.00053351,
1615564800011,2021-03-12 16:00:00,0.00010000,
1615593600000,2021-03-13 00:00:00,0.00010000,
1615622400002,2021-03-13 08:00:00,0.00010000,
1615651200000,2021-03-13 16:00:00,0.00085430,
1615680000011,2021-03-14 00:00:00,0.00150570,
1615708800000,2021-03-14 08:00:00,0.00181950,
1615737600000,2021-03-14 16:00:00,0.00146484,
1615766400012,2021-03-15 00:00:00,0.00123623,
1615795200016,2021-03-15 08:00:00,0.00084559,
1615824000030,2021-03-15 16:00:00,0.00028600,
1615852800005,2021-03-16 00:00:00,0.00035429,
1615881600008,2021-03-16 08:00:00,0.00010000,
1615910400012,2021-03-16 16:00:00,0.00033345,
1615939200010,2021-03-17 00:00:00,0.00021834,
1615968000000,2021-03-17 08:00:00,0.00048713,
1615996800009,2021-03-17 16:00:00,0.00025658,
1616025600001,2021-03-18 00:00:00,0.00051540,
1616054400000,2021-03-18 08:00:00,0.00089114,
1616083200000,2021-03-18 16:00:00,0.00112652,
1616112000011,2021-03-19 00:00:00,0.00053920,
1616140800001,2021-03-19 08:00:00,0.00050117,
1616169600000,2021-03-19 16:00:00,0.00045243,
1616198400000,2021-03-20 00:00:00,0.00047801,
1616227200000,2021-03-20 08:00:00,0.00062757,
1616256000007,2021-03-20 16:00:00,0.00119938,
1616284800000,2021-03-21 00:00:00,0.00054985,
1616313600000,2021-03-21 08:00:00,0.00053817,
1616342400000,2021-03-21 16:00:00,0.00016548,
1616371200007,2021-03-22 00:00:00,0.00046942,
1616400000001,2021-03-22 08:00:00,0.00010000,
1616428800000,2021-03-22 16:00:00,0.00010000,
1616457600000,2021-03-23 00:00:00,0.00010000,
1616486400010,2021-03-23 08:00:00,0.00010000,
1616515200023,2021-03-23 16:00:00,0.00010000,
1616544000002,2021-03-24 00:00:00,0.00010000,
1616572800000,2021-03-24 08:00:00,0.00029490,
1616601600000,2021-03-24 16:00:00,0.00030871,
1616630400000,2021-03-25 00:00:00,0.00010000,
1616659200000,2021-03-25 08:00:00,0.00010000,
1616688000000,2021-03-25 16:00:00,0.00010000,
1616716800008,2021-03-26 00:00:00,0.00010000,
1616745600000,2021-03-26 08:00:00,0.00010000,
1616774400012,2021-03-26 16:00:00,0.00010000,
1616803200018,2021-03-27 00:00:00,0.00010000,
1616832000000,2021-03-27 08:00:00,0.00010000,
1616860800001,2021-03-27 16:00:00,0.00017842,
1616889600000,2021-03-28 00:00:00,0.00021035,
1616918400000,2021-03-28 08:00:00,0.00014856,
1616947200005,2021-03-28 16:00:00,0.00033257,
1616976000003,2021-03-29 00:00:00,0.00031241,
1617004800000,2021-03-29 08:00:00,0.00034888,
1617033600000,2021-03-29 16:00:00,0.00071563,
1617062400018,2021-03-30 00:00:00,0.00055707,
1617091200012,2021-03-30 08:00:00,0.00091435,
1617120000001,2021-03-30 16:00:00,0.00120529,
1617148800000,2021-03-31 00:00:00,0.00041881,
1617177600000,2021-03-31 08:00:00,0.00064771,
1617206400000,2021-03-31 16:00:00,0.00079301,
1617235200025,2021-04-01 00:00:00,0.00106133,
1617264000011,2021-04-01 08:00:00,0.00142054,
1617292800004,2021-04-01 16:00:00,0.00097747,
1617321600000,2021-04-02 00:00:00,0.00042963,
1617350400000,2021-04-02 08:00:00,0.00142096,
1617379200000,2021-04-02 16:00:00,0.00138891,
1617408000003,2021-04-03 00:00:00,0.00139632,
1617436800000,2021-04-03 08:00:00,0.00137900,
1617465600000,2021-04-03 16:00:00,0.00174653,
1617494400000,2021-04-04 00:00:00,0.00010000,
1617523200000,2021-04-04 08:00:00,0.00010000,
1617552000016,2021-04-04 16:00:00,0.00010000,
1617580800000,2021-04-05 00:00:00,0.00021405,
1617609600001,2021-04-05 08:00:00,0.00024123,
1617638400001,2021-04-05 16:00:00,0.00051454,
1617667200010,2021-04-06 00:00:00,0.00030628,
1617696000000,2021-04-06 08:00:00,0.00011013,
1617724800003,2021-04-06 16:00:00,0.00010000,
1617753600000,2021-04-07 00:00:00,0.00064645,
1617782400006,2021-04-07 08:00:00,-0.00009128,
1617811200004,2021-04-07 16:00:00,-0.00028614,
1617840000013,2021-04-08 00:00:00,0.00010000,
1617868800003,2021-04-08 08:00:00,0.00010000,
1617897600005,2021-04-08 16:00:00,0.00010000,
1617926400000,2021-04-09 00:00:00,0.00010000,
1617955200004,2021-04-09 08:00:00,0.00091581,
1617984000004,2021-04-09 16:00:00,0.00116520,
1618012800011,2021-04-10 00:00:00,0.00066288,
1618041600005,2021-04-10 08:00:00,0.00113547,
1618070400000,2021-04-10 16:00:00,0.00135612,
1618099200004,2021-04-11 00:00:00,0.00126159,
1618128000000,2021-04-11 08:00:00,0.00173060,
1618156800000,2021-04-11 16:00:00,0.00106610,
1618185600001,2021-04-12 00:00:00,0.00095077,
1618214400001,2021-04-12 08:00:00,0.00194076,
1618243200008,2021-04-12 16:00:00,0.00136518,
1618272000003,2021-04-13 00:00:00,0.00122474,
1618300800008,2021-04-13 08:00:00,0.00160827,
1618329600008,2021-04-13 16:00:00,0.00187255,
1618358400008,2021-04-14 00:00:00,0.00150917,
1618387200000,2021-04-14 08:00:00,0.00172428,
1618416000012,2021-04-14 16:00:00,0.00019554,
1618444800006,2021-04-15 00:00:00,0.00033008,
1618473600000,2021-04-15 08:00:00,0.00096988,
1618502400008,2021-04-15 16:00:00,0.00152218,
1618531200008,2021-04-16 00:00:00,0.00180606,
1618560000000,2021-04-16 08:00:00,0.00010000,
1618588800002,2021-04-16 16:00:00,0.00031459,
1618617600008,2021-04-17 00:00:00,0.00211442,
1618646400000,2021-04-17 08:00:00,0.00160647,
1618675200001,2021-04-17 16:00:00,0.00231314,
1618704000006,2021-04-18 00:00:00,0.00120305,
1618732800004,2021-04-18 08:00:00,0.00010000,
1618761600000,2021-04-18 16:00:00,0.00010000,
1618790400000,2021-04-19 00:00:00,0.00010000,
1618819200000,2021-04-19 08:00:00,0.00010000,
1618848000009,2021-04-19 16:00:00,0.00010000,
1618876800004,2021-04-20 00:00:00,0.00010000,
1618905600000,2021-04-20 08:00:00,0.00010000,
1618934400001,2021-04-20 16:00:00,0.00010000,
1618963200013,2021-04-21 00:00:00,0.00010000,
1618992000001,2021-04-21 08:00:00,0.00010000,
1619020800002,2021-04-21 16:00:00,0.00010000,
1619049600000,2021-04-22 00:00:00,0.00010000,
1619078400000,2021-04-22 08:00:00,0.00010000,
1619107200001,2021-04-22 16:00:00,0.00010000,
1619136000002,2021-04-23 00:00:00,0.00010000,
1619164800009,2021-04-23 08:00:00,0.00010000,
1619193600001,2021-04-23 16:00:00,0.00010000,
1619222400019,2021-04-24 00:00:00,0.00010000,
1619251200001,2021-04-24 08:00:00,0.00010000,
1619280000011,2021-04-24 16:00:00,0.00010000,
1619308800000,2021-04-25 00:00:00,0.00010000,
1619337600010,2021-04-25 08:00:00,0.00010000,
1619366400000,2021-04-25 16:00:00,0.00010000,
1619395200003,2021-04-26 00:00:00,0.00010000,
1619424000002,2021-04-26 08:00:00,0.00010000,
1619452800004,2021-04-26 16:00:00,0.00010000,
1619481600000,2021-04-27 00:00:00,0.00010000,
1619510400000,2021-04-27 08:00:00,0.00010000,
1619539200009,2021-04-27 16:00:00,0.00010000,
1619568000000,2021-04-28 00:00:00,0.00010000,
1619596800000,2021-04-28 08:00:00,0.00010000,
1619625600001,2021-04-28 16:00:00,0.00010000,
1619654400004,2021-04-29 00:00:00,0.00010000,
1619683200013,2021-04-29 08:00:00,0.00010000,
1619712000003,2021-04-29 16:00:00,0.00010000,
1619740800004,2021-04-30 00:00:00,0.00010000,
1619769600019,2021-04-30 08:00:00,0.00010000,
1619798400003,2021-04-30 16:00:00,0.00028547,
1619827200002,2021-05-01 00:00:00,0.00010000,
1619856000006,2021-05-01 08:00:00,0.00025107,
1619884800000,2021-05-01 16:00:00,0.00070339,
1619913600010,2021-05-02 00:00:00,0.00088814,
1619942400011,2021-05-02 08:00:00,0.00010000,
1619971200007,2021-05-02 16:00:00,0.00077352,
1620000000003,2021-05-03 00:00:00,0.00018944,
1620028800000,2021-05-03 08:00:00,0.00016919,
1620057600043,2021-05-03 16:00:00,0.00035149,
1620086400004,2021-05-04 00:00:00,0.00075376,
1620115200003,2021-05-04 08:00:00,0.00010000,
1620144000011,2021-05-04 16:00:00,0.00024121,
1620172800001,2021-05-05 00:00:00,0.00013986,
1620201600007,2021-05-05 08:00:00,0.00028950,
1620230400001,2021-05-05 16:00:00,0.00010000,
1620259200003,2021-05-06 00:00:00,-0.00013727,
1620288000001,2021-05-06 08:00:00,0.00010000,
1620316800000,2021-05-06 16:00:00,-0.00230840,
1620345600000,2021-05-07 00:00:00,0.00010000,
1620374400000,2021-05-07 08:00:00,0.00037160,
1620403200001,2021-05-07 16:00:00,0.00010000,
1620432000006,2021-05-08 00:00:00,0.00010000,
1620460800000,2021-05-08 08:00:00,0.00023516,
1620489600000,2021-05-08 16:00:00,0.00118860,
1620518400005,2021-05-09 00:00:00,0.00152322,
1620547200016,2021-05-09 08:00:00,0.00083656,
1620576000000,2021-05-09 16:00:00,0.00106489,
1620604800004,2021-05-10 00:00:00,0.00116747,
1620633600000,2021-05-10 08:00:00,0.00146875,
1620662400013,2021-05-10 16:00:00,0.00113226,
1620691200000,2021-05-11 00:00:00,0.00010000,
1620720000000,2021-05-11 08:00:00,0.00010000,
1620748800002,2021-05-11 16:00:00,0.00010000,
1620777600004,2021-05-12 00:00:00,0.00010000,
1620806400007,2021-05-12 08:00:00,0.00081196,
1620835200012,2021-05-12 16:00:00,0.00010000,
1620864000016,2021-05-13 00:00:00,0.00010000,
1620892800000,2021-05-13 08:00:00,-0.00002275,
1620921600008,2021-05-13 16:00:00,0.00010000,
1620950400007,2021-05-14 00:00:00,0.00010000,
1620979200001,2021-05-14 08:00:00,0.00010000,
1621008000004,2021-05-14 16:00:00,0.00010000,
1621036800022,2021-05-15 00:00:00,0.00010000,
1621065600014,2021-05-15 08:00:00,0.00023558,
1621094400002,2021-05-15 16:00:00,0.00027385,
1621123200000,2021-05-16 00:00:00,0.00010000,
1621152000003,2021-05-16 08:00:00,0.00010000,
1621180800002,2021-05-16 16:00:00,0.00010000,
1621209600005,2021-05-17 00:00:00,0.00004305,
1621238400001,2021-05-17 08:00:00,-0.00042462,
1621267200000,2021-05-17 16:00:00,-0.00020485,
1621296000019,2021-05-18 00:00:00,-0.00004067,
1621324800001,2021-05-18 08:00:00,0.00010000,
1621353600006,2021-05-18 16:00:00,0.00010000,
1621382400000,2021-05-19 00:00:00,0.00010000,
1621411200003,2021-05-19 08:00:00,-0.00042296,
1621440000018,2021-05-19 16:00:00,-0.00487500,
1621468800005,2021-05-20 00:00:00,-0.00061486,
1621497600000,2021-05-20 08:00:00,-0.00039419,
1621526400005,2021-05-20 16:00:00,-0.00111943,
1621555200000,2021-05-21 00:00:00,-0.00102290,
1621584000000,2021-05-21 08:00:00,-0.00104201,
1621612800001,2021-05-21 16:00:00,-0.00160544,
1621641600001,2021-05-22 00:00:00,-0.00158676,
1621670400002,2021-05-22 08:00:00,-0.00112069,
1621699200005,2021-05-22 16:00:00,-0.00098789,
1621728000006,2021-05-23 00:00:00,-0.00051607,
1621756800004,2021-05-23 08:00:00,-0.00041096,
1621785600002,2021-05-23 16:00:00,-0.00063596,
1621814400007,2021-05-24 00:00:00,-0.00062353,
1621843200005,2021-05-24 08:00:00,-0.00068870,
1621872000005,2021-05-24 16:00:00,-0.00026706,
1621900800000,2021-05-25 00:00:00,-0.00022126,
1621929600014,2021-05-25 08:00:00,-0.00025831,
1621958400000,2021-05-25 16:00:00,-0.00003704,
1621987200022,2021-05-26 00:00:00,0.00010000,
1622016000018,2021-05-26 08:00:00,0.00010000,
1622044800004,2021-05-26 16:00:00,-0.00070042,
1622073600000,2021-05-27 00:00:00,-0.00035919,
1622102400017,2021-05-27 08:00:00,-0.00065976,
1622131200000,2021-05-27 16:00:00,-0.00089622,
1622160000005,2021-05-28 00:00:00,-0.00070944,
1622188800009,2021-05-28 08:00:00,-0.00049216,
1622217600000,2021-05-28 16:00:00,-0.00087520,
1622246400006,2021-05-29 00:00:00,-0.00046722,
1622275200000,2021-05-29 08:00:00,-0.00028894,
1622304000000,2021-05-29 16:00:00,-0.00097217,
1622332800003,2021-05-30 00:00:00,-0.00018686,
1622361600004,2021-05-30 08:00:00,-0.00104477,
1622390400018,2021-05-30 16:00:00,-0.00060183,
1622419200002,2021-05-31 00:00:00,-0.00025949,
1622448000000,2021-05-31 08:00:00,-0.00080743,
1622476800000,2021-05-31 16:00:00,-0.00029388,
1622505600001,2021-06-01 00:00:00,-0.00022416,
1622534400010,2021-06-01 08:00:00,-0.00004515,
1622563200010,2021-06-01 16:00:00,-0.00038438,
1622592000008,2021-06-02 00:00:00,-0.00030724,
1622620800000,2021-06-02 08:00:00,-0.00045543,
1622649600007,2021-06-02 16:00:00,-0.00013349,
1622678400019,2021-06-03 00:00:00,-0.00015260,
1622707200002,2021-06-03 08:00:00,0.00008390,
1622736000003,2021-06-03 16:00:00,0.00010000,
1622764800003,2021-06-04 00:00:00,0.00010000,
1622793600006,2021-06-04 08:00:00,-0.00029976,
1622822400002,2021-06-04 16:00:00,-0.00058940,
1622851200000,2021-06-05 00:00:00,-0.00072703,
1622880000004,2021-06-05 08:00:00,-0.00037953,
1622908800020,2021-06-05 16:00:00,-0.00064241,
1622937600000,2021-06-06 00:00:00,-0.00058376,
1622966400004,2021-06-06 08:00:00,-0.00038116,
1622995200000,2021-06-06 16:00:00,-0.00036964,
1623024000007,2021-06-07 00:00:00,-0.00020927,
1623052800007,2021-06-07 08:00:00,-0.00017584,
1623081600003,2021-06-07 16:00:00,-0.00025183,
1623110400000,2021-06-08 00:00:00,-0.00041973,
1623139200000,2021-06-08 08:00:00,-0.00031852,
1623168000002,2021-06-08 16:00:00,-0.00034928,
1623196800009,2021-06-09 00:00:00,-0.00018702,
1623225600002,2021-06-09 08:00:00,-0.00052284,
1623254400000,2021-06-09 16:00:00,-0.00060507,
1623283200007,2021-06-10 00:00:00,-0.00054073,
1623312000003,2021-06-10 08:00:00,-0.00034131,
1623340800000,2021-06-10 16:00:00,-0.00056944,
1623369600010,2021-06-11 00:00:00,-0.00040059,
1623398400007,2021-06-11 08:00:00,-0.00044812,
1623427200006,2021-06-11 16:00:00,-0.00021032,
1623456000005,2021-06-12 00:00:00,-0.00027773,
1623484800000,2021-06-12 08:00:00,-0.00127736,
1623513600018,2021-06-12 16:00:00,-0.00144453,
1623542400002,2021-06-13 00:00:00,-0.00072279,
1623571200000,2021-06-13 08:00:00,-0.00056810,
1623600000003,2021-06-13 16:00:00,-0.00026574,
1623628800000,2021-06-14 00:00:00,-0.00103862,
1623657600015,2021-06-14 08:00:00,-0.00000741,
1623686400000,2021-06-14 16:00:00,-0.00022166,
1623715200000,2021-06-15 00:00:00,0.00001954,
1623744000000,2021-06-15 08:00:00,0.00004468,
1623772800004,2021-06-15 16:00:00,0.00003207,
1623801600004,2021-06-16 00:00:00,0.00009812,
1623830400001,2021-06-16 08:00:00,0.00002790,
1623859200000,2021-06-16 16:00:00,-0.00038962,
1623888000004,2021-06-17 00:00:00,-0.00035914,
1623916800000,2021-06-17 08:00:00,-0.00026513,
1623945600002,2021-06-17 16:00:00,-0.00006554,
1623974400009,2021-06-18 00:00:00,-0.00020768,
1624003200014,2021-06-18 08:00:00,-0.00000731,
1624032000007,2021-06-18 16:00:00,-0.00006621,
1624060800003,2021-06-19 00:00:00,-0.00047675,
1624089600001,2021-06-19 08:00:00,-0.00011398,
1624118400000,2021-06-19 16:00:00,-0.00004852,
1624147200005,2021-06-20 00:00:00,-0.00008711,
1624176000000,2021-06-20 08:00:00,-0.00009452,
1624204800002,2021-06-20 16:00:00,-0.00040575,
1624233600019,2021-06-21 00:00:00,-0.00018942,
1624262400000,2021-06-21 08:00:00,-0.00034922,
1624291200024,2021-06-21 16:00:00,-0.00010415,
1624320000008,2021-06-22 00:00:00,0.00010000,
1624348800009,2021-06-22 08:00:00,0.00001037,
1624377600001,2021-06-22 16:00:00,-0.00026025,
1624406400003,2021-06-23 00:00:00,-0.00002548,
1624435200000,2021-06-23 08:00:00,-0.00053345,
1624464000000,2021-06-23 16:00:00,-0.00064402,
1624492800009,2021-06-24 00:00:00,-0.00046485,
1624521600018,2021-06-24 08:00:00,-0.00042225,
1624550400001,2021-06-24 16:00:00,-0.00031878,
1624579200009,2021-06-25 00:00:00,-0.00059390,
1624608000004,2021-06-25 08:00:00,-0.00026424,
1624636800000,2021-06-25 16:00:00,-0.00017751,
1624665600007,2021-06-26 00:00:00,-0.00031955,
1624694400000,2021-06-26 08:00:00,-0.00030848,
1624723200002,2021-06-26 16:00:00,-0.00036309,
1624752000005,2021-06-27 00:00:00,-0.00050118,
1624780800010,2021-06-27 08:00:00,-0.00035989,
1624809600001,2021-06-27 16:00:00,-0.00043672,
1624838400025,2021-06-28 00:00:00,-0.00055613,
1624867200017,2021-06-28 08:00:00,-0.00019648,
1624896000007,2021-06-28 16:00:00,-0.00013279,
1624924800008,2021-06-29 00:00:00,-0.00028048,
1624953600000,2021-06-29 08:00:00,-0.00040397,
1624982400000,2021-06-29 16:00:00,-0.00010749,
1625011200011,2021-06-30 00:00:00,-0.00030210,
1625040000044,2021-06-30 08:00:00,-0.00026490,
1625068800005,2021-06-30 16:00:00,0.00003953,
1625097600000,2021-07-01 00:00:00,-0.00005897,
1625126400004,2021-07-01 08:00:00,-0.00022699,
1625155200028,2021-07-01 16:00:00,-0.00011554,
1625184000002,2021-07-02 00:00:00,0.00009025,
1625212800016,2021-07-02 08:00:00,-0.00015052,
1625241600007,2021-07-02 16:00:00,-0.00033462,
1625270400008,2021-07-03 00:00:00,-0.00027550,
1625299200000,2021-07-03 08:00:00,-0.00048198,
1625328000004,2021-07-03 16:00:00,-0.00003611,
1625356800012,2021-07-04 00:00:00,0.00003342,
1625385600002,2021-07-04 08:00:00,-0.00017466,
1625414400003,2021-07-04 16:00:00,0.00002958,
1625443200004,2021-07-05 00:00:00,-0.00024113,
1625472000000,2021-07-05 08:00:00,-0.00026951,
1625500800009,2021-07-05 16:00:00,-0.00048118,
1625529600008,2021-07-06 00:00:00,-0.00024982,
1625558400019,2021-07-06 08:00:00,-0.00043038,
1625587200000,2021-07-06 16:00:00,-0.00001623,
1625616000007,2021-07-07 00:00:00,-0.00014362,
1625644800001,2021-07-07 08:00:00,-0.00055995,
1625673600008,2021-07-07 16:00:00,0.00010000,
1625702400002,2021-07-08 00:00:00,-0.00013340,
1625731200010,2021-07-08 08:00:00,0.00010000,
1625760000003,2021-07-08 16:00:00,0.00007532,
1625788800000,2021-07-09 00:00:00,0.00010000,
1625817600006,2021-07-09 08:00:00,-0.00021573,
1625846400000,2021-07-09 16:00:00,0.00000829,
1625875200002,2021-07-10 00:00:00,-0.00026390,
1625904000000,2021-07-10 08:00:00,-0.00021479,
1625932800001,2021-07-10 16:00:00,-0.00029050,
1625961600001,2021-07-11 00:00:00,-0.00001679,
1625990400025,2021-07-11 08:00:00,-0.00023471,
1626019200006,2021-07-11 16:00:00,-0.00008777,
1626048000000,2021-07-12 00:00:00,-0.00038162,
1626076800021,2021-07-12 08:00:00,-0.00002181,
1626105600000,2021-07-12 16:00:00,-0.00016247,
1626134400000,2021-07-13 00:00:00,0.00010000,
1626163200013,2021-07-13 08:00:00,0.00010000,
1626192000005,2021-07-13 16:00:00,0.00010000,
1626220800000,2021-07-14 00:00:00,0.00004586,
1626249600000,2021-07-14 08:00:00,0.00007559,
1626278400005,2021-07-14 16:00:00,-0.00046573,
1626307200005,2021-07-15 00:00:00,0.00000266,
1626336000001,2021-07-15 08:00:00,-0.00002102,
1626364800000,2021-07-15 16:00:00,0.00007973,
1626393600000,2021-07-16 00:00:00,-0.00005164,
1626422400000,2021-07-16 08:00:00,0.00010000,
1626451200001,2021-07-16 16:00:00,-0.00010802,
1626480000004,2021-07-17 00:00:00,0.00010000,
1626508800009,2021-07-17 08:00:00,0.00010000,
1626537600006,2021-07-17 16:00:00,0.00002569,
1626566400000,2021-07-18 00:00:00,0.00000952,
1626595200001,2021-07-18 08:00:00,-0.00019549,
1626624000003,2021-07-18 16:00:00,0.00001691,
1626652800002,2021-07-19 00:00:00,0.00004841,
1626681600006,2021-07-19 08:00:00,0.00000431,
1626710400006,2021-07-19 16:00:00,0.00000260,
1626739200002,2021-07-20 00:00:00,0.00010000,
1626768000011,2021-07-20 08:00:00,-0.00067699,
1626796800001,2021-07-20 16:00:00,-0.00055195,
1626825600022,2021-07-21 00:00:00,-0.00047400,
1626854400000,2021-07-21 08:00:00,-0.00057908,
1626883200018,2021-07-21 16:00:00,-0.00047210,
1626912000002,2021-07-22 00:00:00,-0.00032138,
1626940800006,2021-07-22 08:00:00,-0.00000601,
1626969600010,2021-07-22 16:00:00,0.00010000,
1626998400013,2021-07-23 00:00:00,0.00010000,
1627027200000,2021-07-23 08:00:00,0.00010000,
1627056000005,2021-07-23 16:00:00,0.00010000,
1627084800000,2021-07-24 00:00:00,-0.00029787,
1627113600002,2021-07-24 08:00:00,-0.00006009,
1627142400001,2021-07-24 16:00:00,-0.00000499,
1627171200003,2021-07-25 00:00:00,0.00010000,
1627200000015,2021-07-25 08:00:00,0.00005317,
1627228800000,2021-07-25 16:00:00,0.00010000,
1627257600000,2021-07-26 00:00:00,-0.00019056,
1627286400000,2021-07-26 08:00:00,0.00010000,
1627315200000,2021-07-26 16:00:00,0.00010000,
1627344000046,2021-07-27 00:00:00,0.00010000,
1627372800014,2021-07-27 08:00:00,0.00010000,
1627401600007,2021-07-27 16:00:00,0.00010000,
1627430400000,2021-07-28 00:00:00,0.00010000,
1627459200002,2021-07-28 08:00:00,0.00010000,
1627488000005,2021-07-28 16:00:00,0.00010000,
1627516800004,2021-07-29 00:00:00,0.00010000,
1627545600000,2021-07-29 08:00:00,0.00010000,
1627574400007,2021-07-29 16:00:00,0.00010000,
1627603200004,2021-07-30 00:00:00,0.00010000,
1627632000000,2021-07-30 08:00:00,0.00010000,
1627660800000,2021-07-30 16:00:00,0.00010000,
1627689600000,2021-07-31 00:00:00,0.00010000,
1627718400014,2021-07-31 08:00:00,0.00010000,
1627747200003,2021-07-31 16:00:00,0.00010000,
1627776000005,2021-08-01 00:00:00,0.00010000,
1627804800016,2021-08-01 08:00:00,0.00010000,
1627833600001,2021-08-01 16:00:00,0.00010000,
1627862400000,2021-08-02 00:00:00,0.00010000,
1627891200014,2021-08-02 08:00:00,0.00010000,
1627920000021,2021-08-02 16:00:00,0.00010000,
1627948800000,2021-08-03 00:00:00,0.00010000,
1627977600000,2021-08-03 08:00:00,0.00010000,
1628006400009,2021-08-03 16:00:00,0.00010000,
1628035200000,2021-08-04 00:00:00,0.00010000,
1628064000000,2021-08-04 08:00:00,0.00010000,
1628092800003,2021-08-04 16:00:00,0.00010000,
1628121600000,2021-08-05 00:00:00,0.00010000,
1628150400000,2021-08-05 08:00:00,0.00010000,
1628179200001,2021-08-05 16:00:00,0.00010000,
1628208000000,2021-08-06 00:00:00,0.00010000,
1628236800004,2021-08-06 08:00:00,0.00010000,
1628265600003,2021-08-06 16:00:00,0.00010000,
1628294400015,2021-08-07 00:00:00,0.00010000,
1628323200001,2021-08-07 08:00:00,0.00011536,
1628352000002,2021-08-07 16:00:00,0.00020411,
1628380800000,2021-08-08 00:00:00,0.00018080,
1628409600002,2021-08-08 08:00:00,0.00010000,
1628438400018,2021-08-08 16:00:00,0.00019129,
1628467200000,2021-08-09 00:00:00,0.00010000,
1628496000000,2021-08-09 08:00:00,0.00010000,
1628524800002,2021-08-09 16:00:00,0.00010000,
1628553600000,2021-08-10 00:00:00,0.00010000,
1628582400003,2021-08-10 08:00:00,0.00018264,
1628611200000,2021-08-10 16:00:00,0.00046942,
1628640000006,2021-08-11 00:00:00,0.00024074,
1628668800003,2021-08-11 08:00:00,0.00063103,
1628697600000,2021-08-11 16:00:00,0.00064435,
1628726400013,2021-08-12 00:00:00,0.00072833,
1628755200001,2021-08-12 08:00:00,0.00037251,
1628784000000,2021-08-12 16:00:00,0.00010000,
1628812800000,2021-08-13 00:00:00,0.00010000,
1628841600000,2021-08-13 08:00:00,0.00011018,
1628870400002,2021-08-13 16:00:00,0.00024050,
1628899200006,2021-08-14 00:00:00,0.00010000,
1628928000000,2021-08-14 08:00:00,0.00052981,
1628956800000,2021-08-14 16:00:00,0.00044832,
1628985600003,2021-08-15 00:00:00,0.00046538,
1629014400000,2021-08-15 08:00:00,0.00088097,
1629043200007,2021-08-15 16:00:00,0.00079680,
1629072000012,2021-08-16 00:00:00,0.00087350,
1629100800003,2021-08-16 08:00:00,0.00056717,
1629129600010,2021-08-16 16:00:00,0.00042542,
1629158400018,2021-08-17 00:00:00,0.00010000,
1629187200015,2021-08-17 08:00:00,0.00010000,
1629216000006,2021-08-17 16:00:00,0.00010000,
1629244800000,2021-08-18 00:00:00,0.00010000,
1629273600000,2021-08-18 08:00:00,0.00010000,
1629302400011,2021-08-18 16:00:00,0.00010000,
1629331200000,2021-08-19 00:00:00,0.00010000,
1629360000014,2021-08-19 08:00:00,0.00010000,
1629388800000,2021-08-19 16:00:00,0.00010000,
1629417600000,2021-08-20 00:00:00,0.00010000,
1629446400001,2021-08-20 08:00:00,0.00036755,
1629475200001,2021-08-20 16:00:00,0.00043694,
1629504000005,2021-08-21 00:00:00,0.00010000,
1629532800001,2021-08-21 08:00:00,0.00067581,
1629561600000,2021-08-21 16:00:00,0.00024334,
1629590400005,2021-08-22 00:00:00,0.00051877,
1629619200007,2021-08-22 08:00:00,0.00051150,
1629648000002,2021-08-22 16:00:00,0.00051544,
1629676800003,2021-08-23 00:00:00,0.00013132,
1629705600005,2021-08-23 08:00:00,0.00085528,
1629734400002,2021-08-23 16:00:00,0.00059349,
1629763200006,2021-08-24 00:00:00,0.00081277,
1629792000004,2021-08-24 08:00:00,0.00078393,
1629820800000,2021-08-24 16:00:00,0.00044358,
1629849600015,2021-08-25 00:00:00,0.00010000,
1629878400000,2021-08-25 08:00:00,0.00010000,
1629907200000,2021-08-25 16:00:00,0.00010000,
1629936000001,2021-08-26 00:00:00,0.00010000,
1629964800016,2021-08-26 08:00:00,0.00010000,
1629993600004,2021-08-26 16:00:00,0.00010000,
1630022400013,2021-08-27 00:00:00,0.00010000,
1630051200001,2021-08-27 08:00:00,0.00010000,
1630080000004,2021-08-27 16:00:00,0.00010000,
1630108800000,2021-08-28 00:00:00,0.00010000,
1630137600000,2021-08-28 08:00:00,0.00038732,
1630166400000,2021-08-28 16:00:00,0.00037867,
1630195200000,2021-08-29 00:00:00,0.00010003,
1630224000002,2021-08-29 08:00:00,0.00010000,
1630252800005,2021-08-29 16:00:00,0.00010000,
1630281600013,2021-08-30 00:00:00,0.00022400,
1630310400008,2021-08-30 08:00:00,0.00020715,
1630339200000,2021-08-30 16:00:00,0.00010000,
1630368000000,2021-08-31 00:00:00,0.00022059,
1630396800007,2021-08-31 08:00:00,0.00010000,
1630425600003,2021-08-31 16:00:00,0.00030231,
1630454400000,2021-09-01 00:00:00,0.00031077,
1630483200006,2021-09-01 08:00:00,0.00022655,
1630512000000,2021-09-01 16:00:00,0.00060391,
1630540800009,2021-09-02 00:00:00,0.00014239,
1630569600006,2021-09-02 08:00:00,0.00088323,
1630598400007,2021-09-02 16:00:00,0.00105749,
1630627200011,2021-09-03 00:00:00,0.00039452,
1630656000000,2021-09-03 08:00:00,0.00064860,
1630684800002,2021-09-03 16:00:00,0.00073908,
1630713600003,2021-09-04 00:00:00,0.00058752,
1630742400008,2021-09-04 08:00:00,0.00061477,
1630771200009,2021-09-04 16:00:00,0.00056276,
1630800000002,2021-09-05 00:00:00,0.00044495,
1630828800002,2021-09-05 08:00:00,0.00056281,
1630857600000,2021-09-05 16:00:00,0.00081294,
1630886400003,2021-09-06 00:00:00,0.00073677,
1630915200008,2021-09-06 08:00:00,0.00099254,
1630944000009,2021-09-06 16:00:00,0.00054710,
1630972800004,2021-09-07 00:00:00,0.00056854,
1631001600002,2021-09-07 08:00:00,0.00084093,
1631030400001,2021-09-07 16:00:00,-0.00176387,
1631059200005,2021-09-08 00:00:00,-0.00041892,
1631088000000,2021-09-08 08:00:00,0.00010000,
1631116800000,2021-09-08 16:00:00,0.00010000,
1631145600006,2021-09-09 00:00:00,0.00010000,
1631174400014,2021-09-09 08:00:00,0.00010000,
1631203200002,2021-09-09 16:00:00,0.00010000,
1631232000001,2021-09-10 00:00:00,0.00010000,
1631260800018,2021-09-10 08:00:00,0.00010000,
1631289600006,2021-09-10 16:00:00,0.00010000,
1631318400000,2021-09-11 00:00:00,0.00010000,
1631347200001,2021-09-11 08:00:00,0.00010000,
1631376000000,2021-09-11 16:00:00,0.00010000,
1631404800000,2021-09-12 00:00:00,0.00010000,
1631433600002,2021-09-12 08:00:00,0.00010000,
1631462400000,2021-09-12 16:00:00,0.00010000,
1631491200000,2021-09-13 00:00:00,0.00010000,
1631520000007,2021-09-13 08:00:00,0.00010000,
1631548800005,2021-09-13 16:00:00,0.00010000,
1631577600002,2021-09-14 00:00:00,0.00010000,
1631606400000,2021-09-14 08:00:00,0.00010000,
1631635200007,2021-09-14 16:00:00,0.00010000,
1631664000012,2021-09-15 00:00:00,0.00010000,
1631692800003,2021-09-15 08:00:00,0.00010000,
1631721600006,2021-09-15 16:00:00,0.00010000,
1631750400008,2021-09-16 00:00:00,0.00010000,
1631779200005,2021-09-16 08:00:00,0.00010000,
1631808000002,2021-09-16 16:00:00,0.00010000,
1631836800000,2021-09-17 00:00:00,0.00010000,
1631865600047,2021-09-17 08:00:00,0.00010000,
1631894400013,2021-09-17 16:00:00,0.00010000,
1631923200000,2021-09-18 00:00:00,0.00010000,
1631952000010,2021-09-18 08:00:00,0.00010000,
1631980800005,2021-09-18 16:00:00,0.00010000,
1632009600006,2021-09-19 00:00:00,0.00010000,
1632038400015,2021-09-19 08:00:00,0.00010000,
1632067200007,2021-09-19 16:00:00,0.00010000,
1632096000018,2021-09-20 00:00:00,0.00010000,
1632124800000,2021-09-20 08:00:00,0.00010000,
1632153600005,2021-09-20 16:00:00,0.00001898,
1632182400005,2021-09-21 00:00:00,0.00007231,
1632211200007,2021-09-21 08:00:00,0.00010000,
1632240000000,2021-09-21 16:00:00,0.00010000,
1632268800005,2021-09-22 00:00:00,0.00007454,
1632297600006,2021-09-22 08:00:00,-0.00005612,
1632326400000,2021-09-22 16:00:00,0.00004940,
1632355200003,2021-09-23 00:00:00,-0.00003703,
1632384000000,2021-09-23 08:00:00,0.00010000,
1632412800007,2021-09-23 16:00:00,0.00010000,
1632441600000,2021-09-24 00:00:00,0.00006762,
1632470400017,2021-09-24 08:00:00,0.00004330,
1632499200000,2021-09-24 16:00:00,-0.00003165,
1632528000007,2021-09-25 00:00:00,-0.00023699,
1632556800002,2021-09-25 08:00:00,-0.00002504,
1632585600004,2021-09-25 16:00:00,0.00002523,
1632614400013,2021-09-26 00:00:00,0.00006509,
1632643200000,2021-09-26 08:00:00,0.00001641,
1632672000005,2021-09-26 16:00:00,0.00010000,
1632700800000,2021-09-27 00:00:00,0.00001257,
1632729600001,2021-09-27 08:00:00,-0.00000912,
1632758400000,2021-09-27 16:00:00,-0.00019955,
1632787200000,2021-09-28 00:00:00,-0.00029622,
1632816000014,2021-09-28 08:00:00,-0.00036738,
1632844800000,2021-09-28 16:00:00,-0.00011042,
1632873600000,2021-09-29 00:00:00,-0.00035719,
1632902400002,2021-09-29 08:00:00,-0.00037891,
1632931200000,2021-09-29 16:00:00,-0.00005301,
1632960000000,2021-09-30 00:00:00,-0.00010754,
1632988800004,2021-09-30 08:00:00,-0.00000500,
1633017600005,2021-09-30 16:00:00,0.00006059,
1633046400012,2021-10-01 00:00:00,0.00005098,
1633075200008,2021-10-01 08:00:00,0.00009493,
1633104000000,2021-10-01 16:00:00,0.00010000,
1633132800000,2021-10-02 00:00:00,-0.00000834,
1633161600002,2021-10-02 08:00:00,0.00010000,
1633190400011,2021-10-02 16:00:00,0.00010000,
1633219200019,2021-10-03 00:00:00,0.00000184,
1633248000011,2021-10-03 08:00:00,0.00010000,
1633276800004,2021-10-03 16:00:00,0.00010000,
1633305600004,2021-10-04 00:00:00,0.00010000,
1633334400000,2021-10-04 08:00:00,0.00010000,
1633363200000,2021-10-04 16:00:00,0.00010000,
1633392000007,2021-10-05 00:00:00,0.00010000,
1633420800007,2021-10-05 08:00:00,0.00010000,
1633449600004,2021-10-05 16:00:00,0.00010000,
1633478400002,2021-10-06 00:00:00,0.00010000,
1633507200000,2021-10-06 08:00:00,0.00010000,
1633536000003,2021-10-06 16:00:00,0.00010000,
1633564800007,2021-10-07 00:00:00,0.00010000,
1633593600002,2021-10-07 08:00:00,0.00010000,
1633622400000,2021-10-07 16:00:00,0.00016368,
1633651200011,2021-10-08 00:00:00,0.00014329,
1633680000003,2021-10-08 08:00:00,0.00010000,
1633708800002,2021-10-08 16:00:00,0.00040151,
1633737600006,2021-10-09 00:00:00,0.00030717,
1633766400003,2021-10-09 08:00:00,0.00015247,
1633795200000,2021-10-09 16:00:00,0.00032772,
1633824000000,2021-10-10 00:00:00,0.00019341,
1633852800008,2021-10-10 08:00:00,0.00010000,
1633881600000,2021-10-10 16:00:00,0.00014688,
1633910400002,2021-10-11 00:00:00,0.00010000,
1633939200001,2021-10-11 08:00:00,0.00010000,
1633968000006,2021-10-11 16:00:00,0.00010000,
1633996800008,2021-10-12 00:00:00,0.00010000,
1634025600013,2021-10-12 08:00:00,0.00010000,
1634054400003,2021-10-12 16:00:00,0.00010000,
1634083200003,2021-10-13 00:00:00,0.00010000,
1634112000015,2021-10-13 08:00:00,0.00010000,
1634140800000,2021-10-13 16:00:00,0.00010000,
1634169600011,2021-10-14 00:00:00,0.00010000,
1634198400017,2021-10-14 08:00:00,0.00013929,
1634227200000,2021-10-14 16:00:00,0.00027242,
1634256000005,2021-10-15 00:00:00,0.00021103,
1634284800002,2021-10-15 08:00:00,0.00030892,
1634313600005,2021-10-15 16:00:00,0.00017733,
1634342400009,2021-10-16 00:00:00,0.00031386,
1634371200000,2021-10-16 08:00:00,0.00057932,
1634400000003,2021-10-16 16:00:00,0.00043643,
1634428800001,2021-10-17 00:00:00,0.00054800,
1634457600002,2021-10-17 08:00:00,0.00062412,
1634486400002,2021-10-17 16:00:00,0.00048178,
1634515200006,2021-10-18 00:00:00,0.00010000,
1634544000004,2021-10-18 08:00:00,0.00010000,
1634572800001,2021-10-18 16:00:00,0.00020191,
1634601600002,2021-10-19 00:00:00,0.00020613,
1634630400000,2021-10-19 08:00:00,0.00028196,
1634659200000,2021-10-19 16:00:00,0.00027207,
1634688000017,2021-10-20 00:00:00,0.00011904,
1634716800004,2021-10-20 08:00:00,0.00032343,
1634745600020,2021-10-20 16:00:00,0.00051898,
1634774400000,2021-10-21 00:00:00,0.00062679,
1634803200000,2021-10-21 08:00:00,0.00055959,
1634832000008,2021-10-21 16:00:00,0.00079590,
1634860800005,2021-10-22 00:00:00,0.00050259,
1634889600005,2021-10-22 08:00:00,0.00037070,
1634918400018,2021-10-22 16:00:00,0.00043281,
1634947200005,2021-10-23 00:00:00,0.00020857,
1634976000001,2021-10-23 08:00:00,0.00018009,
1635004800004,2021-10-23 16:00:00,0.00018442,
1635033600006,2021-10-24 00:00:00,0.00010000,
1635062400012,2021-10-24 08:00:00,0.00050461,
1635091200001,2021-10-24 16:00:00,0.00047508,
1635120000012,2021-10-25 00:00:00,0.00025994,
1635148800002,2021-10-25 08:00:00,0.00041611,
1635177600022,2021-10-25 16:00:00,0.00048395,
1635206400005,2021-10-26 00:00:00,0.00033163,
1635235200016,2021-10-26 08:00:00,0.00088347,
1635264000000,2021-10-26 16:00:00,0.00047250,
1635292800004,2021-10-27 00:00:00,0.00010000,
1635321600000,2021-10-27 08:00:00,0.00042286,
1635350400002,2021-10-27 16:00:00,-0.00016284,
1635379200002,2021-10-28 00:00:00,0.00010000,
1635408000000,2021-10-28 08:00:00,0.00010000,
1635436800005,2021-10-28 16:00:00,0.00010000,
1635465600000,2021-10-29 00:00:00,0.00010000,
1635494400007,2021-10-29 08:00:00,0.00010000,
1635523200001,2021-10-29 16:00:00,0.00010000,
1635552000000,2021-10-30 00:00:00,0.00010000,
1635580800001,2021-10-30 08:00:00,0.00010000,
1635609600013,2021-10-30 16:00:00,0.00010000,
1635638400008,2021-10-31 00:00:00,0.00010000,
1635667200010,2021-10-31 08:00:00,0.00019372,
1635696000001,2021-10-31 16:00:00,0.00010000,
1635724800009,2021-11-01 00:00:00,0.00010000,
1635753600014,2021-11-01 08:00:00,0.00010000,
1635782400001,2021-11-01 16:00:00,0.00033515,
1635811200000,2021-11-02 00:00:00,0.00010805,
1635840000007,2021-11-02 08:00:00,0.00050474,
1635868800010,2021-11-02 16:00:00,0.00050595,
1635897600019,2021-11-03 00:00:00,0.00047294,
1635926400000,2021-11-03 08:00:00,0.00041620,
1635955200005,2021-11-03 16:00:00,0.00010000,
1635984000006,2021-11-04 00:00:00,0.00016629,
1636012800004,2021-11-04 08:00:00,0.00062925,
1636041600004,2021-11-04 16:00:00,0.00031988,
1636070400000,2021-11-05 00:00:00,0.00020132,
1636099200013,2021-11-05 08:00:00,0.00016935,
1636128000016,2021-11-05 16:00:00,0.00010000,
1636156800010,2021-11-06 00:00:00,0.00010000,
1636185600000,2021-11-06 08:00:00,0.00010000,
1636214400007,2021-11-06 16:00:00,0.00010000,
1636243200013,2021-11-07 00:00:00,0.00010000,
1636272000005,2021-11-07 08:00:00,0.00010000,
1636300800004,2021-11-07 16:00:00,0.00010000,
1636329600001,2021-11-08 00:00:00,0.00010000,
1636358400000,2021-11-08 08:00:00,0.00029747,
1636387200000,2021-11-08 16:00:00,0.00068963,
1636416000000,2021-11-09 00:00:00,0.00040908,
1636444800014,2021-11-09 08:00:00,0.00088992,
1636473600001,2021-11-09 16:00:00,0.00033898,
1636502400000,2021-11-10 00:00:00,0.00043673,
1636531200003,2021-11-10 08:00:00,0.00021984,
1636560000001,2021-11-10 16:00:00,0.00068930,
1636588800008,2021-11-11 00:00:00,0.00010000,
1636617600012,2021-11-11 08:00:00,0.00010000,
1636646400007,2021-11-11 16:00:00,0.00010000,
1636675200000,2021-11-12 00:00:00,0.00010000,
1636704000000,2021-11-12 08:00:00,0.00010000,
1636732800004,2021-11-12 16:00:00,0.00010000,
1636761600000,2021-11-13 00:00:00,0.00010000,
1636790400004,2021-11-13 08:00:00,0.00010000,
1636819200006,2021-11-13 16:00:00,0.00010000,
1636848000010,2021-11-14 00:00:00,0.00010000,
1636876800001,2021-11-14 08:00:00,0.00010000,
1636905600000,2021-11-14 16:00:00,0.00010000,
1636934400008,2021-11-15 00:00:00,0.00021840,
1636963200000,2021-11-15 08:00:00,0.00035798,
1636992000000,2021-11-15 16:00:00,0.00027615,
1637020800000,2021-11-16 00:00:00,0.00013741,
1637049600001,2021-11-16 08:00:00,0.00010000,
1637078400018,2021-11-16 16:00:00,0.00010000,
1637107200005,2021-11-17 00:00:00,0.00010000,
1637136000007,2021-11-17 08:00:00,0.00010000,
1637164800003,2021-11-17 16:00:00,0.00010000,
1637193600017,2021-11-18 00:00:00,0.00010000,
1637222400007,2021-11-18 08:00:00,0.00010000,
1637251200011,2021-11-18 16:00:00,0.00010000,
1637280000000,2021-11-19 00:00:00,0.00010000,
1637308800000,2021-11-19 08:00:00,0.00010000,
1637337600005,2021-11-19 16:00:00,0.00010000,
1637366400012,2021-11-20 00:00:00,0.00010000,
1637395200000,2021-11-20 08:00:00,0.00010000,
1637424000007,2021-11-20 16:00:00,0.00010000,
1637452800000,2021-11-21 00:00:00,0.00010000,
1637481600006,2021-11-21 08:00:00,0.00010000,
1637510400000,2021-11-21 16:00:00,0.00010000,
1637539200004,2021-11-22 00:00:00,0.00010000,
1637568000000,2021-11-22 08:00:00,0.00010000,
1637596800000,2021-11-22 16:00:00,0.00010000,
1637625600004,2021-11-23 00:00:00,0.00010000,
1637654400010,2021-11-23 08:00:00,0.00010000,
1637683200005,2021-11-23 16:00:00,0.00010000,
1637712000001,2021-11-24 00:00:00,0.00010000,
1637740800003,2021-11-24 08:00:00,0.00010000,
1637769600010,2021-11-24 16:00:00,0.00010000,
1637798400000,2021-11-25 00:00:00,0.00010000,
1637827200010,2021-11-25 08:00:00,0.00040492,
1637856000000,2021-11-25 16:00:00,0.00021796,
1637884800000,2021-11-26 00:00:00,0.00033248,
1637913600000,2021-11-26 08:00:00,0.00030619,
1637942400016,2021-11-26 16:00:00,0.00010000,
1637971200005,2021-11-27 00:00:00,0.00010000,
1638000000008,2021-11-27 08:00:00,0.00010000,
1638028800007,2021-11-27 16:00:00,0.00010000,
1638057600018,2021-11-28 00:00:00,0.00010000,
1638086400000,2021-11-28 08:00:00,0.00010000,
1638115200004,2021-11-28 16:00:00,0.00010000,
1638144000002,2021-11-29 00:00:00,0.00010000,
1638172800004,2021-11-29 08:00:00,0.00010000,
1638201600000,2021-11-29 16:00:00,0.00010000,
1638230400000,2021-11-30 00:00:00,0.00010000,
1638259200006,2021-11-30 08:00:00,0.00010000,
1638288000000,2021-11-30 16:00:00,0.00010000,
1638316800000,2021-12-01 00:00:00,0.00010000,
1638345600000,2021-12-01 08:00:00,0.00010000,
1638374400001,2021-12-01 16:00:00,0.00010000,
1638403200000,2021-12-02 00:00:00,0.00010000,
1638432000007,2021-12-02 08:00:00,0.00010000,
1638460800008,2021-12-02 16:00:00,0.00010000,
1638489600004,2021-12-03 00:00:00,0.00010000,
1638518400002,2021-12-03 08:00:00,0.00010000,
1638547200006,2021-12-03 16:00:00,0.00010000,
1638576000006,2021-12-04 00:00:00,0.00010000,
1638604800004,2021-12-04 08:00:00,-0.00103210,
1638633600000,2021-12-04 16:00:00,-0.00076846,
1638662400003,2021-12-05 00:00:00,-0.00066338,
1638691200008,2021-12-05 08:00:00,-0.00062153,
1638720000007,2021-12-05 16:00:00,-0.00031165,
1638748800009,2021-12-06 00:00:00,-0.00010878,
1638777600001,2021-12-06 08:00:00,-0.00002933,
1638806400000,2021-12-06 16:00:00,-0.00011934,
1638835200018,2021-12-07 00:00:00,-0.00017147,
1638864000000,2021-12-07 08:00:00,-0.00015077,
1638892800000,2021-12-07 16:00:00,-0.00019354,
1638921600000,2021-12-08 00:00:00,0.00001819,
1638950400018,2021-12-08 08:00:00,-0.00004742,
1638979200010,2021-12-08 16:00:00,-0.00002908,
1639008000010,2021-12-09 00:00:00,-0.00022492,
1639036800000,2021-12-09 08:00:00,-0.00019583,
1639065600000,2021-12-09 16:00:00,-0.00002725,
1639094400000,2021-12-10 00:00:00,0.00002022,
1639123200008,2021-12-10 08:00:00,-0.00009775,
1639152000012,2021-12-10 16:00:00,-0.00025515,
1639180800009,2021-12-11 00:00:00,-0.00011267,
1639209600008,2021-12-11 08:00:00,-0.00000494,
1639238400000,2021-12-11 16:00:00,0.00010000,
1639267200001,2021-12-12 00:00:00,0.00005019,
1639296000015,2021-12-12 08:00:00,-0.00000699,
1639324800011,2021-12-12 16:00:00,0.00000259,
1639353600006,2021-12-13 00:00:00,0.00001405,
1639382400019,2021-12-13 08:00:00,-0.00004884,
1639411200000,2021-12-13 16:00:00,0.00005118,
1639440000004,2021-12-14 00:00:00,-0.00008811,
1639468800000,2021-12-14 08:00:00,-0.00003129,
1639497600015,2021-12-14 16:00:00,-0.00005376,
1639526400000,2021-12-15 00:00:00,-0.00007521,
1639555200008,2021-12-15 08:00:00,0.00010000,
1639584000005,2021-12-15 16:00:00,0.00001087,
1639612800006,2021-12-16 00:00:00,0.00006185,
1639641600009,2021-12-16 08:00:00,0.00010000,
1639670400000,2021-12-16 16:00:00,0.00007831,
1639699200000,2021-12-17 00:00:00,0.00010000,
1639728000005,2021-12-17 08:00:00,-0.00003022,
1639756800006,2021-12-17 16:00:00,-0.00006347,
1639785600014,2021-12-18 00:00:00,-0.00013095,
1639814400012,2021-12-18 08:00:00,-0.00005119,
1639843200000,2021-12-18 16:00:00,0.00010000,
1639872000031,2021-12-19 00:00:00,0.00006498,
1639900800000,2021-12-19 08:00:00,0.00010000,
1639929600003,2021-12-19 16:00:00,0.00010000,
1639958400015,2021-12-20 00:00:00,0.00010000,
1639987200007,2021-12-20 08:00:00,0.00010000,
1640016000005,2021-12-20 16:00:00,-0.00000730,
1640044800003,2021-12-21 00:00:00,0.00001130,
1640073600012,2021-12-21 08:00:00,-0.00007113,
1640102400005,2021-12-21 16:00:00,-0.00004473,
1640131200000,2021-12-22 00:00:00,-0.00012387,
1640160000001,2021-12-22 08:00:00,-0.00005819,
1640188800006,2021-12-22 16:00:00,0.00006347,
1640217600011,2021-12-23 00:00:00,-0.00010148,
1640246400000,2021-12-23 08:00:00,0.00005215,
1640275200000,2021-12-23 16:00:00,0.00010000,
1640304000005,2021-12-24 00:00:00,-0.00001956,
1640332800000,2021-12-24 08:00:00,-0.00004377,
1640361600011,2021-12-24 16:00:00,0.00010000,
1640390400000,2021-12-25 00:00:00,0.00010000,
1640419200001,2021-12-25 08:00:00,0.00010000,
1640448000005,2021-12-25 16:00:00,0.00010000,
1640476800004,2021-12-26 00:00:00,0.00008133,
1640505600002,2021-12-26 08:00:00,0.00010000,
1640534400000,2021-12-26 16:00:00,0.00010000,
1640563200002,2021-12-27 00:00:00,0.00006932,
1640592000005,2021-12-27 08:00:00,0.00010000,
1640620800000,2021-12-27 16:00:00,0.00010000,
1640649600000,2021-12-28 00:00:00,0.00010000,
1640678400012,2021-12-28 08:00:00,-0.00026783,
1640707200000,2021-12-28 16:00:00,-0.00002246,
1640736000006,2021-12-29 00:00:00,-0.00022938,
1640764800003,2021-12-29 08:00:00,-0.00011347,
1640793600004,2021-12-29 16:00:00,-0.00006547,
1640822400003,2021-12-30 00:00:00,-0.00005227,
1640851200001,2021-12-30 08:00:00,0.00001197,
1640880000017,2021-12-30 16:00:00,-0.00007709,
1640908800006,2021-12-31 00:00:00,0.00009941,
1640937600009,2021-12-31 08:00:00,0.00002181,
1640966400000,2021-12-31 16:00:00,0.00010000,
1640995200006,2022-01-01 00:00:00,-0.00003728,
1641024000009,2022-01-01 08:00:00,0.00010000,
1641052800000,2022-01-01 16:00:00,0.00010000,
1641081600028,2022-01-02 00:00:00,0.00006607,
1641110400000,2022-01-02 08:00:00,0.00004878,
1641139200000,2022-01-02 16:00:00,0.00007524,
1641168000010,2022-01-03 00:00:00,0.00010000,
1641196800013,2022-01-03 08:00:00,0.00010000,
1641225600018,2022-01-03 16:00:00,0.00010000,
1641254400000,2022-01-04 00:00:00,0.00010000,
1641283200010,2022-01-04 08:00:00,0.00010000,
1641312000002,2022-01-04 16:00:00,0.00010000,
1641340800001,2022-01-05 00:00:00,0.00010000,
1641369600017,2022-01-05 08:00:00,0.00010000,
1641398400000,2022-01-05 16:00:00,0.00010000,
1641427200002,2022-01-06 00:00:00,-0.00005237,
1641456000021,2022-01-06 08:00:00,-0.00009645,
1641484800006,2022-01-06 16:00:00,0.00008732,
1641513600005,2022-01-07 00:00:00,0.00002123,
1641542400000,2022-01-07 08:00:00,-0.00000940,
1641571200001,2022-01-07 16:00:00,0.00010000,
1641600000014,2022-01-08 00:00:00,0.00010000,
1641628800013,2022-01-08 08:00:00,0.00010000,
1641657600000,2022-01-08 16:00:00,0.00010000,
1641686400003,2022-01-09 00:00:00,-0.00016301,
1641715200000,2022-01-09 08:00:00,-0.00004563,
1641744000000,2022-01-09 16:00:00,0.00006980,
1641772800000,2022-01-10 00:00:00,-0.00010542,
1641801600010,2022-01-10 08:00:00,0.00003367,
1641830400007,2022-01-10 16:00:00,-0.00000176,
1641859200013,2022-01-11 00:00:00,-0.00013667,
1641888000004,2022-01-11 08:00:00,-0.00001558,
1641916800000,2022-01-11 16:00:00,0.00008843,
1641945600012,2022-01-12 00:00:00,-0.00008249,
1641974400015,2022-01-12 08:00:00,-0.00005985,
1642003200000,2022-01-12 16:00:00,-0.00012975,
1642032000007,2022-01-13 00:00:00,-0.00011506,
1642060800000,2022-01-13 08:00:00,0.00000643,
1642089600014,2022-01-13 16:00:00,0.00009363,
1642118400000,2022-01-14 00:00:00,0.00008569,
1642147200006,2022-01-14 08:00:00,0.00000954,
1642176000014,2022-01-14 16:00:00,-0.00004352,
1642204800000,2022-01-15 00:00:00,-0.00001894,
1642233600002,2022-01-15 08:00:00,-0.00002628,
1642262400000,2022-01-15 16:00:00,-0.00005179,
1642291200000,2022-01-16 00:00:00,-0.00006242,
1642320000017,2022-01-16 08:00:00,-0.00001890,
1642348800011,2022-01-16 16:00:00,0.00005587,
1642377600005,2022-01-17 00:00:00,0.00007331,
1642406400006,2022-01-17 08:00:00,0.00010000,
1642435200012,2022-01-17 16:00:00,-0.00004165,
1642464000020,2022-01-18 00:00:00,0.00010000,
1642492800000,2022-01-18 08:00:00,0.00004002,
1642521600013,2022-01-18 16:00:00,-0.00001714,
1642550400001,2022-01-19 00:00:00,0.00010000,
1642579200000,2022-01-19 08:00:00,-0.00001485,
1642608000000,2022-01-19 16:00:00,0.00005242,
1642636800015,2022-01-20 00:00:00,-0.00001852,
1642665600000,2022-01-20 08:00:00,0.00008856,
1642694400000,2022-01-20 16:00:00,-0.00012847,
1642723200007,2022-01-21 00:00:00,-0.00004035,
1642752000015,2022-01-21 08:00:00,-0.00005970,
1642780800000,2022-01-21 16:00:00,0.00004807,
1642809600017,2022-01-22 00:00:00,0.00010000,
1642838400003,2022-01-22 08:00:00,-0.00003781,
1642867200021,2022-01-22 16:00:00,-0.00035857,
1642896000026,2022-01-23 00:00:00,-0.00015777,
1642924800010,2022-01-23 08:00:00,-0.00015448,
1642953600009,2022-01-23 16:00:00,-0.00033346,
1642982400010,2022-01-24 00:00:00,-0.00022002,
1643011200000,2022-01-24 08:00:00,-0.00004925,
1643040000021,2022-01-24 16:00:00,-0.00014178,
1643068800000,2022-01-25 00:00:00,-0.00031279,
1643097600000,2022-01-25 08:00:00,0.00010000,
1643126400012,2022-01-25 16:00:00,0.00001329,
1643155200000,2022-01-26 00:00:00,0.00001014,
1643184000001,2022-01-26 08:00:00,0.00001161,
1643212800005,2022-01-26 16:00:00,0.00010000,
1643241600004,2022-01-27 00:00:00,-0.00000065,
1643270400004,2022-01-27 08:00:00,0.00007819,
1643299200019,2022-01-27 16:00:00,-0.00005636,
1643328000000,2022-01-28 00:00:00,0.00009114,
1643356800000,2022-01-28 08:00:00,-0.00012023,
1643385600025,2022-01-28 16:00:00,0.00010000,
1643414400017,2022-01-29 00:00:00,0.00002679,
1643443200000,2022-01-29 08:00:00,0.00010000,
1643472000013,2022-01-29 16:00:00,0.00010000,
1643500800025,2022-01-30 00:00:00,0.00010000,
1643529600009,2022-01-30 08:00:00,0.00009845,
1643558400000,2022-01-30 16:00:00,0.00010000,
1643587200000,2022-01-31 00:00:00,0.00008068,
1643616000000,2022-01-31 08:00:00,-0.00003425,
1643644800000,2022-01-31 16:00:00,-0.00001036,
1643673600010,2022-02-01 00:00:00,0.00007531,
1643702400000,2022-02-01 08:00:00,0.00006980,
1643731200004,2022-02-01 16:00:00,0.00003036,
1643760000004,2022-02-02 00:00:00,0.00004273,
1643788800000,2022-02-02 08:00:00,-0.00012834,
1643817600002,2022-02-02 16:00:00,0.00010000,
1643846400002,2022-02-03 00:00:00,0.00003692,
1643875200000,2022-02-03 08:00:00,-0.00008554,
1643904000000,2022-02-03 16:00:00,0.00002889,
1643932800018,2022-02-04 00:00:00,-0.00000287,
1643961600005,2022-02-04 08:00:00,-0.00014510,
1643990400010,2022-02-04 16:00:00,-0.00000968,
1644019200014,2022-02-05 00:00:00,-0.00037384,
1644048000000,2022-02-05 08:00:00,-0.00037908,
1644076800000,2022-02-05 16:00:00,-0.00049858,
1644105600000,2022-02-06 00:00:00,-0.00027691,
1644134400000,2022-02-06 08:00:00,-0.00009737,
1644163200000,2022-02-06 16:00:00,-0.00004040,
1644192000003,2022-02-07 00:00:00,-0.00010100,
1644220800014,2022-02-07 08:00:00,-0.00004158,
1644249600003,2022-02-07 16:00:00,-0.00014452,
1644278400001,2022-02-08 00:00:00,-0.00004561,
1644307200003,2022-02-08 08:00:00,0.00010000,
1644336000002,2022-02-08 16:00:00,0.00010000,
1644364800000,2022-02-09 00:00:00,0.00003990,
1644393600005,2022-02-09 08:00:00,-0.00007848,
1644422400001,2022-02-09 16:00:00,-0.00003787,
1644451200012,2022-02-10 00:00:00,0.00004656,
1644480000000,2022-02-10 08:00:00,0.00010000,
1644508800006,2022-02-10 16:00:00,0.00010000,
1644537600000,2022-02-11 00:00:00,0.00010000,
1644566400009,2022-02-11 08:00:00,0.00010000,
1644595200015,2022-02-11 16:00:00,0.00001701,
1644624000020,2022-02-12 00:00:00,0.00010000,
1644652800001,2022-02-12 08:00:00,0.00006126,
1644681600007,2022-02-12 16:00:00,-0.00002487,
1644710400022,2022-02-13 00:00:00,-0.00031698,
1644739200001,2022-02-13 08:00:00,-0.00024118,
1644768000007,2022-02-13 16:00:00,-0.00013974,
1644796800005,2022-02-14 00:00:00,0.00002919,
1644825600013,2022-02-14 08:00:00,0.00010000,
1644854400019,2022-02-14 16:00:00,-0.00004915,
1644883200012,2022-02-15 00:00:00,-0.00008865,
1644912000005,2022-02-15 08:00:00,-0.00048502,
1644940800011,2022-02-15 16:00:00,-0.00021075,
1644969600009,2022-02-16 00:00:00,0.00002647,
1644998400001,2022-02-16 08:00:00,0.00010000,
1645027200014,2022-02-16 16:00:00,0.00010000,
1645056000018,2022-02-17 00:00:00,-0.00003627,
1645084800000,2022-02-17 08:00:00,-0.00014857,
1645113600010,2022-02-17 16:00:00,0.00006419,
1645142400000,2022-02-18 00:00:00,0.00008435,
1645171200002,2022-02-18 08:00:00,0.00000060,
1645200000000,2022-02-18 16:00:00,0.00009097,
1645228800007,2022-02-19 00:00:00,0.00002168,
1645257600000,2022-02-19 08:00:00,0.00010000,
1645286400023,2022-02-19 16:00:00,0.00010000,
1645315200001,2022-02-20 00:00:00,0.00008699,
1645344000003,2022-02-20 08:00:00,0.00009196,
1645372800001,2022-02-20 16:00:00,0.00006887,
1645401600000,2022-02-21 00:00:00,0.00010000,
1645430400001,2022-02-21 08:00:00,0.00005850,
1645459200005,2022-02-21 16:00:00,-0.00006250,
1645488000005,2022-02-22 00:00:00,-0.00008148,
1645516800000,2022-02-22 08:00:00,-0.00014368,
1645545600000,2022-02-22 16:00:00,-0.00006262,
1645574400002,2022-02-23 00:00:00,-0.00007719,
1645603200005,2022-02-23 08:00:00,-0.00029371,
1645632000010,2022-02-23 16:00:00,-0.00000007,
1645660800008,2022-02-24 00:00:00,-0.00006166,
1645689600003,2022-02-24 08:00:00,-0.00042651,
1645718400001,2022-02-24 16:00:00,-0.00033483,
1645747200000,2022-02-25 00:00:00,0.00004250,
1645776000006,2022-02-25 08:00:00,-0.00011245,
1645804800001,2022-02-25 16:00:00,-0.00011301,
1645833600004,2022-02-26 00:00:00,-0.00009357,
1645862400004,2022-02-26 08:00:00,0.00010000,
1645891200007,2022-02-26 16:00:00,0.00010000,
1645920000012,2022-02-27 00:00:00,-0.00001705,
1645948800000,2022-02-27 08:00:00,0.00001121,
1645977600000,2022-02-27 16:00:00,0.00006293,
1646006400000,2022-02-28 00:00:00,-0.00005736,
1646035200001,2022-02-28 08:00:00,-0.00012247,
1646064000002,2022-02-28 16:00:00,0.00000561,
1646092800002,2022-03-01 00:00:00,0.00010000,
1646121600001,2022-03-01 08:00:00,0.00010000,
1646150400000,2022-03-01 16:00:00,0.00009843,
1646179200000,2022-03-02 00:00:00,0.00010000,
1646208000000,2022-03-02 08:00:00,0.00010000,
1646236800002,2022-03-02 16:00:00,0.00003172,
1646265600000,2022-03-03 00:00:00,0.00010000,
1646294400000,2022-03-03 08:00:00,0.00007671,
1646323200005,2022-03-03 16:00:00,0.00010000,
1646352000018,2022-03-04 00:00:00,0.00008079,
1646380800000,2022-03-04 08:00:00,0.00010000,
1646409600000,2022-03-04 16:00:00,0.00004900,
1646438400006,2022-03-05 00:00:00,-0.00017526,
1646467200004,2022-03-05 08:00:00,-0.00011627,
1646496000000,2022-03-05 16:00:00,-0.00007286,
1646524800004,2022-03-06 00:00:00,-0.00000018,
1646553600000,2022-03-06 08:00:00,0.00004181,
1646582400013,2022-03-06 16:00:00,0.00004353,
1646611200008,2022-03-07 00:00:00,-0.00004669,
1646640000006,2022-03-07 08:00:00,0.00000807,
1646668800000,2022-03-07 16:00:00,0.00008055,
1646697600008,2022-03-08 00:00:00,-0.00007280,
1646726400002,2022-03-08 08:00:00,0.00010000,
1646755200000,2022-03-08 16:00:00,0.00010000,
1646784000008,2022-03-09 00:00:00,0.00004311,
1646812800000,2022-03-09 08:00:00,0.00007140,
1646841600004,2022-03-09 16:00:00,0.00010000,
1646870400000,2022-03-10 00:00:00,0.00010000,
1646899200017,2022-03-10 08:00:00,-0.00014282,
1646928000000,2022-03-10 16:00:00,-0.00012075,
1646956800008,2022-03-11 00:00:00,0.00008948,
1646985600000,2022-03-11 08:00:00,-0.00016760,
1647014400001,2022-03-11 16:00:00,0.00010000,
1647043200010,2022-03-12 00:00:00,-0.00004241,
1647072000001,2022-03-12 08:00:00,0.00010000,
1647100800002,2022-03-12 16:00:00,0.00010000,
1647129600008,2022-03-13 00:00:00,0.00003465,
1647158400000,2022-03-13 08:00:00,0.00010000,
1647187200002,2022-03-13 16:00:00,-0.00001832,
1647216000014,2022-03-14 00:00:00,-0.00012119,
1647244800005,2022-03-14 08:00:00,0.00000530,
1647273600002,2022-03-14 16:00:00,0.00010000,
1647302400008,2022-03-15 00:00:00,0.00003577,
1647331200000,2022-03-15 08:00:00,0.00004036,
1647360000006,2022-03-15 16:00:00,0.00008886,
1647388800013,2022-03-16 00:00:00,0.00010000,
1647417600000,2022-03-16 08:00:00,0.00010000,
1647446400008,2022-03-16 16:00:00,0.00009404,
1647475200004,2022-03-17 00:00:00,-0.00020983,
1647504000000,2022-03-17 08:00:00,0.00010000,
1647532800004,2022-03-17 16:00:00,0.00010000,
1647561600000,2022-03-18 00:00:00,0.00007538,
1647590400000,2022-03-18 08:00:00,0.00010000,
1647619200017,2022-03-18 16:00:00,0.00010000,
1647648000008,2022-03-19 00:00:00,0.00010000,
1647676800015,2022-03-19 08:00:00,0.00010000,
1647705600000,2022-03-19 16:00:00,0.00010000,
1647734400000,2022-03-20 00:00:00,0.00010000,
1647763200001,2022-03-20 08:00:00,-0.00000270,
1647792000002,2022-03-20 16:00:00,-0.00001333,
1647820800013,2022-03-21 00:00:00,-0.00034505,
1647849600004,2022-03-21 08:00:00,0.00002746,
1647878400010,2022-03-21 16:00:00,-0.00016633,
1647907200012,2022-03-22 00:00:00,0.00010000,
1647936000001,2022-03-22 08:00:00,0.00010000,
1647964800022,2022-03-22 16:00:00,0.00010000,
1647993600007,2022-03-23 00:00:00,0.00002393,
1648022400000,2022-03-23 08:00:00,0.00006910,
1648051200006,2022-03-23 16:00:00,-0.00042574,
1648080000013,2022-03-24 00:00:00,-0.00010467,
1648108800006,2022-03-24 08:00:00,0.00005920,
1648137600020,2022-03-24 16:00:00,0.00010000,
1648166400010,2022-03-25 00:00:00,0.00010000,
1648195200001,2022-03-25 08:00:00,0.00010000,
1648224000014,2022-03-25 16:00:00,-0.00000532,
1648252800020,2022-03-26 00:00:00,-0.00006098,
1648281600006,2022-03-26 08:00:00,0.00007639,
1648310400000,2022-03-26 16:00:00,0.00010000,
1648339200004,2022-03-27 00:00:00,0.00010000,
1648368000001,2022-03-27 08:00:00,0.00003783,
1648396800006,2022-03-27 16:00:00,0.00006715,
1648425600012,2022-03-28 00:00:00,0.00002327,
1648454400007,2022-03-28 08:00:00,0.00010000,
1648483200000,2022-03-28 16:00:00,0.00010000,
1648512000000,2022-03-29 00:00:00,0.00010000,
1648540800015,2022-03-29 08:00:00,0.00010000,
1648569600000,2022-03-29 16:00:00,0.00010000,
1648598400000,2022-03-30 00:00:00,0.00010000,
1648627200002,2022-03-30 08:00:00,0.00010000,
1648656000028,2022-03-30 16:00:00,0.00010000,
1648684800017,2022-03-31 00:00:00,0.00010000,
1648713600000,2022-03-31 08:00:00,0.00010000,
1648742400015,2022-03-31 16:00:00,0.00010000,
1648771200000,2022-04-01 00:00:00,0.00010000,
1648800000000,2022-04-01 08:00:00,0.00010000,
1648828800018,2022-04-01 16:00:00,0.00010000,
1648857600000,2022-04-02 00:00:00,0.00010000,
1648886400002,2022-04-02 08:00:00,0.00010000,
1648915200006,2022-04-02 16:00:00,0.00010000,
1648944000018,2022-04-03 00:00:00,0.00010000,
1648972800018,2022-04-03 08:00:00,0.00010000,
1649001600015,2022-04-03 16:00:00,0.00010000,
1649030400006,2022-04-04 00:00:00,0.00010000,
1649059200000,2022-04-04 08:00:00,0.00010000,
1649088000016,2022-04-04 16:00:00,0.00010000,
1649116800000,2022-04-05 00:00:00,0.00010000,
1649145600010,2022-04-05 08:00:00,0.00010000,
1649174400008,2022-04-05 16:00:00,0.00010000,
1649203200001,2022-04-06 00:00:00,0.00010000,
1649232000021,2022-04-06 08:00:00,0.00005462,
1649260800000,2022-04-06 16:00:00,0.00010000,
1649289600009,2022-04-07 00:00:00,0.00003951,
1649318400000,2022-04-07 08:00:00,-0.00000544,
1649347200000,2022-04-07 16:00:00,-0.00018279,
1649376000000,2022-04-08 00:00:00,0.00009928,
1649404800004,2022-04-08 08:00:00,0.00010000,
1649433600008,2022-04-08 16:00:00,0.00010000,
1649462400008,2022-04-09 00:00:00,0.00010000,
1649491200000,2022-04-09 08:00:00,0.00010000,
1649520000001,2022-04-09 16:00:00,0.00010000,
1649548800004,2022-04-10 00:00:00,0.00004737,
1649577600007,2022-04-10 08:00:00,0.00010000,
1649606400016,2022-04-10 16:00:00,0.00007343,
1649635200000,2022-04-11 00:00:00,-0.00006735,
1649664000000,2022-04-11 08:00:00,0.00007505,
1649692800009,2022-04-11 16:00:00,0.00006403,
1649721600000,2022-04-12 00:00:00,-0.00021161,
1649750400006,2022-04-12 08:00:00,-0.00008646,
1649779200013,2022-04-12 16:00:00,-0.00025140,
1649808000005,2022-04-13 00:00:00,-0.00011724,
1649836800008,2022-04-13 08:00:00,-0.00012819,
1649865600013,2022-04-13 16:00:00,-0.00003296,
1649894400007,2022-04-14 00:00:00,0.00008948,
1649923200000,2022-04-14 08:00:00,0.00004765,
1649952000006,2022-04-14 16:00:00,0.00006947,
1649980800008,2022-04-15 00:00:00,-0.00007730,
1650009600002,2022-04-15 08:00:00,-0.00007536,
1650038400000,2022-04-15 16:00:00,0.00001613,
1650067200011,2022-04-16 00:00:00,0.00004562,
1650096000007,2022-04-16 08:00:00,0.00006211,
1650124800007,2022-04-16 16:00:00,0.00010000,
1650153600000,2022-04-17 00:00:00,0.00006625,
1650182400004,2022-04-17 08:00:00,0.00008408,
1650211200000,2022-04-17 16:00:00,-0.00006772,
1650240000008,2022-04-18 00:00:00,-0.00000942,
1650268800012,2022-04-18 08:00:00,-0.00029178,
1650297600000,2022-04-18 16:00:00,-0.00011979,
1650326400021,2022-04-19 00:00:00,-0.00031645,
1650355200031,2022-04-19 08:00:00,0.00005788,
1650384000000,2022-04-19 16:00:00,0.00006691,
1650412800025,2022-04-20 00:00:00,0.00010000,
1650441600003,2022-04-20 08:00:00,0.00010000,
1650470400000,2022-04-20 16:00:00,0.00010000,
1650499200000,2022-04-21 00:00:00,0.00004039,
1650528000000,2022-04-21 08:00:00,0.00010000,
1650556800024,2022-04-21 16:00:00,0.00010000,
1650585600008,2022-04-22 00:00:00,-0.00009582,
1650614400008,2022-04-22 08:00:00,-0.00014701,
1650643200008,2022-04-22 16:00:00,0.00007642,
1650672000000,2022-04-23 00:00:00,-0.00002748,
1650700800000,2022-04-23 08:00:00,0.00008366,
1650729600012,2022-04-23 16:00:00,0.00007164,
1650758400004,2022-04-24 00:00:00,0.00010000,
1650787200003,2022-04-24 08:00:00,0.00003598,
1650816000000,2022-04-24 16:00:00,0.00009025,
1650844800008,2022-04-25 00:00:00,0.00010000,
1650873600018,2022-04-25 08:00:00,0.00008269,
1650902400000,2022-04-25 16:00:00,0.00002730,
1650931200014,2022-04-26 00:00:00,0.00003766,
1650960000000,2022-04-26 08:00:00,0.00010000,
1650988800017,2022-04-26 16:00:00,0.00010000,
1651017600012,2022-04-27 00:00:00,-0.00005523,
1651046400000,2022-04-27 08:00:00,0.00010000,
1651075200002,2022-04-27 16:00:00,0.00003965,
1651104000000,2022-04-28 00:00:00,0.00005427,
1651132800004,2022-04-28 08:00:00,0.00010000,
1651161600030,2022-04-28 16:00:00,0.00010000,
1651190400000,2022-04-29 00:00:00,0.00010000,
1651219200016,2022-04-29 08:00:00,0.00010000,
1651248000010,2022-04-29 16:00:00,0.00010000,
1651276800000,2022-04-30 00:00:00,0.00007721,
1651305600005,2022-04-30 08:00:00,0.00009178,
1651334400015,2022-04-30 16:00:00,0.00005881,
1651363200000,2022-05-01 00:00:00,-0.00007894,
1651392000000,2022-05-01 08:00:00,-0.00034102,
1651420800010,2022-05-01 16:00:00,-0.00020466,
1651449600018,2022-05-02 00:00:00,-0.00022264,
1651478400007,2022-05-02 08:00:00,-0.00020805,
1651507200000,2022-05-02 16:00:00,-0.00010537,
1651536000006,2022-05-03 00:00:00,-0.00007166,
1651564800000,2022-05-03 08:00:00,0.00008324,
1651593600021,2022-05-03 16:00:00,0.00008269,
1651622400007,2022-05-04 00:00:00,-0.00014212,
1651651200011,2022-05-04 08:00:00,0.00010000,
1651680000000,2022-05-04 16:00:00,0.00010000,
1651708800005,2022-05-05 00:00:00,0.00010000,
1651737600019,2022-05-05 08:00:00,0.00010000,
1651766400005,2022-05-05 16:00:00,0.00010000,
1651795200005,2022-05-06 00:00:00,0.00003994,
1651824000001,2022-05-06 08:00:00,0.00001712,
1651852800010,2022-05-06 16:00:00,0.00002240,
1651881600004,2022-05-07 00:00:00,0.00005843,
1651910400016,2022-05-07 08:00:00,-0.00001729,
1651939200011,2022-05-07 16:00:00,0.00003366,
1651968000000,2022-05-08 00:00:00,0.00001212,
1651996800007,2022-05-08 08:00:00,-0.00000281,
1652025600015,2022-05-08 16:00:00,0.00003900,
1652054400000,2022-05-09 00:00:00,0.00006394,
1652083200001,2022-05-09 08:00:00,-0.00004063,
1652112000000,2022-05-09 16:00:00,-0.00005814,
1652140800000,2022-05-10 00:00:00,-0.00016636,
1652169600007,2022-05-10 08:00:00,-0.00004213,
1652198400008,2022-05-10 16:00:00,0.00001154,
1652227200004,2022-05-11 00:00:00,-0.00007632,
1652256000007,2022-05-11 08:00:00,-0.00006546,
1652284800008,2022-05-11 16:00:00,-0.00017071,
1652313600014,2022-05-12 00:00:00,-0.00013929,
1652342400000,2022-05-12 08:00:00,-0.00056257,
1652371200007,2022-05-12 16:00:00,-0.00006811,
1652400000014,2022-05-13 00:00:00,-0.00017413,
1652428800001,2022-05-13 08:00:00,-0.00032920,
1652457600000,2022-05-13 16:00:00,-0.00022432,
1652486400000,2022-05-14 00:00:00,-0.00010934,
1652515200000,2022-05-14 08:00:00,-0.00002353,
1652544000001,2022-05-14 16:00:00,0.00010000,
1652572800000,2022-05-15 00:00:00,-0.00005657,
1652601600000,2022-05-15 08:00:00,-0.00005836,
1652630400000,2022-05-15 16:00:00,-0.00008272,
1652659200021,2022-05-16 00:00:00,-0.00005723,
1652688000013,2022-05-16 08:00:00,0.00009017,
1652716800006,2022-05-16 16:00:00,0.00005437,
1652745600000,2022-05-17 00:00:00,-0.00010913,
1652774400010,2022-05-17 08:00:00,-0.00004034,
1652803200023,2022-05-17 16:00:00,-0.00006585,
1652832000003,2022-05-18 00:00:00,-0.00010277,
1652860800024,2022-05-18 08:00:00,-0.00006056,
1652889600014,2022-05-18 16:00:00,-0.00018307,
1652918400000,2022-05-19 00:00:00,-0.00020194,
1652947200008,2022-05-19 08:00:00,-0.00011449,
1652976000015,2022-05-19 16:00:00,-0.00004542,
1653004800001,2022-05-20 00:00:00,0.00010000,
1653033600003,2022-05-20 08:00:00,-0.00001836,
1653062400012,2022-05-20 16:00:00,0.00007326,
1653091200008,2022-05-21 00:00:00,0.00001765,
1653120000001,2022-05-21 08:00:00,-0.00006191,
1653148800007,2022-05-21 16:00:00,-0.00004521,
1653177600003,2022-05-22 00:00:00,-0.00007879,
1653206400016,2022-05-22 08:00:00,-0.00001976,
1653235200000,2022-05-22 16:00:00,0.00010000,
1653264000011,2022-05-23 00:00:00,0.00010000,
1653292800000,2022-05-23 08:00:00,0.00006882,
1653321600023,2022-05-23 16:00:00,0.00001069,
1653350400011,2022-05-24 00:00:00,0.00010000,
1653379200000,2022-05-24 08:00:00,-0.00018011,
1653408000009,2022-05-24 16:00:00,-0.00023626,
1653436800001,2022-05-25 00:00:00,-0.00016692,
1653465600000,2022-05-25 08:00:00,-0.00006016,
1653494400015,2022-05-25 16:00:00,-0.00009887,
1653523200005,2022-05-26 00:00:00,0.00000644,
1653552000001,2022-05-26 08:00:00,-0.00009305,
1653580800000,2022-05-26 16:00:00,-0.00037905,
1653609600007,2022-05-27 00:00:00,0.00005148,
1653638400008,2022-05-27 08:00:00,-0.00018638,
1653667200000,2022-05-27 16:00:00,-0.00008801,
1653696000018,2022-05-28 00:00:00,-0.00005308,
1653724800016,2022-05-28 08:00:00,-0.00001252,
1653753600013,2022-05-28 16:00:00,-0.00004811,
1653782400000,2022-05-29 00:00:00,-0.00007167,
1653811200025,2022-05-29 08:00:00,-0.00017977,
1653840000002,2022-05-29 16:00:00,-0.00000696,
1653868800000,2022-05-30 00:00:00,0.00003782,
1653897600013,2022-05-30 08:00:00,-0.00002706,
1653926400005,2022-05-30 16:00:00,0.00010000,
1653955200016,2022-05-31 00:00:00,-0.00006205,
1653984000000,2022-05-31 08:00:00,0.00010000,
1654012800000,2022-05-31 16:00:00,0.00009614,
1654041600000,2022-06-01 00:00:00,-0.00001333,
1654070400011,2022-06-01 08:00:00,0.00005560,
1654099200000,2022-06-01 16:00:00,0.00005589,
1654128000000,2022-06-02 00:00:00,-0.00021410,
1654156800006,2022-06-02 08:00:00,-0.00020725,
1654185600021,2022-06-02 16:00:00,-0.00013054,
1654214400016,2022-06-03 00:00:00,-0.00017681,
1654243200016,2022-06-03 08:00:00,-0.00023714,
1654272000012,2022-06-03 16:00:00,-0.00013008,
1654300800005,2022-06-04 00:00:00,-0.00012892,
1654329600000,2022-06-04 08:00:00,0.00001128,
1654358400007,2022-06-04 16:00:00,-0.00004820,
1654387200005,2022-06-05 00:00:00,-0.00014662,
1654416000015,2022-06-05 08:00:00,-0.00008086,
1654444800000,2022-06-05 16:00:00,-0.00019436,
1654473600000,2022-06-06 00:00:00,-0.00008724,
1654502400017,2022-06-06 08:00:00,0.00005751,
1654531200000,2022-06-06 16:00:00,0.00010000,
1654560000000,2022-06-07 00:00:00,0.00010000,
1654588800011,2022-06-07 08:00:00,-0.00024697,
1654617600000,2022-06-07 16:00:00,-0.00021096,
1654646400008,2022-06-08 00:00:00,-0.00001386,
1654675200020,2022-06-08 08:00:00,-0.00022740,
1654704000012,2022-06-08 16:00:00,-0.00002252,
1654732800000,2022-06-09 00:00:00,-0.00015090,
1654761600000,2022-06-09 08:00:00,-0.00002667,
1654790400000,2022-06-09 16:00:00,-0.00003147,
1654819200009,2022-06-10 00:00:00,-0.00006685,
1654848000000,2022-06-10 08:00:00,-0.00006987,
1654876800006,2022-06-10 16:00:00,-0.00015723,
1654905600018,2022-06-11 00:00:00,-0.00007165,
1654934400014,2022-06-11 08:00:00,-0.00012459,
1654963200000,2022-06-11 16:00:00,-0.00002356,
1654992000015,2022-06-12 00:00:00,-0.00046193,
1655020800019,2022-06-12 08:00:00,-0.00030226,
1655049600010,2022-06-12 16:00:00,-0.00029356,
1655078400009,2022-06-13 00:00:00,-0.00036554,
1655107200000,2022-06-13 08:00:00,-0.00055346,
1655136000007,2022-06-13 16:00:00,-0.00047056,
1655164800013,2022-06-14 00:00:00,-0.00040871,
1655193600008,2022-06-14 08:00:00,-0.00045840,
1655222400006,2022-06-14 16:00:00,-0.00021532,
1655251200000,2022-06-15 00:00:00,-0.00030538,
1655280000016,2022-06-15 08:00:00,-0.00041906,
1655308800008,2022-06-15 16:00:00,-0.00030054,
1655337600009,2022-06-16 00:00:00,-0.00002137,
1655366400016,2022-06-16 08:00:00,-0.00008497,
1655395200000,2022-06-16 16:00:00,-0.00037688,
1655424000008,2022-06-17 00:00:00,-0.00044074,
1655452800003,2022-06-17 08:00:00,-0.00036632,
1655481600000,2022-06-17 16:00:00,-0.00031633,
1655510400020,2022-06-18 00:00:00,-0.00031767,
1655539200025,2022-06-18 08:00:00,-0.00026648,
1655568000014,2022-06-18 16:00:00,-0.00031625,
1655596800012,2022-06-19 00:00:00,-0.00028460,
1655625600012,2022-06-19 08:00:00,-0.00038310,
1655654400008,2022-06-19 16:00:00,-0.00000098,
1655683200016,2022-06-20 00:00:00,0.00003208,
1655712000000,2022-06-20 08:00:00,0.00003813,
1655740800013,2022-06-20 16:00:00,0.00008435,
1655769600012,2022-06-21 00:00:00,-0.00002656,
1655798400018,2022-06-21 08:00:00,0.00010000,
1655827200010,2022-06-21 16:00:00,0.00010000,
1655856000000,2022-06-22 00:00:00,0.00010000,
1655884800001,2022-06-22 08:00:00,0.00010000,
1655913600012,2022-06-22 16:00:00,0.00002492,
1655942400000,2022-06-23 00:00:00,0.00003183,
1655971200000,2022-06-23 08:00:00,0.00009278,
1656000000016,2022-06-23 16:00:00,0.00002433,
1656028800005,2022-06-24 00:00:00,0.00002851,
1656057600004,2022-06-24 08:00:00,0.00010000,
1656086400018,2022-06-24 16:00:00,0.00010000,
1656115200001,2022-06-25 00:00:00,0.00010000,
1656144000010,2022-06-25 08:00:00,0.00010000,
1656172800000,2022-06-25 16:00:00,-0.00002093,
1656201600002,2022-06-26 00:00:00,0.00010000,
1656230400016,2022-06-26 08:00:00,0.00010000,
1656259200006,2022-06-26 16:00:00,0.00010000,
1656288000008,2022-06-27 00:00:00,0.00005663,
1656316800000,2022-06-27 08:00:00,0.00003746,
1656345600016,2022-06-27 16:00:00,0.00010000,
1656374400016,2022-06-28 00:00:00,0.00010000,
1656403200001,2022-06-28 08:00:00,0.00005347,
1656432000005,2022-06-28 16:00:00,0.00000011,
1656460800000,2022-06-29 00:00:00,-0.00016978,
1656489600013,2022-06-29 08:00:00,0.00005130,
1656518400000,2022-06-29 16:00:00,-0.00000186,
1656547200000,2022-06-30 00:00:00,-0.00012008,
1656576000000,2022-06-30 08:00:00,0.00010000,
1656604800000,2022-06-30 16:00:00,-0.00019091,
1656633600001,2022-07-01 00:00:00,-0.00001896,
1656662400017,2022-07-01 08:00:00,0.00010000,
1656691200005,2022-07-01 16:00:00,-0.00007022,
1656720000000,2022-07-02 00:00:00,-0.00009134,
1656748800000,2022-07-02 08:00:00,0.00009400,
1656777600008,2022-07-02 16:00:00,0.00004606,
1656806400015,2022-07-03 00:00:00,-0.00003546,
1656835200004,2022-07-03 08:00:00,0.00003862,
1656864000005,2022-07-03 16:00:00,-0.00000454,
1656892800021,2022-07-04 00:00:00,0.00004893,
1656921600001,2022-07-04 08:00:00,-0.00009280,
1656950400000,2022-07-04 16:00:00,0.00010000,
1656979200000,2022-07-05 00:00:00,0.00010000,
1657008000000,2022-07-05 08:00:00,0.00010000,
1657036800015,2022-07-05 16:00:00,0.00010000,
1657065600006,2022-07-06 00:00:00,0.00006941,
1657094400000,2022-07-06 08:00:00,0.00010000,
1657123200000,2022-07-06 16:00:00,0.00010000,
1657152000010,2022-07-07 00:00:00,0.00007828,
1657180800010,2022-07-07 08:00:00,0.00010000,
1657209600011,2022-07-07 16:00:00,0.00010000,
1657238400008,2022-07-08 00:00:00,0.00010000,
1657267200009,2022-07-08 08:00:00,0.00010000,
1657296000000,2022-07-08 16:00:00,0.00010000,
1657324800000,2022-07-09 00:00:00,0.00007497,
1657353600000,2022-07-09 08:00:00,0.00010000,
1657382400009,2022-07-09 16:00:00,0.00010000,
1657411200001,2022-07-10 00:00:00,0.00010000,
1657440000002,2022-07-10 08:00:00,0.00010000,
1657468800001,2022-07-10 16:00:00,0.00010000,
1657497600000,2022-07-11 00:00:00,-0.00001559,
1657526400003,2022-07-11 08:00:00,0.00005119,
1657555200001,2022-07-11 16:00:00,0.00005583,
1657584000000,2022-07-12 00:00:00,-0.00012771,
1657612800021,2022-07-12 08:00:00,-0.00014894,
1657641600000,2022-07-12 16:00:00,-0.00012642,
1657670400012,2022-07-13 00:00:00,-0.00019205,
1657699200022,2022-07-13 08:00:00,-0.00006456,
1657728000005,2022-07-13 16:00:00,-0.00026803,
1657756800017,2022-07-14 00:00:00,-0.00039896,
1657785600001,2022-07-14 08:00:00,-0.00013842,
1657814400000,2022-07-14 16:00:00,-0.00003288,
1657843200004,2022-07-15 00:00:00,-0.00001160,
1657872000019,2022-07-15 08:00:00,-0.00003722,
1657900800017,2022-07-15 16:00:00,0.00002221,
1657929600021,2022-07-16 00:00:00,0.00001197,
1657958400014,2022-07-16 08:00:00,0.00010000,
1657987200005,2022-07-16 16:00:00,0.00009507,
1658016000000,2022-07-17 00:00:00,0.00010000,
1658044800003,2022-07-17 08:00:00,-0.00057599,
1658073600007,2022-07-17 16:00:00,-0.00027738,
1658102400001,2022-07-18 00:00:00,-0.00020352,
1658131200004,2022-07-18 08:00:00,-0.00067781,
1658160000019,2022-07-18 16:00:00,-0.00034278,
1658188800000,2022-07-19 00:00:00,-0.00023795,
1658217600000,2022-07-19 08:00:00,-0.00009053,
1658246400001,2022-07-19 16:00:00,-0.00016499,
1658275200004,2022-07-20 00:00:00,-0.00022605,
1658304000000,2022-07-20 08:00:00,-0.00008428,
1658332800003,2022-07-20 16:00:00,-0.00006773,
1658361600000,2022-07-21 00:00:00,0.00010000,
1658390400018,2022-07-21 08:00:00,0.00010000,
1658419200011,2022-07-21 16:00:00,0.00010000,
1658448000014,2022-07-22 00:00:00,0.00010000,
1658476800000,2022-07-22 08:00:00,0.00010000,
1658505600000,2022-07-22 16:00:00,0.00010000,
1658534400004,2022-07-23 00:00:00,0.00010000,
1658563200002,2022-07-23 08:00:00,0.00010000,
1658592000001,2022-07-23 16:00:00,0.00010000,
1658620800000,2022-07-24 00:00:00,0.00010000,
1658649600011,2022-07-24 08:00:00,0.00004601,
1658678400000,2022-07-24 16:00:00,-0.00004209,
1658707200000,2022-07-25 00:00:00,0.00006923,
1658736000014,2022-07-25 08:00:00,-0.00021908,
1658764800006,2022-07-25 16:00:00,0.00008257,
1658793600010,2022-07-26 00:00:00,0.00002697,
1658822400000,2022-07-26 08:00:00,-0.00018389,
1658851200000,2022-07-26 16:00:00,-0.00023714,
1658880000008,2022-07-27 00:00:00,-0.00015790,
1658908800000,2022-07-27 08:00:00,-0.00029579,
1658937600003,2022-07-27 16:00:00,-0.00035476,
1658966400009,2022-07-28 00:00:00,-0.00014663,
1658995200008,2022-07-28 08:00:00,0.00010000,
1659024000013,2022-07-28 16:00:00,-0.00007034,
1659052800000,2022-07-29 00:00:00,0.00010000,
1659081600000,2022-07-29 08:00:00,0.00010000,
1659110400000,2022-07-29 16:00:00,0.00006266,
1659139200005,2022-07-30 00:00:00,0.00010000,
1659168000009,2022-07-30 08:00:00,0.00010000,
1659196800000,2022-07-30 16:00:00,0.00010000,
1659225600022,2022-07-31 00:00:00,0.00010000,
1659254400011,2022-07-31 08:00:00,0.00010000,
1659283200019,2022-07-31 16:00:00,0.00010000,
1659312000010,2022-08-01 00:00:00,0.00010000,
1659340800019,2022-08-01 08:00:00,0.00010000,
1659369600017,2022-08-01 16:00:00,0.00010000,
1659398400000,2022-08-02 00:00:00,0.00010000,
1659427200007,2022-08-02 08:00:00,0.00010000,
1659456000014,2022-08-02 16:00:00,0.00004018,
1659484800001,2022-08-03 00:00:00,0.00003043,
1659513600020,2022-08-03 08:00:00,0.00000466,
1659542400008,2022-08-03 16:00:00,-0.00001919,
1659571200001,2022-08-04 00:00:00,0.00002095,
1659600000009,2022-08-04 08:00:00,-0.00001097,
1659628800015,2022-08-04 16:00:00,-0.00002642,
1659657600005,2022-08-05 00:00:00,0.00010000,
1659686400000,2022-08-05 08:00:00,0.00010000,
1659715200000,2022-08-05 16:00:00,0.00010000,
1659744000021,2022-08-06 00:00:00,0.00008750,
1659772800000,2022-08-06 08:00:00,0.00010000,
1659801600015,2022-08-06 16:00:00,0.00010000,
1659830400013,2022-08-07 00:00:00,0.00010000,
1659859200000,2022-08-07 08:00:00,0.00010000,
1659888000014,2022-08-07 16:00:00,0.00001227,
1659916800009,2022-08-08 00:00:00,0.00010000,
1659945600006,2022-08-08 08:00:00,-0.00011111,
1659974400000,2022-08-08 16:00:00,0.00010000,
1660003200020,2022-08-09 00:00:00,0.00005954,
1660032000000,2022-08-09 08:00:00,0.00010000,
1660060800000,2022-08-09 16:00:00,-0.00019197,
1660089600000,2022-08-10 00:00:00,0.00001244,
1660118400016,2022-08-10 08:00:00,0.00010000,
1660147200018,2022-08-10 16:00:00,0.00010000,
1660176000012,2022-08-11 00:00:00,0.00010000,
1660204800000,2022-08-11 08:00:00,0.00010000,
1660233600000,2022-08-11 16:00:00,0.00010000,
1660262400006,2022-08-12 00:00:00,0.00010000,
1660291200000,2022-08-12 08:00:00,0.00010000,
1660320000005,2022-08-12 16:00:00,0.00001367,
1660348800012,2022-08-13 00:00:00,0.00010000,
1660377600006,2022-08-13 08:00:00,0.00010000,
1660406400018,2022-08-13 16:00:00,0.00010000,
1660435200000,2022-08-14 00:00:00,0.00010000,
1660464000000,2022-08-14 08:00:00,0.00000456,
1660492800000,2022-08-14 16:00:00,-0.00000457,
1660521600010,2022-08-15 00:00:00,-0.00004090,
1660550400002,2022-08-15 08:00:00,0.00009254,
1660579200010,2022-08-15 16:00:00,0.00007046,
1660608000010,2022-08-16 00:00:00,0.00010000,
1660636800002,2022-08-16 08:00:00,0.00005502,
1660665600000,2022-08-16 16:00:00,0.00001180,
1660694400020,2022-08-17 00:00:00,-0.00009252,
1660723200016,2022-08-17 08:00:00,0.00000816,
1660752000001,2022-08-17 16:00:00,0.00001101,
1660780800005,2022-08-18 00:00:00,0.00010000,
1660809600012,2022-08-18 08:00:00,0.00010000,
1660838400013,2022-08-18 16:00:00,0.00006248,
1660867200000,2022-08-19 00:00:00,-0.00002287,
1660896000000,2022-08-19 08:00:00,-0.00033327,
1660924800009,2022-08-19 16:00:00,-0.00034880,
1660953600000,2022-08-20 00:00:00,-0.00000479,
1660982400005,2022-08-20 08:00:00,-0.00022748,
1661011200000,2022-08-20 16:00:00,-0.00036592,
1661040000010,2022-08-21 00:00:00,-0.00034288,
1661068800013,2022-08-21 08:00:00,-0.00018908,
1661097600000,2022-08-21 16:00:00,-0.00056647,
1661126400011,2022-08-22 00:00:00,-0.00046834,
1661155200005,2022-08-22 08:00:00,-0.00037789,
1661184000005,2022-08-22 16:00:00,-0.00013018,
1661212800000,2022-08-23 00:00:00,-0.00003513,
1661241600021,2022-08-23 08:00:00,-0.00005599,
1661270400005,2022-08-23 16:00:00,-0.00010199,
1661299200017,2022-08-24 00:00:00,-0.00005302,
1661328000021,2022-08-24 08:00:00,-0.00027010,
1661356800000,2022-08-24 16:00:00,-0.00022984,
1661385600003,2022-08-25 00:00:00,-0.00000271,
1661414400000,2022-08-25 08:00:00,-0.00026900,
1661443200004,2022-08-25 16:00:00,-0.00019348,
1661472000001,2022-08-26 00:00:00,-0.00020318,
1661500800004,2022-08-26 08:00:00,-0.00021892,
1661529600000,2022-08-26 16:00:00,-0.00018455,
1661558400010,2022-08-27 00:00:00,-0.00024001,
1661587200007,2022-08-27 08:00:00,-0.00022413,
1661616000008,2022-08-27 16:00:00,-0.00027255,
1661644800019,2022-08-28 00:00:00,-0.00038528,
1661673600000,2022-08-28 08:00:00,-0.00034572,
1661702400000,2022-08-28 16:00:00,-0.00031156,
1661731200000,2022-08-29 00:00:00,-0.00044735,
1661760000000,2022-08-29 08:00:00,-0.00040876,
1661788800001,2022-08-29 16:00:00,-0.00082872,
1661817600001,2022-08-30 00:00:00,-0.00018368,
1661846400005,2022-08-30 08:00:00,-0.00020553,
1661875200010,2022-08-30 16:00:00,-0.00016021,
1661904000000,2022-08-31 00:00:00,-0.00036266,
1661932800005,2022-08-31 08:00:00,-0.00023597,
1661961600013,2022-08-31 16:00:00,-0.00046438,
1661990400012,2022-09-01 00:00:00,-0.00015789,
1662019200000,2022-09-01 08:00:00,-0.00025727,
1662048000013,2022-09-01 16:00:00,-0.00026150,
1662076800002,2022-09-02 00:00:00,-0.00009644,
1662105600013,2022-09-02 08:00:00,0.00000809,
1662134400000,2022-09-02 16:00:00,-0.00005849,
1662163200000,2022-09-03 00:00:00,-0.00021731,
1662192000002,2022-09-03 08:00:00,-0.00019356,
1662220800007,2022-09-03 16:00:00,-0.00016422,
1662249600008,2022-09-04 00:00:00,-0.00020438,
1662278400009,2022-09-04 08:00:00,-0.00011358,
1662307200000,2022-09-04 16:00:00,-0.00025165,
1662336000015,2022-09-05 00:00:00,-0.00014667,
1662364800013,2022-09-05 08:00:00,-0.00023745,
1662393600007,2022-09-05 16:00:00,-0.00022818,
1662422400018,2022-09-06 00:00:00,0.00007508,
1662451200020,2022-09-06 08:00:00,0.00008062,
1662480000028,2022-09-06 16:00:00,0.00005908,
1662508800013,2022-09-07 00:00:00,0.00000467,
1662537600022,2022-09-07 08:00:00,-0.00022941,
1662566400021,2022-09-07 16:00:00,-0.00029953,
1662595200010,2022-09-08 00:00:00,-0.00075493,
1662624000000,2022-09-08 08:00:00,-0.00015833,
1662652800003,2022-09-08 16:00:00,-0.00002085,
1662681600011,2022-09-09 00:00:00,-0.00013962,
1662710400000,2022-09-09 08:00:00,0.00003788,
1662739200000,2022-09-09 16:00:00,0.00010000,
1662768000003,2022-09-10 00:00:00,0.00010000,
1662796800000,2022-09-10 08:00:00,0.00009170,
1662825600012,2022-09-10 16:00:00,-0.00000158,
1662854400009,2022-09-11 00:00:00,0.00005172,
1662883200012,2022-09-11 08:00:00,-0.00003757,
1662912000005,2022-09-11 16:00:00,-0.00005367,
1662940800007,2022-09-12 00:00:00,0.00001635,
1662969600013,2022-09-12 08:00:00,-0.00010452,
1662998400000,2022-09-12 16:00:00,-0.00011009,
1663027200004,2022-09-13 00:00:00,-0.00010881,
1663056000000,2022-09-13 08:00:00,0.00010000,
1663084800000,2022-09-13 16:00:00,-0.00017618,
1663113600000,2022-09-14 00:00:00,-0.00016579,
1663142400000,2022-09-14 08:00:00,0.00002396,
1663171200000,2022-09-14 16:00:00,-0.00015160,
1663200000019,2022-09-15 00:00:00,0.00005002,
1663228800012,2022-09-15 08:00:00,-0.00043869,
1663257600007,2022-09-15 16:00:00,-0.00008539,
1663286400000,2022-09-16 00:00:00,-0.00020000,
1663315200000,2022-09-16 08:00:00,-0.00251487,
1663344000000,2022-09-16 16:00:00,-0.00157957,
1663372800000,2022-09-17 00:00:00,-0.00115300,
1663401600012,2022-09-17 08:00:00,-0.00100520,
1663430400017,2022-09-17 16:00:00,-0.00049902,
1663459200000,2022-09-18 00:00:00,-0.00038320,
1663488000004,2022-09-18 08:00:00,-0.00029388,
1663516800000,2022-09-18 16:00:00,-0.00060987,
1663545600018,2022-09-19 00:00:00,-0.00074423,
1663574400006,2022-09-19 08:00:00,-0.00165888,
1663603200010,2022-09-19 16:00:00,-0.00249497,
1663632000007,2022-09-20 00:00:00,-0.00278547,
1663660800001,2022-09-20 08:00:00,-0.00109638,
1663689600000,2022-09-20 16:00:00,-0.00063730,
1663718400001,2022-09-21 00:00:00,-0.00070344,
1663747200005,2022-09-21 08:00:00,-0.00068755,
1663776000000,2022-09-21 16:00:00,-0.00048725,
1663804800000,2022-09-22 00:00:00,-0.00239283,
1663833600000,2022-09-22 08:00:00,-0.00196283,
1663862400011,2022-09-22 16:00:00,-0.00059057,
1663891200023,2022-09-23 00:00:00,-0.00074775,
1663920000004,2022-09-23 08:00:00,-0.00043619,
1663948800005,2022-09-23 16:00:00,-0.00076122,
1663977600000,2022-09-24 00:00:00,-0.00014874,
1664006400005,2022-09-24 08:00:00,-0.00011985,
1664035200000,2022-09-24 16:00:00,-0.00028157,
1664064000010,2022-09-25 00:00:00,-0.00026195,
1664092800000,2022-09-25 08:00:00,-0.00027644,
1664121600003,2022-09-25 16:00:00,-0.00034558,
1664150400001,2022-09-26 00:00:00,-0.00045441,
1664179200006,2022-09-26 08:00:00,-0.00040635,
1664208000000,2022-09-26 16:00:00,-0.00051586,
1664236800026,2022-09-27 00:00:00,-0.00030589,
1664265600004,2022-09-27 08:00:00,-0.00019169,
1664294400006,2022-09-27 16:00:00,-0.00011752,
1664323200011,2022-09-28 00:00:00,-0.00044769,
1664352000000,2022-09-28 08:00:00,-0.00058169,
1664380800000,2022-09-28 16:00:00,-0.00053852,
1664409600010,2022-09-29 00:00:00,-0.00044664,
1664438400000,2022-09-29 08:00:00,-0.00032897,
1664467200000,2022-09-29 16:00:00,-0.00032336,
1664496000006,2022-09-30 00:00:00,-0.00062408,
1664524800002,2022-09-30 08:00:00,-0.00018649,
1664553600007,2022-09-30 16:00:00,-0.00018809,
1664582400008,2022-10-01 00:00:00,-0.00020566,
1664611200011,2022-10-01 08:00:00,-0.00000508,
1664640000000,2022-10-01 16:00:00,-0.00023786,
1664668800000,2022-10-02 00:00:00,-0.00017802,
1664697600000,2022-10-02 08:00:00,-0.00004435,
1664726400006,2022-10-02 16:00:00,-0.00014594,
1664755200000,2022-10-03 00:00:00,-0.00003965,
1664784000014,2022-10-03 08:00:00,-0.00002627,
1664812800010,2022-10-03 16:00:00,0.00003025,
1664841600006,2022-10-04 00:00:00,-0.00003902,
1664870400004,2022-10-04 08:00:00,0.00005431,
1664899200013,2022-10-04 16:00:00,-0.00017791,
1664928000000,2022-10-05 00:00:00,-0.00005502,
1664956800000,2022-10-05 08:00:00,-0.00005845,
1664985600012,2022-10-05 16:00:00,-0.00002370,
1665014400008,2022-10-06 00:00:00,-0.00006300,
1665043200002,2022-10-06 08:00:00,0.00005581,
1665072000006,2022-10-06 16:00:00,0.00000342,
1665100800000,2022-10-07 00:00:00,0.00000223,
1665129600000,2022-10-07 08:00:00,0.00004723,
1665158400007,2022-10-07 16:00:00,0.00001248,
1665187200010,2022-10-08 00:00:00,-0.00002352,
1665216000004,2022-10-08 08:00:00,0.00006505,
1665244800018,2022-10-08 16:00:00,0.00001781,
1665273600000,2022-10-09 00:00:00,-0.00009213,
1665302400007,2022-10-09 08:00:00,-0.00007241,
1665331200011,2022-10-09 16:00:00,-0.00005012,
1665360000018,2022-10-10 00:00:00,-0.00014388,
1665388800000,2022-10-10 08:00:00,0.00005204,
1665417600026,2022-10-10 16:00:00,-0.00014953,
1665446400020,2022-10-11 00:00:00,-0.00033376,
1665475200027,2022-10-11 08:00:00,-0.00042517,
1665504000000,2022-10-11 16:00:00,-0.00037726,
1665532800014,2022-10-12 00:00:00,-0.00008887,
1665561600000,2022-10-12 08:00:00,-0.00018019,
1665590400000,2022-10-12 16:00:00,-0.00010938,
1665619200013,2022-10-13 00:00:00,-0.00015098,
1665648000016,2022-10-13 08:00:00,-0.00024438,
1665676800009,2022-10-13 16:00:00,-0.00067074,
1665705600020,2022-10-14 00:00:00,-0.00051881,
1665734400000,2022-10-14 08:00:00,-0.00014418,
1665763200009,2022-10-14 16:00:00,-0.00023972,
1665792000001,2022-10-15 00:00:00,-0.00016186,
1665820800005,2022-10-15 08:00:00,-0.00023292,
1665849600004,2022-10-15 16:00:00,-0.00035048,
1665878400012,2022-10-16 00:00:00,-0.00032467,
1665907200000,2022-10-16 08:00:00,-0.00029584,
1665936000010,2022-10-16 16:00:00,-0.00035104,
1665964800012,2022-10-17 00:00:00,-0.00023522,
1665993600010,2022-10-17 08:00:00,-0.00019780,
1666022400017,2022-10-17 16:00:00,-0.00035903,
1666051200010,2022-10-18 00:00:00,-0.00018535,
1666080000008,2022-10-18 08:00:00,-0.00015133,
1666108800000,2022-10-18 16:00:00,-0.00015671,
1666137600007,2022-10-19 00:00:00,-0.00014285,
1666166400022,2022-10-19 08:00:00,-0.00003627,
1666195200016,2022-10-19 16:00:00,0.00002416,
1666224000000,2022-10-20 00:00:00,-0.00002300,
1666252800013,2022-10-20 08:00:00,-0.00000248,
1666281600000,2022-10-20 16:00:00,-0.00006474,
1666310400005,2022-10-21 00:00:00,-0.00014565,
1666339200018,2022-10-21 08:00:00,-0.00026349,
1666368000000,2022-10-21 16:00:00,-0.00013628,
1666396800000,2022-10-22 00:00:00,-0.00014491,
1666425600015,2022-10-22 08:00:00,-0.00006157,
1666454400000,2022-10-22 16:00:00,-0.00023872,
1666483200025,2022-10-23 00:00:00,-0.00012326,
1666512000000,2022-10-23 08:00:00,0.00000396,
1666540800004,2022-10-23 16:00:00,0.00005859,
1666569600009,2022-10-24 00:00:00,-0.00006052,
1666598400012,2022-10-24 08:00:00,-0.00012629,
1666627200002,2022-10-24 16:00:00,-0.00031374,
1666656000013,2022-10-25 00:00:00,0.00002555,
1666684800013,2022-10-25 08:00:00,0.00007683,
1666713600000,2022-10-25 16:00:00,-0.00007756,
1666742400006,2022-10-26 00:00:00,0.00002774,
1666771200013,2022-10-26 08:00:00,-0.00000024,
1666800000000,2022-10-26 16:00:00,-0.00006950,
1666828800009,2022-10-27 00:00:00,0.00001833,
1666857600006,2022-10-27 08:00:00,-0.00000187,
1666886400009,2022-10-27 16:00:00,-0.00005862,
1666915200000,2022-10-28 00:00:00,-0.00004645,
1666944000000,2022-10-28 08:00:00,-0.00003996,
1666972800007,2022-10-28 16:00:00,0.00004577,
1667001600000,2022-10-29 00:00:00,0.00001961,
1667030400003,2022-10-29 08:00:00,0.00003774,
1667059200010,2022-10-29 16:00:00,0.00004266,
1667088000000,2022-10-30 00:00:00,0.00009129,
1667116800013,2022-10-30 08:00:00,0.00010000,
1667145600009,2022-10-30 16:00:00,-0.00001306,
1667174400012,2022-10-31 00:00:00,-0.00007240,
1667203200000,2022-10-31 08:00:00,0.00006155,
1667232000010,2022-10-31 16:00:00,-0.00005263,
1667260800000,2022-11-01 00:00:00,-0.00014822,
1667289600000,2022-11-01 08:00:00,0.00000583,
1667318400000,2022-11-01 16:00:00,-0.00001116,
1667347200000,2022-11-02 00:00:00,-0.00013149,
1667376000000,2022-11-02 08:00:00,-0.00001168,
1667404800019,2022-11-02 16:00:00,-0.00008007,
1667433600011,2022-11-03 00:00:00,-0.00024040,
1667462400016,2022-11-03 08:00:00,-0.00000362,
1667491200005,2022-11-03 16:00:00,0.00000613,
1667520000000,2022-11-04 00:00:00,-0.00001243,
1667548800004,2022-11-04 08:00:00,0.00005621,
1667577600020,2022-11-04 16:00:00,0.00010000,
1667606400009,2022-11-05 00:00:00,0.00009673,
1667635200007,2022-11-05 08:00:00,0.00010000,
1667664000018,2022-11-05 16:00:00,0.00010000,
1667692800009,2022-11-06 00:00:00,0.00010000,
1667721600000,2022-11-06 08:00:00,0.00002461,
1667750400010,2022-11-06 16:00:00,0.00004241,
1667779200012,2022-11-07 00:00:00,0.00004930,
1667808000014,2022-11-07 08:00:00,-0.00007586,
1667836800006,2022-11-07 16:00:00,0.00010000,
1667865600000,2022-11-08 00:00:00,0.00000461,
1667894400001,2022-11-08 08:00:00,-0.00023599,
1667923200005,2022-11-08 16:00:00,-0.00007019,
1667952000000,2022-11-09 00:00:00,-0.00044766,
1667980800013,2022-11-09 08:00:00,-0.00026480,
1668009600004,2022-11-09 16:00:00,-0.00008603,
1668038400006,2022-11-10 00:00:00,-0.00055324,
1668067200000,2022-11-10 08:00:00,-0.00005897,
1668096000015,2022-11-10 16:00:00,-0.00004569,
1668124800000,2022-11-11 00:00:00,0.00005266,
1668153600015,2022-11-11 08:00:00,0.00009752,
1668182400027,2022-11-11 16:00:00,0.00009508,
1668211200007,2022-11-12 00:00:00,0.00006365,
1668240000016,2022-11-12 08:00:00,0.00005075,
1668268800000,2022-11-12 16:00:00,-0.00013316,
1668297600004,2022-11-13 00:00:00,-0.00011984,
1668326400000,2022-11-13 08:00:00,-0.00011761,
1668355200017,2022-11-13 16:00:00,0.00002295,
1668384000000,2022-11-14 00:00:00,0.00006467,
1668412800000,2022-11-14 08:00:00,0.00006228,
1668441600000,2022-11-14 16:00:00,0.00007080,
1668470400014,2022-11-15 00:00:00,0.00007061,
1668499200009,2022-11-15 08:00:00,0.00003826,
1668528000010,2022-11-15 16:00:00,0.00000574,
1668556800011,2022-11-16 00:00:00,-0.00018507,
1668585600004,2022-11-16 08:00:00,-0.00005235,
1668614400008,2022-11-16 16:00:00,-0.00005190,
1668643200000,2022-11-17 00:00:00,-0.00010962,
1668672000000,2022-11-17 08:00:00,-0.00000008,
1668700800006,2022-11-17 16:00:00,0.00002055,
1668729600004,2022-11-18 00:00:00,-0.00025238,
1668758400016,2022-11-18 08:00:00,0.00009149,
1668787200000,2022-11-18 16:00:00,-0.00004286,
1668816000000,2022-11-19 00:00:00,-0.00025397,
1668844800004,2022-11-19 08:00:00,-0.00036775,
1668873600024,2022-11-19 16:00:00,-0.00038452,
1668902400015,2022-11-20 00:00:00,-0.00017434,
1668931200004,2022-11-20 08:00:00,-0.00010660,
1668960000000,2022-11-20 16:00:00,-0.00024885,
1668988800006,2022-11-21 00:00:00,-0.00038813,
1669017600015,2022-11-21 08:00:00,-0.00025068,
1669046400000,2022-11-21 16:00:00,-0.00006365,
1669075200000,2022-11-22 00:00:00,-0.00001685,
1669104000000,2022-11-22 08:00:00,0.00010000,
1669132800000,2022-11-22 16:00:00,0.00006402,
1669161600000,2022-11-23 00:00:00,-0.00002598,
1669190400011,2022-11-23 08:00:00,0.00000965,
1669219200014,2022-11-23 16:00:00,-0.00009022,
1669248000007,2022-11-24 00:00:00,0.00002113,
1669276800014,2022-11-24 08:00:00,0.00003229,
1669305600013,2022-11-24 16:00:00,0.00004439,
1669334400004,2022-11-25 00:00:00,0.00001799,
1669363200015,2022-11-25 08:00:00,0.00008919,
1669392000000,2022-11-25 16:00:00,0.00002374,
1669420800011,2022-11-26 00:00:00,-0.00004706,
1669449600000,2022-11-26 08:00:00,-0.00002135,
1669478400000,2022-11-26 16:00:00,0.00000830,
1669507200012,2022-11-27 00:00:00,-0.00009933,
1669536000000,2022-11-27 08:00:00,-0.00003030,
1669564800003,2022-11-27 16:00:00,0.00007438,
1669593600015,2022-11-28 00:00:00,0.00010000,
1669622400004,2022-11-28 08:00:00,-0.00014855,
1669651200011,2022-11-28 16:00:00,-0.00014471,
1669680000000,2022-11-29 00:00:00,0.00004047,
1669708800015,2022-11-29 08:00:00,0.00008477,
1669737600000,2022-11-29 16:00:00,0.00005271,
1669766400007,2022-11-30 00:00:00,-0.00003401,
1669795200000,2022-11-30 08:00:00,-0.00002285,
1669824000015,2022-11-30 16:00:00,-0.00011238,
1669852800001,2022-12-01 00:00:00,-0.00009444,
1669881600006,2022-12-01 08:00:00,0.00005116,
1669910400000,2022-12-01 16:00:00,0.00003145,
1669939200001,2022-12-02 00:00:00,0.00003129,
1669968000016,2022-12-02 08:00:00,-0.00010457,
1669996800017,2022-12-02 16:00:00,-0.00024645,
1670025600006,2022-12-03 00:00:00,0.00000708,
1670054400000,2022-12-03 08:00:00,0.00002076,
1670083200011,2022-12-03 16:00:00,-0.00001080,
1670112000006,2022-12-04 00:00:00,-0.00026040,
1670140800000,2022-12-04 08:00:00,-0.00006709,
1670169600006,2022-12-04 16:00:00,-0.00003069,
1670198400002,2022-12-05 00:00:00,-0.00004543,
1670227200011,2022-12-05 08:00:00,0.00003881,
1670256000008,2022-12-05 16:00:00,0.00005602,
1670284800014,2022-12-06 00:00:00,-0.00019849,
1670313600027,2022-12-06 08:00:00,-0.00012831,
1670342400009,2022-12-06 16:00:00,-0.00006980,
1670371200000,2022-12-07 00:00:00,-0.00000588,
1670400000000,2022-12-07 08:00:00,-0.00004614,
1670428800000,2022-12-07 16:00:00,-0.00033401,
1670457600006,2022-12-08 00:00:00,-0.00028036,
1670486400000,2022-12-08 08:00:00,-0.00011291,
1670515200014,2022-12-08 16:00:00,-0.00016267,
1670544000017,2022-12-09 00:00:00,-0.00009559,
1670572800005,2022-12-09 08:00:00,0.00010000,
1670601600000,2022-12-09 16:00:00,0.00004746,
1670630400009,2022-12-10 00:00:00,-0.00000723,
1670659200010,2022-12-10 08:00:00,-0.00002169,
1670688000001,2022-12-10 16:00:00,0.00001955,
1670716800011,2022-12-11 00:00:00,0.00006416,
1670745600007,2022-12-11 08:00:00,0.00002166,
1670774400011,2022-12-11 16:00:00,-0.00004063,
1670803200000,2022-12-12 00:00:00,-0.00002198,
1670832000004,2022-12-12 08:00:00,-0.00027804,
1670860800000,2022-12-12 16:00:00,-0.00024233,
1670889600000,2022-12-13 00:00:00,-0.00030581,
1670918400018,2022-12-13 08:00:00,-0.00020799,
1670947200011,2022-12-13 16:00:00,0.00008779,
1670976000010,2022-12-14 00:00:00,0.00010000,
1671004800015,2022-12-14 08:00:00,0.00004375,
1671033600004,2022-12-14 16:00:00,-0.00012667,
1671062400000,2022-12-15 00:00:00,-0.00003252,
1671091200023,2022-12-15 08:00:00,0.00001847,
1671120000010,2022-12-15 16:00:00,-0.00005719,
1671148800016,2022-12-16 00:00:00,-0.00021753,
1671177600011,2022-12-16 08:00:00,-0.00001344,
1671206400001,2022-12-16 16:00:00,-0.00027713,
1671235200001,2022-12-17 00:00:00,-0.00039816,
1671264000011,2022-12-17 08:00:00,-0.00046544,
1671292800011,2022-12-17 16:00:00,-0.00034689,
1671321600008,2022-12-18 00:00:00,-0.00049589,
1671350400001,2022-12-18 08:00:00,-0.00036118,
1671379200012,2022-12-18 16:00:00,-0.00026201,
1671408000000,2022-12-19 00:00:00,-0.00046393,
1671436800000,2022-12-19 08:00:00,-0.00036716,
1671465600000,2022-12-19 16:00:00,-0.00024912,
1671494400005,2022-12-20 00:00:00,-0.00040004,
1671523200016,2022-12-20 08:00:00,-0.00014417,
1671552000000,2022-12-20 16:00:00,-0.00048957,
1671580800007,2022-12-21 00:00:00,-0.00034275,
1671609600012,2022-12-21 08:00:00,-0.00024227,
1671638400017,2022-12-21 16:00:00,-0.00029462,
1671667200004,2022-12-22 00:00:00,-0.00030555,
1671696000000,2022-12-22 08:00:00,-0.00020704,
1671724800001,2022-12-22 16:00:00,-0.00006206,
1671753600018,2022-12-23 00:00:00,-0.00007430,
1671782400000,2022-12-23 08:00:00,0.00001449,
1671811200000,2022-12-23 16:00:00,-0.00005027,
1671840000001,2022-12-24 00:00:00,0.00001536,
1671868800007,2022-12-24 08:00:00,-0.00005147,
1671897600008,2022-12-24 16:00:00,-0.00003142,
1671926400000,2022-12-25 00:00:00,-0.00006619,
1671955200013,2022-12-25 08:00:00,-0.00003997,
1671984000000,2022-12-25 16:00:00,0.00000343,
1672012800001,2022-12-26 00:00:00,-0.00008595,
1672041600000,2022-12-26 08:00:00,0.00000892,
1672070400005,2022-12-26 16:00:00,0.00004680,
1672099200005,2022-12-27 00:00:00,0.00007937,
1672128000010,2022-12-27 08:00:00,0.00008697,
1672156800006,2022-12-27 16:00:00,-0.00006272,
1672185600010,2022-12-28 00:00:00,-0.00025648,
1672214400010,2022-12-28 08:00:00,-0.00019181,
1672243200010,2022-12-28 16:00:00,-0.00003686,
1672272000011,2022-12-29 00:00:00,-0.00010071,
1672300800000,2022-12-29 08:00:00,-0.00020733,
1672329600008,2022-12-29 16:00:00,-0.00035485,
1672358400000,2022-12-30 00:00:00,-0.00004397,
1672387200000,2022-12-30 08:00:00,-0.00010946,
1672416000000,2022-12-30 16:00:00,-0.00012434,
1672444800014,2022-12-31 00:00:00,-0.00006655,
1672473600000,2022-12-31 08:00:00,-0.00000403,
1672502400000,2022-12-31 16:00:00,0.00003040,
1672531200000,2023-01-01 00:00:00,0.00009157,
1672560000008,2023-01-01 08:00:00,0.00010000,
1672588800000,2023-01-01 16:00:00,0.00006409,
1672617600000,2023-01-02 00:00:00,0.00008201,
1672646400008,2023-01-02 08:00:00,0.00010000,
1672675200015,2023-01-02 16:00:00,0.00006864,
1672704000003,2023-01-03 00:00:00,0.00003245,
1672732800018,2023-01-03 08:00:00,-0.00003111,
1672761600000,2023-01-03 16:00:00,0.00003614,
1672790400000,2023-01-04 00:00:00,-0.00027464,
1672819200016,2023-01-04 08:00:00,-0.00001334,
1672848000011,2023-01-04 16:00:00,-0.00034999,
1672876800009,2023-01-05 00:00:00,-0.00011275,
1672905600011,2023-01-05 08:00:00,-0.00019696,
1672934400000,2023-01-05 16:00:00,0.00010000,
1672963200005,2023-01-06 00:00:00,0.00010000,
1672992000001,2023-01-06 08:00:00,0.00007900,
1673020800000,2023-01-06 16:00:00,-0.00002678,
1673049600006,2023-01-07 00:00:00,-0.00017707,
1673078400017,2023-01-07 08:00:00,-0.00003960,
1673107200000,2023-01-07 16:00:00,-0.00014336,
1673136000015,2023-01-08 00:00:00,0.00000039,
1673164800000,2023-01-08 08:00:00,-0.00003433,
1673193600010,2023-01-08 16:00:00,-0.00000427,
1673222400003,2023-01-09 00:00:00,0.00000423,
1673251200000,2023-01-09 08:00:00,0.00010000,
1673280000006,2023-01-09 16:00:00,0.00010000,
1673308800003,2023-01-10 00:00:00,0.00010000,
1673337600021,2023-01-10 08:00:00,0.00010000,
1673366400000,2023-01-10 16:00:00,0.00010000,
1673395200011,2023-01-11 00:00:00,0.00010000,
1673424000006,2023-01-11 08:00:00,0.00010000,
1673452800004,2023-01-11 16:00:00,0.00010000,
1673481600000,2023-01-12 00:00:00,0.00010000,
1673510400000,2023-01-12 08:00:00,0.00010000,
1673539200000,2023-01-12 16:00:00,0.00010000,
1673568000004,2023-01-13 00:00:00,0.00010000,
1673596800000,2023-01-13 08:00:00,0.00010000,
1673625600018,2023-01-13 16:00:00,0.00010000,
1673654400000,2023-01-14 00:00:00,0.00010000,
1673683200001,2023-01-14 08:00:00,0.00040569,
1673712000000,2023-01-14 16:00:00,0.00010000,
1673740800010,2023-01-15 00:00:00,0.00010000,
1673769600002,2023-01-15 08:00:00,0.00010000,
1673798400000,2023-01-15 16:00:00,0.00010000,
1673827200010,2023-01-16 00:00:00,0.00010000,
1673856000007,2023-01-16 08:00:00,0.00010000,
1673884800000,2023-01-16 16:00:00,0.00010000,
1673913600004,2023-01-17 00:00:00,0.00009100,
1673942400005,2023-01-17 08:00:00,0.00010000,
1673971200001,2023-01-17 16:00:00,0.00010000,
1674000000008,2023-01-18 00:00:00,0.00010000,
1674028800009,2023-01-18 08:00:00,0.00010000,
1674057600017,2023-01-18 16:00:00,0.00010000,
1674086400000,2023-01-19 00:00:00,0.00010000,
1674115200015,2023-01-19 08:00:00,0.00010000,
1674144000012,2023-01-19 16:00:00,0.00010000,
1674172800000,2023-01-20 00:00:00,0.00010000,
1674201600000,2023-01-20 08:00:00,0.00010000,
1674230400000,2023-01-20 16:00:00,0.00010000,
1674259200013,2023-01-21 00:00:00,0.00010000,
1674288000001,2023-01-21 08:00:00,0.00033078,
1674316800016,2023-01-21 16:00:00,0.00010000,
1674345600000,2023-01-22 00:00:00,0.00010000,
1674374400000,2023-01-22 08:00:00,0.00010000,
1674403200023,2023-01-22 16:00:00,0.00010000,
1674432000014,2023-01-23 00:00:00,0.00010000,
1674460800014,2023-01-23 08:00:00,0.00010000,
1674489600016,2023-01-23 16:00:00,0.00010000,
1674518400008,2023-01-24 00:00:00,0.00010000,
1674547200008,2023-01-24 08:00:00,0.00011965,
1674576000000,2023-01-24 16:00:00,0.00010000,
1674604800012,2023-01-25 00:00:00,0.00010000,
1674633600000,2023-01-25 08:00:00,0.00010000,
1674662400010,2023-01-25 16:00:00,0.00010000,
1674691200010,2023-01-26 00:00:00,0.00010000,
1674720000003,2023-01-26 08:00:00,0.00010000,
1674748800020,2023-01-26 16:00:00,0.00010000,
1674777600008,2023-01-27 00:00:00,0.00010000,
1674806400000,2023-01-27 08:00:00,0.00010000,
1674835200000,2023-01-27 16:00:00,0.00010000,
1674864000009,2023-01-28 00:00:00,0.00010000,
1674892800018,2023-01-28 08:00:00,0.00010000,
1674921600005,2023-01-28 16:00:00,0.00010000,
1674950400011,2023-01-29 00:00:00,0.00010000,
1674979200000,2023-01-29 08:00:00,0.00010000,
1675008000008,2023-01-29 16:00:00,0.00010000,
1675036800001,2023-01-30 00:00:00,0.00010000,
1675065600000,2023-01-30 08:00:00,0.00010000,
1675094400000,2023-01-30 16:00:00,0.00010000,
1675123200005,2023-01-31 00:00:00,0.00010000,
1675152000000,2023-01-31 08:00:00,0.00010000,
1675180800007,2023-01-31 16:00:00,0.00010000,
1675209600013,2023-02-01 00:00:00,0.00010000,
1675238400000,2023-02-01 08:00:00,0.00010000,
1675267200012,2023-02-01 16:00:00,0.00010000,
1675296000004,2023-02-02 00:00:00,0.00010000,
1675324800023,2023-02-02 08:00:00,0.00017687,
1675353600003,2023-02-02 16:00:00,0.00010000,
1675382400010,2023-02-03 00:00:00,0.00020547,
1675411200000,2023-02-03 08:00:00,0.00012140,
1675440000000,2023-02-03 16:00:00,0.00010000,
1675468800010,2023-02-04 00:00:00,0.00010000,
1675497600000,2023-02-04 08:00:00,0.00010000,
1675526400000,2023-02-04 16:00:00,0.00025587,
1675555200016,2023-02-05 00:00:00,0.00010000,
1675584000009,2023-02-05 08:00:00,0.00010000,
1675612800018,2023-02-05 16:00:00,0.00010000,
1675641600001,2023-02-06 00:00:00,0.00010000,
1675670400000,2023-02-06 08:00:00,0.00010000,
1675699200012,2023-02-06 16:00:00,0.00010000,
1675728000004,2023-02-07 00:00:00,0.00010000,
1675756800011,2023-02-07 08:00:00,0.00010000,
1675785600018,2023-02-07 16:00:00,0.00010000,
1675814400009,2023-02-08 00:00:00,0.00010000,
1675843200010,2023-02-08 08:00:00,0.00010000,
1675872000000,2023-02-08 16:00:00,0.00010000,
1675900800014,2023-02-09 00:00:00,0.00010000,
1675929600006,2023-02-09 08:00:00,0.00010000,
1675958400001,2023-02-09 16:00:00,0.00010000,
1675987200012,2023-02-10 00:00:00,-0.00000796,
1676016000005,2023-02-10 08:00:00,-0.00008871,
1676044800020,2023-02-10 16:00:00,0.00010000,
1676073600007,2023-02-11 00:00:00,0.00010000,
1676102400002,2023-02-11 08:00:00,0.00010000,
1676131200021,2023-02-11 16:00:00,0.00010000,
1676160000004,2023-02-12 00:00:00,0.00010000,
1676188800000,2023-02-12 08:00:00,0.00010000,
1676217600002,2023-02-12 16:00:00,0.00010000,
1676246400006,2023-02-13 00:00:00,0.00004700,
1676275200008,2023-02-13 08:00:00,0.00010000,
1676304000002,2023-02-13 16:00:00,0.00010000,
1676332800013,2023-02-14 00:00:00,0.00000502,
1676361600014,2023-02-14 08:00:00,0.00010000,
1676390400016,2023-02-14 16:00:00,0.00010000,
1676419200011,2023-02-15 00:00:00,0.00010000,
1676448000000,2023-02-15 08:00:00,0.00010000,
1676476800005,2023-02-15 16:00:00,0.00009092,
1676505600019,2023-02-16 00:00:00,0.00010000,
1676534400000,2023-02-16 08:00:00,0.00010000,
1676563200001,2023-02-16 16:00:00,0.00010000,
1676592000003,2023-02-17 00:00:00,0.00010000,
1676620800016,2023-02-17 08:00:00,0.00010000,
1676649600000,2023-02-17 16:00:00,0.00010000,
1676678400011,2023-02-18 00:00:00,0.00010000,
1676707200000,2023-02-18 08:00:00,0.00010000,
1676736000007,2023-02-18 16:00:00,0.00010000,
1676764800019,2023-02-19 00:00:00,0.00010000,
1676793600005,2023-02-19 08:00:00,0.00010000,
1676822400003,2023-02-19 16:00:00,0.00017121,
1676851200006,2023-02-20 00:00:00,0.00010000,
1676880000008,2023-02-20 08:00:00,0.00010000,
1676908800006,2023-02-20 16:00:00,0.00019704,
1676937600001,2023-02-21 00:00:00,0.00012877,
1676966400004,2023-02-21 08:00:00,0.00010000,
1676995200011,2023-02-21 16:00:00,0.00010000,
1677024000009,2023-02-22 00:00:00,0.00010000,
1677052800010,2023-02-22 08:00:00,0.00010000,
1677081600000,2023-02-22 16:00:00,0.00010000,
1677110400006,2023-02-23 00:00:00,0.00010000,
1677139200005,2023-02-23 08:00:00,0.00010000,
1677168000002,2023-02-23 16:00:00,0.00010000,
1677196800015,2023-02-24 00:00:00,0.00010000,
1677225600011,2023-02-24 08:00:00,0.00010000,
1677254400014,2023-02-24 16:00:00,0.00010000,
1677283200015,2023-02-25 00:00:00,0.00010000,
1677312000015,2023-02-25 08:00:00,0.00010000,
1677340800015,2023-02-25 16:00:00,0.00010000,
1677369600007,2023-02-26 00:00:00,0.00010000,
1677398400012,2023-02-26 08:00:00,0.00010000,
1677427200000,2023-02-26 16:00:00,0.00010000,
1677456000011,2023-02-27 00:00:00,0.00010000,
1677484800003,2023-02-27 08:00:00,0.00010000,
1677513600000,2023-02-27 16:00:00,0.00010000,
1677542400011,2023-02-28 00:00:00,0.00010000,
1677571200018,2023-02-28 08:00:00,0.00010000,
1677600000005,2023-02-28 16:00:00,0.00010000,
1677628800016,2023-03-01 00:00:00,0.00010000,
1677657600000,2023-03-01 08:00:00,0.00010000,
1677686400008,2023-03-01 16:00:00,0.00010000,
1677715200009,2023-03-02 00:00:00,0.00010000,
1677744000013,2023-03-02 08:00:00,0.00010000,
1677772800000,2023-03-02 16:00:00,0.00010000,
1677801600000,2023-03-03 00:00:00,0.00010000,
1677830400013,2023-03-03 08:00:00,-0.00005581,
1677859200000,2023-03-03 16:00:00,0.00009040,
1677888000001,2023-03-04 00:00:00,0.00010000,
1677916800008,2023-03-04 08:00:00,0.00010000,
1677945600012,2023-03-04 16:00:00,0.00010000,
1677974400000,2023-03-05 00:00:00,0.00004968,
1678003200000,2023-03-05 08:00:00,0.00010000,
1678032000015,2023-03-05 16:00:00,0.00010000,
1678060800007,2023-03-06 00:00:00,0.00010000,
1678089600017,2023-03-06 08:00:00,0.00000074,
1678118400000,2023-03-06 16:00:00,0.00010000,
1678147200009,2023-03-07 00:00:00,0.00010000,
1678176000016,2023-03-07 08:00:00,0.00010000,
1678204800017,2023-03-07 16:00:00,0.00010000,
1678233600000,2023-03-08 00:00:00,0.00010000,
1678262400014,2023-03-08 08:00:00,0.00005026,
1678291200021,2023-03-08 16:00:00,0.00004175,
1678320000010,2023-03-09 00:00:00,-0.00003196,
1678348800013,2023-03-09 08:00:00,0.00002507,
1678377600002,2023-03-09 16:00:00,-0.00001800,
1678406400000,2023-03-10 00:00:00,-0.00017248,
1678435200000,2023-03-10 08:00:00,-0.00002542,
1678464000005,2023-03-10 16:00:00,-0.00004928,
1678492800011,2023-03-11 00:00:00,-0.00003519,
1678521600003,2023-03-11 08:00:00,0.00010000,
1678550400011,2023-03-11 16:00:00,0.00004007,
1678579200001,2023-03-12 00:00:00,0.00010000,
1678608000000,2023-03-12 08:00:00,0.00010000,
1678636800005,2023-03-12 16:00:00,-0.00019562,
1678665600010,2023-03-13 00:00:00,0.00010000,
1678694400018,2023-03-13 08:00:00,0.00010000,
1678723200003,2023-03-13 16:00:00,0.00010000,
1678752000010,2023-03-14 00:00:00,0.00010000,
1678780800009,2023-03-14 08:00:00,0.00010000,
1678809600010,2023-03-14 16:00:00,0.00010000,
1678838400011,2023-03-15 00:00:00,0.00032007,
1678867200000,2023-03-15 08:00:00,0.00016958,
1678896000012,2023-03-15 16:00:00,0.00010000,
1678924800004,2023-03-16 00:00:00,0.00010000,
1678953600018,2023-03-16 08:00:00,0.00010000,
1678982400005,2023-03-16 16:00:00,0.00001715,
1679011200017,2023-03-17 00:00:00,0.00010000,
1679040000010,2023-03-17 08:00:00,0.00000117,
1679068800003,2023-03-17 16:00:00,0.00010000,
1679097600012,2023-03-18 00:00:00,0.00010000,
1679126400000,2023-03-18 08:00:00,0.00010000,
1679155200016,2023-03-18 16:00:00,0.00010000,
1679184000013,2023-03-19 00:00:00,0.00010000,
1679212800024,2023-03-19 08:00:00,0.00010000,
1679241600000,2023-03-19 16:00:00,0.00010000,
1679270400005,2023-03-20 00:00:00,0.00010000,
1679299200012,2023-03-20 08:00:00,0.00010000,
1679328000015,2023-03-20 16:00:00,0.00010000,
1679356800006,2023-03-21 00:00:00,-0.00005519,
1679385600004,2023-03-21 08:00:00,0.00008583,
1679414400003,2023-03-21 16:00:00,0.00010000,
1679443200000,2023-03-22 00:00:00,0.00010000,
1679472000003,2023-03-22 08:00:00,0.00010000,
1679500800000,2023-03-22 16:00:00,0.00010000,
1679529600016,2023-03-23 00:00:00,0.00008911,
1679558400001,2023-03-23 08:00:00,0.00010000,
1679587200013,2023-03-23 16:00:00,0.00010000,
1679616000013,2023-03-24 00:00:00,0.00010000,
1679644800012,2023-03-24 08:00:00,0.00010000,
1679673600027,2023-03-24 16:00:00,0.00010000,
1679702400015,2023-03-25 00:00:00,0.00009964,
1679731200011,2023-03-25 08:00:00,0.00010000,
1679760000011,2023-03-25 16:00:00,0.00010000,
1679788800000,2023-03-26 00:00:00,-0.00001776,
1679817600015,2023-03-26 08:00:00,0.00010000,
1679846400000,2023-03-26 16:00:00,0.00010000,
1679875200019,2023-03-27 00:00:00,0.00010000,
1679904000009,2023-03-27 08:00:00,0.00008413,
1679932800000,2023-03-27 16:00:00,0.00005710,
1679961600007,2023-03-28 00:00:00,0.00009201,
1679990400000,2023-03-28 08:00:00,0.00010000,
1680019200013,2023-03-28 16:00:00,0.00010000,
1680048000010,2023-03-29 00:00:00,0.00010000,
1680076800006,2023-03-29 08:00:00,0.00010000,
1680105600014,2023-03-29 16:00:00,0.00010000,
1680134400000,2023-03-30 00:00:00,0.00010000,
1680163200000,2023-03-30 08:00:00,0.00010000,
1680192000006,2023-03-30 16:00:00,0.00010000,
1680220800003,2023-03-31 00:00:00,0.00010000,
1680249600006,2023-03-31 08:00:00,0.00010000,
1680278400011,2023-03-31 16:00:00,0.00010000,
1680307200000,2023-04-01 00:00:00,0.00010000,
1680336000000,2023-04-01 08:00:00,0.00010000,
1680364800018,2023-04-01 16:00:00,0.00010000,
1680393600013,2023-04-02 00:00:00,0.00010000,
1680422400014,2023-04-02 08:00:00,0.00010000,
1680451200001,2023-04-02 16:00:00,0.00010000,
1680480000000,2023-04-03 00:00:00,0.00001475,
1680508800013,2023-04-03 08:00:00,0.00010000,
1680537600011,2023-04-03 16:00:00,0.00005136,
1680566400002,2023-04-04 00:00:00,0.00010000,
1680595200017,2023-04-04 08:00:00,0.00010000,
1680624000008,2023-04-04 16:00:00,0.00010000,
1680652800000,2023-04-05 00:00:00,0.00010000,
1680681600016,2023-04-05 08:00:00,0.00010000,
1680710400004,2023-04-05 16:00:00,0.00010000,
1680739200000,2023-04-06 00:00:00,0.00010000,
1680768000011,2023-04-06 08:00:00,0.00010000,
1680796800000,2023-04-06 16:00:00,0.00010000,
1680825600006,2023-04-07 00:00:00,0.00009912,
1680854400005,2023-04-07 08:00:00,0.00010000,
1680883200000,2023-04-07 16:00:00,0.00003719,
1680912000000,2023-04-08 00:00:00,0.00010000,
1680940800014,2023-04-08 08:00:00,0.00010000,
1680969600018,2023-04-08 16:00:00,0.00010000,
1680998400013,2023-04-09 00:00:00,0.00010000,
1681027200024,2023-04-09 08:00:00,0.00010000,
1681056000010,2023-04-09 16:00:00,0.00010000,
1681084800000,2023-04-10 00:00:00,0.00010000,
1681113600010,2023-04-10 08:00:00,0.00010000,
1681142400006,2023-04-10 16:00:00,0.00004662,
1681171200008,2023-04-11 00:00:00,0.00010000,
1681200000007,2023-04-11 08:00:00,0.00010000,
1681228800016,2023-04-11 16:00:00,0.00010000,
1681257600006,2023-04-12 00:00:00,0.00010000,
1681286400008,2023-04-12 08:00:00,0.00010000,
1681315200014,2023-04-12 16:00:00,0.00010000,
1681344000027,2023-04-13 00:00:00,0.00010000,
1681372800010,2023-04-13 08:00:00,0.00010000,
1681401600000,2023-04-13 16:00:00,0.00010000,
1681430400001,2023-04-14 00:00:00,0.00010000,
1681459200008,2023-04-14 08:00:00,0.00010000,
1681488000007,2023-04-14 16:00:00,0.00010000,
1681516800007,2023-04-15 00:00:00,0.00010000,
1681545600007,2023-04-15 08:00:00,0.00010000,
1681574400011,2023-04-15 16:00:00,0.00010000,
1681603200014,2023-04-16 00:00:00,0.00010000,
1681632000007,2023-04-16 08:00:00,0.00010000,
1681660800002,2023-04-16 16:00:00,0.00010000,
1681689600017,2023-04-17 00:00:00,0.00023233,
1681718400006,2023-04-17 08:00:00,0.00010000,
1681747200000,2023-04-17 16:00:00,0.00010000,
1681776000013,2023-04-18 00:00:00,0.00010000,
1681804800017,2023-04-18 08:00:00,0.00010000,
1681833600000,2023-04-18 16:00:00,0.00010682,
1681862400022,2023-04-19 00:00:00,0.00010000,
1681891200014,2023-04-19 08:00:00,0.00010000,
1681920000000,2023-04-19 16:00:00,-0.00004334,
1681948800010,2023-04-20 00:00:00,0.00010000,
1681977600012,2023-04-20 08:00:00,0.00010000,
1682006400012,2023-04-20 16:00:00,0.00010000,
1682035200009,2023-04-21 00:00:00,0.00010000,
1682064000009,2023-04-21 08:00:00,0.00010000,
1682092800003,2023-04-21 16:00:00,0.00007138,
1682121600000,2023-04-22 00:00:00,-0.00007663,
1682150400000,2023-04-22 08:00:00,-0.00001203,
1682179200016,2023-04-22 16:00:00,0.00001679,
1682208000009,2023-04-23 00:00:00,0.00009570,
1682236800020,2023-04-23 08:00:00,0.00010000,
1682265600007,2023-04-23 16:00:00,0.00009265,
1682294400000,2023-04-24 00:00:00,0.00002172,
1682323200008,2023-04-24 08:00:00,0.00010000,
1682352000006,2023-04-24 16:00:00,0.00005997,
1682380800014,2023-04-25 00:00:00,-0.00005274,
1682409600009,2023-04-25 08:00:00,0.00004659,
1682438400015,2023-04-25 16:00:00,0.00009194,
1682467200015,2023-04-26 00:00:00,0.00010000,
1682496000013,2023-04-26 08:00:00,0.00010000,
1682524800001,2023-04-26 16:00:00,0.00003161,
1682553600014,2023-04-27 00:00:00,-0.00011266,
1682582400008,2023-04-27 08:00:00,0.00010000,
1682611200005,2023-04-27 16:00:00,0.00010000,
1682640000011,2023-04-28 00:00:00,0.00010000,
1682668800007,2023-04-28 08:00:00,0.00010000,
1682697600006,2023-04-28 16:00:00,0.00007695,
1682726400004,2023-04-29 00:00:00,0.00010000,
1682755200016,2023-04-29 08:00:00,0.00010000,
1682784000001,2023-04-29 16:00:00,0.00010000,
1682812800008,2023-04-30 00:00:00,0.00010000,
1682841600000,2023-04-30 08:00:00,0.00010000,
1682870400010,2023-04-30 16:00:00,0.00010000,
1682899200004,2023-05-01 00:00:00,-0.00000868,
1682928000008,2023-05-01 08:00:00,0.00010000,
1682956800014,2023-05-01 16:00:00,0.00010000,
1682985600015,2023-05-02 00:00:00,0.00008544,
1683014400018,2023-05-02 08:00:00,0.00010000,
1683043200000,2023-05-02 16:00:00,0.00005882,
1683072000009,2023-05-03 00:00:00,0.00010000,
1683100800003,2023-05-03 08:00:00,0.00006999,
1683129600011,2023-05-03 16:00:00,0.00009328,
1683158400000,2023-05-04 00:00:00,0.00010000,
1683187200000,2023-05-04 08:00:00,0.00010000,
1683216000011,2023-05-04 16:00:00,0.00010000,
1683244800002,2023-05-05 00:00:00,0.00010000,
1683273600000,2023-05-05 08:00:00,0.00010000,
1683302400000,2023-05-05 16:00:00,0.00010000,
1683331200009,2023-05-06 00:00:00,0.00010000,
1683360000000,2023-05-06 08:00:00,0.00010000,
1683388800000,2023-05-06 16:00:00,0.00003093,
1683417600000,2023-05-07 00:00:00,-0.00000105,
1683446400000,2023-05-07 08:00:00,0.00010000,
1683475200006,2023-05-07 16:00:00,0.00006005,
1683504000000,2023-05-08 00:00:00,0.00005289,
1683532800007,2023-05-08 08:00:00,0.00002649,
1683561600015,2023-05-08 16:00:00,0.00010000,
1683590400015,2023-05-09 00:00:00,0.00010000,
1683619200000,2023-05-09 08:00:00,0.00001616,
1683648000000,2023-05-09 16:00:00,0.00010000,
1683676800007,2023-05-10 00:00:00,0.00010000,
1683705600003,2023-05-10 08:00:00,0.00010000,
1683734400000,2023-05-10 16:00:00,0.00006241,
1683763200011,2023-05-11 00:00:00,0.00010000,
1683792000000,2023-05-11 08:00:00,0.00010000,
1683820800005,2023-05-11 16:00:00,0.00004267,
1683849600020,2023-05-12 00:00:00,0.00003279,
1683878400001,2023-05-12 08:00:00,0.00010000,
1683907200010,2023-05-12 16:00:00,0.00007962,
1683936000000,2023-05-13 00:00:00,0.00010000,
1683964800000,2023-05-13 08:00:00,0.00010000,
1683993600026,2023-05-13 16:00:00,0.00007257,
1684022400029,2023-05-14 00:00:00,0.00010000,
1684051200010,2023-05-14 08:00:00,0.00010000,
1684080000008,2023-05-14 16:00:00,0.00010000,
1684108800006,2023-05-15 00:00:00,0.00004682,
1684137600005,2023-05-15 08:00:00,0.00010000,
1684166400008,2023-05-15 16:00:00,0.00006900,
1684195200021,2023-05-16 00:00:00,0.00009387,
1684224000000,2023-05-16 08:00:00,0.00010000,
1684252800000,2023-05-16 16:00:00,0.00010000,
1684281600010,2023-05-17 00:00:00,0.00010000,
1684310400000,2023-05-17 08:00:00,0.00010000,
1684339200001,2023-05-17 16:00:00,0.00010000,
1684368000000,2023-05-18 00:00:00,0.00010000,
1684396800026,2023-05-18 08:00:00,0.00010000,
1684425600019,2023-05-18 16:00:00,0.00010000,
1684454400000,2023-05-19 00:00:00,0.00010000,
1684483200002,2023-05-19 08:00:00,0.00010000,
1684512000000,2023-05-19 16:00:00,0.00010000,
1684540800005,2023-05-20 00:00:00,0.00010000,
1684569600014,2023-05-20 08:00:00,0.00010000,
1684598400020,2023-05-20 16:00:00,0.00010000,
1684627200014,2023-05-21 00:00:00,0.00010000,
1684656000001,2023-05-21 08:00:00,0.00010000,
1684684800015,2023-05-21 16:00:00,0.00010000,
1684713600028,2023-05-22 00:00:00,-0.00002813,
1684742400000,2023-05-22 08:00:00,0.00006470,
1684771200012,2023-05-22 16:00:00,0.00010000,
1684800000006,2023-05-23 00:00:00,0.00010000,
1684828800014,2023-05-23 08:00:00,0.00010000,
1684857600008,2023-05-23 16:00:00,0.00010000,
1684886400000,2023-05-24 00:00:00,0.00010000,
1684915200025,2023-05-24 08:00:00,0.00010000,
1684944000008,2023-05-24 16:00:00,0.00010000,
1684972800000,2023-05-25 00:00:00,0.00008292,
1685001600025,2023-05-25 08:00:00,0.00010000,
1685030400016,2023-05-25 16:00:00,0.00010000,
1685059200000,2023-05-26 00:00:00,0.00007718,
1685088000024,2023-05-26 08:00:00,0.00010000,
1685116800012,2023-05-26 16:00:00,0.00010000,
1685145600012,2023-05-27 00:00:00,0.00010000,
1685174400018,2023-05-27 08:00:00,0.00010000,
1685203200008,2023-05-27 16:00:00,0.00010000,
1685232000017,2023-05-28 00:00:00,0.00010000,
1685260800015,2023-05-28 08:00:00,0.00010000,
1685289600000,2023-05-28 16:00:00,0.00010000,
1685318400000,2023-05-29 00:00:00,0.00010000,
1685347200020,2023-05-29 08:00:00,0.00010000,
1685376000011,2023-05-29 16:00:00,0.00010000,
1685404800003,2023-05-30 00:00:00,0.00010000,
1685433600000,2023-05-30 08:00:00,0.00010000,
1685462400003,2023-05-30 16:00:00,0.00010000,
1685491200013,2023-05-31 00:00:00,0.00010000,
1685520000000,2023-05-31 08:00:00,0.00010000,
1685548800000,2023-05-31 16:00:00,0.00010000,
1685577600008,2023-06-01 00:00:00,0.00003920,
1685606400012,2023-06-01 08:00:00,0.00010000,
1685635200000,2023-06-01 16:00:00,0.00010000,
1685664000000,2023-06-02 00:00:00,0.00010000,
1685692800006,2023-06-02 08:00:00,0.00010000,
1685721600012,2023-06-02 16:00:00,0.00010000,
1685750400000,2023-06-03 00:00:00,0.00010000,
1685779200011,2023-06-03 08:00:00,0.00010000,
1685808000003,2023-06-03 16:00:00,0.00010000,
1685836800000,2023-06-04 00:00:00,0.00010000,
1685865600000,2023-06-04 08:00:00,0.00010000,
1685894400000,2023-06-04 16:00:00,0.00010000,
1685923200005,2023-06-05 00:00:00,0.00010000,
1685952000000,2023-06-05 08:00:00,0.00010000,
1685980800000,2023-06-05 16:00:00,0.00010000,
1686009600000,2023-06-06 00:00:00,-0.00008139,
1686038400009,2023-06-06 08:00:00,0.00004099,
1686067200013,2023-06-06 16:00:00,0.00010000,
1686096000000,2023-06-07 00:00:00,0.00010000,
1686124800016,2023-06-07 08:00:00,0.00010000,
1686153600000,2023-06-07 16:00:00,0.00010000,
1686182400006,2023-06-08 00:00:00,0.00003400,
1686211200000,2023-06-08 08:00:00,0.00009843,
1686240000000,2023-06-08 16:00:00,0.00010000,
1686268800000,2023-06-09 00:00:00,0.00009791,
1686297600000,2023-06-09 08:00:00,0.00010000,
1686326400000,2023-06-09 16:00:00,0.00010000,
1686355200000,2023-06-10 00:00:00,0.00010000,
1686384000000,2023-06-10 08:00:00,0.00010000,
1686412800000,2023-06-10 16:00:00,-0.00011126,
1686441600001,2023-06-11 00:00:00,-0.00009862,
1686470400000,2023-06-11 08:00:00,-0.00019074,
1686499200000,2023-06-11 16:00:00,-0.00001284,
1686528000000,2023-06-12 00:00:00,0.00000906,
1686556800000,2023-06-12 08:00:00,0.00007554,
1686585600001,2023-06-12 16:00:00,0.00010000,
1686614400000,2023-06-13 00:00:00,0.00006461,
1686643200000,2023-06-13 08:00:00,0.00002932,
1686672000000,2023-06-13 16:00:00,0.00006838,
1686700800000,2023-06-14 00:00:00,0.00006712,
1686729600000,2023-06-14 08:00:00,0.00004703,
1686758400000,2023-06-14 16:00:00,0.00010000,
1686787200000,2023-06-15 00:00:00,-0.00002728,
1686816000000,2023-06-15 08:00:00,0.00010000,
1686844800000,2023-06-15 16:00:00,0.00010000,
1686873600000,2023-06-16 00:00:00,0.00005070,
1686902400000,2023-06-16 08:00:00,0.00010000,
1686931200000,2023-06-16 16:00:00,0.00006899,
1686960000000,2023-06-17 00:00:00,0.00001404,
1686988800000,2023-06-17 08:00:00,0.00010000,
1687017600000,2023-06-17 16:00:00,0.00010000,
1687046400000,2023-06-18 00:00:00,0.00010000,
1687075200000,2023-06-18 08:00:00,0.00008033,
1687104000000,2023-06-18 16:00:00,0.00010000,
1687132800000,2023-06-19 00:00:00,0.00007052,
1687161600000,2023-06-19 08:00:00,0.00005836,
1687190400000,2023-06-19 16:00:00,0.00006516,
1687219200001,2023-06-20 00:00:00,0.00006372,
1687248000000,2023-06-20 08:00:00,0.00003454,
1687276800000,2023-06-20 16:00:00,-0.00002809,
1687305600000,2023-06-21 00:00:00,0.00010000,
1687334400000,2023-06-21 08:00:00,0.00004610,
1687363200000,2023-06-21 16:00:00,0.00003948,
1687392000000,2023-06-22 00:00:00,0.00000130,
1687420800001,2023-06-22 08:00:00,0.00008617,
1687449600000,2023-06-22 16:00:00,0.00010000,
1687478400000,2023-06-23 00:00:00,0.00010000,
1687507200000,2023-06-23 08:00:00,0.00010000,
1687536000000,2023-06-23 16:00:00,0.00010000,
1687564800000,2023-06-24 00:00:00,0.00010000,
1687593600000,2023-06-24 08:00:00,0.00010000,
1687622400000,2023-06-24 16:00:00,0.00010000,
1687651200000,2023-06-25 00:00:00,0.00010000,
1687680000000,2023-06-25 08:00:00,0.00010000,
1687708800000,2023-06-25 16:00:00,0.00010000,
1687737600000,2023-06-26 00:00:00,0.00006900,
1687766400000,2023-06-26 08:00:00,0.00010000,
1687795200000,2023-06-26 16:00:00,0.00010000,
1687824000000,2023-06-27 00:00:00,-0.00002125,
1687852800000,2023-06-27 08:00:00,0.00010000,
1687881600000,2023-06-27 16:00:00,0.00003782,
1687910400000,2023-06-28 00:00:00,0.00010000,
1687939200000,2023-06-28 08:00:00,-0.00006110,
1687968000000,2023-06-28 16:00:00,0.00007988,
1687996800000,2023-06-29 00:00:00,-0.00001137,
1688025600000,2023-06-29 08:00:00,0.00002352,
1688054400000,2023-06-29 16:00:00,0.00005711,
1688083200000,2023-06-30 00:00:00,0.00000448,
1688112000000,2023-06-30 08:00:00,0.00010000,
1688140800001,2023-06-30 16:00:00,0.00010000,
1688169600000,2023-07-01 00:00:00,0.00006744,
1688198400000,2023-07-01 08:00:00,0.00010000,
1688227200000,2023-07-01 16:00:00,0.00010000,
1688256000000,2023-07-02 00:00:00,0.00009620,
1688284800000,2023-07-02 08:00:00,0.00010000,
1688313600001,2023-07-02 16:00:00,0.00010000,
1688342400000,2023-07-03 00:00:00,0.00010000,
1688371200000,2023-07-03 08:00:00,0.00010000,
1688400000000,2023-07-03 16:00:00,0.00010000,
1688428800001,2023-07-04 00:00:00,0.00004247,
1688457600000,2023-07-04 08:00:00,0.00010000,
1688486400000,2023-07-04 16:00:00,0.00010000,
1688515200000,2023-07-05 00:00:00,-0.00002004,
1688544000000,2023-07-05 08:00:00,0.00010000,
1688572800000,2023-07-05 16:00:00,0.00003164,
1688601600000,2023-07-06 00:00:00,-0.00003310,
1688630400000,2023-07-06 08:00:00,0.00002396,
1688659200000,2023-07-06 16:00:00,-0.00009866,
1688688000000,2023-07-07 00:00:00,0.00004928,
1688716800000,2023-07-07 08:00:00,0.00004109,
1688745600000,2023-07-07 16:00:00,0.00003371,
1688774400000,2023-07-08 00:00:00,0.00000023,
1688803200000,2023-07-08 08:00:00,0.00010000,
1688832000000,2023-07-08 16:00:00,0.00002354,
1688860800000,2023-07-09 00:00:00,-0.00004211,
1688889600000,2023-07-09 08:00:00,0.00010000,
1688918400000,2023-07-09 16:00:00,0.00008168,
1688947200000,2023-07-10 00:00:00,0.00003000,
1688976000000,2023-07-10 08:00:00,-0.00002614,
1689004800000,2023-07-10 16:00:00,0.00010000,
1689033600000,2023-07-11 00:00:00,0.00010000,
1689062400000,2023-07-11 08:00:00,0.00010000,
1689091200000,2023-07-11 16:00:00,0.00006357,
1689120000000,2023-07-12 00:00:00,0.00001644,
1689148800000,2023-07-12 08:00:00,0.00008831,
1689177600000,2023-07-12 16:00:00,0.00010000,
1689206400000,2023-07-13 00:00:00,-0.00002342,
1689235200000,2023-07-13 08:00:00,0.00003931,
1689264000000,2023-07-13 16:00:00,0.00003789,
1689292800000,2023-07-14 00:00:00,0.00010000,
1689321600000,2023-07-14 08:00:00,0.00010000,
1689350400000,2023-07-14 16:00:00,0.00010000,
1689379200000,2023-07-15 00:00:00,-0.00006525,
1689408000000,2023-07-15 08:00:00,0.00010000,
1689436800000,2023-07-15 16:00:00,0.00010000,
1689465600001,2023-07-16 00:00:00,0.00010000,
1689494400000,2023-07-16 08:00:00,0.00010000,
1689523200000,2023-07-16 16:00:00,0.00010000,
1689552000000,2023-07-17 00:00:00,-0.00008735,
1689580800000,2023-07-17 08:00:00,0.00008014,
1689609600000,2023-07-17 16:00:00,0.00001962,
1689638400000,2023-07-18 00:00:00,0.00010000,
1689667200000,2023-07-18 08:00:00,0.00010000,
1689696000000,2023-07-18 16:00:00,0.00009229,
1689724800000,2023-07-19 00:00:00,0.00004825,
1689753600000,2023-07-19 08:00:00,0.00010000,
1689782400001,2023-07-19 16:00:00,0.00010000,
1689811200000,2023-07-20 00:00:00,0.00010000,
1689840000000,2023-07-20 08:00:00,0.00010000,
1689868800000,2023-07-20 16:00:00,0.00010000,
1689897600001,2023-07-21 00:00:00,-0.00013103,
1689926400000,2023-07-21 08:00:00,0.00005473,
1689955200000,2023-07-21 16:00:00,0.00010000,
1689984000000,2023-07-22 00:00:00,0.00010000,
1690012800000,2023-07-22 08:00:00,0.00010000,
1690041600000,2023-07-22 16:00:00,0.00010000,
1690070400000,2023-07-23 00:00:00,0.00010000,
1690099200000,2023-07-23 08:00:00,0.00010000,
1690128000000,2023-07-23 16:00:00,0.00010000,
1690156800000,2023-07-24 00:00:00,0.00010000,
1690185600000,2023-07-24 08:00:00,0.00006229,
1690214400000,2023-07-24 16:00:00,0.00006982,
1690243200000,2023-07-25 00:00:00,-0.00004459,
1690272000000,2023-07-25 08:00:00,0.00008344,
1690300800000,2023-07-25 16:00:00,0.00004965,
1690329600000,2023-07-26 00:00:00,0.00004619,
1690358400001,2023-07-26 08:00:00,0.00010000,
1690387200000,2023-07-26 16:00:00,0.00010000,
1690416000000,2023-07-27 00:00:00,-0.00001805,
1690444800000,2023-07-27 08:00:00,0.00007098,
1690473600001,2023-07-27 16:00:00,0.00005424,
1690502400000,2023-07-28 00:00:00,0.00010000,
1690531200000,2023-07-28 08:00:00,0.00010000,
1690560000000,2023-07-28 16:00:00,0.00000132,
1690588800000,2023-07-29 00:00:00,-0.00000559,
1690617600000,2023-07-29 08:00:00,0.00007753,
1690646400001,2023-07-29 16:00:00,0.00010000,
1690675200000,2023-07-30 00:00:00,0.00004221,
1690704000000,2023-07-30 08:00:00,0.00010000,
1690732800000,2023-07-30 16:00:00,0.00010000,
1690761600000,2023-07-31 00:00:00,0.00005152,
1690790400000,2023-07-31 08:00:00,0.00010000,
1690819200001,2023-07-31 16:00:00,0.00006861,
1690848000000,2023-08-01 00:00:00,-0.00008593,
1690876800000,2023-08-01 08:00:00,-0.00003261,
1690905600000,2023-08-01 16:00:00,0.00010000,
1690934400000,2023-08-02 00:00:00,0.00003153,
1690963200000,2023-08-02 08:00:00,0.00007636,
1690992000000,2023-08-02 16:00:00,-0.00001352,
1691020800000,2023-08-03 00:00:00,0.00004631,
1691049600000,2023-08-03 08:00:00,0.00010000,
1691078400001,2023-08-03 16:00:00,0.00010000,
1691107200000,2023-08-04 00:00:00,0.00001640,
1691136000000,2023-08-04 08:00:00,0.00005668,
1691164800000,2023-08-04 16:00:00,0.00010000,
1691193600000,2023-08-05 00:00:00,0.00010000,
1691222400000,2023-08-05 08:00:00,0.00010000,
1691251200001,2023-08-05 16:00:00,0.00010000,
1691280000000,2023-08-06 00:00:00,0.00010000,
1691308800001,2023-08-06 08:00:00,0.00010000,
1691337600005,2023-08-06 16:00:00,0.00010000,
1691366400000,2023-08-07 00:00:00,0.00010000,
1691395200000,2023-08-07 08:00:00,0.00010000,
1691424000000,2023-08-07 16:00:00,0.00010000,
1691452800000,2023-08-08 00:00:00,0.00004000,
1691481600000,2023-08-08 08:00:00,0.00008612,
1691510400000,2023-08-08 16:00:00,0.00010000,
1691539200000,2023-08-09 00:00:00,0.00010000,
1691568000000,2023-08-09 08:00:00,0.00010000,
1691596800000,2023-08-09 16:00:00,0.00010000,
1691625600001,2023-08-10 00:00:00,0.00010000,
1691654400000,2023-08-10 08:00:00,0.00010000,
1691683200000,2023-08-10 16:00:00,0.00010000,
1691712000000,2023-08-11 00:00:00,0.00002298,
1691740800000,2023-08-11 08:00:00,0.00010000,
1691769600000,2023-08-11 16:00:00,0.00010000,
1691798400000,2023-08-12 00:00:00,0.00010000,
1691827200000,2023-08-12 08:00:00,0.00006927,
1691856000000,2023-08-12 16:00:00,0.00010000,
1691884800000,2023-08-13 00:00:00,0.00010000,
1691913600000,2023-08-13 08:00:00,0.00010000,
1691942400000,2023-08-13 16:00:00,0.00009565,
1691971200001,2023-08-14 00:00:00,0.00008931,
1692000000000,2023-08-14 08:00:00,0.00010000,
1692028800000,2023-08-14 16:00:00,0.00010000,
1692057600001,2023-08-15 00:00:00,-0.00002597,
1692086400000,2023-08-15 08:00:00,0.00010000,
1692115200000,2023-08-15 16:00:00,0.00010000,
1692144000000,2023-08-16 00:00:00,-0.00012596,
1692172800001,2023-08-16 08:00:00,0.00010000,
1692201600000,2023-08-16 16:00:00,0.00004408,
1692230400000,2023-08-17 00:00:00,0.00001435,
1692259200000,2023-08-17 08:00:00,0.00010000,
1692288000000,2023-08-17 16:00:00,0.00008821,
1692316800000,2023-08-18 00:00:00,-0.00023767,
1692345600000,2023-08-18 08:00:00,-0.00008383,
1692374400000,2023-08-18 16:00:00,0.00010000,
1692403200000,2023-08-19 00:00:00,-0.00006550,
1692432000000,2023-08-19 08:00:00,-0.00005774,
1692460800000,2023-08-19 16:00:00,-0.00010674,
1692489600000,2023-08-20 00:00:00,0.00002417,
1692518400000,2023-08-20 08:00:00,0.00001344,
1692547200000,2023-08-20 16:00:00,-0.00004481,
1692576000000,2023-08-21 00:00:00,-0.00000135,
1692604800000,2023-08-21 08:00:00,-0.00002100,
1692633600000,2023-08-21 16:00:00,-0.00011197,
1692662400000,2023-08-22 00:00:00,0.00002244,
1692691200000,2023-08-22 08:00:00,0.00006296,
1692720000000,2023-08-22 16:00:00,-0.00003280,
1692748800000,2023-08-23 00:00:00,-0.00004238,
1692777600000,2023-08-23 08:00:00,-0.00007057,
1692806400000,2023-08-23 16:00:00,0.00004407,
1692835200000,2023-08-24 00:00:00,0.00010000,
1692864000000,2023-08-24 08:00:00,0.00010000,
1692892800000,2023-08-24 16:00:00,0.00010000,
1692921600000,2023-08-25 00:00:00,0.00010000,
1692950400000,2023-08-25 08:00:00,0.00010000,
1692979200000,2023-08-25 16:00:00,0.00010000,
1693008000000,2023-08-26 00:00:00,0.00010000,
1693036800000,2023-08-26 08:00:00,0.00010000,
1693065600000,2023-08-26 16:00:00,0.00010000,
1693094400000,2023-08-27 00:00:00,0.00010000,
1693123200000,2023-08-27 08:00:00,0.00005156,
1693152000000,2023-08-27 16:00:00,0.00010000,
1693180800000,2023-08-28 00:00:00,0.00009674,
1693209600001,2023-08-28 08:00:00,0.00008324,
1693238400001,2023-08-28 16:00:00,0.00010000,
1693267200000,2023-08-29 00:00:00,0.00010000,
1693296000000,2023-08-29 08:00:00,0.00005450,
1693324800000,2023-08-29 16:00:00,-0.00011147,
1693353600000,2023-08-30 00:00:00,0.00010000,
1693382400000,2023-08-30 08:00:00,0.00010000,
1693411200000,2023-08-30 16:00:00,0.00010000,
1693440000000,2023-08-31 00:00:00,0.00009123,
1693468800000,2023-08-31 08:00:00,0.00004699,
1693497600000,2023-08-31 16:00:00,0.00006536,
1693526400000,2023-09-01 00:00:00,0.00000385,
1693555200000,2023-09-01 08:00:00,0.00005672,
1693584000001,2023-09-01 16:00:00,0.00004076,
1693612800000,2023-09-02 00:00:00,0.00002248,
1693641600000,2023-09-02 08:00:00,0.00007954,
1693670400000,2023-09-02 16:00:00,0.00001909,
1693699200000,2023-09-03 00:00:00,-0.00012651,
1693728000000,2023-09-03 08:00:00,0.00000147,
1693756800000,2023-09-03 16:00:00,-0.00003011,
1693785600000,2023-09-04 00:00:00,-0.00004385,
1693814400000,2023-09-04 08:00:00,-0.00000398,
1693843200000,2023-09-04 16:00:00,0.00001331,
1693872000000,2023-09-05 00:00:00,0.00003506,
1693900800000,2023-09-05 08:00:00,0.00007176,
1693929600000,2023-09-05 16:00:00,-0.00004568,
1693958400000,2023-09-06 00:00:00,-0.00001057,
1693987200000,2023-09-06 08:00:00,0.00006092,
1694016000001,2023-09-06 16:00:00,0.00009182,
1694044800000,2023-09-07 00:00:00,0.00008264,
1694073600000,2023-09-07 08:00:00,0.00010000,
1694102400000,2023-09-07 16:00:00,0.00010000,
1694131200000,2023-09-08 00:00:00,0.00010000,
1694160000000,2023-09-08 08:00:00,0.00006290,
1694188800000,2023-09-08 16:00:00,0.00006466,
1694217600000,2023-09-09 00:00:00,0.00010000,
1694246400000,2023-09-09 08:00:00,-0.00001622,
1694275200000,2023-09-09 16:00:00,0.00003941,
1694304000000,2023-09-10 00:00:00,0.00005573,
1694332800000,2023-09-10 08:00:00,-0.00002694,
1694361600000,2023-09-10 16:00:00,0.00002816,
1694390400000,2023-09-11 00:00:00,-0.00004254,
1694419200000,2023-09-11 08:00:00,0.00010000,
1694448000001,2023-09-11 16:00:00,0.00001405,
1694476800000,2023-09-12 00:00:00,-0.00009115,
1694505600000,2023-09-12 08:00:00,-0.00008521,
1694534400000,2023-09-12 16:00:00,0.00005095,
1694563200000,2023-09-13 00:00:00,0.00001172,
1694592000000,2023-09-13 08:00:00,0.00008762,
1694620800000,2023-09-13 16:00:00,0.00008542,
1694649600000,2023-09-14 00:00:00,0.00003846,
1694678400001,2023-09-14 08:00:00,0.00004175,
1694707200000,2023-09-14 16:00:00,0.00002089,
1694736000000,2023-09-15 00:00:00,0.00004255,
1694764800000,2023-09-15 08:00:00,-0.00005400,
1694793600000,2023-09-15 16:00:00,0.00010000,
1694822400000,2023-09-16 00:00:00,0.00008412,
1694851200000,2023-09-16 08:00:00,0.00009906,
1694880000000,2023-09-16 16:00:00,-0.00005613,
1694908800000,2023-09-17 00:00:00,0.00000850,
1694937600000,2023-09-17 08:00:00,-0.00004057,
1694966400000,2023-09-17 16:00:00,0.00006516,
1694995200000,2023-09-18 00:00:00,0.00004811,
1695024000000,2023-09-18 08:00:00,0.00005675,
1695052800000,2023-09-18 16:00:00,0.00010000,
1695081600000,2023-09-19 00:00:00,0.00010000,
1695110400001,2023-09-19 08:00:00,0.00001285,
1695139200000,2023-09-19 16:00:00,0.00010000,
1695168000000,2023-09-20 00:00:00,0.00010000,
1695196800000,2023-09-20 08:00:00,0.00002999,
1695225600000,2023-09-20 16:00:00,-0.00006451,
1695254400001,2023-09-21 00:00:00,0.00007920,
1695283200000,2023-09-21 08:00:00,0.00008895,
1695312000000,2023-09-21 16:00:00,0.00008051,
1695340800000,2023-09-22 00:00:00,0.00010000,
1695369600000,2023-09-22 08:00:00,0.00005554,
1695398400000,2023-09-22 16:00:00,0.00003133,
1695427200000,2023-09-23 00:00:00,0.00002587,
1695456000000,2023-09-23 08:00:00,0.00002717,
1695484800000,2023-09-23 16:00:00,-0.00004757,
1695513600000,2023-09-24 00:00:00,-0.00001121,
1695542400000,2023-09-24 08:00:00,0.00000281,
1695571200000,2023-09-24 16:00:00,0.00002478,
1695600000000,2023-09-25 00:00:00,0.00006509,
1695628800000,2023-09-25 08:00:00,0.00007982,
1695657600000,2023-09-25 16:00:00,0.00010000,
1695686400000,2023-09-26 00:00:00,0.00002093,
1695715200000,2023-09-26 08:00:00,0.00008428,
1695744000000,2023-09-26 16:00:00,0.00005687,
1695772800000,2023-09-27 00:00:00,0.00010000,
1695801600001,2023-09-27 08:00:00,0.00010000,
1695830400000,2023-09-27 16:00:00,0.00010000,
1695859200000,2023-09-28 00:00:00,-0.00000799,
1695888000000,2023-09-28 08:00:00,0.00008392,
1695916800000,2023-09-28 16:00:00,0.00007046,
1695945600000,2023-09-29 00:00:00,0.00000615,
1695974400000,2023-09-29 08:00:00,0.00010000,
1696003200000,2023-09-29 16:00:00,0.00005720,
1696032000000,2023-09-30 00:00:00,0.00009699,
1696060800000,2023-09-30 08:00:00,0.00010000,
1696089600000,2023-09-30 16:00:00,0.00006790,
1696118400000,2023-10-01 00:00:00,0.00006706,
1696147200000,2023-10-01 08:00:00,0.00006163,
1696176000000,2023-10-01 16:00:00,0.00001042,
1696204800000,2023-10-02 00:00:00,0.00010000,
1696233600000,2023-10-02 08:00:00,0.00010000,
1696262400000,2023-10-02 16:00:00,0.00007137,
1696291200000,2023-10-03 00:00:00,0.00010000,
1696320000000,2023-10-03 08:00:00,0.00010000,
1696348800000,2023-10-03 16:00:00,0.00006705,
1696377600000,2023-10-04 00:00:00,-0.00000063,
1696406400000,2023-10-04 08:00:00,-0.00007217,
1696435200000,2023-10-04 16:00:00,-0.00001255,
1696464000000,2023-10-05 00:00:00,-0.00000552,
1696492800000,2023-10-05 08:00:00,0.00010000,
1696521600001,2023-10-05 16:00:00,0.00004209,
1696550400000,2023-10-06 00:00:00,0.00010000,
1696579200000,2023-10-06 08:00:00,0.00010000,
1696608000000,2023-10-06 16:00:00,0.00003519,
1696636800000,2023-10-07 00:00:00,0.00006977,
1696665600000,2023-10-07 08:00:00,0.00010000,
1696694400000,2023-10-07 16:00:00,0.00008205,
1696723200000,2023-10-08 00:00:00,0.00010000,
1696752000001,2023-10-08 08:00:00,0.00010000,
1696780800000,2023-10-08 16:00:00,0.00010000,
1696809600000,2023-10-09 00:00:00,0.00010000,
1696838400000,2023-10-09 08:00:00,0.00010000,
1696867200000,2023-10-09 16:00:00,-0.00006849,
1696896000000,2023-10-10 00:00:00,-0.00002114,
1696924800000,2023-10-10 08:00:00,0.00002680,
1696953600000,2023-10-10 16:00:00,0.00005619,
1696982400000,2023-10-11 00:00:00,0.00001671,
1697011200000,2023-10-11 08:00:00,0.00010000,
1697040000000,2023-10-11 16:00:00,0.00002876,
1697068800000,2023-10-12 00:00:00,-0.00000965,
1697097600000,2023-10-12 08:00:00,0.00000850,
1697126400000,2023-10-12 16:00:00,0.00001992,
1697155200000,2023-10-13 00:00:00,0.00003518,
1697184000000,2023-10-13 08:00:00,0.00002378,
1697212800000,2023-10-13 16:00:00,-0.00001049,
1697241600000,2023-10-14 00:00:00,0.00006413,
1697270400000,2023-10-14 08:00:00,0.00010000,
1697299200000,2023-10-14 16:00:00,0.00008575,
1697328000000,2023-10-15 00:00:00,0.00010000,
1697356800000,2023-10-15 08:00:00,0.00008658,
1697385600000,2023-10-15 16:00:00,0.00010000,
1697414400000,2023-10-16 00:00:00,0.00006914,
1697443200000,2023-10-16 08:00:00,0.00010000,
1697472000000,2023-10-16 16:00:00,0.00010000,
1697500800000,2023-10-17 00:00:00,-0.00004861,
1697529600000,2023-10-17 08:00:00,0.00006463,
1697558400000,2023-10-17 16:00:00,0.00004366,
1697587200000,2023-10-18 00:00:00,-0.00009918,
1697616000000,2023-10-18 08:00:00,0.00007591,
1697644800000,2023-10-18 16:00:00,0.00002805,
1697673600000,2023-10-19 00:00:00,-0.00013043,
1697702400001,2023-10-19 08:00:00,-0.00008663,
1697731200000,2023-10-19 16:00:00,-0.00005965,
1697760000000,2023-10-20 00:00:00,-0.00005472,
1697788800005,2023-10-20 08:00:00,-0.00007993,
1697817600000,2023-10-20 16:00:00,0.00010000,
1697846400000,2023-10-21 00:00:00,0.00006403,
1697875200000,2023-10-21 08:00:00,0.00009021,
1697904000000,2023-10-21 16:00:00,0.00010000,
1697932800000,2023-10-22 00:00:00,0.00010000,
1697961600000,2023-10-22 08:00:00,0.00010000,
1697990400000,2023-10-22 16:00:00,0.00010000,
1698019200000,2023-10-23 00:00:00,0.00010000,
1698048000001,2023-10-23 08:00:00,0.00005907,
1698076800001,2023-10-23 16:00:00,-0.00006692,
1698105600000,2023-10-24 00:00:00,0.00010000,
1698134400000,2023-10-24 08:00:00,0.00010000,
1698163200000,2023-10-24 16:00:00,0.00010000,
1698192000000,2023-10-25 00:00:00,0.00010000,
1698220800000,2023-10-25 08:00:00,0.00010000,
1698249600001,2023-10-25 16:00:00,0.00010000,
1698278400001,2023-10-26 00:00:00,0.00010000,
1698307200000,2023-10-26 08:00:00,0.00010000,
1698336000000,2023-10-26 16:00:00,0.00010000,
1698364800000,2023-10-27 00:00:00,0.00010000,
1698393600000,2023-10-27 08:00:00,0.00010000,
1698422400000,2023-10-27 16:00:00,0.00010000,
1698451200000,2023-10-28 00:00:00,0.00010000,
1698480000001,2023-10-28 08:00:00,0.00010000,
1698508800000,2023-10-28 16:00:00,0.00010000,
1698537600000,2023-10-29 00:00:00,0.00010000,
1698566400000,2023-10-29 08:00:00,0.00010000,
1698595200000,2023-10-29 16:00:00,0.00010000,
1698624000000,2023-10-30 00:00:00,0.00010000,
1698652800000,2023-10-30 08:00:00,0.00010000,
1698681600000,2023-10-30 16:00:00,0.00010000,
1698710400001,2023-10-31 00:00:00,0.00010000,
1698739200000,2023-10-31 08:00:00,0.00010000,16.63162776
1698768000000,2023-10-31 16:00:00,0.00010000,17.16600000
1698796800000,2023-11-01 00:00:00,0.00010000,17.48447039
1698825600000,2023-11-01 08:00:00,0.00010000,17.48000000
1698854400000,2023-11-01 16:00:00,0.00010000,17.17316562
1698883200001,2023-11-02 00:00:00,0.00025568,17.78100000
1698912000000,2023-11-02 08:00:00,0.00017208,17.58966782
1698940800000,2023-11-02 16:00:00,0.00010000,17.07925865
1698969600000,2023-11-03 00:00:00,0.00010000,17.31330963
1698998400000,2023-11-03 08:00:00,0.00010000,16.97400000
1699027200000,2023-11-03 16:00:00,0.00011207,17.17610975
1699056000000,2023-11-04 00:00:00,0.00010000,17.26700000
1699084800000,2023-11-04 08:00:00,0.00010000,17.32804416
1699113600000,2023-11-04 16:00:00,0.00010000,17.25900000
1699142400000,2023-11-05 00:00:00,0.00010000,17.50085718
1699171200000,2023-11-05 08:00:00,0.00012585,17.64800000
1699200000000,2023-11-05 16:00:00,0.00010634,17.85100000
1699228800000,2023-11-06 00:00:00,0.00010000,17.99294416
1699257600001,2023-11-06 08:00:00,0.00015464,18.76303630
1699286400000,2023-11-06 16:00:00,0.00010000,18.36715355
1699315200001,2023-11-07 00:00:00,0.00021630,18.54200000
1699344000000,2023-11-07 08:00:00,0.00011602,18.26300000
1699372800000,2023-11-07 16:00:00,0.00010000,17.76689976
1699401600000,2023-11-08 00:00:00,0.00018785,18.13200000
1699430400000,2023-11-08 08:00:00,0.00026958,18.11789068
1699459200000,2023-11-08 16:00:00,0.00012546,18.15800000
1699488000000,2023-11-09 00:00:00,0.00010000,18.33371751
1699516800000,2023-11-09 08:00:00,0.00028314,18.60052949
1699545600000,2023-11-09 16:00:00,0.00038162,20.10600000
1699574400000,2023-11-10 00:00:00,0.00010000,20.70058382
1699603200000,2023-11-10 08:00:00,0.00029557,21.26424478
1699632000000,2023-11-10 16:00:00,0.00010000,20.28354361
1699660800000,2023-11-11 00:00:00,0.00010000,20.75518580
1699689600000,2023-11-11 08:00:00,0.00010000,19.88100000
1699718400000,2023-11-11 16:00:00,0.00010000,20.27120215
1699747200000,2023-11-12 00:00:00,0.00010000,20.05500000
1699776000000,2023-11-12 08:00:00,0.00017260,20.08211813
1699804800001,2023-11-12 16:00:00,0.00018130,20.05958284
1699833600000,2023-11-13 00:00:00,0.00032827,20.06406821
1699862400000,2023-11-13 08:00:00,0.00010982,19.90930533
1699891200000,2023-11-13 16:00:00,0.00021106,21.00000000
1699920000000,2023-11-14 00:00:00,0.00037262,19.98592676
1699948800000,2023-11-14 08:00:00,0.00013103,20.12700000
1699977600001,2023-11-14 16:00:00,0.00010000,19.60500000
1700006400000,2023-11-15 00:00:00,0.00010000,19.06709424
1700035200000,2023-11-15 08:00:00,0.00014099,19.03220605
1700064000000,2023-11-15 16:00:00,0.00010000,19.46800000
1700092800000,2023-11-16 00:00:00,0.00010000,19.89258416
1700121600000,2023-11-16 08:00:00,0.00034833,19.96118972
1700150400001,2023-11-16 16:00:00,0.00014821,19.62201048
1700179200000,2023-11-17 00:00:00,0.00010000,19.28258645
1700208000001,2023-11-17 08:00:00,0.00010000,19.33682219
1700236800001,2023-11-17 16:00:00,0.00010000,18.54600000
1700265600000,2023-11-18 00:00:00,0.00010000,19.38006838
1700294400000,2023-11-18 08:00:00,0.00010000,18.82333886
1700323200000,2023-11-18 16:00:00,0.00010000,19.09376280
1700352000000,2023-11-19 00:00:00,0.00010000,19.19975445
1700380800000,2023-11-19 08:00:00,0.00010000,19.26084359
1700409600000,2023-11-19 16:00:00,0.00010000,19.11488089
1700438400000,2023-11-20 00:00:00,0.00010000,19.60539898
1700467200000,2023-11-20 08:00:00,0.00023549,19.59120231
1700496000000,2023-11-20 16:00:00,0.00011714,19.71362392
1700524800000,2023-11-21 00:00:00,0.00022576,19.46100000
1700553600000,2023-11-21 08:00:00,0.00022633,19.25897331
1700582400000,2023-11-21 16:00:00,0.00010000,18.99242977
1700611200000,2023-11-22 00:00:00,0.00010000,18.05925434
1700640000000,2023-11-22 08:00:00,0.00010000,18.53960258
1700668800000,2023-11-22 16:00:00,0.00010000,18.65600000
1700697600000,2023-11-23 00:00:00,0.00010000,18.99348552
1700726400000,2023-11-23 08:00:00,0.00010000,19.02432259
1700755200001,2023-11-23 16:00:00,0.00010000,18.75300000
1700784000000,2023-11-24 00:00:00,0.00010000,18.91990028
1700812800000,2023-11-24 08:00:00,0.00010000,19.04973977
1700841600000,2023-11-24 16:00:00,0.00015733,19.39500000
1700870400000,2023-11-25 00:00:00,0.00010000,19.20900000
1700899200000,2023-11-25 08:00:00,0.00012790,19.41768875
1700928000000,2023-11-25 16:00:00,0.00013201,19.39100000
1700956800000,2023-11-26 00:00:00,0.00024597,19.43796086
1700985600000,2023-11-26 08:00:00,0.00020622,19.39177268
1701014400000,2023-11-26 16:00:00,0.00012148,19.11400000
1701043200000,2023-11-27 00:00:00,0.00018068,19.12128047
1701072000001,2023-11-27 08:00:00,0.00010000,18.72656041
1701100800000,2023-11-27 16:00:00,0.00010000,18.28300000
1701129600000,2023-11-28 00:00:00,0.00010000,18.55255455
1701158400000,2023-11-28 08:00:00,0.00010000,18.36091896
1701187200000,2023-11-28 16:00:00,0.00010000,18.62926267
1701216000001,2023-11-29 00:00:00,0.00010000,18.85800000
1701244800000,2023-11-29 08:00:00,0.00010000,18.88554434
1701273600000,2023-11-29 16:00:00,0.00010000,18.67830407
1701302400000,2023-11-30 00:00:00,0.00010000,18.74400000
1701331200000,2023-11-30 08:00:00,0.00010000,18.63265988
1701360000000,2023-11-30 16:00:00,0.00010000,18.60700000
1701388800000,2023-12-01 00:00:00,0.00010000,18.65600000
1701417600000,2023-12-01 08:00:00,0.00010000,18.90100000
1701446400000,2023-12-01 16:00:00,0.00022399,18.94300000
1701475200000,2023-12-02 00:00:00,0.00010000,18.99100000
1701504000000,2023-12-02 08:00:00,0.00017364,19.18900000
1701532800000,2023-12-02 16:00:00,0.00027440,19.24800000
1701561600000,2023-12-03 00:00:00,0.00040159,19.61244559
1701590400000,2023-12-03 08:00:00,0.00033536,19.73022474
1701619200000,2023-12-03 16:00:00,0.00019149,19.62100000
1701648000000,2023-12-04 00:00:00,0.00033416,19.85941294
1701676800000,2023-12-04 08:00:00,0.00049377,20.23300000
1701705600000,2023-12-04 16:00:00,0.00017889,19.64800000
1701734400000,2023-12-05 00:00:00,0.00014668,19.99842522
1701763200000,2023-12-05 08:00:00,0.00014721,19.50600000
1701792000000,2023-12-05 16:00:00,0.00013867,19.99360166
1701820800000,2023-12-06 00:00:00,0.00041103,20.27467499
1701849600000,2023-12-06 08:00:00,0.00033920,20.40200000
1701878400000,2023-12-06 16:00:00,0.00011391,20.29129117
1701907200000,2023-12-07 00:00:00,0.00013544,20.28100000
1701936000000,2023-12-07 08:00:00,0.00020386,21.49683696
1701964800000,2023-12-07 16:00:00,0.00017278,21.77006104
1701993600000,2023-12-08 00:00:00,0.00030778,21.99500000
1702022400000,2023-12-08 08:00:00,0.00038132,21.85500000
1702051200000,2023-12-08 16:00:00,0.00017521,21.96900000
1702080000000,2023-12-09 00:00:00,0.00023314,22.28100000
1702108800000,2023-12-09 08:00:00,0.00054591,22.86400000
1702137600000,2023-12-09 16:00:00,0.00043676,22.73061758
1702166400000,2023-12-10 00:00:00,0.00029247,22.06157566
1702195200000,2023-12-10 08:00:00,0.00036672,22.15200000
1702224000000,2023-12-10 16:00:00,0.00051546,21.94900000
1702252800000,2023-12-11 00:00:00,0.00059403,21.98800000
1702281600000,2023-12-11 08:00:00,0.00010000,20.03071242
1702310400000,2023-12-11 16:00:00,0.00010000,20.08772456
1702339200000,2023-12-12 00:00:00,0.00010000,20.16426943
1702368000000,2023-12-12 08:00:00,0.00010000,20.51200000
1702396800000,2023-12-12 16:00:00,0.00010000,20.27028358
1702425600000,2023-12-13 00:00:00,0.00010000,20.32080541
1702454400000,2023-12-13 08:00:00,0.00010000,19.73873897
1702483200001,2023-12-13 16:00:00,0.00010000,20.08400000
1702512000000,2023-12-14 00:00:00,0.00010000,20.75000000
1702540800000,2023-12-14 08:00:00,0.00010000,20.61421441
1702569600000,2023-12-14 16:00:00,0.00013173,20.54919026
1702598400000,2023-12-15 00:00:00,0.00013120,20.89400000
1702627200000,2023-12-15 08:00:00,0.00028561,20.50496451
1702656000000,2023-12-15 16:00:00,0.00029402,20.15550663
1702684800000,2023-12-16 00:00:00,0.00010000,19.96278381
1702713600000,2023-12-16 08:00:00,0.00010000,20.27991888
1702742400001,2023-12-16 16:00:00,0.00010000,20.45100000
1702771200000,2023-12-17 00:00:00,0.00010000,20.74268723
1702800000000,2023-12-17 08:00:00,0.00010000,20.21500000
1702828800000,2023-12-17 16:00:00,0.00010568,20.22773967
1702857600000,2023-12-18 00:00:00,0.00010000,19.97365021
1702886400001,2023-12-18 08:00:00,0.00010000,19.55385567
1702915200000,2023-12-18 16:00:00,0.00010000,19.32434324
1702944000000,2023-12-19 00:00:00,0.00010000,19.91576526
1702972800000,2023-12-19 08:00:00,0.00010000,20.09182596
1703001600000,2023-12-19 16:00:00,0.00010000,19.74672316
1703030400000,2023-12-20 00:00:00,0.00010000,19.66200000
1703059200000,2023-12-20 08:00:00,0.00012917,20.01400000
1703088000000,2023-12-20 16:00:00,0.00031350,20.42304733
1703116800000,2023-12-21 00:00:00,0.00036871,20.20017232
1703145600000,2023-12-21 08:00:00,0.00035134,20.24600000
1703174400000,2023-12-21 16:00:00,0.00041825,20.40300000
1703203200000,2023-12-22 00:00:00,0.00049673,20.66923534
1703232000000,2023-12-22 08:00:00,0.00027350,21.51000000
1703260800000,2023-12-22 16:00:00,0.00042578,21.82400099
1703289600000,2023-12-23 00:00:00,0.00019431,21.91035809
1703318400001,2023-12-23 08:00:00,0.00012404,21.17773793
1703347200000,2023-12-23 16:00:00,0.00015099,21.25200245
1703376000000,2023-12-24 00:00:00,0.00015440,21.47727655
1703404800000,2023-12-24 08:00:00,0.00035448,21.25600000
1703433600000,2023-12-24 16:00:00,0.00033708,21.25300000
1703462400000,2023-12-25 00:00:00,0.00012673,20.84616943
1703491200000,2023-12-25 08:00:00,0.00034937,21.26163615
1703520000000,2023-12-25 16:00:00,0.00043433,21.52300000
1703548800000,2023-12-26 00:00:00,0.00054024,21.45737048
1703577600000,2023-12-26 08:00:00,0.00041994,20.90748526
1703606400000,2023-12-26 16:00:00,0.00050407,20.88156770
1703635200000,2023-12-27 00:00:00,0.00035243,20.85300000
1703664000000,2023-12-27 08:00:00,0.00014133,21.44200000
1703692800000,2023-12-27 16:00:00,0.00060406,22.21200000
1703721600000,2023-12-28 00:00:00,0.00053315,22.74100000
1703750400000,2023-12-28 08:00:00,0.00057859,22.93693649
1703779200000,2023-12-28 16:00:00,0.00067049,23.29900000
1703808000001,2023-12-29 00:00:00,0.00071592,22.46700000
1703836800000,2023-12-29 08:00:00,0.00034533,22.28432305
1703865600000,2023-12-29 16:00:00,0.00052506,22.81897461
1703894400001,2023-12-30 00:00:00,0.00025422,22.51100000
1703923200000,2023-12-30 08:00:00,0.00042263,22.89679895
1703952000000,2023-12-30 16:00:00,0.00038362,22.70427986
1703980800000,2023-12-31 00:00:00,0.00028951,22.27386433
1704009600001,2023-12-31 08:00:00,0.00045882,22.25641524
1704038400000,2023-12-31 16:00:00,0.00039101,22.29400000
1704067200000,2024-01-01 00:00:00,0.00051215,21.95000000
1704096000000,2024-01-01 08:00:00,0.00037258,21.97398623
1704124800000,2024-01-01 16:00:00,0.00059120,22.12000000
1704153600000,2024-01-02 00:00:00,0.00079093,22.51200000
1704182400000,2024-01-02 08:00:00,0.00053031,22.77117141
1704211200000,2024-01-02 16:00:00,0.00057249,22.21400000
1704240000000,2024-01-03 00:00:00,0.00031087,21.98192266
1704268800000,2024-01-03 08:00:00,0.00032716,22.17200000
1704297600000,2024-01-03 16:00:00,0.00010000,20.34889166
1704326400000,2024-01-04 00:00:00,0.00010000,20.02149933
1704355200000,2024-01-04 08:00:00,0.00010000,19.98216009
1704384000000,2024-01-04 16:00:00,-0.00000863,20.35374661
1704412800001,2024-01-05 00:00:00,0.00008558,20.46400000
1704441600000,2024-01-05 08:00:00,0.00010000,19.99188627
1704470400000,2024-01-05 16:00:00,0.00010000,19.72003725
1704499200000,2024-01-06 00:00:00,0.00010000,20.12342341
1704528000000,2024-01-06 08:00:00,0.00010000,19.80588966
1704556800000,2024-01-06 16:00:00,0.00010000,19.92400000
1704585600000,2024-01-07 00:00:00,0.00010000,19.87825441
1704614400001,2024-01-07 08:00:00,0.00010000,19.96329171
1704643200001,2024-01-07 16:00:00,0.00010000,19.65177632
1704672000000,2024-01-08 00:00:00,0.00009388,19.24440581
1704700800000,2024-01-08 08:00:00,0.00009025,19.26000000
1704729600000,2024-01-08 16:00:00,0.00010000,19.61573570
1704758400001,2024-01-09 00:00:00,0.00010000,20.32324390
1704787200000,2024-01-09 08:00:00,0.00010000,20.25500000
1704816000000,2024-01-09 16:00:00,0.00010000,19.85400000
1704844800000,2024-01-10 00:00:00,0.00010000,21.21840239
1704873600000,2024-01-10 08:00:00,0.00010000,20.88860880
1704902400000,2024-01-10 16:00:00,0.00010000,21.47882320
1704931200000,2024-01-11 00:00:00,0.00010000,26.39355920
1704960000000,2024-01-11 08:00:00,0.00010000,28.22131370
1704988800000,2024-01-11 16:00:00,0.00010000,30.65000000
1705017600001,2024-01-12 00:00:00,0.00010000,29.61596169
1705046400000,2024-01-12 08:00:00,0.00010000,29.60100000
1705075200000,2024-01-12 16:00:00,0.00010000,30.53600000
1705104000000,2024-01-13 00:00:00,0.00010000,29.01664902
1705132800000,2024-01-13 08:00:00,0.00010000,29.83895568
1705161600001,2024-01-13 16:00:00,0.00010000,29.07000000
1705190400000,2024-01-14 00:00:00,0.00010000,28.58746284
1705219200000,2024-01-14 08:00:00,0.00010000,27.92284629
1705248000001,2024-01-14 16:00:00,0.00010000,27.65600000
1705276800000,2024-01-15 00:00:00,0.00010000,26.49800000
1705305600000,2024-01-15 08:00:00,0.00010000,26.76692769
1705334400000,2024-01-15 16:00:00,0.00010000,26.24425894
1705363200000,2024-01-16 00:00:00,0.00010000,26.74002868
1705392000000,2024-01-16 08:00:00,0.00010000,26.39994713
1705420800001,2024-01-16 16:00:00,0.00010000,26.94543506
1705449600000,2024-01-17 00:00:00,0.00010000,27.29200000
1705478400000,2024-01-17 08:00:00,0.00010000,26.55708313
1705507200000,2024-01-17 16:00:00,0.00010000,26.32000000
1705536000001,2024-01-18 00:00:00,0.00010000,26.19400000
1705564800000,2024-01-18 08:00:00,0.00010000,25.63000000
1705593600000,2024-01-18 16:00:00,0.00010000,25.47500000
1705622400000,2024-01-19 00:00:00,0.00010000,24.44804037
1705651200000,2024-01-19 08:00:00,0.00010000,24.02193181
1705680000002,2024-01-19 16:00:00,0.00010000,23.85400000
1705708800000,2024-01-20 00:00:00,0.00010000,25.33060445
1705737600003,2024-01-20 08:00:00,0.00010000,24.90400000
1705766400000,2024-01-20 16:00:00,0.00010000,24.29400000
1705795200000,2024-01-21 00:00:00,0.00010000,24.73300000
1705824000000,2024-01-21 08:00:00,0.00010000,24.65096412
1705852800000,2024-01-21 16:00:00,0.00010000,24.84454950
1705881600000,2024-01-22 00:00:00,0.00010000,24.51745691
1705910400000,2024-01-22 08:00:00,0.00010000,24.12249698
1705939200000,2024-01-22 16:00:00,0.00010000,23.73933061
1705968000000,2024-01-23 00:00:00,0.00010000,22.95609860
1705996800000,2024-01-23 08:00:00,0.00010000,23.13600000
1706025600000,2024-01-23 16:00:00,0.00010000,22.54945491
1706054400000,2024-01-24 00:00:00,0.00010000,23.12600000
1706083200000,2024-01-24 08:00:00,0.00010000,22.99558656
1706112000000,2024-01-24 16:00:00,0.00010000,22.86500000
1706140800000,2024-01-25 00:00:00,0.00010000,23.00000000
1706169600001,2024-01-25 08:00:00,0.00010000,22.74100000
1706198400000,2024-01-25 16:00:00,0.00010000,22.35047166
1706227200001,2024-01-26 00:00:00,0.00010000,23.25705422
1706256000000,2024-01-26 08:00:00,0.00010000,23.02900000
1706284800000,2024-01-26 16:00:00,0.00010000,23.71803233
1706313600000,2024-01-27 00:00:00,0.00010000,23.89905404
1706342400000,2024-01-27 08:00:00,0.00010000,24.01831157
1706371200000,2024-01-27 16:00:00,0.00010000,24.03500000
1706400000000,2024-01-28 00:00:00,0.00010000,24.02330845
1706428800000,2024-01-28 08:00:00,0.00010000,23.91300000
1706457600000,2024-01-28 16:00:00,0.00010000,23.81500000
1706486400000,2024-01-29 00:00:00,0.00010000,23.49700000
1706515200001,2024-01-29 08:00:00,0.00010000,23.39771921
1706544000000,2024-01-29 16:00:00,0.00010000,23.67970255
1706572800000,2024-01-30 00:00:00,0.00010000,24.71935630
1706601600000,2024-01-30 08:00:00,0.00010000,24.90662430
1706630400001,2024-01-30 16:00:00,0.00010000,25.35752346
1706659200000,2024-01-31 00:00:00,0.00010000,25.32900000
1706688000000,2024-01-31 08:00:00,0.00010000,25.70980244
1706716800000,2024-01-31 16:00:00,0.00010000,24.78249797
1706745600000,2024-02-01 00:00:00,0.00010000,24.33343229
1706774400000,2024-02-01 08:00:00,0.00010000,23.86200000
1706803200002,2024-02-01 16:00:00,0.00010000,24.26718714
1706832000000,2024-02-02 00:00:00,0.00010000,24.41730398
1706860800000,2024-02-02 08:00:00,0.00010000,24.86849192
1706889600000,2024-02-02 16:00:00,0.00010000,25.22735323
1706918400000,2024-02-03 00:00:00,0.00010000,25.11495842
1706947200000,2024-02-03 08:00:00,0.00010000,25.07899813
1706976000001,2024-02-03 16:00:00,0.00010000,24.79400000
1707004800000,2024-02-04 00:00:00,0.00010000,24.86400000
1707033600004,2024-02-04 08:00:00,0.00010000,25.07931951
1707062400000,2024-02-04 16:00:00,0.00010000,25.47731509
1707091200000,2024-02-05 00:00:00,0.00010000,24.99004964
1707120000000,2024-02-05 08:00:00,0.00010000,24.89858436
1707148800000,2024-02-05 16:00:00,0.00010000,24.55094399
1707177600000,2024-02-06 00:00:00,0.00010000,24.29800000
1707206400001,2024-02-06 08:00:00,0.00010000,24.43600000
1707235200000,2024-02-06 16:00:00,0.00010000,24.61504357
1707264000000,2024-02-07 00:00:00,0.00010000,24.72395653
1707292800000,2024-02-07 08:00:00,0.00010000,24.41739961
1707321600000,2024-02-07 16:00:00,0.00010000,24.44800000
1707350400000,2024-02-08 00:00:00,0.00010000,25.17000000
1707379200000,2024-02-08 08:00:00,0.00010000,25.16000000
1707408000000,2024-02-08 16:00:00,0.00010000,25.55400000
1707436800000,2024-02-09 00:00:00,0.00010000,25.62138301
1707465600000,2024-02-09 08:00:00,0.00010000,25.95943950
1707494400001,2024-02-09 16:00:00,0.00010000,26.13925343
1707523200001,2024-02-10 00:00:00,0.00010000,26.14845528
1707552000000,2024-02-10 08:00:00,0.00010000,25.98500000
1707580800000,2024-02-10 16:00:00,0.00010000,25.72609389
1707609600000,2024-02-11 00:00:00,0.00010000,25.89059421
1707638400001,2024-02-11 08:00:00,0.00010000,26.26271123
1707667200000,2024-02-11 16:00:00,0.00010000,25.89919963
1707696000000,2024-02-12 00:00:00,0.00010000,25.87501136
1707724800000,2024-02-12 08:00:00,0.00010000,25.79700000
1707753600000,2024-02-12 16:00:00,0.00010000,26.44024634
1707782400000,2024-02-13 00:00:00,0.00010000,26.94712840
1707811200000,2024-02-13 08:00:00,0.00010000,26.93881108
1707840000000,2024-02-13 16:00:00,0.00019099,26.04529365
1707868800000,2024-02-14 00:00:00,0.00019203,26.23206201
1707897600000,2024-02-14 08:00:00,0.00014380,26.27845431
1707926400000,2024-02-14 16:00:00,0.00039967,26.78597973
1707955200000,2024-02-15 00:00:00,0.00044347,26.90500000
1707984000000,2024-02-15 08:00:00,0.00044705,26.52864614
1708012800000,2024-02-15 16:00:00,0.00044535,26.86666478
1708041600000,2024-02-16 00:00:00,0.00040940,26.81500000
1708070400000,2024-02-16 08:00:00,0.00059636,26.93500000
1708099200000,2024-02-16 16:00:00,0.00035911,26.53900000
1708128000000,2024-02-17 00:00:00,0.00028863,26.79500000
1708156800000,2024-02-17 08:00:00,0.00044065,26.59400000
1708185600000,2024-02-17 16:00:00,0.00019021,25.80600000
1708214400000,2024-02-18 00:00:00,0.00022448,26.06000000
1708243200000,2024-02-18 08:00:00,0.00030616,26.11438514
1708272000000,2024-02-18 16:00:00,0.00025742,26.16533059
1708300800000,2024-02-19 00:00:00,0.00030546,26.57160176
1708329600000,2024-02-19 08:00:00,0.00034904,27.09200000
1708358400000,2024-02-19 16:00:00,0.00033337,26.82200000
1708387200000,2024-02-20 00:00:00,0.00054424,27.43123262
1708416000000,2024-02-20 08:00:00,0.00043863,26.99948351
1708444800000,2024-02-20 16:00:00,0.00036168,26.52311474
1708473600000,2024-02-21 00:00:00,0.00030832,27.08900000
1708502400000,2024-02-21 08:00:00,0.00024637,26.43217063
1708531200000,2024-02-21 16:00:00,0.00010000,25.71350364
1708560000001,2024-02-22 00:00:00,0.00010000,26.09454461
1708588800001,2024-02-22 08:00:00,0.00020842,26.21660833
1708617600000,2024-02-22 16:00:00,0.00029914,25.98300000
1708646400000,2024-02-23 00:00:00,0.00027560,25.82800000
1708675200000,2024-02-23 08:00:00,0.00022716,25.56800000
1708704000000,2024-02-23 16:00:00,0.00032947,25.38966889
1708732800000,2024-02-24 00:00:00,0.00032773,25.44142671
1708761600001,2024-02-24 08:00:00,0.00038283,25.79959602
1708790400000,2024-02-24 16:00:00,0.00036013,25.83100000
1708819200001,2024-02-25 00:00:00,0.00045130,26.12086378
1708848000000,2024-02-25 08:00:00,0.00047214,26.25829265
1708876800000,2024-02-25 16:00:00,0.00044696,27.07366613
1708905600000,2024-02-26 00:00:00,0.00065090,27.22543206
1708934400000,2024-02-26 08:00:00,0.00057253,27.30800000
1708963200000,2024-02-26 16:00:00,0.00049507,27.69933280
1708992000000,2024-02-27 00:00:00,0.00049760,27.80100000
1709020800000,2024-02-27 08:00:00,0.00078348,28.08000000
1709049600000,2024-02-27 16:00:00,0.00047945,27.68421324
1709078400000,2024-02-28 00:00:00,0.00051282,28.15500000
1709107200000,2024-02-28 08:00:00,0.00056070,28.36353231
1709136000000,2024-02-28 16:00:00,0.00076180,28.70403591
1709164800000,2024-02-29 00:00:00,0.00054986,29.59700000
1709193600000,2024-02-29 08:00:00,0.00094827,31.05612104
1709222400000,2024-02-29 16:00:00,0.00080294,30.50400000
1709251200000,2024-03-01 00:00:00,0.00047298,28.88403493
1709280000000,2024-03-01 08:00:00,0.00075883,29.32389075
1709308800000,2024-03-01 16:00:00,0.00072460,29.40500000
1709337600000,2024-03-02 00:00:00,0.00082214,30.33900000
1709366400001,2024-03-02 08:00:00,0.00109108,32.68300000
1709395200000,2024-03-02 16:00:00,0.00084515,32.85414682
1709424000000,2024-03-03 00:00:00,0.00062490,34.34828591
1709452800000,2024-03-03 08:00:00,0.00071867,32.90242315
1709481600000,2024-03-03 16:00:00,0.00025930,33.28400000
1709510400000,2024-03-04 00:00:00,0.00034577,33.63400000
1709539200000,2024-03-04 08:00:00,0.00061369,34.14700000
1709568000000,2024-03-04 16:00:00,0.00072817,34.47722751
1709596800000,2024-03-05 00:00:00,0.00067384,35.98361597
1709625600000,2024-03-05 08:00:00,0.00117899,37.21200000
1709654400000,2024-03-05 16:00:00,0.00089774,37.26200000
1709683200000,2024-03-06 00:00:00,0.00010000,34.17612656
1709712000001,2024-03-06 08:00:00,0.00010386,36.26300000
1709740800000,2024-03-06 16:00:00,0.00040694,36.96000000
1709769600000,2024-03-07 00:00:00,0.00050746,37.33271180
1709798400000,2024-03-07 08:00:00,0.00040848,37.03700000
1709827200000,2024-03-07 16:00:00,0.00046307,37.61700000
1709856000000,2024-03-08 00:00:00,0.00057635,37.93700000
1709884800000,2024-03-08 08:00:00,0.00042630,38.44902701
1709913600000,2024-03-08 16:00:00,0.00054060,37.81119595
1709942400000,2024-03-09 00:00:00,0.00048351,38.09620349
1709971200001,2024-03-09 08:00:00,0.00055869,38.90700000
1710000000000,2024-03-09 16:00:00,0.00065015,37.76600000
1710028800000,2024-03-10 00:00:00,0.00049658,37.28440616
1710057600000,2024-03-10 08:00:00,0.00064748,37.19600000
1710086400000,2024-03-10 16:00:00,0.00039086,36.03799650
1710115200000,2024-03-11 00:00:00,0.00054859,36.17200000
1710144000000,2024-03-11 08:00:00,0.00052263,36.97700000
1710172800000,2024-03-11 16:00:00,0.00062993,37.39900000
1710201600000,2024-03-12 00:00:00,0.00082054,38.03911105
1710230400000,2024-03-12 08:00:00,0.00054657,36.97976985
1710259200000,2024-03-12 16:00:00,0.00039955,36.75875340
1710288000000,2024-03-13 00:00:00,0.00059325,36.91423747
1710316800001,2024-03-13 08:00:00,0.00066746,37.24299127
1710345600000,2024-03-13 16:00:00,0.00057556,36.31000000
1710374400001,2024-03-14 00:00:00,0.00045517,36.55600000
1710403200000,2024-03-14 08:00:00,0.00055964,36.06745165
1710432000000,2024-03-14 16:00:00,0.00048669,34.89200000
1710460800000,2024-03-15 00:00:00,0.00053874,35.12100000
1710489600000,2024-03-15 08:00:00,0.00033664,33.34464705
1710518400000,2024-03-15 16:00:00,0.00019287,32.73685582
1710547200000,2024-03-16 00:00:00,0.00010000,33.30041836
1710576000000,2024-03-16 08:00:00,0.00026530,33.26977253
1710604800000,2024-03-16 16:00:00,0.00010000,32.03924874
1710633600000,2024-03-17 00:00:00,0.00017413,30.71800000
1710662400000,2024-03-17 08:00:00,0.00018093,30.31000000
1710691200000,2024-03-17 16:00:00,0.00023551,31.60981982
1710720000000,2024-03-18 00:00:00,0.00012147,31.96350300
1710748800000,2024-03-18 08:00:00,0.00020347,31.83600000
1710777600001,2024-03-18 16:00:00,0.00028786,30.92085691
1710806400000,2024-03-19 00:00:00,0.00029403,31.45221077
1710835200000,2024-03-19 08:00:00,0.00010000,28.94000000
1710864000001,2024-03-19 16:00:00,0.00010000,29.07577269
1710892800000,2024-03-20 00:00:00,0.00011114,27.72700000
1710921600004,2024-03-20 08:00:00,0.00012694,28.56400000
1710950400000,2024-03-20 16:00:00,0.00010000,28.48600000
1710979200000,2024-03-21 00:00:00,0.00010042,30.61002453
1711008000000,2024-03-21 08:00:00,0.00010000,30.19405844
1711036800000,2024-03-21 16:00:00,0.00010755,30.25482991
1711065600000,2024-03-22 00:00:00,0.00030309,30.32428738
1711094400000,2024-03-22 08:00:00,0.00023997,30.42207609
1711123200000,2024-03-22 16:00:00,0.00010132,29.21500000
1711152000000,2024-03-23 00:00:00,0.00010000,29.36034429
1711180800000,2024-03-23 08:00:00,0.00026820,29.75400000
1711209600000,2024-03-23 16:00:00,0.00028945,30.70600000
1711238400000,2024-03-24 00:00:00,0.00030223,30.27700000
1711267200000,2024-03-24 08:00:00,0.00018284,30.96602561
1711296000000,2024-03-24 16:00:00,0.00010000,31.27457857
1711324800000,2024-03-25 00:00:00,0.00011321,31.58900000
1711353600001,2024-03-25 08:00:00,0.00010000,31.14686452
1711382400000,2024-03-25 16:00:00,0.00023841,32.23210504
1711411200000,2024-03-26 00:00:00,0.00026279,32.47400000
1711440000000,2024-03-26 08:00:00,0.00029750,32.79000000
1711468800000,2024-03-26 16:00:00,0.00030235,32.25100000
1711497600000,2024-03-27 00:00:00,0.00041753,32.16255161
1711526400001,2024-03-27 08:00:00,0.00043333,31.69085819
1711555200000,2024-03-27 16:00:00,0.00032507,31.45292870
1711584000000,2024-03-28 00:00:00,0.00052578,31.81190282
1711612800000,2024-03-28 08:00:00,0.00043531,32.39400000
1711641600000,2024-03-28 16:00:00,0.00035367,32.68067295
1711670400000,2024-03-29 00:00:00,0.00052196,32.55061735
1711699200000,2024-03-29 08:00:00,0.00047498,31.86085043
1711728000000,2024-03-29 16:00:00,0.00051058,33.57873850
1711756800000,2024-03-30 00:00:00,0.00044869,34.20469073
1711785600000,2024-03-30 08:00:00,0.00033453,33.49600000
1711814400000,2024-03-30 16:00:00,0.00048763,33.57486161
1711843200000,2024-03-31 00:00:00,0.00040577,32.92634568
1711872000000,2024-03-31 08:00:00,0.00048902,33.99900000
1711900800001,2024-03-31 16:00:00,0.00057170,33.93669393
1711929600000,2024-04-01 00:00:00,0.00061188,34.31800000
1711958400000,2024-04-01 08:00:00,0.00043658,33.65500000
1711987200000,2024-04-01 16:00:00,0.00030865,32.06314641
1712016000007,2024-04-02 00:00:00,0.00017283,32.70295454
1712044800015,2024-04-02 08:00:00,0.00010000,30.82203668
1712073600000,2024-04-02 16:00:00,0.00014312,29.99200000
1712102400000,2024-04-03 00:00:00,0.00010000,29.99760095
1712131200000,2024-04-03 08:00:00,0.00010000,30.27850042
1712160000000,2024-04-03 16:00:00,0.00010000,30.51096581
1712188800000,2024-04-04 00:00:00,0.00017718,30.65036414
1712217600000,2024-04-04 08:00:00,0.00019388,31.66448812
1712246400000,2024-04-04 16:00:00,0.00016670,32.50900000
1712275200000,2024-04-05 00:00:00,0.00023550,32.86678617
1712304000000,2024-04-05 08:00:00,0.00014733,33.54924415
1712332800000,2024-04-05 16:00:00,0.00019140,33.63200000
1712361600000,2024-04-06 00:00:00,0.00024382,33.12671205
1712390400000,2024-04-06 08:00:00,0.00018185,33.30451386
1712419200000,2024-04-06 16:00:00,0.00010000,33.33437500
1712448000000,2024-04-07 00:00:00,0.00016248,33.49574940
1712476800000,2024-04-07 08:00:00,0.00016676,34.06400000
1712505600000,2024-04-07 16:00:00,0.00010000,33.84347633
1712534400001,2024-04-08 00:00:00,0.00010000,33.89500000
1712563200000,2024-04-08 08:00:00,0.00010032,34.08684726
1712592000006,2024-04-08 16:00:00,0.00026121,35.27994293
1712620800000,2024-04-09 00:00:00,0.00022082,35.67900000
1712649600001,2024-04-09 08:00:00,0.00019726,34.62662230
1712678400001,2024-04-09 16:00:00,0.00010000,33.35433887
1712707200000,2024-04-10 00:00:00,0.00010000,32.78800000
1712736000001,2024-04-10 08:00:00,0.00010000,32.89100000
1712764800000,2024-04-10 16:00:00,0.00014879,32.87400000
1712793600000,2024-04-11 00:00:00,0.00015187,33.53300000
1712822400000,2024-04-11 08:00:00,0.00010000,34.10860148
1712851200000,2024-04-11 16:00:00,0.00030433,34.28654190
1712880000000,2024-04-12 00:00:00,0.00024137,33.77819541
1712908800001,2024-04-12 08:00:00,0.00017554,33.73462272
1712937600000,2024-04-12 16:00:00,0.00020342,32.69300000
1712966400000,2024-04-13 00:00:00,0.00010000,29.47612438
1712995200000,2024-04-13 08:00:00,0.00010000,29.31500000
1713024000001,2024-04-13 16:00:00,0.00010000,28.96099861
1713052800000,2024-04-14 00:00:00,0.00010000,25.45771518
1713081600000,2024-04-14 08:00:00,0.00010000,26.51177438
1713110400000,2024-04-14 16:00:00,0.00010000,25.76481479
1713139200000,2024-04-15 00:00:00,0.00005819,26.96936819
1713168000001,2024-04-15 08:00:00,0.00010000,27.92557455
1713196800000,2024-04-15 16:00:00,0.00010000,26.72000000
1713225600001,2024-04-16 00:00:00,0.00001044,26.43200000
1713254400000,2024-04-16 08:00:00,0.00010000,26.72643170
1713283200000,2024-04-16 16:00:00,0.00010000,25.18500000
1713312000000,2024-04-17 00:00:00,0.00004677,26.16523727
1713340800000,2024-04-17 08:00:00,0.00005975,26.17379916
1713369600000,2024-04-17 16:00:00,0.00010000,24.94825919
1713398400000,2024-04-18 00:00:00,0.00009039,25.38700000
1713427200000,2024-04-18 08:00:00,0.00010000,25.23600000
1713456000000,2024-04-18 16:00:00,0.00008077,26.09900000
1713484800001,2024-04-19 00:00:00,0.00010000,26.11900000
1713513600000,2024-04-19 08:00:00,0.00008249,26.00300000
1713542400000,2024-04-19 16:00:00,0.00008657,26.22950650
1713571200000,2024-04-20 00:00:00,0.00010000,26.03900000
1713600000000,2024-04-20 08:00:00,0.00009144,26.32500000
1713628800000,2024-04-20 16:00:00,0.00003265,27.24893411
1713657600000,2024-04-21 00:00:00,0.00010000,27.87894387
1713686400000,2024-04-21 08:00:00,0.00009525,27.99800000
1713715200000,2024-04-21 16:00:00,0.00009187,27.60000000
1713744000000,2024-04-22 00:00:00,0.00010000,27.44900000
1713772800000,2024-04-22 08:00:00,0.00010000,28.06900000
1713801600000,2024-04-22 16:00:00,0.00003288,28.10600000
1713830400000,2024-04-23 00:00:00,0.00010000,28.31660652
1713859200000,2024-04-23 08:00:00,0.00004407,27.87000000
1713888000001,2024-04-23 16:00:00,0.00005910,28.13131468
1713916800000,2024-04-24 00:00:00,0.00010000,28.10800000
1713945600000,2024-04-24 08:00:00,0.00010000,28.04459852
1713974400000,2024-04-24 16:00:00,0.00007894,26.84832849
1714003200000,2024-04-25 00:00:00,-0.00000985,26.36500000
1714032000000,2024-04-25 08:00:00,0.00004312,26.03009386
1714060800010,2024-04-25 16:00:00,0.00005782,26.37100000
1714089600001,2024-04-26 00:00:00,-0.00003282,26.43200000
1714118400000,2024-04-26 08:00:00,-0.00000083,26.71897609
1714147200000,2024-04-26 16:00:00,0.00007424,27.20400000
1714176000000,2024-04-27 00:00:00,0.00010000,27.09900000
1714204800001,2024-04-27 08:00:00,0.00004917,26.65145669
1714233600000,2024-04-27 16:00:00,-0.00001787,26.74800000
1714262400000,2024-04-28 00:00:00,0.00010000,27.83700000
1714291200000,2024-04-28 08:00:00,0.00010000,29.66452169
1714320000000,2024-04-28 16:00:00,0.00004540,28.96968926
1714348800000,2024-04-29 00:00:00,0.00010000,27.98298127
1714377600000,2024-04-29 08:00:00,0.00010000,27.29148230
1714406400000,2024-04-29 16:00:00,0.00003521,27.38000000
1714435200000,2024-04-30 00:00:00,0.00000720,27.57400000
1714464000000,2024-04-30 08:00:00,0.00010000,27.01082047
1714492800000,2024-04-30 16:00:00,-0.00002807,25.39007062
1714521600000,2024-05-01 00:00:00,-0.00011794,25.41900000
1714550400000,2024-05-01 08:00:00,0.00006616,24.48400000
1714579200000,2024-05-01 16:00:00,0.00010000,24.59187994
1714608000000,2024-05-02 00:00:00,0.00008152,25.53531695
1714636800000,2024-05-02 08:00:00,0.00010000,25.26112444
1714665600002,2024-05-02 16:00:00,0.00007968,25.68706067
1714694400000,2024-05-03 00:00:00,0.00004663,25.64126432
1714723200000,2024-05-03 08:00:00,0.00009514,25.60200000
1714752000000,2024-05-03 16:00:00,0.00010000,26.55400000
1714780800000,2024-05-04 00:00:00,0.00010000,26.88800000
1714809600000,2024-05-04 08:00:00,0.00010000,26.85359795
1714838400000,2024-05-04 16:00:00,0.00010000,27.19435130
1714867200000,2024-05-05 00:00:00,0.00010000,26.94217501
1714896000000,2024-05-05 08:00:00,0.00010000,26.71196077
1714924800000,2024-05-05 16:00:00,0.00010000,27.56500000
1714953600000,2024-05-06 00:00:00,0.00010000,27.65604735
1714982400000,2024-05-06 08:00:00,0.00010000,28.60400000
1715011200000,2024-05-06 16:00:00,0.00010000,27.39610552
1715040000000,2024-05-07 00:00:00,0.00007931,26.97300000
1715068800000,2024-05-07 08:00:00,0.00010000,27.04400000
1715097600000,2024-05-07 16:00:00,0.00010000,27.29900000
1715126400000,2024-05-08 00:00:00,0.00010000,27.06838894
1715155200000,2024-05-08 08:00:00,0.00009928,26.67900000
1715184000000,2024-05-08 16:00:00,0.00010000,28.42777437
1715212800000,2024-05-09 00:00:00,0.00001683,27.17000000
1715241600000,2024-05-09 08:00:00,-0.00000191,27.17707857
1715270400000,2024-05-09 16:00:00,0.00000960,27.29808611
1715299200000,2024-05-10 00:00:00,0.00010000,27.64734208
1715328000000,2024-05-10 08:00:00,0.00010000,27.69600000
1715356800000,2024-05-10 16:00:00,0.00010000,26.87903129
1715385600000,2024-05-11 00:00:00,0.00004556,26.37400000
1715414400000,2024-05-11 08:00:00,0.00008091,26.65100000
1715443200000,2024-05-11 16:00:00,0.00010000,26.56811511
1715472000000,2024-05-12 00:00:00,0.00010000,26.46700000
1715500800000,2024-05-12 08:00:00,0.00010000,26.44617659
1715529600000,2024-05-12 16:00:00,0.00010000,26.78396826
1715558400001,2024-05-13 00:00:00,0.00010000,26.68600000
1715587200001,2024-05-13 08:00:00,0.00005876,26.44800000
1715616000000,2024-05-13 16:00:00,0.00010000,26.55100000
1715644800000,2024-05-14 00:00:00,0.00010000,26.29591561
1715673600000,2024-05-14 08:00:00,0.00010000,26.03400000
1715702400000,2024-05-14 16:00:00,0.00010000,25.62600000
1715731200000,2024-05-15 00:00:00,0.00003006,25.34071190
1715760000000,2024-05-15 08:00:00,0.00007234,25.71200000
1715788800000,2024-05-15 16:00:00,0.00010000,26.51962308
1715817600004,2024-05-16 00:00:00,0.00010000,27.09100000
1715846400000,2024-05-16 08:00:00,0.00010000,27.32353764
1715875200000,2024-05-16 16:00:00,0.00010000,27.15544172
1715904000000,2024-05-17 00:00:00,0.00010000,27.23300000
1715932800000,2024-05-17 08:00:00,0.00010000,28.18000000
1715961600000,2024-05-17 16:00:00,0.00010000,28.62895345
1715990400000,2024-05-18 00:00:00,0.00010000,28.29843357
1716019200000,2024-05-18 08:00:00,0.00010000,28.92200000
1716048000000,2024-05-18 16:00:00,0.00010000,28.58900000
1716076800000,2024-05-19 00:00:00,0.00010000,28.60800000
1716105600000,2024-05-19 08:00:00,0.00010000,28.41500000
1716134400000,2024-05-19 16:00:00,0.00010000,27.66816922
1716163200000,2024-05-20 00:00:00,0.00010000,27.57300000
1716192000000,2024-05-20 08:00:00,0.00010000,27.95224293
1716220800003,2024-05-20 16:00:00,0.00010000,28.14490703
1716249600000,2024-05-21 00:00:00,0.00010000,32.37700000
1716278400001,2024-05-21 08:00:00,0.00010000,31.62829984
1716307200000,2024-05-21 16:00:00,0.00010000,31.77217315
1716336000000,2024-05-22 00:00:00,0.00010000,31.74300000
1716364800000,2024-05-22 08:00:00,0.00010000,31.21313765
1716393600000,2024-05-22 16:00:00,0.00010000,30.66969984
1716422400000,2024-05-23 00:00:00,0.00010000,30.41728236
1716451200000,2024-05-23 08:00:00,0.00010000,31.55900000
1716480000000,2024-05-23 16:00:00,0.00010000,32.97142202
1716508800000,2024-05-24 00:00:00,0.00010000,32.42118922
1716537600000,2024-05-24 08:00:00,0.00010000,31.78540749
1716566400000,2024-05-24 16:00:00,0.00010000,31.40972101
1716595200000,2024-05-25 00:00:00,0.00010000,31.59491634
1716624000000,2024-05-25 08:00:00,0.00010000,31.84504005
1716652800000,2024-05-25 16:00:00,0.00010000,31.57576270
1716681600000,2024-05-26 00:00:00,0.00010000,31.68000000
1716710400000,2024-05-26 08:00:00,0.00010000,31.93100000
1716739200000,2024-05-26 16:00:00,0.00010000,32.19078465
1716768000000,2024-05-27 00:00:00,0.00010000,31.71400000
1716796800000,2024-05-27 08:00:00,0.00010000,32.00900000
1716825600000,2024-05-27 16:00:00,0.00010000,32.52834606
1716854400000,2024-05-28 00:00:00,0.00010000,31.91800000
1716883200000,2024-05-28 08:00:00,0.00010000,31.00064238
1716912000000,2024-05-28 16:00:00,0.00010000,31.22500000
1716940800001,2024-05-29 00:00:00,0.00027060,31.44200000
1716969600000,2024-05-29 08:00:00,0.00010000,30.94200000
1716998400000,2024-05-29 16:00:00,0.00010000,30.33126977
1717027200000,2024-05-30 00:00:00,0.00010000,30.45300000
1717056000000,2024-05-30 08:00:00,0.00011096,29.52185935
1717084800000,2024-05-30 16:00:00,0.00018767,30.16600000
1717113600000,2024-05-31 00:00:00,0.00016390,29.82295769
1717142400000,2024-05-31 08:00:00,0.00011169,29.72900000
1717171200000,2024-05-31 16:00:00,0.00010000,29.44800000
1717200000000,2024-06-01 00:00:00,0.00010000,29.61165116
1717228800000,2024-06-01 08:00:00,0.00019552,29.53134304
1717257600001,2024-06-01 16:00:00,0.00017150,29.63103253
1717286400000,2024-06-02 00:00:00,0.00010792,29.58100000
1717315200000,2024-06-02 08:00:00,0.00016319,29.16426839
1717344000000,2024-06-02 16:00:00,0.00010627,29.37927231
1717372800000,2024-06-03 00:00:00,0.00011350,28.94607106
1717401600000,2024-06-03 08:00:00,0.00017916,29.20200000
1717430400000,2024-06-03 16:00:00,0.00010000,28.97974488
1717459200000,2024-06-04 00:00:00,0.00010000,28.64543402
1717488000000,2024-06-04 08:00:00,0.00010000,28.43502397
1717516800000,2024-06-04 16:00:00,0.00010000,29.30800000
1717545600000,2024-06-05 00:00:00,0.00031242,29.74598119
1717574400000,2024-06-05 08:00:00,0.00021845,29.69290960
1717603200000,2024-06-05 16:00:00,0.00018877,29.68811367
1717632000000,2024-06-06 00:00:00,0.00016657,29.81624204
1717660800008,2024-06-06 08:00:00,0.00023158,29.45300000
1717689600000,2024-06-06 16:00:00,0.00020200,29.43000000
1717718400000,2024-06-07 00:00:00,0.00017907,29.07645147
1717747200000,2024-06-07 08:00:00,0.00020334,29.10400000
1717776000000,2024-06-07 16:00:00,0.00018879,29.13800000
1717804800000,2024-06-08 00:00:00,0.00010000,27.03438854
1717833600000,2024-06-08 08:00:00,0.00010000,27.12163465
1717862400000,2024-06-08 16:00:00,0.00009126,26.76590791
1717891200000,2024-06-09 00:00:00,0.00005756,26.82919233
1717920000000,2024-06-09 08:00:00,0.00000979,26.91100000
1717948800001,2024-06-09 16:00:00,-0.00003469,26.97900000
1717977600000,2024-06-10 00:00:00,0.00010000,26.95254654
1718006400000,2024-06-10 08:00:00,0.00010000,26.36825792
1718035200001,2024-06-10 16:00:00,0.00010000,27.00958329
1718064000001,2024-06-11 00:00:00,0.00010000,26.62300000
1718092800000,2024-06-11 08:00:00,0.00010000,25.96656089
1718121600000,2024-06-11 16:00:00,0.00008157,25.26200000
1718150400000,2024-06-12 00:00:00,0.00007290,25.65300000
1718179200000,2024-06-12 08:00:00,0.00007182,25.89700000
1718208000000,2024-06-12 16:00:00,-0.00010677,26.54301553
1718236800000,2024-06-13 00:00:00,0.00010000,26.10048501
1718265600001,2024-06-13 08:00:00,0.00005963,25.62900000
1718294400000,2024-06-13 16:00:00,-0.00003517,25.19469112
1718323200000,2024-06-14 00:00:00,0.00010000,25.28923587
1718352000000,2024-06-14 08:00:00,0.00010000,25.38710322
1718380800000,2024-06-14 16:00:00,-0.00001845,25.07938280
1718409600000,2024-06-15 00:00:00,-0.00008201,25.11800000
1718438400000,2024-06-15 08:00:00,0.00005256,25.32500000
1718467200000,2024-06-15 16:00:00,0.00010000,25.44500000
1718496000001,2024-06-16 00:00:00,0.00008857,25.61743024
1718524800000,2024-06-16 08:00:00,0.00010000,25.43200000
1718553600000,2024-06-16 16:00:00,-0.00011655,25.51275457
1718582400000,2024-06-17 00:00:00,-0.00006372,25.44560480
1718611200000,2024-06-17 08:00:00,0.00007063,24.63100000
1718640000000,2024-06-17 16:00:00,-0.00005306,23.97500000
1718668800000,2024-06-18 00:00:00,-0.00009977,24.06486696
1718697600000,2024-06-18 08:00:00,-0.00006145,23.03100000
1718726400000,2024-06-18 16:00:00,-0.00001067,22.91138170
1718755200001,2024-06-19 00:00:00,0.00004757,23.03600000
1718784000001,2024-06-19 08:00:00,0.00001157,23.81442024
1718812800000,2024-06-19 16:00:00,0.00007745,23.71900000
1718841600000,2024-06-20 00:00:00,0.00006525,23.97757218
1718870400000,2024-06-20 08:00:00,-0.00009570,24.65600000
1718899200000,2024-06-20 16:00:00,0.00010000,23.99471787
1718928000000,2024-06-21 00:00:00,0.00005942,24.05300000
1718956800000,2024-06-21 08:00:00,0.00010000,23.83800000
1718985600000,2024-06-21 16:00:00,0.00010000,23.46800000
1719014400000,2024-06-22 00:00:00,0.00005189,23.54377563
1719043200000,2024-06-22 08:00:00,0.00008200,23.43300000
1719072000000,2024-06-22 16:00:00,0.00001579,23.50500000
1719100800000,2024-06-23 00:00:00,-0.00000968,23.35800000
1719129600000,2024-06-23 08:00:00,-0.00002490,23.37479294
1719158400000,2024-06-23 16:00:00,0.00010000,22.93202894
1719187200002,2024-06-24 00:00:00,0.00010000,22.64477705
1719216000000,2024-06-24 08:00:00,0.00008296,22.58600000
1719244800000,2024-06-24 16:00:00,0.00002799,22.40300000
1719273600000,2024-06-25 00:00:00,0.00010000,22.97200000
1719302400000,2024-06-25 08:00:00,-0.00001084,23.32300000
1719331200000,2024-06-25 16:00:00,0.00010000,23.64716832
1719360000002,2024-06-26 00:00:00,0.00007561,23.47800000
1719388800000,2024-06-26 08:00:00,0.00010000,23.45500000
1719417600000,2024-06-26 16:00:00,0.00010000,23.59400000
1719446400000,2024-06-27 00:00:00,0.00010000,23.68036589
1719475200001,2024-06-27 08:00:00,0.00010000,23.24600000
1719504000000,2024-06-27 16:00:00,0.00010000,24.00200000
1719532800000,2024-06-28 00:00:00,0.00007129,24.05452337
1719561600000,2024-06-28 08:00:00,0.00010000,23.99700000
1719590400000,2024-06-28 16:00:00,0.00010000,23.88956628
1719619200001,2024-06-29 00:00:00,0.00010000,23.40300000
1719648000000,2024-06-29 08:00:00,0.00010000,23.62700000
1719676800000,2024-06-29 16:00:00,0.00009443,23.35449306
1719705600000,2024-06-30 00:00:00,0.00003532,23.13900000
1719734400000,2024-06-30 08:00:00,0.00007306,23.37200000
1719763200000,2024-06-30 16:00:00,0.00006621,23.36152724
1719792000000,2024-07-01 00:00:00,0.00008001,23.67916154
1719820800000,2024-07-01 08:00:00,0.00007436,23.85700000
1719849600001,2024-07-01 16:00:00,0.00010000,23.70800000
1719878400000,2024-07-02 00:00:00,0.00010000,23.22996481
1719907200000,2024-07-02 08:00:00,0.00009842,23.16512656
1719936000000,2024-07-02 16:00:00,0.00003182,22.99900000
1719964800000,2024-07-03 00:00:00,0.00007521,23.28700000
1719993600001,2024-07-03 08:00:00,0.00010000,22.82156719
1720022400000,2024-07-03 16:00:00,0.00010000,22.50710984
1720051200000,2024-07-04 00:00:00,0.00010000,22.53100000
1720080000000,2024-07-04 08:00:00,0.00006098,21.60300000
1720108800000,2024-07-04 16:00:00,0.00007486,21.62200000
1720137600000,2024-07-05 00:00:00,-0.00005674,20.75600000
1720166400000,2024-07-05 08:00:00,-0.00012910,18.90000000
1720195200000,2024-07-05 16:00:00,-0.00012737,19.87600000
1720224000000,2024-07-06 00:00:00,-0.00022012,20.21400000
1720252800000,2024-07-06 08:00:00,0.00008874,20.69000000
1720281600000,2024-07-06 16:00:00,0.00009720,20.76000000
1720310400001,2024-07-07 00:00:00,0.00010000,21.16900000
1720339200000,2024-07-07 08:00:00,0.00010000,20.62476101
1720368000000,2024-07-07 16:00:00,0.00004199,20.08300000
1720396800000,2024-07-08 00:00:00,-0.00002967,19.74200000
1720425600000,2024-07-08 08:00:00,-0.00005029,19.86009006
1720454400000,2024-07-08 16:00:00,0.00010000,20.10610405
1720483200000,2024-07-09 00:00:00,0.00002790,20.38800000
1720512000001,2024-07-09 08:00:00,-0.00003910,20.71600000
1720540800000,2024-07-09 16:00:00,0.00010000,20.81607398
1720569600000,2024-07-10 00:00:00,0.00007235,20.62200000
1720598400000,2024-07-10 08:00:00,0.00010000,21.00611948
1720627200000,2024-07-10 16:00:00,0.00010000,20.98300000
1720656000002,2024-07-11 00:00:00,-0.00001198,20.98530937
1720684800002,2024-07-11 08:00:00,0.00010000,21.06449225
1720713600004,2024-07-11 16:00:00,0.00010000,21.01651082
1720742400000,2024-07-12 00:00:00,0.00009760,20.64491185
1720771200000,2024-07-12 08:00:00,0.00007266,20.87265411
1720800000000,2024-07-12 16:00:00,0.00010000,21.32500000
1720828800000,2024-07-13 00:00:00,0.00010000,21.46623008
1720857600000,2024-07-13 08:00:00,0.00010000,21.76000000
1720886400000,2024-07-13 16:00:00,0.00010000,22.12417994
1720915200000,2024-07-14 00:00:00,0.00010000,22.37894020
1720944000000,2024-07-14 08:00:00,0.00000603,22.34700000
1720972800000,2024-07-14 16:00:00,0.00006585,22.37600000
1721001600000,2024-07-15 00:00:00,0.00010000,22.57055994
1721030400000,2024-07-15 08:00:00,0.00010000,23.02760442
1721059200000,2024-07-15 16:00:00,0.00008472,23.02982120
1721088000000,2024-07-16 00:00:00,0.00010000,23.88200000
1721116800000,2024-07-16 08:00:00,0.00010000,22.91686990
1721145600000,2024-07-16 16:00:00,0.00010000,23.75441477
1721174400000,2024-07-17 00:00:00,0.00008227,23.58200000
1721203200001,2024-07-17 08:00:00,0.00010000,23.67986838
1721232000000,2024-07-17 16:00:00,0.00008548,23.34869986
1721260800000,2024-07-18 00:00:00,0.00001540,22.95100000
1721289600000,2024-07-18 08:00:00,0.00009361,23.13300000
1721318400000,2024-07-18 16:00:00,0.00010000,22.70803900
1721347200000,2024-07-19 00:00:00,0.00010000,22.99806341
1721376000000,2024-07-19 08:00:00,0.00010000,22.79906856
1721404800000,2024-07-19 16:00:00,0.00010000,23.24700000
1721433600001,2024-07-20 00:00:00,0.00010000,23.59538808
1721462400000,2024-07-20 08:00:00,0.00010000,23.58100000
1721491200000,2024-07-20 16:00:00,0.00010000,23.85700000
1721520000000,2024-07-21 00:00:00,0.00010000,23.90800000
1721548800000,2024-07-21 08:00:00,0.00010000,23.60900000
1721577600000,2024-07-21 16:00:00,0.00006752,23.58556856
1721606400000,2024-07-22 00:00:00,0.00010000,24.15200000
1721635200000,2024-07-22 08:00:00,0.00010000,23.46900000
1721664000000,2024-07-22 16:00:00,-0.00000729,23.40300000
1721692800000,2024-07-23 00:00:00,0.00004049,23.41809945
1721721600000,2024-07-23 08:00:00,0.00005587,24.06700000
1721750400000,2024-07-23 16:00:00,0.00009624,24.34598368
1721779200000,2024-07-24 00:00:00,-0.00004437,24.03600000
1721808000000,2024-07-24 08:00:00,-0.00002055,23.62436694
1721836800000,2024-07-24 16:00:00,-0.00006428,23.32800000
1721865600000,2024-07-25 00:00:00,-0.00011508,22.84970679
1721894400000,2024-07-25 08:00:00,-0.00004706,22.07800000
1721923200000,2024-07-25 16:00:00,0.00004938,21.91400000
1721952000000,2024-07-26 00:00:00,-0.00005869,22.07088804
1721980800000,2024-07-26 08:00:00,0.00006982,22.59500000
1722009600000,2024-07-26 16:00:00,0.00001629,22.59148040
1722038400000,2024-07-27 00:00:00,-0.00008528,22.89862128
1722067200000,2024-07-27 08:00:00,0.00010000,22.92708679
1722096000000,2024-07-27 16:00:00,0.00010000,22.98000000
1722124800000,2024-07-28 00:00:00,0.00010000,22.81255913
1722153600000,2024-07-28 08:00:00,0.00010000,22.62900000
1722182400001,2024-07-28 16:00:00,0.00010000,22.58341471
1722211200001,2024-07-29 00:00:00,0.00010000,22.62345269
1722240000000,2024-07-29 08:00:00,0.00010000,23.30963737
1722268800001,2024-07-29 16:00:00,0.00010000,22.88606936
1722297600000,2024-07-30 00:00:00,0.00010000,22.82587567
1722326400001,2024-07-30 08:00:00,0.00010000,22.85800000
1722355200000,2024-07-30 16:00:00,0.00010000,22.71728986
1722384000000,2024-07-31 00:00:00,0.00003907,22.22300000
1722412800000,2024-07-31 08:00:00,0.00009657,22.33915956
1722441600000,2024-07-31 16:00:00,0.00000895,22.31400000
1722470400000,2024-08-01 00:00:00,0.00002366,21.75930997
1722499200000,2024-08-01 08:00:00,0.00010000,21.62338361
1722528000000,2024-08-01 16:00:00,0.00010000,21.22300000
1722556800000,2024-08-02 00:00:00,0.00004412,21.52200000
1722585600001,2024-08-02 08:00:00,0.00007108,21.07266181
1722614400000,2024-08-02 16:00:00,0.00004199,20.45500000
1722643200000,2024-08-03 00:00:00,0.00003797,20.22102818
1722672000000,2024-08-03 08:00:00,0.00007158,20.51787981
1722700800001,2024-08-03 16:00:00,0.00003990,19.99747499
1722729600000,2024-08-04 00:00:00,0.00001743,19.64600000
1722758400000,2024-08-04 08:00:00,-0.00000633,19.51100000
1722787200000,2024-08-04 16:00:00,-0.00004275,18.95900000
1722816000000,2024-08-05 00:00:00,0.00003428,18.91800000
1722844800000,2024-08-05 08:00:00,0.00004172,17.08923251
1722873600000,2024-08-05 16:00:00,0.00009081,17.65000000
1722902400000,2024-08-06 00:00:00,0.00007327,17.64700000
1722931200000,2024-08-06 08:00:00,-0.00012295,18.33150556
1722960000000,2024-08-06 16:00:00,-0.00002800,18.34545398
1722988800000,2024-08-07 00:00:00,-0.00011845,18.12200000
1723017600001,2024-08-07 08:00:00,-0.00006253,18.26300000
1723046400000,2024-08-07 16:00:00,-0.00020391,17.98479085
1723075200001,2024-08-08 00:00:00,-0.00001477,18.14400000
1723104000000,2024-08-08 08:00:00,0.00004861,18.46371280
1723132800000,2024-08-08 16:00:00,0.00001520,19.12600000
1723161600000,2024-08-09 00:00:00,0.00010000,19.85000000
1723190400000,2024-08-09 08:00:00,0.00002708,19.53217092
1723219200000,2024-08-09 16:00:00,0.00010000,19.00300000
1723248000000,2024-08-10 00:00:00,0.00004450,19.40611142
1723276800000,2024-08-10 08:00:00,0.00010000,19.44517869
1723305600000,2024-08-10 16:00:00,0.00006559,19.37000000
1723334400000,2024-08-11 00:00:00,-0.00004427,19.38000000
1723363200000,2024-08-11 08:00:00,0.00001330,19.57527346
1723392000001,2024-08-11 16:00:00,0.00005694,18.83615622
1723420800000,2024-08-12 00:00:00,0.00002863,18.40500000
1723449600000,2024-08-12 08:00:00,0.00010000,18.58839270
1723478400000,2024-08-12 16:00:00,0.00008265,19.07446270
1723507200000,2024-08-13 00:00:00,0.00005675,19.16722171
1723536000000,2024-08-13 08:00:00,0.00010000,18.92200000
1723564800000,2024-08-13 16:00:00,0.00010000,18.87885901
1723593600000,2024-08-14 00:00:00,0.00007737,19.14819847
1723622400000,2024-08-14 08:00:00,0.00006619,19.00400000
1723651200000,2024-08-14 16:00:00,0.00007553,18.83700000
1723680000000,2024-08-15 00:00:00,-0.00000618,18.82336318
1723708800000,2024-08-15 08:00:00,0.00010000,18.65600000
1723737600000,2024-08-15 16:00:00,0.00005739,19.00400000
1723766400000,2024-08-16 00:00:00,0.00005196,18.53100000
1723795200000,2024-08-16 08:00:00,0.00010000,18.85860737
1723824000000,2024-08-16 16:00:00,-0.00004022,18.44116976
1723852800000,2024-08-17 00:00:00,0.00009757,18.73217893
1723881600000,2024-08-17 08:00:00,0.00008151,18.69100000
1723910400000,2024-08-17 16:00:00,0.00003682,18.75454303
1723939200000,2024-08-18 00:00:00,-0.00003722,18.77688902
1723968000000,2024-08-18 08:00:00,0.00007492,18.78311987
1723996800000,2024-08-18 16:00:00,0.00007796,18.98500000
1724025600000,2024-08-19 00:00:00,-0.00004715,18.55900000
1724054400000,2024-08-19 08:00:00,-0.00005690,18.80200000
1724083200002,2024-08-19 16:00:00,0.00003098,18.85800000
1724112000000,2024-08-20 00:00:00,0.00010000,18.92966584
1724140800000,2024-08-20 08:00:00,0.00005645,19.24800000
1724169600001,2024-08-20 16:00:00,0.00002628,18.81050208
1724198400001,2024-08-21 00:00:00,0.00010000,18.87700000
1724227200000,2024-08-21 08:00:00,-0.00001184,19.08900000
1724256000001,2024-08-21 16:00:00,0.00010000,19.29657640
1724284800000,2024-08-22 00:00:00,0.00010000,19.47900000
1724313600000,2024-08-22 08:00:00,0.00010000,19.50268867
1724342400008,2024-08-22 16:00:00,0.00010000,19.40800000
1724371200000,2024-08-23 00:00:00,0.00008610,19.48400000
1724400000000,2024-08-23 08:00:00,0.00010000,19.88500000
1724428800000,2024-08-23 16:00:00,0.00010000,20.14700000
1724457600000,2024-08-24 00:00:00,0.00004519,20.57229138
1724486400005,2024-08-24 08:00:00,0.00005889,20.43856272
1724515200000,2024-08-24 16:00:00,0.00008325,20.61420375
1724544000000,2024-08-25 00:00:00,0.00010000,20.61283190
1724572800000,2024-08-25 08:00:00,0.00005552,19.94776234
1724601600000,2024-08-25 16:00:00,0.00010000,20.16798649
1724630400000,2024-08-26 00:00:00,0.00002836,20.10246752
1724659200001,2024-08-26 08:00:00,0.00010000,19.98262487
1724688000000,2024-08-26 16:00:00,0.00006775,19.80595953
1724716800001,2024-08-27 00:00:00,0.00006887,19.43200000
1724745600000,2024-08-27 08:00:00,0.00001644,19.46715302
1724774400000,2024-08-27 16:00:00,0.00007523,19.11783078
1724803200000,2024-08-28 00:00:00,-0.00005004,18.28458703
1724832000000,2024-08-28 08:00:00,-0.00014138,18.30400000
1724860800001,2024-08-28 16:00:00,0.00006419,18.49599340
1724889600000,2024-08-29 00:00:00,-0.00008673,18.56600000
1724918400001,2024-08-29 08:00:00,-0.00007767,18.66903157
1724947200000,2024-08-29 16:00:00,0.00006878,18.81765726
1724976000000,2024-08-30 00:00:00,0.00005786,18.46569318
1725004800000,2024-08-30 08:00:00,0.00010000,18.49099305
1725033600000,2024-08-30 16:00:00,-0.00001000,17.96200000
1725062400000,2024-08-31 00:00:00,0.00005575,18.55700000
1725091200000,2024-08-31 08:00:00,0.00009702,18.44600000
1725120000000,2024-08-31 16:00:00,0.00010000,18.33200000
1725148800000,2024-09-01 00:00:00,-0.00001783,18.39600000
1725177600001,2024-09-01 08:00:00,0.00007544,18.17300000
1725206400000,2024-09-01 16:00:00,-0.00010122,18.08404253
1725235200001,2024-09-02 00:00:00,-0.00010725,17.60737372
1725264000001,2024-09-02 08:00:00,-0.00004540,17.56400000
1725292800000,2024-09-02 16:00:00,0.00001065,18.03400000
1725321600000,2024-09-03 00:00:00,0.00001670,18.26115364
1725350400001,2024-09-03 08:00:00,0.00009266,18.17755676
1725379200000,2024-09-03 16:00:00,-0.00001501,17.74136260
1725408000000,2024-09-04 00:00:00,-0.00007572,17.64100000
1725436800000,2024-09-04 08:00:00,0.00000300,17.72131399
1725465600000,2024-09-04 16:00:00,0.00000831,18.14659405
1725494400000,2024-09-05 00:00:00,0.00006263,18.07200000
1725523200000,2024-09-05 08:00:00,0.00010000,17.95306924
1725552000005,2024-09-05 16:00:00,0.00010000,17.57000000
1725580800000,2024-09-06 00:00:00,0.00002229,17.59482815
1725609600001,2024-09-06 08:00:00,0.00000453,17.57700000
1725638400000,2024-09-06 16:00:00,0.00003205,17.55838774
1725667200000,2024-09-07 00:00:00,-0.00008230,17.28600000
1725696000000,2024-09-07 08:00:00,0.00009257,17.47352248
1725724800000,2024-09-07 16:00:00,0.00010000,17.67300000
1725753600000,2024-09-08 00:00:00,0.00008920,17.62300000
1725782400000,2024-09-08 08:00:00,0.00007368,17.76900000
1725811200000,2024-09-08 16:00:00,0.00010000,17.63200000
1725840000000,2024-09-09 00:00:00,0.00005234,17.94300000
1725868800000,2024-09-09 08:00:00,0.00010000,18.01020511
1725897600001,2024-09-09 16:00:00,0.00004928,17.96388863
1725926400000,2024-09-10 00:00:00,0.00010000,18.33900000
1725955200000,2024-09-10 08:00:00,0.00003794,18.32975502
1725984000000,2024-09-10 16:00:00,0.00003818,18.41155311
1726012800000,2024-09-11 00:00:00,0.00009257,18.54920724
1726041600000,2024-09-11 08:00:00,0.00006829,18.38760329
1726070400000,2024-09-11 16:00:00,0.00008513,18.25247959
1726099200000,2024-09-12 00:00:00,0.00007160,18.44600000
1726128000000,2024-09-12 08:00:00,0.00005794,18.54944396
1726156800000,2024-09-12 16:00:00,0.00001700,18.35825673
1726185600000,2024-09-13 00:00:00,0.00010000,18.54831618
1726214400001,2024-09-13 08:00:00,0.00004290,18.35051499
1726243200001,2024-09-13 16:00:00,0.00009451,18.73044006
1726272000000,2024-09-14 00:00:00,-0.00002806,18.84000000
1726300800000,2024-09-14 08:00:00,0.00005930,18.63702029
1726329600001,2024-09-14 16:00:00,0.00000380,18.71600000
1726358400000,2024-09-15 00:00:00,0.00002239,18.59255309
1726387200000,2024-09-15 08:00:00,-0.00001568,18.52524353
1726416000000,2024-09-15 16:00:00,-0.00018390,18.32843428
1726444800000,2024-09-16 00:00:00,-0.00021884,17.77400000
1726473600001,2024-09-16 08:00:00,-0.00010683,17.82461672
1726502400000,2024-09-16 16:00:00,-0.00005889,17.61300000
1726531200001,2024-09-17 00:00:00,-0.00006469,17.72800000
1726560000000,2024-09-17 08:00:00,0.00001765,17.91379859
1726588800000,2024-09-17 16:00:00,0.00000420,18.13500000
1726617600000,2024-09-18 00:00:00,-0.00002444,17.97404610
1726646400000,2024-09-18 08:00:00,0.00003251,17.81300000
1726675200004,2024-09-18 16:00:00,-0.00005467,17.56783639
1726704000000,2024-09-19 00:00:00,0.00008728,18.31500000
1726732800000,2024-09-19 08:00:00,0.00010000,18.56400000
1726761600001,2024-09-19 16:00:00,0.00010000,18.69736551
1726790400000,2024-09-20 00:00:00,0.00010000,18.78950729
1726819200001,2024-09-20 08:00:00,0.00010000,19.19600000
1726848000000,2024-09-20 16:00:00,0.00010000,18.88000000
1726876800001,2024-09-21 00:00:00,0.00010000,18.99265882
1726905600000,2024-09-21 08:00:00,0.00010000,19.15672791
1726934400000,2024-09-21 16:00:00,0.00010000,19.30100000
1726963200000,2024-09-22 00:00:00,0.00010000,19.35908644
1726992000000,2024-09-22 08:00:00,0.00010000,19.04273468
1727020800000,2024-09-22 16:00:00,0.00005758,18.77932247
1727049600000,2024-09-23 00:00:00,0.00002403,18.89280694
1727078400000,2024-09-23 08:00:00,0.00010000,19.08600000
1727107200000,2024-09-23 16:00:00,0.00010000,19.22400000
1727136000000,2024-09-24 00:00:00,0.00010000,19.09500000
1727164800000,2024-09-24 08:00:00,0.00010000,19.09300000
1727193600001,2024-09-24 16:00:00,0.00006550,18.85300000
1727222400000,2024-09-25 00:00:00,0.00010000,19.40900000
1727251200003,2024-09-25 08:00:00,0.00007871,19.32326761
1727280000000,2024-09-25 16:00:00,0.00010000,19.52200000
1727308800005,2024-09-26 00:00:00,0.00010000,19.29384910
1727337600000,2024-09-26 08:00:00,0.00010000,19.86461571
1727366400000,2024-09-26 16:00:00,0.00010000,20.21200000
1727395200000,2024-09-27 00:00:00,0.00010000,20.30900000
1727424000000,2024-09-27 08:00:00,0.00010000,20.64994025
1727452800000,2024-09-27 16:00:00,0.00010000,20.75291818
1727481600000,2024-09-28 00:00:00,0.00010000,20.83148100
1727510400001,2024-09-28 08:00:00,0.00010000,20.40400000
1727539200000,2024-09-28 16:00:00,0.00010000,20.42509129
1727568000001,2024-09-29 00:00:00,0.00010000,20.55136359
1727596800000,2024-09-29 08:00:00,0.00010000,20.18900000
1727625600000,2024-09-29 16:00:00,0.00010000,20.55500000
1727654400000,2024-09-30 00:00:00,0.00008297,20.41585526
1727683200001,2024-09-30 08:00:00,0.00010000,20.09057289
1727712000000,2024-09-30 16:00:00,0.00010000,19.53600000
1727740800000,2024-10-01 00:00:00,0.00008217,19.45500000
1727769600000,2024-10-01 08:00:00,0.00010000,19.78006380
1727798400001,2024-10-01 16:00:00,0.00001062,18.88454238
1727827200000,2024-10-02 00:00:00,-0.00005070,18.39600000
1727856000000,2024-10-02 08:00:00,0.00009779,18.63767059
1727884800000,2024-10-02 16:00:00,0.00005671,18.24133197
1727913600000,2024-10-03 00:00:00,0.00006003,17.92900000
1727942400000,2024-10-03 08:00:00,0.00005967,18.07613202
1727971200000,2024-10-03 16:00:00,0.00006667,18.42000000
1728000000000,2024-10-04 00:00:00,0.00003943,18.51200000
1728028800000,2024-10-04 08:00:00,0.00010000,18.53200000
1728057600001,2024-10-04 16:00:00,0.00007078,18.66700000
1728086400000,2024-10-05 00:00:00,-0.00006440,18.75400000
1728115200000,2024-10-05 08:00:00,0.00010000,18.62704560
1728144000000,2024-10-05 16:00:00,0.00005197,18.67509019
1728172800000,2024-10-06 00:00:00,0.00010000,18.53700000
1728201600001,2024-10-06 08:00:00,0.00010000,18.79200000
1728230400000,2024-10-06 16:00:00,0.00002647,18.83200000
1728259200000,2024-10-07 00:00:00,0.00010000,18.74300000
1728288000000,2024-10-07 08:00:00,0.00010000,18.98500000
1728316800001,2024-10-07 16:00:00,0.00010000,18.81085490
1728345600000,2024-10-08 00:00:00,0.00010000,18.55030381
1728374400000,2024-10-08 08:00:00,0.00010000,18.46373710
1728403200000,2024-10-08 16:00:00,0.00010000,18.29300000
1728432000000,2024-10-09 00:00:00,0.00010000,18.33000000
1728460800000,2024-10-09 08:00:00,0.00010000,18.38800000
1728489600000,2024-10-09 16:00:00,0.00010000,18.32658175
1728518400000,2024-10-10 00:00:00,0.00010000,18.10876838
1728547200000,2024-10-10 08:00:00,0.00010000,18.24125796
1728576000000,2024-10-10 16:00:00,0.00010000,18.24127574
1728604800000,2024-10-11 00:00:00,0.00010000,18.19100000
1728633600000,2024-10-11 08:00:00,0.00008544,18.26361939
1728662400001,2024-10-11 16:00:00,0.00010000,18.56569669
1728691200000,2024-10-12 00:00:00,0.00010000,18.57951328
1728720000001,2024-10-12 08:00:00,0.00010000,18.74393718
1728748800000,2024-10-12 16:00:00,0.00010000,18.80519295
1728777600000,2024-10-13 00:00:00,0.00010000,18.76800000
1728806400000,2024-10-13 08:00:00,0.00010000,18.71300000
1728835200000,2024-10-13 16:00:00,0.00010000,18.35225950
1728864000000,2024-10-14 00:00:00,0.00010000,18.54400000
1728892800000,2024-10-14 08:00:00,0.00010000,18.93900000
1728921600000,2024-10-14 16:00:00,0.00010000,19.45097310
1728950400000,2024-10-15 00:00:00,0.00010000,19.49125174
1728979200000,2024-10-15 08:00:00,0.00010000,19.25286650
1729008000000,2024-10-15 16:00:00,0.00010000,19.03349722
1729036800000,2024-10-16 00:00:00,0.00010000,19.35927329
1729065600001,2024-10-16 08:00:00,0.00010000,19.25767474
1729094400000,2024-10-16 16:00:00,0.00010000,19.35000000
1729123200000,2024-10-17 00:00:00,0.00010000,19.36720348
1729152000000,2024-10-17 08:00:00,0.00010000,19.18651175
1729180800001,2024-10-17 16:00:00,0.00010000,19.02978545
1729209600010,2024-10-18 00:00:00,0.00001603,19.03900000
1729238400001,2024-10-18 08:00:00,0.00010000,19.18600000
1729267200000,2024-10-18 16:00:00,0.00010000,19.26100000
1729296000000,2024-10-19 00:00:00,0.00010000,19.35200000
1729324800000,2024-10-19 08:00:00,0.00010000,19.36000000
1729353600000,2024-10-19 16:00:00,0.00010000,19.41500000
1729382400000,2024-10-20 00:00:00,0.00010000,19.88423502
1729411200000,2024-10-20 08:00:00,0.00010000,19.64300000
1729440000000,2024-10-20 16:00:00,0.00010000,20.11666116
1729468800000,2024-10-21 00:00:00,0.00010000,20.19745298
1729497600000,2024-10-21 08:00:00,0.00010000,19.91521955
1729526400000,2024-10-21 16:00:00,0.00010000,19.49439925
1729555200000,2024-10-22 00:00:00,0.00010000,19.40900000
1729584000000,2024-10-22 08:00:00,0.00010000,19.27900868
1729612800000,2024-10-22 16:00:00,0.00010000,18.97810008
1729641600000,2024-10-23 00:00:00,0.00010000,19.06000000
1729670400000,2024-10-23 08:00:00,0.00010000,18.81006645
1729699200000,2024-10-23 16:00:00,0.00005411,18.66600000
1729728000000,2024-10-24 00:00:00,0.00008889,18.63400000
1729756800000,2024-10-24 08:00:00,0.00010000,18.63430937
1729785600000,2024-10-24 16:00:00,0.00010000,18.73379921
1729814400000,2024-10-25 00:00:00,0.00010000,18.87300000
1729843200000,2024-10-25 08:00:00,0.00010000,18.70400000
1729872000000,2024-10-25 16:00:00,0.00010000,19.23889335
1729900800000,2024-10-26 00:00:00,0.00010000,18.24568500
1729929600001,2024-10-26 08:00:00,0.00007901,18.34907258
1729958400000,2024-10-26 16:00:00,0.00005903,18.06400000
1729987200000,2024-10-27 00:00:00,-0.00012640,18.21200000
1730016000000,2024-10-27 08:00:00,-0.00007896,18.17400000
1730044800000,2024-10-27 16:00:00,-0.00005831,18.50890863
1730073600000,2024-10-28 00:00:00,0.00010000,18.41032861
1730102400001,2024-10-28 08:00:00,0.00010000,18.31818194
1730131200000,2024-10-28 16:00:00,0.00010000,18.44400000
1730160000000,2024-10-29 00:00:00,0.00010000,18.99094813
1730188800000,2024-10-29 08:00:00,0.00010000,19.12196725
1730217600004,2024-10-29 16:00:00,0.00010000,19.33149055
1730246400000,2024-10-30 00:00:00,0.00010000,19.43400000
1730275200000,2024-10-30 08:00:00,0.00010000,19.56547254
1730304000013,2024-10-30 16:00:00,0.00010000,19.66676623
1730332800000,2024-10-31 00:00:00,0.00010000,19.45312260
1730361600000,2024-10-31 08:00:00,0.00010000,19.28100000
1730390400000,2024-10-31 16:00:00,0.00010000,18.76958518
1730419200000,2024-11-01 00:00:00,0.00010000,18.59982634
1730448000000,2024-11-01 08:00:00,0.00010000,18.32354921
1730476800000,2024-11-01 16:00:00,0.00010000,18.49100000
1730505600000,2024-11-02 00:00:00,0.00010000,18.45395902
1730534400000,2024-11-02 08:00:00,0.00010000,18.50176213
1730563200000,2024-11-02 16:00:00,0.00004430,18.09500000
1730592000000,2024-11-03 00:00:00,-0.00001364,18.11800000
1730620800000,2024-11-03 08:00:00,-0.00004962,17.88078855
1730649600000,2024-11-03 16:00:00,-0.00004996,17.62538249
1730678400000,2024-11-04 00:00:00,0.00006176,17.78462541
1730707200000,2024-11-04 08:00:00,0.00006158,17.68800000
1730736000000,2024-11-04 16:00:00,0.00005376,17.74800000
1730764800000,2024-11-05 00:00:00,0.00009010,17.59477426
1730793600003,2024-11-05 08:00:00,0.00010000,17.96820438
1730822400001,2024-11-05 16:00:00,0.00010000,18.07500000
1730851200000,2024-11-06 00:00:00,0.00010000,18.22000000
1730880000000,2024-11-06 08:00:00,0.00010000,19.12824849
1730908800000,2024-11-06 16:00:00,0.00010000,19.05700000
1730937600000,2024-11-07 00:00:00,0.00010000,19.68700000
1730966400000,2024-11-07 08:00:00,0.00010000,20.07265801
1730995200000,2024-11-07 16:00:00,0.00010000,20.00655538
1731024000000,2024-11-08 00:00:00,0.00010000,20.25518185
1731052800000,2024-11-08 08:00:00,0.00010000,20.21300000
1731081600000,2024-11-08 16:00:00,0.00010000,20.16500000
1731110400000,2024-11-09 00:00:00,0.00010000,20.45500000
1731139200000,2024-11-09 08:00:00,0.00010000,20.78700000
1731168000000,2024-11-09 16:00:00,0.00010000,20.57200000
1731196800000,2024-11-10 00:00:00,0.00010000,21.79100000
1731225600000,2024-11-10 08:00:00,0.00029253,22.94500000
1731254400000,2024-11-10 16:00:00,0.00025353,23.26500000
1731283200001,2024-11-11 00:00:00,0.00020112,23.03900000
1731312000000,2024-11-11 08:00:00,0.00025987,22.57100000
1731340800000,2024-11-11 16:00:00,0.00012308,23.16100000
1731369600002,2024-11-12 00:00:00,0.00032156,24.38571799
1731398400000,2024-11-12 08:00:00,0.00022867,23.53573691
1731427200000,2024-11-12 16:00:00,0.00010000,22.30802214
1731456000000,2024-11-13 00:00:00,0.00010000,22.76152163
1731484800010,2024-11-13 08:00:00,0.00010000,21.81700000
1731513600000,2024-11-13 16:00:00,0.00010000,22.80820332
1731542400001,2024-11-14 00:00:00,0.00010000,22.09200000
1731571200000,2024-11-14 08:00:00,0.00010000,22.63300000
1731600000000,2024-11-14 16:00:00,0.00010000,21.48708348
1731628800000,2024-11-15 00:00:00,0.00010000,21.81183511
1731657600000,2024-11-15 08:00:00,0.00010000,21.95921901
1731686400000,2024-11-15 16:00:00,0.00010000,22.26500000
1731715200001,2024-11-16 00:00:00,0.00010000,23.00900000
1731744000001,2024-11-16 08:00:00,0.00010000,23.67700000
1731772800000,2024-11-16 16:00:00,0.00010000,26.61340262
1731801600000,2024-11-17 00:00:00,0.00017025,26.74176803
1731830400000,2024-11-17 08:00:00,0.00010000,27.29600000
1731859200001,2024-11-17 16:00:00,0.00010000,25.71380080
1731888000000,2024-11-18 00:00:00,0.00010000,25.83000000
1731916800000,2024-11-18 08:00:00,0.00010000,26.97300000
1731945600000,2024-11-18 16:00:00,0.00010000,26.66258800
1731974400000,2024-11-19 00:00:00,0.00010000,27.05185044
1732003200000,2024-11-19 08:00:00,0.00010000,26.30949711
1732032000000,2024-11-19 16:00:00,0.00010000,26.23052007
1732060800003,2024-11-20 00:00:00,0.00010000,26.18481401
1732089600000,2024-11-20 08:00:00,0.00010000,25.68920870
1732118400000,2024-11-20 16:00:00,0.00010000,26.09714241
1732147200001,2024-11-21 00:00:00,0.00010000,25.37500000
1732176000000,2024-11-21 08:00:00,0.00010000,26.65719876
1732204800001,2024-11-21 16:00:00,0.00010000,27.11295506
1732233600000,2024-11-22 00:00:00,0.00015912,27.35970104
1732262400000,2024-11-22 08:00:00,0.00010000,27.87052279
1732291200001,2024-11-22 16:00:00,0.00010000,27.94488278
1732320000000,2024-11-23 00:00:00,0.00010000,28.54000748
1732348800000,2024-11-23 08:00:00,0.00012064,29.42400000
1732377600000,2024-11-23 16:00:00,0.00030864,30.55565033
1732406400001,2024-11-24 00:00:00,0.00016453,29.65106893
1732435200000,2024-11-24 08:00:00,0.00020602,30.26892897
1732464000000,2024-11-24 16:00:00,0.00010000,27.32494957
1732492800000,2024-11-25 00:00:00,0.00010000,28.85765715
1732521600000,2024-11-25 08:00:00,0.00013602,29.15600000
1732550400000,2024-11-25 16:00:00,0.00027433,31.61586484
1732579200000,2024-11-26 00:00:00,0.00027909,29.79716320
1732608000000,2024-11-26 08:00:00,0.00010000,29.18000000
1732636800000,2024-11-26 16:00:00,0.00010000,27.96900000
1732665600000,2024-11-27 00:00:00,0.00010000,28.35200000
1732694400000,2024-11-27 08:00:00,0.00010000,29.82600000
1732723200001,2024-11-27 16:00:00,0.00010000,30.20218418
1732752000000,2024-11-28 00:00:00,0.00021563,32.92601256
1732780800000,2024-11-28 08:00:00,0.00017126,31.82505477
1732809600000,2024-11-28 16:00:00,0.00010000,31.43046889
1732838400000,2024-11-29 00:00:00,0.00010000,31.92626979
1732867200000,2024-11-29 08:00:00,0.00010000,31.06736863
1732896000000,2024-11-29 16:00:00,0.00010000,31.95600000
1732924800000,2024-11-30 00:00:00,0.00023575,31.96516833
1732953600000,2024-11-30 08:00:00,0.00030610,33.22911070
1732982400000,2024-11-30 16:00:00,0.00019329,32.55000000
1733011200000,2024-12-01 00:00:00,0.00010000,32.71574979
1733040000000,2024-12-01 08:00:00,0.00020692,32.26706741
1733068800000,2024-12-01 16:00:00,0.00022770,32.88806547
1733097600001,2024-12-02 00:00:00,0.00040409,33.35006875
1733126400001,2024-12-02 08:00:00,0.00031138,32.98770932
1733155200000,2024-12-02 16:00:00,0.00022001,33.25400000
1733184000000,2024-12-03 00:00:00,0.00046666,33.90200000
1733212800000,2024-12-03 08:00:00,0.00045590,33.44600000
1733241600000,2024-12-03 16:00:00,0.00016432,32.12800000
1733270400000,2024-12-04 00:00:00,0.00045627,34.77000000
1733299200000,2024-12-04 08:00:00,0.00047854,36.66523847
1733328000000,2024-12-04 16:00:00,0.00055749,37.77913429
1733356800001,2024-12-05 00:00:00,0.00038451,37.74055059
1733385600000,2024-12-05 08:00:00,0.00065995,36.61700000
1733414400000,2024-12-05 16:00:00,0.00052123,36.75200000
1733443200000,2024-12-06 00:00:00,0.00038003,35.63558914
1733472000000,2024-12-06 08:00:00,0.00058912,36.41995070
1733500800000,2024-12-06 16:00:00,0.00010017,36.61139321
1733529600000,2024-12-07 00:00:00,0.00078604,38.32274408
1733558400000,2024-12-07 08:00:00,0.00035427,37.33900000
1733587200000,2024-12-07 16:00:00,0.00023529,37.48800000
1733616000000,2024-12-08 00:00:00,0.00047993,37.24737233
1733644800000,2024-12-08 08:00:00,0.00015434,36.84700000
1733673600000,2024-12-08 16:00:00,0.00012444,36.87930837
1733702400000,2024-12-09 00:00:00,0.00023195,37.10066519
1733731200000,2024-12-09 08:00:00,0.00023198,35.46800000
1733760000001,2024-12-09 16:00:00,0.00010000,34.43200000
1733788800007,2024-12-10 00:00:00,0.00010000,31.37836417
1733817600000,2024-12-10 08:00:00,0.00010000,31.26000000
1733846400000,2024-12-10 16:00:00,0.00010000,28.69753715
1733875200000,2024-12-11 00:00:00,0.00010000,30.18050429
1733904000000,2024-12-11 08:00:00,0.00010000,29.59800000
1733932800001,2024-12-11 16:00:00,0.00010000,33.23564081
1733961600001,2024-12-12 00:00:00,0.00010000,33.49949280
1733990400000,2024-12-12 08:00:00,0.00010000,34.47872762
1734019200001,2024-12-12 16:00:00,0.00010000,34.77526436
1734048000000,2024-12-13 00:00:00,0.00010000,33.82281442
1734076800000,2024-12-13 08:00:00,0.00010000,33.97301591
1734105600001,2024-12-13 16:00:00,0.00010000,33.65300000
1734134400000,2024-12-14 00:00:00,0.00010000,34.00809904
1734163200000,2024-12-14 08:00:00,0.00010000,33.63200000
1734192000000,2024-12-14 16:00:00,0.00010000,32.61333393
1734220800000,2024-12-15 00:00:00,0.00010000,32.54948010
1734249600000,2024-12-15 08:00:00,0.00010000,32.48598385
1734278400000,2024-12-15 16:00:00,0.00010000,33.03545363
1734307200000,2024-12-16 00:00:00,0.00010000,33.76900000
1734336000001,2024-12-16 08:00:00,0.00010000,33.63946396
1734364800000,2024-12-16 16:00:00,0.00010000,32.94539631
1734393600000,2024-12-17 00:00:00,0.00010000,33.20400000
1734422400000,2024-12-17 08:00:00,0.00010000,33.14000000
1734451200000,2024-12-17 16:00:00,0.00010000,32.57307746
1734480000000,2024-12-18 00:00:00,0.00010000,32.48200000
1734508800000,2024-12-18 08:00:00,0.00010000,31.66293778
1734537600000,2024-12-18 16:00:00,0.00010000,31.51148792
1734566400000,2024-12-19 00:00:00,0.00010000,29.39993264
1734595200000,2024-12-19 08:00:00,0.00010000,29.45595272
1734624000000,2024-12-19 16:00:00,0.00010000,28.65004494
1734652800000,2024-12-20 00:00:00,0.00010000,26.71200000
1734681600001,2024-12-20 08:00:00,0.00008565,27.01000000
1734710400014,2024-12-20 16:00:00,0.00010000,26.29200000
1734739200000,2024-12-21 00:00:00,0.00010000,27.43200000
1734768000000,2024-12-21 08:00:00,0.00010000,28.21700000
1734796800001,2024-12-21 16:00:00,0.00010000,26.43400000
1734825600000,2024-12-22 00:00:00,0.00006206,26.02800000
1734854400000,2024-12-22 08:00:00,0.00010000,25.91900000
1734883200000,2024-12-22 16:00:00,0.00010000,25.93500000
1734912000000,2024-12-23 00:00:00,0.00006812,25.96800000
1734940800000,2024-12-23 08:00:00,0.00010000,26.13900000
1734969600001,2024-12-23 16:00:00,0.00010000,25.93000000
1734998400000,2024-12-24 00:00:00,0.00010000,27.54703350
1735027200000,2024-12-24 08:00:00,0.00010000,27.06700000
1735056000001,2024-12-24 16:00:00,0.00010000,28.21063505
1735084800001,2024-12-25 00:00:00,0.00010000,27.93400000
1735113600000,2024-12-25 08:00:00,0.00010000,27.46659621
1735142400000,2024-12-25 16:00:00,0.00010000,27.23500000
1735171200000,2024-12-26 00:00:00,0.00010000,27.30410927
1735200000000,2024-12-26 08:00:00,0.00010000,26.57867080
1735228800000,2024-12-26 16:00:00,0.00010000,25.86765187
1735257600000,2024-12-27 00:00:00,0.00010000,25.85509946
1735286400000,2024-12-27 08:00:00,0.00010000,26.14050110
1735315200000,2024-12-27 16:00:00,0.00010000,26.00200000
1735344000001,2024-12-28 00:00:00,0.00010000,25.98271659
1735372800000,2024-12-28 08:00:00,0.00010000,25.85323871
1735401600000,2024-12-28 16:00:00,0.00010000,26.24700000
1735430400000,2024-12-29 00:00:00,0.00010000,26.55605628
1735459200000,2024-12-29 08:00:00,0.00010000,26.68895741
1735488000000,2024-12-29 16:00:00,0.00010000,26.07509121
1735516800000,2024-12-30 00:00:00,0.00010000,25.52800000
1735545600001,2024-12-30 08:00:00,0.00010000,25.98775427
1735574400000,2024-12-30 16:00:00,0.00010000,25.03500000
1735603200000,2024-12-31 00:00:00,0.00010000,25.42364954
1735632000000,2024-12-31 08:00:00,0.00010000,24.96800000
1735660800000,2024-12-31 16:00:00,0.00010000,25.76100000
1735689600015,2025-01-01 00:00:00,0.00010000,25.04056245
1735718400000,2025-01-01 08:00:00,0.00010000,25.02500000
1735747200001,2025-01-01 16:00:00,0.00010000,25.31900000
1735776000000,2025-01-02 00:00:00,0.00010000,25.80200000
1735804800006,2025-01-02 08:00:00,0.00010000,26.45045257
1735833600000,2025-01-02 16:00:00,0.00010000,26.72996645
1735862400000,2025-01-03 00:00:00,0.00010000,26.90266990
1735891200000,2025-01-03 08:00:00,0.00010000,26.66600000
1735920000000,2025-01-03 16:00:00,0.00010000,28.08960555
1735948800000,2025-01-04 00:00:00,0.00010000,28.44700000
1735977600000,2025-01-04 08:00:00,0.00010000,28.40400000
1736006400000,2025-01-04 16:00:00,0.00010000,28.01585471
1736035200000,2025-01-05 00:00:00,0.00010000,28.35300000
1736064000000,2025-01-05 08:00:00,0.00010000,28.12600000
1736092800000,2025-01-05 16:00:00,0.00010000,27.81051578
1736121600000,2025-01-06 00:00:00,0.00010000,28.12793058
1736150400001,2025-01-06 08:00:00,0.00010000,28.02582087
1736179200000,2025-01-06 16:00:00,0.00010000,28.84591024
1736208000000,2025-01-07 00:00:00,0.00010000,28.66817639
1736236800000,2025-01-07 08:00:00,0.00010000,28.47021700
1736265600008,2025-01-07 16:00:00,0.00010000,26.87021963
1736294400001,2025-01-08 00:00:00,0.00010000,25.88700000
1736323200000,2025-01-08 08:00:00,0.00010000,25.43909635
1736352000000,2025-01-08 16:00:00,0.00005058,25.49700000
1736380800000,2025-01-09 00:00:00,-0.00000749,25.24700000
1736409600000,2025-01-09 08:00:00,-0.00000155,24.78221257
1736438400000,2025-01-09 16:00:00,0.00010000,25.47600000
1736467200000,2025-01-10 00:00:00,0.00007992,24.85733157
1736496000000,2025-01-10 08:00:00,0.00010000,25.53800000
1736524800000,2025-01-10 16:00:00,0.00010000,25.31945730
1736553600000,2025-01-11 00:00:00,0.00010000,25.65938945
1736582400000,2025-01-11 08:00:00,0.00010000,25.28768498
1736611200000,2025-01-11 16:00:00,0.00010000,25.24300000
1736640000000,2025-01-12 00:00:00,0.00010000,25.54100000
1736668800000,2025-01-12 08:00:00,0.00010000,25.44100000
1736697600000,2025-01-12 16:00:00,0.00010000,25.48982231
1736726400000,2025-01-13 00:00:00,0.00010000,25.24600000
1736755200000,2025-01-13 08:00:00,-0.00001971,24.43141878
1736784000000,2025-01-13 16:00:00,-0.00010416,23.95927715
1736812800000,2025-01-14 00:00:00,-0.00006985,24.56676071
1736841600000,2025-01-14 08:00:00,-0.00001938,24.67400000
1736870400000,2025-01-14 16:00:00,0.00010000,25.12300000
1736899200000,2025-01-15 00:00:00,0.00010000,25.38900000
1736928000000,2025-01-15 08:00:00,0.00010000,25.45200000
1736956800000,2025-01-15 16:00:00,0.00010000,26.23102885
1736985600000,2025-01-16 00:00:00,0.00010000,27.11700000
1737014400000,2025-01-16 08:00:00,0.00010000,26.67700000
1737043200000,2025-01-16 16:00:00,0.00010000,26.91263543
1737072000004,2025-01-17 00:00:00,0.00010000,26.69300000
1737100800000,2025-01-17 08:00:00,0.00010000,27.73200000
1737129600008,2025-01-17 16:00:00,0.00010000,27.78200000
1737158400000,2025-01-18 00:00:00,0.00010000,28.25600000
1737187200007,2025-01-18 08:00:00,0.00010000,26.74310978
1737216000000,2025-01-18 16:00:00,0.00010000,26.85800000
1737244800000,2025-01-19 00:00:00,0.00010000,26.92404067
1737273600000,2025-01-19 08:00:00,0.00010000,26.21119677
1737302400000,2025-01-19 16:00:00,0.00010000,27.37765008
1737331200000,2025-01-20 00:00:00,0.00010000,25.40783333
1737360000009,2025-01-20 08:00:00,0.00010000,27.09250953
1737388800000,2025-01-20 16:00:00,0.00010000,26.33300000
1737417600000,2025-01-21 00:00:00,0.00010000,25.77900000
1737446400000,2025-01-21 08:00:00,0.00010000,25.45708951
1737475200000,2025-01-21 16:00:00,0.00010000,26.57100000
1737504000000,2025-01-22 00:00:00,0.00010000,27.12400000
1737532800000,2025-01-22 08:00:00,0.00010000,26.65745753
1737561600000,2025-01-22 16:00:00,0.00010000,26.76135605
1737590400001,2025-01-23 00:00:00,0.00010000,26.82200000
1737619200000,2025-01-23 08:00:00,0.00010000,26.99400000
1737648000000,2025-01-23 16:00:00,0.00010000,28.20870061
1737676800000,2025-01-24 00:00:00,0.00010000,28.99990911
1737705600000,2025-01-24 08:00:00,0.00010000,28.46800000
1737734400000,2025-01-24 16:00:00,0.00010000,28.11100000
1737763200000,2025-01-25 00:00:00,0.00010000,27.37654512
1737792000000,2025-01-25 08:00:00,0.00010000,26.83200000
1737820800001,2025-01-25 16:00:00,0.00004985,27.06571233
1737849600000,2025-01-26 00:00:00,0.00010000,27.03900000
1737878400000,2025-01-26 08:00:00,0.00010000,26.99700000
1737907200000,2025-01-26 16:00:00,0.00010000,26.82400000
1737936000000,2025-01-27 00:00:00,0.00002506,26.17920404
1737964800000,2025-01-27 08:00:00,0.00010000,25.26500000
1737993600000,2025-01-27 16:00:00,0.00007357,25.49100000
1738022400000,2025-01-28 00:00:00,0.00010000,25.98883750
1738051200000,2025-01-28 08:00:00,0.00010000,25.92226006
1738080000000,2025-01-28 16:00:00,0.00010000,25.85000000
1738108800000,2025-01-29 00:00:00,0.00010000,24.95626542
1738137600000,2025-01-29 08:00:00,0.00010000,25.71068614
1738166400000,2025-01-29 16:00:00,0.00010000,25.23900000
1738195200000,2025-01-30 00:00:00,0.00005102,25.51908786
1738224000000,2025-01-30 08:00:00,0.00010000,26.12166080
1738252800000,2025-01-30 16:00:00,0.00010000,26.47200000
1738281600000,2025-01-31 00:00:00,0.00010000,26.26900000
1738310400000,2025-01-31 08:00:00,0.00010000,26.17951180
1738339200000,2025-01-31 16:00:00,0.00010000,27.49852127
1738368000000,2025-02-01 00:00:00,0.00010000,26.83199762
1738396800000,2025-02-01 08:00:00,0.00010000,26.82662323
1738425600000,2025-02-01 16:00:00,0.00010000,25.96387107
1738454400001,2025-02-02 00:00:00,0.00005308,24.94645239
1738483200000,2025-02-02 08:00:00,0.00001372,24.53500000
1738512000000,2025-02-02 16:00:00,0.00002503,24.22700000
1738540800000,2025-02-03 00:00:00,-0.00003473,22.49206024
1738569600000,2025-02-03 08:00:00,0.00003294,20.11400000
1738598400000,2025-02-03 16:00:00,-0.00000445,20.66975922
1738627200000,2025-02-04 00:00:00,-0.00019477,22.03749992
1738656000001,2025-02-04 08:00:00,-0.00010521,20.26500000
1738684800000,2025-02-04 16:00:00,-0.00004402,21.01500000
1738713600001,2025-02-05 00:00:00,0.00010000,20.64400000
1738742400001,2025-02-05 08:00:00,0.00010000,20.98400000
1738771200000,2025-02-05 16:00:00,0.00010000,21.07183237
1738800000001,2025-02-06 00:00:00,0.00007849,20.67900000
1738828800001,2025-02-06 08:00:00,-0.00002560,21.02200000
1738857600000,2025-02-06 16:00:00,-0.00004756,19.77500000
1738886400000,2025-02-07 00:00:00,-0.00008341,19.68034519
1738915200000,2025-02-07 08:00:00,-0.00005048,19.88400000
1738944000000,2025-02-07 16:00:00,0.00002247,20.38400000
1738972800000,2025-02-08 00:00:00,0.00005660,19.79000000
1739001600000,2025-02-08 08:00:00,0.00006813,19.86500000
1739030400000,2025-02-08 16:00:00,-0.00003270,19.84800000
1739059200000,2025-02-09 00:00:00,-0.00006307,20.10330077
1739088000000,2025-02-09 08:00:00,-0.00017163,20.34500000
1739116800000,2025-02-09 16:00:00,0.00010000,20.24500000
1739145600000,2025-02-10 00:00:00,-0.00001023,20.13624863
1739174400000,2025-02-10 08:00:00,0.00010000,20.41200000
1739203200000,2025-02-10 16:00:00,0.00010000,20.49700000
1739232000000,2025-02-11 00:00:00,0.00004312,20.67800000
1739260800000,2025-02-11 08:00:00,0.00001988,21.12500000
1739289600000,2025-02-11 16:00:00,0.00008215,20.76200000
1739318400000,2025-02-12 00:00:00,-0.00003766,20.20764279
1739347200000,2025-02-12 08:00:00,0.00000413,20.36900000
1739376000001,2025-02-12 16:00:00,0.00006421,20.38500000
1739404800001,2025-02-13 00:00:00,0.00010000,21.37100000
1739433600000,2025-02-13 08:00:00,0.00010000,21.03768293
1739462400001,2025-02-13 16:00:00,0.00010000,21.09700000
1739491200000,2025-02-14 00:00:00,0.00010000,21.12900000
1739520000001,2025-02-14 08:00:00,0.00010000,21.14691440
1739548800000,2025-02-14 16:00:00,0.00007658,21.52800000
1739577600000,2025-02-15 00:00:00,0.00008336,21.38161120
1739606400000,2025-02-15 08:00:00,0.00004851,21.13205190
1739635200000,2025-02-15 16:00:00,0.00000738,20.90832374
1739664000000,2025-02-16 00:00:00,-0.00009754,20.78800000
1739692800000,2025-02-16 08:00:00,-0.00017635,20.53100000
1739721600000,2025-02-16 16:00:00,-0.00005167,20.53700000
1739750400000,2025-02-17 00:00:00,-0.00001944,20.43099688
1739779200000,2025-02-17 08:00:00,0.00001025,20.42265300
1739808000000,2025-02-17 16:00:00,0.00010000,21.07500000
1739836800000,2025-02-18 00:00:00,0.00010000,20.89499623
1739865600000,2025-02-18 08:00:00,-0.00010355,20.01082276
1739894400000,2025-02-18 16:00:00,-0.00013903,19.81600000
1739923200000,2025-02-19 00:00:00,-0.00006306,20.16309143
1739952000000,2025-02-19 08:00:00,-0.00000208,20.52200000
1739980800000,2025-02-19 16:00:00,0.00010000,20.81802265
1740009600000,2025-02-20 00:00:00,0.00010000,21.16300000
1740038400000,2025-02-20 08:00:00,0.00010000,21.12241321
1740067200000,2025-02-20 16:00:00,0.00010000,20.72800000
1740096000001,2025-02-21 00:00:00,0.00006839,20.91800000
1740124800000,2025-02-21 08:00:00,0.00010000,20.90300000
1740153600000,2025-02-21 16:00:00,0.00010000,20.87600000
1740182400000,2025-02-22 00:00:00,0.00010000,20.19700000
1740211200000,2025-02-22 08:00:00,0.00004106,20.38101879
1740240000000,2025-02-22 16:00:00,0.00006605,20.49540209
1740268800000,2025-02-23 00:00:00,0.00010000,20.45628796
1740297600000,2025-02-23 08:00:00,0.00010000,20.92900000
1740326400000,2025-02-23 16:00:00,0.00010000,20.49120307
1740355200000,2025-02-24 00:00:00,0.00009705,20.73800000
1740384000000,2025-02-24 08:00:00,-0.00001666,20.03603403
1740412800000,2025-02-24 16:00:00,0.00001136,19.48309578
1740441600000,2025-02-25 00:00:00,-0.00006214,18.61859148
1740470400000,2025-02-25 08:00:00,0.00001088,17.75593605
1740499200000,2025-02-25 16:00:00,-0.00013841,18.33180943
1740528000000,2025-02-26 00:00:00,0.00008505,18.87900000
1740556800000,2025-02-26 08:00:00,0.00004329,18.85420283
1740585600000,2025-02-26 16:00:00,0.00010000,18.91200000
1740614400001,2025-02-27 00:00:00,0.00004997,18.75525163
1740643200000,2025-02-27 08:00:00,0.00010000,19.01642390
1740672000000,2025-02-27 16:00:00,0.00010000,18.85331539
1740700800001,2025-02-28 00:00:00,0.00005220,18.70800000
1740729600000,2025-02-28 08:00:00,-0.00027813,17.98789359
1740758400000,2025-02-28 16:00:00,0.00007998,19.15100000
1740787200000,2025-03-01 00:00:00,0.00010000,19.55880667
1740816000000,2025-03-01 08:00:00,0.00008002,19.47700000
1740844800001,2025-03-01 16:00:00,0.00010000,19.03392724
1740873600000,2025-03-02 00:00:00,0.00010000,19.04000000
1740902400000,2025-03-02 08:00:00,0.00010000,19.19919207
1740931200000,2025-03-02 16:00:00,0.00010000,19.50435821
1740960000001,2025-03-03 00:00:00,0.00010000,20.99428341
1740988800000,2025-03-03 08:00:00,0.00010000,20.14191602
1741017600000,2025-03-03 16:00:00,0.00010000,19.86700000
1741046400001,2025-03-04 00:00:00,0.00003326,18.69500000
1741075200005,2025-03-04 08:00:00,0.00000235,18.36000000
1741104000000,2025-03-04 16:00:00,0.00005253,18.47200000
1741132800000,2025-03-05 00:00:00,0.00010000,18.94350325
1741161600000,2025-03-05 08:00:00,-0.00002639,19.21800000
1741190400000,2025-03-05 16:00:00,0.00010000,20.03738234
1741219200000,2025-03-06 00:00:00,0.00010000,20.48462604
1741248000001,2025-03-06 08:00:00,0.00006857,20.63305973
1741276800000,2025-03-06 16:00:00,0.00004763,20.37800000
1741305600000,2025-03-07 00:00:00,0.00005555,19.94900000
1741334400001,2025-03-07 08:00:00,0.00008457,20.87400000
1741363200000,2025-03-07 16:00:00,0.00010000,20.97474260
1741392000000,2025-03-08 00:00:00,0.00009376,20.39091342
1741420800001,2025-03-08 08:00:00,0.00002972,19.76700000
1741449600001,2025-03-08 16:00:00,0.00002168,19.67200000
1741478400001,2025-03-09 00:00:00,0.00006041,20.21900000
1741507200000,2025-03-09 08:00:00,-0.00003347,19.85778534
1741536000000,2025-03-09 16:00:00,-0.00005651,18.74632043
1741564800000,2025-03-10 00:00:00,-0.00038997,17.91700000
1741593600000,2025-03-10 08:00:00,-0.00001206,18.14685389
1741622400000,2025-03-10 16:00:00,0.00000240,17.87805374
1741651200000,2025-03-11 00:00:00,-0.00005899,16.86100000
1741680000000,2025-03-11 08:00:00,0.00004249,17.31016399
1741708800001,2025-03-11 16:00:00,-0.00004667,17.64500000
1741737600000,2025-03-12 00:00:00,0.00003694,17.85600000
1741766400000,2025-03-12 08:00:00,0.00010000,17.65784798
1741795200001,2025-03-12 16:00:00,0.00004103,17.65870758
1741824000000,2025-03-13 00:00:00,0.00010000,17.97600000
1741852800000,2025-03-13 08:00:00,0.00008312,17.66800000
1741881600000,2025-03-13 16:00:00,0.00007459,17.92839081
1741910400000,2025-03-14 00:00:00,0.00006929,17.88680669
1741939200000,2025-03-14 08:00:00,0.00003691,18.27300000
1741968000000,2025-03-14 16:00:00,0.00009654,18.25300000
1741996800000,2025-03-15 00:00:00,0.00002307,18.01200000
1742025600000,2025-03-15 08:00:00,-0.00003776,17.90114323
1742054400000,2025-03-15 16:00:00,-0.00001976,17.99300000
1742083200000,2025-03-16 00:00:00,-0.00000871,17.93000000
1742112000000,2025-03-16 08:00:00,0.00010000,17.92900000
1742140800000,2025-03-16 16:00:00,-0.00015344,17.41800000
1742169600000,2025-03-17 00:00:00,0.00001580,17.46137273
1742198400000,2025-03-17 08:00:00,0.00010000,17.78850627
1742227200000,2025-03-17 16:00:00,0.00010000,17.89900152
1742256000000,2025-03-18 00:00:00,0.00005473,17.82400000
1742284800000,2025-03-18 08:00:00,0.00000569,17.58634394
1742313600000,2025-03-18 16:00:00,-0.00012897,17.28400000
1742342400000,2025-03-19 00:00:00,-0.00002891,17.68200000
1742371200000,2025-03-19 08:00:00,0.00009199,17.79900000
1742400000000,2025-03-19 16:00:00,0.00010000,18.25500000
1742428800000,2025-03-20 00:00:00,0.00010000,18.53618485
1742457600000,2025-03-20 08:00:00,0.00000882,18.10484343
1742486400000,2025-03-20 16:00:00,-0.00003897,17.77810354
1742515200000,2025-03-21 00:00:00,0.00003799,17.88300000
1742544000000,2025-03-21 08:00:00,0.00010000,17.75500000
1742572800000,2025-03-21 16:00:00,-0.00005617,17.62300000
1742601600000,2025-03-22 00:00:00,-0.00012214,17.68400000
1742630400004,2025-03-22 08:00:00,0.00009192,17.85300000
1742659200000,2025-03-22 16:00:00,0.00005299,17.89594061
1742688000000,2025-03-23 00:00:00,0.00010000,17.65874444
1742716800000,2025-03-23 08:00:00,-0.00002012,17.75000000
1742745600000,2025-03-23 16:00:00,0.00002984,17.68700000
1742774400000,2025-03-24 00:00:00,0.00004657,17.79940354
1742803200000,2025-03-24 08:00:00,0.00010000,18.19471596
1742832000000,2025-03-24 16:00:00,0.00010000,18.28425051
1742860800001,2025-03-25 00:00:00,0.00010000,18.30445909
1742889600000,2025-03-25 08:00:00,0.00010000,18.25900000
1742918400000,2025-03-25 16:00:00,0.00010000,18.34007556
1742947200000,2025-03-26 00:00:00,0.00010000,18.41800000
1742976000000,2025-03-26 08:00:00,0.00010000,18.60400000
1743004800001,2025-03-26 16:00:00,0.00010000,18.15774707
1743033600001,2025-03-27 00:00:00,0.00010000,18.00123333
1743062400001,2025-03-27 08:00:00,0.00010000,18.16872899
1743091200002,2025-03-27 16:00:00,0.00010000,17.92070596
1743120000001,2025-03-28 00:00:00,-0.00000379,17.79300000
1743148800001,2025-03-28 08:00:00,-0.00002482,17.17800000
1743177600000,2025-03-28 16:00:00,-0.00003012,16.96079505
1743206400000,2025-03-29 00:00:00,-0.00008974,17.12900000
1743235200000,2025-03-29 08:00:00,0.00005500,16.85397525
1743264000000,2025-03-29 16:00:00,-0.00001895,16.63348384
1743292800000,2025-03-30 00:00:00,-0.00011743,16.59400000
1743321600000,2025-03-30 08:00:00,0.00000893,16.76600000
1743350400000,2025-03-30 16:00:00,-0.00004542,16.61370167
1743379200000,2025-03-31 00:00:00,-0.00002095,16.49300000
1743408000000,2025-03-31 08:00:00,-0.00001498,16.31537879
1743436800000,2025-03-31 16:00:00,0.00005178,16.84367798
1743465600000,2025-04-01 00:00:00,0.00001222,16.76338354
1743494400001,2025-04-01 08:00:00,0.00005351,16.87900000
1743523200000,2025-04-01 16:00:00,0.00010000,17.17900000
1743552000001,2025-04-02 00:00:00,-0.00005350,16.89885465
1743580800000,2025-04-02 08:00:00,0.00002600,16.42958051
1743609600000,2025-04-02 16:00:00,0.00006735,16.77500000
1743638400000,2025-04-03 00:00:00,-0.00001394,16.07300000
1743667200000,2025-04-03 08:00:00,0.00006706,16.40796458
1743696000000,2025-04-03 16:00:00,-0.00000056,15.76400000
1743724800000,2025-04-04 00:00:00,-0.00005079,16.22400000
1743753600000,2025-04-04 08:00:00,0.00003996,16.38000000
1743782400000,2025-04-04 16:00:00,0.00008389,16.10911111
1743811200000,2025-04-05 00:00:00,0.00005255,16.23801515
1743840000000,2025-04-05 08:00:00,0.00010000,16.20500000
1743868800000,2025-04-05 16:00:00,0.00010000,15.91900000
1743897600000,2025-04-06 00:00:00,-0.00007308,15.87200000
1743926400000,2025-04-06 08:00:00,0.00008118,15.79100000
1743955200002,2025-04-06 16:00:00,-0.00003357,15.54700000
1743984000000,2025-04-07 00:00:00,0.00006194,14.15100000
1744012800000,2025-04-07 08:00:00,-0.00000926,13.50374646
1744041600000,2025-04-07 16:00:00,0.00010000,14.48083020
1744070400000,2025-04-08 00:00:00,0.00006024,14.49300000
1744099200000,2025-04-08 08:00:00,0.00002130,14.34896263
1744128000000,2025-04-08 16:00:00,-0.00000221,14.36800000
1744156800000,2025-04-09 00:00:00,0.00003633,14.06700000
1744185600001,2025-04-09 08:00:00,0.00002894,14.10700000
1744214400000,2025-04-09 16:00:00,0.00009617,14.21500000
1744243200000,2025-04-10 00:00:00,0.00010000,15.29711212
1744272000000,2025-04-10 08:00:00,0.00003246,14.94500000
1744300800000,2025-04-10 16:00:00,-0.00001996,14.27300000
1744329600001,2025-04-11 00:00:00,0.00007994,14.78506283
1744358400000,2025-04-11 08:00:00,0.00010000,14.97200000
1744387200000,2025-04-11 16:00:00,0.00004384,15.06100000
1744416000000,2025-04-12 00:00:00,0.00003598,15.15400000
1744444800001,2025-04-12 08:00:00,-0.00004261,15.21500000
1744473600000,2025-04-12 16:00:00,0.00003955,15.67500000
1744502400000,2025-04-13 00:00:00,0.00005180,15.52850859
1744531200000,2025-04-13 08:00:00,0.00007144,15.20585758
1744560000000,2025-04-13 16:00:00,0.00007663,15.22500000
1744588800000,2025-04-14 00:00:00,0.00010000,15.20900000
1744617600000,2025-04-14 08:00:00,0.00004742,15.35100000
1744646400000,2025-04-14 16:00:00,0.00003864,15.40500000
1744675200000,2025-04-15 00:00:00,-0.00003647,15.22600000
1744704000000,2025-04-15 08:00:00,-0.00000124,15.31038889
1744732800001,2025-04-15 16:00:00,-0.00000698,15.06300000
1744761600000,2025-04-16 00:00:00,0.00007045,14.85810585
1744790400000,2025-04-16 08:00:00,0.00004645,14.77100000
1744819200000,2025-04-16 16:00:00,0.00007290,14.85600000
1744848000001,2025-04-17 00:00:00,0.00005092,14.83900000
1744876800000,2025-04-17 08:00:00,0.00008470,15.02000000
1744905600001,2025-04-17 16:00:00,0.00004884,14.98180808
1744934400000,2025-04-18 00:00:00,0.00010000,15.07000000
1744963200000,2025-04-18 08:00:00,0.00006384,15.22600000
1744992000000,2025-04-18 16:00:00,0.00010000,15.47663838
1745020800000,2025-04-19 00:00:00,0.00008908,15.43439969
1745049600000,2025-04-19 08:00:00,0.00005407,15.81300000
1745078400000,2025-04-19 16:00:00,0.00008293,15.80583333
1745107200000,2025-04-20 00:00:00,0.00004284,15.94900000
1745136000000,2025-04-20 08:00:00,0.00010000,15.87600000
1745164800000,2025-04-20 16:00:00,0.00009497,15.87845899
1745193600000,2025-04-21 00:00:00,0.00008667,16.05100000
1745222400005,2025-04-21 08:00:00,0.00005908,16.24789990
1745251200003,2025-04-21 16:00:00,-0.00000736,16.03711515
1745280000008,2025-04-22 00:00:00,-0.00001920,15.59945677
1745308800000,2025-04-22 08:00:00,-0.00016998,15.66155556
1745337600000,2025-04-22 16:00:00,0.00002199,16.21100000
1745366400000,2025-04-23 00:00:00,0.00008575,16.65700000
1745395200002,2025-04-23 08:00:00,-0.00000183,16.91128871
1745424000000,2025-04-23 16:00:00,0.00010000,16.75700000
1745452800000,2025-04-24 00:00:00,0.00010000,16.76900000
1745481600001,2025-04-24 08:00:00,0.00010000,16.37400000
1745510400001,2025-04-24 16:00:00,0.00002890,16.55406075
1745539200007,2025-04-25 00:00:00,0.00010000,16.74966038
1745568000002,2025-04-25 08:00:00,0.00010000,17.06900000
1745596800003,2025-04-25 16:00:00,0.00010000,17.21392298
1745625600002,2025-04-26 00:00:00,0.00006041,17.23200000
1745654400000,2025-04-26 08:00:00,0.00005918,17.26200000
1745683200002,2025-04-26 16:00:00,0.00004828,17.10549095
1745712000001,2025-04-27 00:00:00,-0.00006221,17.02300000
1745740800000,2025-04-27 08:00:00,0.00004097,16.95008810
1745769600000,2025-04-27 16:00:00,0.00006101,16.67594524
1745798400001,2025-04-28 00:00:00,-0.00006594,16.54900000
1745827200003,2025-04-28 08:00:00,0.00010000,16.85500000
1745856000005,2025-04-28 16:00:00,-0.00006814,16.52477990
1745884800000,2025-04-29 00:00:00,0.00005472,16.98700000
1745913600000,2025-04-29 08:00:00,0.00010000,17.10454294
1745942400010,2025-04-29 16:00:00,0.00000445,17.08099167
1745971200001,2025-04-30 00:00:00,-0.00008976,16.71400000
1746000000000,2025-04-30 08:00:00,-0.00010145,16.62100000
1746028800003,2025-04-30 16:00:00,-0.00002362,16.52700000
1746057600000,2025-05-01 00:00:00,0.00005378,16.50700000
1746086400000,2025-05-01 08:00:00,0.00007714,16.58722980
1746115200001,2025-05-01 16:00:00,0.00008070,16.92100000
1746144000000,2025-05-02 00:00:00,0.00010000,16.87818559
1746172800000,2025-05-02 08:00:00,0.00010000,16.99100000
1746201600003,2025-05-02 16:00:00,0.00007558,17.14377667
1746230400000,2025-05-03 00:00:00,0.00010000,17.21600000
1746259200000,2025-05-03 08:00:00,0.00009567,16.78776667
1746288000000,2025-05-03 16:00:00,-0.00006511,16.73800000
1746316800001,2025-05-04 00:00:00,-0.00010833,16.59200000
1746345600001,2025-05-04 08:00:00,-0.00011789,16.46700000
1746374400002,2025-05-04 16:00:00,-0.00024120,16.23200000
1746403200000,2025-05-05 00:00:00,0.00004900,15.99509608
1746432000000,2025-05-05 08:00:00,-0.00001982,16.14500000
1746460800006,2025-05-05 16:00:00,0.00007072,15.81600000
1746489600002,2025-05-06 00:00:00,-0.00008404,15.99700000
1746518400005,2025-05-06 08:00:00,0.00009861,15.92727268
1746547200000,2025-05-06 16:00:00,-0.00000611,15.76700000
1746576000002,2025-05-07 00:00:00,0.00001128,16.22700000
1746604800000,2025-05-07 08:00:00,0.00001322,16.33987083
1746633600006,2025-05-07 16:00:00,-0.00005527,15.99300000
1746662400000,2025-05-08 00:00:00,-0.00000284,16.18300000
1746691200001,2025-05-08 08:00:00,0.00010000,17.17845490
1746720000002,2025-05-08 16:00:00,0.00010000,17.68423113
1746748800001,2025-05-09 00:00:00,0.00010000,18.62635294
1746777600006,2025-05-09 08:00:00,0.00010000,19.23642338
1746806400000,2025-05-09 16:00:00,0.00010000,19.06386245
1746835200001,2025-05-10 00:00:00,0.00010000,19.21407745
1746864000000,2025-05-10 08:00:00,0.00010000,19.56600000
1746892800001,2025-05-10 16:00:00,0.00010000,19.62017544
1746921600000,2025-05-11 00:00:00,0.00010000,20.69384804
1746950400001,2025-05-11 08:00:00,0.00010000,19.71705000
1746979200001,2025-05-11 16:00:00,0.00010000,19.69200000
1747008000004,2025-05-12 00:00:00,0.00010000,19.95675245
1747036800000,2025-05-12 08:00:00,0.00010000,20.36812647
1747065600000,2025-05-12 16:00:00,0.00010000,19.78999000
1747094400000,2025-05-13 00:00:00,0.00010000,19.78000000
1747123200008,2025-05-13 08:00:00,0.00010000,19.35300000
1747152000001,2025-05-13 16:00:00,0.00010000,19.95500000
1747180800007,2025-05-14 00:00:00,0.00010000,20.67096667
1747209600000,2025-05-14 08:00:00,0.00010000,20.35300000
1747238400002,2025-05-14 16:00:00,0.00006188,19.91712696
1747267200000,2025-05-15 00:00:00,0.00010000,19.86500000
1747296000003,2025-05-15 08:00:00,0.00010000,19.02700000
1747324800000,2025-05-15 16:00:00,0.00001378,19.11970431
1747353600001,2025-05-16 00:00:00,0.00008752,18.94300000
1747382400000,2025-05-16 08:00:00,0.00007624,19.20946569
1747411200000,2025-05-16 16:00:00,0.00010000,19.05600000
1747440000000,2025-05-17 00:00:00,0.00000889,18.68700000
1747468800001,2025-05-17 08:00:00,0.00001797,18.27400000
1747497600004,2025-05-17 16:00:00,0.00006479,18.28600000
1747526400000,2025-05-18 00:00:00,0.00005632,18.11400000
1747555200000,2025-05-18 08:00:00,0.00009431,18.42600000
1747584000000,2025-05-18 16:00:00,-0.00002736,19.04993225
1747612800000,2025-05-19 00:00:00,-0.00000782,18.70800000
1747641600006,2025-05-19 08:00:00,0.00001994,17.75820098
1747670400010,2025-05-19 16:00:00,0.00009568,18.15279804
1747699200000,2025-05-20 00:00:00,0.00010000,18.51600000
1747728000002,2025-05-20 08:00:00,0.00010000,18.39800000
1747756800000,2025-05-20 16:00:00,0.00005566,18.08200000
1747785600000,2025-05-21 00:00:00,0.00010000,18.40929020
1747814400001,2025-05-21 08:00:00,0.00010000,18.48400000
1747843200004,2025-05-21 16:00:00,0.00010000,18.93400000
1747872000001,2025-05-22 00:00:00,0.00010000,18.98400000
1747900800000,2025-05-22 08:00:00,0.00010000,19.45498922
1747929600002,2025-05-22 16:00:00,0.00010000,19.67608578
1747958400006,2025-05-23 00:00:00,0.00010000,19.68963824
1747987200000,2025-05-23 08:00:00,0.00010000,19.42827647
1748016000007,2025-05-23 16:00:00,0.00010000,19.04500000
1748044800010,2025-05-24 00:00:00,0.00010000,18.47800000
1748073600000,2025-05-24 08:00:00,0.00009573,18.60400000
1748102400003,2025-05-24 16:00:00,0.00008425,18.61164853
1748131200004,2025-05-25 00:00:00,0.00010000,18.38951029
1748160000000,2025-05-25 08:00:00,0.00005747,18.13134546
1748188800000,2025-05-25 16:00:00,0.00005688,18.02150000
1748217600000,2025-05-26 00:00:00,0.00000825,18.33200000
1748246400000,2025-05-26 08:00:00,0.00007038,18.65662804
1748275200002,2025-05-26 16:00:00,0.00010000,18.43400000
1748304000003,2025-05-27 00:00:00,0.00006190,18.22800000
1748332800001,2025-05-27 08:00:00,0.00007418,18.49300000
1748361600005,2025-05-27 16:00:00,0.00010000,18.74908039
1748390400002,2025-05-28 00:00:00,0.00010000,18.60800000
1748419200003,2025-05-28 08:00:00,0.00010000,18.53500000
1748448000002,2025-05-28 16:00:00,0.00010000,18.15100000
1748476800000,2025-05-29 00:00:00,0.00010000,18.45314706
1748505600006,2025-05-29 08:00:00,0.00010000,18.76457941
1748534400000,2025-05-29 16:00:00,0.00010000,18.35700000
1748563200003,2025-05-30 00:00:00,-0.00000932,18.10941471
1748592000003,2025-05-30 08:00:00,-0.00008540,17.51521373
1748620800000,2025-05-30 16:00:00,-0.00007626,17.41904985
1748649600000,2025-05-31 00:00:00,-0.00010820,16.92900000
1748678400000,2025-05-31 08:00:00,-0.00004829,16.68630260
1748707200000,2025-05-31 16:00:00,-0.00003636,16.92500000
1748736000001,2025-06-01 00:00:00,-0.00004780,16.92300000
1748764800002,2025-06-01 08:00:00,-0.00003811,16.84600000
1748793600000,2025-06-01 16:00:00,0.00005784,16.94200000
1748822400001,2025-06-02 00:00:00,0.00003653,17.08600000
1748851200000,2025-06-02 08:00:00,0.00007010,16.99900000
1748880000000,2025-06-02 16:00:00,0.00002829,17.13800000
1748908800000,2025-06-03 00:00:00,0.00010000,17.55331863
1748937600000,2025-06-03 08:00:00,0.00008141,17.52400000
1748966400001,2025-06-03 16:00:00,0.00005621,17.64000000
1748995200000,2025-06-04 00:00:00,0.00007192,17.55900000
1749024000000,2025-06-04 08:00:00,0.00010000,17.67125686
1749052800000,2025-06-04 16:00:00,0.00008058,17.67592451
1749081600016,2025-06-05 00:00:00,-0.00000294,17.24603627
1749110400000,2025-06-05 08:00:00,0.00002720,17.22900000
1749139200000,2025-06-05 16:00:00,-0.00007858,17.15533966
1749168000002,2025-06-06 00:00:00,-0.00021595,16.27135725
1749196800000,2025-06-06 08:00:00,-0.00009932,16.53900000
1749225600006,2025-06-06 16:00:00,0.00005896,16.88060539
1749254400000,2025-06-07 00:00:00,0.00001322,16.69544417
1749283200000,2025-06-07 08:00:00,0.00004665,17.17868985
1749312000002,2025-06-07 16:00:00,0.00010000,17.28572108
1749340800000,2025-06-08 00:00:00,0.00010000,17.21430882
1749369600000,2025-06-08 08:00:00,0.00010000,16.93100000
1749398400000,2025-06-08 16:00:00,0.00010000,16.99732157
1749427200000,2025-06-09 00:00:00,0.00010000,16.93287843
1749456000001,2025-06-09 08:00:00,-0.00009431,16.69441667
1749484800001,2025-06-09 16:00:00,0.00010000,17.00643137
1749513600000,2025-06-10 00:00:00,0.00010000,17.85575681
1749542400001,2025-06-10 08:00:00,0.00010000,17.71700000
1749571200003,2025-06-10 16:00:00,0.00010000,18.11800000
1749600000000,2025-06-11 00:00:00,0.00010000,18.55534843
1749628800000,2025-06-11 08:00:00,0.00010000,18.34800000
1749657600010,2025-06-11 16:00:00,0.00010000,18.66436471
1749686400002,2025-06-12 00:00:00,0.00010000,18.08427468
1749715200003,2025-06-12 08:00:00,0.00005969,17.73053387
1749744000001,2025-06-12 16:00:00,-0.00002088,17.49941225
1749772800000,2025-06-13 00:00:00,0.00004323,17.10400000
1749801600001,2025-06-13 08:00:00,-0.00024716,16.32400000
1749830400004,2025-06-13 16:00:00,-0.00000962,16.58300000
1749859200000,2025-06-14 00:00:00,0.00005550,16.89800000
1749888000000,2025-06-14 08:00:00,0.00002082,16.73200000
1749916800000,2025-06-14 16:00:00,0.00009770,16.65500000
1749945600005,2025-06-15 00:00:00,-0.00002659,16.61700000
1749974400009,2025-06-15 08:00:00,-0.00004687,16.59500000
1750003200000,2025-06-15 16:00:00,-0.00006353,16.67100000
1750032000000,2025-06-16 00:00:00,0.00001507,16.66900000
1750060800000,2025-06-16 08:00:00,0.00005667,17.12300000
1750089600003,2025-06-16 16:00:00,0.00008377,17.22014510
1750118400000,2025-06-17 00:00:00,0.00010000,16.92460069
1750147200006,2025-06-17 08:00:00,0.00000559,16.97800000
1750176000001,2025-06-17 16:00:00,-0.00006655,16.49333480
1750204800001,2025-06-18 00:00:00,-0.00003648,16.47000000
1750233600001,2025-06-18 08:00:00,-0.00004235,16.56848137
1750262400001,2025-06-18 16:00:00,-0.00002990,16.26800000
1750291200005,2025-06-19 00:00:00,-0.00007793,16.52734706
1750320000003,2025-06-19 08:00:00,0.00004576,16.46900000
1750348800000,2025-06-19 16:00:00,0.00001177,16.46200000
1750377600000,2025-06-20 00:00:00,0.00006953,16.70300000
1750406400002,2025-06-20 08:00:00,0.00010000,16.81600000
1750435200001,2025-06-20 16:00:00,0.00003668,16.48200000
1750464000002,2025-06-21 00:00:00,-0.00004545,16.10700000
1750492800005,2025-06-21 08:00:00,-0.00019136,16.25319412
1750521600000,2025-06-21 16:00:00,-0.00007852,15.95364216
1750550400005,2025-06-22 00:00:00,0.00001846,15.56700000
1750579200000,2025-06-22 08:00:00,-0.00003753,15.40500000
1750608000003,2025-06-22 16:00:00,-0.00004036,14.80300000
1750636800000,2025-06-23 00:00:00,-0.00003040,15.18369020
1750665600004,2025-06-23 08:00:00,-0.00005742,15.31800000
1750694400013,2025-06-23 16:00:00,-0.00000328,15.44400000
1750723200003,2025-06-24 00:00:00,0.00010000,16.37800000
1750752000000,2025-06-24 08:00:00,0.00010000,16.29528608
1750780800000,2025-06-24 16:00:00,0.00006820,16.31819216
1750809600005,2025-06-25 00:00:00,0.00010000,16.42600000
1750838400000,2025-06-25 08:00:00,0.00010000,16.36904804
1750867200005,2025-06-25 16:00:00,0.00003566,16.23100000
1750896000000,2025-06-26 00:00:00,0.00005939,16.21200000
1750924800006,2025-06-26 08:00:00,0.00002763,16.51222549
1750953600007,2025-06-26 16:00:00,0.00003470,16.21300000
1750982400000,2025-06-27 00:00:00,-0.00004357,16.10500000
1751011200000,2025-06-27 08:00:00,-0.00003434,16.09652094
1751040000009,2025-06-27 16:00:00,0.00001652,16.13500000
1751068800001,2025-06-28 00:00:00,0.00003927,16.17800000
1751097600002,2025-06-28 08:00:00,0.00002068,16.16941569
1751126400000,2025-06-28 16:00:00,0.00004719,16.19200000
1751155200004,2025-06-29 00:00:00,0.00000895,16.26626667
1751184000001,2025-06-29 08:00:00,0.00000548,16.42748235
1751212800001,2025-06-29 16:00:00,0.00006631,16.39800000
1751241600000,2025-06-30 00:00:00,0.00010000,16.95596471
1751270400005,2025-06-30 08:00:00,-0.00014831,16.74675814
1751299200002,2025-06-30 16:00:00,-0.00011564,16.56100000
1751328000007,2025-07-01 00:00:00,0.00005932,16.57894804
1751356800002,2025-07-01 08:00:00,-0.00001369,16.33776520
1751385600000,2025-07-01 16:00:00,-0.00012306,16.11785392
1751414400001,2025-07-02 00:00:00,-0.00009483,15.93517255
1751443200000,2025-07-02 08:00:00,-0.00002139,16.20400000
1751472000003,2025-07-02 16:00:00,0.00010000,16.57103922
1751500800006,2025-07-03 00:00:00,0.00010000,16.96400000
1751529600003,2025-07-03 08:00:00,0.00010000,17.20556961
1751558400003,2025-07-03 16:00:00,0.00010000,16.95400000
1751587200005,2025-07-04 00:00:00,0.00010000,16.98422745
1751616000003,2025-07-04 08:00:00,0.00010000,16.52127451
1751644800001,2025-07-04 16:00:00,0.00007537,16.25167647
1751673600004,2025-07-05 00:00:00,0.00002855,16.27737157
1751702400009,2025-07-05 08:00:00,-0.00012774,16.36000000
1751731200006,2025-07-05 16:00:00,-0.00005035,16.22004216
1751760000001,2025-07-06 00:00:00,-0.00002974,16.35300000
1751788800002,2025-07-06 08:00:00,-0.00007615,16.28800000
1751817600004,2025-07-06 16:00:00,0.00001450,16.61200000
1751846400000,2025-07-07 00:00:00,0.00010000,16.62800000
1751875200007,2025-07-07 08:00:00,0.00010000,16.67871054
1751904000000,2025-07-07 16:00:00,0.00005421,16.54600000
1751932800010,2025-07-08 00:00:00,0.00010000,16.66501373
1751961600003,2025-07-08 08:00:00,0.00000945,16.46900000
1751990400000,2025-07-08 16:00:00,0.00005419,16.58705000
1752019200002,2025-07-09 00:00:00,0.00007707,16.92700000
1752048000006,2025-07-09 08:00:00,0.00006231,17.01564804
1752076800001,2025-07-09 16:00:00,0.00010000,17.14137941
1752105600003,2025-07-10 00:00:00,0.00010000,17.65005294
1752134400000,2025-07-10 08:00:00,0.00010000,17.68600000
1752163200004,2025-07-10 16:00:00,0.00010000,17.49900000
1752192000004,2025-07-11 00:00:00,0.00010000,18.48904706
1752220800007,2025-07-11 08:00:00,0.00010000,18.43732647
1752249600001,2025-07-11 16:00:00,0.00010000,18.54415364
1752278400000,2025-07-12 00:00:00,0.00010000,18.26116667
1752307200001,2025-07-12 08:00:00,0.00010000,18.45066863
1752336000002,2025-07-12 16:00:00,0.00010000,17.83200000
1752364800006,2025-07-13 00:00:00,0.00010000,18.13700000
1752393600001,2025-07-13 08:00:00,0.00010000,18.29851569
1752422400003,2025-07-13 16:00:00,0.00010000,18.46900000
1752451200000,2025-07-14 00:00:00,0.00010000,18.44700000
1752480000000,2025-07-14 08:00:00,0.00010000,19.08437059
1752508800000,2025-07-14 16:00:00,0.00010000,18.73600000
1752537600002,2025-07-15 00:00:00,0.00010000,18.55226765
1752566400000,2025-07-15 08:00:00,0.00010000,18.00600000
1752595200000,2025-07-15 16:00:00,0.00010000,18.24694118
1752624000000,2025-07-16 00:00:00,0.00010000,19.06000000
1752652800000,2025-07-16 08:00:00,0.00010000,19.58462255
1752681600008,2025-07-16 16:00:00,0.00010000,19.62500000
1752710400003,2025-07-17 00:00:00,0.00010000,19.88115172
1752739200000,2025-07-17 08:00:00,0.00010000,19.98600000
1752768000000,2025-07-17 16:00:00,0.00010000,19.90725539
1752796800004,2025-07-18 00:00:00,0.00010000,20.26591304
1752825600000,2025-07-18 08:00:00,0.00010000,22.88785554
1752854400000,2025-07-18 16:00:00,0.00010000,23.19000000
1752883200009,2025-07-19 00:00:00,0.00010000,23.18100000
1752912000000,2025-07-19 08:00:00,0.00010000,24.69962961
1752940800002,2025-07-19 16:00:00,0.00010000,23.26987451
1752969600000,2025-07-20 00:00:00,0.00004327,24.34145495
1752998400000,2025-07-20 08:00:00,0.00010000,24.83313284
1753027200000,2025-07-20 16:00:00,0.00010000,25.20829706
1753056000001,2025-07-21 00:00:00,0.00010000,24.69585882
1753084800000,2025-07-21 08:00:00,0.00010000,24.78667569
1753113600001,2025-07-21 16:00:00,0.00010000,24.47100000
1753142400000,2025-07-22 00:00:00,0.00010000,24.01950980
1753171200010,2025-07-22 08:00:00,0.00010000,23.56400000
1753200000007,2025-07-22 16:00:00,0.00010000,24.13272549
1753228800000,2025-07-23 00:00:00,0.00010000,24.25364882
1753257600004,2025-07-23 08:00:00,0.00010000,23.78969338
1753286400002,2025-07-23 16:00:00,0.00010000,22.75600000
1753315200000,2025-07-24 00:00:00,0.00010000,22.53138235
1753344000001,2025-07-24 08:00:00,0.00010000,22.12979054
1753372800000,2025-07-24 16:00:00,0.00010000,22.68100000
1753401600000,2025-07-25 00:00:00,0.00010000,22.26385882
1753430400000,2025-07-25 08:00:00,0.00010000,21.88968824
1753459200000,2025-07-25 16:00:00,0.00010000,21.82700000
1753488000001,2025-07-26 00:00:00,0.00010000,22.69568598
1753516800005,2025-07-26 08:00:00,0.00010000,22.94400000
1753545600001,2025-07-26 16:00:00,0.00010000,22.81000000
1753574400001,2025-07-27 00:00:00,0.00010000,22.80258919
1753603200000,2025-07-27 08:00:00,0.00010000,22.86014054
1753632000008,2025-07-27 16:00:00,0.00010000,22.93575441
1753660800005,2025-07-28 00:00:00,0.00010000,23.29300000
1753689600000,2025-07-28 08:00:00,0.00010000,23.37900000
1753718400000,2025-07-28 16:00:00,0.00010000,22.18043895
1753747200001,2025-07-29 00:00:00,0.00010000,21.89469429
1753776000000,2025-07-29 08:00:00,0.00010000,22.35700000
1753804800000,2025-07-29 16:00:00,0.00010000,21.85474865
1753833600011,2025-07-30 00:00:00,0.00010000,21.75000000
1753862400000,2025-07-30 08:00:00,0.00010000,21.49178514
1753891200008,2025-07-30 16:00:00,0.00008394,21.35200000
1753920000000,2025-07-31 00:00:00,0.00010000,21.38538739
1753948800009,2025-07-31 08:00:00,0.00010000,21.75900000
1753977600000,2025-07-31 16:00:00,0.00004729,21.35851423
1754006400001,2025-08-01 00:00:00,0.00008565,20.54730360
1754035200003,2025-08-01 08:00:00,0.00005753,20.17200000
1754064000000,2025-08-01 16:00:00,0.00008904,20.13512883
1754092800004,2025-08-02 00:00:00,0.00010000,19.77000000
1754121600000,2025-08-02 08:00:00,0.00010000,19.90079577
1754150400000,2025-08-02 16:00:00,0.00010000,19.54700000
1754179200000,2025-08-03 00:00:00,0.00010000,19.18416721
1754208000000,2025-08-03 08:00:00,0.00008771,19.35400000
1754236800003,2025-08-03 16:00:00,0.00008056,19.73900000
1754265600004,2025-08-04 00:00:00,-0.00002137,19.85000000
1754294400000,2025-08-04 08:00:00,0.00000190,20.08233243
1754323200002,2025-08-04 16:00:00,0.00010000,20.53681532
1754352000000,2025-08-05 00:00:00,-0.00000832,20.97177775
1754380800000,2025-08-05 08:00:00,0.00010000,20.28600000
1754409600000,2025-08-05 16:00:00,0.00010000,20.01122059
1754438400005,2025-08-06 00:00:00,0.00009749,20.17388275
1754467200000,2025-08-06 08:00:00,0.00010000,20.19333039
1754496000000,2025-08-06 16:00:00,0.00010000,20.31115637
1754524800003,2025-08-07 00:00:00,0.00002726,20.28010392
1754553600002,2025-08-07 08:00:00,0.00003002,20.29200000
1754582400002,2025-08-07 16:00:00,0.00005764,20.94500000
1754611200002,2025-08-08 00:00:00,0.00010000,21.53543384
1754640000004,2025-08-08 08:00:00,0.00008218,21.69200000
1754668800000,2025-08-08 16:00:00,0.00005337,21.82300000
1754697600005,2025-08-09 00:00:00,0.00010000,22.38200000
1754726400000,2025-08-09 08:00:00,0.00010000,23.23458688
1754755200007,2025-08-09 16:00:00,0.00010000,23.14800554
1754784000003,2025-08-10 00:00:00,0.00010000,23.60300000
1754812800005,2025-08-10 08:00:00,0.00010000,22.79737769
1754841600002,2025-08-10 16:00:00,0.00010000,23.20428667
1754870400000,2025-08-11 00:00:00,0.00010000,23.16200000
1754899200000,2025-08-11 08:00:00,0.00010000,22.96242703
1754928000000,2025-08-11 16:00:00,0.00010000,22.87300000
1754956800000,2025-08-12 00:00:00,0.00010000,22.19517604
1754985600001,2025-08-12 08:00:00,0.00010000,22.47300000
1755014400005,2025-08-12 16:00:00,0.00008142,23.45700000
1755043200000,2025-08-13 00:00:00,0.00010000,23.67670000
1755072000002,2025-08-13 08:00:00,0.00010000,23.93000000
1755100800006,2025-08-13 16:00:00,0.00010000,23.93203536
1755129600002,2025-08-14 00:00:00,0.00010000,24.25680541
1755158400003,2025-08-14 08:00:00,0.00010000,23.62557923
1755187200000,2025-08-14 16:00:00,0.00010000,22.50918604
1755216000000,2025-08-15 00:00:00,0.00010000,22.17651667
1755244800000,2025-08-15 08:00:00,-0.00001785,22.45200000
1755273600000,2025-08-15 16:00:00,0.00008049,21.73503599
1755302400004,2025-08-16 00:00:00,0.00005946,22.21417446
1755331200000,2025-08-16 08:00:00,0.00010000,22.26800000
1755360000002,2025-08-16 16:00:00,0.00010000,22.27362903
1755388800000,2025-08-17 00:00:00,0.00010000,22.36400000
1755417600001,2025-08-17 08:00:00,0.00010000,22.48936156
1755446400007,2025-08-17 16:00:00,0.00009392,22.83981022
1755475200000,2025-08-18 00:00:00,0.00009477,22.23100000
1755504000001,2025-08-18 08:00:00,0.00005648,21.27475000
1755532800002,2025-08-18 16:00:00,0.00003698,21.54429887
1755561600000,2025-08-19 00:00:00,0.00004558,21.51600000
1755590400001,2025-08-19 08:00:00,0.00010000,21.22100000
1755619200000,2025-08-19 16:00:00,0.00010000,21.01700000
1755648000000,2025-08-20 00:00:00,0.00004601,20.51813378
1755676800000,2025-08-20 08:00:00,0.00001221,20.74600000
1755705600000,2025-08-20 16:00:00,0.00006644,21.11600000
1755734400006,2025-08-21 00:00:00,0.00009396,21.55163464
1755763200000,2025-08-21 08:00:00,0.00010000,21.47286477
1755792000003,2025-08-21 16:00:00,0.00009343,20.96900000
1755820800010,2025-08-22 00:00:00,0.00010000,21.00600000
1755849600007,2025-08-22 08:00:00,0.00001674,21.22315811
1755878400001,2025-08-22 16:00:00,0.00004708,23.13000000
1755907200004,2025-08-23 00:00:00,0.00010000,24.49900000
1755936000006,2025-08-23 08:00:00,0.00010000,23.98832342
1755964800000,2025-08-23 16:00:00,0.00010000,24.11299797
1755993600001,2025-08-24 00:00:00,0.00010000,24.21000000
1756022400002,2025-08-24 08:00:00,0.00010000,23.41800000
1756051200001,2025-08-24 16:00:00,0.00010000,23.34000000
1756080000000,2025-08-25 00:00:00,0.00010000,23.22624595
1756108800002,2025-08-25 08:00:00,0.00010000,22.06803514
1756137600002,2025-08-25 16:00:00,0.00002024,21.77000000
1756166400000,2025-08-26 00:00:00,0.00010000,21.06824707
1756195200000,2025-08-26 08:00:00,0.00007339,21.18298748
1756224000000,2025-08-26 16:00:00,-0.00002824,21.37787883
1756252800003,2025-08-27 00:00:00,-0.00005040,21.66100000
1756281600000,2025-08-27 08:00:00,0.00005329,21.56800000
1756310400009,2025-08-27 16:00:00,-0.00000960,21.93800000
1756339200000,2025-08-28 00:00:00,0.00010000,21.50275086
1756368000005,2025-08-28 08:00:00,0.00010000,21.80300000
1756396800004,2025-08-28 16:00:00,0.00010000,21.58705950
1756425600000,2025-08-29 00:00:00,0.00010000,21.68541081
1756454400000,2025-08-29 08:00:00,0.00010000,20.94700000
1756483200005,2025-08-29 16:00:00,0.00010000,20.71660374
1756512000000,2025-08-30 00:00:00,0.00007643,20.91100000
1756540800002,2025-08-30 08:00:00,0.00010000,21.05800000
1756569600003,2025-08-30 16:00:00,0.00010000,20.92700000
1756598400016,2025-08-31 00:00:00,0.00010000,20.93566937
1756627200000,2025-08-31 08:00:00,0.00010000,21.06000000
1756656000001,2025-08-31 16:00:00,0.00010000,21.08710766
1756684800000,2025-09-01 00:00:00,0.00010000,20.68030270
1756713600000,2025-09-01 08:00:00,0.00010000,21.02740541
1756742400001,2025-09-01 16:00:00,0.00005208,20.53700000
1756771200000,2025-09-02 00:00:00,0.00001361,20.49227477
1756800000005,2025-09-02 08:00:00,0.00009593,20.70651441
1756828800007,2025-09-02 16:00:00,0.00010000,20.49178806
1756857600006,2025-09-03 00:00:00,0.00010000,20.79544955
1756886400002,2025-09-03 08:00:00,0.00010000,20.67710901
1756915200002,2025-09-03 16:00:00,0.00006936,21.03196036
1756944000002,2025-09-04 00:00:00,0.00010000,20.82951892
1756972800000,2025-09-04 08:00:00,-0.00013764,20.34611393
1757001600000,2025-09-04 16:00:00,0.00002375,20.11900000
1757030400001,2025-09-05 00:00:00,-0.00000789,20.17500000
1757059200006,2025-09-05 08:00:00,0.00009610,20.85300000
1757088000000,2025-09-05 16:00:00,0.00010000,20.34144054
1757116800000,2025-09-06 00:00:00,0.00005918,20.34800000
1757145600005,2025-09-06 08:00:00,0.00003736,20.38470270
1757174400000,2025-09-06 16:00:00,0.00001980,20.11900000
1757203200000,2025-09-07 00:00:00,0.00003570,20.19500000
1757232000000,2025-09-07 08:00:00,0.00005013,20.38700000
1757260800000,2025-09-07 16:00:00,0.00006943,20.42826910
1757289600007,2025-09-08 00:00:00,0.00003805,20.47347432
1757318400000,2025-09-08 08:00:00,0.00006283,20.50500000
1757347200000,2025-09-08 16:00:00,0.00010000,20.92600000
1757376000000,2025-09-09 00:00:00,0.00010000,20.74500000
1757404800000,2025-09-09 08:00:00,0.00010000,20.96439595
1757433600000,2025-09-09 16:00:00,0.00010000,20.47900000
1757462400000,2025-09-10 00:00:00,-0.00008009,20.46600000
1757491200002,2025-09-10 08:00:00,0.00005331,20.66700000
1757520000000,2025-09-10 16:00:00,0.00010000,21.00300000
1757548800000,2025-09-11 00:00:00,0.00010000,20.94203559
1757577600000,2025-09-11 08:00:00,0.00010000,21.50229820
1757606400001,2025-09-11 16:00:00,0.00010000,21.09800000
1757635200002,2025-09-12 00:00:00,0.00010000,21.42300000
1757664000001,2025-09-12 08:00:00,0.00010000,21.48800000
1757692800005,2025-09-12 16:00:00,0.00010000,21.38561959
1757721600005,2025-09-13 00:00:00,0.00010000,21.97417477
1757750400002,2025-09-13 08:00:00,0.00010000,22.01017888
1757779200000,2025-09-13 16:00:00,0.00010000,22.08606757
1757808000006,2025-09-14 00:00:00,0.00010000,22.06200000
1757836800000,2025-09-14 08:00:00,0.00010000,21.58300000
1757865600001,2025-09-14 16:00:00,0.00000597,20.96700000
1757894400006,2025-09-15 00:00:00,-0.00004470,21.11400000
1757923200002,2025-09-15 08:00:00,0.00006468,20.85000000
1757952000001,2025-09-15 16:00:00,-0.00017773,20.29200000
1757980800001,2025-09-16 00:00:00,-0.00021681,20.34814054
1758009600000,2025-09-16 08:00:00,0.00003382,20.47800000
1758038400000,2025-09-16 16:00:00,-0.00007779,20.40900000
1758067200001,2025-09-17 00:00:00,0.00005793,20.50977477
1758096000000,2025-09-17 08:00:00,0.00005728,20.48600000
1758124800003,2025-09-17 16:00:00,-0.00002973,20.21300946
1758153600006,2025-09-18 00:00:00,0.00010000,20.89100000
1758182400002,2025-09-18 08:00:00,0.00010000,20.83400000
1758211200000,2025-09-18 16:00:00,0.00010000,20.96300000
1758240000000,2025-09-19 00:00:00,0.00010000,20.98400000
1758268800005,2025-09-19 08:00:00,0.00010000,20.68150811
1758297600000,2025-09-19 16:00:00,0.00004893,20.29400000
1758326400000,2025-09-20 00:00:00,-0.00004587,20.18361622
1758355200000,2025-09-20 08:00:00,-0.00003022,20.36800000
1758384000002,2025-09-20 16:00:00,-0.00004616,20.36000000
1758412800000,2025-09-21 00:00:00,-0.00003285,20.17400000
1758441600000,2025-09-21 08:00:00,0.00008038,20.18403063
1758470400000,2025-09-21 16:00:00,-0.00006697,19.93308649
1758499200005,2025-09-22 00:00:00,-0.00008572,19.86900000
1758528000003,2025-09-22 08:00:00,-0.00001050,18.49595405
1758556800000,2025-09-22 16:00:00,-0.00017412,18.51400000
1758585600000,2025-09-23 00:00:00,-0.00001018,18.69800000
1758614400001,2025-09-23 08:00:00,-0.00001538,18.84400000
1758643200000,2025-09-23 16:00:00,-0.00002774,18.99700000
1758672000003,2025-09-24 00:00:00,0.00006256,18.79400000
1758700800001,2025-09-24 08:00:00,0.00008556,18.96700000
1758729600002,2025-09-24 16:00:00,0.00010000,18.83000000
1758758400000,2025-09-25 00:00:00,0.00006251,18.58565766
1758787200001,2025-09-25 08:00:00,0.00003536,18.27751982
1758816000000,2025-09-25 16:00:00,0.00010000,18.30140270
1758844800000,2025-09-26 00:00:00,0.00010000,17.89021892
1758873600000,2025-09-26 08:00:00,0.00009439,18.00100000
1758902400008,2025-09-26 16:00:00,0.00009418,18.19866306
1758931200000,2025-09-27 00:00:00,0.00008664,18.38800000
1758960000010,2025-09-27 08:00:00,0.00007159,18.17822072
1758988800003,2025-09-27 16:00:00,0.00010000,18.22141261
1759017600000,2025-09-28 00:00:00,0.00010000,18.23900000
1759046400000,2025-09-28 08:00:00,0.00008038,18.00482793
1759075200000,2025-09-28 16:00:00,0.00006471,18.14792703
1759104000000,2025-09-29 00:00:00,0.00010000,18.53009910
1759132800002,2025-09-29 08:00:00,0.00007998,18.39591171
1759161600001,2025-09-29 16:00:00,0.00010000,18.44500000
1759190400002,2025-09-30 00:00:00,0.00010000,18.62169550
1759219200005,2025-09-30 08:00:00,0.00010000,18.31900000
1759248000000,2025-09-30 16:00:00,-0.00001231,18.18600000
1759276800000,2025-10-01 00:00:00,0.00010000,18.43200000
1759305600000,2025-10-01 08:00:00,0.00009496,18.25800000
1759334400000,2025-10-01 16:00:00,0.00010000,19.08436486
1759363200000,2025-10-02 00:00:00,0.00010000,19.56300000
1759392000013,2025-10-02 08:00:00,0.00010000,19.90407658
1759420800000,2025-10-02 16:00:00,0.00009198,19.69935171
1759449600006,2025-10-03 00:00:00,0.00010000,20.06900000
1759478400006,2025-10-03 08:00:00,0.00010000,19.69600000
1759507200000,2025-10-03 16:00:00,0.00005702,19.96246261
1759536000001,2025-10-04 00:00:00,0.00010000,19.93741081
1759564800000,2025-10-04 08:00:00,0.00010000,19.62900000
1759593600000,2025-10-04 16:00:00,0.00002987,19.27722973
1759622400000,2025-10-05 00:00:00,0.00010000,19.44020000
1759651200003,2025-10-05 08:00:00,0.00010000,20.17117117
1759680000009,2025-10-05 16:00:00,0.00010000,19.75434009
1759708800004,2025-10-06 00:00:00,0.00002972,19.40200000
1759737600002,2025-10-06 08:00:00,0.00010000,19.58300000
1759766400004,2025-10-06 16:00:00,0.00010000,20.07200000
1759795200000,2025-10-07 00:00:00,0.00010000,19.98267297
1759824000003,2025-10-07 08:00:00,0.00010000,19.75100000
1759852800000,2025-10-07 16:00:00,0.00010000,19.08400000
1759881600000,2025-10-08 00:00:00,0.00010000,19.02013333
1759910400006,2025-10-08 08:00:00,0.00010000,19.12900000
1759939200002,2025-10-08 16:00:00,0.00010000,19.11050811
1759968000001,2025-10-09 00:00:00,0.00010000,19.63598108
1759996800000,2025-10-09 08:00:00,0.00010000,19.09400000
1760025600000,2025-10-09 16:00:00,0.00003981,18.82773333
1760054400005,2025-10-10 00:00:00,0.00010000,19.16900000
1760083200002,2025-10-10 08:00:00,0.00010000,19.92300000
1760112000014,2025-10-10 16:00:00,0.00009208,18.98200000
1760140800000,2025-10-11 00:00:00,-0.00088868,14.30700000
1760169600003,2025-10-11 08:00:00,-0.00010373,14.96400000
1760198400000,2025-10-11 16:00:00,-0.00015841,15.31625027
1760227200004,2025-10-12 00:00:00,-0.00043708,15.02600991
1760256000002,2025-10-12 08:00:00,-0.00028032,15.30159189
1760284800000,2025-10-12 16:00:00,-0.00024412,16.32659964
1760313600003,2025-10-13 00:00:00,0.00003425,16.69300000
1760342400002,2025-10-13 08:00:00,-0.00002138,16.88718198
1760371200003,2025-10-13 16:00:00,0.00006172,17.01260090
1760400000000,2025-10-14 00:00:00,-0.00038111,17.46872703
1760428800000,2025-10-14 08:00:00,-0.00008701,16.33522162
1760457600000,2025-10-14 16:00:00,-0.00014981,16.94482622
1760486400006,2025-10-15 00:00:00,-0.00009315,16.87205090
1760515200002,2025-10-15 08:00:00,-0.00002908,16.91775315
1760544000000,2025-10-15 16:00:00,0.00000212,16.33011081
1760572800000,2025-10-16 00:00:00,-0.00001495,16.27700000
1760601600003,2025-10-16 08:00:00,-0.00005585,16.39266577
1760630400002,2025-10-16 16:00:00,-0.00002114,15.93473216
1760659200001,2025-10-17 00:00:00,0.00002695,15.81300000
1760688000005,2025-10-17 08:00:00,0.00002177,14.93483514
1760716800003,2025-10-17 16:00:00,-0.00008901,15.40271351
1760745600000,2025-10-18 00:00:00,-0.00009404,15.35000000
1760774400002,2025-10-18 08:00:00,-0.00013881,15.49233784
1760803200001,2025-10-18 16:00:00,-0.00002680,15.38857838
1760832000001,2025-10-19 00:00:00,-0.00004463,15.46135315
1760860800001,2025-10-19 08:00:00,-0.00010603,15.31396396
1760889600001,2025-10-19 16:00:00,-0.00007776,15.76400000
1760918400004,2025-10-20 00:00:00,-0.00003762,15.75197928
1760947200001,2025-10-20 08:00:00,0.00000400,16.11200000
1760976000000,2025-10-20 16:00:00,-0.00000282,15.96610811
1761004800009,2025-10-21 00:00:00,-0.00009581,15.98249640
1761033600000,2025-10-21 08:00:00,-0.00006931,15.64618919
1761062400000,2025-10-21 16:00:00,0.00006315,16.47331351
1761091200004,2025-10-22 00:00:00,0.00010000,15.69000000
1761120000000,2025-10-22 08:00:00,-0.00007178,15.60100000
1761148800000,2025-10-22 16:00:00,-0.00000994,15.55766216
1761177600000,2025-10-23 00:00:00,0.00002513,15.41800000
1761206400001,2025-10-23 08:00:00,-0.00006717,15.65500000
1761235200004,2025-10-23 16:00:00,0.00010000,15.69200000
1761264000000,2025-10-24 00:00:00,0.00009362,15.66900000
1761292800000,2025-10-24 08:00:00,-0.00001035,15.80300000
1761321600009,2025-10-24 16:00:00,0.00006086,15.71800000
1761350400000,2025-10-25 00:00:00,0.00001792,15.98786533
1761379200001,2025-10-25 08:00:00,0.00004534,15.86617081
1761408000001,2025-10-25 16:00:00,0.00007593,15.89900000
1761436800001,2025-10-26 00:00:00,0.00005361,15.97054054
1761465600001,2025-10-26 08:00:00,0.00006150,15.98400000
1761494400000,2025-10-26 16:00:00,-0.00001537,16.45890270
1761523200000,2025-10-27 00:00:00,-0.00001192,16.63600000
1761552000005,2025-10-27 08:00:00,0.00002937,16.75300000
1761580800000,2025-10-27 16:00:00,0.00007285,16.57900000
1761609600000,2025-10-28 00:00:00,0.00010000,16.51084991
1761638400000,2025-10-28 08:00:00,0.00004469,16.43427117
1761667200004,2025-10-28 16:00:00,0.00005402,16.32300000
1761696000004,2025-10-29 00:00:00,-0.00016006,15.88705946
1761724800005,2025-10-29 08:00:00,0.00009184,16.02650000
1761753600000,2025-10-29 16:00:00,0.00008819,16.08600000
1761782400004,2025-10-30 00:00:00,0.00009758,15.95600000
1761811200008,2025-10-30 08:00:00,0.00001717,15.98436667
1761840000001,2025-10-30 16:00:00,-0.00017722,15.27400000
1761868800000,2025-10-31 00:00:00,-0.00040924,15.39710000
1761897600008,2025-10-31 08:00:00,0.00003819,15.66500000
1761926400007,2025-10-31 16:00:00,0.00000796,16.05603423
1761955200001,2025-11-01 00:00:00,-0.00003977,15.84900000
1761984000000,2025-11-01 08:00:00,-0.00011757,16.19800000
1762012800000,2025-11-01 16:00:00,0.00010000,16.33820457
1762041600007,2025-11-02 00:00:00,0.00008295,16.32800000
1762070400000,2025-11-02 08:00:00,0.00000712,16.50300000
1762099200001,2025-11-02 16:00:00,0.00003912,15.98913514
1762128000000,2025-11-03 00:00:00,0.00003122,16.36067568
1762156800010,2025-11-03 08:00:00,-0.00016948,15.37839099
1762185600000,2025-11-03 16:00:00,-0.00026021,14.72427063
1762214400002,2025-11-04 00:00:00,-0.00028378,14.99900000
1762243200004,2025-11-04 08:00:00,-0.00012739,14.59200000
1762272000000,2025-11-04 16:00:00,-0.00009706,14.85663559
1762300800000,2025-11-05 00:00:00,-0.00012294,14.25800000
1762329600000,2025-11-05 08:00:00,-0.00002243,14.35900000
1762358400004,2025-11-05 16:00:00,-0.00013318,14.57500000
1762387200001,2025-11-06 00:00:00,-0.00002473,14.61859315
1762416000000,2025-11-06 08:00:00,-0.00013709,14.34593784
1762444800001,2025-11-06 16:00:00,-0.00017710,14.12800000
1762473600005,2025-11-07 00:00:00,-0.00002430,14.55500000
1762502400003,2025-11-07 08:00:00,-0.00009978,15.94519767
1762531200005,2025-11-07 16:00:00,-0.00002856,17.30797982
1762560000011,2025-11-08 00:00:00,0.00010000,17.90986216
1762588800015,2025-11-08 08:00:00,0.00010000,16.85700000
1762617600001,2025-11-08 16:00:00,0.00010000,16.27900000
1762646400004,2025-11-09 00:00:00,0.00001634,16.37300000
1762675200000,2025-11-09 08:00:00,0.00010000,16.08287477
1762704000005,2025-11-09 16:00:00,-0.00002046,16.13428649
1762732800000,2025-11-10 00:00:00,0.00003303,16.15200000
1762761600000,2025-11-10 08:00:00,-0.00008032,16.26855027
1762790400003,2025-11-10 16:00:00,-0.00000070,16.19772703
1762819200007,2025-11-11 00:00:00,0.00010000,16.48391351
1762848000000,2025-11-11 08:00:00,0.00008788,15.84572523
1762876800009,2025-11-11 16:00:00,0.00010000,15.93020405
1762905600000,2025-11-12 00:00:00,0.00003654,15.61200000
1762934400002,2025-11-12 08:00:00,0.00002039,15.67155766
1762963200000,2025-11-12 16:00:00,0.00005461,15.47248829
1762992000002,2025-11-13 00:00:00,-0.00010438,15.28800000
1763020800000,2025-11-13 08:00:00,0.00003131,15.67381712
1763049600001,2025-11-13 16:00:00,0.00001806,15.37827811
1763078400000,2025-11-14 00:00:00,-0.00010528,15.05143081
1763107200000,2025-11-14 08:00:00,-0.00003969,15.05975766
1763136000001,2025-11-14 16:00:00,0.00000820,14.87905721
1763164800005,2025-11-15 00:00:00,-0.00015986,14.71167847
1763193600000,2025-11-15 08:00:00,-0.00016854,15.49900000
1763222400001,2025-11-15 16:00:00,-0.00024905,15.25500000
1763251200001,2025-11-16 00:00:00,-0.00012376,15.28600000
1763280000000,2025-11-16 08:00:00,-0.00014311,15.30790595
1763308800000,2025-11-16 16:00:00,-0.00014888,14.73600000
1763337600003,2025-11-17 00:00:00,-0.00019784,14.77900000
1763366400003,2025-11-17 08:00:00,0.00003982,15.01500000
1763395200000,2025-11-17 16:00:00,0.00010000,14.70600000
1763424000002,2025-11-18 00:00:00,-0.00022573,14.26600000
1763452800004,2025-11-18 08:00:00,0.00000633,14.40859640
1763481600000,2025-11-18 16:00:00,0.00001309,14.65616682
1763510400000,2025-11-19 00:00:00,0.00009679,14.64000000
1763539200000,2025-11-19 08:00:00,-0.00001968,14.47500000
1763568000008,2025-11-19 16:00:00,-0.00002666,14.16700000
1763596800000,2025-11-20 00:00:00,-0.00006610,14.20331802
1763625600000,2025-11-20 08:00:00,0.00005002,14.36500000
1763654400000,2025-11-20 16:00:00,0.00010000,14.10800000
1763683200001,2025-11-21 00:00:00,-0.00016226,13.49100000
1763712000000,2025-11-21 08:00:00,-0.00000576,13.05871000
1763740800001,2025-11-21 16:00:00,0.00006030,13.22283991
1763769600004,2025-11-22 00:00:00,-0.00010895,13.53028739
1763798400000,2025-11-22 08:00:00,0.00010000,13.45933243
1763827200000,2025-11-22 16:00:00,-0.00014480,13.41700784
1763856000000,2025-11-23 00:00:00,-0.00000882,13.49612162
1763884800008,2025-11-23 08:00:00,-0.00002470,13.69624550
1763913600003,2025-11-23 16:00:00,-0.00006799,13.74739279
1763942400004,2025-11-24 00:00:00,-0.00005304,13.55176421
1763971200000,2025-11-24 08:00:00,0.00004421,13.68700000
1764000000006,2025-11-24 16:00:00,0.00002623,13.71300000
1764028800000,2025-11-25 00:00:00,0.00009871,14.16826701
1764057600009,2025-11-25 08:00:00,0.00002790,13.89934739
1764086400007,2025-11-25 16:00:00,0.00003871,13.86541766
1764115200001,2025-11-26 00:00:00,0.00010000,14.15900000
1764144000001,2025-11-26 08:00:00,0.00010000,14.06100000
1764172800000,2025-11-26 16:00:00,0.00005177,13.84100000
1764201600013,2025-11-27 00:00:00,0.00000428,14.11862658
1764230400000,2025-11-27 08:00:00,0.00010000,14.00075766
1764259200004,2025-11-27 16:00:00,0.00006120,13.98500000
1764288000008,2025-11-28 00:00:00,0.00002092,13.86348788
1764316800000,2025-11-28 08:00:00,-0.00005466,13.78100000
1764345600008,2025-11-28 16:00:00,0.00010000,13.95938583
1764374400000,2025-11-29 00:00:00,-0.00002167,13.79600000
1764403200005,2025-11-29 08:00:00,0.00001795,13.66600000
1764432000001,2025-11-29 16:00:00,-0.00002851,13.73987465
1764460800003,2025-11-30 00:00:00,0.00007474,13.71100000
1764489600000,2025-11-30 08:00:00,0.00009940,13.81606667
1764518400004,2025-11-30 16:00:00,0.00010000,13.91308829
1764547200000,2025-12-01 00:00:00,-0.00002540,13.72042027
1764576000004,2025-12-01 08:00:00,-0.00011628,12.90439562
1764604800000,2025-12-01 16:00:00,-0.00008475,12.82200000
1764633600004,2025-12-02 00:00:00,-0.00009807,12.95800000
1764662400000,2025-12-02 08:00:00,-0.00004719,12.96400000
1764691200000,2025-12-02 16:00:00,0.00007035,13.82700000
1764720000000,2025-12-03 00:00:00,0.00010000,13.58000000
1764748800000,2025-12-03 08:00:00,0.00007794,13.82192432
1764777600005,2025-12-03 16:00:00,0.00010000,13.95100000
1764806400012,2025-12-04 00:00:00,0.00010000,14.17972658
1764835200000,2025-12-04 08:00:00,0.00010000,14.08939730
1764864000011,2025-12-04 16:00:00,0.00010000,13.90800000
1764892800000,2025-12-05 00:00:00,0.00010000,13.73151351
1764921600000,2025-12-05 08:00:00,0.00008240,13.82809369
1764950400010,2025-12-05 16:00:00,-0.00003923,13.41900000
1764979200001,2025-12-06 00:00:00,-0.00008569,13.13100000
1765008000001,2025-12-06 08:00:00,-0.00013120,13.18000000
1765036800008,2025-12-06 16:00:00,-0.00007689,13.24500000
1765065600000,2025-12-07 00:00:00,0.00004497,13.31400000
1765094400004,2025-12-07 08:00:00,0.00002555,13.24900000
1765123200000,2025-12-07 16:00:00,-0.00003423,13.08312072
1765152000000,2025-12-08 00:00:00,-0.00000760,13.11219144
1765180800000,2025-12-08 08:00:00,0.00008314,13.43800000
1765209600001,2025-12-08 16:00:00,0.00010000,13.38307703
1765238400001,2025-12-09 00:00:00,0.00009151,13.42900000
1765267200001,2025-12-09 08:00:00,0.00007532,13.38014772
1765296000007,2025-12-09 16:00:00,0.00009740,13.86789459
1765324800007,2025-12-10 00:00:00,0.00010000,13.86339477
1765353600002,2025-12-10 08:00:00,0.00005630,13.67500000
1765382400012,2025-12-10 16:00:00,0.00005659,13.65145135
1765411200001,2025-12-11 00:00:00,0.00006104,13.66300000
1765440000000,2025-12-11 08:00:00,-0.00020230,13.06607596
1765468800000,2025-12-11 16:00:00,-0.00008655,13.07100000
1765497600005,2025-12-12 00:00:00,0.00004325,13.24200000
1765526400007,2025-12-12 08:00:00,-0.00006630,13.24300000
1765555200002,2025-12-12 16:00:00,-0.00005841,12.76153171
1765584000001,2025-12-13 00:00:00,0.00010000,12.92600000
1765612800006,2025-12-13 08:00:00,0.00006125,13.15200000
1765641600000,2025-12-13 16:00:00,0.00010000,13.17800000
1765670400000,2025-12-14 00:00:00,0.00010000,13.17683514
1765699200003,2025-12-14 08:00:00,0.00005431,13.09200000
1765728000005,2025-12-14 16:00:00,-0.00017151,12.84594387
1765756800000,2025-12-15 00:00:00,-0.00013920,12.77836577
1765785600000,2025-12-15 08:00:00,0.00007611,13.06300000
1765814400000,2025-12-15 16:00:00,-0.00003346,12.47600000
1765843200002,2025-12-16 00:00:00,-0.00021919,12.33600000
1765872000000,2025-12-16 08:00:00,-0.00016453,12.12800000
1765900800002,2025-12-16 16:00:00,-0.00002358,12.59300000
1765929600004,2025-12-17 00:00:00,-0.00004400,12.67106937
1765958400000,2025-12-17 08:00:00,0.00006318,12.44100000
1765987200000,2025-12-17 16:00:00,-0.00001515,12.27600000
1766016000005,2025-12-18 00:00:00,-0.00000181,12.06600000
1766044800007,2025-12-18 08:00:00,-0.00009615,11.98300000
1766073600001,2025-12-18 16:00:00,0.00004362,12.23200000
1766102400000,2025-12-19 00:00:00,-0.00010854,11.62369973
1766131200001,2025-12-19 08:00:00,0.00009867,12.03718378
1766160000000,2025-12-19 16:00:00,0.00010000,12.25532432
1766188800005,2025-12-20 00:00:00,0.00006148,12.34600000
1766217600000,2025-12-20 08:00:00,0.00009079,12.48800000
1766246400002,2025-12-20 16:00:00,0.00010000,12.37330000
1766275200000,2025-12-21 00:00:00,0.00010000,12.36207387
1766304000009,2025-12-21 08:00:00,0.00010000,12.27810721
1766332800000,2025-12-21 16:00:00,-0.00003923,12.08800000
1766361600000,2025-12-22 00:00:00,0.00006289,12.20500000
1766390400005,2025-12-22 08:00:00,-0.00000878,12.37178811
1766419200009,2025-12-22 16:00:00,0.00009551,12.42371532
1766448000000,2025-12-23 00:00:00,-0.00001146,12.26300000
1766476800000,2025-12-23 08:00:00,0.00003519,12.09600000
1766505600001,2025-12-23 16:00:00,-0.00001757,12.03200000
1766534400001,2025-12-24 00:00:00,0.00003151,12.06700000
1766563200001,2025-12-24 08:00:00,-0.00003772,11.83726685
1766592000000,2025-12-24 16:00:00,0.00010000,11.97461802
1766620800000,2025-12-25 00:00:00,0.00010000,12.00906667
1766649600001,2025-12-25 08:00:00,0.00010000,12.05500000
1766678400005,2025-12-25 16:00:00,0.00007878,12.00200000
1766707200004,2025-12-26 00:00:00,-0.00005298,11.64800000
1766736000001,2025-12-26 08:00:00,0.00003268,11.77412523
1766764800007,2025-12-26 16:00:00,-0.00002516,11.64564595
1766793600000,2025-12-27 00:00:00,0.00003125,11.71731622
1766822400000,2025-12-27 08:00:00,-0.00010120,11.69200000
1766851200011,2025-12-27 16:00:00,-0.00001432,11.82800000
1766880000008,2025-12-28 00:00:00,0.00010000,12.22100000
1766908800000,2025-12-28 08:00:00,0.00010000,12.26371261
1766937600000,2025-12-28 16:00:00,0.00010000,12.26783153
1766966400016,2025-12-29 00:00:00,0.00001408,12.19800000
1766995200001,2025-12-29 08:00:00,0.00010000,12.33400000
1767024000000,2025-12-29 16:00:00,-0.00001184,12.02200000
1767052800005,2025-12-30 00:00:00,-0.00006873,11.92034324
1767081600001,2025-12-30 08:00:00,0.00008135,11.89254194
1767110400003,2025-12-30 16:00:00,0.00010000,11.99500000
1767139200004,2025-12-31 00:00:00,0.00003851,11.87488378
1767168000001,2025-12-31 08:00:00,-0.00003129,11.84700000
1767196800001,2025-12-31 16:00:00,0.00004032,11.71100000
1767225600008,2026-01-01 00:00:00,-0.00015830,11.46700000
1767254400002,2026-01-01 08:00:00,0.00001588,11.54919793
1767283200001,2026-01-01 16:00:00,0.00009248,11.88900000
1767312000006,2026-01-02 00:00:00,0.00010000,12.05900000
1767340800007,2026-01-02 08:00:00,0.00010000,12.00600000
1767369600000,2026-01-02 16:00:00,0.00010000,12.23040811
1767398400001,2026-01-03 00:00:00,0.00010000,12.52462162
1767427200000,2026-01-03 08:00:00,0.00010000,12.32500000
1767456000000,2026-01-03 16:00:00,0.00010000,12.40554595
1767484800000,2026-01-04 00:00:00,0.00010000,12.55600000
1767513600000,2026-01-04 08:00:00,0.00001690,12.76100000
1767542400001,2026-01-04 16:00:00,0.00010000,12.84970099
1767571200000,2026-01-05 00:00:00,0.00010000,12.81254505
1767600000000,2026-01-05 08:00:00,0.00005853,13.00600000
1767628800000,2026-01-05 16:00:00,0.00010000,13.12883038
1767657600010,2026-01-06 00:00:00,0.00008817,13.29500000
1767686400000,2026-01-06 08:00:00,0.00006210,13.08052432
1767715200000,2026-01-06 16:00:00,0.00010000,13.27455135
1767744000001,2026-01-07 00:00:00,0.00010000,13.35800000
1767772800001,2026-01-07 08:00:00,0.00009124,13.19200000
1767801600001,2026-01-07 16:00:00,0.00003862,12.75205495
1767830400001,2026-01-08 00:00:00,0.00007191,12.86800000
1767859200000,2026-01-08 08:00:00,0.00003868,12.68900000
1767888000000,2026-01-08 16:00:00,0.00005529,12.65300450
1767916800003,2026-01-09 00:00:00,0.00010000,12.59800000
1767945600000,2026-01-09 08:00:00,0.00010000,12.70106667
1767974400001,2026-01-09 16:00:00,0.00010000,12.75040811
1768003200000,2026-01-10 00:00:00,0.00009286,12.60331081
1768032000002,2026-01-10 08:00:00,0.00008427,12.57900000
1768060800001,2026-01-10 16:00:00,0.00010000,12.63360991
1768089600003,2026-01-11 00:00:00,0.00010000,12.53900000
1768118400006,2026-01-11 08:00:00,0.00010000,12.54045261
1768147200000,2026-01-11 16:00:00,0.00006540,12.44000000
1768176000005,2026-01-12 00:00:00,0.00000931,12.36800000
1768204800000,2026-01-12 08:00:00,0.00007160,12.34442613
1768233600000,2026-01-12 16:00:00,-0.00001921,12.37800000
1768262400007,2026-01-13 00:00:00,-0.00003830,12.25250000
1768291200009,2026-01-13 08:00:00,0.00010000,12.42550000
1768320000002,2026-01-13 16:00:00,0.00010000,13.07100000
1768348800000,2026-01-14 00:00:00,0.00010000,13.28800000
1768377600001,2026-01-14 08:00:00,0.00010000,13.23300000
1768406400004,2026-01-14 16:00:00,0.00010000,13.36179324
1768435200000,2026-01-15 00:00:00,0.00010000,13.20100000
1768464000004,2026-01-15 08:00:00,0.00010000,13.03016622
1768492800002,2026-01-15 16:00:00,0.00004664,12.83631081
1768521600000,2026-01-16 00:00:00,0.00004110,12.63530360
1768550400000,2026-01-16 08:00:00,0.00010000,12.59000000
1768579200001,2026-01-16 16:00:00,0.00004265,12.31364117
1768608000000,2026-01-17 00:00:00,0.00010000,12.75400000
1768636800000,2026-01-17 08:00:00,0.00010000,12.93400000
1768665600002,2026-01-17 16:00:00,0.00010000,13.08200234
1768694400001,2026-01-18 00:00:00,0.00010000,12.84400000
1768723200000,2026-01-18 08:00:00,0.00001077,12.73200000
1768752000000,2026-01-18 16:00:00,0.00004411,12.73111351
1768780800007,2026-01-19 00:00:00,-0.00001863,12.22800000
1768809600007,2026-01-19 08:00:00,-0.00017761,11.86600000
1768838400007,2026-01-19 16:00:00,-0.00000791,11.91958198
1768867200005,2026-01-20 00:00:00,0.00000568,12.02007748
1768896000001,2026-01-20 08:00:00,0.00003033,11.80801631
1768924800009,2026-01-20 16:00:00,-0.00007296,11.65985928
1768953600001,2026-01-21 00:00:00,-0.00001806,11.52700000
1768982400011,2026-01-21 08:00:00,0.00010000,11.78751802
1769011200011,2026-01-21 16:00:00,-0.00001075,11.75401802
1769040000010,2026-01-22 00:00:00,0.00002942,11.65305946
1769068800003,2026-01-22 08:00:00,0.00001977,11.64304613
1769097600005,2026-01-22 16:00:00,-0.00005181,11.52274595
1769126400005,2026-01-23 00:00:00,0.00001423,11.56900000
1769155200000,2026-01-23 08:00:00,0.00000506,11.71920541
1769184000011,2026-01-23 16:00:00,-0.00000843,11.67000000
1769212800011,2026-01-24 00:00:00,-0.00003037,11.65200000
1769241600002,2026-01-24 08:00:00,0.00003803,11.66213333
1769270400001,2026-01-24 16:00:00,-0.00006370,11.59063327
1769299200002,2026-01-25 00:00:00,-0.00010485,11.57800000
1769328000011,2026-01-25 08:00:00,0.00000362,11.48600000
1769356800005,2026-01-25 16:00:00,-0.00005873,11.41880180
1769385600000,2026-01-26 00:00:00,-0.00002858,11.13200000
1769414400003,2026-01-26 08:00:00,0.00004184,11.36400000
1769443200000,2026-01-26 16:00:00,0.00003419,11.36200000
1769472000002,2026-01-27 00:00:00,0.00008785,11.38100000
1769500800000,2026-01-27 08:00:00,-0.00006763,11.31265676
1769529600000,2026-01-27 16:00:00,0.00004836,11.30916216
1769558400000,2026-01-28 00:00:00,0.00004879,11.57855676
1769587200000,2026-01-28 08:00:00,0.00008206,11.54000000
1769616000000,2026-01-28 16:00:00,0.00010000,11.45977605
1769644800000,2026-01-29 00:00:00,0.00008135,11.54156667
1769673600009,2026-01-29 08:00:00,-0.00005385,11.25700000
1769702400000,2026-01-29 16:00:00,-0.00018874,10.76000000
1769731200008,2026-01-30 00:00:00,-0.00006144,10.79200000
1769760000000,2026-01-30 08:00:00,-0.00004996,10.60279459
1769788800001,2026-01-30 16:00:00,0.00002007,10.69726144
1769817600000,2026-01-31 00:00:00,0.00008192,10.59500000
1769846400001,2026-01-31 08:00:00,0.00004227,10.37700000
1769875200009,2026-01-31 16:00:00,-0.00001796,9.99800000
1769904000001,2026-02-01 00:00:00,-0.00000276,9.75700000
1769932800004,2026-02-01 08:00:00,-0.00001591,9.85800000
1769961600000,2026-02-01 16:00:00,0.00002453,9.56941938
1769990400000,2026-02-02 00:00:00,0.00001113,9.50297568
1770019200014,2026-02-02 08:00:00,0.00004005,9.46041802
1770048000000,2026-02-02 16:00:00,-0.00000505,9.86600000
1770076800000,2026-02-03 00:00:00,0.00003333,9.80700000
1770105600007,2026-02-03 08:00:00,-0.00002982,9.74900000
1770134400000,2026-02-03 16:00:00,0.00003146,9.80297198
1770163200002,2026-02-04 00:00:00,0.00006777,9.56611261
1770192000007,2026-02-04 08:00:00,0.00007392,9.71200000
1770220800000,2026-02-04 16:00:00,0.00001163,9.32038527
1770249600011,2026-02-05 00:00:00,0.00006476,9.33300000
1770278400000,2026-02-05 08:00:00,-0.00002413,9.11700000
1770307200007,2026-02-05 16:00:00,-0.00023811,8.53180081
1770336000000,2026-02-06 00:00:00,-0.00009544,8.04600000
1770364800001,2026-02-06 08:00:00,-0.00000663,8.16137234
1770393600000,2026-02-06 16:00:00,-0.00013071,8.64900000
1770422400003,2026-02-07 00:00:00,-0.00002413,8.82314486
1770451200000,2026-02-07 08:00:00,0.00003005,8.52822937
1770480000010,2026-02-07 16:00:00,0.00010000,8.67852135
1770508800003,2026-02-08 00:00:00,0.00004426,8.77504706
1770537600000,2026-02-08 08:00:00,-0.00000396,8.64900000
1770566400000,2026-02-08 16:00:00,-0.00004645,8.65700000
1770595200002,2026-02-09 00:00:00,-0.00003162,8.56578919
1770624000001,2026-02-09 08:00:00,-0.00000038,8.50510955
1770652800007,2026-02-09 16:00:00,-0.00005615,8.51200000
1770681600000,2026-02-10 00:00:00,0.00001417,8.59067234
1770710400007,2026-02-10 08:00:00,-0.00007547,8.37585315
1770739200000,2026-02-10 16:00:00,-0.00007436,8.37800000
1770768000000,2026-02-11 00:00:00,0.00001655,8.32900000
1770796800006,2026-02-11 08:00:00,-0.00008445,8.06723153
1770825600000,2026-02-11 16:00:00,-0.00009443,8.04900000
1770854400000,2026-02-12 00:00:00,-0.00002276,8.13417838
1770883200001,2026-02-12 08:00:00,0.00009641,8.34849694
1770912000001,2026-02-12 16:00:00,0.00000179,8.16400000
1770940800007,2026-02-13 00:00:00,0.00009805,8.23800000
1770969600003,2026-02-13 08:00:00,-0.00001068,8.17900000
1770998400005,2026-02-13 16:00:00,-0.00007343,8.40500000
1771027200002,2026-02-14 00:00:00,-0.00010567,8.52284550
1771056000004,2026-02-14 08:00:00,0.00002413,8.63417027
1771084800002,2026-02-14 16:00:00,0.00006712,8.91174967
1771113600000,2026-02-15 00:00:00,0.00000296,8.99300000
1771142400002,2026-02-15 08:00:00,0.00006524,9.12881892
1771171200000,2026-02-15 16:00:00,0.00001779,8.79000000
1771200000001,2026-02-16 00:00:00,0.00002388,8.73200000
1771228800003,2026-02-16 08:00:00,-0.00011198,8.70316856
1771257600000,2026-02-16 16:00:00,-0.00008961,8.65300000
1771286400008,2026-02-17 00:00:00,0.00004296,8.83238919
1771315200001,2026-02-17 08:00:00,0.00001057,8.75500000
1771344000002,2026-02-17 16:00:00,-0.00000722,8.68600000
1771372800000,2026-02-18 00:00:00,0.00003030,8.67600000
1771401600000,2026-02-18 08:00:00,0.00001380,8.73881295
1771430400011,2026-02-18 16:00:00,0.00003675,8.68200000
1771459200013,2026-02-19 00:00:00,-0.00005599,8.42708333
1771488000000,2026-02-19 08:00:00,0.00002179,8.44200000
1771516800003,2026-02-19 16:00:00,-0.00003548,8.21400000
1771545600000,2026-02-20 00:00:00,0.00002274,8.26800000
1771574400000,2026-02-20 08:00:00,-0.00018952,8.30105027
1771603200000,2026-02-20 16:00:00,-0.00004984,8.60827369
1771632000004,2026-02-21 00:00:00,0.00004340,8.74623784
1771660800000,2026-02-21 08:00:00,0.00006855,9.00500000
1771689600005,2026-02-21 16:00:00,0.00000765,9.32848024
1771718400001,2026-02-22 00:00:00,0.00000338,9.03500063
1771747200004,2026-02-22 08:00:00,-0.00017878,8.82600000
1771776000000,2026-02-22 16:00:00,-0.00009123,8.67136207
1771804800001,2026-02-23 00:00:00,-0.00016978,8.50900000
1771833600000,2026-02-23 08:00:00,-0.00017385,8.27600000
1771862400000,2026-02-23 16:00:00,0.00001552,8.41709550
1771891200007,2026-02-24 00:00:00,0.00000446,8.35627018
1771920000000,2026-02-24 08:00:00,-0.00008354,8.20605856
1771948800001,2026-02-24 16:00:00,-0.00010884,8.33000000
1771977600001,2026-02-25 00:00:00,0.00001135,8.28440000
1772006400007,2026-02-25 08:00:00,-0.00005968,8.36100000
1772035200000,2026-02-25 16:00:00,0.00010000,9.22261225
1772064000000,2026-02-26 00:00:00,0.00010000,9.15375405
1772092800006,2026-02-26 08:00:00,0.00006948,8.96422072
1772121600002,2026-02-26 16:00:00,0.00003631,8.86127225
1772150400007,2026-02-27 00:00:00,0.00009721,8.85415505
1772179200000,2026-02-27 08:00:00,0.00010000,9.02000000
1772208000001,2026-02-27 16:00:00,0.00003398,8.67120168
1772236800000,2026-02-28 00:00:00,0.00006733,8.63600000
1772265600000,2026-02-28 08:00:00,-0.00006305,8.29284306
1772294400004,2026-02-28 16:00:00,-0.00013699,8.30000000
1772323200005,2026-03-01 00:00:00,-0.00001817,8.67200000
1772352000000,2026-03-01 08:00:00,0.00001265,8.75900000
1772380800002,2026-03-01 16:00:00,0.00001133,8.62200000
1772409600001,2026-03-02 00:00:00,-0.00002298,8.47100000
1772438400007,2026-03-02 08:00:00,0.00002710,8.50700000
1772467200000,2026-03-02 16:00:00,0.00001994,8.86767108
1772496000000,2026-03-03 00:00:00,0.00004868,8.71700000
1772524800000,2026-03-03 08:00:00,-0.00007088,8.47700000
1772553600007,2026-03-03 16:00:00,-0.00006815,8.45163374
1772582400001,2026-03-04 00:00:00,-0.00001654,8.48700000
1772611200005,2026-03-04 08:00:00,0.00000775,8.47895180
1772640000000,2026-03-04 16:00:00,-0.00007671,8.86192432
1772668800000,2026-03-05 00:00:00,0.00008124,8.84482937
1772697600000,2026-03-05 08:00:00,-0.00001425,8.73003784
1772726400004,2026-03-05 16:00:00,0.00003393,8.67900000
1772755200001,2026-03-06 00:00:00,0.00008413,8.64759279
1772784000001,2026-03-06 08:00:00,0.00002506,8.69320721
1772812800004,2026-03-06 16:00:00,-0.00014970,8.21079351
1772841600001,2026-03-07 00:00:00,-0.00014762,8.24627477
1772870400012,2026-03-07 08:00:00,-0.00020757,8.17667568
1772899200001,2026-03-07 16:00:00,-0.00011499,8.14137658
1772928000001,2026-03-08 00:00:00,-0.00012559,8.11800000
1772956800000,2026-03-08 08:00:00,-0.00025515,8.08966937
1772985600002,2026-03-08 16:00:00,-0.00013025,8.01600000
1773014400000,2026-03-09 00:00:00,-0.00012511,7.98000000
1773043200004,2026-03-09 08:00:00,-0.00004715,8.10200000
1773072000003,2026-03-09 16:00:00,-0.00005217,8.19800000
1773100800012,2026-03-10 00:00:00,-0.00007074,8.15496937
1773129600002,2026-03-10 08:00:00,-0.00019831,8.27079189
1773158400001,2026-03-10 16:00:00,0.00006785,8.49200000
1773187200000,2026-03-11 00:00:00,-0.00002151,8.23373964
1773216000007,2026-03-11 08:00:00,-0.00007394,8.21100000
1773244800010,2026-03-11 16:00:00,0.00008979,8.28900000
1773273600000,2026-03-12 00:00:00,0.00001025,8.28000811
1773302400000,2026-03-12 08:00:00,-0.00016383,8.22500000
1773331200000,2026-03-12 16:00:00,-0.00027045,8.18368775
1773360000006,2026-03-13 00:00:00,-0.00003442,8.26300000
1773388800001,2026-03-13 08:00:00,0.00008576,8.37880559
1773417600000,2026-03-13 16:00:00,0.00010000,8.57023820
1773446400001,2026-03-14 00:00:00,0.00005358,8.47707703
1773475200000,2026-03-14 08:00:00,-0.00002599,8.28175270
1773504000007,2026-03-14 16:00:00,-0.00032644,8.22000000
1773532800000,2026-03-15 00:00:00,-0.00014032,8.24900000
1773561600000,2026-03-15 08:00:00,-0.00017219,8.27000000
1773590400000,2026-03-15 16:00:00,0.00005583,8.27813333
1773619200000,2026-03-16 00:00:00,0.00005419,8.47484829
1773648000010,2026-03-16 08:00:00,0.00010000,9.04600000
1773676800000,2026-03-16 16:00:00,0.00010000,8.81800000
1773705600000,2026-03-17 00:00:00,0.00010000,9.02300000
1773734400002,2026-03-17 08:00:00,0.00004457,8.87501081
1773763200011,2026-03-17 16:00:00,0.00010000,8.84523784
1773792000002,2026-03-18 00:00:00,0.00010000,8.85631532
1773820800002,2026-03-18 08:00:00,0.00006820,8.83700000
1773849600005,2026-03-18 16:00:00,-0.00010270,8.36052330
1773878400000,2026-03-19 00:00:00,0.00005443,8.50300000
1773907200003,2026-03-19 08:00:00,-0.00000631,8.37100000
1773936000003,2026-03-19 16:00:00,-0.00007203,8.29412554
1773964800002,2026-03-20 00:00:00,-0.00003761,8.34100000
1773993600000,2026-03-20 08:00:00,0.00010000,8.39844144
1774022400000,2026-03-20 16:00:00,-0.00001179,8.39483847
1774051200000,2026-03-21 00:00:00,0.00006874,8.39800000
1774080000000,2026-03-21 08:00:00,0.00007110,8.40700000
1774108800014,2026-03-21 16:00:00,0.00007654,8.44211892
1774137600012,2026-03-22 00:00:00,-0.00003709,8.16764045
1774166400007,2026-03-22 08:00:00,-0.00019257,8.15700000
1774195200002,2026-03-22 16:00:00,-0.00022399,8.12768018
1774224000000,2026-03-23 00:00:00,-0.00017883,8.02816514
1774252800003,2026-03-23 08:00:00,0.00001936,8.03500000
1774281600002,2026-03-23 16:00:00,0.00009923,8.39700000
1774310400000,2026-03-24 00:00:00,0.00010000,8.57800000
1774339200000,2026-03-24 08:00:00,0.00010000,8.51900000
1774368000003,2026-03-24 16:00:00,0.00001566,8.48700000
1774396800000,2026-03-25 00:00:00,0.00009674,8.65700000
1774425600000,2026-03-25 08:00:00,0.00010000,8.67900000
1774454400013,2026-03-25 16:00:00,0.00010000,8.66590000
1774483200001,2026-03-26 00:00:00,0.00000095,8.66500000
1774512000001,2026-03-26 08:00:00,0.00001807,8.46300000
1774540800000,2026-03-26 16:00:00,0.00001860,8.26600000
1774569600006,2026-03-27 00:00:00,0.00003083,8.20584483
1774598400000,2026-03-27 08:00:00,0.00005996,8.20800000
1774627200000,2026-03-27 16:00:00,-0.00026404,8.07700000
1774656000005,2026-03-28 00:00:00,-0.00003915,8.08800000
1774684800005,2026-03-28 08:00:00,-0.00006511,8.18170000
1774713600000,2026-03-28 16:00:00,-0.00000672,8.19326847
1774742400003,2026-03-29 00:00:00,-0.00013991,8.02754007
1774771200001,2026-03-29 08:00:00,-0.00019988,8.02031081
1774800000000,2026-03-29 16:00:00,-0.00017570,7.95400000
1774828800000,2026-03-30 00:00:00,-0.00005518,7.93400000
1774857600005,2026-03-30 08:00:00,0.00010000,8.31800000
1774886400000,2026-03-30 16:00:00,0.00010000,8.20000000
1774915200000,2026-03-31 00:00:00,0.00006492,8.06900000
1774944000000,2026-03-31 08:00:00,0.00005484,8.13200000
1774972800000,2026-03-31 16:00:00,0.00003558,8.06624492
1775001600000,2026-04-01 00:00:00,0.00001561,8.18334757
1775030400000,2026-04-01 08:00:00,0.00008836,8.31028751
1775059200000,2026-04-01 16:00:00,0.00006414,8.26400000
1775088000003,2026-04-02 00:00:00,0.00005637,8.18900419
1775116800001,2026-04-02 08:00:00,-0.00024150,7.98300000
1775145600001,2026-04-02 16:00:00,-0.00019399,7.87400000
1775174400000,2026-04-03 00:00:00,-0.00014596,7.86439820
1775203200008,2026-04-03 08:00:00,-0.00010297,7.99886216
1775232000008,2026-04-03 16:00:00,0.00003992,8.04787207
1775260800000,2026-04-04 00:00:00,0.00007192,8.08000000
1775289600003,2026-04-04 08:00:00,0.00010000,8.23800000
1775318400000,2026-04-04 16:00:00,0.00010000,8.44025045
1775347200008,2026-04-05 00:00:00,0.00010000,8.61820649
1775376000000,2026-04-05 08:00:00,0.00010000,8.45197568
1775404800001,2026-04-05 16:00:00,0.00010000,8.53002252
1775433600004,2026-04-06 00:00:00,0.00010000,8.72700000
1775462400001,2026-04-06 08:00:00,0.00010000,8.69165045
1775491200003,2026-04-06 16:00:00,0.00008337,8.59500000
1775520000000,2026-04-07 00:00:00,0.00005805,8.42300000
1775548800000,2026-04-07 08:00:00,-0.00007280,8.18748416
1775577600000,2026-04-07 16:00:00,-0.00002398,8.30800000
1775606400000,2026-04-08 00:00:00,0.00010000,8.85435901
1775635200000,2026-04-08 08:00:00,0.00010000,8.77800000
1775664000006,2026-04-08 16:00:00,0.00005447,8.51231081
1775692800000,2026-04-09 00:00:00,-0.00003257,8.41414911
1775721600010,2026-04-09 08:00:00,0.00009328,8.40514865
1775750400001,2026-04-09 16:00:00,0.00000295,8.38100000
1775779200000,2026-04-10 00:00:00,0.00004666,8.43300000
1775808000005,2026-04-10 08:00:00,0.00010000,8.46112432
1775836800000,2026-04-10 16:00:00,0.00003089,8.45600000
1775865600000,2026-04-11 00:00:00,-0.00000757,8.48900000
1775894400000,2026-04-11 08:00:00,-0.00002596,8.35832838
1775923200003,2026-04-11 16:00:00,0.00001195,8.32657838
1775952000000,2026-04-12 00:00:00,0.00010000,8.43050000
1775980800000,2026-04-12 08:00:00,-0.00012113,8.20821109
1776009600000,2026-04-12 16:00:00,-0.00021026,8.11590090
1776038400011,2026-04-13 00:00:00,-0.00007511,8.12300000
1776067200006,2026-04-13 08:00:00,0.00007448,8.19000000
1776096000000,2026-04-13 16:00:00,0.00004562,8.15869459
1776124800005,2026-04-14 00:00:00,0.00010000,8.60500000
1776153600003,2026-04-14 08:00:00,0.00010000,8.43800000
1776182400001,2026-04-14 16:00:00,0.00010000,8.37233514
1776211200000,2026-04-15 00:00:00,-0.00001885,8.30630495
1776240000000,2026-04-15 08:00:00,-0.00004584,8.27400000
1776268800000,2026-04-15 16:00:00,0.00010000,8.39792162
1776297600013,2026-04-16 00:00:00,0.00010000,8.44894548
1776326400000,2026-04-16 08:00:00,0.00010000,8.54900000
1776355200000,2026-04-16 16:00:00,0.00010000,8.61471081
1776384000001,2026-04-17 00:00:00,0.00010000,8.74709730
1776412800011,2026-04-17 08:00:00,0.00010000,8.67600000
1776441600001,2026-04-17 16:00:00,0.00010000,8.77076216
1776470400001,2026-04-18 00:00:00,0.00003913,8.77042162
1776499200006,2026-04-18 08:00:00,0.00006659,8.72600000
1776528000000,2026-04-18 16:00:00,-0.00001977,8.55854369
1776556800002,2026-04-19 00:00:00,0.00004941,8.49968874
1776585600010,2026-04-19 08:00:00,-0.00007078,8.34886766
1776614400001,2026-04-19 16:00:00,0.00006655,8.46054595
1776643200000,2026-04-20 00:00:00,-0.00019557,8.22749234
1776672000000,2026-04-20 08:00:00,0.00010000,8.39733829
1776700800001,2026-04-20 16:00:00,-0.00002987,8.38300000
1776729600000,2026-04-21 00:00:00,0.00003313,8.38650000
1776758400004,2026-04-21 08:00:00,0.00006894,8.43412243
1776787200004,2026-04-21 16:00:00,0.00010000,8.46700000
1776816000004,2026-04-22 00:00:00,-0.00005503,8.43234369
1776844800000,2026-04-22 08:00:00,0.00010000,8.65125396
1776873600000,2026-04-22 16:00:00,0.00010000,8.65828938
1776902400000,2026-04-23 00:00:00,-0.00005044,8.43833784
1776931200000,2026-04-23 08:00:00,-0.00005673,8.44300000
1776960000004,2026-04-23 16:00:00,0.00003663,8.53000000
1776988800006,2026-04-24 00:00:00,0.00010000,8.51000000
1777017600000,2026-04-24 08:00:00,0.00000977,8.46071892
1777046400000,2026-04-24 16:00:00,0.00010000,8.59700000
1777075200000,2026-04-25 00:00:00,0.00010000,8.52456847
1777104000002,2026-04-25 08:00:00,0.00010000,8.52800000
1777132800002,2026-04-25 16:00:00,0.00006452,8.46342613
1777161600003,2026-04-26 00:00:00,-0.00000849,8.43927658
1777190400007,2026-04-26 08:00:00,0.00004848,8.46000000
1777219200004,2026-04-26 16:00:00,0.00003105,8.46881171
1777248000004,2026-04-27 00:00:00,0.00005551,8.52476757
1777276800000,2026-04-27 08:00:00,-0.00008682,8.35212027
1777305600002,2026-04-27 16:00:00,-0.00009304,8.28681622
1777334400001,2026-04-28 00:00:00,-0.00014387,8.38700000
1777363200000,2026-04-28 08:00:00,0.00004755,8.39650270
1777392000004,2026-04-28 16:00:00,0.00006719,8.38500000
1777420800006,2026-04-29 00:00:00,0.00010000,8.39409279
1777449600011,2026-04-29 08:00:00,0.00004408,8.47838829
1777478400003,2026-04-29 16:00:00,-0.00007969,8.29429264
1777507200002,2026-04-30 00:00:00,-0.00009291,8.33600000
1777536000000,2026-04-30 08:00:00,-0.00000813,8.34700000
1777564800000,2026-04-30 16:00:00,0.00004142,8.41490991
1777593600000,2026-05-01 00:00:00,0.00003330,8.34375045
1777622400005,2026-05-01 08:00:00,0.00008718,8.37600000
1777651200000,2026-05-01 16:00:00,0.00010000,8.48400000
1777680000006,2026-05-02 00:00:00,0.00000663,8.40600000
1777708800000,2026-05-02 08:00:00,-0.00001000,8.43300000
1777737600010,2026-05-02 16:00:00,0.00010000,8.51100000
1777766400005,2026-05-03 00:00:00,0.00010000,8.52500000
1777795200003,2026-05-03 08:00:00,0.00009661,8.45000000
1777824000000,2026-05-03 16:00:00,0.00004804,8.47000000
1777852800000,2026-05-04 00:00:00,0.00010000,8.48000000
1777881600000,2026-05-04 08:00:00,0.00010000,8.66366297
1777910400003,2026-05-04 16:00:00,0.00000222,8.67267928
1777939200000,2026-05-05 00:00:00,0.00010000,8.68213784
1777968000011,2026-05-05 08:00:00,0.00010000,8.81746036
1777996800000,2026-05-05 16:00:00,0.00010000,8.90400000
1778025600010,2026-05-06 00:00:00,0.00007950,9.01135946
1778054400000,2026-05-06 08:00:00,0.00010000,9.25000000
1778083200002,2026-05-06 16:00:00,0.00010000,9.44208018
1778112000000,2026-05-07 00:00:00,0.00007836,9.39036021
1778140800000,2026-05-07 08:00:00,0.00010000,9.30170000
1778169600004,2026-05-07 16:00:00,0.00010000,9.19983649
1778198400003,2026-05-08 00:00:00,0.00007572,9.22300000
1778227200002,2026-05-08 08:00:00,0.00010000,9.36113288
1778256000003,2026-05-08 16:00:00,0.00003820,9.62242360
1778284800000,2026-05-09 00:00:00,0.00010000,9.77696365
1778313600001,2026-05-09 08:00:00,0.00010000,9.72687745
1778342400002,2026-05-09 16:00:00,0.00010000,9.47700000
1778371200003,2026-05-10 00:00:00,-0.00018579,9.58297297
1778400000000,2026-05-10 08:00:00,0.00010000,9.66814865
1778428800000,2026-05-10 16:00:00,0.00010000,9.70100000
1778457600000,2026-05-11 00:00:00,0.00005520,9.97100000
1778486400000,2026-05-11 08:00:00,0.00010000,9.74010180
1778515200000,2026-05-11 16:00:00,0.00004675,9.74100000
1778544000002,2026-05-12 00:00:00,0.00010000,9.77006216
1778572800008,2026-05-12 08:00:00,0.00006443,9.57194688
1778601600000,2026-05-12 16:00:00,0.00004630,9.27154685
1778630400010,2026-05-13 00:00:00,0.00005786,9.38810000
1778659200003,2026-05-13 08:00:00,0.00009416,9.44258481
1778688000001,2026-05-13 16:00:00,0.00002650,9.13681207
1778716800005,2026-05-14 00:00:00,0.00001316,9.24600000
1778745600000,2026-05-14 08:00:00,0.00006266,9.23430615
1778774400000,2026-05-14 16:00:00,0.00010000,9.45300000
1778803200000,2026-05-15 00:00:00,-0.00002290,9.46700000
1778832000016,2026-05-15 08:00:00,0.00008311,9.40048919
1778860800012,2026-05-15 16:00:00,-0.00011634,9.02300000
1778889600005,2026-05-16 00:00:00,0.00000962,9.23900000
1778918400000,2026-05-16 08:00:00,-0.00007279,8.92364144
1778947200005,2026-05-16 16:00:00,-0.00002845,8.99800000
1778976000000,2026-05-17 00:00:00,0.00000093,9.03730149
1779004800010,2026-05-17 08:00:00,0.00007492,9.09300000
1779033600009,2026-05-17 16:00:00,0.00004888,9.01204054
1779062400007,2026-05-18 00:00:00,0.00001255,8.86231216
1779091200002,2026-05-18 08:00:00,0.00010000,8.80100000
1779120000007,2026-05-18 16:00:00,0.00002473,8.68000000
1779148800001,2026-05-19 00:00:00,0.00001238,8.93100000
1779177600001,2026-05-19 08:00:00,0.00010000,8.97173333
1779206400009,2026-05-19 16:00:00,-0.00005795,8.83800000
1779235200001,2026-05-20 00:00:00,0.00002116,8.96200000
1779264000006,2026-05-20 08:00:00,0.00003253,9.02100000
1779292800000,2026-05-20 16:00:00,0.00010000,9.07891081
1779321600001,2026-05-21 00:00:00,0.00010000,8.99600000
1779350400000,2026-05-21 08:00:00,0.00010000,9.03660000
1779379200000,2026-05-21 16:00:00,-0.00000226,8.91200000
1779408000000,2026-05-22 00:00:00,0.00003427,8.96800000
1779436800004,2026-05-22 08:00:00,0.00003558,9.14300000
1779465600001,2026-05-22 16:00:00,0.00010000,9.12862432
1779494400009,2026-05-23 00:00:00,-0.00003761,8.77500000
1779523200001,2026-05-23 08:00:00,-0.00010723,8.67334910
1779552000003,2026-05-23 16:00:00,0.00000633,8.85800000
1779580800011,2026-05-24 00:00:00,0.00009863,8.99500000
1779609600008,2026-05-24 08:00:00,0.00003980,8.98881261
1779638400000,2026-05-24 16:00:00,-0.00002658,8.93600000
1779667200001,2026-05-25 00:00:00,-0.00000058,8.90359910
1779696000001,2026-05-25 08:00:00,0.00010000,9.01326847
1779724800001,2026-05-25 16:00:00,0.00010000,9.03393604
1779753600000,2026-05-26 00:00:00,0.00010000,8.93367241
1779782400003,2026-05-26 08:00:00,-0.00001747,8.84590541
1779811200000,2026-05-26 16:00:00,-0.00002775,8.80232523
1779840000000,2026-05-27 00:00:00,0.00005239,8.62488198
1779868800004,2026-05-27 08:00:00,-0.00001160,8.64795495
1779897600009,2026-05-27 16:00:00,0.00001331,8.67000000
1779926400001,2026-05-28 00:00:00,0.00003052,8.44571532
1779955200000,2026-05-28 08:00:00,-0.00012916,8.21100000
1779984000001,2026-05-28 16:00:00,-0.00012594,8.14100000
1780012800000,2026-05-29 00:00:00,0.00003417,8.24557568
1780041600001,2026-05-29 08:00:00,0.00003501,8.21700000
1780070400008,2026-05-29 16:00:00,-0.00004173,8.23714730
1780099200000,2026-05-30 00:00:00,0.00002766,8.19800000
1780128000001,2026-05-30 08:00:00,0.00000902,8.25700000
1780156800000,2026-05-30 16:00:00,-0.00004015,8.23600000
1780185600000,2026-05-31 00:00:00,-0.00005188,8.20900000
1780214400000,2026-05-31 08:00:00,-0.00000606,8.20100000
1780243200004,2026-05-31 16:00:00,0.00004888,8.09900000
1780272000001,2026-06-01 00:00:00,0.00006424,8.18100000
1780300800001,2026-06-01 08:00:00,-0.00002309,8.02536667
1780329600000,2026-06-01 16:00:00,-0.00003929,7.99100000
1780358400000,2026-06-02 00:00:00,-0.00001056,8.08600000
1780387200000,2026-06-02 08:00:00,-0.00001271,7.99000000
1780416000000,2026-06-02 16:00:00,-0.00000516,7.71967568
1780444800013,2026-06-03 00:00:00,-0.00014324,7.60000000
1780473600000,2026-06-03 08:00:00,-0.00003422,7.88858018
1780502400001,2026-06-03 16:00:00,0.00010000,7.81900000
1780531200009,2026-06-04 00:00:00,0.00002597,7.71100000
1780560000000,2026-06-04 08:00:00,-0.00002481,7.37738829
1780588800003,2026-06-04 16:00:00,-0.00006814,7.45300000
1780617600000,2026-06-05 00:00:00,-0.00005130,7.26779077
1780646400004,2026-06-05 08:00:00,-0.00008683,6.98967117
1780675200009,2026-06-05 16:00:00,-0.00004354,6.73164919
1780704000000,2026-06-06 00:00:00,-0.00006826,6.80452387
1780732800000,2026-06-06 08:00:00,-0.00005030,6.77318829
1780761600000,2026-06-06 16:00:00,-0.00002678,6.78000000
1780790400001,2026-06-07 00:00:00,-0.00000674,6.78700000
1780819200000,2026-06-07 08:00:00,0.00004045,7.04900000
1780848000000,2026-06-07 16:00:00,0.00001342,7.01810811
1780876800000,2026-06-08 00:00:00,0.00001297,7.10700000
1780905600005,2026-06-08 08:00:00,0.00003288,7.06500000
1780934400004,2026-06-08 16:00:00,0.00001815,7.15400000
1780963200000,2026-06-09 00:00:00,0.00000131,7.10426577
1780992000000,2026-06-09 08:00:00,0.00004848,7.05700000
1781020800001,2026-06-09 16:00:00,-0.00001009,6.90964234
1781049600001,2026-06-10 00:00:00,0.00006929,6.99886719
1781078400011,2026-06-10 08:00:00,0.00000235,6.95509640
1781107200009,2026-06-10 16:00:00,-0.00006336,7.04700000
1781136000000,2026-06-11 00:00:00,-0.00006281,6.95472162
1781164800004,2026-06-11 08:00:00,0.00010000,7.08100000
1781193600000,2026-06-11 16:00:00,0.00010000,7.12820901
1781222400000,2026-06-12 00:00:00,0.00002617,7.24200000
1781251200000,2026-06-12 08:00:00,0.00010000,7.21470000
1781280000000,2026-06-12 16:00:00,0.00010000,7.20900000
1781308800000,2026-06-13 00:00:00,0.00010000,7.14300000
1781337600007,2026-06-13 08:00:00,0.00010000,7.18200000
1781366400002,2026-06-13 16:00:00,0.00003482,7.21800000
1781395200005,2026-06-14 00:00:00,0.00002820,7.18395014
1781424000009,2026-06-14 08:00:00,0.00000842,7.09900000
1781452800000,2026-06-14 16:00:00,0.00006967,7.00300000
1781481600013,2026-06-15 00:00:00,-0.00011155,7.21200000
1781510400013,2026-06-15 08:00:00,0.00010000,7.25893784
1781539200004,2026-06-15 16:00:00,0.00010000,7.52900000
1781568000000,2026-06-16 00:00:00,0.00002476,7.41200000
1781596800000,2026-06-16 08:00:00,0.00006500,7.39020000
1781625600001,2026-06-16 16:00:00,-0.00002635,7.31638667
1781654400012,2026-06-17 00:00:00,0.00010000,7.37386667
1781683200000,2026-06-17 08:00:00,0.00010000,7.38315658
1781712000000,2026-06-17 16:00:00,0.00010000,7.44600000
1781740800002,2026-06-18 00:00:00,0.00001529,7.31583514
1781769600000,2026-06-18 08:00:00,0.00003415,7.18570360
1781798400001,2026-06-18 16:00:00,-0.00013631,6.98615964
1781827200005,2026-06-19 00:00:00,0.00006091,7.21000000
1781856000001,2026-06-19 08:00:00,-0.00011924,7.10057027
1781884800001,2026-06-19 16:00:00,0.00010000,7.39717568
1781913600001,2026-06-20 00:00:00,0.00010000,7.60300000
1781942400000,2026-06-20 08:00:00,0.00010000,7.51986396
1781971200001,2026-06-20 16:00:00,0.00010000,7.57085865
1782000000000,2026-06-21 00:00:00,0.00003584,7.45475991
1782028800000,2026-06-21 08:00:00,0.00001939,7.40100000
1782057600000,2026-06-21 16:00:00,0.00003142,7.38200000
1782086400000,2026-06-22 00:00:00,0.00000707,7.29498835
1782115200000,2026-06-22 08:00:00,-0.00004023,7.31800000
1782144000002,2026-06-22 16:00:00,0.00003576,7.29500000
1782172800003,2026-06-23 00:00:00,0.00004596,7.17100000
1782201600005,2026-06-23 08:00:00,-0.00002691,7.00400000
1782230400002,2026-06-23 16:00:00,-0.00000986,6.91735757
1782259200005,2026-06-24 00:00:00,-0.00008998,7.06000000
1782288000005,2026-06-24 08:00:00,0.00010000,7.06987027
1782316800003,2026-06-24 16:00:00,-0.00000267,6.81200000
1782345600000,2026-06-25 00:00:00,-0.00018810,6.98800000
1782374400000,2026-06-25 08:00:00,0.00010000,7.14095853
1782403200000,2026-06-25 16:00:00,0.00003683,6.92908559
1782432000010,2026-06-26 00:00:00,0.00004469,7.02600000
1782460800002,2026-06-26 08:00:00,0.00010000,7.02376396
1782489600000,2026-06-26 16:00:00,-0.00001442,7.12257387
1782518400000,2026-06-27 00:00:00,0.00010000,7.24800000
1782547200000,2026-06-27 08:00:00,0.00010000,7.29589748
1782576000009,2026-06-27 16:00:00,0.00010000,7.26890000
1782604800000,2026-06-28 00:00:00,0.00003914,7.11000000
1782633600013,2026-06-28 08:00:00,0.00004755,7.10800000
1782662400000,2026-06-28 16:00:00,0.00004255,7.02800000
1782691200006,2026-06-29 00:00:00,0.00004871,7.04900000
1782720000013,2026-06-29 08:00:00,0.00006255,7.04600000
1782748800004,2026-06-29 16:00:00,0.00003707,7.03400000
1782777600000,2026-06-30 00:00:00,0.00003996,7.13800000
1782806400000,2026-06-30 08:00:00,0.00002877,7.01700000
1782835200005,2026-06-30 16:00:00,0.00003942,6.96900000
1782864000000,2026-07-01 00:00:00,0.00002821,6.88890000
1782892800000,2026-07-01 08:00:00,0.00003512,6.85940180
1782921600000,2026-07-01 16:00:00,-0.00000119,7.01400000
1782950400000,2026-07-02 00:00:00,0.00009476,7.00675045
1782979200000,2026-07-02 08:00:00,0.00010000,7.02862162
1783008000000,2026-07-02 16:00:00,0.00006243,7.11291351
1783036800000,2026-07-03 00:00:00,0.00000843,7.07000000
1783065600007,2026-07-03 08:00:00,0.00010000,7.10700000
1783094400000,2026-07-03 16:00:00,0.00010000,7.18250270
1783123200000,2026-07-04 00:00:00,0.00010000,7.22799550
1783152000000,2026-07-04 08:00:00,0.00010000,7.15397838
1783180800007,2026-07-04 16:00:00,0.00010000,7.35260405
1783209600003,2026-07-05 00:00:00,0.00010000,7.26100000
1783238400001,2026-07-05 08:00:00,0.00001808,7.10300000
1783267200000,2026-07-05 16:00:00,0.00002640,7.17223874
1783296000000,2026-07-06 00:00:00,0.00007465,7.23840000
1783324800000,2026-07-06 08:00:00,-0.00000627,7.09900000
1783353600000,2026-07-06 16:00:00,0.00002939,7.16100000
1783382400000,2026-07-07 00:00:00,0.00000417,7.11000000
1783411200000,2026-07-07 08:00:00,0.00010000,7.02400000
1783440000000,2026-07-07 16:00:00,0.00003695,7.04400000
1783468800000,2026-07-08 00:00:00,0.00002353,6.96100000
1783497600000,2026-07-08 08:00:00,0.00002456,6.91700000
1783526400000,2026-07-08 16:00:00,0.00005931,6.85048136
1783555200000,2026-07-09 00:00:00,0.00004861,6.89900000
1783584000001,2026-07-09 08:00:00,0.00008753,7.01557207
1783612800001,2026-07-09 16:00:00,0.00010000,7.00269189
1783641600000,2026-07-10 00:00:00,0.00004587,7.03276757
1783670400005,2026-07-10 08:00:00,0.00010000,7.04370541
1783699200005,2026-07-10 16:00:00,0.00009430,7.08000000
1783728000000,2026-07-11 00:00:00,-0.00000083,7.05462703
1783756800000,2026-07-11 08:00:00,0.00010000,7.09000000
1783785600000,2026-07-11 16:00:00,0.00010000,7.10000676
1783814400000,2026-07-12 00:00:00,0.00010000,6.95011802
1783843200003,2026-07-12 08:00:00,-0.00011479,6.85716667
1783872000000,2026-07-12 16:00:00,0.00004222,6.93306216
1783900800000,2026-07-13 00:00:00,-0.00010692,6.84461982
1783929600001,2026-07-13 08:00:00,0.00006184,6.96300000
1783958400004,2026-07-13 16:00:00,0.00004299,6.92654685
1783987200000,2026-07-14 00:00:00,0.00002125,6.87900000
1784016000002,2026-07-14 08:00:00,0.00004976,6.90526378
1784044800001,2026-07-14 16:00:00,-0.00001933,7.06100000
1784073600005,2026-07-15 00:00:00,0.00010000,7.09200000
1784102400002,2026-07-15 08:00:00,0.00010000,7.00252883
1784131200000,2026-07-15 16:00:00,0.00003371,7.12700000
1784160000000,2026-07-16 00:00:00,0.00010000,7.08121202
1784188800003,2026-07-16 08:00:00,0.00007946,7.03800000
1784217600002,2026-07-16 16:00:00,0.00003751,7.02820901
1784246400000,2026-07-17 00:00:00,0.00010000,6.93500000
1784275200010,2026-07-17 08:00:00,-0.00002136,6.88827459
1784304000004,2026-07-17 16:00:00,0.00002046,7.03265405
1784332800000,2026-07-18 00:00:00,0.00004834,7.03750000
1784361600000,2026-07-18 08:00:00,0.00010000,7.06076216
1784390400001,2026-07-18 16:00:00,0.00000468,6.99568198
1784419200003,2026-07-19 00:00:00,0.00004902,7.01000000
1784448000000,2026-07-19 08:00:00,0.00010000,6.96654595
1784476800001,2026-07-19 16:00:00,-0.00014646,6.90882432
1784505600000,2026-07-20 00:00:00,0.00002834,6.95300000
1784534400001,2026-07-20 08:00:00,-0.00024971,6.79400000
1784563200004,2026-07-20 16:00:00,-0.00011071,6.93700000
1784592000001,2026-07-21 00:00:00,0.00010000,6.92136306
1784620800000,2026-07-21 08:00:00,0.00010000,7.02416757
1784649600002,2026-07-21 16:00:00,0.00005971,6.99028378
1784678400000,2026-07-22 00:00:00,-0.00007945,6.99400000
1784707200000,2026-07-22 08:00:00,0.00006915,6.93471622
1784736000001,2026-07-22 16:00:00,0.00005417,7.01100000
1784764800000,2026-07-23 00:00:00,0.00002469,6.94024865
1784793600000,2026-07-23 08:00:00,-0.00009500,6.90600000
1784822400000,2026-07-23 16:00:00,0.00005366,6.84700000
1784851200000,2026-07-24 00:00:00,0.00000115,6.82433910
1784880000000,2026-07-24 08:00:00,-0.00006895,6.76337658
1784908800008,2026-07-24 16:00:00,-0.00024932,6.65901351
1784937600002,2026-07-25 00:00:00,-0.00017482,6.55841982
1784966400000,2026-07-25 08:00:00,-0.00006141,6.59400000
1784995200000,2026-07-25 16:00:00,0.00002260,6.62200000
1785024000000,2026-07-26 00:00:00,0.00000733,6.70000000
1785052800002,2026-07-26 08:00:00,0.00010000,7.03033514
1785081600000,2026-07-26 16:00:00,0.00010000,6.96500000
1785110400010,2026-07-27 00:00:00,0.00010000,7.09971081
1785139200000,2026-07-27 08:00:00,0.00010000,6.99691333
1785168000001,2026-07-27 16:00:00,0.00010000,6.90141351
1785196800000,2026-07-28 00:00:00,0.00007979,6.78497477
1785225600000,2026-07-28 08:00:00,0.00010000,6.72825676
1785254400000,2026-07-28 16:00:00,-0.00007033,6.77786757
1785283200000,2026-07-29 00:00:00,0.00002847,6.75299613
1785312000002,2026-07-29 08:00:00,0.00010000,6.71252793
1785340800000,2026-07-29 16:00:00,0.00000559,6.65299910
1785369600000,2026-07-30 00:00:00,-0.00004792,6.68200000
1785398400000,2026-07-30 08:00:00,0.00003289,6.74000000
1785427200000,2026-07-30 16:00:00,0.00010000,6.77600000
1785456000003,2026-07-31 00:00:00,0.00010000,6.76642883
1785484800000,2026-07-31 08:00:00,0.00002337,6.66900000
1785513600000,2026-07-31 16:00:00,-0.00007470,6.61877207
1785542400001,2026-08-01 00:00:00,-0.00010994,6.60500000
1785571200000,2026-08-01 08:00:00,0.00010000,6.65825676
1785600000000,2026-08-01 16:00:00,0.00010000,6.57500000
1785628800000,2026-08-02 00:00:00,-0.00013974,6.51316757
1785657600000,2026-08-02 08:00:00,0.00010000,6.66500000
1785686400000,2026-08-02 16:00:00,0.00010000,6.61800000
1785715200000,2026-08-03 00:00:00,0.00006763,6.62150000
1785744000000,2026-08-03 08:00:00,-0.00000906,6.54647838
1785772800000,2026-08-03 16:00:00,0.00004727,6.62100000
1785801600004,2026-08-04 00:00:00,0.00010000,6.59200000
1785830400002,2026-08-04 08:00:00,0.00007083,6.60408108
1785859200000,2026-08-04 16:00:00,0.00005557,6.57719279
1785888000003,2026-08-05 00:00:00,0.00010000,6.58281532
1785916800004,2026-08-05 08:00:00,0.00010000,6.49115766
1785945600000,2026-08-05 16:00:00,0.00008550,6.43600000
1785974400002,2026-08-06 00:00:00,-0.00004255,6.51550000
1786003200000,2026-08-06 08:00:00,0.00010000,6.51000000
1786032000000,2026-08-06 16:00:00,-0.00008459,6.40621892
1786060800000,2026-08-07 00:00:00,-0.00001519,6.50017297
1786089600000,2026-08-07 08:00:00,0.00008988,6.52865946
1786118400000,2026-08-07 16:00:00,-0.00008209,6.49200000
1786147200001,2026-08-08 00:00:00,0.00000459,6.48231081
1786176000000,2026-08-08 08:00:00,-0.00007314,6.51106667
1786204800002,2026-08-08 16:00:00,0.00010000,6.54920270
1786233600000,2026-08-09 00:00:00,0.00010000,6.50747117
1786262400005,2026-08-09 08:00:00,0.00010000,6.49562973
1786291200000,2026-08-09 16:00:00,0.00010000,6.52251892
1786320000001,2026-08-10 00:00:00,-0.00009569,6.41650486
1786348800005,2026-08-10 08:00:00,0.00010000,6.52280541
1786377600000,2026-08-10 16:00:00,0.00010000,6.46207297
1786406400000,2026-08-11 00:00:00,0.00008049,6.39444144
1786435200006,2026-08-11 08:00:00,-0.00015279,6.39500000
1786464000000,2026-08-11 16:00:00,0.00001712,6.30712973
1786492800001,2026-08-12 00:00:00,0.00001001,6.37500000
1786521600000,2026-08-12 08:00:00,0.00001128,6.33109099
1786550400000,2026-08-12 16:00:00,0.00010000,6.34190000
1786579200000,2026-08-13 00:00:00,0.00001981,6.24100000
1786608000000,2026-08-13 08:00:00,0.00010000,6.28100000
1786636800000,2026-08-13 16:00:00,0.00008539,6.22500000
1786665600000,2026-08-14 00:00:00,0.00005216,6.24095946
1786694400001,2026-08-14 08:00:00,0.00003151,6.13900000
1786723200001,2026-08-14 16:00:00,-0.00015939,6.16168198
1786752000003,2026-08-15 00:00:00,0.00002552,6.21100000
1786780800002,2026-08-15 08:00:00,0.00010000,6.23000000
1786809600000,2026-08-15 16:00:00,0.00010000,6.26150000
1786838400000,2026-08-16 00:00:00,-0.00001570,6.21000000
1786867200002,2026-08-16 08:00:00,0.00010000,6.17270270
1786896000000,2026-08-16 16:00:00,0.00001200,6.20000000
1786924800001,2026-08-17 00:00:00,-0.00018080,6.10331622
1786953600003,2026-08-17 08:00:00,0.00010000,6.19452973
1786982400005,2026-08-17 16:00:00,0.00010000,6.19200000
1787011200006,2026-08-18 00:00:00,0.00010000,6.19050000
1787040000001,2026-08-18 08:00:00,-0.00009939,6.03689414
1787068800003,2026-08-18 16:00:00,-0.00004014,6.07900000
1787097600000,2026-08-19 00:00:00,-0.00003141,6.07600000
1787126400000,2026-08-19 08:00:00,0.00010000,6.11151081
1787155200004,2026-08-19 16:00:00,0.00004870,6.26415135
1787184000001,2026-08-20 00:00:00,0.00000510,6.53114955
1787212800000,2026-08-20 08:00:00,0.00010000,6.59021351
1787241600005,2026-08-20 16:00:00,0.00007003,6.85000000
1787270400004,2026-08-21 00:00:00,0.00010000,6.94946486
1787299200000,2026-08-21 08:00:00,0.00010000,7.27167838
1787328000001,2026-08-21 16:00:00,0.00010000,7.47374955
1787356800000,2026-08-22 00:00:00,0.00010000,8.35071622
1787385600000,2026-08-22 08:00:00,0.00010000,8.22900000
1787414400000,2026-08-22 16:00:00,0.00010000,7.80819804
