open_time,open_time_dt,open,high,low,close,volume,close_time,close_time_dt,quote_volume,trades_count,taker_buy_base,taker_buy_quote
1718236800000,2024-06-13 00:00:00,6.735,6.741,6.334,6.357,19298090.3,1718323199999,2024-06-13 23:59:59,125279199.4589,416242,9353768.0,60720035.5238
1718323200000,2024-06-14 00:00:00,6.358,6.486,5.950,6.160,26973335.6,1718409599999,2024-06-14 23:59:59,168602265.0918,456584,13116447.6,82012841.3820
1718409600000,2024-06-15 00:00:00,6.160,6.256,6.104,6.219,10608792.0,1718495999999,2024-06-15 23:59:59,65719525.0985,203532,5305792.0,32863453.2744
1718496000000,2024-06-16 00:00:00,6.220,6.422,6.144,6.393,12819503.0,1718582399999,2024-06-16 23:59:59,80453257.2416,229538,6314158.9,39636479.3952
1718582400000,2024-06-17 00:00:00,6.393,6.415,5.976,6.065,24202883.8,1718668799999,2024-06-17 23:59:59,149972152.6343,423731,12127943.3,75121917.3276
1718668800000,2024-06-18 00:00:00,6.065,6.085,5.400,5.767,44292939.8,1718755199999,2024-06-18 23:59:59,254790325.5045,662194,21700757.3,124849777.0718
1718755200000,2024-06-19 00:00:00,5.768,5.990,5.726,5.793,22366595.9,1718841599999,2024-06-19 23:59:59,131290533.1166,382286,11293661.0,66305289.4660
1718841600000,2024-06-20 00:00:00,5.793,5.971,5.593,5.639,25145437.8,1718927999999,2024-06-20 23:59:59,145333477.7553,401743,12362043.5,71442934.3381
1718928000000,2024-06-21 00:00:00,5.638,5.734,5.545,5.608,22785311.8,1719014399999,2024-06-21 23:59:59,128640954.2148,371465,11116944.0,62776337.9190
1719014400000,2024-06-22 00:00:00,5.608,5.800,5.537,5.748,13487497.0,1719100799999,2024-06-22 23:59:59,76694451.4434,247675,6568915.1,37360717.1315
1719100800000,2024-06-23 00:00:00,5.749,5.814,5.562,5.649,13633941.6,1719187199999,2024-06-23 23:59:59,77934635.1252,231491,6787954.6,38792902.5701
1719187200000,2024-06-24 00:00:00,5.648,5.736,5.338,5.725,33163874.3,1719273599999,2024-06-24 23:59:59,185806418.1367,554207,16271758.9,91160019.9923
1719273600000,2024-06-25 00:00:00,5.725,5.970,5.702,5.839,16446296.8,1719359999999,2024-06-25 23:59:59,95922825.1865,310813,8161346.3,47596532.9999
1719360000000,2024-06-26 00:00:00,5.839,5.944,5.740,5.797,15298636.6,1719446399999,2024-06-26 23:59:59,89396915.9269,256889,7773761.6,45424841.7819
1719446400000,2024-06-27 00:00:00,5.796,6.376,5.702,6.285,28082793.3,1719532799999,2024-06-27 23:59:59,171372044.0908,448967,14216375.5,86691047.8082
1719532800000,2024-06-28 00:00:00,6.286,6.437,6.158,6.189,26024952.2,1719619199999,2024-06-28 23:59:59,164169480.7918,454059,13275759.8,83768492.1745
1719619200000,2024-06-29 00:00:00,6.189,6.305,6.062,6.080,11379913.7,1719705599999,2024-06-29 23:59:59,70069142.1354,225909,5826603.4,35880837.2467
1719705600000,2024-06-30 00:00:00,6.079,6.258,6.020,6.212,13517701.5,1719791999999,2024-06-30 23:59:59,82908210.8379,257367,6802489.3,41729822.7267
1719792000000,2024-07-01 00:00:00,6.213,6.446,6.190,6.327,21023105.2,1719878399999,2024-07-01 23:59:59,133246061.2507,334287,10469641.2,66367630.1540
1719878400000,2024-07-02 00:00:00,6.327,6.605,6.311,6.528,34398632.1,1719964799999,2024-07-02 23:59:59,221755349.3907,509260,17158331.4,110561681.6181
1719964800000,2024-07-03 00:00:00,6.528,6.543,5.990,6.075,33474983.7,1720051199999,2024-07-03 23:59:59,207605049.7334,520268,16562087.5,102662754.8451
1720051200000,2024-07-04 00:00:00,6.076,6.132,5.529,5.555,39068628.3,1720137599999,2024-07-04 23:59:59,227660464.8459,620068,18969290.0,110557863.2882
1720137600000,2024-07-05 00:00:00,5.556,5.914,4.888,5.683,81798330.9,1720223999999,2024-07-05 23:59:59,443610027.9702,1172930,40527606.2,219762822.3325
1720224000000,2024-07-06 00:00:00,5.683,6.304,5.625,6.237,42839607.0,1720310399999,2024-07-06 23:59:59,253618689.1048,707003,21640658.8,128123680.2649
1720310400000,2024-07-07 00:00:00,6.238,6.311,5.880,5.907,28012799.8,1720396799999,2024-07-07 23:59:59,172432346.8978,614637,13983156.1,86086409.6153
1720396800000,2024-07-08 00:00:00,5.907,6.293,5.690,5.940,42322739.7,1720483199999,2024-07-08 23:59:59,253138745.6293,809002,21532004.7,128827351.4809
1720483200000,2024-07-09 00:00:00,5.940,6.183,5.838,6.116,23464481.0,1720569599999,2024-07-09 23:59:59,141779284.1445,548704,11687443.0,70604321.2725
1720569600000,2024-07-10 00:00:00,6.116,6.258,6.047,6.092,17164262.3,1720655999999,2024-07-10 23:59:59,105217199.1301,406138,8646966.1,53009954.0846
1720656000000,2024-07-11 00:00:00,6.092,6.246,5.891,5.900,16552834.2,1720742399999,2024-07-11 23:59:59,100477430.6597,373609,8138854.6,49406797.2345
1720742400000,2024-07-12 00:00:00,5.900,6.100,5.795,6.100,14712647.8,1720828799999,2024-07-12 23:59:59,87314550.9129,321897,7445498.8,44183111.5080
1720828800000,2024-07-13 00:00:00,6.100,6.303,6.072,6.231,12592198.4,1720915199999,2024-07-13 23:59:59,78308695.6094,282044,6219401.2,38694573.2174
1720915200000,2024-07-14 00:00:00,6.232,6.356,6.156,6.316,12726214.2,1721001599999,2024-07-14 23:59:59,79520990.7913,256373,6480997.3,40502302.5553
1721001600000,2024-07-15 00:00:00,6.316,6.536,6.289,6.483,21118547.6,1721087999999,2024-07-15 23:59:59,135200295.4180,398184,10438167.3,66829576.0469
1721088000000,2024-07-16 00:00:00,6.483,6.510,6.120,6.334,26337859.6,1721174399999,2024-07-16 23:59:59,166700334.5713,490619,13091228.0,82872841.9767
1721174400000,2024-07-17 00:00:00,6.333,6.531,6.238,6.250,19721137.7,1721260799999,2024-07-17 23:59:59,126366415.3854,379561,9583845.9,61416925.4823
1721260800000,2024-07-18 00:00:00,6.250,6.402,6.013,6.088,20597699.2,1721347199999,2024-07-18 23:59:59,127656351.4164,364376,9937523.1,61590689.9703
1721347200000,2024-07-19 00:00:00,6.089,6.348,5.970,6.336,17763171.3,1721433599999,2024-07-19 23:59:59,109592986.3547,334590,8898525.8,54916624.1330
1721433600000,2024-07-20 00:00:00,6.335,6.395,6.219,6.329,10778207.3,1721519999999,2024-07-20 23:59:59,68098209.2293,209069,5385685.4,34038072.3537
1721520000000,2024-07-21 00:00:00,6.329,6.444,6.092,6.427,15855983.5,1721606399999,2024-07-21 23:59:59,99512433.0349,298289,7830158.2,49155111.1426
1721606400000,2024-07-22 00:00:00,6.428,6.473,6.075,6.092,17174396.2,1721692799999,2024-07-22 23:59:59,107400318.1018,309421,8091490.2,50617682.9122
1721692800000,2024-07-23 00:00:00,6.092,6.161,5.798,5.913,22380274.7,1721779199999,2024-07-23 23:59:59,133938694.4141,401614,10932312.9,65433774.6623
1721779200000,2024-07-24 00:00:00,5.912,5.993,5.645,5.742,15458392.8,1721865599999,2024-07-24 23:59:59,90612222.2890,274679,7229686.8,42410139.0261
1721865600000,2024-07-25 00:00:00,5.742,5.775,5.534,5.751,24401742.9,1721951999999,2024-07-25 23:59:59,138445326.2977,394972,11825958.4,67108623.6913
1721952000000,2024-07-26 00:00:00,5.752,5.887,5.723,5.862,14137734.7,1722038399999,2024-07-26 23:59:59,82255762.5363,241225,7089980.9,41258031.7111
1722038400000,2024-07-27 00:00:00,5.863,5.940,5.709,5.821,15237608.3,1722124799999,2024-07-27 23:59:59,88909417.1488,261969,7430734.2,43370647.0378
1722124800000,2024-07-28 00:00:00,5.821,5.841,5.667,5.716,9795812.7,1722211199999,2024-07-28 23:59:59,56205056.0864,184608,4716108.0,27066897.3603
1722211200000,2024-07-29 00:00:00,5.716,5.873,5.616,5.647,18003236.1,1722297599999,2024-07-29 23:59:59,103647927.5064,291934,8764211.5,50479208.4206
1722297600000,2024-07-30 00:00:00,5.647,5.722,5.477,5.516,15210283.5,1722383999999,2024-07-30 23:59:59,85384962.8989,263429,7230127.4,40606284.4339
1722384000000,2024-07-31 00:00:00,5.517,5.556,5.330,5.386,18929782.0,1722470399999,2024-07-31 23:59:59,103522663.4549,330912,9196108.0,50316803.3017
1722470400000,2024-08-01 00:00:00,5.385,5.421,5.020,5.338,31545127.2,1722556799999,2024-08-01 23:59:59,165050386.9562,455878,15424490.9,80673504.5482
1722556800000,2024-08-02 00:00:00,5.338,5.367,4.993,5.120,26914130.6,1722643199999,2024-08-02 23:59:59,139094623.6755,431491,13356541.8,69071215.3228
1722643200000,2024-08-03 00:00:00,5.120,5.206,4.852,5.041,25324517.3,1722729599999,2024-08-03 23:59:59,127480021.3659,410191,12310704.6,61989057.4426
1722729600000,2024-08-04 00:00:00,5.041,5.095,4.527,4.687,31217068.0,1722815999999,2024-08-04 23:59:59,149788839.8620,470992,14954330.9,71792775.5737
1722816000000,2024-08-05 00:00:00,4.688,4.725,3.584,4.195,128295289.5,1722902399999,2024-08-05 23:59:59,516794317.8540,1405224,62363422.6,251126976.3387
1722902400000,2024-08-06 00:00:00,4.196,4.599,4.188,4.505,33197377.0,1722988799999,2024-08-06 23:59:59,146327884.7504,534613,16095183.4,70934208.8291
1722988800000,2024-08-07 00:00:00,4.504,4.637,4.399,4.575,33942836.8,1723075199999,2024-08-07 23:59:59,154123984.3647,533333,17303190.2,78582400.0857
1723075200000,2024-08-08 00:00:00,4.574,4.903,4.475,4.876,27882613.9,1723161599999,2024-08-08 23:59:59,131409296.6198,447087,14042014.8,66218760.0440
1723161600000,2024-08-09 00:00:00,4.877,4.920,4.727,4.781,16138690.8,1723247999999,2024-08-09 23:59:59,77468360.0380,297366,7815407.8,37523852.1746
1723248000000,2024-08-10 00:00:00,4.781,4.829,4.717,4.751,8992724.0,1723334399999,2024-08-10 23:59:59,42742093.9776,195841,4494897.0,21365183.6660
1723334400000,2024-08-11 00:00:00,4.751,4.825,4.463,4.493,13458930.7,1723420799999,2024-08-11 23:59:59,62423640.1409,249582,6481818.5,30034913.5857
1723420800000,2024-08-12 00:00:00,4.492,4.677,4.446,4.584,18913627.8,1723507199999,2024-08-12 23:59:59,86399200.1788,365506,9289502.8,42437080.7408
1723507200000,2024-08-13 00:00:00,4.585,4.612,4.393,4.543,15533087.3,1723593599999,2024-08-13 23:59:59,70144161.6576,269649,7773903.0,35111507.2142
1723593600000,2024-08-14 00:00:00,4.542,4.552,4.345,4.380,16116343.7,1723679999999,2024-08-14 23:59:59,71854656.7976,249143,7931493.4,35358241.7415
1723680000000,2024-08-15 00:00:00,4.380,4.478,4.224,4.274,17183158.7,1723766399999,2024-08-15 23:59:59,74838492.6472,323954,8170837.6,35600391.8286
1723766400000,2024-08-16 00:00:00,4.275,4.384,4.208,4.289,15781682.1,1723852799999,2024-08-16 23:59:59,67785968.9232,256879,8000221.6,34374825.6659
1723852800000,2024-08-17 00:00:00,4.289,4.382,4.271,4.366,6623262.5,1723939199999,2024-08-17 23:59:59,28646794.9421,152291,3308788.8,14312599.6594
1723939200000,2024-08-18 00:00:00,4.365,4.520,4.341,4.388,14276663.5,1724025599999,2024-08-18 23:59:59,63146633.9973,209565,7256214.1,32084701.3343
1724025600000,2024-08-19 00:00:00,4.389,4.501,4.341,4.479,16442950.0,1724111999999,2024-08-19 23:59:59,72714539.5452,259094,7898403.2,34930860.0046
1724112000000,2024-08-20 00:00:00,4.478,4.601,4.452,4.520,13645391.3,1724198399999,2024-08-20 23:59:59,61876271.6962,267947,6927110.3,31421532.2787
1724198400000,2024-08-21 00:00:00,4.521,4.745,4.487,4.661,16526468.9,1724284799999,2024-08-21 23:59:59,75946539.5601,289199,8083381.3,37151354.1819
1724284800000,2024-08-22 00:00:00,4.660,4.711,4.591,4.688,12502761.1,1724371199999,2024-08-22 23:59:59,58200235.9899,215877,6042472.1,28130616.3352
1724371200000,2024-08-23 00:00:00,4.688,4.951,4.679,4.890,18277377.9,1724457599999,2024-08-23 23:59:59,87511283.8644,285565,8827253.3,42301990.4900
1724457600000,2024-08-24 00:00:00,4.890,5.099,4.842,4.981,17730945.1,1724543999999,2024-08-24 23:59:59,88009518.6872,247535,8897936.4,44185221.6339
1724544000000,2024-08-25 00:00:00,4.981,4.992,4.742,4.816,15935994.7,1724630399999,2024-08-25 23:59:59,77244365.9554,269871,7671592.2,37181884.8302
1724630400000,2024-08-26 00:00:00,4.817,4.863,4.525,4.553,17898821.4,1724716799999,2024-08-26 23:59:59,83839834.8860,314470,8598008.4,40283055.8728
1724716800000,2024-08-27 00:00:00,4.554,4.655,4.236,4.374,23736376.8,1724803199999,2024-08-27 23:59:59,106233955.4418,352542,11358652.2,50829924.0679
1724803200000,2024-08-28 00:00:00,4.375,4.451,4.162,4.251,25486986.3,1724889599999,2024-08-28 23:59:59,109994479.8121,387162,12098678.6,52217934.9452
1724889600000,2024-08-29 00:00:00,4.252,4.401,4.174,4.249,14042183.2,1724975999999,2024-08-29 23:59:59,60118133.1925,239687,6579815.4,28177186.0768
1724976000000,2024-08-30 00:00:00,4.248,4.331,4.096,4.276,17152031.5,1725062399999,2024-08-30 23:59:59,72479272.4468,279918,8399283.7,35501073.6604
1725062400000,2024-08-31 00:00:00,4.275,4.315,4.214,4.255,7099717.3,1725148799999,2024-08-31 23:59:59,30302318.6276,123363,3438731.9,14679244.2297
1725148800000,2024-09-01 00:00:00,4.256,4.256,4.028,4.065,15617285.5,1725235199999,2024-09-01 23:59:59,64882793.1978,245917,7363895.0,30600201.9077
1725235200000,2024-09-02 00:00:00,4.065,4.232,4.048,4.206,15417729.0,1725321599999,2024-09-02 23:59:59,63866376.8103,226344,7614598.4,31552714.1773
1725321600000,2024-09-03 00:00:00,4.205,4.283,4.051,4.059,15351641.1,1725407999999,2024-09-03 23:59:59,64233183.0914,230158,7633566.9,31959230.4898
1725408000000,2024-09-04 00:00:00,4.059,4.195,3.864,4.109,27469571.4,1725494399999,2024-09-04 23:59:59,111427409.3408,356746,13318863.6,54055108.2819
1725494400000,2024-09-05 00:00:00,4.110,4.126,3.969,4.019,18522266.8,1725580799999,2024-09-05 23:59:59,74757498.5656,247546,9219375.5,37212127.0794
1725580800000,2024-09-06 00:00:00,4.019,4.095,3.814,3.956,34166355.2,1725667199999,2024-09-06 23:59:59,135702181.3547,410723,16533398.5,65680614.0960
1725667200000,2024-09-07 00:00:00,3.957,4.132,3.931,4.079,14225597.7,1725753599999,2024-09-07 23:59:59,57682004.8671,192021,7351281.4,29820328.5630
1725753600000,2024-09-08 00:00:00,4.079,4.205,4.055,4.162,11952157.7,1725839999999,2024-09-08 23:59:59,49508307.1694,175805,5885798.5,24377136.3018
1725840000000,2024-09-09 00:00:00,4.161,4.338,4.108,4.285,16671695.7,1725926399999,2024-09-09 23:59:59,70272602.4377,216914,8587709.0,36213555.1292
1725926400000,2024-09-10 00:00:00,4.285,4.287,4.194,4.248,12873290.7,1726012799999,2024-09-10 23:59:59,54538406.9817,161551,6215278.1,26332506.2888
1726012800000,2024-09-11 00:00:00,4.248,4.255,4.057,4.190,19459917.4,1726099199999,2024-09-11 23:59:59,80687747.0402,250762,9600707.3,39826609.5691
1726099200000,2024-09-12 00:00:00,4.190,4.297,4.186,4.293,13114925.0,1726185599999,2024-09-12 23:59:59,55552040.2997,179964,6425604.7,27222737.4040
1726185600000,2024-09-13 00:00:00,4.293,4.469,4.269,4.418,17368446.7,1726271999999,2024-09-13 23:59:59,75794160.2194,212375,8873653.3,38742302.8556
1726272000000,2024-09-14 00:00:00,4.419,4.443,4.343,4.435,8941855.8,1726358399999,2024-09-14 23:59:59,39321741.4046,118184,4453153.9,19590742.8151
1726358400000,2024-09-15 00:00:00,4.435,4.555,4.348,4.392,16339129.1,1726444799999,2024-09-15 23:59:59,73223429.6588,217446,7504832.4,33632183.2584
1726444800000,2024-09-16 00:00:00,4.391,4.392,4.146,4.192,21923482.3,1726531199999,2024-09-16 23:59:59,93390751.4595,264849,10682502.7,45502919.5732
1726531200000,2024-09-17 00:00:00,4.192,4.285,4.125,4.154,19281983.2,1726617599999,2024-09-17 23:59:59,80783682.7165,231500,9975279.4,41791292.3793
1726617600000,2024-09-18 00:00:00,4.155,4.176,3.970,4.174,29032201.1,1726703999999,2024-09-18 23:59:59,118088754.8054,315442,14234988.6,57895497.4334
1726704000000,2024-09-19 00:00:00,4.175,4.348,4.175,4.252,25782719.6,1726790399999,2024-09-19 23:59:59,109614776.3728,287873,12510054.6,53192563.6279
1726790400000,2024-09-20 00:00:00,4.252,4.403,4.186,4.337,22299194.6,1726876799999,2024-09-20 23:59:59,96097140.3852,267977,10720370.5,46198084.6862
1726876800000,2024-09-21 00:00:00,4.337,4.476,4.281,4.460,13120272.4,1726963199999,2024-09-21 23:59:59,57428176.7007,193718,6527249.4,28582499.4262
1726963200000,2024-09-22 00:00:00,4.459,4.482,4.230,4.307,16184121.8,1727049599999,2024-09-22 23:59:59,70318360.3023,224976,7688204.7,33409569.7047
1727049600000,2024-09-23 00:00:00,4.308,4.460,4.228,4.455,20560265.6,1727135999999,2024-09-23 23:59:59,90013988.8679,256198,10045368.4,43979230.7590
1727136000000,2024-09-24 00:00:00,4.455,4.684,4.398,4.634,24679791.3,1727222399999,2024-09-24 23:59:59,111969055.9858,307335,12173664.5,55252705.3188
1727222400000,2024-09-25 00:00:00,4.633,4.772,4.589,4.635,20124086.5,1727308799999,2024-09-25 23:59:59,94238221.6348,282063,9344667.1,43753304.4549
1727308800000,2024-09-26 00:00:00,4.635,4.875,4.562,4.812,18934946.8,1727395199999,2024-09-26 23:59:59,90035313.8862,264355,9684313.3,46055637.6460
1727395200000,2024-09-27 00:00:00,4.812,4.963,4.807,4.884,14717751.1,1727481599999,2024-09-27 23:59:59,72039452.1283,243656,7129554.2,34898947.3727
1727481600000,2024-09-28 00:00:00,4.883,4.930,4.741,4.794,12286277.2,1727567999999,2024-09-28 23:59:59,59256775.8474,186364,6036868.5,29121873.6094
1727568000000,2024-09-29 00:00:00,4.795,4.859,4.680,4.765,12042499.9,1727654399999,2024-09-29 23:59:59,57385690.9222,206992,5861851.6,27936365.5809
1727654400000,2024-09-30 00:00:00,4.765,4.769,4.396,4.429,22226676.9,1727740799999,2024-09-30 23:59:59,102050227.8927,330330,10456001.7,48018978.2470
1727740800000,2024-10-01 00:00:00,4.430,4.560,4.050,4.150,49208813.3,1727827199999,2024-10-01 23:59:59,211290054.4994,513405,23298886.1,100039483.7830
1727827200000,2024-10-02 00:00:00,4.150,4.267,4.001,4.099,31493107.9,1727913599999,2024-10-02 23:59:59,130208340.3491,413619,15178196.7,62789477.7498
1727913600000,2024-10-03 00:00:00,4.098,4.171,3.986,4.128,28198234.4,1727999999999,2024-10-03 23:59:59,114726949.8251,370337,13401386.2,54533906.9780
1728000000000,2024-10-04 00:00:00,4.128,4.211,4.100,4.193,16639907.8,1728086399999,2024-10-04 23:59:59,69197717.6269,239186,8030855.7,33412696.2049
1728086400000,2024-10-05 00:00:00,4.192,4.231,4.073,4.135,12209098.6,1728172799999,2024-10-05 23:59:59,50817276.0928,158839,5693224.4,23701981.2779
1728172800000,2024-10-06 00:00:00,4.136,4.195,4.093,4.189,9249509.6,1728259199999,2024-10-06 23:59:59,38418848.3040,151138,4657665.2,19349052.0046
1728259200000,2024-10-07 00:00:00,4.190,4.269,4.122,4.128,25735969.0,1728345599999,2024-10-07 23:59:59,108157439.1603,283897,12336163.8,51872621.5447
1728345600000,2024-10-08 00:00:00,4.129,4.182,4.041,4.102,21980353.1,1728431999999,2024-10-08 23:59:59,90457835.6019,256029,10860327.6,44712101.3179
1728432000000,2024-10-09 00:00:00,4.101,4.148,3.948,4.021,16526683.7,1728518399999,2024-10-09 23:59:59,67033169.3226,252618,7894185.3,32015978.2077
1728518400000,2024-10-10 00:00:00,4.022,4.076,3.960,4.071,16014896.6,1728604799999,2024-10-10 23:59:59,64517725.7833,243567,7797782.6,31405672.2427
1728604800000,2024-10-11 00:00:00,4.071,4.194,4.050,4.172,13298397.5,1728691199999,2024-10-11 23:59:59,55011280.2655,185111,6646602.9,27496770.6717
1728691200000,2024-10-12 00:00:00,4.171,4.262,4.151,4.204,11110291.6,1728777599999,2024-10-12 23:59:59,46802578.3664,168225,5536177.4,23318465.3517
1728777600000,2024-10-13 00:00:00,4.203,4.215,4.083,4.161,11979325.8,1728863999999,2024-10-13 23:59:59,49715912.4601,194841,5731314.4,23786565.9541
1728864000000,2024-10-14 00:00:00,4.162,4.400,4.131,4.377,20787015.2,1728950399999,2024-10-14 23:59:59,89113622.0530,302169,9940365.1,42593672.2274
1728950400000,2024-10-15 00:00:00,4.377,4.535,4.291,4.407,32660262.7,1729036799999,2024-10-15 23:59:59,144110856.8963,426113,15651164.6,69070563.9613
1729036800000,2024-10-16 00:00:00,4.406,4.410,4.284,4.312,15620943.4,1729123199999,2024-10-16 23:59:59,67795576.1227,257144,7687995.9,33358141.3722
1729123200000,2024-10-17 00:00:00,4.312,4.350,4.143,4.190,18710893.6,1729209599999,2024-10-17 23:59:59,79057540.9695,265957,8918088.0,37673720.3263
1729209600000,2024-10-18 00:00:00,4.190,4.310,4.170,4.310,12488080.6,1729295999999,2024-10-18 23:59:59,53013710.8841,189965,6106172.0,25925986.4289
1729296000000,2024-10-19 00:00:00,4.310,4.482,4.308,4.429,15839510.7,1729382399999,2024-10-19 23:59:59,69672560.4986,231976,7356767.4,32357014.4554
1729382400000,2024-10-20 00:00:00,4.430,4.594,4.356,4.578,15004078.8,1729468799999,2024-10-20 23:59:59,67310962.6234,242079,7339587.9,32951069.8786
1729468800000,2024-10-21 00:00:00,4.577,4.617,4.333,4.376,17414835.4,1729555199999,2024-10-21 23:59:59,77618416.7262,264998,8096397.7,36073144.8870
1729555200000,2024-10-22 00:00:00,4.377,4.437,4.269,4.323,16266111.1,1729641599999,2024-10-22 23:59:59,70686393.8236,231523,7984936.6,34701008.8266
1729641600000,2024-10-23 00:00:00,4.323,4.332,4.101,4.208,20577304.9,1729727999999,2024-10-23 23:59:59,86660628.3706,270092,9869757.6,41570520.4875
1729728000000,2024-10-24 00:00:00,4.208,4.267,4.140,4.207,12441584.7,1729814399999,2024-10-24 23:59:59,52337593.4042,201726,6423836.0,27030825.4751
1729814400000,2024-10-25 00:00:00,4.206,4.219,3.836,3.993,27866892.3,1729900799999,2024-10-25 23:59:59,113459665.9926,332349,13230454.2,53918362.1665
1729900800000,2024-10-26 00:00:00,3.993,4.059,3.940,4.034,15349578.2,1729987199999,2024-10-26 23:59:59,61585263.9425,215427,7220181.4,28973503.6908
1729987200000,2024-10-27 00:00:00,4.034,4.132,4.004,4.126,12080588.4,1730073599999,2024-10-27 23:59:59,48987471.0265,146126,5777445.9,23418385.3200
1730073600000,2024-10-28 00:00:00,4.126,4.225,4.002,4.130,25687548.6,1730159999999,2024-10-28 23:59:59,105781172.5451,294034,12771686.9,52596030.8099
1730160000000,2024-10-29 00:00:00,4.131,4.252,4.119,4.195,24758491.4,1730246399999,2024-10-29 23:59:59,103354911.2521,260511,12496458.6,52159014.7744
1730246400000,2024-10-30 00:00:00,4.194,4.221,4.121,4.191,18422467.6,1730332799999,2024-10-30 23:59:59,76930229.3003,219780,8660020.0,36165365.7999
1730332800000,2024-10-31 00:00:00,4.192,4.217,3.900,3.957,28323113.0,1730419199999,2024-10-31 23:59:59,114089386.1747,311337,12952775.4,52135182.1348
1730419200000,2024-11-01 00:00:00,3.958,3.995,3.843,3.908,26451091.7,1730505599999,2024-11-01 23:59:59,103908106.0531,302067,13175867.6,51777754.2392
1730505600000,2024-11-02 00:00:00,3.908,3.944,3.820,3.906,15963038.7,1730591999999,2024-11-02 23:59:59,61938613.3192,188136,7130370.9,27681238.6565
1730592000000,2024-11-03 00:00:00,3.907,3.929,3.663,3.783,30455110.8,1730678399999,2024-11-03 23:59:59,114677038.8126,335908,14162677.3,53316374.6311
1730678400000,2024-11-04 00:00:00,3.783,3.836,3.675,3.749,19968188.2,1730764799999,2024-11-04 23:59:59,75219116.5913,253065,9503996.0,35807114.9715
1730764800000,2024-11-05 00:00:00,3.750,3.918,3.742,3.855,19599832.6,1730851199999,2024-11-05 23:59:59,75510842.5659,238704,9776543.5,37686463.1367
1730851200000,2024-11-06 00:00:00,3.855,4.130,3.855,4.114,39586819.9,1730937599999,2024-11-06 23:59:59,160271006.7190,417921,19081389.5,77239796.0398
1730937600000,2024-11-07 00:00:00,4.113,4.201,4.047,4.166,34104461.4,1731023999999,2024-11-07 23:59:59,140658415.2139,359325,16813816.3,69353882.9402
1731024000000,2024-11-08 00:00:00,4.167,4.393,4.114,4.326,46984895.4,1731110399999,2024-11-08 23:59:59,201373792.5961,575089,22622574.7,96971474.4056
1731110400000,2024-11-09 00:00:00,4.326,4.644,4.263,4.635,31689303.9,1731196799999,2024-11-09 23:59:59,139504095.2694,411309,15010224.2,66084971.9716
1731196800000,2024-11-10 00:00:00,4.635,5.482,4.587,5.244,102813013.6,1731283199999,2024-11-10 23:59:59,525881112.6151,1287124,49507924.5,253057456.9160
1731283200000,2024-11-11 00:00:00,5.243,5.792,4.976,5.714,65696469.6,1731369599999,2024-11-11 23:59:59,344301385.5446,947504,31560711.9,165406051.2922
1731369600000,2024-11-12 00:00:00,5.713,5.848,5.125,5.312,85958498.0,1731455999999,2024-11-12 23:59:59,466906787.2915,1330318,41738316.4,226686939.7701
1731456000000,2024-11-13 00:00:00,5.312,5.434,4.913,5.078,70706549.4,1731542399999,2024-11-13 23:59:59,364610310.3592,1185306,34700390.0,179071621.3223
1731542400000,2024-11-14 00:00:00,5.078,5.219,4.690,4.780,51233065.6,1731628799999,2024-11-14 23:59:59,253800187.8025,786484,24761222.6,122766747.3632
1731628800000,2024-11-15 00:00:00,4.779,5.175,4.706,5.164,38679603.7,1731715199999,2024-11-15 23:59:59,191322341.8631,645892,18492247.4,91490707.7142
1731715200000,2024-11-16 00:00:00,5.163,5.807,5.135,5.785,49285220.5,1731801599999,2024-11-16 23:59:59,270892487.1994,787978,23721147.9,130418878.2334
1731801600000,2024-11-17 00:00:00,5.785,6.147,5.313,5.425,57277156.6,1731887999999,2024-11-17 23:59:59,324110852.2881,995129,27052394.1,153133904.0136
1731888000000,2024-11-18 00:00:00,5.426,6.097,5.395,6.009,53969617.7,1731974399999,2024-11-18 23:59:59,313857819.6433,1002718,25742146.7,149669910.4466
1731974400000,2024-11-19 00:00:00,6.010,6.049,5.662,5.807,32612278.7,1732060799999,2024-11-19 23:59:59,191042291.4343,750721,15743004.9,92226627.3021
1732060800000,2024-11-20 00:00:00,5.808,6.085,5.534,5.725,50830830.5,1732147199999,2024-11-20 23:59:59,297242269.2624,1064287,24786753.3,145076074.2878
1732147200000,2024-11-21 00:00:00,5.724,5.973,5.476,5.939,46373445.5,1732233599999,2024-11-21 23:59:59,267079040.7183,997265,23028362.3,132683307.4831
1732233600000,2024-11-22 00:00:00,5.939,6.694,5.882,6.634,61095161.4,1732319999999,2024-11-22 23:59:59,380671367.3324,1297275,30008997.3,187003044.2272
1732320000000,2024-11-23 00:00:00,6.635,9.448,6.586,8.523,200467951.7,1732406399999,2024-11-23 23:59:59,1636329735.4793,4274047,98416181.8,803059451.1939
1732406400000,2024-11-24 00:00:00,8.524,10.512,8.030,8.829,188408886.3,1732492799999,2024-11-24 23:59:59,1706242491.1549,4203353,91477547.2,828787172.1037
1732492800000,2024-11-25 00:00:00,8.831,9.369,8.120,8.242,78684200.4,1732579199999,2024-11-25 23:59:59,689701115.5026,2247517,38063267.8,333629678.9804
1732579200000,2024-11-26 00:00:00,8.240,8.476,7.555,8.072,67624118.7,1732665599999,2024-11-26 23:59:59,541515525.0225,1874100,32717674.9,262277551.2181
1732665600000,2024-11-27 00:00:00,8.072,8.576,7.843,8.462,47611081.3,1732751999999,2024-11-27 23:59:59,393888620.8780,1496225,22983424.6,190132372.6934
1732752000000,2024-11-28 00:00:00,8.461,8.759,8.008,8.622,42229774.3,1732838399999,2024-11-28 23:59:59,351579338.0387,1224172,20328714.1,169370154.7477
1732838400000,2024-11-29 00:00:00,8.622,9.085,8.443,9.031,42394944.1,1732924799999,2024-11-29 23:59:59,368893540.3005,1301982,20791239.9,180907138.0051
1732924800000,2024-11-30 00:00:00,9.032,9.237,8.607,8.953,54258938.0,1733011199999,2024-11-30 23:59:59,484342385.3257,1571738,26716043.1,238557035.2109
1733011200000,2024-12-01 00:00:00,8.952,9.397,8.703,9.299,47515641.4,1733097599999,2024-12-01 23:59:59,430546943.1057,1512876,23024779.4,208649395.7914
1733097600000,2024-12-02 00:00:00,9.299,10.210,8.461,10.022,97709025.0,1733183999999,2024-12-02 23:59:59,895362292.3516,2507533,46804225.9,429295242.3909
1733184000000,2024-12-03 00:00:00,10.022,10.403,9.063,9.783,86441808.3,1733270399999,2024-12-03 23:59:59,848034101.9295,2267929,41704651.4,409175827.2380
1733270400000,2024-12-04 00:00:00,9.786,11.666,9.669,10.526,105109970.3,1733356799999,2024-12-04 23:59:59,1128619799.7395,2717982,51503009.9,552919902.1873
1733356800000,2024-12-05 00:00:00,10.526,11.247,9.901,10.381,80136872.6,1733443199999,2024-12-05 23:59:59,854479096.7891,2188632,38596748.2,411705076.0802
1733443200000,2024-12-06 00:00:00,10.381,10.889,10.024,10.682,46835274.0,1733529599999,2024-12-06 23:59:59,490751021.8457,1534879,22799112.2,238980307.2055
1733529600000,2024-12-07 00:00:00,10.683,10.945,10.314,10.604,34689521.4,1733615999999,2024-12-07 23:59:59,369021104.5248,1199530,16594623.3,176563000.4204
1733616000000,2024-12-08 00:00:00,10.604,10.821,10.200,10.402,28459667.8,1733702399999,2024-12-08 23:59:59,296780079.8490,941087,13518113.5,140966897.4133
1733702400000,2024-12-09 00:00:00,10.402,10.406,7.546,8.467,95465340.1,1733788799999,2024-12-09 23:59:59,867824270.3149,2295120,42902184.3,390956619.2247
1733788800000,2024-12-10 00:00:00,8.468,8.717,7.586,8.389,80686878.3,1733875199999,2024-12-10 23:59:59,665157202.9910,1952767,38869036.8,320714436.7209
1733875200000,2024-12-11 00:00:00,8.389,9.264,8.027,8.992,45557214.3,1733961599999,2024-12-11 23:59:59,398735648.9798,1226175,22496663.7,196760728.3501
1733961600000,2024-12-12 00:00:00,8.991,9.671,8.907,9.060,55155826.6,1734047999999,2024-12-12 23:59:59,508023666.5801,1331036,26663332.4,245716571.4597
1734048000000,2024-12-13 00:00:00,9.061,9.233,8.772,9.088,37762209.8,1734134399999,2024-12-13 23:59:59,339801604.9534,1074023,18574085.8,167224402.2527
1734134400000,2024-12-14 00:00:00,9.088,9.212,8.351,8.550,32090917.4,1734220799999,2024-12-14 23:59:59,279429713.9889,843124,15064585.8,131273200.8453
1734220800000,2024-12-15 00:00:00,8.550,9.260,8.362,9.027,42332535.8,1734307199999,2024-12-15 23:59:59,373332698.6464,1027257,20427951.3,180093338.6289
1734307200000,2024-12-16 00:00:00,9.026,9.202,8.582,8.754,37815231.4,1734393599999,2024-12-16 23:59:59,336655558.6242,1059372,18299834.1,162954579.7823
1734393600000,2024-12-17 00:00:00,8.754,8.971,8.376,8.485,37297213.7,1734479999999,2024-12-17 23:59:59,324416873.2710,997565,17809786.1,155006991.9677
1734480000000,2024-12-18 00:00:00,8.485,8.546,7.511,7.676,54370067.2,1734566399999,2024-12-18 23:59:59,441056037.7482,1362961,25776489.3,209293809.4723
1734566400000,2024-12-19 00:00:00,7.677,7.797,6.758,6.937,84648281.3,1734652799999,2024-12-19 23:59:59,620353187.1308,1824602,40815312.5,299435263.5540
1734652800000,2024-12-20 00:00:00,6.938,7.356,6.039,7.288,80819484.7,1734739199999,2024-12-20 23:59:59,540336772.4276,1687326,39021266.1,261277048.6618
1734739200000,2024-12-21 00:00:00,7.288,7.798,6.832,6.970,49169511.4,1734825599999,2024-12-21 23:59:59,355349973.2843,1225137,23797539.6,171854745.1187
1734825600000,2024-12-22 00:00:00,6.970,7.262,6.681,6.839,38093529.2,1734911999999,2024-12-22 23:59:59,264692666.9224,930787,18617795.9,129393918.2744
1734912000000,2024-12-23 00:00:00,6.838,7.565,6.651,7.380,40611216.8,1734998399999,2024-12-23 23:59:59,285609723.6871,1050858,19977494.0,140516789.1777
1734998400000,2024-12-24 00:00:00,7.379,7.636,7.150,7.547,27827789.3,1735084799999,2024-12-24 23:59:59,205949984.0260,680511,13714000.1,101498723.2854
1735084800000,2024-12-25 00:00:00,7.548,7.677,7.349,7.498,20199514.9,1735171199999,2024-12-25 23:59:59,151094846.2111,590186,9797597.2,73282539.1374
1735171200000,2024-12-26 00:00:00,7.499,7.590,6.877,6.930,28028600.6,1735257599999,2024-12-26 23:59:59,198640199.7501,660973,13424300.9,95108804.0893
1735257600000,2024-12-27 00:00:00,6.930,7.307,6.811,6.907,25442391.5,1735343999999,2024-12-27 23:59:59,178672561.5506,691396,12179783.9,85543875.3653
1735344000000,2024-12-28 00:00:00,6.908,7.183,6.787,7.110,15427708.7,1735430399999,2024-12-28 23:59:59,107231965.2902,414863,7586160.6,52768660.1552
1735430400000,2024-12-29 00:00:00,7.111,7.151,6.803,6.862,15282312.0,1735516799999,2024-12-29 23:59:59,106839695.3362,385951,6939536.6,48536008.1025
1735516800000,2024-12-30 00:00:00,6.862,7.108,6.532,6.701,34092700.5,1735603199999,2024-12-30 23:59:59,231427047.1901,680081,16578290.6,112572694.2965
1735603200000,2024-12-31 00:00:00,6.701,6.927,6.560,6.637,22632659.7,1735689599999,2024-12-31 23:59:59,151924847.7828,513469,10728487.3,72012581.4118
1735689600000,2025-01-01 00:00:00,6.637,7.140,6.515,7.052,25994477.3,1735775999999,2025-01-01 23:59:59,177489648.4759,518902,13052882.8,89168509.3286
1735776000000,2025-01-02 00:00:00,7.052,7.358,7.050,7.175,25123774.1,1735862399999,2025-01-02 23:59:59,181211470.8794,527016,12471004.8,89969100.9173
1735862400000,2025-01-03 00:00:00,7.175,7.994,7.132,7.749,38825786.0,1735948799999,2025-01-03 23:59:59,295956570.1798,742891,19151953.2,145827520.7580
1735948800000,2025-01-04 00:00:00,7.750,7.880,7.603,7.676,21243065.0,1736035199999,2025-01-04 23:59:59,164118234.1369,460074,10458802.8,80842008.6456
1736035200000,2025-01-05 00:00:00,7.675,7.733,7.457,7.670,18110115.2,1736121599999,2025-01-05 23:59:59,137608090.6309,428588,9033240.0,68678364.8387
1736121600000,2025-01-06 00:00:00,7.671,7.989,7.536,7.768,30437078.7,1736207999999,2025-01-06 23:59:59,235924194.5740,620218,14792052.1,114689260.7800
1736208000000,2025-01-07 00:00:00,7.768,7.888,7.002,7.008,49782986.6,1736294399999,2025-01-07 23:59:59,371004144.3008,887873,24254403.1,180791652.9837
1736294400000,2025-01-08 00:00:00,7.009,7.131,6.415,6.755,50077990.4,1736380799999,2025-01-08 23:59:59,340260113.1283,918172,23794482.2,161788640.9309
1736380800000,2025-01-09 00:00:00,6.754,6.841,6.448,6.553,34057214.5,1736467199999,2025-01-09 23:59:59,226284906.4061,724843,16300289.8,108345437.9519
1736467200000,2025-01-10 00:00:00,6.553,6.808,6.476,6.727,28351683.4,1736553599999,2025-01-10 23:59:59,188626393.2484,676297,14321822.8,95321608.6575
1736553600000,2025-01-11 00:00:00,6.728,6.877,6.582,6.738,12862998.6,1736639999999,2025-01-11 23:59:59,86101928.5421,382545,6599625.6,44185753.8552
1736640000000,2025-01-12 00:00:00,6.738,6.817,6.540,6.629,12609222.7,1736726399999,2025-01-12 23:59:59,84354147.7239,389653,6053786.3,40511742.9949
1736726400000,2025-01-13 00:00:00,6.629,6.808,5.970,6.392,46864383.6,1736812799999,2025-01-13 23:59:59,296127850.0791,841365,22276479.5,140823080.6133
1736812800000,2025-01-14 00:00:00,6.391,6.685,6.364,6.665,24839799.2,1736899199999,2025-01-14 23:59:59,161383667.1954,479042,12055430.0,78355470.6092
1736899200000,2025-01-15 00:00:00,6.665,7.194,6.554,7.161,37969657.6,1736985599999,2025-01-15 23:59:59,260321628.9326,697496,19222198.8,131818904.2328
1736985600000,2025-01-16 00:00:00,7.160,7.389,6.843,7.149,39783993.0,1737071999999,2025-01-16 23:59:59,283560991.7250,795054,19424409.9,138510638.8255
1737072000000,2025-01-17 00:00:00,7.150,7.598,7.149,7.502,30026810.1,1737158399999,2025-01-17 23:59:59,222299009.8132,613927,14525552.2,107569311.0901
1737158400000,2025-01-18 00:00:00,7.502,7.587,6.831,7.039,36735857.6,1737244799999,2025-01-18 23:59:59,260494245.2449,751417,17636757.9,125113930.5122
1737244800000,2025-01-19 00:00:00,7.039,7.234,6.100,6.242,67737763.7,1737331199999,2025-01-19 23:59:59,448630016.0531,1196421,31729734.1,210004842.5936
1737331200000,2025-01-20 00:00:00,6.242,7.152,6.050,6.377,80381584.2,1737417599999,2025-01-20 23:59:59,518331861.4453,1450102,39523330.8,255329065.0160
1737417600000,2025-01-21 00:00:00,6.378,6.845,6.150,6.624,32486233.4,1737503999999,2025-01-21 23:59:59,210985454.2102,787000,15951681.8,103618833.9786
1737504000000,2025-01-22 00:00:00,6.624,6.698,6.410,6.447,18857381.5,1737590399999,2025-01-22 23:59:59,123769565.7685,520805,9185015.6,60318290.3977
1737590400000,2025-01-23 00:00:00,6.446,6.502,6.191,6.350,31453205.7,1737676799999,2025-01-23 23:59:59,199286194.0718,672551,16035458.4,101635846.4411
1737676800000,2025-01-24 00:00:00,6.349,6.545,6.196,6.317,21845233.9,1737763199999,2025-01-24 23:59:59,139741028.9050,475174,10840386.0,69378709.5283
1737763200000,2025-01-25 00:00:00,6.318,6.407,6.241,6.321,14496865.7,1737849599999,2025-01-25 23:59:59,91704583.7534,351421,6946467.7,43963428.4647
1737849600000,2025-01-26 00:00:00,6.321,6.469,6.160,6.172,18302159.3,1737935999999,2025-01-26 23:59:59,115830041.0669,375502,8614281.2,54549985.8009
1737936000000,2025-01-27 00:00:00,6.172,6.209,5.477,5.949,52081222.2,1738022399999,2025-01-27 23:59:59,302612770.5346,896385,24140773.4,140109024.6576
1738022400000,2025-01-28 00:00:00,5.949,6.034,5.596,5.646,22107454.8,1738108799999,2025-01-28 23:59:59,129469336.2614,490924,11109814.0,65119679.5683
1738108800000,2025-01-29 00:00:00,5.645,5.878,5.539,5.762,26174330.9,1738195199999,2025-01-29 23:59:59,149930050.1199,578934,13034375.3,74673696.1480
1738195200000,2025-01-30 00:00:00,5.762,6.254,5.716,6.123,21822405.0,1738281599999,2025-01-30 23:59:59,132062126.3416,476813,11078082.9,67061091.9240
1738281600000,2025-01-31 00:00:00,6.123,6.498,6.026,6.318,39201685.7,1738367999999,2025-01-31 23:59:59,246403557.9979,641746,19267063.5,121142434.9836
1738368000000,2025-02-01 00:00:00,6.318,6.491,5.856,5.904,30502017.2,1738454399999,2025-02-01 23:59:59,190331334.1066,599183,14094025.8,87997083.6487
1738454400000,2025-02-02 00:00:00,5.904,6.044,4.843,5.150,63050331.5,1738540799999,2025-02-02 23:59:59,341769353.7521,1130335,29666427.5,160829339.0927
1738540800000,2025-02-03 00:00:00,5.150,5.275,3.805,5.174,128483798.6,1738627199999,2025-02-03 23:59:59,589815058.2854,1898445,60968964.7,280533476.1408
1738627200000,2025-02-04 00:00:00,5.175,5.225,4.579,4.738,62603464.7,1738713599999,2025-02-04 23:59:59,300352370.1501,968871,29960015.7,143687956.7542
1738713600000,2025-02-05 00:00:00,4.739,4.860,4.625,4.686,30664419.2,1738799999999,2025-02-05 23:59:59,145518301.3166,549910,15196126.8,72145578.0985
1738800000000,2025-02-06 00:00:00,4.685,4.835,4.431,4.487,30603966.8,1738886399999,2025-02-06 23:59:59,141629185.7034,560833,14814051.3,68561236.2322
1738886400000,2025-02-07 00:00:00,4.487,4.934,4.455,4.588,37567936.6,1738972799999,2025-02-07 23:59:59,175951094.5572,678544,18592137.5,87100862.4814
1738972800000,2025-02-08 00:00:00,4.588,4.763,4.494,4.741,21153794.9,1739059199999,2025-02-08 23:59:59,97226067.6600,416371,10480786.0,48198019.7019
1739059200000,2025-02-09 00:00:00,4.741,4.873,4.508,4.759,27122979.6,1739145599999,2025-02-09 23:59:59,128582385.2328,478355,13239556.2,62778319.2208
1739145600000,2025-02-10 00:00:00,4.758,4.919,4.604,4.842,26858579.5,1739231999999,2025-02-10 23:59:59,129179785.6158,506438,13500348.5,64916488.0708
1739232000000,2025-02-11 00:00:00,4.842,5.208,4.745,4.806,34034801.6,1739318399999,2025-02-11 23:59:59,169075136.2109,608096,17009385.1,84512307.7986
1739318400000,2025-02-12 00:00:00,4.805,5.326,4.750,5.225,48975346.0,1739404799999,2025-02-12 23:59:59,245840444.7983,830418,24667697.4,123876598.9255
1739404800000,2025-02-13 00:00:00,5.226,5.275,5.064,5.128,23810280.5,1739491199999,2025-02-13 23:59:59,122652983.8994,477042,11442707.9,58961840.1747
1739491200000,2025-02-14 00:00:00,5.129,5.373,5.095,5.169,25414039.0,1739577599999,2025-02-14 23:59:59,132793937.3473,464516,12404803.5,64825476.4327
1739577600000,2025-02-15 00:00:00,5.168,5.217,4.975,5.018,19781751.1,1739663999999,2025-02-15 23:59:59,100530486.0105,354137,9874261.9,50216177.7579
1739664000000,2025-02-16 00:00:00,5.018,5.044,4.822,4.875,18369373.1,1739750399999,2025-02-16 23:59:59,90544485.4050,356732,8532743.5,42072666.0902
1739750400000,2025-02-17 00:00:00,4.876,5.067,4.771,4.887,29026387.8,1739836799999,2025-02-17 23:59:59,142203077.9117,477604,13793816.1,67624048.8791
1739836800000,2025-02-18 00:00:00,4.887,4.915,4.557,4.766,34038222.3,1739923199999,2025-02-18 23:59:59,160954922.3108,578090,16465598.9,77878737.3726
1739923200000,2025-02-19 00:00:00,4.766,4.903,4.695,4.881,19746147.3,1740009599999,2025-02-19 23:59:59,95145449.4944,415059,9932582.6,47888085.6784
1740009600000,2025-02-20 00:00:00,4.882,5.066,4.876,5.044,23629129.7,1740095999999,2025-02-20 23:59:59,117638678.0216,418823,11411353.2,56832547.0591
1740096000000,2025-02-21 00:00:00,5.045,5.337,4.947,5.058,38947376.4,1740182399999,2025-02-21 23:59:59,200765825.1306,627806,19400876.3,100017305.9854
1740182400000,2025-02-22 00:00:00,5.058,5.212,5.022,5.041,23452061.0,1740268799999,2025-02-22 23:59:59,119646962.1356,385151,11336818.9,57821682.1309
1740268800000,2025-02-23 00:00:00,5.040,5.129,4.902,4.951,15677925.4,1740355199999,2025-02-23 23:59:59,78566482.1663,308268,7551815.5,37867718.9896
1740355200000,2025-02-24 00:00:00,4.951,4.978,4.328,4.412,39636561.0,1740441599999,2025-02-24 23:59:59,184816878.0840,656792,18925008.6,88292563.6975
1740441600000,2025-02-25 00:00:00,4.412,4.755,4.133,4.638,69181950.8,1740527999999,2025-02-25 23:59:59,304693645.9998,1019252,33090140.3,145758955.9305
1740528000000,2025-02-26 00:00:00,4.638,4.930,4.590,4.753,44658794.1,1740614399999,2025-02-26 23:59:59,212916731.7722,795313,22082144.1,105312764.4444
1740614400000,2025-02-27 00:00:00,4.753,5.183,4.712,4.932,44455410.0,1740700799999,2025-02-27 23:59:59,221674376.3158,771917,22529750.1,112361868.1600
1740700800000,2025-02-28 00:00:00,4.932,4.932,4.450,4.711,53073270.9,1740787199999,2025-02-28 23:59:59,246357604.5032,872799,25941508.4,120361951.5112
1740787200000,2025-03-01 00:00:00,4.711,4.817,4.521,4.661,26422209.2,1740873599999,2025-03-01 23:59:59,122854269.9109,424943,13465676.5,62592499.1055
1740873600000,2025-03-02 00:00:00,4.662,5.227,4.563,5.202,48825163.8,1740959999999,2025-03-02 23:59:59,239442620.2436,784243,24026971.3,117853337.6674
1740960000000,2025-03-03 00:00:00,5.202,5.248,4.430,4.469,53702108.4,1741046399999,2025-03-03 23:59:59,258870085.5083,941863,25473433.6,122727562.4598
1741046400000,2025-03-04 00:00:00,4.469,4.512,4.011,4.326,62057139.4,1741132799999,2025-03-04 23:59:59,263797138.3429,964096,30193167.6,128351880.7354
1741132800000,2025-03-05 00:00:00,4.325,4.547,4.273,4.521,31262067.5,1741219199999,2025-03-05 23:59:59,137371183.3473,461472,14995649.7,65908592.8573
1741219200000,2025-03-06 00:00:00,4.521,4.662,4.339,4.428,32930913.7,1741305599999,2025-03-06 23:59:59,147781481.9038,509428,15860341.7,71175671.7707
1741305600000,2025-03-07 00:00:00,4.428,4.678,4.208,4.410,49283731.8,1741391999999,2025-03-07 23:59:59,220949852.0871,740019,24456569.4,109742958.0782
1741392000000,2025-03-08 00:00:00,4.409,4.443,4.256,4.287,22699072.9,1741478399999,2025-03-08 23:59:59,98650144.5650,408439,10654543.1,46319657.4973
1741478400000,2025-03-09 00:00:00,4.287,4.348,3.975,4.015,33933021.9,1741564799999,2025-03-09 23:59:59,141087067.4450,534597,15654256.8,65097446.7598
1741564800000,2025-03-10 00:00:00,4.015,4.283,3.770,3.866,50627376.5,1741651199999,2025-03-10 23:59:59,204816810.8557,732942,23867456.9,96735250.1176
1741651200000,2025-03-11 00:00:00,3.867,4.121,3.650,4.041,48172881.7,1741737599999,2025-03-11 23:59:59,188164940.7456,705551,23326694.9,91163814.6151
1741737600000,2025-03-12 00:00:00,4.041,4.097,3.844,3.966,36160417.1,1741823999999,2025-03-12 23:59:59,143890599.4285,510903,17969849.9,71507781.4891
1741824000000,2025-03-13 00:00:00,3.965,4.110,3.822,3.977,36134734.4,1741910399999,2025-03-13 23:59:59,143297592.5100,483861,17434434.4,69153090.7458
1741910400000,2025-03-14 00:00:00,3.978,4.225,3.965,4.184,30270222.4,1741996799999,2025-03-14 23:59:59,124784793.7054,411216,14651388.0,60381581.9058
1741996800000,2025-03-15 00:00:00,4.185,4.426,4.182,4.347,23788828.5,1742083199999,2025-03-15 23:59:59,102779790.3097,350409,11356991.3,49059581.3250
1742083200000,2025-03-16 00:00:00,4.347,4.361,4.181,4.296,28457833.6,1742169599999,2025-03-16 23:59:59,121837973.6069,375799,14334523.0,61362727.4737
1742169600000,2025-03-17 00:00:00,4.296,4.465,4.294,4.369,24280737.1,1742255999999,2025-03-17 23:59:59,106617828.6669,389434,12156884.3,53399173.0068
1742256000000,2025-03-18 00:00:00,4.370,4.485,4.228,4.448,27621056.9,1742342399999,2025-03-18 23:59:59,119328959.9500,410860,13484902.3,58293793.1848
1742342400000,2025-03-19 00:00:00,4.448,4.595,4.434,4.535,33403325.7,1742428799999,2025-03-19 23:59:59,150934881.7921,477037,17120101.3,77361982.5381
1742428800000,2025-03-20 00:00:00,4.536,4.566,4.324,4.396,25665416.4,1742515199999,2025-03-20 23:59:59,113424527.1254,368563,12406502.8,54854252.2647
1742515200000,2025-03-21 00:00:00,4.396,4.584,4.376,4.497,26762176.6,1742601599999,2025-03-21 23:59:59,120043113.2159,435314,13459491.9,60373154.0931
1742601600000,2025-03-22 00:00:00,4.497,4.545,4.412,4.443,17041265.5,1742687999999,2025-03-22 23:59:59,76235600.3046,298976,8252546.6,36914114.8345
1742688000000,2025-03-23 00:00:00,4.443,4.515,4.395,4.500,15845071.8,1742774399999,2025-03-23 23:59:59,70570671.1925,276959,7644068.9,34043017.9462
1742774400000,2025-03-24 00:00:00,4.501,4.773,4.466,4.619,27344878.5,1742860799999,2025-03-24 23:59:59,127488284.1414,431558,13710920.8,63914100.8318
1742860800000,2025-03-25 00:00:00,4.619,4.719,4.581,4.635,18597737.8,1742947199999,2025-03-25 23:59:59,86446437.4172,327489,8912569.5,41424932.5635
1742947200000,2025-03-26 00:00:00,4.635,4.766,4.591,4.691,26095321.8,1743033599999,2025-03-26 23:59:59,122219172.1774,400359,12708891.9,59517027.6730
1743033600000,2025-03-27 00:00:00,4.692,4.757,4.492,4.621,26382466.1,1743119999999,2025-03-27 23:59:59,121825215.6114,400509,12591486.5,58158279.6867
1743120000000,2025-03-28 00:00:00,4.622,4.644,4.238,4.278,32895625.3,1743206399999,2025-03-28 23:59:59,143216847.0457,462605,15372397.3,66865968.4131
1743206400000,2025-03-29 00:00:00,4.279,4.301,3.992,4.047,26340519.2,1743292799999,2025-03-29 23:59:59,108378319.9266,383397,12159616.0,50019244.2310
1743292800000,2025-03-30 00:00:00,4.047,4.170,3.982,4.041,20811122.9,1743379199999,2025-03-30 23:59:59,84914144.2387,317992,10281029.1,41954625.6850
1743379200000,2025-03-31 00:00:00,4.041,4.090,3.945,4.019,22299698.0,1743465599999,2025-03-31 23:59:59,89764407.9167,363112,10932554.6,44014751.2500
1743465600000,2025-04-01 00:00:00,4.019,4.280,4.011,4.169,25621770.4,1743551999999,2025-04-01 23:59:59,106881713.9855,371558,12801824.9,53394246.3578
1743552000000,2025-04-02 00:00:00,4.168,4.236,3.907,3.963,35398021.1,1743638399999,2025-04-02 23:59:59,145222818.0886,484518,17164780.5,70434333.2709
1743638400000,2025-04-03 00:00:00,3.962,4.106,3.842,4.057,28597825.5,1743724799999,2025-04-03 23:59:59,113777004.0238,409028,14053465.5,55917782.7885
1743724800000,2025-04-04 00:00:00,4.058,4.129,3.943,4.031,33804131.9,1743811199999,2025-04-04 23:59:59,136729986.0387,423816,16691429.5,67539698.1113
1743811200000,2025-04-05 00:00:00,4.031,4.068,3.894,3.954,17217802.4,1743897599999,2025-04-05 23:59:59,68251585.6050,256080,8131818.6,32241733.0181
1743897600000,2025-04-06 00:00:00,3.953,3.974,3.597,3.681,39871119.9,1743983999999,2025-04-06 23:59:59,151225428.5310,478530,18622960.8,70609216.7787
1743984000000,2025-04-07 00:00:00,3.681,3.731,3.278,3.590,92664450.7,1744070399999,2025-04-07 23:59:59,325284209.8573,903894,44505560.0,156232056.7255
1744070400000,2025-04-08 00:00:00,3.589,3.702,3.339,3.375,41017600.4,1744156799999,2025-04-08 23:59:59,145306883.5553,477733,20030690.7,71019163.7621
1744156800000,2025-04-09 00:00:00,3.374,3.750,3.246,3.641,64370302.8,1744243199999,2025-04-09 23:59:59,225013120.9519,661686,31257264.6,109239085.9127
1744243200000,2025-04-10 00:00:00,3.641,3.648,3.389,3.461,47915638.8,1744329599999,2025-04-10 23:59:59,167720649.0407,456001,23948814.5,83839965.7532
1744329600000,2025-04-11 00:00:00,3.461,3.597,3.448,3.555,28369883.9,1744415999999,2025-04-11 23:59:59,99989427.5596,345165,13254093.6,46724852.7843
1744416000000,2025-04-12 00:00:00,3.555,3.755,3.523,3.711,24591721.0,1744502399999,2025-04-12 23:59:59,89839049.0847,326619,11330946.7,41416689.1178
1744502400000,2025-04-13 00:00:00,3.711,3.815,3.613,3.665,41633623.3,1744588799999,2025-04-13 23:59:59,154133233.7943,443618,20799303.6,77042938.9681
1744588800000,2025-04-14 00:00:00,3.664,3.797,3.628,3.673,30292735.5,1744675199999,2025-04-14 23:59:59,112512250.5460,429126,14417396.3,53545315.7728
1744675200000,2025-04-15 00:00:00,3.673,3.733,3.514,3.517,28182161.1,1744761599999,2025-04-15 23:59:59,102381687.8351,354499,13180475.9,47896683.9303
1744761600000,2025-04-16 00:00:00,3.517,3.617,3.466,3.555,30176037.0,1744847999999,2025-04-16 23:59:59,106759907.1667,359877,14596219.1,51636965.1791
1744848000000,2025-04-17 00:00:00,3.555,3.697,3.537,3.633,25935198.3,1744934399999,2025-04-17 23:59:59,94243511.4936,331562,12867418.8,46770598.8028
1744934400000,2025-04-18 00:00:00,3.633,3.746,3.609,3.673,17786938.2,1745020799999,2025-04-18 23:59:59,65621520.5051,260334,8301547.7,30624199.0235
1745020800000,2025-04-19 00:00:00,3.672,3.890,3.642,3.878,20134535.8,1745107199999,2025-04-19 23:59:59,75468218.4366,271658,9518409.2,35730441.4955
1745107200000,2025-04-20 00:00:00,3.878,3.949,3.786,3.878,24911994.4,1745193599999,2025-04-20 23:59:59,96611816.5035,333422,11995533.3,46505440.5402
1745193600000,2025-04-21 00:00:00,3.878,3.983,3.767,3.776,27759346.0,1745279999999,2025-04-21 23:59:59,107859280.2202,356009,13508670.7,52525899.9560
1745280000000,2025-04-22 00:00:00,3.777,4.038,3.686,4.008,44348298.8,1745366399999,2025-04-22 23:59:59,169812209.7384,507336,21655747.5,82986690.1449
1745366400000,2025-04-23 00:00:00,4.008,4.198,3.997,4.093,37497095.1,1745452799999,2025-04-23 23:59:59,153468774.7164,490711,19274183.1,78897240.0826
1745452800000,2025-04-24 00:00:00,4.092,4.284,3.927,4.269,38941229.1,1745539199999,2025-04-24 23:59:59,159377194.6026,479946,18331746.3,75055004.9674
1745539200000,2025-04-25 00:00:00,4.269,4.372,4.213,4.251,30740851.6,1745625599999,2025-04-25 23:59:59,131855668.6297,454242,15220707.4,65295878.2672
1745625600000,2025-04-26 00:00:00,4.252,4.361,4.196,4.262,23527376.9,1745711999999,2025-04-26 23:59:59,100644001.9703,335294,11687555.6,50008590.4532
1745712000000,2025-04-27 00:00:00,4.262,4.289,4.053,4.086,30899691.2,1745798399999,2025-04-27 23:59:59,127565402.0802,363684,14699988.2,60677611.5612
1745798400000,2025-04-28 00:00:00,4.086,4.264,4.007,4.239,33135822.5,1745884799999,2025-04-28 23:59:59,138092717.9793,406125,15934100.5,66435712.7046
1745884800000,2025-04-29 00:00:00,4.240,4.328,4.097,4.143,22663940.0,1745971199999,2025-04-29 23:59:59,96181106.0522,347116,10679500.1,45349832.6834
1745971200000,2025-04-30 00:00:00,4.143,4.174,4.022,4.063,22009621.8,1746057599999,2025-04-30 23:59:59,90225096.2737,314540,10418219.8,42715841.6766
1746057600000,2025-05-01 00:00:00,4.063,4.222,4.061,4.174,20117522.5,1746143999999,2025-05-01 23:59:59,83497832.5185,275854,10048595.3,41704695.6367
1746144000000,2025-05-02 00:00:00,4.174,4.286,4.122,4.159,19108356.4,1746230399999,2025-05-02 23:59:59,80204679.1853,298007,9303872.2,39060238.0358
1746230400000,2025-05-03 00:00:00,4.159,4.170,4.008,4.024,17757427.9,1746316799999,2025-05-03 23:59:59,72633596.2619,238180,8112411.9,33202127.5623
1746316800000,2025-05-04 00:00:00,4.024,4.049,3.894,3.917,26995581.1,1746403199999,2025-05-04 23:59:59,107292410.1892,307229,12618881.1,50180055.5425
1746403200000,2025-05-05 00:00:00,3.918,4.020,3.879,3.915,25558125.8,1746489599999,2025-05-05 23:59:59,100675903.5148,321152,12781873.8,50361149.7853
1746489600000,2025-05-06 00:00:00,3.915,3.975,3.821,3.968,27266153.8,1746575999999,2025-05-06 23:59:59,106175793.6863,349423,13657404.9,53192095.6713
1746576000000,2025-05-07 00:00:00,3.969,4.006,3.876,3.967,20289457.1,1746662399999,2025-05-07 23:59:59,80035576.5216,279237,9962055.7,39305696.8990
1746662400000,2025-05-08 00:00:00,3.966,4.491,3.963,4.455,45591401.5,1746748799999,2025-05-08 23:59:59,194048514.3894,520745,23770364.2,101123726.8590
1746748800000,2025-05-09 00:00:00,4.455,4.862,4.432,4.800,50341004.7,1746835199999,2025-05-09 23:59:59,234200708.3698,630803,24989644.3,116226049.4231
1746835200000,2025-05-10 00:00:00,4.800,5.320,4.796,5.306,50331782.3,1746921599999,2025-05-10 23:59:59,254019363.0017,725328,24661736.1,124470546.4374
1746921600000,2025-05-11 00:00:00,5.306,5.361,4.952,5.095,39414147.9,1747007999999,2025-05-11 23:59:59,200971394.5504,563578,19196676.9,97909874.7481
1747008000000,2025-05-12 00:00:00,5.095,5.393,4.886,5.068,49951171.9,1747094399999,2025-05-12 23:59:59,257700446.2043,738483,24477577.9,126325594.2210
1747094400000,2025-05-13 00:00:00,5.068,5.271,4.820,5.190,36201577.9,1747180799999,2025-05-13 23:59:59,182116174.6132,534781,17394460.9,87516258.8820
1747180800000,2025-05-14 00:00:00,5.191,5.266,4.944,4.978,29546153.5,1747267199999,2025-05-14 23:59:59,150233430.3807,456271,13849950.3,70438554.6561
1747267200000,2025-05-15 00:00:00,4.979,5.025,4.674,4.776,43386769.5,1747353599999,2025-05-15 23:59:59,208665585.1833,536601,20487897.3,98545612.4510
1747353600000,2025-05-16 00:00:00,4.775,4.954,4.705,4.752,25773168.9,1747439999999,2025-05-16 23:59:59,124889440.3758,404791,12419678.4,60187670.8221
1747440000000,2025-05-17 00:00:00,4.751,4.767,4.553,4.610,28528063.3,1747526399999,2025-05-17 23:59:59,132903037.9706,420953,13246755.9,61721932.7799
1747526400000,2025-05-18 00:00:00,4.611,4.920,4.503,4.791,33425367.1,1747612799999,2025-05-18 23:59:59,157586960.2356,448592,16189350.8,76302466.2818
1747612800000,2025-05-19 00:00:00,4.791,4.819,4.410,4.593,31751498.6,1747699199999,2025-05-19 23:59:59,144516526.4340,445881,15335121.9,69833258.2683
1747699200000,2025-05-20 00:00:00,4.594,4.725,4.515,4.674,26526072.8,1747785599999,2025-05-20 23:59:59,122200327.4217,392452,12516361.8,57669705.9923
1747785600000,2025-05-21 00:00:00,4.674,4.876,4.610,4.736,40733718.3,1747871999999,2025-05-21 23:59:59,192063779.8643,473542,19908716.1,93889152.5193
1747872000000,2025-05-22 00:00:00,4.737,4.976,4.728,4.946,29705505.1,1747958399999,2025-05-22 23:59:59,144812163.4035,381306,14428374.3,70348449.7920
1747958400000,2025-05-23 00:00:00,4.947,5.117,4.527,4.558,51086276.3,1748044799999,2025-05-23 23:59:59,245686941.9734,598184,24166207.5,116230582.7670
1748044800000,2025-05-24 00:00:00,4.557,4.630,4.510,4.542,20622322.8,1748131199999,2025-05-24 23:59:59,94550689.4726,300965,9602274.9,44029971.0184
1748131200000,2025-05-25 00:00:00,4.542,4.562,4.346,4.521,24689960.1,1748217599999,2025-05-25 23:59:59,110023933.5630,320279,11911632.6,53094211.3192
1748217600000,2025-05-26 00:00:00,4.520,4.615,4.419,4.464,24755002.8,1748303999999,2025-05-26 23:59:59,111846751.4906,319919,11798204.5,53312563.9882
1748304000000,2025-05-27 00:00:00,4.465,4.613,4.368,4.532,27158129.6,1748390399999,2025-05-27 23:59:59,122919528.1682,363105,12985390.4,58795321.4504
1748390400000,2025-05-28 00:00:00,4.532,4.660,4.415,4.585,31850734.8,1748476799999,2025-05-28 23:59:59,144400039.6932,393947,15623053.8,70864852.0104
1748476800000,2025-05-29 00:00:00,4.586,4.680,4.328,4.331,35598963.7,1748563199999,2025-05-29 23:59:59,161011872.2638,399092,17012054.7,76964438.2598
1748563200000,2025-05-30 00:00:00,4.330,4.355,4.003,4.047,52990871.4,1748649599999,2025-05-30 23:59:59,220994326.8352,543130,24877593.0,103785896.0108
1748649600000,2025-05-31 00:00:00,4.046,4.118,3.893,4.074,31488403.4,1748735999999,2025-05-31 23:59:59,126196444.2925,403855,15209239.9,60966803.8051
1748736000000,2025-06-01 00:00:00,4.074,4.099,3.967,4.063,18378505.3,1748822399999,2025-06-01 23:59:59,74228124.8959,264524,9058520.4,36591814.7112
1748822400000,2025-06-02 00:00:00,4.064,4.170,3.948,4.146,24483443.8,1748908799999,2025-06-02 23:59:59,98823863.5668,328371,12358137.2,49909887.0442
1748908800000,2025-06-03 00:00:00,4.146,4.221,4.090,4.136,23988009.9,1748995199999,2025-06-03 23:59:59,99938418.9007,297814,11351022.9,47293634.4557
1748995200000,2025-06-04 00:00:00,4.135,4.212,3.981,4.005,25095219.5,1749081599999,2025-06-04 23:59:59,102884290.5742,285028,11696412.6,47983336.0947
1749081600000,2025-06-05 00:00:00,4.005,4.074,3.734,3.810,38757234.5,1749167999999,2025-06-05 23:59:59,151898528.6529,425049,17919245.7,70264914.9035
1749168000000,2025-06-06 00:00:00,3.811,3.990,3.799,3.883,20234656.3,1749254399999,2025-06-06 23:59:59,79046513.8323,284385,10005615.2,39077225.8233
1749254400000,2025-06-07 00:00:00,3.884,4.057,3.865,4.029,15820115.0,1749340799999,2025-06-07 23:59:59,63359652.2884,220097,7927320.2,31749116.6641
1749340800000,2025-06-08 00:00:00,4.028,4.110,3.972,4.022,18206799.0,1749427199999,2025-06-08 23:59:59,73652777.3395,225855,8696191.4,35184909.3121
1749427200000,2025-06-09 00:00:00,4.023,4.160,3.960,4.151,33169601.8,1749513599999,2025-06-09 23:59:59,134175837.0809,285071,16091523.5,65117347.5068
1749513600000,2025-06-10 00:00:00,4.151,4.317,4.094,4.293,40883867.6,1749599999999,2025-06-10 23:59:59,172302009.6301,403467,20128373.1,84845123.6246
1749600000000,2025-06-11 00:00:00,4.292,4.343,4.142,4.186,34065719.1,1749686399999,2025-06-11 23:59:59,145152325.9998,364085,16284480.3,69414296.6109
1749686400000,2025-06-12 00:00:00,4.187,4.202,3.904,3.917,45166472.2,1749772799999,2025-06-12 23:59:59,182552277.7334,441210,21979507.4,88883179.5836
1749772800000,2025-06-13 00:00:00,3.916,3.916,3.659,3.834,67440470.3,1749859199999,2025-06-13 23:59:59,255191600.0639,569207,31703642.6,119961572.8922
1749859200000,2025-06-14 00:00:00,3.834,3.844,3.714,3.779,20384079.6,1749945599999,2025-06-14 23:59:59,77076403.6615,238493,10279132.6,38866784.6434
1749945600000,2025-06-15 00:00:00,3.779,3.832,3.732,3.819,19057835.7,1750031999999,2025-06-15 23:59:59,72119258.9078,230482,9091334.7,34415780.3013
1750032000000,2025-06-16 00:00:00,3.819,3.990,3.784,3.846,32098595.7,1750118399999,2025-06-16 23:59:59,125431270.6832,329732,15737999.3,61497770.4438
1750118400000,2025-06-17 00:00:00,3.846,3.896,3.660,3.715,39570089.2,1750204799999,2025-06-17 23:59:59,149191387.5852,378926,19462191.8,73412644.4709
1750204800000,2025-06-18 00:00:00,3.716,3.784,3.571,3.621,40077026.7,1750291199999,2025-06-18 23:59:59,146485305.1506,391383,19185285.6,70119182.0733
1750291200000,2025-06-19 00:00:00,3.621,3.656,3.493,3.546,35249925.1,1750377599999,2025-06-19 23:59:59,125739971.1290,354083,16981132.7,60590591.4671
1750377600000,2025-06-20 00:00:00,3.546,3.575,3.328,3.437,57677484.0,1750463999999,2025-06-20 23:59:59,199968785.3216,425990,27488258.6,95358088.4213
1750464000000,2025-06-21 00:00:00,3.436,3.506,3.200,3.322,39976872.5,1750550399999,2025-06-21 23:59:59,134776080.0363,352105,18583008.1,62682044.9369
1750550400000,2025-06-22 00:00:00,3.322,3.361,3.014,3.151,86035431.0,1750636799999,2025-06-22 23:59:59,273615664.7136,605630,41440190.0,131873743.0324
1750636800000,2025-06-23 00:00:00,3.152,3.420,3.110,3.414,67381140.0,1750723199999,2025-06-23 23:59:59,218558298.6370,527052,33120909.2,107457991.9404
1750723200000,2025-06-24 00:00:00,3.413,3.521,3.383,3.438,40878943.7,1750809599999,2025-06-24 23:59:59,140525080.2028,382535,20473810.5,70378620.4866
1750809600000,2025-06-25 00:00:00,3.437,3.458,3.338,3.351,33379245.3,1750895999999,2025-06-25 23:59:59,113565116.2928,331205,16178054.3,55036263.5624
1750896000000,2025-06-26 00:00:00,3.351,3.432,3.268,3.297,36855052.7,1750982399999,2025-06-26 23:59:59,122829973.2996,329956,17603640.2,58676977.3982
1750982400000,2025-06-27 00:00:00,3.296,3.397,3.271,3.358,33085601.3,1751068799999,2025-06-27 23:59:59,110089982.9314,306648,16272251.7,54160698.7064
1751068800000,2025-06-28 00:00:00,3.358,3.424,3.328,3.405,16842414.3,1751155199999,2025-06-28 23:59:59,56755476.1841,179269,8473943.4,28558309.2734
1751155200000,2025-06-29 00:00:00,3.405,3.582,3.377,3.541,23247269.4,1751241599999,2025-06-29 23:59:59,80400007.5815,223200,11633721.6,40235776.5782
1751241600000,2025-06-30 00:00:00,3.541,3.559,3.350,3.395,37047091.2,1751327999999,2025-06-30 23:59:59,127142006.5178,357811,18657535.4,64049728.9755
1751328000000,2025-07-01 00:00:00,3.396,3.418,3.255,3.279,33263481.4,1751414399999,2025-07-01 23:59:59,110719818.1056,323482,15929944.9,53032443.2195
1751414400000,2025-07-02 00:00:00,3.278,3.625,3.240,3.545,50549121.5,1751500799999,2025-07-02 23:59:59,175064686.9609,414057,24911102.6,86325822.9942
1751500800000,2025-07-03 00:00:00,3.544,3.665,3.496,3.538,38768625.2,1751587199999,2025-07-03 23:59:59,138763508.0684,342485,19492126.9,69764952.5798
1751587200000,2025-07-04 00:00:00,3.538,3.561,3.310,3.355,48978978.6,1751673599999,2025-07-04 23:59:59,166459950.2156,370392,23376552.4,79459684.7238
1751673600000,2025-07-05 00:00:00,3.356,3.388,3.305,3.352,20706899.5,1751759999999,2025-07-05 23:59:59,69346023.0048,210402,9430098.6,31586313.9818
1751760000000,2025-07-06 00:00:00,3.352,3.446,3.326,3.393,30436052.1,1751846399999,2025-07-06 23:59:59,102939255.5740,243413,15330993.5,51849930.1216
1751846400000,2025-07-07 00:00:00,3.393,3.437,3.321,3.367,27404572.1,1751932799999,2025-07-07 23:59:59,92747248.1859,228873,13016795.2,44062963.9707
1751932800000,2025-07-08 00:00:00,3.368,3.475,3.324,3.447,28892256.1,1752019199999,2025-07-08 23:59:59,97988401.2225,267963,14568002.4,49412488.3747
1752019200000,2025-07-09 00:00:00,3.446,3.658,3.415,3.619,41532672.8,1752105599999,2025-07-09 23:59:59,146889514.5748,348837,21203699.8,74997784.0088
1752105600000,2025-07-10 00:00:00,3.619,3.894,3.588,3.880,52028269.0,1752191999999,2025-07-10 23:59:59,193094641.2150,418315,26278594.2,97616083.7121
1752192000000,2025-07-11 00:00:00,3.880,4.111,3.811,3.906,81627703.9,1752278399999,2025-07-11 23:59:59,324260472.1239,607273,39918108.1,158646922.4649
1752278400000,2025-07-12 00:00:00,3.906,4.066,3.793,3.890,52576513.5,1752364799999,2025-07-12 23:59:59,206817935.7821,451870,25194931.5,99110204.4601
1752364800000,2025-07-13 00:00:00,3.891,4.075,3.875,3.983,41911629.5,1752451199999,2025-07-13 23:59:59,166736248.9600,382590,20576269.7,81857049.6497
1752451200000,2025-07-14 00:00:00,3.983,4.195,3.900,3.949,55467891.7,1752537599999,2025-07-14 23:59:59,225429718.3795,501490,26616207.7,108215332.2309
1752537600000,2025-07-15 00:00:00,3.949,4.099,3.800,4.082,53239925.6,1752623999999,2025-07-15 23:59:59,209573442.6062,522729,25837618.8,101711915.0348
1752624000000,2025-07-16 00:00:00,4.083,4.269,4.011,4.156,46835956.4,1752710399999,2025-07-16 23:59:59,193980195.3211,437514,24005439.6,99466828.6107
1752710400000,2025-07-17 00:00:00,4.156,4.305,4.065,4.260,59342973.3,1752796799999,2025-07-17 23:59:59,248383943.4134,545499,29301271.7,122665643.9441
1752796800000,2025-07-18 00:00:00,4.259,4.627,4.137,4.229,83364359.6,1752883199999,2025-07-18 23:59:59,365767744.2587,748082,40353234.7,177220172.7390
1752883200000,2025-07-19 00:00:00,4.228,4.453,4.132,4.408,39374223.4,1752969599999,2025-07-19 23:59:59,168681670.0482,435581,19495687.4,83566910.1047
1752969600000,2025-07-20 00:00:00,4.408,4.588,4.349,4.481,49216448.3,1753055999999,2025-07-20 23:59:59,220195005.3195,492805,23616257.2,105666181.2097
1753056000000,2025-07-21 00:00:00,4.482,4.677,4.394,4.500,60659432.3,1753142399999,2025-07-21 23:59:59,275438319.8698,543031,28380789.1,128923537.3686
1753142400000,2025-07-22 00:00:00,4.501,4.556,4.279,4.552,77935454.4,1753228799999,2025-07-22 23:59:59,343730622.0434,660840,38477672.6,169679860.8202
1753228800000,2025-07-23 00:00:00,4.553,4.554,3.992,4.113,85130398.3,1753315199999,2025-07-23 23:59:59,361426875.7968,685735,40748878.2,172916407.1672
1753315200000,2025-07-24 00:00:00,4.114,4.200,3.891,3.999,83725299.9,1753401599999,2025-07-24 23:59:59,337430092.6582,670803,41074538.1,165586550.4290
1753401600000,2025-07-25 00:00:00,3.999,4.100,3.860,4.086,58667530.4,1753487999999,2025-07-25 23:59:59,233214250.8839,548388,28546461.9,113478190.8712
1753488000000,2025-07-26 00:00:00,4.087,4.195,4.067,4.123,25683921.7,1753574399999,2025-07-26 23:59:59,105909187.5430,268192,12773025.9,52671874.0383
1753574400000,2025-07-27 00:00:00,4.123,4.252,4.111,4.239,28797437.6,1753660799999,2025-07-27 23:59:59,120198618.6571,296715,13928721.0,58145492.1400
1753660800000,2025-07-28 00:00:00,4.239,4.310,3.927,3.963,53640523.7,1753747199999,2025-07-28 23:59:59,221227775.4396,461930,25353521.0,104658323.0287
1753747200000,2025-07-29 00:00:00,3.963,4.079,3.817,3.902,55051249.6,1753833599999,2025-07-29 23:59:59,216854135.5050,495783,27194191.5,107186517.2696
1753833600000,2025-07-30 00:00:00,3.902,3.919,3.618,3.804,57267532.7,1753919999999,2025-07-30 23:59:59,217165992.4961,481002,26819326.5,101750082.8774
1753920000000,2025-07-31 00:00:00,3.803,3.918,3.663,3.679,41790482.2,1754006399999,2025-07-31 23:59:59,158811539.8884,390626,20237526.8,76932501.3631
1754006400000,2025-08-01 00:00:00,3.679,3.722,3.442,3.545,76121915.4,1754092799999,2025-08-01 23:59:59,274830965.8969,634410,35446700.3,128020431.7808
1754092800000,2025-08-02 00:00:00,3.545,3.628,3.425,3.506,42368509.8,1754179199999,2025-08-02 23:59:59,149259716.1762,396721,20279945.2,71424440.0290
1754179200000,2025-08-03 00:00:00,3.506,3.625,3.456,3.600,23869469.3,1754265599999,2025-08-03 23:59:59,85194044.9519,238183,11653143.3,41595228.0258
1754265600000,2025-08-04 00:00:00,3.600,3.755,3.595,3.718,29517408.3,1754351999999,2025-08-04 23:59:59,108364543.7044,293509,14653411.7,53800449.0898
1754352000000,2025-08-05 00:00:00,3.718,3.724,3.535,3.619,38353383.1,1754438399999,2025-08-05 23:59:59,139074924.0396,331883,18144872.6,65803656.9259
1754438400000,2025-08-06 00:00:00,3.619,3.696,3.550,3.673,27149432.5,1754524799999,2025-08-06 23:59:59,98338194.7102,293151,13178686.0,47740877.7716
1754524800000,2025-08-07 00:00:00,3.672,3.872,3.642,3.864,33495759.2,1754611199999,2025-08-07 23:59:59,125630401.7560,296110,16965845.6,63678636.5649
1754611200000,2025-08-08 00:00:00,3.864,3.997,3.805,3.977,52332318.3,1754697599999,2025-08-08 23:59:59,204078923.5381,445837,25593254.4,99816295.9229
1754697600000,2025-08-09 00:00:00,3.978,4.164,3.968,4.134,36548498.3,1754783999999,2025-08-09 23:59:59,149156428.1241,340293,17653960.9,72051910.0060
1754784000000,2025-08-10 00:00:00,4.135,4.180,3.964,4.047,39304429.2,1754870399999,2025-08-10 23:59:59,159524602.5845,364148,18858006.9,76513948.2047
1754870400000,2025-08-11 00:00:00,4.046,4.158,3.815,3.852,52918078.7,1754956799999,2025-08-11 23:59:59,210540744.8505,486748,24752417.9,98526270.7443
1754956800000,2025-08-12 00:00:00,3.852,4.233,3.833,4.155,56021630.5,1755043199999,2025-08-12 23:59:59,226760332.0715,501031,28087884.4,113815469.1011
1755043200000,2025-08-13 00:00:00,4.156,4.318,4.097,4.278,58564394.4,1755129599999,2025-08-13 23:59:59,247451626.8584,493205,28997984.2,122551223.8453
1755129600000,2025-08-14 00:00:00,4.277,4.370,3.901,3.983,93565734.6,1755215999999,2025-08-14 23:59:59,383585334.6569,676779,44026042.1,180640012.7007
1755216000000,2025-08-15 00:00:00,3.983,4.100,3.816,3.892,59301317.7,1755302399999,2025-08-15 23:59:59,233920766.2660,505902,28293165.5,111606759.0743
1755302400000,2025-08-16 00:00:00,3.892,3.995,3.886,3.963,25094100.5,1755388799999,2025-08-16 23:59:59,98749607.8417,274878,12010926.4,47274768.0565
1755388800000,2025-08-17 00:00:00,3.963,4.192,3.923,4.050,37709885.1,1755475199999,2025-08-17 23:59:59,153531009.5840,363956,18289264.4,74429603.6106
1755475200000,2025-08-18 00:00:00,4.050,4.060,3.831,3.912,53510384.6,1755561599999,2025-08-18 23:59:59,209391484.0540,483154,25396429.3,99363163.4774
1755561600000,2025-08-19 00:00:00,3.912,3.959,3.709,3.717,52630425.6,1755647999999,2025-08-19 23:59:59,200723807.9581,453131,24557384.0,93693158.6931
1755648000000,2025-08-20 00:00:00,3.717,3.904,3.693,3.883,44994169.1,1755734399999,2025-08-20 23:59:59,170775283.5783,391283,21446445.9,81375343.2427
1755734400000,2025-08-21 00:00:00,3.883,3.923,3.771,3.796,32251630.2,1755820799999,2025-08-21 23:59:59,123767729.4971,303454,15866634.2,60902943.7460
1755820800000,2025-08-22 00:00:00,3.795,4.204,3.685,4.181,81002938.3,1755907199999,2025-08-22 23:59:59,318695572.6707,578201,38938239.3,153360480.7086
1755907200000,2025-08-23 00:00:00,4.181,4.267,4.026,4.228,43816561.9,1755993599999,2025-08-23 23:59:59,182047979.3882,390786,21731235.6,90304727.8721
1755993600000,2025-08-24 00:00:00,4.227,4.284,4.013,4.110,66459232.7,1756079999999,2025-08-24 23:59:59,274082459.1277,481843,32281710.4,133104715.0897
1756080000000,2025-08-25 00:00:00,4.110,4.147,3.686,3.730,74326027.7,1756166399999,2025-08-25 23:59:59,289260179.2634,601321,34960401.5,136017565.3928
1756166400000,2025-08-26 00:00:00,3.731,3.922,3.704,3.886,48319038.1,1756252799999,2025-08-26 23:59:59,184131948.7531,411238,23745072.2,90478009.1560
1756252800000,2025-08-27 00:00:00,3.886,3.933,3.822,3.837,40608171.1,1756339199999,2025-08-27 23:59:59,157560492.4033,339088,19559733.9,75904949.5743
1756339200000,2025-08-28 00:00:00,3.836,4.021,3.806,3.979,42422804.3,1756425599999,2025-08-28 23:59:59,167046858.9322,388410,20673311.0,81404618.2851
1756425600000,2025-08-29 00:00:00,3.979,4.002,3.720,3.771,60248690.7,1756511999999,2025-08-29 23:59:59,230652038.3193,496557,29102397.4,111460336.8839
1756512000000,2025-08-30 00:00:00,3.772,3.823,3.709,3.808,24727528.1,1756598399999,2025-08-30 23:59:59,93378202.3810,251984,12442120.3,46988889.1578
1756598400000,2025-08-31 00:00:00,3.807,3.875,3.732,3.740,33013984.2,1756684799999,2025-08-31 23:59:59,125760092.7758,247237,15342472.9,58481463.4845
1756684800000,2025-09-01 00:00:00,3.739,3.889,3.608,3.691,64929898.0,1756771199999,2025-09-01 23:59:59,242401256.5327,517405,30912939.8,115541456.0073
1756771200000,2025-09-02 00:00:00,3.691,3.825,3.674,3.818,42161542.5,1756857599999,2025-09-02 23:59:59,158578752.5787,358094,21202000.5,79778506.9448
1756857600000,2025-09-03 00:00:00,3.819,3.905,3.783,3.866,25562416.5,1756943999999,2025-09-03 23:59:59,98369924.0502,246410,12934178.7,49785764.2033
1756944000000,2025-09-04 00:00:00,3.866,3.876,3.722,3.762,28173173.3,1757030399999,2025-09-04 23:59:59,106466385.9972,253492,12684618.1,47953275.3115
1757030400000,2025-09-05 00:00:00,3.761,3.894,3.754,3.827,40845174.7,1757116799999,2025-09-05 23:59:59,156176703.8990,289800,20570342.8,78684807.4571
1757116800000,2025-09-06 00:00:00,3.827,3.884,3.779,3.822,20103128.6,1757203199999,2025-09-06 23:59:59,76892054.8529,176708,9690586.6,37071147.9422
1757203200000,2025-09-07 00:00:00,3.822,4.087,3.819,3.993,45317710.9,1757289599999,2025-09-07 23:59:59,179670597.6284,349502,22665310.0,89824872.8076
1757289600000,2025-09-08 00:00:00,3.993,4.082,3.978,4.044,45639458.9,1757375999999,2025-09-08 23:59:59,183984936.1677,340695,22519490.7,90811508.3331
1757376000000,2025-09-09 00:00:00,4.045,4.183,4.001,4.137,54705705.8,1757462399999,2025-09-09 23:59:59,224293365.4341,423072,27072446.6,111048126.6387
1757462400000,2025-09-10 00:00:00,4.138,4.226,4.054,4.217,40354251.9,1757548799999,2025-09-10 23:59:59,167336747.0147,348647,20089929.3,83351578.5467
1757548800000,2025-09-11 00:00:00,4.216,4.258,4.126,4.242,34393960.5,1757635199999,2025-09-11 23:59:59,144501342.1282,318736,16688863.4,70128721.1600
1757635200000,2025-09-12 00:00:00,4.242,4.322,4.151,4.318,35918229.9,1757721599999,2025-09-12 23:59:59,152276973.2810,294882,17061056.0,72371516.2703
1757721600000,2025-09-13 00:00:00,4.318,4.625,4.302,4.492,58051086.1,1757807999999,2025-09-13 23:59:59,260493170.1805,497135,28860470.1,129486014.7182
1757808000000,2025-09-14 00:00:00,4.491,4.498,4.275,4.314,37665517.5,1757894399999,2025-09-14 23:59:59,164941732.0764,343498,17833571.2,78129943.9085
1757894400000,2025-09-15 00:00:00,4.314,4.401,4.101,4.148,48905585.7,1757980799999,2025-09-15 23:59:59,206313689.5805,394929,22681368.5,95792314.3127
1757980800000,2025-09-16 00:00:00,4.147,4.294,4.106,4.251,41967265.4,1758067199999,2025-09-16 23:59:59,176432495.4452,352867,19716434.4,82893038.9944
1758067200000,2025-09-17 00:00:00,4.251,4.431,4.130,4.402,47172021.4,1758153599999,2025-09-17 23:59:59,199944917.1727,378211,23156525.1,98237558.7961
1758153600000,2025-09-18 00:00:00,4.402,4.594,4.371,4.532,54266749.2,1758239999999,2025-09-18 23:59:59,244903896.1954,459258,27542340.7,124316084.2144
1758240000000,2025-09-19 00:00:00,4.531,4.880,4.315,4.355,88690903.8,1758326399999,2025-09-19 23:59:59,405695124.0723,731171,42798705.0,196016965.6823
1758326400000,2025-09-20 00:00:00,4.355,4.459,4.287,4.353,33476174.1,1758412799999,2025-09-20 23:59:59,146133359.6107,348265,15602897.2,68123829.5981
1758412800000,2025-09-21 00:00:00,4.353,4.385,4.233,4.259,24601681.2,1758499199999,2025-09-21 23:59:59,105961475.7351,269586,11653065.2,50204530.6256
1758499200000,2025-09-22 00:00:00,4.259,4.277,3.787,4.035,72157734.7,1758585599999,2025-09-22 23:59:59,290209562.4020,597968,33919831.8,136427355.0368
1758585600000,2025-09-23 00:00:00,4.034,4.057,3.924,3.964,36637121.7,1758671999999,2025-09-23 23:59:59,146757346.1335,338991,16333160.7,65460958.9170
1758672000000,2025-09-24 00:00:00,3.964,4.114,3.883,3.989,37294812.3,1758758399999,2025-09-24 23:59:59,149937542.2334,306790,18009772.1,72434316.8253
1758758400000,2025-09-25 00:00:00,3.989,4.003,3.768,3.801,64753327.8,1758844799999,2025-09-25 23:59:59,252052439.2545,503808,30932811.9,120448615.1778
1758844800000,2025-09-26 00:00:00,3.801,3.969,3.773,3.922,39677956.9,1758931199999,2025-09-26 23:59:59,153351346.5449,358344,18939564.1,73182974.5304
1758931200000,2025-09-27 00:00:00,3.923,3.925,3.848,3.887,18856772.0,1759017599999,2025-09-27 23:59:59,73251529.9325,185285,8928097.8,34690143.9399
1759017600000,2025-09-28 00:00:00,3.887,4.028,3.790,3.994,30886725.9,1759103999999,2025-09-28 23:59:59,119748154.9019,258906,15219791.2,59041147.9126
1759104000000,2025-09-29 00:00:00,3.995,4.022,3.855,3.977,42191850.2,1759190399999,2025-09-29 23:59:59,166946721.9528,324118,20186733.4,79918743.7044
1759190400000,2025-09-30 00:00:00,3.977,3.991,3.805,3.906,33024072.9,1759276799999,2025-09-30 23:59:59,128344480.3817,300134,14966878.3,58179120.3561
1759276800000,2025-10-01 00:00:00,3.906,4.123,3.882,4.122,38553919.2,1759363199999,2025-10-01 23:59:59,155675822.0442,325462,19054647.0,76902270.7205
1759363200000,2025-10-02 00:00:00,4.122,4.339,4.097,4.306,48005501.8,1759449599999,2025-10-02 23:59:59,203314078.8976,381095,23421995.7,99210369.2543
1759449600000,2025-10-03 00:00:00,4.306,4.382,4.177,4.319,44669922.0,1759535999999,2025-10-03 23:59:59,190759426.8298,395919,22228141.4,94949643.3140
1759536000000,2025-10-04 00:00:00,4.320,4.328,4.133,4.188,30173206.2,1759622399999,2025-10-04 23:59:59,127283536.6041,263325,13816976.8,58305716.9223
1759622400000,2025-10-05 00:00:00,4.187,4.376,4.074,4.131,46314757.9,1759708799999,2025-10-05 23:59:59,195616898.8104,373268,21111517.1,89316262.9026
1759708800000,2025-10-06 00:00:00,4.131,4.439,4.106,4.398,50824138.1,1759795199999,2025-10-06 23:59:59,218705366.0158,441664,26397666.9,113694592.3755
1759795200000,2025-10-07 00:00:00,4.398,4.436,4.107,4.136,60167428.4,1759881599999,2025-10-07 23:59:59,255779452.0032,470114,28249444.3,120093734.6134
1759881600000,2025-10-08 00:00:00,4.137,4.241,4.060,4.192,35259465.4,1759967999999,2025-10-08 23:59:59,146491512.0349,346952,16121994.8,67008776.4065
1759968000000,2025-10-09 00:00:00,4.193,4.197,3.961,4.072,42499312.7,1760054399999,2025-10-09 23:59:59,172038417.7141,378717,19139915.9,77464717.5818
1760054400000,2025-10-10 00:00:00,4.072,4.289,0.942,2.937,227100984.8,1760140799999,2025-10-10 23:59:59,718914717.7642,1525594,104347450.6,332718693.2537
1760140800000,2025-10-11 00:00:00,2.937,3.314,2.849,2.994,132674538.8,1760227199999,2025-10-11 23:59:59,409319660.7910,989995,65317480.2,201695331.9458
1760227200000,2025-10-12 00:00:00,2.995,3.306,2.906,3.238,78304988.4,1760313599999,2025-10-12 23:59:59,243219863.7804,569035,38126510.8,118451156.4148
1760313600000,2025-10-13 00:00:00,3.238,3.442,3.190,3.373,92845891.7,1760399999999,2025-10-13 23:59:59,307012076.8595,617124,45360968.6,150031134.3890
1760400000000,2025-10-14 00:00:00,3.373,3.396,3.063,3.246,95183429.1,1760486399999,2025-10-14 23:59:59,303510293.6392,611401,45756252.2,145896643.8506
1760486400000,2025-10-15 00:00:00,3.245,3.339,3.076,3.134,54933358.7,1760572799999,2025-10-15 23:59:59,175305874.2803,438066,26199941.1,83652641.2150
1760572800000,2025-10-16 00:00:00,3.135,3.204,2.958,3.014,67216076.2,1760659199999,2025-10-16 23:59:59,208134842.4519,550397,32595890.9,101025057.6893
1760659200000,2025-10-17 00:00:00,3.015,3.058,2.768,2.889,81769646.6,1760745599999,2025-10-17 23:59:59,236540540.4727,586997,39568321.4,114494973.7107
1760745600000,2025-10-18 00:00:00,2.888,2.968,2.886,2.929,25094391.4,1760831999999,2025-10-18 23:59:59,73372594.6919,227252,12809725.5,37461251.5278
1760832000000,2025-10-19 00:00:00,2.929,3.056,2.882,3.007,39598544.7,1760918399999,2025-10-19 23:59:59,117863971.9149,277980,19248599.7,57281752.0386
1760918400000,2025-10-20 00:00:00,3.006,3.129,2.945,3.083,41162462.1,1761004799999,2025-10-20 23:59:59,126175634.1526,309596,19851068.4,60844684.2637
1761004800000,2025-10-21 00:00:00,3.083,3.188,2.946,3.004,60293429.9,1761091199999,2025-10-21 23:59:59,185282778.3419,395065,28766659.2,88399346.8034
1761091200000,2025-10-22 00:00:00,3.003,3.027,2.826,2.916,57585708.2,1761177599999,2025-10-22 23:59:59,170403595.6273,399861,27728939.4,82048661.2115
1761177600000,2025-10-23 00:00:00,2.917,3.035,2.909,3.001,28791043.2,1761263999999,2025-10-23 23:59:59,85429696.8477,250091,14013402.7,41586297.5525
1761264000000,2025-10-24 00:00:00,3.001,3.134,2.989,3.076,30494511.1,1761350399999,2025-10-24 23:59:59,92942407.9137,259390,14530124.0,44294618.8938
1761350400000,2025-10-25 00:00:00,3.076,3.105,3.024,3.088,16162317.1,1761436799999,2025-10-25 23:59:59,49502165.9119,160053,8187819.3,25081614.4777
1761436800000,2025-10-26 00:00:00,3.089,3.238,3.055,3.193,28292077.8,1761523199999,2025-10-26 23:59:59,89023689.0138,227552,14211302.2,44743497.5330
1761523200000,2025-10-27 00:00:00,3.193,3.245,3.116,3.138,35476472.3,1761609599999,2025-10-27 23:59:59,112736478.8591,288787,16996969.0,54019522.5720
1761609600000,2025-10-28 00:00:00,3.137,3.193,2.985,3.047,41535845.9,1761695999999,2025-10-28 23:59:59,128978950.4647,356459,19366527.0,60188910.1623
1761696000000,2025-10-29 00:00:00,3.047,3.175,3.021,3.077,47134824.3,1761782399999,2025-10-29 23:59:59,145928792.0196,374279,23566207.2,72985688.4099
1761782400000,2025-10-30 00:00:00,3.077,3.117,2.778,2.869,80829115.1,1761868799999,2025-10-30 23:59:59,236591416.6205,532952,38530005.7,112761105.8627
1761868800000,2025-10-31 00:00:00,2.868,2.923,2.823,2.881,39750450.9,1761955199999,2025-10-31 23:59:59,114736841.6186,306916,20222447.1,58399935.2683
1761955200000,2025-11-01 00:00:00,2.880,2.972,2.862,2.970,28292746.1,1762041599999,2025-11-01 23:59:59,82664583.8570,227512,13922174.6,40683785.0967
1762041600000,2025-11-02 00:00:00,2.969,3.013,2.861,2.984,34336109.3,1762127999999,2025-11-02 23:59:59,101158414.4879,275341,15668299.2,46206979.7546
1762128000000,2025-11-03 00:00:00,2.983,2.992,2.450,2.582,100682033.1,1762214399999,2025-11-03 23:59:59,269686843.1520,628535,46950813.3,125699340.4735
1762214400000,2025-11-04 00:00:00,2.582,2.661,2.341,2.506,112835791.9,1762300799999,2025-11-04 23:59:59,283869270.0429,766004,54839694.1,137856971.7204
1762300800000,2025-11-05 00:00:00,2.507,2.675,2.382,2.667,55753360.1,1762387199999,2025-11-05 23:59:59,142962633.9276,444957,28318358.3,72610395.1299
1762387200000,2025-11-06 00:00:00,2.667,2.681,2.526,2.664,51584087.8,1762473599999,2025-11-06 23:59:59,134882360.5422,420173,25258577.1,66088999.0861
1762473600000,2025-11-07 00:00:00,2.664,3.339,2.661,3.251,120845762.8,1762559999999,2025-11-07 23:59:59,358712638.0028,1053914,59454508.2,176436684.9836
1762560000000,2025-11-08 00:00:00,3.250,3.526,3.077,3.248,91160809.0,1762646399999,2025-11-08 23:59:59,298747493.8868,855441,44188382.0,144890674.2629
1762646400000,2025-11-09 00:00:00,3.248,3.305,3.029,3.229,57575857.7,1762732799999,2025-11-09 23:59:59,182779968.3411,573439,27880532.6,88617650.4054
1762732800000,2025-11-10 00:00:00,3.229,3.315,3.124,3.264,52505216.2,1762819199999,2025-11-10 23:59:59,169201477.6783,550495,25073505.5,80833304.5015
1762819200000,2025-11-11 00:00:00,3.265,3.384,3.039,3.053,53460352.0,1762905599999,2025-11-11 23:59:59,170717520.1148,566417,25379680.6,81085394.0144
1762905600000,2025-11-12 00:00:00,3.053,3.144,2.873,2.925,47773386.9,1762991999999,2025-11-12 23:59:59,144034887.4307,480230,23695621.8,71503445.5508
1762992000000,2025-11-13 00:00:00,2.925,3.046,2.760,2.851,53897153.0,1763078399999,2025-11-13 23:59:59,157444388.0701,546345,26387102.3,77080175.0763
1763078400000,2025-11-14 00:00:00,2.851,2.920,2.748,2.811,58402498.0,1763164799999,2025-11-14 23:59:59,166123477.4796,573541,29106726.3,82831179.6707
1763164800000,2025-11-15 00:00:00,2.812,2.949,2.810,2.830,27904070.8,1763251199999,2025-11-15 23:59:59,80243470.2166,280085,14077315.7,40501262.1763
1763251200000,2025-11-16 00:00:00,2.830,2.897,2.691,2.783,37075956.0,1763337599999,2025-11-16 23:59:59,103423492.7804,371648,18025623.6,50313023.1845
1763337600000,2025-11-17 00:00:00,2.783,2.866,2.624,2.663,44752804.5,1763423999999,2025-11-17 23:59:59,123364123.2940,465153,21652740.7,59718199.2130
1763424000000,2025-11-18 00:00:00,2.664,2.802,2.613,2.754,45003601.1,1763510399999,2025-11-18 23:59:59,122672833.5251,430530,22782526.5,62122911.8200
1763510400000,2025-11-19 00:00:00,2.753,2.766,2.566,2.690,40296641.4,1763596799999,2025-11-19 23:59:59,107616890.3718,380231,19359912.2,51694418.9755
1763596800000,2025-11-20 00:00:00,2.691,2.820,2.503,2.541,57061955.4,1763683199999,2025-11-20 23:59:59,151205946.8011,467798,27013710.5,71691785.1660
1763683200000,2025-11-21 00:00:00,2.542,2.592,2.246,2.345,102336337.9,1763769599999,2025-11-21 23:59:59,245414351.7431,676834,49086205.2,117782276.0578
1763769600000,2025-11-22 00:00:00,2.345,2.355,2.255,2.308,40567985.7,1763855999999,2025-11-22 23:59:59,93305799.6231,325941,20342050.2,46791443.9490
1763856000000,2025-11-23 00:00:00,2.308,2.368,2.243,2.257,31843140.6,1763942399999,2025-11-23 23:59:59,73789079.2034,247625,15257759.6,35392239.4498
1763942400000,2025-11-24 00:00:00,2.257,2.395,2.240,2.338,48717917.4,1764028799999,2025-11-24 23:59:59,112206157.0637,351497,23938210.6,55128696.9776
1764028800000,2025-11-25 00:00:00,2.338,2.348,2.175,2.294,56030656.8,1764115199999,2025-11-25 23:59:59,126573082.6375,317915,27649252.7,62488526.6943
1764115200000,2025-11-26 00:00:00,2.294,2.370,2.238,2.343,41010782.9,1764201599999,2025-11-26 23:59:59,94388706.6849,262700,19231297.5,44271632.4161
1764201600000,2025-11-27 00:00:00,2.342,2.390,2.307,2.335,29751353.1,1764287999999,2025-11-27 23:59:59,69706634.8390,202332,14527764.0,34044851.2367
1764288000000,2025-11-28 00:00:00,2.335,2.376,2.258,2.282,44957227.1,1764374399999,2025-11-28 23:59:59,104108700.4030,270597,21865380.4,50647896.0904
1764374400000,2025-11-29 00:00:00,2.283,2.297,2.224,2.257,22637180.3,1764460799999,2025-11-29 23:59:59,51180775.0842,165259,10822575.5,24470892.8530
1764460800000,2025-11-30 00:00:00,2.257,2.292,2.201,2.206,22894423.0,1764547199999,2025-11-30 23:59:59,51722045.8085,169570,10849022.2,24519586.7895
1764547200000,2025-12-01 00:00:00,2.206,2.208,1.960,2.039,86356307.7,1764633599999,2025-12-01 23:59:59,177011969.4295,455436,40480244.2,82875080.3278
1764633600000,2025-12-02 00:00:00,2.039,2.286,2.030,2.248,62022142.1,1764719999999,2025-12-02 23:59:59,134389986.0665,351092,32208724.5,69814206.4399
1764720000000,2025-12-03 00:00:00,2.247,2.398,2.239,2.364,46838600.9,1764806399999,2025-12-03 23:59:59,108080859.4577,307858,23537369.2,54345038.2076
1764806400000,2025-12-04 00:00:00,2.364,2.373,2.243,2.270,33714208.4,1764892799999,2025-12-04 23:59:59,78102212.1053,233361,15336708.2,35548776.2784
1764892800000,2025-12-05 00:00:00,2.271,2.306,2.080,2.123,53239437.2,1764979199999,2025-12-05 23:59:59,116353336.8699,315823,24435332.9,53422769.1694
1764979200000,2025-12-06 00:00:00,2.124,2.163,2.085,2.126,25162052.5,1765065599999,2025-12-06 23:59:59,53389390.1789,185739,12591748.8,26719773.9558
1765065600000,2025-12-07 00:00:00,2.126,2.159,2.037,2.091,45490147.2,1765151999999,2025-12-07 23:59:59,95700179.2228,262420,21510888.5,45257200.4869
1765152000000,2025-12-08 00:00:00,2.092,2.178,2.080,2.129,45931989.0,1765238399999,2025-12-08 23:59:59,98031705.4918,280605,23476567.2,50110180.9129
1765238400000,2025-12-09 00:00:00,2.128,2.390,2.087,2.291,64409685.4,1765324799999,2025-12-09 23:59:59,144477480.3658,376110,32240860.3,72337386.4254
1765324800000,2025-12-10 00:00:00,2.292,2.316,2.180,2.189,52617416.0,1765411199999,2025-12-10 23:59:59,117524319.0958,347283,26010432.0,58115559.4579
1765411200000,2025-12-11 00:00:00,2.189,2.191,2.006,2.065,66712815.0,1765497599999,2025-12-11 23:59:59,137354533.2660,402939,32481482.3,66810768.7820
1765497600000,2025-12-12 00:00:00,2.064,2.095,1.943,2.010,57527361.3,1765583999999,2025-12-12 23:59:59,115891969.4596,325401,26892388.3,54240827.6061
1765584000000,2025-12-13 00:00:00,2.010,2.056,2.007,2.037,21696589.9,1765670399999,2025-12-13 23:59:59,44146777.6251,154307,10852859.4,22083848.7082
1765670400000,2025-12-14 00:00:00,2.037,2.044,1.930,1.951,42490359.8,1765756799999,2025-12-14 23:59:59,84105463.8834,223226,19857611.0,39297808.7038
1765756800000,2025-12-15 00:00:00,1.951,2.008,1.827,1.899,70641484.4,1765843199999,2025-12-15 23:59:59,135669987.3664,366716,33618376.7,64633392.1954
1765843200000,2025-12-16 00:00:00,1.900,1.943,1.860,1.897,44635354.8,1765929599999,2025-12-16 23:59:59,84820369.1741,291156,22855793.4,43446810.7520
1765929600000,2025-12-17 00:00:00,1.897,1.953,1.789,1.814,68085865.6,1766015999999,2025-12-17 23:59:59,126571414.2175,350970,31724830.0,59018621.9206
1766016000000,2025-12-18 00:00:00,1.814,1.888,1.719,1.758,73008549.7,1766102399999,2025-12-18 23:59:59,131323488.5827,385287,33820588.3,60866826.8435
1766102400000,2025-12-19 00:00:00,1.759,1.880,1.737,1.849,57094087.8,1766188799999,2025-12-19 23:59:59,103454973.7310,303648,29378231.6,53223274.9673
1766188800000,2025-12-20 00:00:00,1.849,1.868,1.825,1.830,22283217.0,1766275199999,2025-12-20 23:59:59,41004774.4880,149537,11520930.5,21205368.3855
1766275200000,2025-12-21 00:00:00,1.830,1.851,1.748,1.801,33861005.8,1766361599999,2025-12-21 23:59:59,60761091.4226,196995,16354428.6,29357842.4844
1766361600000,2025-12-22 00:00:00,1.802,1.853,1.755,1.783,44614426.5,1766447999999,2025-12-22 23:59:59,80783278.6144,250439,22421006.7,40608301.1076
1766448000000,2025-12-23 00:00:00,1.783,1.801,1.722,1.764,39193807.3,1766534399999,2025-12-23 23:59:59,68929519.6576,227061,18302280.7,32210689.2164
1766534400000,2025-12-24 00:00:00,1.764,1.775,1.704,1.736,38183559.8,1766620799999,2025-12-24 23:59:59,66078212.7346,195677,18137003.8,31404841.5898
1766620800000,2025-12-25 00:00:00,1.737,1.751,1.676,1.682,49778945.1,1766707199999,2025-12-25 23:59:59,85696913.7121,198460,23383916.3,40286557.1561
1766707200000,2025-12-26 00:00:00,1.682,1.753,1.651,1.723,59359515.4,1766793599999,2025-12-26 23:59:59,101559747.9288,264341,30071727.6,51477706.6691
1766793600000,2025-12-27 00:00:00,1.722,1.927,1.721,1.909,57747632.9,1766879999999,2025-12-27 23:59:59,104781525.2179,270506,29800794.3,54065457.7781
1766880000000,2025-12-28 00:00:00,1.909,1.915,1.827,1.850,31339964.8,1766966399999,2025-12-28 23:59:59,58624220.4789,211951,15114207.2,28284942.6904
1766966400000,2025-12-29 00:00:00,1.850,1.904,1.815,1.823,45201104.4,1767052799999,2025-12-29 23:59:59,83959882.6059,247019,22253995.5,41360440.5088
1767052800000,2025-12-30 00:00:00,1.823,1.846,1.791,1.809,29914161.3,1767139199999,2025-12-30 23:59:59,54383124.2652,187131,14556268.1,26467644.6213
1767139200000,2025-12-31 00:00:00,1.809,1.844,1.759,1.789,33215699.6,1767225599999,2025-12-31 23:59:59,59896232.1582,198246,16457625.9,29695429.9749
1767225600000,2026-01-01 00:00:00,1.789,2.033,1.764,1.997,129360196.2,1767311999999,2026-01-01 23:59:59,242714862.8491,370343,64064186.0,120155157.4087
1767312000000,2026-01-02 00:00:00,1.998,2.169,1.967,2.164,77742933.5,1767398399999,2026-01-02 23:59:59,158348797.4127,398118,40333482.3,82160022.2500
1767398400000,2026-01-03 00:00:00,2.163,2.218,2.107,2.124,37645282.0,1767484799999,2026-01-03 23:59:59,80759426.3186,276224,18478415.8,39659025.1071
1767484800000,2026-01-04 00:00:00,2.124,2.179,2.114,2.141,36057609.6,1767571199999,2026-01-04 23:59:59,77313272.5612,232931,17840987.6,38262922.6270
1767571200000,2026-01-05 00:00:00,2.141,2.236,2.094,2.206,56544397.5,1767657599999,2026-01-05 23:59:59,122145446.8749,338371,28139435.0,60833960.8762
1767657600000,2026-01-06 00:00:00,2.207,2.261,2.113,2.234,59148667.8,1767743999999,2026-01-06 23:59:59,130208564.7058,375118,28972854.6,63815577.9450
1767744000000,2026-01-07 00:00:00,2.234,2.248,2.118,2.144,42785506.0,1767830399999,2026-01-07 23:59:59,93040831.9062,274658,20571749.9,44762001.7858
1767830400000,2026-01-08 00:00:00,2.143,2.158,2.081,2.110,41100375.9,1767916799999,2026-01-08 23:59:59,87051901.9320,266714,20395153.2,43209795.2269
1767916800000,2026-01-09 00:00:00,2.110,2.143,2.047,2.083,48000139.4,1768003199999,2026-01-09 23:59:59,100223943.1107,276242,23138671.8,48313068.3631
1768003200000,2026-01-10 00:00:00,2.083,2.129,2.067,2.091,17054906.6,1768089599999,2026-01-10 23:59:59,35836163.8712,138978,8905268.2,18712600.2441
1768089600000,2026-01-11 00:00:00,2.091,2.125,2.032,2.070,22853081.0,1768175999999,2026-01-11 23:59:59,47696018.4856,150822,10773085.4,22494494.4934
1768176000000,2026-01-12 00:00:00,2.069,2.152,2.020,2.052,44847785.3,1768262399999,2026-01-12 23:59:59,93083550.3609,261594,21843475.4,45342506.4169
1768262400000,2026-01-13 00:00:00,2.053,2.343,2.050,2.282,85704161.7,1768348799999,2026-01-13 23:59:59,188502711.8375,445679,42482263.4,93348624.2825
1768348800000,2026-01-14 00:00:00,2.283,2.299,2.193,2.223,48780830.3,1768435199999,2026-01-14 23:59:59,110251063.6334,297154,23571174.9,53301455.2853
1768435200000,2026-01-15 00:00:00,2.223,2.237,2.095,2.116,49278474.7,1768521599999,2026-01-15 23:59:59,106861914.8254,287202,23662243.6,51325919.3354
1768521600000,2026-01-16 00:00:00,2.116,2.154,2.053,2.118,40243591.5,1768607999999,2026-01-16 23:59:59,84781138.5231,220642,19845947.1,41817270.1084
1768608000000,2026-01-17 00:00:00,2.119,2.235,2.112,2.177,34811371.8,1768694399999,2026-01-17 23:59:59,76130040.7336,229166,17757838.1,38816958.1393
1768694400000,2026-01-18 00:00:00,2.176,2.202,2.059,2.064,38170587.9,1768780799999,2026-01-18 23:59:59,81945486.0223,227758,17774215.4,38205693.4888
1768780800000,2026-01-19 00:00:00,2.063,2.064,1.830,2.028,67961874.9,1768867199999,2026-01-19 23:59:59,134099526.2863,372787,33333618.5,65787877.4581
1768867200000,2026-01-20 00:00:00,2.028,2.050,1.880,1.897,52386429.4,1768953599999,2026-01-20 23:59:59,103004647.9527,312324,25047960.7,49263327.8390
1768953600000,2026-01-21 00:00:00,1.897,1.999,1.871,1.953,52638179.3,1769039999999,2026-01-21 23:59:59,102043926.9814,302548,26446148.9,51270212.0994
1769040000000,2026-01-22 00:00:00,1.953,1.981,1.902,1.925,29548038.1,1769126399999,2026-01-22 23:59:59,57318924.2462,211483,14273820.7,27689551.8336
1769126400000,2026-01-23 00:00:00,1.925,1.983,1.895,1.924,39379141.1,1769212799999,2026-01-23 23:59:59,76288963.0561,246266,19926357.6,38623359.8227
1769212800000,2026-01-24 00:00:00,1.924,1.939,1.897,1.929,18044932.4,1769299199999,2026-01-24 23:59:59,34662318.9109,125506,9073594.6,17432475.9177
1769299200000,2026-01-25 00:00:00,1.929,1.943,1.779,1.822,41573784.6,1769385599999,2026-01-25 23:59:59,77007639.6108,226476,19124316.6,35449857.8263
1769385600000,2026-01-26 00:00:00,1.823,1.898,1.816,1.875,39531571.0,1769471999999,2026-01-26 23:59:59,73530597.7054,231056,20948735.9,38967620.7924
1769472000000,2026-01-27 00:00:00,1.874,1.899,1.826,1.875,32917769.0,1769558399999,2026-01-27 23:59:59,61229964.7436,202171,16738739.0,31142111.7604
1769558400000,2026-01-28 00:00:00,1.876,1.895,1.828,1.870,33577306.8,1769644799999,2026-01-28 23:59:59,62479162.8219,227997,16992563.5,31628462.3844
1769644800000,2026-01-29 00:00:00,1.870,1.875,1.695,1.735,61091011.3,1769731199999,2026-01-29 23:59:59,107507741.4744,296037,27679617.6,48681682.5548
1769731200000,2026-01-30 00:00:00,1.735,1.747,1.650,1.689,79829085.1,1769817599999,2026-01-30 23:59:59,135436882.2921,333039,40313526.6,68412157.3846
1769817600000,2026-01-31 00:00:00,1.688,1.690,1.395,1.546,130138638.4,1769903999999,2026-01-31 23:59:59,201126445.9222,490520,64309121.3,99430551.1211
1769904000000,2026-02-01 00:00:00,1.546,1.559,1.457,1.494,62624760.9,1769990399999,2026-02-01 23:59:59,95132857.4846,307937,30873857.2,46915378.9208
1769990400000,2026-02-02 00:00:00,1.495,1.575,1.449,1.541,76866178.9,1770076799999,2026-02-02 23:59:59,116433144.8941,357130,39322911.5,59553367.7003
1770076800000,2026-02-03 00:00:00,1.542,1.567,1.430,1.499,100553708.1,1770163199999,2026-02-03 23:59:59,151542975.7210,361964,50281761.8,75788281.5474
1770163200000,2026-02-04 00:00:00,1.498,1.533,1.424,1.461,69651159.7,1770249599999,2026-02-04 23:59:59,102565977.1397,319430,34780840.3,51224892.5976
1770249600000,2026-02-05 00:00:00,1.461,1.478,1.231,1.245,151728809.5,1770335999999,2026-02-05 23:59:59,203553045.5167,644643,75799846.3,101784401.4944
1770336000000,2026-02-06 00:00:00,1.245,1.407,1.099,1.367,165349457.1,1770422399999,2026-02-06 23:59:59,208680701.2825,590663,82850772.6,104762470.2775
1770422400000,2026-02-07 00:00:00,1.366,1.401,1.316,1.371,77476990.3,1770508799999,2026-02-07 23:59:59,105618295.2485,296180,39224683.1,53495591.3160
1770508800000,2026-02-08 00:00:00,1.372,1.375,1.323,1.337,34666423.2,1770595199999,2026-02-08 23:59:59,46916536.1761,167558,17350678.3,23485023.5513
1770595200000,2026-02-09 00:00:00,1.337,1.350,1.275,1.319,42876911.9,1770681599999,2026-02-09 23:59:59,56383042.1577,195732,21683010.6,28524857.1067
1770681600000,2026-02-10 00:00:00,1.319,1.327,1.263,1.282,38160450.8,1770767999999,2026-02-10 23:59:59,48942412.9301,166740,18177619.5,23317604.0367
1770768000000,2026-02-11 00:00:00,1.283,1.296,1.223,1.255,52395329.3,1770854399999,2026-02-11 23:59:59,65667637.6121,210251,25849921.1,32402098.1134
1770854400000,2026-02-12 00:00:00,1.254,1.303,1.247,1.282,49153787.6,1770940799999,2026-02-12 23:59:59,62705565.8416,201552,24217070.5,30895654.7772
1770940800000,2026-02-13 00:00:00,1.282,1.341,1.250,1.329,41772989.2,1771027199999,2026-02-13 23:59:59,54180113.5034,171217,21723542.2,28181112.2091
1771027200000,2026-02-14 00:00:00,1.329,1.438,1.328,1.420,42743934.2,1771113599999,2026-02-14 23:59:59,58983378.3743,168892,21187725.1,29232115.4584
1771113600000,2026-02-15 00:00:00,1.420,1.437,1.329,1.356,52418146.6,1771199999999,2026-02-15 23:59:59,72367740.9434,198426,24901575.9,34372410.3807
1771200000000,2026-02-16 00:00:00,1.357,1.389,1.331,1.375,46647421.9,1771286399999,2026-02-16 23:59:59,63324895.4984,160803,23587182.4,32020643.3622
1771286400000,2026-02-17 00:00:00,1.376,1.380,1.338,1.347,40963471.4,1771372799999,2026-02-17 23:59:59,55763112.6441,158764,20066208.7,27321642.1318
1771372800000,2026-02-18 00:00:00,1.346,1.372,1.298,1.310,44060052.0,1771459199999,2026-02-18 23:59:59,58822989.6601,160853,22373790.3,29875379.7481
1771459200000,2026-02-19 00:00:00,1.310,1.321,1.258,1.285,49984552.8,1771545599999,2026-02-19 23:59:59,64414876.0212,160869,24104632.4,31060005.7769
1771545600000,2026-02-20 00:00:00,1.286,1.364,1.272,1.340,66356061.0,1771631999999,2026-02-20 23:59:59,87451560.0337,218131,33624044.7,44317272.0303
1771632000000,2026-02-21 00:00:00,1.340,1.397,1.327,1.357,49351456.3,1771718399999,2026-02-21 23:59:59,67434976.7815,166778,25017366.0,34180825.2742
1771718400000,2026-02-22 00:00:00,1.358,1.364,1.300,1.311,39812604.8,1771804799999,2026-02-22 23:59:59,52840683.9884,139317,18778054.8,24927211.3629
1771804800000,2026-02-23 00:00:00,1.310,1.312,1.235,1.264,83435260.4,1771891199999,2026-02-23 23:59:59,106008000.1341,236594,40255928.1,51158289.4748
1771891200000,2026-02-24 00:00:00,1.263,1.279,1.222,1.236,59569175.8,1771977599999,2026-02-24 23:59:59,74324997.3033,178762,29129909.6,36355018.3131
1771977600000,2026-02-25 00:00:00,1.237,1.752,1.233,1.662,281628584.6,1772063999999,2026-02-25 23:59:59,430183470.7140,980684,143764358.7,219373221.1132
1772064000000,2026-02-26 00:00:00,1.663,1.694,1.521,1.608,262713234.6,1772150399999,2026-02-26 23:59:59,421738619.4537,900851,134276369.0,215677915.5920
1772150400000,2026-02-27 00:00:00,1.607,1.681,1.545,1.598,154821872.9,1772236799999,2026-02-27 23:59:59,247981357.7172,594839,77179801.5,123664105.9703
1772236800000,2026-02-28 00:00:00,1.599,1.674,1.454,1.660,166254089.4,1772323199999,2026-02-28 23:59:59,256816133.5862,637419,84257296.7,130190708.9484
1772323200000,2026-03-01 00:00:00,1.660,1.679,1.503,1.532,117153411.6,1772409599999,2026-03-01 23:59:59,184784599.3429,478257,57029667.9,89944582.6695
1772409600000,2026-03-02 00:00:00,1.533,1.603,1.496,1.507,105138182.7,1772495999999,2026-03-02 23:59:59,161979738.3484,453400,50612681.1,78007667.3443
1772496000000,2026-03-03 00:00:00,1.507,1.557,1.471,1.532,86798467.6,1772582399999,2026-03-03 23:59:59,130876057.4363,358607,44803796.9,67595092.0884
1772582400000,2026-03-04 00:00:00,1.532,1.573,1.506,1.538,87255161.5,1772668799999,2026-03-04 23:59:59,134055866.6057,388754,43446294.1,66766073.6711
1772668800000,2026-03-05 00:00:00,1.539,1.555,1.479,1.529,74242400.6,1772755199999,2026-03-05 23:59:59,113010694.0399,314005,35590424.7,54194555.0545
1772755200000,2026-03-06 00:00:00,1.528,1.547,1.452,1.488,60835528.0,1772841599999,2026-03-06 23:59:59,91193294.3547,250128,29589598.5,44368866.8694
1772841600000,2026-03-07 00:00:00,1.487,1.517,1.429,1.446,51121971.3,1772927999999,2026-03-07 23:59:59,75332547.9384,209847,24140205.6,35581828.0677
1772928000000,2026-03-08 00:00:00,1.446,1.484,1.423,1.451,54044577.8,1773014399999,2026-03-08 23:59:59,78437271.1120,215445,27355183.4,39703800.4914
1773014400000,2026-03-09 00:00:00,1.451,1.532,1.449,1.492,77815525.5,1773100799999,2026-03-09 23:59:59,115977139.1496,278576,39624639.1,59058426.2062
1773100800000,2026-03-10 00:00:00,1.492,1.546,1.477,1.484,63148191.1,1773187199999,2026-03-10 23:59:59,95564141.8920,241295,30325840.5,45912624.9725
1773187200000,2026-03-11 00:00:00,1.485,1.554,1.471,1.522,64887327.9,1773273599999,2026-03-11 23:59:59,98331400.6414,241920,33198214.4,50332381.0911
1773273600000,2026-03-12 00:00:00,1.522,1.526,1.483,1.515,51649101.8,1773359999999,2026-03-12 23:59:59,77699290.0477,199556,26005112.3,39129242.7017
1773360000000,2026-03-13 00:00:00,1.515,1.549,1.444,1.461,80376534.1,1773446399999,2026-03-13 23:59:59,121008589.5967,286572,37718619.2,56833782.8714
1773446400000,2026-03-14 00:00:00,1.461,1.461,1.402,1.411,49345891.2,1773532799999,2026-03-14 23:59:59,70529726.1370,216546,23432156.1,33478836.2964
1773532800000,2026-03-15 00:00:00,1.411,1.444,1.388,1.438,60676771.4,1773619199999,2026-03-15 23:59:59,86152651.5579,220406,30938419.3,43931092.7341
1773619200000,2026-03-16 00:00:00,1.438,1.662,1.429,1.640,166210765.2,1773705599999,2026-03-16 23:59:59,261196943.5959,623223,85337854.7,134050570.8313
1773705600000,2026-03-17 00:00:00,1.640,1.643,1.581,1.620,78467248.1,1773791999999,2026-03-17 23:59:59,126125007.6916,280343,39345120.6,63264832.7842
1773792000000,2026-03-18 00:00:00,1.620,1.653,1.537,1.577,76356004.1,1773878399999,2026-03-18 23:59:59,121723401.9386,268794,36043192.0,57481564.7999
1773878400000,2026-03-19 00:00:00,1.577,1.577,1.493,1.520,67781962.3,1773964799999,2026-03-19 23:59:59,103686269.9106,222034,33434807.6,51151067.5529
1773964800000,2026-03-20 00:00:00,1.521,1.552,1.493,1.498,57100244.1,1774051199999,2026-03-20 23:59:59,87005833.6347,188379,27929284.8,42560865.3647
1774051200000,2026-03-21 00:00:00,1.498,1.515,1.454,1.465,45148833.7,1774137599999,2026-03-21 23:59:59,67474603.0495,173119,21812383.9,32612506.5244
1774137600000,2026-03-22 00:00:00,1.465,1.483,1.392,1.410,65665453.8,1774223999999,2026-03-22 23:59:59,94612561.0870,218008,30729907.4,44288654.9516
1774224000000,2026-03-23 00:00:00,1.410,1.492,1.402,1.418,114714299.4,1774310399999,2026-03-23 23:59:59,165597620.2488,318434,57953799.7,83643928.9342
1774310400000,2026-03-24 00:00:00,1.418,1.428,1.357,1.400,102047943.1,1774396799999,2026-03-24 23:59:59,142589485.0689,297404,47577777.5,66507757.8768
1774396800000,2026-03-25 00:00:00,1.400,1.411,1.342,1.359,87747470.7,1774483199999,2026-03-25 23:59:59,120949132.5140,275095,41444075.1,57148230.0975
1774483200000,2026-03-26 00:00:00,1.360,1.366,1.299,1.321,94128230.6,1774569599999,2026-03-26 23:59:59,124600077.9926,255487,45991933.8,60889332.6504
1774569600000,2026-03-27 00:00:00,1.321,1.339,1.269,1.289,82300757.0,1774655999999,2026-03-27 23:59:59,106626353.3838,223176,41460119.5,53721544.3276
1774656000000,2026-03-28 00:00:00,1.290,1.305,1.252,1.257,67227032.7,1774742399999,2026-03-28 23:59:59,86194181.7106,202000,31650624.5,40585550.9704
1774742400000,2026-03-29 00:00:00,1.258,1.275,1.218,1.260,64157036.4,1774828799999,2026-03-29 23:59:59,80674679.3754,178178,31871647.4,40097366.2541
1774828800000,2026-03-30 00:00:00,1.260,1.286,1.231,1.243,93662849.3,1774915199999,2026-03-30 23:59:59,118372232.8319,226959,45082054.4,56995318.6661
1774915200000,2026-03-31 00:00:00,1.242,1.277,1.225,1.251,91358357.9,1775001599999,2026-03-31 23:59:59,114359869.3452,231608,45170615.1,56541115.7365
1775001600000,2026-04-01 00:00:00,1.251,1.301,1.246,1.254,79411199.5,1775087999999,2026-04-01 23:59:59,100935674.5462,199036,39775561.7,50569431.0752
1775088000000,2026-04-02 00:00:00,1.255,1.269,1.202,1.236,81852153.6,1775174399999,2026-04-02 23:59:59,100177865.4948,220204,39667658.8,48559682.6252
1775174400000,2026-04-03 00:00:00,1.236,1.266,1.228,1.237,50694862.6,1775260799999,2026-04-03 23:59:59,63148408.9161,140613,25300880.4,31517289.9008
1775260800000,2026-04-04 00:00:00,1.237,1.265,1.232,1.253,32954421.7,1775347199999,2026-04-04 23:59:59,41157922.2382,106718,17408109.0,21744367.2272
1775347200000,2026-04-05 00:00:00,1.253,1.254,1.214,1.244,51430642.0,1775433599999,2026-04-05 23:59:59,63300789.4342,141515,25721297.5,31656712.0857
1775433600000,2026-04-06 00:00:00,1.243,1.316,1.230,1.240,77364574.3,1775519999999,2026-04-06 23:59:59,98477775.1785,205248,39639890.8,50469769.3181
1775520000000,2026-04-07 00:00:00,1.240,1.331,1.203,1.314,93021761.1,1775606399999,2026-04-07 23:59:59,116311391.8424,258098,45811694.0,57363703.3451
1775606400000,2026-04-08 00:00:00,1.314,1.335,1.263,1.267,66771778.4,1775692799999,2026-04-08 23:59:59,86966003.7841,212733,32991323.8,42987153.6429
1775692800000,2026-04-09 00:00:00,1.268,1.360,1.233,1.299,82568396.8,1775779199999,2026-04-09 23:59:59,105482517.0963,232454,40872225.3,52287522.9631
1775779200000,2026-04-10 00:00:00,1.299,1.326,1.281,1.305,55024024.7,1775865599999,2026-04-10 23:59:59,71580905.7703,165553,27941690.1,36344693.3939
1775865600000,2026-04-11 00:00:00,1.305,1.315,1.263,1.286,49168464.3,1775951999999,2026-04-11 23:59:59,63288103.2692,144356,23807079.1,30651767.1584
1775952000000,2026-04-12 00:00:00,1.285,1.287,1.212,1.223,67329924.1,1776038399999,2026-04-12 23:59:59,83012869.7197,216442,31778507.9,39173316.3279
1776038400000,2026-04-13 00:00:00,1.223,1.239,1.141,1.226,200845425.7,1776124799999,2026-04-13 23:59:59,237326191.5252,479883,97842696.7,115644249.7861
1776124800000,2026-04-14 00:00:00,1.226,1.227,1.139,1.161,105205428.2,1776211199999,2026-04-14 23:59:59,123864386.7312,289831,50673851.3,59680283.6446
1776211200000,2026-04-15 00:00:00,1.162,1.196,1.145,1.180,74336673.2,1776297599999,2026-04-15 23:59:59,86977046.1780,212123,37231297.0,43560730.7131
1776297600000,2026-04-16 00:00:00,1.180,1.353,1.169,1.328,156450328.6,1776383999999,2026-04-16 23:59:59,199230557.6967,456040,78353203.9,99859959.2728
1776384000000,2026-04-17 00:00:00,1.328,1.355,1.284,1.332,97492741.8,1776470399999,2026-04-17 23:59:59,128909229.9199,279470,48768015.7,64488683.7628
1776470400000,2026-04-18 00:00:00,1.332,1.340,1.269,1.271,72900359.3,1776556799999,2026-04-18 23:59:59,94903616.6044,177800,34632217.3,45094239.2039
1776556800000,2026-04-19 00:00:00,1.271,1.291,1.233,1.239,71162541.1,1776643199999,2026-04-19 23:59:59,89873906.5827,181812,34082367.7,43071077.1678
1776643200000,2026-04-20 00:00:00,1.238,1.294,1.236,1.279,63981090.6,1776729599999,2026-04-20 23:59:59,80965675.5276,163916,33123296.1,41923325.6682
1776729600000,2026-04-21 00:00:00,1.280,1.291,1.255,1.278,50615129.9,1776815999999,2026-04-21 23:59:59,64464248.3720,148627,24522762.6,31236586.7625
1776816000000,2026-04-22 00:00:00,1.277,1.326,1.267,1.270,54674416.1,1776902399999,2026-04-22 23:59:59,70858989.9205,163611,27241690.9,35313547.2165
1776902400000,2026-04-23 00:00:00,1.271,1.277,1.211,1.240,64113619.7,1776988799999,2026-04-23 23:59:59,79674091.5466,191709,29183310.8,36260002.0405
1776988800000,2026-04-24 00:00:00,1.240,1.269,1.224,1.253,52071516.1,1777075199999,2026-04-24 23:59:59,64928926.4783,173525,26157971.6,32632904.9119
1777075200000,2026-04-25 00:00:00,1.253,1.274,1.236,1.246,35034683.4,1777161599999,2026-04-25 23:59:59,44034424.6717,140156,17337047.1,21805590.8210
1777161600000,2026-04-26 00:00:00,1.245,1.274,1.235,1.259,34735981.9,1777247999999,2026-04-26 23:59:59,43724986.1841,133666,17313108.2,21797753.4142
1777248000000,2026-04-27 00:00:00,1.260,1.274,1.209,1.231,52010512.0,1777334399999,2026-04-27 23:59:59,64238183.2134,180072,24838070.1,30695325.9522
1777334400000,2026-04-28 00:00:00,1.231,1.240,1.215,1.228,31508827.6,1777420799999,2026-04-28 23:59:59,38674308.7240,122802,15191716.4,18647238.5939
1777420800000,2026-04-29 00:00:00,1.228,1.260,1.176,1.211,63312701.3,1777507199999,2026-04-29 23:59:59,77244829.6244,182840,30585861.3,37350675.6861
1777507200000,2026-04-30 00:00:00,1.210,1.225,1.195,1.203,35789029.8,1777593599999,2026-04-30 23:59:59,43320900.8389,126078,17995589.4,21785844.3017
1777593600000,2026-05-01 00:00:00,1.204,1.228,1.191,1.204,52015975.2,1777679999999,2026-05-01 23:59:59,62923369.4859,141119,25108796.2,30384443.5115
1777680000000,2026-05-02 00:00:00,1.203,1.240,1.193,1.227,33807530.1,1777766399999,2026-05-02 23:59:59,40968862.7705,119455,17007669.3,20627468.4198
1777766400000,2026-05-03 00:00:00,1.227,1.228,1.202,1.209,31603815.1,1777852799999,2026-05-03 23:59:59,38322729.8838,124735,15254275.1,18502487.5282
1777852800000,2026-05-04 00:00:00,1.208,1.263,1.196,1.228,66577330.6,1777939199999,2026-05-04 23:59:59,81912132.6823,214173,33327971.8,41024979.6863
1777939200000,2026-05-05 00:00:00,1.228,1.296,1.224,1.278,49108962.7,1778025599999,2026-05-05 23:59:59,62161958.2780,168773,24638705.6,31190444.5401
1778025600000,2026-05-06 00:00:00,1.277,1.333,1.268,1.317,54377177.0,1778111999999,2026-05-06 23:59:59,71100467.6841,194496,27182416.4,35539776.6752
1778112000000,2026-05-07 00:00:00,1.318,1.338,1.288,1.310,49539942.4,1778198399999,2026-05-07 23:59:59,64949904.4669,180417,23722495.9,31103189.2469
1778198400000,2026-05-08 00:00:00,1.310,1.390,1.292,1.374,50642663.8,1778284799999,2026-05-08 23:59:59,67807214.7170,189063,25197994.8,33762761.6324
1778284800000,2026-05-09 00:00:00,1.374,1.392,1.337,1.345,29950811.4,1778371199999,2026-05-09 23:59:59,40789660.3463,121528,14311190.1,19500220.7165
1778371200000,2026-05-10 00:00:00,1.345,1.419,1.327,1.381,52074125.5,1778457599999,2026-05-10 23:59:59,71511804.4319,187074,24949403.3,34264643.0830
1778457600000,2026-05-11 00:00:00,1.382,1.385,1.333,1.362,41848125.9,1778543999999,2026-05-11 23:59:59,56949607.8107,164440,20696122.4,28167327.6910
1778544000000,2026-05-12 00:00:00,1.361,1.368,1.302,1.334,42173702.5,1778630399999,2026-05-12 23:59:59,56277475.5299,149703,19853704.0,26507597.9270
1778630400000,2026-05-13 00:00:00,1.334,1.438,1.314,1.328,73241925.7,1778716799999,2026-05-13 23:59:59,100163166.0658,235778,35541473.0,48618976.3190
1778716800000,2026-05-14 00:00:00,1.328,1.422,1.312,1.363,53726567.3,1778803199999,2026-05-14 23:59:59,73199969.5364,180543,26461782.2,36052254.6365
1778803200000,2026-05-15 00:00:00,1.364,1.375,1.287,1.314,48721041.4,1778889599999,2026-05-15 23:59:59,64629952.4098,191236,23909129.3,31717123.8008
1778889600000,2026-05-16 00:00:00,1.314,1.319,1.246,1.266,31084160.1,1778975999999,2026-05-16 23:59:59,39569694.8524,124666,14989398.8,19070780.8758
1778976000000,2026-05-17 00:00:00,1.267,1.292,1.212,1.250,35080612.6,1779062399999,2026-05-17 23:59:59,44267895.0414,126243,17043882.0,21529603.3949
1779062400000,2026-05-18 00:00:00,1.249,1.254,1.214,1.252,46677577.6,1779148799999,2026-05-18 23:59:59,57575990.9164,179062,22850053.8,28194383.0603
1779148800000,2026-05-19 00:00:00,1.252,1.260,1.217,1.224,26047463.7,1779235199999,2026-05-19 23:59:59,32212531.8829,120905,12603566.1,15586414.6769
1779235200000,2026-05-20 00:00:00,1.224,1.257,1.218,1.248,30791445.9,1779321599999,2026-05-20 23:59:59,38215157.6053,120987,15223202.7,18896259.8073
1779321600000,2026-05-21 00:00:00,1.247,1.309,1.243,1.292,56783177.6,1779407999999,2026-05-21 23:59:59,72225784.2662,175769,29104950.1,37033187.9598
1779408000000,2026-05-22 00:00:00,1.291,1.346,1.248,1.257,76891971.7,1779494399999,2026-05-22 23:59:59,100346877.1539,239397,37303894.4,48707530.4545
1779494400000,2026-05-23 00:00:00,1.257,1.337,1.197,1.294,82034207.7,1779580799999,2026-05-23 23:59:59,103200179.0925,241365,39514606.1,49727771.4538
1779580800000,2026-05-24 00:00:00,1.295,1.297,1.226,1.244,38434031.6,1779667199999,2026-05-24 23:59:59,48625681.1202,152449,18383827.3,23275890.1749
1779667200000,2026-05-25 00:00:00,1.244,1.295,1.238,1.260,38905712.3,1779753599999,2026-05-25 23:59:59,49286627.0412,146086,19128907.8,24238726.6672
1779753600000,2026-05-26 00:00:00,1.260,1.309,1.233,1.249,55910803.6,1779839999999,2026-05-26 23:59:59,70636861.8194,199419,27809033.0,35133479.8469
1779840000000,2026-05-27 00:00:00,1.249,1.278,1.222,1.228,56045485.9,1779926399999,2026-05-27 23:59:59,70276580.0904,210344,27512433.0,34505970.2422
1779926400000,2026-05-28 00:00:00,1.228,1.234,1.175,1.211,58312903.7,1780012799999,2026-05-28 23:59:59,70045198.7686,239655,28087818.6,33742645.4061
1780012800000,2026-05-29 00:00:00,1.211,1.234,1.176,1.192,55282464.8,1780099199999,2026-05-29 23:59:59,66634839.5730,181456,26416563.2,31847966.0220
1780099200000,2026-05-30 00:00:00,1.193,1.220,1.182,1.189,37512246.0,1780185599999,2026-05-30 23:59:59,44922652.9778,133118,17982176.8,21534865.5588
1780185600000,2026-05-31 00:00:00,1.189,1.202,1.156,1.188,45682219.1,1780271999999,2026-05-31 23:59:59,53889154.1991,136679,21129067.7,24934043.1367
1780272000000,2026-06-01 00:00:00,1.188,1.206,1.123,1.158,81597201.3,1780358399999,2026-06-01 23:59:59,94709512.7507,224992,38584602.8,44782295.9745
1780358400000,2026-06-02 00:00:00,1.159,1.161,1.055,1.079,100312630.3,1780444799999,2026-06-02 23:59:59,111545868.1062,276571,46362569.2,51571941.7444
1780444800000,2026-06-03 00:00:00,1.078,1.132,1.055,1.103,82454339.5,1780531199999,2026-06-03 23:59:59,90778458.0193,239264,40237175.3,44306387.9645
1780531200000,2026-06-04 00:00:00,1.103,1.116,1.006,1.037,110412395.7,1780617599999,2026-06-04 23:59:59,115878369.0118,319564,52541586.4,55144689.2284
1780617600000,2026-06-05 00:00:00,1.037,1.042,0.909,0.944,128225369.3,1780703999999,2026-06-05 23:59:59,124688577.4661,380996,60703198.4,59062760.2839
1780704000000,2026-06-06 00:00:00,0.944,0.961,0.883,0.942,83161016.1,1780790399999,2026-06-06 23:59:59,77521615.9710,223643,39886650.3,37200943.4697
1780790400000,2026-06-07 00:00:00,0.942,1.000,0.939,0.973,62641056.2,1780876799999,2026-06-07 23:59:59,60381969.2531,172640,31185200.7,30083279.7169
1780876800000,2026-06-08 00:00:00,0.973,0.995,0.950,0.974,48217997.9,1780963199999,2026-06-08 23:59:59,46958974.3968,159946,24556089.6,23925238.6521
1780963200000,2026-06-09 00:00:00,0.974,0.978,0.927,0.955,60831970.9,1781049599999,2026-06-09 23:59:59,58251924.7943,159344,29507976.4,28269671.2593
1781049600000,2026-06-10 00:00:00,0.955,0.965,0.901,0.915,80221044.1,1781135999999,2026-06-10 23:59:59,74945156.8283,168381,39141358.7,36565389.0573
1781136000000,2026-06-11 00:00:00,0.916,0.974,0.915,0.951,75807474.4,1781222399999,2026-06-11 23:59:59,71936893.7985,151997,38653335.0,36687661.1374
1781222400000,2026-06-12 00:00:00,0.951,0.974,0.938,0.957,69589899.4,1781308799999,2026-06-12 23:59:59,66553519.2522,141188,34511825.3,33011850.8813
1781308800000,2026-06-13 00:00:00,0.956,0.995,0.955,0.980,59824384.8,1781395199999,2026-06-13 23:59:59,58586784.2912,126371,29818246.7,29199967.6464
1781395200000,2026-06-14 00:00:00,0.980,0.998,0.947,0.998,49125986.5,1781481599999,2026-06-14 23:59:59,47690277.2951,119408,24254280.2,23557841.7760
1781481600000,2026-06-15 00:00:00,0.997,1.046,0.985,1.009,73515772.9,1781567999999,2026-06-15 23:59:59,74639242.5660,179861,37448461.8,38018454.9952
1781568000000,2026-06-16 00:00:00,1.009,1.033,0.986,1.013,56830548.8,1781654399999,2026-06-16 23:59:59,57462331.5859,145819,28212780.9,28540509.8334
1781654400000,2026-06-17 00:00:00,1.013,1.042,0.984,1.003,79051831.3,1781740799999,2026-06-17 23:59:59,80166633.7900,189696,38285852.1,38839565.5366
1781740800000,2026-06-18 00:00:00,1.003,1.010,0.938,0.974,70176769.0,1781827199999,2026-06-18 23:59:59,68127133.9414,176791,34160122.4,33164525.0371
1781827200000,2026-06-19 00:00:00,0.973,0.981,0.945,0.960,40177641.4,1781913599999,2026-06-19 23:59:59,38569676.2032,127482,19513415.4,18740239.0341
1781913600000,2026-06-20 00:00:00,0.960,0.976,0.948,0.968,34564026.3,1781999999999,2026-06-20 23:59:59,33270540.3697,114288,17388994.7,16744900.9149
1782000000000,2026-06-21 00:00:00,0.969,0.975,0.939,0.940,32023493.1,1782086399999,2026-06-21 23:59:59,30769003.9177,106827,15313873.7,14731766.2725
1782086400000,2026-06-22 00:00:00,0.940,0.978,0.927,0.935,42705691.0,1782172799999,2026-06-22 23:59:59,40821754.1642,144772,20850838.8,19941163.6186
1782172800000,2026-06-23 00:00:00,0.936,0.938,0.881,0.910,62025094.6,1782259199999,2026-06-23 23:59:59,56207601.2258,162757,29067136.4,26345158.5495
1782259200000,2026-06-24 00:00:00,0.910,0.919,0.841,0.888,93617240.3,1782345599999,2026-06-24 23:59:59,82411722.6311,187816,45313084.3,39899445.6274
1782345600000,2026-06-25 00:00:00,0.888,0.898,0.816,0.843,98396049.8,1782431999999,2026-06-25 23:59:59,84244518.9667,183937,47472230.2,40671590.6414
1782432000000,2026-06-26 00:00:00,0.843,0.865,0.802,0.853,92198834.4,1782518399999,2026-06-26 23:59:59,77118811.6475,205372,45249086.2,37863060.8838
1782518400000,2026-06-27 00:00:00,0.852,0.860,0.806,0.815,45882849.0,1782604799999,2026-06-27 23:59:59,38350421.1576,125192,21780021.0,18218604.2647
1782604800000,2026-06-28 00:00:00,0.814,0.821,0.795,0.811,63238940.4,1782691199999,2026-06-28 23:59:59,51130544.7131,147365,30151793.1,24382923.9296
1782691200000,2026-06-29 00:00:00,0.810,0.840,0.805,0.826,63747170.4,1782777599999,2026-06-29 23:59:59,52295819.8868,178225,32835169.0,26941360.9606
1782777600000,2026-06-30 00:00:00,0.825,0.828,0.800,0.822,49552690.5,1782863999999,2026-06-30 23:59:59,40386746.3994,129569,24742248.0,20171048.4342
1782864000000,2026-07-01 00:00:00,0.822,0.850,0.805,0.827,62690612.8,1782950399999,2026-07-01 23:59:59,52216905.9004,153208,29649136.6,24703663.9149
1782950400000,2026-07-02 00:00:00,0.827,0.868,0.823,0.841,62735400.6,1783036799999,2026-07-02 23:59:59,53147546.7581,136110,32238401.3,27319098.5511
1783036800000,2026-07-03 00:00:00,0.841,0.892,0.836,0.881,57552352.7,1783123199999,2026-07-03 23:59:59,49958139.1914,127223,29598712.7,25697967.7295
1783123200000,2026-07-04 00:00:00,0.880,0.900,0.866,0.884,45607243.7,1783209599999,2026-07-04 23:59:59,40221820.3617,113039,22850950.3,20155470.9058
1783209600000,2026-07-05 00:00:00,0.884,0.891,0.859,0.882,40132666.4,1783295999999,2026-07-05 23:59:59,35077504.6573,93333,20804561.5,18186653.1961
1783296000000,2026-07-06 00:00:00,0.882,0.908,0.847,0.885,59811933.1,1783382399999,2026-07-06 23:59:59,52369041.4442,135066,29299753.1,25672537.3321
1783382400000,2026-07-07 00:00:00,0.885,0.887,0.844,0.850,58929733.5,1783468799999,2026-07-07 23:59:59,50899769.6254,129332,28190945.2,24356470.8098
1783468800000,2026-07-08 00:00:00,0.849,0.857,0.815,0.827,55726745.8,1783555199999,2026-07-08 23:59:59,46267476.7060,129592,27120688.0,22514710.5569
1783555200000,2026-07-09 00:00:00,0.827,0.839,0.819,0.826,36082582.1,1783641599999,2026-07-09 23:59:59,29924865.3010,102159,18717128.9,15525791.0372
1783641600000,2026-07-10 00:00:00,0.825,0.895,0.820,0.877,84855734.3,1783727999999,2026-07-10 23:59:59,73665263.1950,201432,43913074.2,38112837.6876
1783728000000,2026-07-11 00:00:00,0.877,0.887,0.849,0.854,40895577.8,1783814399999,2026-07-11 23:59:59,35811279.0104,116873,20525667.3,17989469.7765
1783814400000,2026-07-12 00:00:00,0.853,0.859,0.832,0.843,37354471.4,1783900799999,2026-07-12 23:59:59,31633600.8166,111924,18320085.2,15524329.8108
1783900800000,2026-07-13 00:00:00,0.843,0.859,0.824,0.835,45202871.1,1783987199999,2026-07-13 23:59:59,37714341.3925,130638,20822353.4,17369987.5761
1783987200000,2026-07-14 00:00:00,0.836,0.860,0.827,0.851,47305569.9,1784073599999,2026-07-14 23:59:59,40007369.3466,129005,23781902.6,20117002.8261
1784073600000,2026-07-15 00:00:00,0.851,0.868,0.837,0.847,47717223.8,1784159999999,2026-07-15 23:59:59,40681203.7857,130761,22788310.4,19436814.4155
1784160000000,2026-07-16 00:00:00,0.847,0.873,0.826,0.859,54932281.1,1784246399999,2026-07-16 23:59:59,46549691.2619,150491,26800595.5,22724674.8293
1784246400000,2026-07-17 00:00:00,0.858,0.870,0.833,0.848,64346516.8,1784332799999,2026-07-17 23:59:59,54792101.6882,161828,31568027.2,26880642.7512
1784332800000,2026-07-18 00:00:00,0.849,0.853,0.829,0.838,29321408.5,1784419199999,2026-07-18 23:59:59,24584469.3542,102437,14620630.6,12262032.2076
1784419200000,2026-07-19 00:00:00,0.837,0.841,0.805,0.819,46947252.5,1784505599999,2026-07-19 23:59:59,38605700.7709,117575,22992904.4,18909618.1497
1784505600000,2026-07-20 00:00:00,0.819,0.832,0.799,0.826,63076050.7,1784591999999,2026-07-20 23:59:59,51383964.7567,164811,30129651.7,24546483.0030
1784592000000,2026-07-21 00:00:00,0.827000,0.868000,0.824000,0.846600,58437495.7,1784678399999,2026-07-21 23:59:59,49803966.6466476,299386,28805463.0,24543971.5000276
1784678400000,2026-07-22 00:00:00,0.846600,0.857800,0.828500,0.835000,42704347.4,1784764799999,2026-07-22 23:59:59,36000323.1408861,227461,20583336.9,17357541.7136661
1784764800000,2026-07-23 00:00:00,0.835100,0.841300,0.805000,0.814500,41559054.3,1784851199999,2026-07-23 23:59:59,34059659.0858300,251694,18614052.2,15254347.9911900
1784851200000,2026-07-24 00:00:00,0.814600,0.819300,0.785900,0.808400,42457434.2,1784937599999,2026-07-24 23:59:59,34111504.0057516,257232,20160550.6,16208299.1332400
1784937600000,2026-07-25 00:00:00,0.808500,0.824500,0.805500,0.813100,36301170.8,1785023999999,2026-07-25 23:59:59,29592620.3154100,204290,17934704.9,14620462.5788900
1785024000000,2026-07-26 00:00:00,0.813200,0.831500,0.812200,0.827500,32686089.3,1785110399999,2026-07-26 23:59:59,26893507.9999800,184890,15910297.9,13090829.2320200
1785110400000,2026-07-27 00:00:00,0.827500,0.827600,0.747200,0.758400,77592109.8,1785196799999,2026-07-27 23:59:59,61367288.6802387,378953,37253584.5,29511684.3398600
1785196800000,2026-07-28 00:00:00,0.758400,0.771600,0.747200,0.760600,55985725.4,1785283199999,2026-07-28 23:59:59,42569887.6023271,315331,27075338.2,20592005.0450900
1785283200000,2026-07-29 00:00:00,0.760600,0.776000,0.750000,0.763200,48881699.4,1785369599999,2026-07-29 23:59:59,37220394.3449596,324863,23077218.1,17575296.2553600
1785369600000,2026-07-30 00:00:00,0.763200,0.778900,0.760200,0.768300,30154865.9,1785455999999,2026-07-30 23:59:59,23181944.0153300,221583,14636040.5,11252778.5175500
1785456000000,2026-07-31 00:00:00,0.768200,0.774200,0.742400,0.758500,36349654.8,1785542399999,2026-07-31 23:59:59,27632639.7804074,236451,17538248.6,13337252.7309900
1785542400000,2026-08-01 00:00:00,0.758500,0.784200,0.757400,0.780700,37775214.7,1785628799999,2026-08-01 23:59:59,29120381.7563000,238437,19155918.9,14765224.2143500
1785628800000,2026-08-02 00:00:00,0.780800,0.801000,0.779400,0.798100,40990937.3,1785715199999,2026-08-02 23:59:59,32512166.5309800,259023,20146050.9,15979024.1833700
1785715200000,2026-08-03 00:00:00,0.798200,0.831800,0.786800,0.824300,48256871.4,1785801599999,2026-08-03 23:59:59,39153326.8512090,323482,23658602.2,19199569.8943340
1785801600000,2026-08-04 00:00:00,0.824400,0.869700,0.820300,0.856400,51717827.4,1785887999999,2026-08-04 23:59:59,43494934.1261107,358262,25688443.6,21593216.9853207
1785888000000,2026-08-05 00:00:00,0.856300,0.869000,0.838100,0.841700,35003796.1,1785974399999,2026-08-05 23:59:59,29794370.3370500,255914,17240990.8,14678726.1405800
1785974400000,2026-08-06 00:00:00,0.841700,0.846400,0.813700,0.820700,37305653.3,1786060799999,2026-08-06 23:59:59,30844496.4737300,223694,18183017.1,15022587.4717100
1786060800000,2026-08-07 00:00:00,0.820800,0.823500,0.800800,0.818400,29782170.3,1786147199999,2026-08-07 23:59:59,24221086.9815300,213635,14350139.1,11673089.1981600
1786147200000,2026-08-08 00:00:00,0.818300,0.826700,0.812500,0.814900,17998112.7,1786233599999,2026-08-08 23:59:59,14732037.4872800,149951,9113575.1,7459581.1505600
1786233600000,2026-08-09 00:00:00,0.814900,0.815600,0.795800,0.798300,23447860.5,1786319999999,2026-08-09 23:59:59,18941455.2247600,176693,10203225.9,8243406.3320300
1786320000000,2026-08-10 00:00:00,0.798400,0.820700,0.796100,0.805600,35506055.5,1786406399999,2026-08-10 23:59:59,28665455.4907700,275721,18290950.2,14767513.9741700
1786406400000,2026-08-11 00:00:00,0.805600,0.812700,0.776800,0.789800,33896159.1,1786492799999,2026-08-11 23:59:59,26919813.4304755,240409,16211467.1,12890758.1834300
1786492800000,2026-08-12 00:00:00,0.789800,0.797800,0.764500,0.773500,27302877.8,1786579199999,2026-08-12 23:59:59,21434836.5711117,211228,12935069.8,10162057.7333700
1786579200000,2026-08-13 00:00:00,0.773600,0.776700,0.763600,0.772100,29688033.0,1786665599999,2026-08-13 23:59:59,22902537.7827707,203872,12159858.9,9384450.2549400
1786665600000,2026-08-14 00:00:00,0.772000,0.773600,0.751300,0.764500,29130678.5,1786751999999,2026-08-14 23:59:59,22145819.7032568,202669,13089173.5,9953147.6007000
1786752000000,2026-08-15 00:00:00,0.764400,0.784200,0.758100,0.760600,30539170.5,1786838399999,2026-08-15 23:59:59,23593294.8107125,223940,15713234.9,12142950.7110882
1786838400000,2026-08-16 00:00:00,0.760700,0.768400,0.751600,0.758000,22697606.5,1786924799999,2026-08-16 23:59:59,17245745.5858506,176865,10400000.6,7902206.4199500
1786924800000,2026-08-17 00:00:00,0.757900,0.769100,0.753600,0.760800,27716851.5,1787011199999,2026-08-17 23:59:59,21058047.5687072,193365,13333629.6,10131970.5324372
1787011200000,2026-08-18 00:00:00,0.760900,0.762500,0.721700,0.751000,53457796.1,1787097599999,2026-08-18 23:59:59,39653770.3531219,320931,25278594.9,18748677.3297679
1787097600000,2026-08-19 00:00:00,0.750900,0.807500,0.747100,0.789000,77077148.9,1787183999999,2026-08-19 23:59:59,59930158.7161146,439467,36631023.7,28468273.6600646
1787184000000,2026-08-20 00:00:00,0.788900,0.851100,0.779900,0.848300,64909481.7,1787270399999,2026-08-20 23:59:59,53062635.9098989,450547,32426940.2,26478355.1328389
1787270400000,2026-08-21 00:00:00,0.848300,0.851200,0.841600,0.843700,1893968.0,1787356799999,2026-08-21 23:59:59,1605528.7344200,15002,875567.9,742279.1515200
