open_time,open_time_dt,open,high,low,close,volume,close_time,close_time_dt,quote_volume,trades_count,taker_buy_base,taker_buy_quote
1701043200000,2023-11-27 00:00:00,0.4575000,0.4735000,0.3884000,0.4337000,94443939,1701129599999,2023-11-27 23:59:59,40702395.6920000,212459,44924610,19390276.5097000
1701129600000,2023-11-28 00:00:00,0.4338000,0.5119000,0.4181000,0.4437000,293735708,1701215999999,2023-11-28 23:59:59,137400348.5560000,665113,145940404,68342910.5422000
1701216000000,2023-11-29 00:00:00,0.4434000,0.4824000,0.3981000,0.4148000,103047057,1701302399999,2023-11-29 23:59:59,44894878.0699000,337667,48793337,21285623.3433000
1701302400000,2023-11-30 00:00:00,0.4150000,0.4164000,0.3750000,0.3855000,65777295,1701388799999,2023-11-30 23:59:59,25401988.0615000,181987,29754703,11486778.0612000
1701388800000,2023-12-01 00:00:00,0.3855000,0.4015000,0.3757000,0.3960000,47144761,1701475199999,2023-12-01 23:59:59,18365768.5910000,123013,21765550,8485029.5985000
1701475200000,2023-12-02 00:00:00,0.3960000,0.4245000,0.3934000,0.4130000,78213316,1701561599999,2023-12-02 23:59:59,32161213.4743000,202045,37175296,15298861.9734000
1701561600000,2023-12-03 00:00:00,0.4129000,0.4398000,0.3901000,0.4136000,65538291,1701647999999,2023-12-03 23:59:59,27396716.2212000,176389,29680868,12412166.9362000
1701648000000,2023-12-04 00:00:00,0.4136000,0.4255000,0.3759000,0.4036000,47014230,1701734399999,2023-12-04 23:59:59,19041579.0023000,138601,20154594,8167675.5437000
1701734400000,2023-12-05 00:00:00,0.4036000,0.4036000,0.3872000,0.3963000,20302923,1701820799999,2023-12-05 23:59:59,8019328.2844000,59001,9474903,3742862.8092000
1701820800000,2023-12-06 00:00:00,0.3964000,0.3994000,0.3755000,0.3849000,21257497,1701907199999,2023-12-06 23:59:59,8224649.7834000,61315,10211400,3950434.2033000
1701907200000,2023-12-07 00:00:00,0.3848000,0.3941000,0.3780000,0.3937000,18495373,1701993599999,2023-12-07 23:59:59,7154411.1916000,55803,8246982,3191678.1986000
1701993600000,2023-12-08 00:00:00,0.3938000,0.4012000,0.3884000,0.4010000,19028010,1702079999999,2023-12-08 23:59:59,7508343.7588000,60774,8486541,3349898.0664000
1702080000000,2023-12-09 00:00:00,0.4009000,0.4047000,0.3919000,0.3973000,20632134,1702166399999,2023-12-09 23:59:59,8227040.1394000,58924,9145003,3646754.3440000
1702166400000,2023-12-10 00:00:00,0.3973000,0.4007000,0.3804000,0.3924000,14687834,1702252799999,2023-12-10 23:59:59,5756105.3310000,44017,6377588,2499432.0676000
1702252800000,2023-12-11 00:00:00,0.3925000,0.3936000,0.3192000,0.3605000,42850515,1702339199999,2023-12-11 23:59:59,15428541.3863000,161062,20163053,7251759.0372000
1702339200000,2023-12-12 00:00:00,0.3605000,0.3667000,0.3510000,0.3611000,16210477,1702425599999,2023-12-12 23:59:59,5836188.2854000,52416,7825768,2817475.4077000
1702425600000,2023-12-13 00:00:00,0.3610000,0.3716000,0.3448000,0.3659000,23379006,1702511999999,2023-12-13 23:59:59,8382120.7053000,69687,11276531,4046034.8703000
1702512000000,2023-12-14 00:00:00,0.3659000,0.3728000,0.3559000,0.3713000,12772533,1702598399999,2023-12-14 23:59:59,4665080.2847000,39129,6003993,2193088.4600000
1702598400000,2023-12-15 00:00:00,0.3714000,0.3818000,0.3671000,0.3708000,23207041,1702684799999,2023-12-15 23:59:59,8687436.5201000,72674,11246141,4211258.4226000
1702684800000,2023-12-16 00:00:00,0.3708000,0.3771000,0.3639000,0.3724000,11287737,1702771199999,2023-12-16 23:59:59,4181157.8691000,40308,5262463,1949674.4003000
1702771200000,2023-12-17 00:00:00,0.3723000,0.3736000,0.3565000,0.3578000,9439428,1702857599999,2023-12-17 23:59:59,3436962.6370000,36175,4382218,1594351.6323000
1702857600000,2023-12-18 00:00:00,0.3579000,0.3597000,0.3267000,0.3508000,15425355,1702943999999,2023-12-18 23:59:59,5280805.8715000,55709,7031544,2405861.3225000
1702944000000,2023-12-19 00:00:00,0.3508000,0.3596000,0.3477000,0.3563000,9413556,1703030399999,2023-12-19 23:59:59,3336943.2829000,37855,4686786,1660685.1669000
1703030400000,2023-12-20 00:00:00,0.3563000,0.3741000,0.3526000,0.3627000,12775890,1703116799999,2023-12-20 23:59:59,4631292.7064000,45890,5897000,2139459.1144000
1703116800000,2023-12-21 00:00:00,0.3626000,0.3712000,0.3612000,0.3698000,7362945,1703203199999,2023-12-21 23:59:59,2701887.4144000,31197,3484682,1278996.7094000
1703203200000,2023-12-22 00:00:00,0.3700000,0.3779000,0.3601000,0.3760000,12461585,1703289599999,2023-12-22 23:59:59,4614597.8237000,41991,6059616,2245123.5786000
1703289600000,2023-12-23 00:00:00,0.3762000,0.3764000,0.3636000,0.3741000,8624310,1703375999999,2023-12-23 23:59:59,3192175.7639000,33563,3847611,1423460.7629000
1703376000000,2023-12-24 00:00:00,0.3740000,0.3761000,0.3530000,0.3632000,12594197,1703462399999,2023-12-24 23:59:59,4655500.9001000,46345,5825878,2151872.9911000
1703462400000,2023-12-25 00:00:00,0.3631000,0.3832000,0.3592000,0.3774000,12631650,1703548799999,2023-12-25 23:59:59,4736024.8584000,47387,5514766,2066439.8518000
1703548800000,2023-12-26 00:00:00,0.3774000,0.3835000,0.3479000,0.3675000,17386559,1703635199999,2023-12-26 23:59:59,6427725.4365000,63003,8009308,2959138.5291000
1703635200000,2023-12-27 00:00:00,0.3675000,0.3828000,0.3637000,0.3818000,12988516,1703721599999,2023-12-27 23:59:59,4872316.9194000,56725,6010995,2254612.0402000
1703721600000,2023-12-28 00:00:00,0.3817000,0.3850000,0.3668000,0.3714000,10485913,1703807999999,2023-12-28 23:59:59,3932417.4337000,47825,4997427,1873612.6907000
1703808000000,2023-12-29 00:00:00,0.3714000,0.3790000,0.3569000,0.3674000,10890734,1703894399999,2023-12-29 23:59:59,4011278.3516000,50145,5115056,1883887.3844000
1703894400000,2023-12-30 00:00:00,0.3675000,0.3775000,0.3609000,0.3640000,8470598,1703980799999,2023-12-30 23:59:59,3116799.4570000,34639,4263015,1568045.4620000
1703980800000,2023-12-31 00:00:00,0.3640000,0.4097000,0.3640000,0.3968000,106151880,1704067199999,2023-12-31 23:59:59,41675854.6514000,298482,52713634,20700455.0877000
1704067200000,2024-01-01 00:00:00,0.3968000,0.3986000,0.3780000,0.3901000,36141833,1704153599999,2024-01-01 23:59:59,13971924.3728000,127815,17289019,6683337.5112000
1704153600000,2024-01-02 00:00:00,0.3902000,0.3903000,0.3735000,0.3793000,22613374,1704239999999,2024-01-02 23:59:59,8638928.5847000,74701,10644290,4066406.9750000
1704240000000,2024-01-03 00:00:00,0.3792000,0.3845000,0.2921000,0.3489000,34044941,1704326399999,2024-01-03 23:59:59,11887842.1896000,163989,15417211,5364286.0251000
1704326400000,2024-01-04 00:00:00,0.3489000,0.3757000,0.3428000,0.3490000,34223597,1704412799999,2024-01-04 23:59:59,12141356.3462000,117880,15934039,5651996.5737000
1704412800000,2024-01-05 00:00:00,0.3490000,0.3498000,0.3266000,0.3408000,15030443,1704499199999,2024-01-05 23:59:59,5075442.4740000,64333,7364159,2485404.6281000
1704499200000,2024-01-06 00:00:00,0.3408000,0.3437000,0.3213000,0.3385000,12243989,1704585599999,2024-01-06 23:59:59,4101453.6461000,54478,6005025,2012107.5528000
1704585600000,2024-01-07 00:00:00,0.3385000,0.3441000,0.3106000,0.3149000,12652780,1704671999999,2024-01-07 23:59:59,4195012.1449000,51110,5943136,1966305.8846000
1704672000000,2024-01-08 00:00:00,0.3149000,0.3296000,0.2879000,0.3280000,16959325,1704758399999,2024-01-08 23:59:59,5213779.2917000,73920,8265603,2541192.7959000
1704758400000,2024-01-09 00:00:00,0.3281000,0.3284000,0.3022000,0.3123000,14959789,1704844799999,2024-01-09 23:59:59,4689407.3826000,70401,7251530,2271366.4357000
1704844800000,2024-01-10 00:00:00,0.3124000,0.3377000,0.3015000,0.3305000,37760720,1704931199999,2024-01-10 23:59:59,12043629.3723000,138066,18175066,5795160.3147000
1704931200000,2024-01-11 00:00:00,0.3306000,0.3485000,0.3285000,0.3404000,23008921,1705017599999,2024-01-11 23:59:59,7777407.2215000,98043,11149768,3766536.4814000
1705017600000,2024-01-12 00:00:00,0.3403000,0.3430000,0.3078000,0.3182000,18002217,1705103999999,2024-01-12 23:59:59,5960333.5258000,87603,9009052,2983856.2003000
1705104000000,2024-01-13 00:00:00,0.3183000,0.3718000,0.3182000,0.3580000,182579748,1705190399999,2024-01-13 23:59:59,64568005.1308000,507734,90052386,31850904.1333000
1705190400000,2024-01-14 00:00:00,0.3580000,0.3582000,0.3349000,0.3364000,39868624,1705276799999,2024-01-14 23:59:59,13802129.5725000,134356,18794618,6505662.2937000
1705276800000,2024-01-15 00:00:00,0.3363000,0.3429000,0.3309000,0.3363000,19775878,1705363199999,2024-01-15 23:59:59,6668203.8544000,77890,9929040,3345689.0233000
1705363200000,2024-01-16 00:00:00,0.3364000,0.3408000,0.3298000,0.3394000,12109010,1705449599999,2024-01-16 23:59:59,4069020.2426000,51195,5480465,1841239.7859000
1705449600000,2024-01-17 00:00:00,0.3396000,0.3429000,0.3276000,0.3341000,11119254,1705535999999,2024-01-17 23:59:59,3715758.5288000,44626,5526056,1844719.9382000
1705536000000,2024-01-18 00:00:00,0.3341000,0.3522000,0.3238000,0.3336000,55852034,1705622399999,2024-01-18 23:59:59,19103708.3675000,145762,27309382,9345274.2569000
1705622400000,2024-01-19 00:00:00,0.3336000,0.3341000,0.3136000,0.3289000,23253767,1705708799999,2024-01-19 23:59:59,7583935.0704000,76334,10836094,3532123.5183000
1705708800000,2024-01-20 00:00:00,0.3288000,0.3342000,0.3197000,0.3273000,11690467,1705795199999,2024-01-20 23:59:59,3805232.7124000,40919,5921965,1925378.8726000
1705795200000,2024-01-21 00:00:00,0.3272000,0.3280000,0.3218000,0.3229000,7494409,1705881599999,2024-01-21 23:59:59,2440858.6570000,32115,3548546,1155559.1457000
1705881600000,2024-01-22 00:00:00,0.3229000,0.3244000,0.3012000,0.3026000,13665216,1705967999999,2024-01-22 23:59:59,4243040.3657000,59449,6578840,2042233.9257000
1705968000000,2024-01-23 00:00:00,0.3026000,0.3091000,0.2823000,0.3006000,14233000,1706054399999,2024-01-23 23:59:59,4187449.0465000,54694,7087041,2084420.3598000
1706054400000,2024-01-24 00:00:00,0.3006000,0.3109000,0.2958000,0.3098000,6936025,1706140799999,2024-01-24 23:59:59,2097971.8728000,34086,3366623,1018577.3138000
1706140800000,2024-01-25 00:00:00,0.3098000,0.3164000,0.3014000,0.3088000,13431761,1706227199999,2024-01-25 23:59:59,4155540.4037000,60310,6351585,1965679.5497000
1706227200000,2024-01-26 00:00:00,0.3089000,0.3178000,0.3058000,0.3164000,8081285,1706313599999,2024-01-26 23:59:59,2534173.9666000,34037,3839667,1204718.1103000
1706313600000,2024-01-27 00:00:00,0.3164000,0.3178000,0.3109000,0.3172000,5491801,1706399999999,2024-01-27 23:59:59,1728495.3270000,22316,2835319,891806.3082000
1706400000000,2024-01-28 00:00:00,0.3173000,0.3187000,0.3067000,0.3103000,6855972,1706486399999,2024-01-28 23:59:59,2148757.8505000,28352,3318878,1039535.9656000
1706486400000,2024-01-29 00:00:00,0.3103000,0.3184000,0.3071000,0.3183000,6008056,1706572799999,2024-01-29 23:59:59,1875498.4039000,28819,2901677,906225.7143000
1706572800000,2024-01-30 00:00:00,0.3182000,0.3200000,0.3119000,0.3135000,5827406,1706659199999,2024-01-30 23:59:59,1849272.8015000,29186,2750928,872991.6323000
1706659200000,2024-01-31 00:00:00,0.3133000,0.3216000,0.2982000,0.3014000,14112364,1706745599999,2024-01-31 23:59:59,4366046.3172000,48429,7051577,2180417.3076000
1706745600000,2024-02-01 00:00:00,0.3014000,0.3071000,0.2939000,0.3064000,6508012,1706831999999,2024-02-01 23:59:59,1959498.3402000,33379,2955163,889616.6133000
1706832000000,2024-02-02 00:00:00,0.3065000,0.3084000,0.3013000,0.3062000,6026815,1706918399999,2024-02-02 23:59:59,1840275.2445000,29453,2987060,912208.5615000
1706918400000,2024-02-03 00:00:00,0.3062000,0.3086000,0.3024000,0.3065000,3494504,1707004799999,2024-02-03 23:59:59,1068148.0330000,19094,1598349,488670.9290000
1707004800000,2024-02-04 00:00:00,0.3064000,0.3070000,0.3000000,0.3014000,5523193,1707091199999,2024-02-04 23:59:59,1676523.3761000,23621,2750655,834892.5471000
1707091200000,2024-02-05 00:00:00,0.3013000,0.3050000,0.2946000,0.3019000,6543281,1707177599999,2024-02-05 23:59:59,1970900.8642000,28698,3074872,926413.9246000
1707177600000,2024-02-06 00:00:00,0.3020000,0.3086000,0.3002000,0.3064000,7187087,1707263999999,2024-02-06 23:59:59,2189303.0464000,27039,3441583,1048915.1070000
1707264000000,2024-02-07 00:00:00,0.3064000,0.3146000,0.3049000,0.3144000,6250928,1707350399999,2024-02-07 23:59:59,1933407.7336000,27996,2757990,853791.7826000
1707350400000,2024-02-08 00:00:00,0.3143000,0.3157000,0.3107000,0.3135000,3908735,1707436799999,2024-02-08 23:59:59,1225614.7989000,20771,2021131,633767.8829000
1707436800000,2024-02-09 00:00:00,0.3134000,0.3238000,0.3129000,0.3232000,5693631,1707523199999,2024-02-09 23:59:59,1814600.9187000,24609,2803244,893971.1004000
1707523200000,2024-02-10 00:00:00,0.3233000,0.3248000,0.3155000,0.3208000,5520589,1707609599999,2024-02-10 23:59:59,1770138.3955000,23854,2782925,892317.9168000
1707609600000,2024-02-11 00:00:00,0.3206000,0.3377000,0.3178000,0.3200000,13742245,1707695999999,2024-02-11 23:59:59,4476858.7838000,44770,6753750,2201172.2893000
1707696000000,2024-02-12 00:00:00,0.3200000,0.3261000,0.3124000,0.3240000,8319455,1707782399999,2024-02-12 23:59:59,2654571.1019000,33834,3988176,1271547.8140000
1707782400000,2024-02-13 00:00:00,0.3239000,0.3255000,0.3136000,0.3197000,6298477,1707868799999,2024-02-13 23:59:59,2012278.9607000,29275,3052179,975310.1986000
1707868800000,2024-02-14 00:00:00,0.3197000,0.3255000,0.3171000,0.3249000,9075851,1707955199999,2024-02-14 23:59:59,2926739.5318000,34486,4385710,1414900.3965000
1707955200000,2024-02-15 00:00:00,0.3249000,0.3522000,0.3211000,0.3372000,28016808,1708041599999,2024-02-15 23:59:59,9409163.5144000,76609,13228706,4447298.3603000
1708041600000,2024-02-16 00:00:00,0.3371000,0.3465000,0.3278000,0.3383000,17356322,1708127999999,2024-02-16 23:59:59,5880430.8874000,54276,8052189,2727707.9940000
1708128000000,2024-02-17 00:00:00,0.3383000,0.3404000,0.3237000,0.3356000,7630516,1708214399999,2024-02-17 23:59:59,2536665.9164000,31491,3709793,1233255.0864000
1708214400000,2024-02-18 00:00:00,0.3355000,0.3465000,0.3355000,0.3406000,9255696,1708300799999,2024-02-18 23:59:59,3162399.9772000,31929,4151649,1418346.9577000
1708300800000,2024-02-19 00:00:00,0.3406000,0.3509000,0.3388000,0.3488000,12695525,1708387199999,2024-02-19 23:59:59,4395492.6401000,48793,5677232,1965878.2927000
1708387200000,2024-02-20 00:00:00,0.3488000,0.3536000,0.3286000,0.3458000,16035916,1708473599999,2024-02-20 23:59:59,5501291.6076000,63118,7719260,2645945.1796000
1708473600000,2024-02-21 00:00:00,0.3458000,0.3540000,0.3340000,0.3531000,21109476,1708559999999,2024-02-21 23:59:59,7243073.8668000,77313,10528597,3612000.8820000
1708560000000,2024-02-22 00:00:00,0.3532000,0.3563000,0.3395000,0.3467000,15970060,1708646399999,2024-02-22 23:59:59,5586665.6017000,51243,7161226,2505639.6219000
1708646400000,2024-02-23 00:00:00,0.3465000,0.3504000,0.3333000,0.3404000,9960821,1708732799999,2024-02-23 23:59:59,3398271.0123000,41466,4873057,1662082.0634000
1708732800000,2024-02-24 00:00:00,0.3405000,0.3466000,0.3333000,0.3458000,8094773,1708819199999,2024-02-24 23:59:59,2771528.4122000,33825,3399632,1164004.4102000
1708819200000,2024-02-25 00:00:00,0.3458000,0.3495000,0.3402000,0.3469000,7180509,1708905599999,2024-02-25 23:59:59,2476989.0674000,30287,3339802,1152402.8500000
1708905600000,2024-02-26 00:00:00,0.3468000,0.3532000,0.3357000,0.3510000,11089698,1708991999999,2024-02-26 23:59:59,3824106.7602000,43523,5024639,1732553.9614000
1708992000000,2024-02-27 00:00:00,0.3511000,0.3579000,0.3459000,0.3573000,15164500,1709078399999,2024-02-27 23:59:59,5357029.7561000,56988,6976965,2464875.4546000
1709078400000,2024-02-28 00:00:00,0.3571000,0.3737000,0.3322000,0.3707000,35254301,1709164799999,2024-02-28 23:59:59,12671396.8230000,115257,16368451,5878456.7955000
1709164800000,2024-02-29 00:00:00,0.3707000,0.3862000,0.3641000,0.3814000,23562798,1709251199999,2024-02-29 23:59:59,8873258.3380000,97626,11471858,4327252.3998000
1709251200000,2024-03-01 00:00:00,0.3815000,0.3999000,0.3781000,0.3994000,14571599,1709337599999,2024-03-01 23:59:59,5644139.7721000,61548,6826324,2645816.5810000
1709337600000,2024-03-02 00:00:00,0.3994000,0.4255000,0.3914000,0.4251000,17698568,1709423999999,2024-03-02 23:59:59,7185579.4279000,78190,8959055,3640850.2264000
1709424000000,2024-03-03 00:00:00,0.4251000,0.4253000,0.3752000,0.4075000,18630606,1709510399999,2024-03-03 23:59:59,7493497.9491000,81233,9256314,3722951.4495000
1709510400000,2024-03-04 00:00:00,0.4076000,0.4492000,0.3983000,0.4329000,40533891,1709596799999,2024-03-04 23:59:59,17228744.2787000,170431,20119187,8543861.8401000
1709596800000,2024-03-05 00:00:00,0.4329000,0.4377000,0.3344000,0.3968000,51145890,1709683199999,2024-03-05 23:59:59,20961679.3903000,240729,24996569,10246705.5555000
1709683200000,2024-03-06 00:00:00,0.3967000,0.4287000,0.3780000,0.4277000,37648965,1709769599999,2024-03-06 23:59:59,15135618.7430000,149816,18865409,7595669.7057000
1709769600000,2024-03-07 00:00:00,0.4275000,0.4465000,0.4135000,0.4382000,25808893,1709855999999,2024-03-07 23:59:59,10971051.1946000,126169,12758350,5425026.4677000
1709856000000,2024-03-08 00:00:00,0.4382000,0.4394000,0.4075000,0.4295000,18398553,1709942399999,2024-03-08 23:59:59,7838468.5501000,89696,8953986,3811450.5420000
1709942400000,2024-03-09 00:00:00,0.4295000,0.4318000,0.4219000,0.4295000,10432558,1710028799999,2024-03-09 23:59:59,4458706.2162000,49709,4752949,2031017.7457000
1710028800000,2024-03-10 00:00:00,0.4295000,0.4363000,0.4107000,0.4245000,12901631,1710115199999,2024-03-10 23:59:59,5483302.6671000,61118,5894166,2503403.3224000
1710115200000,2024-03-11 00:00:00,0.4245000,0.4628000,0.4043000,0.4614000,20304245,1710201599999,2024-03-11 23:59:59,8840137.9387000,102905,9976158,4343511.6346000
1710201600000,2024-03-12 00:00:00,0.4614000,0.4624000,0.4187000,0.4588000,24761048,1710287999999,2024-03-12 23:59:59,10990837.2143000,111333,11440622,5075256.0546000
1710288000000,2024-03-13 00:00:00,0.4587000,0.4800000,0.4474000,0.4763000,24516796,1710374399999,2024-03-13 23:59:59,11347212.4644000,109262,11353930,5259240.7878000
1710374400000,2024-03-14 00:00:00,0.4761000,0.4827000,0.4216000,0.4588000,33057545,1710460799999,2024-03-14 23:59:59,15050900.8434000,146507,15162268,6908200.2566000
1710460800000,2024-03-15 00:00:00,0.4586000,0.4708000,0.3852000,0.4186000,33652337,1710547199999,2024-03-15 23:59:59,14168371.2470000,180809,16554581,6966469.6348000
1710547200000,2024-03-16 00:00:00,0.4187000,0.4227000,0.3720000,0.3797000,20164087,1710633599999,2024-03-16 23:59:59,8019312.3410000,123859,10432759,4152569.0234000
1710633600000,2024-03-17 00:00:00,0.3796000,0.3975000,0.3512000,0.3930000,18108312,1710719999999,2024-03-17 23:59:59,6847095.3810000,98464,9225028,3489329.8361000
1710720000000,2024-03-18 00:00:00,0.3931000,0.3943000,0.3571000,0.3678000,18478767,1710806399999,2024-03-18 23:59:59,6979290.9599000,117135,8982335,3393097.2910000
1710806400000,2024-03-19 00:00:00,0.3676000,0.3717000,0.3181000,0.3263100,34346829,1710892799999,2024-03-19 23:59:59,11604479.0716400,244101,16759480,5662180.8754400
1710892800000,2024-03-20 00:00:00,0.3263000,0.3601000,0.3109200,0.3595300,27490843,1710979199999,2024-03-20 23:59:59,9214162.6853200,177820,13696055,4588087.0160500
1710979200000,2024-03-21 00:00:00,0.3595400,0.3800000,0.3583600,0.3734000,20540341,1711065599999,2024-03-21 23:59:59,7581224.9552100,119001,9895238,3651994.6042000
1711065600000,2024-03-22 00:00:00,0.3734700,0.3777800,0.3493200,0.3645100,16609527,1711151999999,2024-03-22 23:59:59,6036757.1570600,101763,8275644,3006312.0623500
1711152000000,2024-03-23 00:00:00,0.3646900,0.3879600,0.3575300,0.3845300,12084055,1711238399999,2024-03-23 23:59:59,4527783.8955000,78047,6110260,2289609.1901100
1711238400000,2024-03-24 00:00:00,0.3846500,0.4385000,0.3760700,0.3980800,107092030,1711324799999,2024-03-24 23:59:59,42995902.6838400,382645,53376716,21409180.1179900
1711324800000,2024-03-25 00:00:00,0.3982000,0.4133100,0.3876400,0.4103100,23788745,1711411199999,2024-03-25 23:59:59,9494692.1984400,134750,11622435,4636423.2241200
1711411200000,2024-03-26 00:00:00,0.4103200,0.4731900,0.4094000,0.4311600,59968278,1711497599999,2024-03-26 23:59:59,26395594.9758400,298910,28882253,12721210.3358700
1711497600000,2024-03-27 00:00:00,0.4311400,0.4393500,0.4114100,0.4332000,27865498,1711583999999,2024-03-27 23:59:59,11893080.9025800,158289,13522068,5774608.9045600
1711584000000,2024-03-28 00:00:00,0.4332300,0.4462800,0.4155300,0.4442700,20563458,1711670399999,2024-03-28 23:59:59,8922970.0279800,140125,9666358,4196234.6180900
1711670400000,2024-03-29 00:00:00,0.4443300,0.4443300,0.4224100,0.4359800,15973715,1711756799999,2024-03-29 23:59:59,6911162.3084200,104929,7760520,3356587.6015800
1711756800000,2024-03-30 00:00:00,0.4359700,0.4369000,0.4203000,0.4240500,9214799,1711843199999,2024-03-30 23:59:59,3933146.2963400,78954,4425643,1889164.6566000
1711843200000,2024-03-31 00:00:00,0.4240700,0.4392000,0.4180000,0.4337800,12314150,1711929599999,2024-03-31 23:59:59,5262637.5992800,92378,5819188,2488083.4327400
1711929600000,2024-04-01 00:00:00,0.4338200,0.4338300,0.3864300,0.3994000,18344184,1712015999999,2024-04-01 23:59:59,7438140.6077800,111485,8663082,3509975.3007900
1712016000000,2024-04-02 00:00:00,0.3993600,0.4002200,0.3605000,0.3754500,17091099,1712102399999,2024-04-02 23:59:59,6381210.2600600,126180,8370042,3124108.5902800
1712102400000,2024-04-03 00:00:00,0.3754700,0.3907700,0.3586800,0.3860100,15666820,1712188799999,2024-04-03 23:59:59,5960133.2624900,128934,7682019,2923310.1356100
1712188800000,2024-04-04 00:00:00,0.3859700,0.4167500,0.3767100,0.3976300,76568512,1712275199999,2024-04-04 23:59:59,30647446.5049000,356137,38217442,15294516.9686100
1712275200000,2024-04-05 00:00:00,0.3976300,0.3986100,0.3708200,0.3818900,17784783,1712361599999,2024-04-05 23:59:59,6828422.6221500,104210,8678452,3332505.1157100
1712361600000,2024-04-06 00:00:00,0.3819200,0.3912700,0.3791100,0.3876100,7326528,1712447999999,2024-04-06 23:59:59,2820180.0833000,55076,3412343,1312991.0757400
1712448000000,2024-04-07 00:00:00,0.3876100,0.4021200,0.3840800,0.3947800,9580670,1712534399999,2024-04-07 23:59:59,3762351.6574200,65722,4223427,1660701.3264200
1712534400000,2024-04-08 00:00:00,0.3948700,0.4410800,0.3838000,0.4297600,43277324,1712620799999,2024-04-08 23:59:59,18377297.3754900,196560,20734358,8814177.9140600
1712620800000,2024-04-09 00:00:00,0.4295600,0.4298900,0.3953000,0.3986600,27328450,1712707199999,2024-04-09 23:59:59,11218016.0907200,145706,12520572,5135125.2604600
1712707200000,2024-04-10 00:00:00,0.3985800,0.4183800,0.3828100,0.4168000,20981178,1712793599999,2024-04-10 23:59:59,8391536.5078400,125927,9941728,3982805.5574400
1712793600000,2024-04-11 00:00:00,0.4168700,0.6364700,0.4095300,0.5730600,1077388002,1712879999999,2024-04-11 23:59:59,596045618.0596700,2812521,552015410,305480605.4438300
1712880000000,2024-04-12 00:00:00,0.5730600,0.6161000,0.4830800,0.4975600,1602037594,1712966399999,2024-04-12 23:59:59,898940853.8796100,4449241,807119046,452967073.5705800
1712966400000,2024-04-13 00:00:00,0.4975500,0.5270200,0.3112400,0.3825100,677824075,1713052799999,2024-04-13 23:59:59,295901547.8700100,2203211,338351472,147963580.0867700
1713052800000,2024-04-14 00:00:00,0.3826700,0.4264600,0.3442800,0.4225600,338496340,1713139199999,2024-04-14 23:59:59,126068572.3639500,1082703,168170123,62647727.4068900
1713139200000,2024-04-15 00:00:00,0.4224300,0.5678000,0.4157100,0.4876700,1680618906,1713225599999,2024-04-15 23:59:59,850995504.7957500,4365797,854118487,432658768.5166800
1713225600000,2024-04-16 00:00:00,0.4876700,0.5948200,0.4643100,0.5606500,1374205397,1713311999999,2024-04-16 23:59:59,721018198.4490800,3722918,702342149,368649693.9255700
1713312000000,2024-04-17 00:00:00,0.5605800,0.5744100,0.4709200,0.4799100,971440454,1713398399999,2024-04-17 23:59:59,523260172.0710000,2843731,486719242,262180293.6603200
1713398400000,2024-04-18 00:00:00,0.4799400,0.6643400,0.4323600,0.6492200,1613308801,1713484799999,2024-04-18 23:59:59,895657195.7390400,4373495,819429377,454840507.7502800
1713484800000,2024-04-19 00:00:00,0.6492100,0.6967800,0.5786100,0.6568700,1541013544,1713571199999,2024-04-19 23:59:59,987776690.7604200,4188962,791816188,507553481.3848800
1713571200000,2024-04-20 00:00:00,0.6568500,0.6705000,0.6156600,0.6405800,521159987,1713657599999,2024-04-20 23:59:59,334010940.4638100,1880540,264591649,169568584.5485900
1713657600000,2024-04-21 00:00:00,0.6406200,0.7775000,0.6117700,0.7303300,1085672104,1713743999999,2024-04-21 23:59:59,772968037.8720300,3514671,546305904,389007066.3369400
1713744000000,2024-04-22 00:00:00,0.7304800,0.7849800,0.7215000,0.7403600,596298732,1713830399999,2024-04-22 23:59:59,444469078.6115100,2234624,306861286,228784824.1288800
1713830400000,2024-04-23 00:00:00,0.7403200,0.8284400,0.6645000,0.6790000,908493920,1713916799999,2024-04-23 23:59:59,672459464.2666900,3046160,457145072,338336320.6950200
1713916800000,2024-04-24 00:00:00,0.6789200,0.7048000,0.6419000,0.6741500,568252840,1714003199999,2024-04-24 23:59:59,378970590.6045900,2130907,282876481,188696617.4813500
1714003200000,2024-04-25 00:00:00,0.6741300,0.7015100,0.6362300,0.6537800,435740631,1714089599999,2024-04-25 23:59:59,289967742.2490600,1725154,216369136,144006853.3766900
1714089600000,2024-04-26 00:00:00,0.6538000,0.6539200,0.6100000,0.6381600,236004234,1714175999999,2024-04-26 23:59:59,148895600.3161600,895719,114651614,72347967.3363000
1714176000000,2024-04-27 00:00:00,0.6382000,0.6404000,0.5745600,0.5793400,223587450,1714262399999,2024-04-27 23:59:59,132944949.6932900,876887,110627031,65748338.1968500
1714262400000,2024-04-28 00:00:00,0.5794000,0.6987000,0.5531200,0.6346000,636358399,1714348799999,2024-04-28 23:59:59,415986653.9483100,2064482,319282095,208616114.9611200
1714348800000,2024-04-29 00:00:00,0.6345200,0.6635200,0.6163200,0.6520100,309849846,1714435199999,2024-04-29 23:59:59,199143013.3197400,1282094,155501189,99953194.9395600
1714435200000,2024-04-30 00:00:00,0.6520200,0.6552800,0.5812000,0.5872400,242064339,1714521599999,2024-04-30 23:59:59,150392410.5388100,1117734,119491888,74178942.0739800
1714521600000,2024-05-01 00:00:00,0.5872300,0.5908300,0.5256600,0.5543300,260257549,1714607999999,2024-05-01 23:59:59,142713201.8432800,973572,129582100,71045969.7677300
1714608000000,2024-05-02 00:00:00,0.5543000,0.5575800,0.5162800,0.5288800,162432914,1714694399999,2024-05-02 23:59:59,85887147.7026200,523566,80936402,42795930.6086700
1714694400000,2024-05-03 00:00:00,0.5288600,0.5571900,0.5110000,0.5515300,147871458,1714780799999,2024-05-03 23:59:59,78785309.0664400,494226,72897411,38842051.9562800
1714780800000,2024-05-04 00:00:00,0.5515300,0.6197900,0.5369700,0.5731100,219960646,1714867199999,2024-05-04 23:59:59,127418240.6647800,654978,108905682,63059411.1854400
1714867200000,2024-05-05 00:00:00,0.5731300,0.6149000,0.5725100,0.5990600,315132128,1714953599999,2024-05-05 23:59:59,189626937.5729200,978102,156049567,93908831.0076700
1714953600000,2024-05-06 00:00:00,0.5990600,0.6100900,0.5668200,0.5718200,106845851,1715039999999,2024-05-06 23:59:59,62723583.7530100,463531,52683571,30933743.7265700
1715040000000,2024-05-07 00:00:00,0.5718200,0.5875300,0.5529800,0.5556300,83115526,1715126399999,2024-05-07 23:59:59,47829741.9256300,374065,40884423,23529374.5617600
1715126400000,2024-05-08 00:00:00,0.5556200,0.5786000,0.5421200,0.5445400,97189526,1715212799999,2024-05-08 23:59:59,54545127.9733300,410818,47576768,26695475.0676800
1715212800000,2024-05-09 00:00:00,0.5444100,0.5626300,0.5273900,0.5583700,47729416,1715299199999,2024-05-09 23:59:59,26030541.3478700,254205,23038912,12569122.4224300
1715299200000,2024-05-10 00:00:00,0.5583100,0.5713100,0.5215800,0.5291600,56141772,1715385599999,2024-05-10 23:59:59,30753071.0398900,261812,27947351,15311740.7601700
1715385600000,2024-05-11 00:00:00,0.5291000,0.5306100,0.5163500,0.5177900,30381041,1715471999999,2024-05-11 23:59:59,15889799.7791700,157707,15086743,7891586.4637500
1715472000000,2024-05-12 00:00:00,0.5177600,0.5227300,0.5107800,0.5126000,21211614,1715558399999,2024-05-12 23:59:59,10963522.4869600,120542,10091944,5216289.7209100
1715558400000,2024-05-13 00:00:00,0.5126100,0.5156600,0.4716200,0.4961300,62258666,1715644799999,2024-05-13 23:59:59,30802499.5263700,264314,29457533,14564773.0327100
1715644800000,2024-05-14 00:00:00,0.4961300,0.4976200,0.4683400,0.4704800,43153610,1715731199999,2024-05-14 23:59:59,20795213.1002700,206645,20552321,9898590.9634300
1715731200000,2024-05-15 00:00:00,0.4705200,0.5046500,0.4641000,0.5007700,49351966,1715817599999,2024-05-15 23:59:59,23898923.0392400,215469,23809017,11524685.2560600
1715817600000,2024-05-16 00:00:00,0.5007200,0.5213300,0.4883000,0.5030700,40985215,1715903999999,2024-05-16 23:59:59,20738912.2053100,198563,20893296,10576468.2565500
1715904000000,2024-05-17 00:00:00,0.5030700,0.5141000,0.4974200,0.5123400,20067364,1715990399999,2024-05-17 23:59:59,10166729.2655700,109338,9676582,4902836.2629900
1715990400000,2024-05-18 00:00:00,0.5123400,0.5130600,0.4971700,0.5010000,31216382,1716076799999,2024-05-18 23:59:59,15752865.6498100,133058,15571576,7857717.0781900
1716076800000,2024-05-19 00:00:00,0.5010100,0.5019100,0.4731000,0.4758000,18706711,1716163199999,2024-05-19 23:59:59,9129666.0720600,100188,9245612,4512009.1373600
1716163200000,2024-05-20 00:00:00,0.4758200,0.5177400,0.4667200,0.5146500,36143426,1716249599999,2024-05-20 23:59:59,17792286.7665100,175695,17147676,8429475.9785000
1716249600000,2024-05-21 00:00:00,0.5144900,0.5167300,0.4870400,0.4949300,30678526,1716335999999,2024-05-21 23:59:59,15368221.0448300,171096,15088634,7553963.7882200
1716336000000,2024-05-22 00:00:00,0.4949400,0.5024600,0.4810100,0.4904700,32742863,1716422399999,2024-05-22 23:59:59,16101190.7898100,167060,16257273,7995903.8826100
1716422400000,2024-05-23 00:00:00,0.4904800,0.4930500,0.4451000,0.4655000,43883497,1716508799999,2024-05-23 23:59:59,20633512.0829200,193662,21098781,9919601.7814300
1716508800000,2024-05-24 00:00:00,0.4654100,0.4779800,0.4551000,0.4762300,28724557,1716595199999,2024-05-24 23:59:59,13469133.4166600,139547,14323540,6717421.4603700
1716595200000,2024-05-25 00:00:00,0.4762300,0.4791200,0.4693200,0.4742800,32541463,1716681599999,2024-05-25 23:59:59,15374550.5876700,112919,16018683,7567955.8578200
1716681600000,2024-05-26 00:00:00,0.4742900,0.4758100,0.4627300,0.4672400,15880037,1716767999999,2024-05-26 23:59:59,7456293.0028000,81484,7633995,3584394.2078700
1716768000000,2024-05-27 00:00:00,0.4672400,0.4799300,0.4622000,0.4745000,17880188,1716854399999,2024-05-27 23:59:59,8435197.4856200,100019,8177705,3857784.1301900
1716854400000,2024-05-28 00:00:00,0.4745200,0.4764100,0.4549300,0.4641700,26578596,1716940799999,2024-05-28 23:59:59,12283785.1890100,134027,13153623,6077084.0383000
1716940800000,2024-05-29 00:00:00,0.4641900,0.4689700,0.4450800,0.4492200,22935235,1717027199999,2024-05-29 23:59:59,10494094.1110700,111414,10962789,5013918.3321400
1717027200000,2024-05-30 00:00:00,0.4492100,0.4553200,0.4312200,0.4423500,23762283,1717113599999,2024-05-30 23:59:59,10560947.7795800,114632,11038301,4907356.3556600
1717113600000,2024-05-31 00:00:00,0.4423600,0.4424900,0.4246400,0.4320800,23512206,1717199999999,2024-05-31 23:59:59,10202737.2743900,106936,11379755,4938342.6250300
1717200000000,2024-06-01 00:00:00,0.4320800,0.4337500,0.4273800,0.4285500,9770616,1717286399999,2024-06-01 23:59:59,4203549.4046200,52653,5133876,2208586.0194900
1717286400000,2024-06-02 00:00:00,0.4285400,0.4327300,0.4168700,0.4203500,16802476,1717372799999,2024-06-02 23:59:59,7146869.5095700,77978,8483793,3609115.4809100
1717372800000,2024-06-03 00:00:00,0.4203500,0.4471900,0.4156300,0.4218100,35736486,1717459199999,2024-06-03 23:59:59,15384873.8203100,137884,17846211,7679419.4995400
1717459200000,2024-06-04 00:00:00,0.4218700,0.4301300,0.4168500,0.4280100,16348392,1717545599999,2024-06-04 23:59:59,6920215.5406500,76065,7952696,3366091.8167800
1717545600000,2024-06-05 00:00:00,0.4280000,0.4418100,0.4260600,0.4362900,15162466,1717631999999,2024-06-05 23:59:59,6576338.1032500,77752,7585780,3289399.9703600
1717632000000,2024-06-06 00:00:00,0.4362600,0.4365400,0.4127100,0.4180900,22823016,1717718399999,2024-06-06 23:59:59,9611613.2185700,90391,10900291,4589280.4634600
1717718400000,2024-06-07 00:00:00,0.4180900,0.4384400,0.3588900,0.3895300,59766261,1717804799999,2024-06-07 23:59:59,23940437.2213200,184032,28425758,11385462.2563200
1717804800000,2024-06-08 00:00:00,0.3895000,0.3921400,0.3601200,0.3647900,21615592,1717891199999,2024-06-08 23:59:59,8084124.1428500,98601,10399136,3891706.8685300
1717891200000,2024-06-09 00:00:00,0.3648700,0.3708500,0.3574300,0.3700200,13483452,1717977599999,2024-06-09 23:59:59,4933171.3297400,62396,6743665,2467902.3566700
1717977600000,2024-06-10 00:00:00,0.3699400,0.3847400,0.3586000,0.3687400,31212158,1718063999999,2024-06-10 23:59:59,11657476.9186400,125805,15144042,5660127.7198600
1718064000000,2024-06-11 00:00:00,0.3687300,0.3786400,0.3534800,0.3608000,73138202,1718150399999,2024-06-11 23:59:59,26953580.7958200,238184,36165633,13336289.5681700
1718150400000,2024-06-12 00:00:00,0.3608300,0.4207800,0.3461400,0.3960600,209352336,1718236799999,2024-06-12 23:59:59,83164945.6281700,537187,104943364,41717579.4474500
1718236800000,2024-06-13 00:00:00,0.3960200,0.4236600,0.3909600,0.3978600,169394325,1718323199999,2024-06-13 23:59:59,69023277.6972700,509192,85067308,34672917.2872900
1718323200000,2024-06-14 00:00:00,0.3978300,0.4046800,0.3443600,0.3608800,84954319,1718409599999,2024-06-14 23:59:59,31824159.2969900,274442,41048252,15366451.9702600
1718409600000,2024-06-15 00:00:00,0.3608000,0.3851900,0.3525100,0.3764200,52793682,1718495999999,2024-06-15 23:59:59,19705758.8617300,191611,25835138,9640608.4225600
1718496000000,2024-06-16 00:00:00,0.3764500,0.3811700,0.3615600,0.3628000,35309458,1718582399999,2024-06-16 23:59:59,13006115.5664000,122643,17867419,6582721.2121000
1718582400000,2024-06-17 00:00:00,0.3628000,0.3639100,0.3124900,0.3154300,62578395,1718668799999,2024-06-17 23:59:59,20886449.6296300,197370,29956408,9983308.2599700
1718668800000,2024-06-18 00:00:00,0.3153500,0.3165200,0.2717000,0.2859500,84787690,1718755199999,2024-06-18 23:59:59,24420677.8808700,230569,41630854,11980206.7795800
1718755200000,2024-06-19 00:00:00,0.2859600,0.3005400,0.2805900,0.2926300,30374739,1718841599999,2024-06-19 23:59:59,8914979.9049900,111486,15007638,4404290.6971600
1718841600000,2024-06-20 00:00:00,0.2926000,0.3576200,0.2901500,0.3450100,475280134,1718927999999,2024-06-20 23:59:59,162720522.7239100,944997,239907932,82130394.9478800
1718928000000,2024-06-21 00:00:00,0.3451000,0.3814300,0.3334300,0.3647500,727122897,1719014399999,2024-06-21 23:59:59,263601921.8443400,1394794,361190824,130968237.4367400
1719014400000,2024-06-22 00:00:00,0.3646400,0.3764500,0.3534000,0.3608000,262035769,1719100799999,2024-06-22 23:59:59,95490360.9123500,720621,131179270,47802340.1116200
1719100800000,2024-06-23 00:00:00,0.3607900,0.3666000,0.3391100,0.3396400,94987382,1719187199999,2024-06-23 23:59:59,33620433.5523900,329794,45355312,16059634.0612800
1719187200000,2024-06-24 00:00:00,0.3396700,0.3699700,0.3340500,0.3540100,273428909,1719273599999,2024-06-24 23:59:59,97138769.8153400,656923,136697755,48584481.5427500
1719273600000,2024-06-25 00:00:00,0.3540800,0.3705600,0.3468500,0.3558000,97989526,1719359999999,2024-06-25 23:59:59,34927882.1295600,285807,48868763,17418364.4731400
1719360000000,2024-06-26 00:00:00,0.3558000,0.3753800,0.3381100,0.3531700,143747900,1719446399999,2024-06-26 23:59:59,51624359.9430100,327218,70197669,25216216.4026200
1719446400000,2024-06-27 00:00:00,0.3531800,0.3691400,0.3353100,0.3595100,99441569,1719532799999,2024-06-27 23:59:59,35078904.7251200,268906,47953359,16889300.6092400
1719532800000,2024-06-28 00:00:00,0.3595200,0.3803800,0.3572200,0.3581500,125011175,1719619199999,2024-06-28 23:59:59,45792893.7269600,309104,62681301,22965688.5851000
1719619200000,2024-06-29 00:00:00,0.3582400,0.3709100,0.3440500,0.3488100,58120552,1719705599999,2024-06-29 23:59:59,20923804.6071100,157981,29137660,10484330.5951000
1719705600000,2024-06-30 00:00:00,0.3487900,0.3704800,0.3350500,0.3667500,81459259,1719791999999,2024-06-30 23:59:59,28863137.7555000,212793,39395680,13951670.2483400
1719792000000,2024-07-01 00:00:00,0.3667300,0.3698700,0.3530400,0.3554300,40888418,1719878399999,2024-07-01 23:59:59,14729674.2504500,135055,20307751,7316118.4704700
1719878400000,2024-07-02 00:00:00,0.3554200,0.3554200,0.3447100,0.3469800,24653607,1719964799999,2024-07-02 23:59:59,8606374.5850400,97649,12115054,4229213.6222200
1719964800000,2024-07-03 00:00:00,0.3469900,0.3483400,0.3164800,0.3197900,41967001,1720051199999,2024-07-03 23:59:59,13944182.4584600,138198,20855557,6925413.8722300
1720051200000,2024-07-04 00:00:00,0.3198300,0.3268800,0.2805000,0.2835800,59994930,1720137599999,2024-07-04 23:59:59,18187373.8874500,178803,29193994,8852402.7466900
1720137600000,2024-07-05 00:00:00,0.2835400,0.2844000,0.2367000,0.2762800,87494190,1720223999999,2024-07-05 23:59:59,22802708.3121400,222685,43006818,11209778.7106700
1720224000000,2024-07-06 00:00:00,0.2761800,0.2962600,0.2704200,0.2958900,32431401,1720310399999,2024-07-06 23:59:59,9198682.0572100,109373,16190495,4591507.1908400
1720310400000,2024-07-07 00:00:00,0.2958200,0.3260900,0.2935100,0.2973300,245177892,1720396799999,2024-07-07 23:59:59,76316908.9779200,586971,123021168,38293817.8482600
1720396800000,2024-07-08 00:00:00,0.2973200,0.3168300,0.2822600,0.3071500,105389351,1720483199999,2024-07-08 23:59:59,31618188.7367900,319920,50983055,15283190.8901400
1720483200000,2024-07-09 00:00:00,0.3071900,0.3206900,0.3048800,0.3151700,47747017,1720569599999,2024-07-09 23:59:59,14997420.6974600,146892,23188956,7282784.9539800
1720569600000,2024-07-10 00:00:00,0.3152200,0.3185500,0.3077500,0.3156500,19498843,1720655999999,2024-07-10 23:59:59,6126596.0095900,79887,9709621,3051552.3185400
1720656000000,2024-07-11 00:00:00,0.3156500,0.3196700,0.3031200,0.3042900,24460796,1720742399999,2024-07-11 23:59:59,7623719.0188500,87381,11823581,3684690.2487600
1720742400000,2024-07-12 00:00:00,0.3042400,0.3122200,0.2992100,0.3108600,15788317,1720828799999,2024-07-12 23:59:59,4839825.7850400,63001,7615296,2334217.8850500
1720828800000,2024-07-13 00:00:00,0.3109000,0.3168600,0.3079200,0.3129100,12340379,1720915199999,2024-07-13 23:59:59,3836625.6769500,48193,5904900,1835944.5942000
1720915200000,2024-07-14 00:00:00,0.3129400,0.3239600,0.3110800,0.3216200,20474899,1721001599999,2024-07-14 23:59:59,6505349.8846200,69652,10161210,3227213.1766000
1721001600000,2024-07-15 00:00:00,0.3215800,0.3440500,0.3211600,0.3404000,56526887,1721087999999,2024-07-15 23:59:59,19018591.1868800,159783,28248075,9501920.2932100
1721088000000,2024-07-16 00:00:00,0.3405000,0.3415600,0.3198900,0.3386800,44446002,1721174399999,2024-07-16 23:59:59,14745333.9263900,124798,21282901,7059127.4532700
1721174400000,2024-07-17 00:00:00,0.3387100,0.3485900,0.3353000,0.3396500,22398643,1721260799999,2024-07-17 23:59:59,7657624.9978400,79888,10634986,3636532.6072000
1721260800000,2024-07-18 00:00:00,0.3398000,0.3477100,0.3240600,0.3359200,21434608,1721347199999,2024-07-18 23:59:59,7226045.5200400,81907,10881633,3665805.5517300
1721347200000,2024-07-19 00:00:00,0.3359700,0.3481300,0.3269800,0.3461000,25340361,1721433599999,2024-07-19 23:59:59,8627339.1820600,83605,12110764,4125224.4879300
1721433600000,2024-07-20 00:00:00,0.3460700,0.3497400,0.3393500,0.3478000,11874216,1721519999999,2024-07-20 23:59:59,4099268.9375000,43709,5824215,2011473.5345400
1721520000000,2024-07-21 00:00:00,0.3478100,0.3915200,0.3416700,0.3626700,138921164,1721606399999,2024-07-21 23:59:59,51107962.4486600,320047,68695317,25290381.5180300
1721606400000,2024-07-22 00:00:00,0.3625500,0.3817700,0.3501400,0.3608100,52565469,1721692799999,2024-07-22 23:59:59,19072848.0330900,154370,26160429,9504929.9564000
1721692800000,2024-07-23 00:00:00,0.3608300,0.3609200,0.3353800,0.3448800,25207058,1721779199999,2024-07-23 23:59:59,8799646.6433000,98511,11606227,4048032.4757500
1721779200000,2024-07-24 00:00:00,0.3448700,0.3545400,0.3369000,0.3391600,20831032,1721865599999,2024-07-24 23:59:59,7216908.8976100,76987,9834594,3407509.3549700
1721865600000,2024-07-25 00:00:00,0.3391200,0.3396200,0.3107900,0.3263400,18107161,1721951999999,2024-07-25 23:59:59,5846787.3329500,82475,9313337,3006359.2870800
1721952000000,2024-07-26 00:00:00,0.3262500,0.3428700,0.3262200,0.3426100,27106210,1722038399999,2024-07-26 23:59:59,9128340.9662800,99833,13226686,4453212.1655100
1722038400000,2024-07-27 00:00:00,0.3426500,0.3506200,0.3374100,0.3478100,15887932,1722124799999,2024-07-27 23:59:59,5475828.6127000,70033,7559465,2605763.3563400
1722124800000,2024-07-28 00:00:00,0.3477600,0.3496500,0.3367500,0.3425600,8865235,1722211199999,2024-07-28 23:59:59,3036515.1235100,40683,4321739,1479894.2431000
1722211200000,2024-07-29 00:00:00,0.3425600,0.3497000,0.3360200,0.3371800,13557192,1722297599999,2024-07-29 23:59:59,4653746.6872400,58028,6536907,2243651.2584200
1722297600000,2024-07-30 00:00:00,0.3371700,0.3418900,0.3211800,0.3271300,9781790,1722383999999,2024-07-30 23:59:59,3261863.9887100,45699,4789519,1596205.0371600
1722384000000,2024-07-31 00:00:00,0.3270600,0.3332200,0.3195100,0.3209000,10107632,1722470399999,2024-07-31 23:59:59,3307800.9015700,48130,5070734,1659190.9762700
1722470400000,2024-08-01 00:00:00,0.3208700,0.3225300,0.2957400,0.3196400,16679741,1722556799999,2024-08-01 23:59:59,5176221.3035900,72495,8151401,2529675.7137800
1722556800000,2024-08-02 00:00:00,0.3196400,0.3208300,0.2943100,0.2985500,25349191,1722643199999,2024-08-02 23:59:59,7780888.2686600,101500,12615793,3873155.6712600
1722643200000,2024-08-03 00:00:00,0.2985600,0.3037000,0.2800600,0.2860900,22093620,1722729599999,2024-08-03 23:59:59,6402485.4389600,85261,11024831,3194386.4546400
1722729600000,2024-08-04 00:00:00,0.2861300,0.2944200,0.2596000,0.2691500,16671994,1722815999999,2024-08-04 23:59:59,4625677.5601400,77490,8139276,2255568.2476100
1722816000000,2024-08-05 00:00:00,0.2691500,0.2710700,0.2192700,0.2504100,111896825,1722902399999,2024-08-05 23:59:59,26692453.5212500,320812,55876267,13331138.5822800
1722902400000,2024-08-06 00:00:00,0.2504700,0.2687800,0.2493400,0.2657000,25595224,1722988799999,2024-08-06 23:59:59,6698261.5749000,83047,12714230,3329434.4378200
1722988800000,2024-08-07 00:00:00,0.2656300,0.2754700,0.2565000,0.2617700,17088780,1723075199999,2024-08-07 23:59:59,4555723.0671600,69540,8335390,2221860.6030300
1723075200000,2024-08-08 00:00:00,0.2618600,0.2944000,0.2547000,0.2942700,17468964,1723161599999,2024-08-08 23:59:59,4828922.3103000,65839,8645653,2391480.3443600
1723161600000,2024-08-09 00:00:00,0.2942100,0.2991900,0.2854300,0.2957700,17674742,1723247999999,2024-08-09 23:59:59,5163948.2608000,68898,8806678,2574749.3800500
1723248000000,2024-08-10 00:00:00,0.2958100,0.2998200,0.2892500,0.2995600,9385842,1723334399999,2024-08-10 23:59:59,2761925.0331400,37375,4805379,1414390.5442600
1723334400000,2024-08-11 00:00:00,0.2995600,0.3027800,0.2790700,0.2806500,15532546,1723420799999,2024-08-11 23:59:59,4538160.0093600,60979,7565894,2209736.8912700
1723420800000,2024-08-12 00:00:00,0.2806400,0.3047000,0.2800800,0.2927400,122599327,1723507199999,2024-08-12 23:59:59,36114237.7416100,303400,61411753,18102255.8452300
1723507200000,2024-08-13 00:00:00,0.2928400,0.2996700,0.2835500,0.2993000,21052968,1723593599999,2024-08-13 23:59:59,6114920.7019100,65629,10334010,3000827.6780300
1723593600000,2024-08-14 00:00:00,0.2992900,0.2992900,0.2867200,0.2904600,15405542,1723679999999,2024-08-14 23:59:59,4518589.8784800,53966,7290332,2138347.4300100
1723680000000,2024-08-15 00:00:00,0.2904200,0.2923300,0.2761600,0.2793500,10814116,1723766399999,2024-08-15 23:59:59,3079362.6461400,44676,5351160,1522801.3774500
1723766400000,2024-08-16 00:00:00,0.2793000,0.2829000,0.2714900,0.2796000,12892829,1723852799999,2024-08-16 23:59:59,3586294.2578100,46652,6217593,1729444.1567200
1723852800000,2024-08-17 00:00:00,0.2795300,0.2840100,0.2755300,0.2836000,10146063,1723939199999,2024-08-17 23:59:59,2837773.7138000,33875,4934471,1380323.5721200
1723939200000,2024-08-18 00:00:00,0.2836000,0.2884100,0.2778700,0.2825700,11769789,1724025599999,2024-08-18 23:59:59,3335787.9285100,41961,5788083,1640607.3977800
1724025600000,2024-08-19 00:00:00,0.2825800,0.2990900,0.2783400,0.2988200,19235419,1724111999999,2024-08-19 23:59:59,5532517.8440700,86388,9518983,2739067.8748100
1724112000000,2024-08-20 00:00:00,0.2988200,0.3155000,0.2949300,0.3019200,33985656,1724198399999,2024-08-20 23:59:59,10384661.6869000,102353,16737598,5115655.0501100
1724198400000,2024-08-21 00:00:00,0.3019400,0.3087700,0.2972000,0.3070800,14399939,1724284799999,2024-08-21 23:59:59,4350864.5911200,45694,6998108,2114822.3079600
1724284800000,2024-08-22 00:00:00,0.3071000,0.3153500,0.3034700,0.3099800,16356570,1724371199999,2024-08-22 23:59:59,5058340.2015600,54007,7780646,2406814.8158300
1724371200000,2024-08-23 00:00:00,0.3099000,0.3272800,0.3084900,0.3258200,13043857,1724457599999,2024-08-23 23:59:59,4123580.7159200,48020,6351658,2006539.5363000
1724457600000,2024-08-24 00:00:00,0.3258500,0.3303600,0.3193400,0.3255500,10301595,1724543999999,2024-08-24 23:59:59,3354613.5127300,44915,4983679,1623090.3874300
1724544000000,2024-08-25 00:00:00,0.3254900,0.3258000,0.3110500,0.3174200,8378907,1724630399999,2024-08-25 23:59:59,2670486.9991700,43821,4003637,1276057.3507500
1724630400000,2024-08-26 00:00:00,0.3174300,0.3186600,0.3004000,0.3024400,8766717,1724716799999,2024-08-26 23:59:59,2711717.3887100,42145,4246340,1313006.2584900
1724716800000,2024-08-27 00:00:00,0.3024300,0.3079100,0.2777200,0.2836800,9699072,1724803199999,2024-08-27 23:59:59,2850668.6819700,45023,4973490,1460130.9835800
1724803200000,2024-08-28 00:00:00,0.2836400,0.2932100,0.2739600,0.2857900,11884791,1724889599999,2024-08-28 23:59:59,3378156.9041100,57000,6006618,1708364.6500600
1724889600000,2024-08-29 00:00:00,0.2857300,0.2932700,0.2791000,0.2846000,8614922,1724975999999,2024-08-29 23:59:59,2468515.9536000,38266,4260803,1220824.5955100
1724976000000,2024-08-30 00:00:00,0.2844800,0.2864800,0.2704500,0.2852100,10037105,1725062399999,2024-08-30 23:59:59,2812722.7224900,46092,4917262,1378319.3220600
1725062400000,2024-08-31 00:00:00,0.2852900,0.2871400,0.2767300,0.2793400,4368039,1725148799999,2024-08-31 23:59:59,1232947.2071200,22266,2188122,617826.3774700
1725148800000,2024-09-01 00:00:00,0.2793200,0.2801300,0.2651000,0.2671000,7801082,1725235199999,2024-09-01 23:59:59,2135883.8389900,36724,3782764,1035889.9303700
1725235200000,2024-09-02 00:00:00,0.2671000,0.2795700,0.2654800,0.2768800,9242408,1725321599999,2024-09-02 23:59:59,2512410.3011800,40644,4568779,1242175.7870600
1725321600000,2024-09-03 00:00:00,0.2768800,0.2819100,0.2626300,0.2631400,9442191,1725407999999,2024-09-03 23:59:59,2570138.1927000,42777,4791739,1305667.1015200
1725408000000,2024-09-04 00:00:00,0.2630000,0.2708400,0.2502300,0.2671500,11206736,1725494399999,2024-09-04 23:59:59,2932993.3040700,50310,5484904,1435383.6480400
1725494400000,2024-09-05 00:00:00,0.2671200,0.2695100,0.2562800,0.2589500,7539549,1725580799999,2024-09-05 23:59:59,1983118.2955700,35239,3806654,1001561.5461600
1725580800000,2024-09-06 00:00:00,0.2588800,0.2670200,0.2421200,0.2519200,14257098,1725667199999,2024-09-06 23:59:59,3641063.0705600,56367,7101739,1814498.0672800
1725667200000,2024-09-07 00:00:00,0.2519700,0.2613100,0.2513600,0.2559400,5714191,1725753599999,2024-09-07 23:59:59,1467921.4979100,27045,2768183,711601.0635100
1725753600000,2024-09-08 00:00:00,0.2559400,0.2644700,0.2545400,0.2618100,5868345,1725839999999,2024-09-08 23:59:59,1523968.1584400,26682,2880592,748296.5033500
1725840000000,2024-09-09 00:00:00,0.2618100,0.2731100,0.2612800,0.2698700,8096086,1725926399999,2024-09-09 23:59:59,2167415.2607700,34378,4023254,1076663.4424600
1725926400000,2024-09-10 00:00:00,0.2698700,0.2764000,0.2664800,0.2736200,8382760,1726012799999,2024-09-10 23:59:59,2280659.4216800,34804,4027692,1095683.9516700
1726012800000,2024-09-11 00:00:00,0.2735400,0.2739400,0.2616600,0.2699000,10736831,1726099199999,2024-09-11 23:59:59,2877808.9719200,35834,5417563,1451458.8303200
1726099200000,2024-09-12 00:00:00,0.2698400,0.2784600,0.2691700,0.2781200,7015096,1726185599999,2024-09-12 23:59:59,1918791.7788000,26516,3266737,893367.3178300
1726185600000,2024-09-13 00:00:00,0.2780700,0.2843300,0.2740400,0.2832400,7524988,1726271999999,2024-09-13 23:59:59,2095976.5026200,28609,3680406,1025686.6340600
1726272000000,2024-09-14 00:00:00,0.2832500,0.2847700,0.2776500,0.2796000,4696295,1726358399999,2024-09-14 23:59:59,1317603.7766900,20790,2241077,628480.7947600
1726358400000,2024-09-15 00:00:00,0.2796900,0.2799800,0.2653700,0.2667900,5796037,1726444799999,2024-09-15 23:59:59,1592428.1823500,26459,2800325,769388.9337700
1726444800000,2024-09-16 00:00:00,0.2668700,0.2732100,0.2625900,0.2650300,9078957,1726531199999,2024-09-16 23:59:59,2421416.5284500,39552,4553308,1214526.4499300
1726531200000,2024-09-17 00:00:00,0.2650300,0.2747400,0.2629900,0.2701800,7219195,1726617599999,2024-09-17 23:59:59,1945687.4675900,27900,3678630,991141.0599100
1726617600000,2024-09-18 00:00:00,0.2701900,0.2778600,0.2604800,0.2778600,10893252,1726703999999,2024-09-18 23:59:59,2926737.1528800,40730,5337466,1433959.0071800
1726704000000,2024-09-19 00:00:00,0.2778300,0.2896600,0.2743200,0.2881500,10730876,1726790399999,2024-09-19 23:59:59,3024084.7747700,43088,5303341,1495014.5551400
1726790400000,2024-09-20 00:00:00,0.2882000,0.3145500,0.2824500,0.3019900,49594149,1726876799999,2024-09-20 23:59:59,14888751.8735000,134409,24623453,7399073.2238400
1726876800000,2024-09-21 00:00:00,0.3019900,0.3850000,0.2991400,0.3451400,848219317,1726963199999,2024-09-21 23:59:59,304382950.8229300,1227589,423004105,151760698.4694300
1726963200000,2024-09-22 00:00:00,0.3451300,0.3453100,0.3030000,0.3108900,188154115,1727049599999,2024-09-22 23:59:59,60634037.8184200,367345,89391204,28780244.1876700
1727049600000,2024-09-23 00:00:00,0.3108700,0.3173200,0.3019500,0.3085700,76906239,1727135999999,2024-09-23 23:59:59,23801640.6225700,193738,38243436,11840966.0563100
1727136000000,2024-09-24 00:00:00,0.3085900,0.3306300,0.3082200,0.3225600,94985161,1727222399999,2024-09-24 23:59:59,30317884.3755700,224196,47413552,15131434.6374900
1727222400000,2024-09-25 00:00:00,0.3226000,0.3234000,0.3125200,0.3173700,38693268,1727308799999,2024-09-25 23:59:59,12298603.8428000,116709,17951644,5707035.8723000
1727308800000,2024-09-26 00:00:00,0.3173800,0.3258100,0.3110600,0.3249000,31007064,1727395199999,2024-09-26 23:59:59,9926467.2058500,96607,14848522,4754345.6547000
1727395200000,2024-09-27 00:00:00,0.3249200,0.3329300,0.3204100,0.3329200,25982937,1727481599999,2024-09-27 23:59:59,8464898.7599200,79310,12650706,4121217.5714600
1727481600000,2024-09-28 00:00:00,0.3329200,0.3453200,0.3228800,0.3308700,50571470,1727567999999,2024-09-28 23:59:59,16873564.4019100,149088,24144226,8060276.5328400
1727568000000,2024-09-29 00:00:00,0.3308600,0.3332900,0.3203500,0.3276800,21016965,1727654399999,2024-09-29 23:59:59,6858892.7500200,70176,10101019,3295262.2401100
1727654400000,2024-09-30 00:00:00,0.3276800,0.3404400,0.3146800,0.3173100,58129326,1727740799999,2024-09-30 23:59:59,19043494.1310300,169737,27915085,9144684.0065500
1727740800000,2024-10-01 00:00:00,0.3172000,0.3243700,0.2815600,0.2958300,52339873,1727827199999,2024-10-01 23:59:59,15799801.8414100,121221,24619946,7430331.6442700
1727827200000,2024-10-02 00:00:00,0.2957700,0.3078600,0.2807000,0.2846300,34541141,1727913599999,2024-10-02 23:59:59,10186577.2722900,90426,17145826,5052955.4613500
1727913600000,2024-10-03 00:00:00,0.2845400,0.2896300,0.2722600,0.2820800,28219476,1727999999999,2024-10-03 23:59:59,7888113.6902000,82215,14059802,3930148.5623300
1728000000000,2024-10-04 00:00:00,0.2821700,0.3065500,0.2815500,0.3015200,63182676,1728086399999,2024-10-04 23:59:59,18693818.3073800,143950,31619157,9357684.6656900
1728086400000,2024-10-05 00:00:00,0.3015700,0.3043400,0.2956100,0.2999000,13965421,1728172799999,2024-10-05 23:59:59,4195980.7478700,40094,6916546,2078804.2914600
1728172800000,2024-10-06 00:00:00,0.2999500,0.3268000,0.2999300,0.3181100,130451437,1728259199999,2024-10-06 23:59:59,41267396.9152900,241809,63730972,20161638.3099400
1728259200000,2024-10-07 00:00:00,0.3181100,0.3262400,0.3037000,0.3045000,44639967,1728345599999,2024-10-07 23:59:59,14127843.8171900,117559,21521908,6809570.8077100
1728345600000,2024-10-08 00:00:00,0.3045500,0.3263500,0.3039600,0.3222000,89664486,1728431999999,2024-10-08 23:59:59,28331115.0657500,219148,44820571,14165988.7368600
1728432000000,2024-10-09 00:00:00,0.3221400,0.3263000,0.3010600,0.3072900,45965436,1728518399999,2024-10-09 23:59:59,14474029.3609400,140540,21901930,6896477.4726400
1728518400000,2024-10-10 00:00:00,0.3073000,0.3326300,0.3019900,0.3185000,81863824,1728604799999,2024-10-10 23:59:59,26158014.1414700,219513,39969749,12775324.7136300
1728604800000,2024-10-11 00:00:00,0.3185500,0.3347600,0.3165500,0.3290400,49345069,1728691199999,2024-10-11 23:59:59,16035358.1364800,140085,23815332,7740967.2549300
1728691200000,2024-10-12 00:00:00,0.3290800,0.3351700,0.3227400,0.3281300,22767388,1728777599999,2024-10-12 23:59:59,7458468.8620000,68208,10783922,3533284.5287400
1728777600000,2024-10-13 00:00:00,0.3282100,0.3312100,0.3086700,0.3156400,17813841,1728863999999,2024-10-13 23:59:59,5661591.8443600,58196,8463412,2687557.9287600
1728864000000,2024-10-14 00:00:00,0.3157100,0.3271400,0.3081700,0.3253700,18318420,1728950399999,2024-10-14 23:59:59,5834979.0638200,62618,8813538,2809012.0180600
1728950400000,2024-10-15 00:00:00,0.3254400,0.3263900,0.3084000,0.3191500,18958050,1729036799999,2024-10-15 23:59:59,6028393.1664100,71291,9675659,3075563.8530600
1729036800000,2024-10-16 00:00:00,0.3191600,0.3242300,0.3148100,0.3226000,16333264,1729123199999,2024-10-16 23:59:59,5221244.1841700,66743,8136446,2601537.9961200
1729123200000,2024-10-17 00:00:00,0.3227200,0.3298400,0.3093900,0.3149800,20286123,1729209599999,2024-10-17 23:59:59,6453110.0276300,76386,9643880,3066060.7710000
1729209600000,2024-10-18 00:00:00,0.3150400,0.3205300,0.3118000,0.3200700,8697641,1729295999999,2024-10-18 23:59:59,2747805.4825000,45605,4386980,1386084.6092300
1729296000000,2024-10-19 00:00:00,0.3200600,0.3237300,0.3158600,0.3231600,10099636,1729382399999,2024-10-19 23:59:59,3233991.0642800,44482,4791112,1534607.3677200
1729382400000,2024-10-20 00:00:00,0.3231600,0.3302900,0.3164000,0.3297000,15344206,1729468799999,2024-10-20 23:59:59,4945286.4086300,63015,7212916,2324906.9408100
1729468800000,2024-10-21 00:00:00,0.3297200,0.3359600,0.3137200,0.3165800,13099838,1729555199999,2024-10-21 23:59:59,4229812.5353300,55897,6657129,2148247.6845400
1729555200000,2024-10-22 00:00:00,0.3166200,0.3182900,0.3091000,0.3151300,8919841,1729641599999,2024-10-22 23:59:59,2797418.7162100,41882,4432875,1390053.0892100
1729641600000,2024-10-23 00:00:00,0.3150500,0.3158900,0.2964300,0.3028400,10515878,1729727999999,2024-10-23 23:59:59,3207748.4499900,48098,5378226,1639882.3082600
1729728000000,2024-10-24 00:00:00,0.3029400,0.3078000,0.2958800,0.3056900,10449072,1729814399999,2024-10-24 23:59:59,3165377.8540300,45270,5238726,1587015.6309900
1729814400000,2024-10-25 00:00:00,0.3056900,0.3066500,0.2690900,0.2825500,17895361,1729900799999,2024-10-25 23:59:59,5199913.8640500,56512,8948527,2600020.5149100
1729900800000,2024-10-26 00:00:00,0.2826400,0.2877700,0.2759000,0.2835600,9792858,1729987199999,2024-10-26 23:59:59,2767212.4463000,35560,4885044,1380675.0667100
1729987200000,2024-10-27 00:00:00,0.2835100,0.2920500,0.2813900,0.2892500,6108452,1730073599999,2024-10-27 23:59:59,1749930.3268600,25576,3041945,871079.9387700
1730073600000,2024-10-28 00:00:00,0.2891900,0.2942300,0.2794600,0.2937900,12700838,1730159999999,2024-10-28 23:59:59,3635328.3125800,49731,6208619,1777788.3855100
1730160000000,2024-10-29 00:00:00,0.2938200,0.3032100,0.2906200,0.3028700,10344973,1730246399999,2024-10-29 23:59:59,3080400.3893300,44078,4922298,1465939.8922500
1730246400000,2024-10-30 00:00:00,0.3028800,0.3030200,0.2933700,0.2956200,10214965,1730332799999,2024-10-30 23:59:59,3040708.5355300,40981,4851672,1444336.3072400
1730332800000,2024-10-31 00:00:00,0.2955800,0.2959100,0.2763800,0.2795100,10230012,1730419199999,2024-10-31 23:59:59,2929434.0990800,43769,5138755,1470768.7242700
1730419200000,2024-11-01 00:00:00,0.2795300,0.2835600,0.2696100,0.2750800,12299727,1730505599999,2024-11-01 23:59:59,3399547.4303000,46368,5998710,1657339.2186300
1730505600000,2024-11-02 00:00:00,0.2750900,0.2803700,0.2688500,0.2725300,11301674,1730591999999,2024-11-02 23:59:59,3105861.9786900,41961,5487876,1508943.5553700
1730592000000,2024-11-03 00:00:00,0.2725800,0.2733300,0.2590900,0.2655300,15507472,1730678399999,2024-11-03 23:59:59,4093375.4833500,62793,7502116,1979987.5906700
1730678400000,2024-11-04 00:00:00,0.2655000,0.2689700,0.2541500,0.2603300,12600079,1730764799999,2024-11-04 23:59:59,3312503.2512700,48910,6145219,1615697.9818200
1730764800000,2024-11-05 00:00:00,0.2603300,0.2727000,0.2597600,0.2684300,11019861,1730851199999,2024-11-05 23:59:59,2945778.8561900,40943,5356452,1432020.7937400
1730851200000,2024-11-06 00:00:00,0.2684300,0.2909800,0.2684000,0.2890200,21827328,1730937599999,2024-11-06 23:59:59,6129911.3051300,77796,10606270,2978686.8939200
1730937600000,2024-11-07 00:00:00,0.2890400,0.2943900,0.2820900,0.2914800,21508628,1731023999999,2024-11-07 23:59:59,6232198.9208600,71045,10752289,3114821.4255200
1731024000000,2024-11-08 00:00:00,0.2916300,0.2950300,0.2850900,0.2945900,12766871,1731110399999,2024-11-08 23:59:59,3708593.8415300,53068,6304635,1830860.3614000
1731110400000,2024-11-09 00:00:00,0.2945900,0.3017100,0.2871300,0.3013800,11564451,1731196799999,2024-11-09 23:59:59,3389840.1902300,48035,5682056,1665703.0755900
1731196800000,2024-11-10 00:00:00,0.3013800,0.3239500,0.2964500,0.3144100,25656633,1731283199999,2024-11-10 23:59:59,7969885.8054200,103104,12760427,3965683.4206400
1731283200000,2024-11-11 00:00:00,0.3144600,0.3307500,0.3024400,0.3306000,38516070,1731369599999,2024-11-11 23:59:59,12167905.7554800,137857,18708165,5913023.7204100
1731369600000,2024-11-12 00:00:00,0.3307500,0.3565900,0.3075300,0.3320500,86893058,1731455999999,2024-11-12 23:59:59,28916440.5956800,315481,42338853,14088093.6758300
1731456000000,2024-11-13 00:00:00,0.3320600,0.3407500,0.3073700,0.3272800,41161913,1731542399999,2024-11-13 23:59:59,13225218.7064700,202698,20027610,6437310.6238300
1731542400000,2024-11-14 00:00:00,0.3271900,0.3504000,0.3001200,0.3063700,62269818,1731628799999,2024-11-14 23:59:59,20127155.7696900,244303,30643366,9903361.8664600
1731628800000,2024-11-15 00:00:00,0.3063400,0.3232900,0.2970100,0.3231400,20946846,1731715199999,2024-11-15 23:59:59,6518850.2621300,111994,9875413,3071710.1493600
1731715200000,2024-11-16 00:00:00,0.3231400,0.3546300,0.3197000,0.3526200,29756517,1731801599999,2024-11-16 23:59:59,10060376.5281700,123278,14787487,5005494.8325900
1731801600000,2024-11-17 00:00:00,0.3528000,0.3530700,0.3194800,0.3301000,21499834,1731887999999,2024-11-17 23:59:59,7241052.6062000,108560,10295593,3465381.4358000
1731888000000,2024-11-18 00:00:00,0.3301800,0.3532800,0.3255600,0.3491500,21604932,1731974399999,2024-11-18 23:59:59,7369747.3660500,115182,10383407,3544554.8998700
1731974400000,2024-11-19 00:00:00,0.3490800,0.3727800,0.3432400,0.3584400,41475095,1732060799999,2024-11-19 23:59:59,14825749.7498400,166631,20422280,7302428.4588900
1732060800000,2024-11-20 00:00:00,0.3584500,0.3599200,0.3276500,0.3373600,22388933,1732147199999,2024-11-20 23:59:59,7647931.6440500,99905,10766764,3673996.6464600
1732147200000,2024-11-21 00:00:00,0.3373800,0.3598300,0.3234100,0.3595600,34501494,1732233599999,2024-11-21 23:59:59,11825338.9284400,136712,17136733,5877114.3957000
1732233600000,2024-11-22 00:00:00,0.3596200,0.3649800,0.3428100,0.3640700,24393403,1732319999999,2024-11-22 23:59:59,8596547.9334100,117266,11781333,4153013.5669000
1732320000000,2024-11-23 00:00:00,0.3641500,0.3832900,0.3577400,0.3773200,39057930,1732406399999,2024-11-23 23:59:59,14499697.8187700,182010,18969562,7043330.1728200
1732406400000,2024-11-24 00:00:00,0.3774200,0.4352300,0.3621300,0.4007800,95004727,1732492799999,2024-11-24 23:59:59,37705058.4062400,395607,46669401,18522072.1078800
1732492800000,2024-11-25 00:00:00,0.4008400,0.4118700,0.3792600,0.3946700,40336983,1732579199999,2024-11-25 23:59:59,15962291.6559700,194826,19655169,7772970.5839600
1732579200000,2024-11-26 00:00:00,0.3946300,0.4298500,0.3699300,0.4154000,53182152,1732665599999,2024-11-26 23:59:59,21215753.5582800,262957,25648799,10234013.2420100
1732665600000,2024-11-27 00:00:00,0.4155000,0.4299800,0.3981700,0.4279200,23582747,1732751999999,2024-11-27 23:59:59,9665947.4336300,131366,11645745,4776221.0672500
1732752000000,2024-11-28 00:00:00,0.4278600,0.4376900,0.4095900,0.4348900,18791426,1732838399999,2024-11-28 23:59:59,7903340.5454300,106007,9012060,3788645.2836000
1732838400000,2024-11-29 00:00:00,0.4348800,0.4504900,0.4145000,0.4439600,16049652,1732924799999,2024-11-29 23:59:59,6921189.3925100,100609,7784113,3358735.8488200
1732924800000,2024-11-30 00:00:00,0.4439900,0.4581500,0.4302500,0.4434800,25303990,1733011199999,2024-11-30 23:59:59,11199197.7309500,140394,12356823,5470392.7398800
1733011200000,2024-12-01 00:00:00,0.4434500,0.4468900,0.4237700,0.4424800,14430010,1733097599999,2024-12-01 23:59:59,6301474.8068800,81059,6892627,3009503.4769900
1733097600000,2024-12-02 00:00:00,0.4426700,0.4591100,0.4060000,0.4466000,39605944,1733183999999,2024-12-02 23:59:59,17150908.2186300,198853,19269420,8343505.9360000
1733184000000,2024-12-03 00:00:00,0.4466000,0.5519800,0.4084400,0.5404300,115898955,1733270399999,2024-12-03 23:59:59,53681495.9435500,426010,57557329,26710851.2306900
1733270400000,2024-12-04 00:00:00,0.5406900,0.5410500,0.4757700,0.4940400,60312603,1733356799999,2024-12-04 23:59:59,30273527.8919700,285989,28519941,14313985.3646800
1733356800000,2024-12-05 00:00:00,0.4941900,0.4988400,0.4500000,0.4715400,37415158,1733443199999,2024-12-05 23:59:59,17927251.8301900,206413,17693720,8484152.0769000
1733443200000,2024-12-06 00:00:00,0.4716000,0.4856700,0.4474500,0.4768000,22565735,1733529599999,2024-12-06 23:59:59,10592247.2629800,145443,10988960,5161525.2915300
1733529600000,2024-12-07 00:00:00,0.4765100,0.4889600,0.4704400,0.4768200,19378942,1733615999999,2024-12-07 23:59:59,9277485.3220300,128907,9858569,4720649.6003000
1733616000000,2024-12-08 00:00:00,0.4766700,0.4833900,0.4612500,0.4825400,11301601,1733702399999,2024-12-08 23:59:59,5363864.7566600,86405,5476067,2600521.7306000
1733702400000,2024-12-09 00:00:00,0.4824100,0.4878600,0.3357800,0.3933800,47952900,1733788799999,2024-12-09 23:59:59,20174540.8908200,208264,22890945,9661185.0773700
1733788800000,2024-12-10 00:00:00,0.3933800,0.3985600,0.3340000,0.3702000,75164834,1733875199999,2024-12-10 23:59:59,27473395.5259500,213415,37146483,13582859.3412100
1733875200000,2024-12-11 00:00:00,0.3703600,0.3969600,0.3492800,0.3936000,24778873,1733961599999,2024-12-11 23:59:59,9275606.3140900,124381,12242976,4588561.7682900
1733961600000,2024-12-12 00:00:00,0.3936200,0.4141300,0.3887100,0.4064500,27445187,1734047999999,2024-12-12 23:59:59,11096609.4978000,147153,13693537,5535764.6964900
1734048000000,2024-12-13 00:00:00,0.4064000,0.4077600,0.3920400,0.4055200,18471722,1734134399999,2024-12-13 23:59:59,7400632.7043000,122797,9306685,3728790.0031000
1734134400000,2024-12-14 00:00:00,0.4055200,0.4091400,0.3779000,0.3868000,15107182,1734220799999,2024-12-14 23:59:59,5966828.4755200,96604,7818253,3089551.5711500
1734220800000,2024-12-15 00:00:00,0.3868000,0.4037700,0.3771400,0.4033900,12503809,1734307199999,2024-12-15 23:59:59,4885915.5701700,90630,6116836,2389132.0227400
1734307200000,2024-12-16 00:00:00,0.4033000,0.4094900,0.3751700,0.3838600,15135352,1734393599999,2024-12-16 23:59:59,5908310.5068800,102874,7140007,2785634.9978800
1734393600000,2024-12-17 00:00:00,0.3837000,0.3841700,0.3551900,0.3600200,17647145,1734479999999,2024-12-17 23:59:59,6565672.0984500,101178,8672057,3227076.4278900
1734480000000,2024-12-18 00:00:00,0.3600700,0.3615000,0.3159200,0.3244100,26244710,1734566399999,2024-12-18 23:59:59,8956322.8681200,132140,13127162,4479961.5460100
1734566400000,2024-12-19 00:00:00,0.3242500,0.3328400,0.2932500,0.3039500,34319026,1734652799999,2024-12-19 23:59:59,10765360.7501000,166024,17084548,5361061.2024800
1734652800000,2024-12-20 00:00:00,0.3039300,0.3194300,0.2720000,0.3171900,37674165,1734739199999,2024-12-20 23:59:59,11180634.3203900,168035,18827084,5591899.8199300
1734739200000,2024-12-21 00:00:00,0.3171100,0.3327300,0.2961200,0.3025400,20772651,1734825599999,2024-12-21 23:59:59,6479448.7045900,115632,10721176,3343831.1736600
1734825600000,2024-12-22 00:00:00,0.3025900,0.3348300,0.2991500,0.3154200,55020565,1734911999999,2024-12-22 23:59:59,17394370.4257400,207264,27031951,8548956.3714900
1734912000000,2024-12-23 00:00:00,0.3153900,0.3432200,0.3066900,0.3374800,37761398,1734998399999,2024-12-23 23:59:59,12330266.7605400,155454,18026851,5884001.3690500
1734998400000,2024-12-24 00:00:00,0.3374200,0.3618900,0.3361100,0.3475300,37490300,1735084799999,2024-12-24 23:59:59,13080329.1589000,147353,17824066,6215870.7239100
1735084800000,2024-12-25 00:00:00,0.3475200,0.3491400,0.3307900,0.3336100,17837381,1735171199999,2024-12-25 23:59:59,6071109.0057200,99107,8513260,2899241.1903500
1735171200000,2024-12-26 00:00:00,0.3336400,0.3349400,0.3073500,0.3120000,17343037,1735257599999,2024-12-26 23:59:59,5504555.8088800,84122,8475006,2686037.5201300
1735257600000,2024-12-27 00:00:00,0.3120100,0.3265200,0.3084400,0.3182400,17868987,1735343999999,2024-12-27 23:59:59,5666649.7940200,86414,8685471,2753868.9724500
1735344000000,2024-12-28 00:00:00,0.3182300,0.3467900,0.3171600,0.3466500,37828687,1735430399999,2024-12-28 23:59:59,12538340.9208900,156734,18874676,6253462.0070900
1735430400000,2024-12-29 00:00:00,0.3466200,0.3466300,0.3192100,0.3231000,16951909,1735516799999,2024-12-29 23:59:59,5642459.1063900,83823,8126206,2705101.4433200
1735516800000,2024-12-30 00:00:00,0.3231400,0.3381900,0.3101000,0.3204900,17807930,1735603199999,2024-12-30 23:59:59,5785359.3631500,89009,8526111,2769561.3423300
1735603200000,2024-12-31 00:00:00,0.3205000,0.3255400,0.3101400,0.3149600,12844898,1735689599999,2024-12-31 23:59:59,4074501.3045000,74137,6626396,2101046.2236800
1735689600000,2025-01-01 00:00:00,0.3149900,0.3249000,0.3068800,0.3228500,9995211,1735775999999,2025-01-01 23:59:59,3150865.5661000,63507,4714450,1486493.8964600
1735776000000,2025-01-02 00:00:00,0.3228500,0.3331700,0.3203600,0.3280300,10734728,1735862399999,2025-01-02 23:59:59,3513735.9295300,62750,5636656,1845584.5623800
1735862400000,2025-01-03 00:00:00,0.3281200,0.3457600,0.3229200,0.3434100,11711741,1735948799999,2025-01-03 23:59:59,3917513.7775300,65124,5419594,1811053.0409800
1735948800000,2025-01-04 00:00:00,0.3434400,0.3507400,0.3368800,0.3438000,12957903,1736035199999,2025-01-04 23:59:59,4445045.0336800,72865,6296051,2159136.9933800
1736035200000,2025-01-05 00:00:00,0.3438000,0.3531000,0.3368600,0.3493200,21043798,1736121599999,2025-01-05 23:59:59,7249147.3154500,100999,10221683,3520638.7765200
1736121600000,2025-01-06 00:00:00,0.3493100,0.3672700,0.3433300,0.3590500,21966343,1736207999999,2025-01-06 23:59:59,7872721.5492600,102264,10569323,3787967.8002300
1736208000000,2025-01-07 00:00:00,0.3590500,0.3601800,0.3220800,0.3245200,18302483,1736294399999,2025-01-07 23:59:59,6253675.3836800,76738,9059586,3096772.4432600
1736294400000,2025-01-08 00:00:00,0.3245000,0.3765000,0.3104800,0.3646100,145457739,1736380799999,2025-01-08 23:59:59,50281181.7025600,404751,73350055,25374480.1241800
1736380800000,2025-01-09 00:00:00,0.3646100,0.3919100,0.3463300,0.3849900,384748523,1736467199999,2025-01-09 23:59:59,142825362.7318800,947152,192818368,71604986.7130500
1736467200000,2025-01-10 00:00:00,0.3849000,0.3983000,0.3502900,0.3880800,151582819,1736553599999,2025-01-10 23:59:59,55646033.8714200,515079,73710374,27042466.1750300
1736553600000,2025-01-11 00:00:00,0.3880900,0.3892500,0.3660100,0.3707600,76899897,1736639999999,2025-01-11 23:59:59,28840225.4075600,461758,38812254,14553264.5995400
1736640000000,2025-01-12 00:00:00,0.3708400,0.3802100,0.3524500,0.3657900,73761555,1736726399999,2025-01-12 23:59:59,27025638.3253200,426168,36567528,13401038.3867800
1736726400000,2025-01-13 00:00:00,0.3657900,0.4100000,0.3214600,0.3439600,252824524,1736812799999,2025-01-13 23:59:59,91109192.3881400,725056,125469122,45238761.7829900
1736812800000,2025-01-14 00:00:00,0.3439700,0.3586400,0.3285200,0.3566900,94942279,1736899199999,2025-01-14 23:59:59,32455262.2379400,276556,47433801,16208939.0447500
1736899200000,2025-01-15 00:00:00,0.3566800,0.3648400,0.3392400,0.3578100,83813732,1736985599999,2025-01-15 23:59:59,29407794.5446500,269338,40066785,14055494.2472500
1736985600000,2025-01-16 00:00:00,0.3577400,0.3577700,0.3401300,0.3465300,41794286,1737071999999,2025-01-16 23:59:59,14601705.1698600,155797,20581439,7191044.6833700
1737072000000,2025-01-17 00:00:00,0.3465500,0.3646200,0.3453900,0.3592700,42756064,1737158399999,2025-01-17 23:59:59,15289371.6205600,150685,21470775,7677975.0742300
1737158400000,2025-01-18 00:00:00,0.3592600,0.3613100,0.3296700,0.3358700,37178326,1737244799999,2025-01-18 23:59:59,12654490.4644900,140664,18352101,6249239.2849200
1737244800000,2025-01-19 00:00:00,0.3358100,0.3424900,0.3045100,0.3109700,58434249,1737331199999,2025-01-19 23:59:59,18840593.5325900,193692,28862501,9301954.7408500
1737331200000,2025-01-20 00:00:00,0.3111800,0.3450400,0.3010000,0.3132400,72055575,1737417599999,2025-01-20 23:59:59,22905365.8691100,197858,34932264,11108869.5949300
1737417600000,2025-01-21 00:00:00,0.3132300,0.3254200,0.3003000,0.3170300,34700478,1737503999999,2025-01-21 23:59:59,10822481.3312700,127447,17087514,5325447.5348200
1737504000000,2025-01-22 00:00:00,0.3170000,0.3187400,0.3074300,0.3092400,17118036,1737590399999,2025-01-22 23:59:59,5370445.8217600,70450,8784777,2757397.1617500
1737590400000,2025-01-23 00:00:00,0.3091600,0.3137900,0.2981000,0.3085900,21842081,1737676799999,2025-01-23 23:59:59,6672195.7694000,86281,10732045,3278117.6528400
1737676800000,2025-01-24 00:00:00,0.3086700,0.3166000,0.2951100,0.2982600,17093656,1737763199999,2025-01-24 23:59:59,5212290.7933100,66439,9091134,2770013.7337900
1737763200000,2025-01-25 00:00:00,0.2981300,0.3084200,0.2939800,0.3063500,9210133,1737849599999,2025-01-25 23:59:59,2788910.9581700,46864,4787385,1448278.3464400
1737849600000,2025-01-26 00:00:00,0.3063600,0.3220600,0.3012800,0.3018100,17393237,1737935999999,2025-01-26 23:59:59,5437898.9902500,84935,8517177,2663222.0282600
1737936000000,2025-01-27 00:00:00,0.3018800,0.3041800,0.2788700,0.2986500,23820468,1738022399999,2025-01-27 23:59:59,6973231.5268300,102464,11657444,3410503.7110800
1738022400000,2025-01-28 00:00:00,0.2986500,0.3014400,0.2793000,0.2819100,15929672,1738108799999,2025-01-28 23:59:59,4635408.4337800,72071,7480346,2181174.2762500
1738108800000,2025-01-29 00:00:00,0.2819500,0.2954100,0.2782300,0.2871600,12077522,1738195199999,2025-01-29 23:59:59,3460238.6560400,73124,5869516,1681494.5890600
1738195200000,2025-01-30 00:00:00,0.2870600,0.3022200,0.2842000,0.2956000,8861737,1738281599999,2025-01-30 23:59:59,2616147.6278500,55297,4462779,1318612.2814100
1738281600000,2025-01-31 00:00:00,0.2955800,0.3098100,0.2903100,0.2964400,19534778,1738367999999,2025-01-31 23:59:59,5862484.9303200,87690,10060255,3019975.6670700
1738368000000,2025-02-01 00:00:00,0.2964400,0.3164300,0.2834800,0.2859200,85248729,1738454399999,2025-02-01 23:59:59,25980825.7129700,249868,41470040,12647328.4038700
1738454400000,2025-02-02 00:00:00,0.2859700,0.2995900,0.2443500,0.2606200,51321885,1738540799999,2025-02-02 23:59:59,13892174.1064900,194000,25175844,6806524.4217400
1738540800000,2025-02-03 00:00:00,0.2605500,0.2686700,0.2007800,0.2648700,65765001,1738627199999,2025-02-03 23:59:59,15671372.2052900,225722,32219599,7676044.5694200
1738627200000,2025-02-04 00:00:00,0.2648500,0.2758800,0.2500200,0.2661600,37409078,1738713599999,2025-02-04 23:59:59,9875908.9523000,154432,18830448,4972178.3773600
1738713600000,2025-02-05 00:00:00,0.2661900,0.2687300,0.2550000,0.2586200,17863295,1738799999999,2025-02-05 23:59:59,4684138.0753200,84368,8908659,2336267.7455700
1738800000000,2025-02-06 00:00:00,0.2585200,0.2622400,0.2440500,0.2471900,18857590,1738886399999,2025-02-06 23:59:59,4776516.1691300,89963,9235442,2339492.6235700
1738886400000,2025-02-07 00:00:00,0.2473100,0.2623800,0.2391700,0.2463700,18112035,1738972799999,2025-02-07 23:59:59,4553493.2992100,86300,9404715,2363368.9058100
1738972800000,2025-02-08 00:00:00,0.2463500,0.2569900,0.2454800,0.2558900,8823863,1739059199999,2025-02-08 23:59:59,2201352.1926100,63970,4445720,1109281.7032700
1739059200000,2025-02-09 00:00:00,0.2559000,0.2639500,0.2447000,0.2564800,11807036,1739145599999,2025-02-09 23:59:59,3029370.1527300,64067,5862577,1503671.2672100
1739145600000,2025-02-10 00:00:00,0.2565400,0.2624600,0.2476200,0.2600400,12544935,1739231999999,2025-02-10 23:59:59,3223046.9124500,66437,6481629,1665216.1207800
1739232000000,2025-02-11 00:00:00,0.2600000,0.2678500,0.2522300,0.2551100,10521856,1739318399999,2025-02-11 23:59:59,2739728.1676400,65200,5541639,1442829.1491900
1739318400000,2025-02-12 00:00:00,0.2551500,0.2713400,0.2468100,0.2684400,15337413,1739404799999,2025-02-12 23:59:59,3931971.6480100,77931,7886846,2021983.7329100
1739404800000,2025-02-13 00:00:00,0.2684600,0.2708700,0.2567200,0.2636100,10554039,1739491199999,2025-02-13 23:59:59,2768169.4105000,65870,5226165,1370617.9260600
1739491200000,2025-02-14 00:00:00,0.2636700,0.2716500,0.2608800,0.2672900,14308353,1739577599999,2025-02-14 23:59:59,3803805.0643700,72504,7197542,1913965.9442000
1739577600000,2025-02-15 00:00:00,0.2673100,0.2685400,0.2564800,0.2581300,7286952,1739663999999,2025-02-15 23:59:59,1912159.6685700,49232,3574194,938629.2516000
1739664000000,2025-02-16 00:00:00,0.2581400,0.2758000,0.2562700,0.2624400,25395335,1739750399999,2025-02-16 23:59:59,6736355.3617700,101752,12474736,3311505.6811600
1739750400000,2025-02-17 00:00:00,0.2623600,0.2857300,0.2598300,0.2657700,53673066,1739836799999,2025-02-17 23:59:59,14557762.7662100,191489,26275745,7134597.1562100
1739836800000,2025-02-18 00:00:00,0.2657300,0.2664200,0.2470000,0.2563900,16215553,1739923199999,2025-02-18 23:59:59,4150606.8554600,82142,7838367,2005021.3814400
1739923200000,2025-02-19 00:00:00,0.2563900,0.2647800,0.2547900,0.2604000,13797616,1740009599999,2025-02-19 23:59:59,3589114.8597700,103401,6658877,1731924.0486600
1740009600000,2025-02-20 00:00:00,0.2604000,0.2682500,0.2598400,0.2674500,8065589,1740095999999,2025-02-20 23:59:59,2122053.0157600,42575,3912510,1029371.4529500
1740096000000,2025-02-21 00:00:00,0.2674900,0.2762600,0.2554700,0.2605800,9633333,1740182399999,2025-02-21 23:59:59,2567099.5568500,51960,4830248,1286215.3490300
1740182400000,2025-02-22 00:00:00,0.2605800,0.2719200,0.2591600,0.2703600,7139720,1740268799999,2025-02-22 23:59:59,1904285.6562300,38683,3224283,859758.0645000
1740268800000,2025-02-23 00:00:00,0.2703600,0.2739900,0.2654200,0.2689600,5335320,1740355199999,2025-02-23 23:59:59,1438575.4071100,33867,2535908,683907.5912700
1740355200000,2025-02-24 00:00:00,0.2690100,0.2702500,0.2397100,0.2430500,11154902,1740441599999,2025-02-24 23:59:59,2837644.8799500,62631,5733162,1456723.4895400
1740441600000,2025-02-25 00:00:00,0.2430500,0.2509000,0.2306400,0.2457900,17775043,1740527999999,2025-02-25 23:59:59,4264046.1775400,101288,8530609,2045797.2181000
1740528000000,2025-02-26 00:00:00,0.2458400,0.2506800,0.2376000,0.2467600,11958306,1740614399999,2025-02-26 23:59:59,2924173.3485200,70530,6278605,1535713.6330900
1740614400000,2025-02-27 00:00:00,0.2467700,0.2522500,0.2406600,0.2479800,7591001,1740700799999,2025-02-27 23:59:59,1877484.5823500,45711,3866740,956769.4160700
1740700800000,2025-02-28 00:00:00,0.2480300,0.2501900,0.2286400,0.2487800,15535960,1740787199999,2025-02-28 23:59:59,3706706.5000500,74135,7832605,1868305.2337200
1740787200000,2025-03-01 00:00:00,0.2488000,0.2514900,0.2414100,0.2512500,7736110,1740873599999,2025-03-01 23:59:59,1903143.7750500,42824,3863740,950675.4264600
1740873600000,2025-03-02 00:00:00,0.2512400,0.2629000,0.2442900,0.2604100,26393772,1740959999999,2025-03-02 23:59:59,6658287.8615800,98035,12741871,3216847.2940300
1740960000000,2025-03-03 00:00:00,0.2603600,0.2608100,0.2251900,0.2291500,18098786,1741046399999,2025-03-03 23:59:59,4394329.8633900,89180,8985554,2180369.7198300
1741046400000,2025-03-04 00:00:00,0.2291700,0.2335000,0.2162300,0.2309600,18868833,1741132799999,2025-03-04 23:59:59,4261420.6824200,90636,9132416,2062329.0121200
1741132800000,2025-03-05 00:00:00,0.2309800,0.2369400,0.2269000,0.2360200,10176130,1741219199999,2025-03-05 23:59:59,2358321.2246300,46502,5412039,1254660.0849300
1741219200000,2025-03-06 00:00:00,0.2360600,0.2410800,0.2278300,0.2310300,9052884,1741305599999,2025-03-06 23:59:59,2126158.9536000,42960,4178916,981153.5058200
1741305600000,2025-03-07 00:00:00,0.2310000,0.2377300,0.2196000,0.2290600,14209195,1741391999999,2025-03-07 23:59:59,3276525.4407500,63001,7371357,1699547.9090200
1741392000000,2025-03-08 00:00:00,0.2290400,0.2310100,0.2240800,0.2277000,5677964,1741478399999,2025-03-08 23:59:59,1291090.6390700,31387,2953651,671548.3574700
1741478400000,2025-03-09 00:00:00,0.2277100,0.2287000,0.2008800,0.2026400,13023739,1741564799999,2025-03-09 23:59:59,2762338.5475100,55560,6203878,1315069.8747900
1741564800000,2025-03-10 00:00:00,0.2026800,0.2115500,0.1900800,0.1913900,17047762,1741651199999,2025-03-10 23:59:59,3435341.6173700,64347,8728679,1760989.2335800
1741651200000,2025-03-11 00:00:00,0.1913900,0.2038000,0.1799000,0.1998700,16409794,1741737599999,2025-03-11 23:59:59,3181760.5544000,59247,8271718,1602204.4517300
1741737600000,2025-03-12 00:00:00,0.1999100,0.2084300,0.1941100,0.2067400,10351770,1741823999999,2025-03-12 23:59:59,2093239.4691100,42820,5230452,1057446.2330200
1741824000000,2025-03-13 00:00:00,0.2067500,0.2098700,0.1987500,0.2050300,9930414,1741910399999,2025-03-13 23:59:59,2032009.8855100,45602,5009280,1025115.3039600
1741910400000,2025-03-14 00:00:00,0.2050800,0.2153500,0.2045600,0.2110000,6539640,1741996799999,2025-03-14 23:59:59,1375172.3717400,35001,3325195,698951.4745100
1741996800000,2025-03-15 00:00:00,0.2109700,0.2157700,0.2095600,0.2148200,4953234,1742083199999,2025-03-15 23:59:59,1052422.8583900,29501,2513753,534036.5179600
1742083200000,2025-03-16 00:00:00,0.2148500,0.2154300,0.2061600,0.2077200,6903421,1742169599999,2025-03-16 23:59:59,1455360.4294000,39201,3274494,689918.2285100
1742169600000,2025-03-17 00:00:00,0.2077400,0.2168500,0.2075800,0.2148600,7983350,1742255999999,2025-03-17 23:59:59,1700691.8285300,54432,4004796,852830.1901800
1742256000000,2025-03-18 00:00:00,0.2148200,0.2225100,0.2103900,0.2215100,11479754,1742342399999,2025-03-18 23:59:59,2469895.0531400,54657,5811691,1250820.3658600
1742342400000,2025-03-19 00:00:00,0.2215200,0.2281500,0.2179500,0.2242800,15875481,1742428799999,2025-03-19 23:59:59,3532055.3869200,72568,7384358,1643824.1579400
1742428800000,2025-03-20 00:00:00,0.2242700,0.2252000,0.2188700,0.2202600,7836296,1742515199999,2025-03-20 23:59:59,1740585.1088500,42417,3768162,836777.4371700
1742515200000,2025-03-21 00:00:00,0.2202400,0.2214900,0.2150200,0.2161000,6673225,1742601599999,2025-03-21 23:59:59,1454716.6816100,37868,3575443,779601.1354100
1742601600000,2025-03-22 00:00:00,0.2161400,0.2236600,0.2159600,0.2193400,6214516,1742687999999,2025-03-22 23:59:59,1370393.6157700,34281,2961081,652582.0946300
1742688000000,2025-03-23 00:00:00,0.2193200,0.2201700,0.2144400,0.2179000,5358284,1742774399999,2025-03-23 23:59:59,1165361.6321700,30071,2654253,577378.2701200
1742774400000,2025-03-24 00:00:00,0.2179100,0.2259700,0.2142400,0.2247800,8612876,1742860799999,2025-03-24 23:59:59,1909943.4954600,41537,4173107,925562.7258900
1742860800000,2025-03-25 00:00:00,0.2247900,0.2382000,0.2221100,0.2270100,16972132,1742947199999,2025-03-25 23:59:59,3860704.4459200,62629,8148388,1855854.6539800
1742947200000,2025-03-26 00:00:00,0.2270300,0.2294300,0.2200500,0.2233300,7751043,1743033599999,2025-03-26 23:59:59,1741929.8940100,36952,3955771,888337.9806300
1743033600000,2025-03-27 00:00:00,0.2233700,0.2271700,0.2185000,0.2225200,8613842,1743119999999,2025-03-27 23:59:59,1922451.8823300,41833,4250195,948052.4158100
1743120000000,2025-03-28 00:00:00,0.2225600,0.2243700,0.2060700,0.2099000,9699687,1743206399999,2025-03-28 23:59:59,2074736.1411400,42538,4759351,1017188.6547700
1743206400000,2025-03-29 00:00:00,0.2098600,0.2113300,0.1958600,0.1982200,10456770,1743292799999,2025-03-29 23:59:59,2116700.3207100,48085,4951391,1001693.7680600
1743292800000,2025-03-30 00:00:00,0.1982500,0.2041900,0.1960600,0.1983800,8951837,1743379199999,2025-03-30 23:59:59,1791386.5191000,39626,4416867,883064.6235400
1743379200000,2025-03-31 00:00:00,0.1984200,0.1999200,0.1868000,0.1890600,25626521,1743465599999,2025-03-31 23:59:59,4978531.4059100,84208,12218118,2372920.8689600
1743465600000,2025-04-01 00:00:00,0.1891100,0.1937700,0.1845100,0.1903300,19998099,1743551999999,2025-04-01 23:59:59,3779031.3051500,69595,10437191,1972171.9590300
1743552000000,2025-04-02 00:00:00,0.1903200,0.1910000,0.1730400,0.1732000,28207991,1743638399999,2025-04-02 23:59:59,5177541.7115600,74223,13485279,2478345.9408900
1743638400000,2025-04-03 00:00:00,0.1732200,0.1774900,0.1674300,0.1745200,16907553,1743724799999,2025-04-03 23:59:59,2930891.2399500,51747,8276185,1434512.7354300
1743724800000,2025-04-04 00:00:00,0.1746200,0.1758600,0.1679200,0.1728200,19285712,1743811199999,2025-04-04 23:59:59,3324906.7887000,56341,10257919,1768254.2549500
1743811200000,2025-04-05 00:00:00,0.1728300,0.1755300,0.1688900,0.1726500,7715054,1743897599999,2025-04-05 23:59:59,1328197.5770300,30895,3810988,655916.1255400
1743897600000,2025-04-06 00:00:00,0.1726800,0.1754800,0.1551200,0.1589900,23050668,1743983999999,2025-04-06 23:59:59,3846078.8953100,69935,11466573,1915270.2498100
1743984000000,2025-04-07 00:00:00,0.1590500,0.1679400,0.1438400,0.1627200,35126558,1744070399999,2025-04-07 23:59:59,5524809.1947400,92576,17487135,2750568.4132200
1744070400000,2025-04-08 00:00:00,0.1627100,0.1671700,0.1544200,0.1560000,15747592,1744156799999,2025-04-08 23:59:59,2536686.7652200,55165,8066648,1299566.0099600
1744156800000,2025-04-09 00:00:00,0.1560300,0.1885200,0.1512300,0.1736100,217330083,1744243199999,2025-04-09 23:59:59,37505213.8980800,437489,104514496,18037621.4203600
1744243200000,2025-04-10 00:00:00,0.1736300,0.1946700,0.1704900,0.1804500,150483243,1744329599999,2025-04-10 23:59:59,27454589.8274000,307795,75555226,13785676.5712400
1744329600000,2025-04-11 00:00:00,0.1804200,0.1813900,0.1736300,0.1777800,45165883,1744415999999,2025-04-11 23:59:59,8003774.5547300,110605,21557057,3822093.6444500
1744416000000,2025-04-12 00:00:00,0.1777700,0.1849300,0.1738000,0.1837000,21603947,1744502399999,2025-04-12 23:59:59,3883909.5658600,73586,10105797,1817620.2704600
1744502400000,2025-04-13 00:00:00,0.1836900,0.1918800,0.1719000,0.1741600,32368439,1744588799999,2025-04-13 23:59:59,5893557.0964100,82383,15929345,2898658.1091000
1744588800000,2025-04-14 00:00:00,0.1742000,0.1781500,0.1696000,0.1724200,15652171,1744675199999,2025-04-14 23:59:59,2725466.1608600,48012,7398571,1288522.4436800
1744675200000,2025-04-15 00:00:00,0.1724800,0.1833700,0.1710600,0.1833100,34730824,1744761599999,2025-04-15 23:59:59,6139726.2619500,88522,17693820,3131885.7374700
1744761600000,2025-04-16 00:00:00,0.1831900,0.1901100,0.1795000,0.1895900,54860899,1744847999999,2025-04-16 23:59:59,10117956.9441600,132458,25241831,4661678.6573600
1744848000000,2025-04-17 00:00:00,0.1895100,0.1923500,0.1854300,0.1904800,25427698,1744934399999,2025-04-17 23:59:59,4801149.5091900,76126,11652312,2200765.5376400
1744934400000,2025-04-18 00:00:00,0.1904900,0.2011700,0.1871800,0.1964900,45807514,1745020799999,2025-04-18 23:59:59,8993012.7666800,161439,22712184,4461139.8921100
1745020800000,2025-04-19 00:00:00,0.1964200,0.2086300,0.1954500,0.2025000,21593442,1745107199999,2025-04-19 23:59:59,4355804.1810400,63849,10690878,2158073.2244000
1745107200000,2025-04-20 00:00:00,0.2025900,0.2049100,0.1962700,0.2005600,14514534,1745193599999,2025-04-20 23:59:59,2908093.5877400,55883,6780008,1358433.8784500
1745193600000,2025-04-21 00:00:00,0.2006100,0.2033900,0.1960700,0.1975500,12435955,1745279999999,2025-04-21 23:59:59,2490054.5152700,51967,6019230,1205673.3692100
1745280000000,2025-04-22 00:00:00,0.1975800,0.2087800,0.1925800,0.2080400,12995226,1745366399999,2025-04-22 23:59:59,2593142.3967400,49348,6472744,1291757.4090300
1745366400000,2025-04-23 00:00:00,0.2080900,0.2145300,0.2053900,0.2093600,10504055,1745452799999,2025-04-23 23:59:59,2199590.3205900,46631,5208519,1091441.9223600
1745452800000,2025-04-24 00:00:00,0.2094100,0.2135200,0.2041800,0.2119000,13394626,1745539199999,2025-04-24 23:59:59,2804598.1167100,46885,6938068,1454043.4194100
1745539200000,2025-04-25 00:00:00,0.2119200,0.2192800,0.2098400,0.2160000,14122334,1745625599999,2025-04-25 23:59:59,3033727.2458600,43065,7116214,1529368.4907500
1745625600000,2025-04-26 00:00:00,0.2160100,0.2195200,0.2107400,0.2166700,8212476,1745711999999,2025-04-26 23:59:59,1773138.5184000,32001,4055392,875447.3129500
1745712000000,2025-04-27 00:00:00,0.2166900,0.2201800,0.2062900,0.2074300,12948002,1745798399999,2025-04-27 23:59:59,2734642.6307800,43795,6400024,1352144.8802800
1745798400000,2025-04-28 00:00:00,0.2074800,0.2120400,0.2002800,0.2113900,11079761,1745884799999,2025-04-28 23:59:59,2297922.1934000,42401,5503387,1141184.0844200
1745884800000,2025-04-29 00:00:00,0.2114700,0.2134100,0.2056700,0.2080000,8846044,1745971199999,2025-04-29 23:59:59,1855319.1609200,36182,4329897,908291.6772500
1745971200000,2025-04-30 00:00:00,0.2080100,0.2104900,0.1998300,0.2079600,9626634,1746057599999,2025-04-30 23:59:59,1986226.1053200,38747,4924489,1015886.2690800
1746057600000,2025-05-01 00:00:00,0.2080100,0.2124000,0.2059000,0.2108800,6222609,1746143999999,2025-05-01 23:59:59,1304747.9302100,31255,3100467,649984.3745500
1746144000000,2025-05-02 00:00:00,0.2108000,0.2130000,0.2077800,0.2099500,6976967,1746230399999,2025-05-02 23:59:59,1466661.5622000,35664,3484060,732370.3054500
1746230400000,2025-05-03 00:00:00,0.2100100,0.2127300,0.2020100,0.2024700,10886952,1746316799999,2025-05-03 23:59:59,2259350.6365600,47853,5050036,1048990.0252200
1746316800000,2025-05-04 00:00:00,0.2024600,0.2033000,0.1942300,0.1955900,9531842,1746403199999,2025-05-04 23:59:59,1897881.5345900,47431,4597927,915192.3271800
1746403200000,2025-05-05 00:00:00,0.1956600,0.2015000,0.1935900,0.1983700,10123592,1746489599999,2025-05-05 23:59:59,2000120.7496700,48441,5248818,1036897.2058800
1746489600000,2025-05-06 00:00:00,0.1983900,0.1989600,0.1861900,0.1921100,9618164,1746575999999,2025-05-06 23:59:59,1851652.3449800,51958,4787235,920821.2790200
1746576000000,2025-05-07 00:00:00,0.1921700,0.1961700,0.1891800,0.1939800,7376393,1746662399999,2025-05-07 23:59:59,1422941.1164700,48143,3601542,694465.4730600
1746662400000,2025-05-08 00:00:00,0.1940300,0.2152400,0.1933200,0.2144100,15171687,1746748799999,2025-05-08 23:59:59,3110549.3175300,67188,7507475,1538876.1227700
1746748800000,2025-05-09 00:00:00,0.2144000,0.2273000,0.2127500,0.2272600,13767918,1746835199999,2025-05-09 23:59:59,3032236.3709500,63814,7127711,1571150.2394100
1746835200000,2025-05-10 00:00:00,0.2271800,0.2371300,0.2230400,0.2365600,12901792,1746921599999,2025-05-10 23:59:59,2951973.2234800,57908,6447249,1475143.3971600
1746921600000,2025-05-11 00:00:00,0.2365600,0.2373500,0.2237200,0.2292600,26004241,1747007999999,2025-05-11 23:59:59,5991471.3019100,87932,13099079,3018731.5826500
1747008000000,2025-05-12 00:00:00,0.2292800,0.2433000,0.2220000,0.2336900,20832021,1747094399999,2025-05-12 23:59:59,4868705.7929000,94324,9939188,2321059.7037600
1747094400000,2025-05-13 00:00:00,0.2336000,0.2399400,0.2211900,0.2361400,14340761,1747180799999,2025-05-13 23:59:59,3315295.1043100,72832,7030188,1624683.5853000
1747180800000,2025-05-14 00:00:00,0.2362100,0.2368400,0.2239000,0.2259600,11398033,1747267199999,2025-05-14 23:59:59,2626095.4323200,60507,5904785,1361090.9198800
1747267200000,2025-05-15 00:00:00,0.2259400,0.2280000,0.2114400,0.2166000,13694172,1747353599999,2025-05-15 23:59:59,2989900.3148600,62213,6585172,1436645.8950800
1747353600000,2025-05-16 00:00:00,0.2165700,0.2220800,0.2114700,0.2137000,7793933,1747439999999,2025-05-16 23:59:59,1701642.2407400,44125,3730230,814245.8902900
1747440000000,2025-05-17 00:00:00,0.2137600,0.2143600,0.2053400,0.2088200,9574182,1747526399999,2025-05-17 23:59:59,2006077.4416500,46267,4834494,1013064.2158400
1747526400000,2025-05-18 00:00:00,0.2087700,0.2189400,0.2036900,0.2160600,9950535,1747612799999,2025-05-18 23:59:59,2104874.8093300,50829,5003796,1058134.3158000
1747612800000,2025-05-19 00:00:00,0.2160700,0.2175300,0.2024900,0.2111800,10371131,1747699199999,2025-05-19 23:59:59,2163064.2782900,53008,5163770,1077428.0104400
1747699200000,2025-05-20 00:00:00,0.2112100,0.2147100,0.2044200,0.2111800,8660180,1747785599999,2025-05-20 23:59:59,1816856.5735500,50285,4458749,935916.1412600
1747785600000,2025-05-21 00:00:00,0.2111900,0.2145300,0.2045000,0.2106500,13596476,1747871999999,2025-05-21 23:59:59,2842719.5179800,64926,6629573,1385972.6680100
1747872000000,2025-05-22 00:00:00,0.2106100,0.2202600,0.2102500,0.2195800,8129587,1747958399999,2025-05-22 23:59:59,1756637.9600000,47121,4073968,880381.5694700
1747958400000,2025-05-23 00:00:00,0.2196000,0.2229900,0.2020500,0.2031000,17773346,1748044799999,2025-05-23 23:59:59,3755852.6127600,58429,8839407,1866309.2607100
1748044800000,2025-05-24 00:00:00,0.2031000,0.2124100,0.2023100,0.2040600,9809135,1748131199999,2025-05-24 23:59:59,2038741.2466400,46162,4417515,917856.6504500
1748131200000,2025-05-25 00:00:00,0.2040400,0.2050600,0.1953600,0.2022600,8746071,1748217599999,2025-05-25 23:59:59,1743622.7364200,49550,4155757,829191.3474000
1748217600000,2025-05-26 00:00:00,0.2022800,0.2029800,0.1955300,0.1982000,6539659,1748303999999,2025-05-26 23:59:59,1304958.2679000,41067,3141537,626641.8661300
1748304000000,2025-05-27 00:00:00,0.1981900,0.2037600,0.1935500,0.2007800,6549133,1748390399999,2025-05-27 23:59:59,1309650.5619000,40673,3118759,624010.6046800
1748390400000,2025-05-28 00:00:00,0.2007700,0.2033700,0.1924500,0.1985300,9532565,1748476799999,2025-05-28 23:59:59,1895396.0395400,50139,4473156,889986.3923300
1748476800000,2025-05-29 00:00:00,0.1985400,0.2024600,0.1918100,0.1925100,6331600,1748563199999,2025-05-29 23:59:59,1242513.1455900,42560,3069131,602247.5322000
1748563200000,2025-05-30 00:00:00,0.1925300,0.1935800,0.1739100,0.1756100,17507233,1748649599999,2025-05-30 23:59:59,3235214.1006000,64809,7993476,1475552.2952000
1748649600000,2025-05-31 00:00:00,0.1756600,0.1782000,0.1708300,0.1770100,10468480,1748735999999,2025-05-31 23:59:59,1830457.5906100,41875,5145081,899308.1330100
1748736000000,2025-06-01 00:00:00,0.1769500,0.1814700,0.1740500,0.1807200,4799378,1748822399999,2025-06-01 23:59:59,850670.4578400,32829,2433826,431556.1586400
1748822400000,2025-06-02 00:00:00,0.1807000,0.1876000,0.1791700,0.1872500,7940764,1748908799999,2025-06-02 23:59:59,1451278.1827400,42634,3900226,712720.9905300
1748908800000,2025-06-03 00:00:00,0.1872500,0.1901400,0.1846500,0.1860400,6166185,1748995199999,2025-06-03 23:59:59,1157199.7296300,34435,3006562,563998.3008400
1748995200000,2025-06-04 00:00:00,0.1860500,0.1891500,0.1812000,0.1822200,4599510,1749081599999,2025-06-04 23:59:59,854581.6664800,27679,2297386,427206.7035400
1749081600000,2025-06-05 00:00:00,0.1822400,0.1832400,0.1694900,0.1730000,10008912,1749167999999,2025-06-05 23:59:59,1776003.9509400,38851,5085872,902367.2364300
1749168000000,2025-06-06 00:00:00,0.1730400,0.1803400,0.1722500,0.1747500,5719450,1749254399999,2025-06-06 23:59:59,1004368.8269000,30776,2713847,476688.7386700
1749254400000,2025-06-07 00:00:00,0.1748000,0.1803900,0.1742100,0.1780500,5492067,1749340799999,2025-06-07 23:59:59,977820.3301800,27475,2755687,490482.9028700
1749340800000,2025-06-08 00:00:00,0.1780800,0.1814000,0.1763900,0.1792000,4305744,1749427199999,2025-06-08 23:59:59,769961.5304100,28386,2313014,413591.7463900
1749427200000,2025-06-09 00:00:00,0.1791800,0.1866400,0.1775900,0.1862700,6494593,1749513599999,2025-06-09 23:59:59,1176808.4435700,34386,3216000,582510.2241600
1749513600000,2025-06-10 00:00:00,0.1862800,0.1911900,0.1836400,0.1907900,8913612,1749599999999,2025-06-10 23:59:59,1666908.3167700,42840,4481508,838560.9907600
1749600000000,2025-06-11 00:00:00,0.1908000,0.1920400,0.1846100,0.1862000,10033517,1749686399999,2025-06-11 23:59:59,1886510.2313100,40241,5071122,953046.3308800
1749686400000,2025-06-12 00:00:00,0.1861400,0.1877400,0.1760500,0.1766000,9601313,1749772799999,2025-06-12 23:59:59,1749713.5379800,45150,4932864,898771.3565800
1749772800000,2025-06-13 00:00:00,0.1765600,0.1765600,0.1661300,0.1733800,11934044,1749859199999,2025-06-13 23:59:59,2024870.7521800,56328,5831572,989728.8331800
1749859200000,2025-06-14 00:00:00,0.1734400,0.1764600,0.1686600,0.1723200,13690853,1749945599999,2025-06-14 23:59:59,2369825.1967700,60006,7028098,1217505.7126300
1749945600000,2025-06-15 00:00:00,0.1723200,0.1785600,0.1708600,0.1766200,15420797,1750031999999,2025-06-15 23:59:59,2700221.3544400,72276,7955247,1393511.3507900
1750032000000,2025-06-16 00:00:00,0.1766500,0.1779800,0.1711000,0.1715000,10656648,1750118399999,2025-06-16 23:59:59,1871295.6112700,58426,5099023,895881.9296400
1750118400000,2025-06-17 00:00:00,0.1714400,0.1756100,0.1652000,0.1680500,10076311,1750204799999,2025-06-17 23:59:59,1719316.7769000,54827,5415300,924401.2525200
1750204800000,2025-06-18 00:00:00,0.1680300,0.1718800,0.1642300,0.1709500,7614009,1750291199999,2025-06-18 23:59:59,1281902.5971400,41762,3675813,618637.0014200
1750291200000,2025-06-19 00:00:00,0.1709800,0.1717600,0.1675800,0.1708900,6104908,1750377599999,2025-06-19 23:59:59,1036130.7906200,37970,2998963,508935.0796300
1750377600000,2025-06-20 00:00:00,0.1708600,0.1738300,0.1639400,0.1672200,8175140,1750463999999,2025-06-20 23:59:59,1383985.4518200,40461,3930710,665108.0384800
1750464000000,2025-06-21 00:00:00,0.1672000,0.1692500,0.1553200,0.1604000,9512589,1750550399999,2025-06-21 23:59:59,1559306.7320800,46107,4842999,793963.1710500
1750550400000,2025-06-22 00:00:00,0.1603700,0.1613700,0.1465000,0.1537500,12260786,1750636799999,2025-06-22 23:59:59,1898560.7978700,56016,6122719,948512.0920100
1750636800000,2025-06-23 00:00:00,0.1537500,0.1680600,0.1535300,0.1678000,12284901,1750723199999,2025-06-23 23:59:59,1951669.0523000,53180,5922315,940497.0166200
1750723200000,2025-06-24 00:00:00,0.1678500,0.1738700,0.1667000,0.1728200,7953795,1750809599999,2025-06-24 23:59:59,1353871.8653600,36757,4089800,696120.2363700
1750809600000,2025-06-25 00:00:00,0.1727500,0.1733100,0.1670400,0.1681400,6744109,1750895999999,2025-06-25 23:59:59,1148500.2492800,32549,3211823,546966.6874800
1750896000000,2025-06-26 00:00:00,0.1681500,0.1711700,0.1630200,0.1637900,6524657,1750982399999,2025-06-26 23:59:59,1087100.0494200,31514,3219716,536336.8053400
1750982400000,2025-06-27 00:00:00,0.1637900,0.1674700,0.1616900,0.1640300,7309821,1751068799999,2025-06-27 23:59:59,1200938.6892300,31698,3558361,584765.3291900
1751068800000,2025-06-28 00:00:00,0.1640700,0.1662900,0.1612900,0.1652500,4627651,1751155199999,2025-06-28 23:59:59,757971.4905100,25268,2279477,373263.7135200
1751155200000,2025-06-29 00:00:00,0.1652500,0.1717200,0.1637300,0.1708800,5638721,1751241599999,2025-06-29 23:59:59,941731.6363900,31544,2816817,470201.0884500
1751241600000,2025-06-30 00:00:00,0.1709200,0.1715600,0.1645100,0.1668700,6988724,1751327999999,2025-06-30 23:59:59,1167717.2007300,36224,3187023,532716.0753900
1751328000000,2025-07-01 00:00:00,0.1668800,0.1676900,0.1577600,0.1589200,13886785,1751414399999,2025-07-01 23:59:59,2239569.0746100,62717,6757048,1089885.2585800
1751414400000,2025-07-02 00:00:00,0.1588600,0.1743400,0.1579300,0.1716500,14665568,1751500799999,2025-07-02 23:59:59,2447833.3654400,63953,7220651,1204326.0863000
1751500800000,2025-07-03 00:00:00,0.1715100,0.1746500,0.1697400,0.1724600,6903416,1751587199999,2025-07-03 23:59:59,1192211.1051000,41066,3668493,633500.9972000
1751587200000,2025-07-04 00:00:00,0.1724600,0.1738100,0.1634200,0.1650700,9947123,1751673599999,2025-07-04 23:59:59,1665404.2129400,43935,5196241,870422.1995200
1751673600000,2025-07-05 00:00:00,0.1651000,0.1668600,0.1622200,0.1651200,4356440,1751759999999,2025-07-05 23:59:59,718857.2512000,23101,1988727,327987.3911400
1751760000000,2025-07-06 00:00:00,0.1651200,0.1699500,0.1633000,0.1686300,4771165,1751846399999,2025-07-06 23:59:59,794775.0974000,24812,2382985,397290.0833800
1751846400000,2025-07-07 00:00:00,0.1686300,0.1719000,0.1655200,0.1672500,9493455,1751932799999,2025-07-07 23:59:59,1599866.2460200,40192,5142704,867064.3203000
1751932800000,2025-07-08 00:00:00,0.1672700,0.1718800,0.1651100,0.1713500,8651284,1752019199999,2025-07-08 23:59:59,1455920.1960600,31364,4064245,684666.3610600
1752019200000,2025-07-09 00:00:00,0.1713400,0.1794400,0.1689900,0.1785400,12305749,1752105599999,2025-07-09 23:59:59,2147750.4814700,42099,5848326,1021356.3832000
1752105600000,2025-07-10 00:00:00,0.1785400,0.1883000,0.1746000,0.1854300,12321393,1752191999999,2025-07-10 23:59:59,2214028.9497800,45603,6055677,1089421.8813300
1752192000000,2025-07-11 00:00:00,0.1854300,0.1925000,0.1833300,0.1876100,13773367,1752278399999,2025-07-11 23:59:59,2589079.5004100,57089,7053053,1326305.4040900
1752278400000,2025-07-12 00:00:00,0.1875800,0.2035800,0.1849500,0.1931000,34654176,1752364799999,2025-07-12 23:59:59,6735889.1637800,103662,17146201,3334907.8417700
1752364800000,2025-07-13 00:00:00,0.1931400,0.2008400,0.1891400,0.1967900,12378812,1752451199999,2025-07-13 23:59:59,2413805.5886300,58769,5864307,1145392.9690400
1752451200000,2025-07-14 00:00:00,0.1968500,0.2028100,0.1927900,0.1963700,12452752,1752537599999,2025-07-14 23:59:59,2474919.3153200,64135,6177749,1227298.6192200
1752537600000,2025-07-15 00:00:00,0.1963900,0.2014000,0.1888700,0.2011500,12089844,1752623999999,2025-07-15 23:59:59,2349535.9842200,62120,6059468,1176650.2780900
1752624000000,2025-07-16 00:00:00,0.2012200,0.2065900,0.1971800,0.2028100,10434483,1752710399999,2025-07-16 23:59:59,2099093.0366900,53813,4899695,986724.3589500
1752710400000,2025-07-17 00:00:00,0.2028100,0.2049900,0.1963100,0.2031500,12181906,1752796799999,2025-07-17 23:59:59,2448430.3057300,60393,6153711,1237500.6955000
1752796800000,2025-07-18 00:00:00,0.2031900,0.2120900,0.2000800,0.2043500,11765550,1752883199999,2025-07-18 23:59:59,2436503.6714700,60967,5831625,1207270.4988600
1752883200000,2025-07-19 00:00:00,0.2043500,0.2069600,0.1972100,0.2047000,6208746,1752969599999,2025-07-19 23:59:59,1254967.1373200,42566,3054816,617093.8375000
1752969600000,2025-07-20 00:00:00,0.2047100,0.2185900,0.2046500,0.2146700,18064565,1753055999999,2025-07-20 23:59:59,3826527.6184700,68743,8301812,1757897.5669400
1753056000000,2025-07-21 00:00:00,0.2147000,0.2191500,0.2100400,0.2165200,10410150,1753142399999,2025-07-21 23:59:59,2242190.6714800,51960,5352876,1153481.6068800
1753142400000,2025-07-22 00:00:00,0.2165900,0.2193100,0.2061400,0.2154800,12658776,1753228799999,2025-07-22 23:59:59,2673928.0158600,65780,6261558,1322655.5154300
1753228800000,2025-07-23 00:00:00,0.2154500,0.2228500,0.1951000,0.2015400,33518703,1753315199999,2025-07-23 23:59:59,7152894.2792500,136458,16735969,3571862.4494900
1753315200000,2025-07-24 00:00:00,0.2015500,0.2045700,0.1860800,0.1960300,15105783,1753401599999,2025-07-24 23:59:59,2958553.5587200,78139,7249592,1420953.7721300
1753401600000,2025-07-25 00:00:00,0.1960600,0.1994300,0.1890800,0.1989000,10016929,1753487999999,2025-07-25 23:59:59,1948093.7220500,57860,5045295,981501.7392900
1753488000000,2025-07-26 00:00:00,0.1989100,0.1996800,0.1947200,0.1964200,6942424,1753574399999,2025-07-26 23:59:59,1371346.3652500,36579,3292281,650506.7813900
1753574400000,2025-07-27 00:00:00,0.1964400,0.2029100,0.1954800,0.2017300,6736251,1753660799999,2025-07-27 23:59:59,1342849.4153100,39815,3676258,732663.3499500
1753660800000,2025-07-28 00:00:00,0.2017600,0.2038100,0.1856400,0.1867000,10012654,1753747199999,2025-07-28 23:59:59,1956859.1725200,60003,4995558,977127.6276900
1753747200000,2025-07-29 00:00:00,0.1867300,0.1914900,0.1800700,0.1835100,8675331,1753833599999,2025-07-29 23:59:59,1611171.1590500,49178,4263714,790795.5164600
1753833600000,2025-07-30 00:00:00,0.1835900,0.1835900,0.1735600,0.1822800,7694839,1753919999999,2025-07-30 23:59:59,1382722.6829800,47404,3820231,686253.0268200
1753920000000,2025-07-31 00:00:00,0.1822900,0.1859600,0.1730700,0.1740000,16791011,1754006399999,2025-07-31 23:59:59,3050796.0298900,67624,8539829,1551997.1494500
1754006400000,2025-08-01 00:00:00,0.1739700,0.1750000,0.1657900,0.1699000,13620100,1754092799999,2025-08-01 23:59:59,2332761.2552000,60800,6747007,1155965.9981100
1754092800000,2025-08-02 00:00:00,0.1699200,0.1725900,0.1621800,0.1658300,10611860,1754179199999,2025-08-02 23:59:59,1771078.0103800,46255,5018718,837954.6719600
1754179200000,2025-08-03 00:00:00,0.1658500,0.1719300,0.1635000,0.1701600,6018232,1754265599999,2025-08-03 23:59:59,1017881.1879500,32725,2735894,462565.2342400
1754265600000,2025-08-04 00:00:00,0.1702000,0.1752100,0.1694500,0.1750400,5884070,1754351999999,2025-08-04 23:59:59,1012137.1752400,32804,3176816,546362.2493800
1754352000000,2025-08-05 00:00:00,0.1750500,0.1815000,0.1697300,0.1726800,28070146,1754438399999,2025-08-05 23:59:59,4962879.5411100,98925,14308166,2529696.3450300
1754438400000,2025-08-06 00:00:00,0.1726800,0.1770700,0.1655800,0.1722100,14137982,1754524799999,2025-08-06 23:59:59,2405765.9488500,53701,6986097,1189104.3550300
1754524800000,2025-08-07 00:00:00,0.1721700,0.1773700,0.1711000,0.1772000,9100120,1754611199999,2025-08-07 23:59:59,1584677.9452500,49681,4515874,786445.2869600
1754611200000,2025-08-08 00:00:00,0.1771800,0.1842600,0.1750600,0.1833300,20180239,1754697599999,2025-08-08 23:59:59,3636209.8124500,65921,9792440,1765778.4395600
1754697600000,2025-08-09 00:00:00,0.1833500,0.1885700,0.1823900,0.1858500,13251477,1754783999999,2025-08-09 23:59:59,2457971.4023500,53281,6134740,1137769.3591500
1754784000000,2025-08-10 00:00:00,0.1858600,0.1894400,0.1791100,0.1818700,9926530,1754870399999,2025-08-10 23:59:59,1822515.2841400,54135,4949722,908011.6982800
1754870400000,2025-08-11 00:00:00,0.1818600,0.1847300,0.1735200,0.1736400,14197768,1754956799999,2025-08-11 23:59:59,2542072.9716000,63208,6869801,1229640.0735700
1754956800000,2025-08-12 00:00:00,0.1736400,0.1820400,0.1683500,0.1800400,12014376,1755043199999,2025-08-12 23:59:59,2098550.9074000,50884,6436154,1123284.6452900
1755043200000,2025-08-13 00:00:00,0.1800000,0.1836300,0.1777700,0.1825900,10692306,1755129599999,2025-08-13 23:59:59,1935475.5480900,47598,5413481,979840.8821800
1755129600000,2025-08-14 00:00:00,0.1826300,0.1833600,0.1655000,0.1684600,17586205,1755215999999,2025-08-14 23:59:59,3056247.9779400,67437,8445223,1467058.2105700
1755216000000,2025-08-15 00:00:00,0.1684400,0.1719600,0.1633100,0.1686700,12930430,1755302399999,2025-08-15 23:59:59,2180865.7090400,48424,6525611,1100658.0958200
1755302400000,2025-08-16 00:00:00,0.1686600,0.1746600,0.1683000,0.1742000,14314708,1755388799999,2025-08-16 23:59:59,2448130.3104900,60138,7020177,1200626.8699700
1755388800000,2025-08-17 00:00:00,0.1742100,0.1774900,0.1714400,0.1719500,7441441,1755475199999,2025-08-17 23:59:59,1299092.4129400,41113,3815691,666166.9988500
1755475200000,2025-08-18 00:00:00,0.1718900,0.1721600,0.1632600,0.1684500,13817402,1755561599999,2025-08-18 23:59:59,2303841.2147000,62573,6901867,1150322.1280900
1755561600000,2025-08-19 00:00:00,0.1684700,0.1727000,0.1634700,0.1639800,14091635,1755647999999,2025-08-19 23:59:59,2367866.3889300,56644,6821648,1145897.4297600
1755648000000,2025-08-20 00:00:00,0.1639600,0.1737900,0.1624000,0.1721300,15209507,1755734399999,2025-08-20 23:59:59,2566649.5446900,71334,7307076,1233655.6111900
1755734400000,2025-08-21 00:00:00,0.1721700,0.1803800,0.1711800,0.1783500,42267400,1755820799999,2025-08-21 23:59:59,7466053.2649500,115776,20354803,3595729.5789600
1755820800000,2025-08-22 00:00:00,0.1782800,0.1837000,0.1657300,0.1831600,27056723,1755907199999,2025-08-22 23:59:59,4741326.2350200,87659,12853528,2253790.2899100
1755907200000,2025-08-23 00:00:00,0.1832100,0.1916400,0.1809600,0.1816500,22906364,1755993599999,2025-08-23 23:59:59,4247106.3038900,86997,11780397,2182997.1019500
1755993600000,2025-08-24 00:00:00,0.1816500,0.1956600,0.1779200,0.1900800,46232446,1756079999999,2025-08-24 23:59:59,8538592.2165800,120567,22403356,4136160.9940200
1756080000000,2025-08-25 00:00:00,0.1901000,0.2280700,0.1874200,0.1956100,698631500,1756166399999,2025-08-25 23:59:59,144419139.0140100,1316373,344273711,71198633.9438100
1756166400000,2025-08-26 00:00:00,0.1954800,0.1955300,0.1791900,0.1817900,130203583,1756252799999,2025-08-26 23:59:59,23917215.4099800,338590,62993361,11566792.7582100
1756252800000,2025-08-27 00:00:00,0.1818100,0.1855000,0.1714300,0.1731400,87468673,1756339199999,2025-08-27 23:59:59,15425455.6122100,215153,41815789,7377882.7875400
1756339200000,2025-08-28 00:00:00,0.1731200,0.1751600,0.1696600,0.1727000,43136566,1756425599999,2025-08-28 23:59:59,7444640.4984000,129601,20907509,3609467.1963700
1756425600000,2025-08-29 00:00:00,0.1727100,0.1739400,0.1624800,0.1662600,58538525,1756511999999,2025-08-29 23:59:59,9792477.9423200,157736,28241944,4727718.4619300
1756512000000,2025-08-30 00:00:00,0.1662700,0.1727200,0.1654100,0.1694400,52460596,1756598399999,2025-08-30 23:59:59,8895810.4304900,145185,25479658,4321607.8307000
1756598400000,2025-08-31 00:00:00,0.1694500,0.1711200,0.1657300,0.1660800,20142944,1756684799999,2025-08-31 23:59:59,3398484.6910300,67973,9507697,1604250.7299000
1756684800000,2025-09-01 00:00:00,0.1660600,0.1686400,0.1585100,0.1617200,37868126,1756771199999,2025-09-01 23:59:59,6199884.5995300,119422,18226144,2983780.4553900
1756771200000,2025-09-02 00:00:00,0.1617200,0.1656600,0.1603700,0.1637000,18699064,1756857599999,2025-09-02 23:59:59,3053031.9665900,76939,8893261,1451972.9417200
1756857600000,2025-09-03 00:00:00,0.1637300,0.1674800,0.1616700,0.1663700,10950638,1756943999999,2025-09-03 23:59:59,1800743.8672000,59063,5305968,872815.5587800
1756944000000,2025-09-04 00:00:00,0.1664100,0.1682100,0.1600400,0.1619800,15059400,1757030399999,2025-09-04 23:59:59,2470111.0640100,57504,7192894,1180483.7505500
1757030400000,2025-09-05 00:00:00,0.1620500,0.1657100,0.1607200,0.1644800,13357898,1757116799999,2025-09-05 23:59:59,2185459.3152900,63874,6629333,1084382.0151700
1757116800000,2025-09-06 00:00:00,0.1644800,0.1671800,0.1642800,0.1655600,11318006,1757203199999,2025-09-06 23:59:59,1876099.1993900,49648,5716530,947544.1197800
1757203200000,2025-09-07 00:00:00,0.1655800,0.1695700,0.1650900,0.1687900,12592031,1757289599999,2025-09-07 23:59:59,2101990.8316300,44119,6270720,1047023.8790200
1757289600000,2025-09-08 00:00:00,0.1687800,0.1700400,0.1668500,0.1697500,10260335,1757375999999,2025-09-08 23:59:59,1730770.6923800,42816,4932471,831967.3279100
1757376000000,2025-09-09 00:00:00,0.1697600,0.1731900,0.1660400,0.1692300,12247250,1757462399999,2025-09-09 23:59:59,2076573.9985800,51941,6141712,1041186.5574100
1757462400000,2025-09-10 00:00:00,0.1692400,0.1715700,0.1682900,0.1706600,9187325,1757548799999,2025-09-10 23:59:59,1561242.3734600,43887,4677595,794891.9221200
1757548800000,2025-09-11 00:00:00,0.1706700,0.1720400,0.1671700,0.1708600,10347890,1757635199999,2025-09-11 23:59:59,1755419.9322200,39532,4967325,842972.0161800
1757635200000,2025-09-12 00:00:00,0.1708700,0.1730900,0.1682400,0.1729400,8299912,1757721599999,2025-09-12 23:59:59,1416788.8025000,36919,4245212,724709.3335000
1757721600000,2025-09-13 00:00:00,0.1729400,0.1745800,0.1706800,0.1740300,11178764,1757807999999,2025-09-13 23:59:59,1934431.1560700,46588,5835424,1009852.8730200
1757808000000,2025-09-14 00:00:00,0.1740400,0.1744700,0.1678000,0.1695700,9648911,1757894399999,2025-09-14 23:59:59,1650320.7367200,44152,4572486,781585.1301400
1757894400000,2025-09-15 00:00:00,0.1695700,0.1712000,0.1626200,0.1649300,13568539,1757980799999,2025-09-15 23:59:59,2253250.8980300,50160,6596965,1095523.0431900
1757980800000,2025-09-16 00:00:00,0.1649400,0.1677800,0.1633800,0.1670700,7319152,1758067199999,2025-09-16 23:59:59,1209371.6997700,31125,3653962,603908.3685800
1758067200000,2025-09-17 00:00:00,0.1670700,0.1710200,0.1635600,0.1703400,11326096,1758153599999,2025-09-17 23:59:59,1883573.6801700,42646,5462758,908332.6159500
1758153600000,2025-09-18 00:00:00,0.1703400,0.1722200,0.1690900,0.1711000,6919703,1758239999999,2025-09-18 23:59:59,1180356.3091500,36448,3605578,615192.6496600
1758240000000,2025-09-19 00:00:00,0.1710700,0.1723300,0.1634300,0.1642300,9826554,1758326399999,2025-09-19 23:59:59,1647096.2001500,38126,4655021,780180.7987600
1758326400000,2025-09-20 00:00:00,0.1642100,0.1666700,0.1636300,0.1649100,5829702,1758412799999,2025-09-20 23:59:59,961512.0014700,30004,3128205,515925.8481900
1758412800000,2025-09-21 00:00:00,0.1649100,0.1666000,0.1628300,0.1633800,6833039,1758499199999,2025-09-21 23:59:59,1123444.0399800,29660,3343099,549726.0048800
1758499200000,2025-09-22 00:00:00,0.1633200,0.1638900,0.1471700,0.1543900,27558633,1758585599999,2025-09-22 23:59:59,4304822.1844300,86713,12621014,1971357.4945600
1758585600000,2025-09-23 00:00:00,0.1543900,0.1561000,0.1516000,0.1540600,10745293,1758671999999,2025-09-23 23:59:59,1654621.5033000,36667,5222600,804565.9904500
1758672000000,2025-09-24 00:00:00,0.1541200,0.1604900,0.1514400,0.1573600,18016638,1758758399999,2025-09-24 23:59:59,2815501.3887500,43614,8830575,1380069.6173900
1758758400000,2025-09-25 00:00:00,0.1573900,0.1575300,0.1460200,0.1472600,20488585,1758844799999,2025-09-25 23:59:59,3105143.2940000,69065,10286779,1559108.3166800
1758844800000,2025-09-26 00:00:00,0.1472700,0.1536000,0.1469900,0.1525600,12501094,1758931199999,2025-09-26 23:59:59,1868703.0262800,42499,6216780,929120.8902600
1758931200000,2025-09-27 00:00:00,0.1525100,0.1532300,0.1493300,0.1498500,5849224,1759017599999,2025-09-27 23:59:59,885200.0523400,21019,2883637,436553.7551800
1759017600000,2025-09-28 00:00:00,0.1498700,0.1539500,0.1465800,0.1536000,5774722,1759103999999,2025-09-28 23:59:59,863394.3770000,25027,3025934,452257.7440200
1759104000000,2025-09-29 00:00:00,0.1536300,0.1537000,0.1483000,0.1516700,9318302,1759190399999,2025-09-29 23:59:59,1408483.6795800,29813,4741177,716772.0985400
1759190400000,2025-09-30 00:00:00,0.1516600,0.1520300,0.1451900,0.1482400,12291532,1759276799999,2025-09-30 23:59:59,1826632.2585000,32935,6098089,906238.2662500
1759276800000,2025-10-01 00:00:00,0.1482800,0.1571800,0.1474000,0.1569300,10122726,1759363199999,2025-10-01 23:59:59,1537628.8352200,31511,5099799,774750.4939900
1759363200000,2025-10-02 00:00:00,0.1569500,0.1598300,0.1547300,0.1583200,10169557,1759449599999,2025-10-02 23:59:59,1603172.3742300,35980,4583409,722289.1992600
1759449600000,2025-10-03 00:00:00,0.1583000,0.1604700,0.1549700,0.1572300,7674747,1759535999999,2025-10-03 23:59:59,1207799.6249600,32904,3776750,594251.4969400
1759536000000,2025-10-04 00:00:00,0.1572600,0.1579600,0.1514800,0.1528200,5679784,1759622399999,2025-10-04 23:59:59,876215.5632700,24840,2772433,427712.5208500
1759622400000,2025-10-05 00:00:00,0.1528500,0.1575500,0.1502500,0.1511200,8537285,1759708799999,2025-10-05 23:59:59,1315396.9372200,30227,4112955,633944.3608200
1759708800000,2025-10-06 00:00:00,0.1511800,0.1563900,0.1507200,0.1543500,9422024,1759795199999,2025-10-06 23:59:59,1445537.2450400,32507,4734933,726346.0843700
1759795200000,2025-10-07 00:00:00,0.1543500,0.1557900,0.1464100,0.1467000,13065408,1759881599999,2025-10-07 23:59:59,1970532.7714100,46213,6522850,984378.3553800
1759881600000,2025-10-08 00:00:00,0.1467200,0.1523500,0.1457800,0.1510900,16321308,1759967999999,2025-10-08 23:59:59,2427714.9721800,50950,8307562,1235571.7813300
1759968000000,2025-10-09 00:00:00,0.1511200,0.1519700,0.1447900,0.1484500,13926279,1760054399999,2025-10-09 23:59:59,2058844.7833600,47341,7119579,1052503.7944500
1760054400000,2025-10-10 00:00:00,0.1484800,0.1504100,0.0698300,0.1143300,59429137,1760140799999,2025-10-10 23:59:59,7235119.7342900,121619,28602849,3496849.2870400
1760140800000,2025-10-11 00:00:00,0.1142700,0.1231200,0.1123200,0.1168700,29103902,1760227199999,2025-10-11 23:59:59,3425119.4910800,98766,14068834,1657292.6374900
1760227200000,2025-10-12 00:00:00,0.1169100,0.1292700,0.1144500,0.1273000,19587861,1760313599999,2025-10-12 23:59:59,2388160.0257200,48221,9637941,1174979.8557900
1760313600000,2025-10-13 00:00:00,0.1273600,0.1348500,0.1256500,0.1336300,17223104,1760399999999,2025-10-13 23:59:59,2233044.7124600,42126,8441014,1094057.1937700
1760400000000,2025-10-14 00:00:00,0.1336500,0.1345100,0.1214600,0.1292700,23779288,1760486399999,2025-10-14 23:59:59,3011276.4708800,43326,12059875,1527142.2923600
1760486400000,2025-10-15 00:00:00,0.1292800,0.1314000,0.1217800,0.1236300,13352134,1760572799999,2025-10-15 23:59:59,1683785.4476100,29196,6794315,857193.1249900
1760572800000,2025-10-16 00:00:00,0.1236500,0.1267500,0.1170000,0.1191300,21838037,1760659199999,2025-10-16 23:59:59,2667109.5654800,38137,11041522,1348004.2572200
1760659200000,2025-10-17 00:00:00,0.1191200,0.1207800,0.1097600,0.1156600,27049965,1760745599999,2025-10-17 23:59:59,3087304.9333200,44336,13729056,1565790.6854100
1760745600000,2025-10-18 00:00:00,0.1156400,0.1181200,0.1142000,0.1168700,9117748,1760831999999,2025-10-18 23:59:59,1061272.3962700,22864,4531157,527297.5772600
1760832000000,2025-10-19 00:00:00,0.1168900,0.1208700,0.1149100,0.1188900,12747019,1760918399999,2025-10-19 23:59:59,1503836.2591300,26026,6466979,762836.6092700
1760918400000,2025-10-20 00:00:00,0.1188700,0.1221200,0.1165200,0.1191800,12362678,1761004799999,2025-10-20 23:59:59,1476422.1305300,26557,6076262,725823.3710200
1761004800000,2025-10-21 00:00:00,0.1191700,0.1238100,0.1143200,0.1163200,22859599,1761091199999,2025-10-21 23:59:59,2692325.2288400,49968,11039769,1300183.1127900
1761091200000,2025-10-22 00:00:00,0.1162200,0.1176000,0.1084500,0.1117500,16831823,1761177599999,2025-10-22 23:59:59,1921643.4573800,33090,8365103,954543.2347800
1761177600000,2025-10-23 00:00:00,0.1118100,0.1168300,0.1115700,0.1150800,6786449,1761263999999,2025-10-23 23:59:59,773536.5991900,21735,3285804,374524.3952600
1761264000000,2025-10-24 00:00:00,0.1150000,0.1176500,0.1138400,0.1168300,7653672,1761350399999,2025-10-24 23:59:59,884997.8543500,17863,3846625,444792.8063000
1761350400000,2025-10-25 00:00:00,0.1168100,0.1168200,0.1136100,0.1154600,4182787,1761436799999,2025-10-25 23:59:59,480617.4803400,13991,2200888,252858.1887100
1761436800000,2025-10-26 00:00:00,0.1154600,0.1212900,0.1148700,0.1209400,11869541,1761523199999,2025-10-26 23:59:59,1399724.1775900,29503,5900895,695783.8676600
1761523200000,2025-10-27 00:00:00,0.1209400,0.1216100,0.1158600,0.1165100,10185740,1761609599999,2025-10-27 23:59:59,1208639.1849200,23383,5185243,615035.9974400
1761609600000,2025-10-28 00:00:00,0.1165300,0.1178000,0.1111400,0.1134600,14347753,1761695999999,2025-10-28 23:59:59,1649650.2344600,23507,7013195,806284.6911700
1761696000000,2025-10-29 00:00:00,0.1134600,0.1157900,0.1106800,0.1131300,14003114,1761782399999,2025-10-29 23:59:59,1592543.9165800,23394,6976449,793223.9225100
1761782400000,2025-10-30 00:00:00,0.1130800,0.1154000,0.1031800,0.1066800,16473316,1761868799999,2025-10-30 23:59:59,1795372.0916400,38277,8030435,875294.1183400
1761868800000,2025-10-31 00:00:00,0.1066700,0.1096200,0.1061300,0.1084500,8990960,1761955199999,2025-10-31 23:59:59,970453.0895100,23441,4528423,488825.8402900
1761955200000,2025-11-01 00:00:00,0.1085400,0.1142700,0.1077700,0.1132600,8264319,1762041599999,2025-11-01 23:59:59,918652.0945700,23951,3789363,420960.6455100
1762041600000,2025-11-02 00:00:00,0.1132300,0.1141300,0.1092100,0.1120900,8136859,1762127999999,2025-11-02 23:59:59,911381.8791100,19631,3885523,435342.2143500
1762128000000,2025-11-03 00:00:00,0.1120900,0.1125800,0.0917700,0.0958100,23045640,1762214399999,2025-11-03 23:59:59,2291956.8000300,61727,11676012,1162284.9301200
1762214400000,2025-11-04 00:00:00,0.0958100,0.1008600,0.0920400,0.0973600,31288928,1762300799999,2025-11-04 23:59:59,3018241.0168500,73275,15978235,1543001.3128200
1762300800000,2025-11-05 00:00:00,0.0973700,0.1010800,0.0922700,0.1002700,12450301,1762387199999,2025-11-05 23:59:59,1211452.9382400,30335,6496316,632717.3462400
1762387200000,2025-11-06 00:00:00,0.1002500,0.1024700,0.0977100,0.1012300,21338647,1762473599999,2025-11-06 23:59:59,2147395.4961900,45740,10755632,1082689.3566900
1762473600000,2025-11-07 00:00:00,0.1013100,0.1163700,0.1011100,0.1134600,18261796,1762559999999,2025-11-07 23:59:59,1975314.5950600,44905,9030511,975429.1644500
1762560000000,2025-11-08 00:00:00,0.1134500,0.1148600,0.1066300,0.1105800,9984516,1762646399999,2025-11-08 23:59:59,1100631.7183900,39410,5201150,573842.2253500
1762646400000,2025-11-09 00:00:00,0.1106000,0.1120600,0.1070100,0.1099400,9204954,1762732799999,2025-11-09 23:59:59,1008602.6074800,28979,4643854,508696.4094000
1762732800000,2025-11-10 00:00:00,0.1099400,0.1119200,0.1069000,0.1107700,10132757,1762819199999,2025-11-10 23:59:59,1111535.5473700,36656,5052156,553970.4706900
1762819200000,2025-11-11 00:00:00,0.1107500,0.1222100,0.1084100,0.1088300,55486807,1762905599999,2025-11-11 23:59:59,6293963.9759000,124277,26942967,3057164.0070400
1762905600000,2025-11-12 00:00:00,0.1088300,0.1195300,0.1067400,0.1118200,42775453,1762991999999,2025-11-12 23:59:59,4874636.3213900,88311,20836607,2375917.4637500
1762992000000,2025-11-13 00:00:00,0.1118300,0.1119300,0.1025800,0.1055600,19970721,1763078399999,2025-11-13 23:59:59,2167275.7812900,98872,9535418,1034193.7428100
1763078400000,2025-11-14 00:00:00,0.1055700,0.1063200,0.0994800,0.1021700,16546635,1763164799999,2025-11-14 23:59:59,1713090.7731200,85642,8550536,885046.3213700
1763164800000,2025-11-15 00:00:00,0.1022300,0.1062000,0.1020800,0.1049600,6387565,1763251199999,2025-11-15 23:59:59,666660.8801500,20713,3231959,337103.0792000
1763251200000,2025-11-16 00:00:00,0.1050200,0.1054600,0.0985300,0.1020800,6993365,1763337599999,2025-11-16 23:59:59,712800.8908500,24843,3396066,346321.7869700
1763337600000,2025-11-17 00:00:00,0.1021300,0.1055200,0.0971500,0.1000900,19644513,1763423999999,2025-11-17 23:59:59,1959998.4858000,37233,10440920,1039966.2843600
1763424000000,2025-11-18 00:00:00,0.1001500,0.1032100,0.0982400,0.1020600,9418041,1763510399999,2025-11-18 23:59:59,946719.6022900,26809,4620979,464760.8451100
1763510400000,2025-11-19 00:00:00,0.1020500,0.1025900,0.0952200,0.0990100,9447421,1763596799999,2025-11-19 23:59:59,930557.3565700,25214,4682994,461642.5151600
1763596800000,2025-11-20 00:00:00,0.0990200,0.1030600,0.0944200,0.0959000,12891939,1763683199999,2025-11-20 23:59:59,1259237.2150200,29515,6471769,632846.5820300
1763683200000,2025-11-21 00:00:00,0.0959400,0.0983800,0.0878700,0.0928800,15668364,1763769599999,2025-11-21 23:59:59,1450968.9686900,39083,7674254,710673.2837000
1763769600000,2025-11-22 00:00:00,0.0929200,0.0944900,0.0898300,0.0934400,8034231,1763855999999,2025-11-22 23:59:59,737804.1791400,22389,3769382,346211.3703100
1763856000000,2025-11-23 00:00:00,0.0934600,0.0955900,0.0927400,0.0938300,12968402,1763942399999,2025-11-23 23:59:59,1224024.8501400,23315,6430835,606761.6191000
1763942400000,2025-11-24 00:00:00,0.0938300,0.0968100,0.0916000,0.0958000,9452014,1764028799999,2025-11-24 23:59:59,888972.5634800,22161,4851763,456378.9931100
1764028800000,2025-11-25 00:00:00,0.0957800,0.1027500,0.0953600,0.1004500,48937988,1764115199999,2025-11-25 23:59:59,4837835.9521600,103014,24462984,2420176.6180200
1764115200000,2025-11-26 00:00:00,0.1004200,0.1004700,0.0966500,0.0993200,8410891,1764201599999,2025-11-26 23:59:59,828000.5375700,28011,4085673,402186.7326900
1764201600000,2025-11-27 00:00:00,0.0993100,0.1009600,0.0977000,0.0999100,12606661,1764287999999,2025-11-27 23:59:59,1250624.1390900,50790,6472695,642305.4253100
1764288000000,2025-11-28 00:00:00,0.0999000,0.1013700,0.0969000,0.0974300,20992984,1764374399999,2025-11-28 23:59:59,2083164.2740300,31916,10069462,1000849.1798600
1764374400000,2025-11-29 00:00:00,0.0974400,0.1030000,0.0972600,0.1015800,18726706,1764460799999,2025-11-29 23:59:59,1891256.5729000,46326,9515532,961185.3570000
1764460800000,2025-11-30 00:00:00,0.1015800,0.1065400,0.0969600,0.0971900,31742410,1764547199999,2025-11-30 23:59:59,3191922.4822000,75893,15941481,1603924.7102300
1764547200000,2025-12-01 00:00:00,0.0972200,0.0976200,0.0907100,0.0947100,20332269,1764633599999,2025-12-01 23:59:59,1917460.4935900,43147,10315203,972472.5237800
1764633600000,2025-12-02 00:00:00,0.0947300,0.0970300,0.0902300,0.0948500,17577746,1764719999999,2025-12-02 23:59:59,1643250.3026700,56383,8998634,841776.2355000
1764720000000,2025-12-03 00:00:00,0.0948600,0.0956600,0.0918800,0.0950100,8146125,1764806399999,2025-12-03 23:59:59,766533.7342300,26175,4183033,393702.4526400
1764806400000,2025-12-04 00:00:00,0.0950400,0.0952900,0.0899200,0.0904500,7628181,1764892799999,2025-12-04 23:59:59,707845.6944600,21388,3897185,361324.3770900
1764892800000,2025-12-05 00:00:00,0.0904500,0.0934600,0.0880400,0.0900500,12337608,1764979199999,2025-12-05 23:59:59,1119268.5867700,33466,6124511,555893.5611900
1764979200000,2025-12-06 00:00:00,0.0898900,0.0926800,0.0889000,0.0915700,12860315,1765065599999,2025-12-06 23:59:59,1172877.1076500,20705,6125036,558344.0839800
1765065600000,2025-12-07 00:00:00,0.0916200,0.0924200,0.0868200,0.0879100,6648382,1765151999999,2025-12-07 23:59:59,596280.7782000,20469,3256292,291655.8411200
1765152000000,2025-12-08 00:00:00,0.0879100,0.0903600,0.0876700,0.0884500,7479532,1765238399999,2025-12-08 23:59:59,665866.1501800,22687,3892921,346512.6482900
1765238400000,2025-12-09 00:00:00,0.0884500,0.0925000,0.0867100,0.0918200,18029095,1765324799999,2025-12-09 23:59:59,1599908.3088700,30302,8743300,775795.7442600
1765324800000,2025-12-10 00:00:00,0.0918200,0.0918700,0.0876900,0.0882700,8198272,1765411199999,2025-12-10 23:59:59,736408.7218100,21954,4230227,379765.3036300
1765411200000,2025-12-11 00:00:00,0.0883100,0.0890300,0.0856800,0.0874100,10195717,1765497599999,2025-12-11 23:59:59,888714.6747400,30809,5051948,440640.3778600
1765497600000,2025-12-12 00:00:00,0.0874000,0.0878300,0.0834500,0.0859200,8033738,1765583999999,2025-12-12 23:59:59,690496.6214300,19906,4088845,351258.6066900
1765584000000,2025-12-13 00:00:00,0.0859300,0.0892200,0.0859300,0.0879600,9182813,1765670399999,2025-12-13 23:59:59,805242.8435800,21408,4300717,377108.3037800
1765670400000,2025-12-14 00:00:00,0.0879600,0.0884100,0.0832000,0.0838700,7455872,1765756799999,2025-12-14 23:59:59,643007.6193700,19761,3945206,340168.1139300
1765756800000,2025-12-15 00:00:00,0.0839300,0.0861100,0.0787500,0.0809900,31427913,1765843199999,2025-12-15 23:59:59,2611899.3929300,44489,15872996,1317415.0803500
1765843200000,2025-12-16 00:00:00,0.0810000,0.0820300,0.0796400,0.0813000,8563191,1765929599999,2025-12-16 23:59:59,693276.3454100,21697,4260010,345032.1850900
1765929600000,2025-12-17 00:00:00,0.0812900,0.0826700,0.0770100,0.0777500,12604006,1766015999999,2025-12-17 23:59:59,1007261.5431600,41934,6361925,508289.2306400
1766016000000,2025-12-18 00:00:00,0.0777200,0.0796000,0.0740100,0.0759300,11947262,1766102399999,2025-12-18 23:59:59,915796.4556300,26250,6103622,467684.9481900
1766102400000,2025-12-19 00:00:00,0.0759200,0.0816400,0.0751800,0.0814500,10980362,1766188799999,2025-12-19 23:59:59,862325.1165100,21203,5647765,443213.0530200
1766188800000,2025-12-20 00:00:00,0.0814700,0.0826700,0.0809900,0.0820400,4949694,1766275199999,2025-12-20 23:59:59,404772.8796000,13161,2417685,197760.6890300
1766275200000,2025-12-21 00:00:00,0.0820100,0.0839600,0.0784100,0.0800800,12256144,1766361599999,2025-12-21 23:59:59,996193.0954300,28022,6028116,490366.0422800
1766361600000,2025-12-22 00:00:00,0.0800800,0.0831600,0.0793000,0.0814100,10566861,1766447999999,2025-12-22 23:59:59,856539.4808600,27582,5581301,452378.9846900
1766448000000,2025-12-23 00:00:00,0.0814700,0.0820100,0.0791400,0.0814600,10582223,1766534399999,2025-12-23 23:59:59,851385.5553300,30665,5358161,430920.0153300
1766534400000,2025-12-24 00:00:00,0.0814500,0.0826600,0.0800600,0.0822000,5353566,1766620799999,2025-12-24 23:59:59,435900.0617100,15370,2429079,197791.3082600
1766620800000,2025-12-25 00:00:00,0.0822100,0.0843400,0.0808000,0.0811200,6649343,1766707199999,2025-12-25 23:59:59,550329.5921700,18048,3606525,298572.9873600
1766707200000,2025-12-26 00:00:00,0.0811000,0.0832100,0.0806600,0.0821700,5658684,1766793599999,2025-12-26 23:59:59,463962.5787700,14724,2586461,212062.9963200
1766793600000,2025-12-27 00:00:00,0.0821600,0.0925400,0.0816400,0.0862100,82909264,1766879999999,2025-12-27 23:59:59,7303758.1378300,146231,42160145,3715431.5401700
1766880000000,2025-12-28 00:00:00,0.0862200,0.0908500,0.0840200,0.0845500,49123650,1766966399999,2025-12-28 23:59:59,4294271.3302100,77126,24382957,2133327.9400900
1766966400000,2025-12-29 00:00:00,0.0845300,0.0964400,0.0828000,0.0887600,101969170,1767052799999,2025-12-29 23:59:59,9166305.5112100,249416,50311728,4527449.5444600
1767052800000,2025-12-30 00:00:00,0.0887000,0.0888000,0.0845800,0.0859000,24566079,1767139199999,2025-12-30 23:59:59,2115684.2542300,71754,11394111,981437.7384200
1767139200000,2025-12-31 00:00:00,0.0858900,0.0885500,0.0826200,0.0839500,20517276,1767225599999,2025-12-31 23:59:59,1757828.2655400,64191,9956266,853852.2263600
1767225600000,2026-01-01 00:00:00,0.0839300,0.0859800,0.0828800,0.0857800,11216891,1767311999999,2026-01-01 23:59:59,949691.9404000,34588,5644519,478152.0968800
1767312000000,2026-01-02 00:00:00,0.0858000,0.0877400,0.0840900,0.0870400,7989693,1767398399999,2026-01-02 23:59:59,683142.6304900,23036,3767603,322360.5846000
1767398400000,2026-01-03 00:00:00,0.0871100,0.0877100,0.0847400,0.0865400,6783255,1767484799999,2026-01-03 23:59:59,585748.3719300,21180,3505414,302775.6529100
1767484800000,2026-01-04 00:00:00,0.0865200,0.0891400,0.0862400,0.0883300,7461202,1767571199999,2026-01-04 23:59:59,652393.3262900,21044,3729660,326297.3676500
1767571200000,2026-01-05 00:00:00,0.0882500,0.0905400,0.0860600,0.0901100,11523877,1767657599999,2026-01-05 23:59:59,1015108.2587200,28914,5716927,503797.6741600
1767657600000,2026-01-06 00:00:00,0.0901400,0.0955900,0.0900100,0.0934800,20838747,1767743999999,2026-01-06 23:59:59,1929025.4801100,41879,10025369,928775.1367200
1767744000000,2026-01-07 00:00:00,0.0934100,0.0954100,0.0890400,0.0913000,14055901,1767830399999,2026-01-07 23:59:59,1291089.0555900,30423,6837046,628271.1527200
1767830400000,2026-01-08 00:00:00,0.0913300,0.0944300,0.0905900,0.0936100,13605021,1767916799999,2026-01-08 23:59:59,1256642.0515300,31049,6818755,630036.1145800
1767916800000,2026-01-09 00:00:00,0.0936000,0.0939400,0.0913200,0.0926200,9630058,1768003199999,2026-01-09 23:59:59,892670.2563700,23046,4652480,431278.6114800
1768003200000,2026-01-10 00:00:00,0.0926200,0.0963200,0.0915200,0.0929900,8908876,1768089599999,2026-01-10 23:59:59,834002.8792800,23442,4423663,414125.0693700
1768089600000,2026-01-11 00:00:00,0.0930100,0.0942200,0.0885600,0.0898500,7609491,1768175999999,2026-01-11 23:59:59,697552.4474600,24553,3732032,342087.0133000
1768176000000,2026-01-12 00:00:00,0.0898600,0.0910100,0.0870800,0.0881000,7640461,1768262399999,2026-01-12 23:59:59,680101.0514600,21847,3807444,339235.5229400
1768262400000,2026-01-13 00:00:00,0.0881600,0.0945600,0.0875200,0.0939000,9836239,1768348799999,2026-01-13 23:59:59,895832.8278300,25286,4869336,443885.7618700
1768348800000,2026-01-14 00:00:00,0.0938700,0.0955100,0.0926600,0.0945300,12402503,1768435199999,2026-01-14 23:59:59,1166041.1023700,29359,6126836,576329.0235700
1768435200000,2026-01-15 00:00:00,0.0945200,0.0945900,0.0889500,0.0903900,6996992,1768521599999,2026-01-15 23:59:59,642543.4730900,21950,3443051,316025.5113700
1768521600000,2026-01-16 00:00:00,0.0904200,0.0914100,0.0884300,0.0911900,5549400,1768607999999,2026-01-16 23:59:59,500971.4740300,18726,2982261,269379.8397700
1768608000000,2026-01-17 00:00:00,0.0911700,0.0935800,0.0903000,0.0919700,5750990,1768694399999,2026-01-17 23:59:59,527721.5064900,22512,2899573,265936.4530700
1768694400000,2026-01-18 00:00:00,0.0919100,0.0924200,0.0871300,0.0872300,6773277,1768780799999,2026-01-18 23:59:59,611696.6661700,18279,3213383,290266.5140700
1768780800000,2026-01-19 00:00:00,0.0872600,0.0872600,0.0802600,0.0847400,9788249,1768867199999,2026-01-19 23:59:59,820936.9510500,43853,4737129,397200.1378500
1768867200000,2026-01-20 00:00:00,0.0847100,0.0854400,0.0790500,0.0795800,11684783,1768953599999,2026-01-20 23:59:59,963449.8331400,25683,6036911,497577.5615100
1768953600000,2026-01-21 00:00:00,0.0795800,0.0833800,0.0794200,0.0820300,10524477,1769039999999,2026-01-21 23:59:59,856896.7800500,25801,5625030,458091.4497900
1769040000000,2026-01-22 00:00:00,0.0820700,0.0833700,0.0799200,0.0812400,6484596,1769126399999,2026-01-22 23:59:59,531916.3796300,18349,3037640,249431.5035600
1769126400000,2026-01-23 00:00:00,0.0812000,0.0835000,0.0806600,0.0815200,6330288,1769212799999,2026-01-23 23:59:59,517278.3654000,18132,2982397,243813.5510500
1769212800000,2026-01-24 00:00:00,0.0815400,0.0819300,0.0804100,0.0813800,4125469,1769299199999,2026-01-24 23:59:59,334988.6628600,13258,2104931,170951.2099200
1769299200000,2026-01-25 00:00:00,0.0813900,0.0828500,0.0772100,0.0783000,9896473,1769385599999,2026-01-25 23:59:59,799299.7688100,28163,4739519,382909.7699900
1769385600000,2026-01-26 00:00:00,0.0783000,0.0818500,0.0779200,0.0812600,8160959,1769471999999,2026-01-26 23:59:59,656015.6685300,22468,4091717,328886.6819600
1769472000000,2026-01-27 00:00:00,0.0812500,0.1010000,0.0810600,0.0841100,632586468,1769558399999,2026-01-27 23:59:59,58473624.1124400,829673,314542782,29067199.1655100
1769558400000,2026-01-28 00:00:00,0.0841100,0.0852100,0.0801800,0.0814200,73753633,1769644799999,2026-01-28 23:59:59,6065640.9071000,118877,34675497,2852889.6660000
1769644800000,2026-01-29 00:00:00,0.0814300,0.0815800,0.0748300,0.0766700,44591727,1769731199999,2026-01-29 23:59:59,3469357.6433800,109336,19704754,1533250.2177400
1769731200000,2026-01-30 00:00:00,0.0766900,0.0790100,0.0710500,0.0773700,57137477,1769817599999,2026-01-30 23:59:59,4347936.6628700,125084,26711076,2034245.6421100
1769817600000,2026-01-31 00:00:00,0.0773600,0.0774000,0.0643200,0.0711100,34365141,1769903999999,2026-01-31 23:59:59,2469596.5033800,85899,17236024,1240278.5988100
1769904000000,2026-02-01 00:00:00,0.0710900,0.0777800,0.0696600,0.0704500,80486043,1769990399999,2026-02-01 23:59:59,5857169.3583500,184486,40690105,2964239.4900500
1769990400000,2026-02-02 00:00:00,0.0704700,0.0723800,0.0685800,0.0714100,30001591,1770076799999,2026-02-02 23:59:59,2129292.6220000,85650,15138276,1074786.7539800
1770076800000,2026-02-03 00:00:00,0.0714100,0.0730500,0.0684500,0.0710100,31062784,1770163199999,2026-02-03 23:59:59,2214901.4431400,73839,15848467,1129684.3945500
1770163200000,2026-02-04 00:00:00,0.0710100,0.0719500,0.0679400,0.0700500,19062554,1770249599999,2026-02-04 23:59:59,1339667.7747500,37446,9381434,658937.6742600
1770249600000,2026-02-05 00:00:00,0.0700500,0.0704100,0.0591100,0.0595400,33705707,1770335999999,2026-02-05 23:59:59,2186555.6332100,52961,16646794,1081612.3814800
1770336000000,2026-02-06 00:00:00,0.0595500,0.0668700,0.0547300,0.0662500,27992843,1770422399999,2026-02-06 23:59:59,1746980.6214500,48942,13975966,872925.8681600
1770422400000,2026-02-07 00:00:00,0.0662100,0.0672500,0.0635100,0.0666000,16767706,1770508799999,2026-02-07 23:59:59,1105210.1861500,27700,8707203,574202.6467300
1770508800000,2026-02-08 00:00:00,0.0666900,0.0666900,0.0639300,0.0645500,9573964,1770595199999,2026-02-08 23:59:59,627484.5167200,19234,4665811,305795.5011300
1770595200000,2026-02-09 00:00:00,0.0645300,0.0654500,0.0623400,0.0647800,11210401,1770681599999,2026-02-09 23:59:59,719700.9772400,22020,5724748,367469.3765800
1770681600000,2026-02-10 00:00:00,0.0647900,0.0649800,0.0627000,0.0638800,15715538,1770767999999,2026-02-10 23:59:59,1001348.7049900,23389,7493225,477269.6656400
1770768000000,2026-02-11 00:00:00,0.0638700,0.0652600,0.0618900,0.0647600,13846673,1770854399999,2026-02-11 23:59:59,876978.1196800,23030,7016946,444316.1805700
1770854400000,2026-02-12 00:00:00,0.0647000,0.0666800,0.0638900,0.0654300,15663003,1770940799999,2026-02-12 23:59:59,1021090.7318300,23869,7763011,506040.3062500
1770940800000,2026-02-13 00:00:00,0.0654200,0.0688300,0.0645100,0.0685700,16360749,1771027199999,2026-02-13 23:59:59,1095934.6431000,28175,8077667,540867.3555100
1771027200000,2026-02-14 00:00:00,0.0685500,0.0702400,0.0677700,0.0698500,16562182,1771113599999,2026-02-14 23:59:59,1145672.4931100,22265,8489138,587042.7574500
1771113600000,2026-02-15 00:00:00,0.0698300,0.0703600,0.0664700,0.0675600,11676194,1771199999999,2026-02-15 23:59:59,799171.3241800,21203,5394097,368921.3877900
1771200000000,2026-02-16 00:00:00,0.0675600,0.0687000,0.0669100,0.0682700,8313199,1771286399999,2026-02-16 23:59:59,563466.1927100,18561,4508859,305687.5135900
1771286400000,2026-02-17 00:00:00,0.0682700,0.0725100,0.0665700,0.0672600,27217057,1771372799999,2026-02-17 23:59:59,1856912.6690200,55426,13787547,941367.6008000
1771372800000,2026-02-18 00:00:00,0.0672800,0.0702600,0.0663900,0.0666100,24046478,1771459199999,2026-02-18 23:59:59,1648724.9393200,39506,12297184,843738.9144000
1771459200000,2026-02-19 00:00:00,0.0666200,0.0666500,0.0626500,0.0646300,13893719,1771545599999,2026-02-19 23:59:59,894208.9031700,31513,6561974,421692.9559800
1771545600000,2026-02-20 00:00:00,0.0646400,0.0658200,0.0633600,0.0655700,9198899,1771631999999,2026-02-20 23:59:59,597860.6100000,18195,4724829,306918.4729700
1771632000000,2026-02-21 00:00:00,0.0655700,0.0660700,0.0646300,0.0647500,5703812,1771718399999,2026-02-21 23:59:59,372758.1643500,24042,3282803,214630.0002300
1771718400000,2026-02-22 00:00:00,0.0647300,0.0650600,0.0624100,0.0629900,9017425,1771804799999,2026-02-22 23:59:59,576159.1508300,17421,4152878,265209.1844200
1771804800000,2026-02-23 00:00:00,0.0629900,0.0630600,0.0605400,0.0610300,9935083,1771891199999,2026-02-23 23:59:59,612815.5625100,19939,4650540,286995.8366300
1771891200000,2026-02-24 00:00:00,0.0610300,0.0627700,0.0603400,0.0617100,18860743,1771977599999,2026-02-24 23:59:59,1163839.4268200,23991,9613590,593729.6508100
1771977600000,2026-02-25 00:00:00,0.0617400,0.0659700,0.0617200,0.0645600,20090984,1772063999999,2026-02-25 23:59:59,1276377.1822700,31687,9594912,609052.4118700
1772064000000,2026-02-26 00:00:00,0.0646200,0.0682300,0.0621700,0.0640500,30101784,1772150399999,2026-02-26 23:59:59,1950741.1777700,46138,15283967,990245.9416500
1772150400000,2026-02-27 00:00:00,0.0640500,0.0656000,0.0615200,0.0624900,13525340,1772236799999,2026-02-27 23:59:59,862801.5241000,23864,6225008,397129.0113200
1772236800000,2026-02-28 00:00:00,0.0624900,0.0628700,0.0585400,0.0626900,16496866,1772323199999,2026-02-28 23:59:59,997653.3069500,27606,8396405,507577.5372000
1772323200000,2026-03-01 00:00:00,0.0627300,0.0638700,0.0605000,0.0618200,14267546,1772409599999,2026-03-01 23:59:59,887442.9098900,28171,7115888,442741.3468400
1772409600000,2026-03-02 00:00:00,0.0618200,0.0643500,0.0611500,0.0629600,17718082,1772495999999,2026-03-02 23:59:59,1108057.4811000,27857,8300955,518947.7077700
1772496000000,2026-03-03 00:00:00,0.0630000,0.0654200,0.0616300,0.0626500,19083590,1772582399999,2026-03-03 23:59:59,1201282.1067300,34049,9988402,629646.4990800
1772582400000,2026-03-04 00:00:00,0.0626700,0.0643100,0.0616200,0.0635200,12339075,1772668799999,2026-03-04 23:59:59,776641.7093600,23168,7118584,448436.9936400
1772668800000,2026-03-05 00:00:00,0.0635100,0.0637800,0.0617800,0.0624600,8741205,1772755199999,2026-03-05 23:59:59,549590.7323400,20517,4367460,274743.5000000
1772755200000,2026-03-06 00:00:00,0.0624700,0.0635500,0.0601600,0.0609900,8893892,1772841599999,2026-03-06 23:59:59,550143.8418600,19459,4516371,279322.3568600
1772841600000,2026-03-07 00:00:00,0.0609800,0.0610800,0.0591700,0.0595100,9886246,1772927999999,2026-03-07 23:59:59,594438.3138500,15784,4905292,294920.6557700
1772928000000,2026-03-08 00:00:00,0.0595100,0.0598200,0.0577500,0.0583400,7765161,1773014399999,2026-03-08 23:59:59,457282.1009100,16238,3775674,222418.3565900
1773014400000,2026-03-09 00:00:00,0.0583300,0.0597200,0.0582800,0.0588200,7865019,1773100799999,2026-03-09 23:59:59,463801.5818600,17071,4404777,259677.7756100
1773100800000,2026-03-10 00:00:00,0.0588200,0.0604600,0.0586400,0.0595600,8043398,1773187199999,2026-03-10 23:59:59,479490.3289600,16555,4052140,241520.1928400
1773187200000,2026-03-11 00:00:00,0.0595500,0.0671900,0.0595300,0.0628200,153139682,1773273599999,2026-03-11 23:59:59,9796896.8929500,177204,75161910,4806336.6218400
1773273600000,2026-03-12 00:00:00,0.0628200,0.0664900,0.0600200,0.0612200,57066505,1773359999999,2026-03-12 23:59:59,3556966.8851400,73650,27332127,1703326.9610600
1773360000000,2026-03-13 00:00:00,0.0612400,0.0616500,0.0599500,0.0602000,22385892,1773446399999,2026-03-13 23:59:59,1360422.4706300,41465,11160650,678212.9525400
1773446400000,2026-03-14 00:00:00,0.0602000,0.0605700,0.0591300,0.0595100,8316824,1773532799999,2026-03-14 23:59:59,495968.5041900,19203,4073866,242992.1208400
1773532800000,2026-03-15 00:00:00,0.0595300,0.0631400,0.0593400,0.0611900,31536482,1773619199999,2026-03-15 23:59:59,1933893.2801600,44820,15273583,937093.5933900
1773619200000,2026-03-16 00:00:00,0.0611900,0.0637000,0.0606600,0.0624100,25832135,1773705599999,2026-03-16 23:59:59,1598036.8000800,36099,12227631,757426.9087700
1773705600000,2026-03-17 00:00:00,0.0624100,0.0639600,0.0609600,0.0632300,19789300,1773791999999,2026-03-17 23:59:59,1238619.9025000,35134,9781666,612171.9346100
1773792000000,2026-03-18 00:00:00,0.0632400,0.0637800,0.0600500,0.0607100,13405218,1773878399999,2026-03-18 23:59:59,830525.1972300,25033,6296788,389675.8056800
1773878400000,2026-03-19 00:00:00,0.0607100,0.0616400,0.0594600,0.0603000,11184362,1773964799999,2026-03-19 23:59:59,677036.3518200,21025,5132212,310857.4181400
1773964800000,2026-03-20 00:00:00,0.0603100,0.0619100,0.0599600,0.0607400,6527596,1774051199999,2026-03-20 23:59:59,396957.7788900,15400,3318720,201693.5805500
1774051200000,2026-03-21 00:00:00,0.0607300,0.0608600,0.0586000,0.0588600,4905502,1774137599999,2026-03-21 23:59:59,294675.9440600,12551,2407498,144694.3792300
1774137600000,2026-03-22 00:00:00,0.0588500,0.0592400,0.0575700,0.0578000,8125583,1774223999999,2026-03-22 23:59:59,476626.6069100,17756,4400123,258132.3493700
1774224000000,2026-03-23 00:00:00,0.0578000,0.0609500,0.0571600,0.0604700,9340469,1774310399999,2026-03-23 23:59:59,553400.1024500,23407,4534437,268239.1848200
1774310400000,2026-03-24 00:00:00,0.0605000,0.0687500,0.0598100,0.0643200,191428764,1774396799999,2026-03-24 23:59:59,12444008.1767700,199954,94578263,6153595.5329500
1774396800000,2026-03-25 00:00:00,0.0643200,0.0686400,0.0618500,0.0624900,91935087,1774483199999,2026-03-25 23:59:59,5938682.1882600,119912,44550921,2880697.1665400
1774483200000,2026-03-26 00:00:00,0.0624800,0.0639000,0.0581200,0.0588800,40835967,1774569599999,2026-03-26 23:59:59,2494212.1905700,71155,19270820,1178508.5141600
1774569600000,2026-03-27 00:00:00,0.0588700,0.0601600,0.0563500,0.0567200,19754903,1774655999999,2026-03-27 23:59:59,1145684.8939200,40975,10181456,590248.1270900
1774656000000,2026-03-28 00:00:00,0.0567200,0.0627500,0.0551200,0.0594200,149205026,1774742399999,2026-03-28 23:59:59,8978325.0279100,173150,75871170,4565666.6178000
1774742400000,2026-03-29 00:00:00,0.0594200,0.0597500,0.0560900,0.0566600,45039498,1774828799999,2026-03-29 23:59:59,2599228.7684800,60541,22105207,1276688.3213000
1774828800000,2026-03-30 00:00:00,0.0566700,0.0658700,0.0561500,0.0650000,312843102,1774915199999,2026-03-30 23:59:59,19609108.3080600,372298,157580299,9881053.2588500
1774915200000,2026-03-31 00:00:00,0.0650000,0.0651800,0.0599200,0.0614200,133633384,1775001599999,2026-03-31 23:59:59,8303606.9254800,160661,64080663,3981077.9393400
1775001600000,2026-04-01 00:00:00,0.0614100,0.0739900,0.0597200,0.0690600,217887613,1775087999999,2026-04-01 23:59:59,14789598.0566300,309522,105090871,7132808.6508600
1775088000000,2026-04-02 00:00:00,0.0690900,0.0704000,0.0645000,0.0657100,105059777,1775174399999,2026-04-02 23:59:59,7102677.7197700,147943,50899673,3443183.0490700
1775174400000,2026-04-03 00:00:00,0.0657200,0.1108800,0.0644200,0.0945300,2630649957,1775260799999,2026-04-03 23:59:59,247518572.0582700,3349528,1320772526,124359414.5391800
1775260800000,2026-04-04 00:00:00,0.0945300,0.1198300,0.0849500,0.1004800,2367006763,1775347199999,2026-04-04 23:59:59,249866741.0107300,3333629,1184681682,125088102.4429200
1775347200000,2026-04-05 00:00:00,0.1004800,0.1047100,0.0887300,0.0910500,476670355,1775433599999,2026-04-05 23:59:59,45756737.7359000,970224,236166083,22688463.8335600
1775433600000,2026-04-06 00:00:00,0.0910400,0.0955900,0.0832900,0.0834400,294733151,1775519999999,2026-04-06 23:59:59,26044753.4026800,530271,146345078,12942799.6576800
1775520000000,2026-04-07 00:00:00,0.0834400,0.0857400,0.0797300,0.0840200,194893780,1775606399999,2026-04-07 23:59:59,16021231.8449900,325804,97698358,8038787.9069900
1775606400000,2026-04-08 00:00:00,0.0840100,0.0840100,0.0741400,0.0748400,109994335,1775692799999,2026-04-08 23:59:59,8665917.3344500,187345,53509454,4208976.8244800
1775692800000,2026-04-09 00:00:00,0.0748400,0.0947200,0.0736100,0.0875600,497343852,1775779199999,2026-04-09 23:59:59,42869851.8871600,757146,247829057,21343767.2338200
1775779200000,2026-04-10 00:00:00,0.0875700,0.0983400,0.0827500,0.0897900,513102951,1775865599999,2026-04-10 23:59:59,46603810.4695500,782204,255931845,23226464.7335200
1775865600000,2026-04-11 00:00:00,0.0897500,0.0974000,0.0876100,0.0928300,294383562,1775951999999,2026-04-11 23:59:59,27403758.0078800,483563,147043655,13687562.2334600
1775952000000,2026-04-12 00:00:00,0.0928200,0.0938800,0.0844600,0.0847700,113770588,1776038399999,2026-04-12 23:59:59,10165162.3391900,203083,55246169,4931682.9163900
1776038400000,2026-04-13 00:00:00,0.0847300,0.0914200,0.0846200,0.0882600,145076093,1776124799999,2026-04-13 23:59:59,12795414.3673100,246444,72788762,6420580.3978900
1776124800000,2026-04-14 00:00:00,0.0882700,0.0898300,0.0821300,0.0826100,81436269,1776211199999,2026-04-14 23:59:59,6965474.1140500,143861,39619878,3389090.9386700
1776211200000,2026-04-15 00:00:00,0.0826100,0.0868700,0.0800000,0.0826900,76049079,1776297599999,2026-04-15 23:59:59,6269936.3555700,144260,37981091,3131097.1866900
1776297600000,2026-04-16 00:00:00,0.0826900,0.0837900,0.0782000,0.0810100,70182470,1776383999999,2026-04-16 23:59:59,5606167.5120300,129412,32645003,2607819.7164200
1776384000000,2026-04-17 00:00:00,0.0810200,0.0828200,0.0782300,0.0814800,51244598,1776470399999,2026-04-17 23:59:59,4093995.2269900,107158,25956336,2073580.8573100
1776470400000,2026-04-18 00:00:00,0.0814700,0.0886800,0.0810000,0.0844400,138209654,1776556799999,2026-04-18 23:59:59,11743094.8730400,268882,71995345,6114568.2193100
1776556800000,2026-04-19 00:00:00,0.0844300,0.0860900,0.0796000,0.0824200,76707605,1776643199999,2026-04-19 23:59:59,6302581.9172700,153126,37019074,3042988.3170600
1776643200000,2026-04-20 00:00:00,0.0824300,0.0845500,0.0794500,0.0807600,40449693,1776729599999,2026-04-20 23:59:59,3300782.3885100,100421,20972222,1712301.4132200
1776729600000,2026-04-21 00:00:00,0.0807600,0.0819000,0.0793200,0.0809300,24542729,1776815999999,2026-04-21 23:59:59,1976523.1193700,74460,12688726,1022533.0664900
1776816000000,2026-04-22 00:00:00,0.0809300,0.0818000,0.0801000,0.0806500,19812538,1776902399999,2026-04-22 23:59:59,1601826.8576500,63989,9273629,750087.7931000
1776902400000,2026-04-23 00:00:00,0.0806700,0.0811000,0.0774900,0.0799900,26566920,1776988799999,2026-04-23 23:59:59,2095855.0504900,74489,12809728,1011335.1548600
1776988800000,2026-04-24 00:00:00,0.0799800,0.0800200,0.0777200,0.0782600,26846316,1777075199999,2026-04-24 23:59:59,2112011.3427700,57824,13680879,1076075.8190700
1777075200000,2026-04-25 00:00:00,0.0782200,0.0783800,0.0758000,0.0766700,15982166,1777161599999,2026-04-25 23:59:59,1231963.8648400,50662,8354254,643659.1139100
1777161600000,2026-04-26 00:00:00,0.0766900,0.0771900,0.0750300,0.0754200,17490353,1777247999999,2026-04-26 23:59:59,1327447.8862800,54439,8643706,655886.7257900
1777248000000,2026-04-27 00:00:00,0.0754200,0.0761000,0.0716400,0.0731600,24184567,1777334399999,2026-04-27 23:59:59,1774247.0917100,48557,12347761,904470.2134500
1777334400000,2026-04-28 00:00:00,0.0731200,0.0759300,0.0725300,0.0758200,25304161,1777420799999,2026-04-28 23:59:59,1875695.3803300,54985,13172471,976505.5451100
1777420800000,2026-04-29 00:00:00,0.0757900,0.0764300,0.0710900,0.0724400,24351473,1777507199999,2026-04-29 23:59:59,1797832.4328600,50940,11715763,865212.2979700
1777507200000,2026-04-30 00:00:00,0.0724600,0.0728700,0.0708000,0.0718800,14115727,1777593599999,2026-04-30 23:59:59,1012781.4094200,30520,7047408,505666.8356700
1777593600000,2026-05-01 00:00:00,0.0718900,0.0727600,0.0712200,0.0721700,12801980,1777679999999,2026-05-01 23:59:59,920988.3339000,35084,6245288,449489.3745400
1777680000000,2026-05-02 00:00:00,0.0721800,0.0736100,0.0714100,0.0730100,15883150,1777766399999,2026-05-02 23:59:59,1149836.9139900,38223,7963195,576490.6700100
1777766400000,2026-05-03 00:00:00,0.0730300,0.0736300,0.0715200,0.0732300,13541223,1777852799999,2026-05-03 23:59:59,981319.5202800,29382,6211332,450359.2201700
1777852800000,2026-05-04 00:00:00,0.0732100,0.0744700,0.0722000,0.0733700,15946628,1777939199999,2026-05-04 23:59:59,1171196.2596700,38722,7688382,564795.3051000
1777939200000,2026-05-05 00:00:00,0.0733900,0.0793100,0.0733200,0.0748400,79756869,1778025599999,2026-05-05 23:59:59,6055051.7496000,104917,40854543,3103654.1473200
1778025600000,2026-05-06 00:00:00,0.0748300,0.0757400,0.0691400,0.0695400,42221625,1778111999999,2026-05-06 23:59:59,3017373.2700400,58901,19215139,1369458.8657000
1778112000000,2026-05-07 00:00:00,0.0695300,0.0712300,0.0676900,0.0711300,33045101,1778198399999,2026-05-07 23:59:59,2288471.0178000,66741,16228632,1124318.3086400
1778198400000,2026-05-08 00:00:00,0.0711300,0.0729500,0.0698900,0.0725100,21962362,1778284799999,2026-05-08 23:59:59,1564453.4865900,42171,11210730,799043.7465100
1778284800000,2026-05-09 00:00:00,0.0725100,0.0743500,0.0722200,0.0731700,20097231,1778371199999,2026-05-09 23:59:59,1476120.4218600,34393,9657404,709359.1956600
1778371200000,2026-05-10 00:00:00,0.0731500,0.0756900,0.0721400,0.0751500,23678417,1778457599999,2026-05-10 23:59:59,1750975.1288200,37525,11903771,880498.1790900
1778457600000,2026-05-11 00:00:00,0.0751800,0.0755300,0.0734100,0.0745600,14641477,1778543999999,2026-05-11 23:59:59,1086056.9224300,31858,6982777,518044.8543100
1778544000000,2026-05-12 00:00:00,0.0745400,0.0745800,0.0714000,0.0722200,13973282,1778630399999,2026-05-12 23:59:59,1018997.5745400,27538,6881563,502096.2516500
1778630400000,2026-05-13 00:00:00,0.0722000,0.0736300,0.0690400,0.0699400,17969934,1778716799999,2026-05-13 23:59:59,1274003.2354900,32854,9435185,668929.6179700
1778716800000,2026-05-14 00:00:00,0.0699400,0.0718100,0.0686300,0.0703500,60577574,1778803199999,2026-05-14 23:59:59,4271354.1581800,105277,30123657,2126041.8496100
1778803200000,2026-05-15 00:00:00,0.0703800,0.0706800,0.0645300,0.0660800,20508942,1778889599999,2026-05-15 23:59:59,1384701.1504700,35533,10157438,685818.3751200
1778889600000,2026-05-16 00:00:00,0.0660900,0.0674300,0.0640300,0.0660600,19556533,1778975999999,2026-05-16 23:59:59,1292151.0338500,43321,10182889,672813.3973600
1778976000000,2026-05-17 00:00:00,0.0660500,0.0666100,0.0630100,0.0646400,11573613,1779062399999,2026-05-17 23:59:59,759623.0638100,22749,5301056,348032.8016200
1779062400000,2026-05-18 00:00:00,0.0646300,0.0654000,0.0636300,0.0650700,15016460,1779148799999,2026-05-18 23:59:59,968452.8620300,26932,7257592,467966.1518400
1779148800000,2026-05-19 00:00:00,0.0650700,0.0689400,0.0650000,0.0676100,76995510,1779235199999,2026-05-19 23:59:59,5194852.1059800,91117,40178851,2712096.1414800
1779235200000,2026-05-20 00:00:00,0.0675700,0.0682900,0.0658800,0.0676700,21715886,1779321599999,2026-05-20 23:59:59,1462670.2370500,36569,9649486,650393.4836300
1779321600000,2026-05-21 00:00:00,0.0676900,0.0684700,0.0669700,0.0678900,18261054,1779407999999,2026-05-21 23:59:59,1236696.2516000,34307,8709160,589688.6193800
1779408000000,2026-05-22 00:00:00,0.0678700,0.0679700,0.0647900,0.0651000,15781869,1779494399999,2026-05-22 23:59:59,1054201.1357600,27949,7773254,519164.6765600
1779494400000,2026-05-23 00:00:00,0.0651000,0.0687100,0.0650300,0.0675600,37448745,1779580799999,2026-05-23 23:59:59,2510933.1707600,46898,18887616,1266779.7651100
1779580800000,2026-05-24 00:00:00,0.0675500,0.0678500,0.0638000,0.0649500,15703099,1779667199999,2026-05-24 23:59:59,1035168.1262400,30193,6954566,457922.0626500
1779667200000,2026-05-25 00:00:00,0.0649500,0.0662600,0.0647400,0.0658900,10635343,1779753599999,2026-05-25 23:59:59,698271.9720300,42577,4850114,318396.7677500
1779753600000,2026-05-26 00:00:00,0.0658900,0.0658900,0.0623600,0.0624300,14299146,1779839999999,2026-05-26 23:59:59,912621.5543000,30774,6327851,404331.2819400
1779840000000,2026-05-27 00:00:00,0.0624400,0.0743300,0.0624300,0.0653000,277423188,1779926399999,2026-05-27 23:59:59,19209784.9866600,249263,138771021,9611657.8473700
1779926400000,2026-05-28 00:00:00,0.0653000,0.0658000,0.0604600,0.0621300,58129093,1780012799999,2026-05-28 23:59:59,3622157.8057900,71509,27118948,1689692.1806500
1780012800000,2026-05-29 00:00:00,0.0621300,0.0625100,0.0580600,0.0596300,30350055,1780099199999,2026-05-29 23:59:59,1826393.3527400,56748,14006920,842319.2081100
1780099200000,2026-05-30 00:00:00,0.0596200,0.0617300,0.0594200,0.0601300,20326527,1780185599999,2026-05-30 23:59:59,1226602.9535000,43237,10564875,637858.7889800
1780185600000,2026-05-31 00:00:00,0.0601200,0.0637900,0.0601200,0.0622000,51392771,1780271999999,2026-05-31 23:59:59,3192165.7977200,76885,25622458,1592603.0580800
1780272000000,2026-06-01 00:00:00,0.0621900,0.0623600,0.0592300,0.0607400,22687304,1780358399999,2026-06-01 23:59:59,1374736.2670900,33102,10013677,606016.5598200
1780358400000,2026-06-02 00:00:00,0.0607400,0.0608900,0.0565000,0.0572200,25081481,1780444799999,2026-06-02 23:59:59,1483862.5280600,54733,12481116,738481.1396900
1780444800000,2026-06-03 00:00:00,0.0573000,0.0592500,0.0564500,0.0572800,17844566,1780531199999,2026-06-03 23:59:59,1036286.1007300,29742,9336933,542246.2656800
1780531200000,2026-06-04 00:00:00,0.0572800,0.0576000,0.0520000,0.0542400,28908999,1780617599999,2026-06-04 23:59:59,1566792.2297700,41212,13931697,754983.2784300
1780617600000,2026-06-05 00:00:00,0.0542400,0.0542400,0.0478000,0.0494000,28660418,1780703999999,2026-06-05 23:59:59,1448497.0256300,47013,14197178,717243.3428700
1780704000000,2026-06-06 00:00:00,0.0494300,0.0498900,0.0455000,0.0485100,21868420,1780790399999,2026-06-06 23:59:59,1045073.6410300,33707,10237055,490053.1929400
1780790400000,2026-06-07 00:00:00,0.0484700,0.0506100,0.0476400,0.0493600,18027087,1780876799999,2026-06-07 23:59:59,885884.6347900,27196,9153722,450018.2857700
1780876800000,2026-06-08 00:00:00,0.0493900,0.0503600,0.0480500,0.0490000,16056810,1780963199999,2026-06-08 23:59:59,790846.5497200,28500,8372400,412536.9003400
1780963200000,2026-06-09 00:00:00,0.0490000,0.0490400,0.0463000,0.0470300,19710968,1781049599999,2026-06-09 23:59:59,936889.2331500,28272,9639379,457694.8832600
1781049600000,2026-06-10 00:00:00,0.0470600,0.0479600,0.0452400,0.0458700,18663776,1781135999999,2026-06-10 23:59:59,868699.0439000,28752,9668626,450139.6839900
1781136000000,2026-06-11 00:00:00,0.0458700,0.0481500,0.0456200,0.0476700,14739218,1781222399999,2026-06-11 23:59:59,689901.7460500,26214,7359770,344040.4933300
1781222400000,2026-06-12 00:00:00,0.0476800,0.0480700,0.0465600,0.0478200,14123753,1781308799999,2026-06-12 23:59:59,670068.8037400,23739,6986466,331524.4628500
1781308800000,2026-06-13 00:00:00,0.0478500,0.0484000,0.0473300,0.0480300,14159855,1781395199999,2026-06-13 23:59:59,678278.4843600,21376,6491201,311054.1520500
1781395200000,2026-06-14 00:00:00,0.0480300,0.0496200,0.0467600,0.0494000,14670448,1781481599999,2026-06-14 23:59:59,704611.6588000,19265,7544130,362599.1119300
1781481600000,2026-06-15 00:00:00,0.0494200,0.0515900,0.0487700,0.0494100,27218350,1781567999999,2026-06-15 23:59:59,1359986.9156000,35879,13510967,674920.0997100
1781568000000,2026-06-16 00:00:00,0.0494300,0.0501500,0.0480200,0.0492700,14547160,1781654399999,2026-06-16 23:59:59,716341.0532500,23170,7462855,367597.8631400
1781654400000,2026-06-17 00:00:00,0.0492700,0.0496100,0.0473200,0.0483100,16242990,1781740799999,2026-06-17 23:59:59,788438.5221400,24191,7762381,376855.1596400
1781740800000,2026-06-18 00:00:00,0.0483200,0.0483800,0.0453800,0.0465000,11526658,1781827199999,2026-06-18 23:59:59,538468.9164800,20575,6121760,286078.1502400
1781827200000,2026-06-19 00:00:00,0.0465000,0.0467400,0.0452000,0.0461300,13265620,1781913599999,2026-06-19 23:59:59,608944.3638600,21071,6629803,304459.1393600
1781913600000,2026-06-20 00:00:00,0.0461300,0.0478400,0.0455200,0.0472200,13436558,1781999999999,2026-06-20 23:59:59,629641.5349500,21560,6159456,288308.5011900
1782000000000,2026-06-21 00:00:00,0.0472300,0.0476300,0.0459300,0.0461000,7892621,1782086399999,2026-06-21 23:59:59,370981.4156900,16657,4072861,191478.1523700
1782086400000,2026-06-22 00:00:00,0.0461300,0.0478700,0.0457400,0.0462900,12957613,1782172799999,2026-06-22 23:59:59,604710.2562100,22208,6036040,281431.6274200
1782172800000,2026-06-23 00:00:00,0.0462900,0.0464800,0.0434500,0.0445500,15627168,1782259199999,2026-06-23 23:59:59,699025.5808900,22884,7642828,341544.4399300
1782259200000,2026-06-24 00:00:00,0.0445700,0.0498000,0.0439000,0.0461800,169817295,1782345599999,2026-06-24 23:59:59,7926122.7563300,148422,83725788,3912067.6973100
1782345600000,2026-06-25 00:00:00,0.0461800,0.0476100,0.0426300,0.0445000,71151799,1782431999999,2026-06-25 23:59:59,3204836.8821300,63604,33456203,1507313.4221700
1782432000000,2026-06-26 00:00:00,0.0445000,0.0445900,0.0408600,0.0438600,51573645,1782518399999,2026-06-26 23:59:59,2204888.9126400,62971,25694676,1099620.4504700
1782518400000,2026-06-27 00:00:00,0.0438600,0.0455500,0.0433500,0.0440200,24039188,1782604799999,2026-06-27 23:59:59,1066696.1245100,34961,11829398,525341.3540700
1782604800000,2026-06-28 00:00:00,0.0440200,0.0468800,0.0439100,0.0463600,32533735,1782691199999,2026-06-28 23:59:59,1479052.9420600,50653,15776677,716879.2716200
1782691200000,2026-06-29 00:00:00,0.0463900,0.0473200,0.0449200,0.0463200,36809721,1782777599999,2026-06-29 23:59:59,1710724.1351100,52722,18260910,849370.4127500
1782777600000,2026-06-30 00:00:00,0.0463100,0.0577200,0.0455600,0.0465500,547498369,1782863999999,2026-06-30 23:59:59,28163820.6211700,448627,264330016,13603808.6555400
1782864000000,2026-07-01 00:00:00,0.0465800,0.0500000,0.0440500,0.0456700,190610365,1782950399999,2026-07-01 23:59:59,8745196.0881000,174259,89242438,4092314.9528500
1782950400000,2026-07-02 00:00:00,0.0456500,0.0456800,0.0440300,0.0447500,49415031,1783036799999,2026-07-02 23:59:59,2209672.5565400,62614,24076415,1076232.8356700
1783036800000,2026-07-03 00:00:00,0.0447300,0.0453700,0.0441900,0.0453000,24127394,1783123199999,2026-07-03 23:59:59,1077738.6462800,33055,11965854,534604.4276100
1783123200000,2026-07-04 00:00:00,0.0453100,0.0470900,0.0449700,0.0463800,38319073,1783209599999,2026-07-04 23:59:59,1770018.6168400,50447,18531957,856044.1971200
1783209600000,2026-07-05 00:00:00,0.0463500,0.0530000,0.0462600,0.0478700,316708503,1783295999999,2026-07-05 23:59:59,15587738.9787600,182209,153294687,7549662.9316900
1783296000000,2026-07-06 00:00:00,0.0478900,0.0488700,0.0450200,0.0468900,62555883,1783382399999,2026-07-06 23:59:59,2919128.3978500,66937,28476186,1330396.4473200
1783382400000,2026-07-07 00:00:00,0.0468700,0.0484200,0.0461700,0.0467900,59353786,1783468799999,2026-07-07 23:59:59,2818598.2180100,61943,29498792,1401109.2283700
1783468800000,2026-07-08 00:00:00,0.0468100,0.0485900,0.0450100,0.0480100,44133316,1783555199999,2026-07-08 23:59:59,2064741.1186600,48981,19970094,935139.4236200
1783555200000,2026-07-09 00:00:00,0.0480100,0.0483100,0.0471100,0.0483100,23654912,1783641599999,2026-07-09 23:59:59,1128517.3893400,33841,11905332,568223.7198900
1783641600000,2026-07-10 00:00:00,0.0483200,0.0505900,0.0479900,0.0491500,54381155,1783727999999,2026-07-10 23:59:59,2689986.4094900,68684,26452481,1308500.4396500
1783728000000,2026-07-11 00:00:00,0.0491400,0.0497100,0.0479700,0.0490800,16872714,1783814399999,2026-07-11 23:59:59,825212.8488500,23693,7716180,377327.4798400
1783814400000,2026-07-12 00:00:00,0.0490600,0.0497100,0.0481600,0.0483800,13926147,1783900799999,2026-07-12 23:59:59,682191.6880000,21636,6518878,319519.0848600
1783900800000,2026-07-13 00:00:00,0.0483200,0.0486800,0.0460600,0.0465000,20721624,1783987199999,2026-07-13 23:59:59,977332.7855500,25664,10042780,473286.7733200
1783987200000,2026-07-14 00:00:00,0.0464900,0.0477600,0.0457600,0.0474500,11905733,1784073599999,2026-07-14 23:59:59,556474.6612000,15636,6027898,281655.5296700
1784073600000,2026-07-15 00:00:00,0.0474400,0.0476400,0.0466400,0.0471500,14457789,1784159999999,2026-07-15 23:59:59,680423.9477900,18528,6967978,327893.8997700
1784160000000,2026-07-16 00:00:00,0.0471400,0.0475600,0.0463300,0.0464600,11715166,1784246399999,2026-07-16 23:59:59,550138.4665600,13581,5787860,271801.0462900
1784246400000,2026-07-17 00:00:00,0.0464600,0.0467600,0.0457600,0.0460700,12473034,1784332799999,2026-07-17 23:59:59,576370.9865500,15819,6540449,302323.5652400
1784332800000,2026-07-18 00:00:00,0.0460600,0.0474900,0.0457200,0.0468000,35658022,1784419199999,2026-07-18 23:59:59,1660609.0415000,32671,17292182,805660.6506200
1784419200000,2026-07-19 00:00:00,0.0468000,0.0498900,0.0463700,0.0479900,122773760,1784505599999,2026-07-19 23:59:59,5883486.2275700,99953,60799557,2914747.0164800
1784505600000,2026-07-20 00:00:00,0.0479900,0.0479900,0.0460100,0.0474700,24712276,1784591999999,2026-07-20 23:59:59,1161138.0997100,27947,11232942,527970.7625400
1784592000000,2026-07-21 00:00:00,0.0474600,0.0476400,0.0467500,0.0470400,15699849,1784678399999,2026-07-21 23:59:59,739935.4914400,17677,7042764,331952.5246200
1784678400000,2026-07-22 00:00:00,0.0470200,0.0470500,0.0462800,0.0467700,11820294,1784764799999,2026-07-22 23:59:59,552176.9508700,16308,5644199,263731.2886500
1784764800000,2026-07-23 00:00:00,0.0467900,0.0470700,0.0456200,0.0456800,12915601,1784851199999,2026-07-23 23:59:59,599769.0646400,12953,6389088,296873.2236700
1784851200000,2026-07-24 00:00:00,0.0456800,0.0460300,0.0442900,0.0445900,16241289,1784937599999,2026-07-24 23:59:59,734815.3523800,17976,8329311,377385.6987500
1784937600000,2026-07-25 00:00:00,0.0445900,0.0464300,0.0443600,0.0455400,38852398,1785023999999,2026-07-25 23:59:59,1767405.5449200,35619,19860571,903406.6070600
1785024000000,2026-07-26 00:00:00,0.0455400,0.0466300,0.0449800,0.0464200,16840898,1785110399999,2026-07-26 23:59:59,767778.2128100,16587,8303589,378922.2203200
1785110400000,2026-07-27 00:00:00,0.0464300,0.0464300,0.0428100,0.0430100,22722173,1785196799999,2026-07-27 23:59:59,1016870.3013800,24761,10041774,448413.0277100
1785196800000,2026-07-28 00:00:00,0.0430200,0.0437600,0.0420600,0.0433100,17341301,1785283199999,2026-07-28 23:59:59,740374.9599700,16306,8096452,345970.4865900
1785283200000,2026-07-29 00:00:00,0.0433200,0.0434900,0.0405900,0.0412600,18479238,1785369599999,2026-07-29 23:59:59,770430.9746000,16439,8967292,373809.4825700
1785369600000,2026-07-30 00:00:00,0.0412700,0.0422700,0.0409600,0.0418900,12506059,1785455999999,2026-07-30 23:59:59,522279.5118000,15014,6671663,278721.1341800
1785456000000,2026-07-31 00:00:00,0.0418900,0.0424000,0.0412900,0.0420100,12256929,1785542399999,2026-07-31 23:59:59,513701.6453600,14158,6418325,269055.3589200
1785542400000,2026-08-01 00:00:00,0.0420300,0.0431500,0.0414200,0.0417700,17238934,1785628799999,2026-08-01 23:59:59,731333.3861200,16881,8508476,360945.4583600
1785628800000,2026-08-02 00:00:00,0.0417900,0.0423900,0.0417500,0.0420500,7714153,1785715199999,2026-08-02 23:59:59,324681.5066700,8631,4571244,192403.8622700
1785715200000,2026-08-03 00:00:00,0.0420500,0.0422200,0.0409400,0.0418200,10004288,1785801599999,2026-08-03 23:59:59,416127.1151300,12965,5217262,217061.6149500
1785801600000,2026-08-04 00:00:00,0.0418000,0.0419400,0.0412600,0.0414100,9831457,1785887999999,2026-08-04 23:59:59,408986.6656800,11034,4730706,196858.5365700
1785888000000,2026-08-05 00:00:00,0.0414200,0.0422600,0.0413100,0.0415900,11345380,1785974399999,2026-08-05 23:59:59,473802.6335100,11941,5647059,236009.1333400
1785974400000,2026-08-06 00:00:00,0.0416100,0.0429600,0.0414500,0.0420000,15214744,1786060799999,2026-08-06 23:59:59,642802.9448400,17051,7612358,321546.8935800
1786060800000,2026-08-07 00:00:00,0.0420100,0.0435500,0.0419100,0.0421300,17171486,1786147199999,2026-08-07 23:59:59,731545.4014900,19370,9283556,395709.9552200
1786147200000,2026-08-08 00:00:00,0.0421500,0.0433200,0.0421300,0.0429600,7196761,1786233599999,2026-08-08 23:59:59,308382.0211900,11144,3931262,168433.8824700
1786233600000,2026-08-09 00:00:00,0.0429800,0.0436200,0.0428100,0.0429500,6778988,1786319999999,2026-08-09 23:59:59,293220.3307800,10704,3623613,156781.2490800
1786320000000,2026-08-10 00:00:00,0.0429400,0.0434500,0.0420900,0.0423400,7929805,1786406399999,2026-08-10 23:59:59,338875.9649300,10338,4086019,174531.3550400
1786406400000,2026-08-11 00:00:00,0.0423500,0.0425200,0.0408000,0.0414000,11474945,1786492799999,2026-08-11 23:59:59,478208.6100500,12591,5435083,226395.6916700
1786492800000,2026-08-12 00:00:00,0.0414300,0.0425100,0.0401600,0.0405200,16357757,1786579199999,2026-08-12 23:59:59,680990.4525200,19830,7624270,317332.4981400
1786579200000,2026-08-13 00:00:00,0.0405400,0.0429500,0.0404500,0.0426200,19637560,1786665599999,2026-08-13 23:59:59,819612.7876700,26279,10564898,441062.2364000
1786665600000,2026-08-14 00:00:00,0.0426300,0.0512300,0.0413000,0.0452100,165006900,1786751999999,2026-08-14 23:59:59,7425036.0953400,145197,81508913,3666572.4090300
1786752000000,2026-08-15 00:00:00,0.0451900,0.0524700,0.0431600,0.0498300,294744114,1786838399999,2026-08-15 23:59:59,13990398.5255700,275127,145280829,6901634.2218400
1786838400000,2026-08-16 00:00:00,0.0498400,0.0549100,0.0464600,0.0532400,740593723,1786924799999,2026-08-16 23:59:59,38130042.2189500,813101,366279213,18866257.2348700
1786924800000,2026-08-17 00:00:00,0.0532500,0.0643200,0.0515700,0.0547100,1104603658,1787011199999,2026-08-17 23:59:59,63751035.3584400,1140356,551161695,31797831.9571600
1787011200000,2026-08-18 00:00:00,0.0547000,0.0614000,0.0536000,0.0570500,429587207,1787097599999,2026-08-18 23:59:59,24639095.2296700,508242,207797617,11929205.0452700
1787097600000,2026-08-19 00:00:00,0.0570500,0.0644300,0.0561200,0.0605700,336785292,1787183999999,2026-08-19 23:59:59,20439220.2722300,425021,163738102,9945812.8067100
1787184000000,2026-08-20 00:00:00,0.0605800,0.1265000,0.0590800,0.0882000,3509092551,1787270399999,2026-08-20 23:59:59,327505616.5796000,4678129,1771713022,165311276.1484300
1787270400000,2026-08-21 00:00:00,0.0881900,0.1249900,0.0840900,0.1223600,874393169,1787356799999,2026-08-21 23:59:59,94975018.2747100,1265660,433790186,47173103.4550500
