open_time,open_time_dt,open,high,low,close,volume,close_time,close_time_dt,quote_volume,trades_count,taker_buy_base,taker_buy_quote
1722484800000,2024-08-01 04:00:00,25.41000000,25.50000000,24.92000000,25.34000000,261696.58000000,1722499199999,2024-08-01 07:59:59,6601464.93510000,18995,118974.42000000,3002972.80720000
1722499200000,2024-08-01 08:00:00,25.34000000,25.52000000,25.23000000,25.39000000,164217.60000000,1722513599999,2024-08-01 11:59:59,4162071.05930000,9331,72820.79000000,1845972.23330000
1722513600000,2024-08-01 12:00:00,25.39000000,25.70000000,24.46000000,24.60000000,515544.19000000,1722527999999,2024-08-01 15:59:59,12870690.08800000,33875,243740.67000000,6084934.82290000
1722528000000,2024-08-01 16:00:00,24.60000000,24.90000000,24.01000000,24.82000000,538415.55000000,1722542399999,2024-08-01 19:59:59,13141751.36890000,39322,289380.94000000,7064091.29510000
1722542400000,2024-08-01 20:00:00,24.82000000,25.80000000,24.70000000,25.71000000,330476.84000000,1722556799999,2024-08-01 23:59:59,8381742.80540000,20146,178220.37000000,4521040.58280000
1722556800000,2024-08-02 00:00:00,25.71000000,25.91000000,25.07000000,25.33000000,233014.08000000,1722571199999,2024-08-02 03:59:59,5944287.86630000,16934,109577.06000000,2796673.24250000
1722571200000,2024-08-02 04:00:00,25.34000000,25.41000000,24.61000000,25.00000000,173573.50000000,1722585599999,2024-08-02 07:59:59,4341537.32640000,17478,83553.69000000,2089258.93690000
1722585600000,2024-08-02 08:00:00,25.01000000,25.29000000,24.77000000,24.98000000,328344.08000000,1722599999999,2024-08-02 11:59:59,8226336.29770000,18271,155945.71000000,3905927.27320000
1722600000000,2024-08-02 12:00:00,24.97000000,25.33000000,23.45000000,24.13000000,801981.25000000,1722614399999,2024-08-02 15:59:59,19465056.84370000,61577,382243.11000000,9278640.64170000
1722614400000,2024-08-02 16:00:00,24.13000000,24.28000000,23.74000000,23.84000000,303482.38000000,1722628799999,2024-08-02 19:59:59,7293051.63160000,27248,142972.21000000,3437476.73210000
1722628800000,2024-08-02 20:00:00,23.84000000,24.01000000,23.35000000,23.60000000,394410.44000000,1722643199999,2024-08-02 23:59:59,9334397.87790000,28843,184916.73000000,4379687.57500000
1722643200000,2024-08-03 00:00:00,23.60000000,23.75000000,23.00000000,23.73000000,378529.79000000,1722657599999,2024-08-03 03:59:59,8866959.29160000,30120,174179.58000000,4079758.34960000
1722657600000,2024-08-03 04:00:00,23.72000000,23.86000000,23.62000000,23.73000000,168060.76000000,1722671999999,2024-08-03 07:59:59,3992261.29650000,10512,82201.96000000,1953308.80070000
1722672000000,2024-08-03 08:00:00,23.73000000,24.14000000,23.48000000,23.94000000,231253.82000000,1722686399999,2024-08-03 11:59:59,5498670.63300000,16229,119046.94000000,2830937.52090000
1722686400000,2024-08-03 12:00:00,23.94000000,24.15000000,23.35000000,23.35000000,235646.11000000,1722700799999,2024-08-03 15:59:59,5620970.81260000,16820,106084.06000000,2531898.58270000
1722700800000,2024-08-03 16:00:00,23.35000000,23.40000000,22.38000000,22.48000000,541889.02000000,1722715199999,2024-08-03 19:59:59,12342408.12430000,34829,247806.44000000,5645409.13060000
1722715200000,2024-08-03 20:00:00,22.47000000,22.81000000,22.20000000,22.67000000,295453.33000000,1722729599999,2024-08-03 23:59:59,6648523.78370000,15404,141225.06000000,3178358.04910000
1722729600000,2024-08-04 00:00:00,22.68000000,22.96000000,22.48000000,22.82000000,143077.40000000,1722743999999,2024-08-04 03:59:59,3251925.41660000,8442,71546.99000000,1625839.70000000
1722744000000,2024-08-04 04:00:00,22.82000000,22.91000000,22.56000000,22.59000000,101815.33000000,1722758399999,2024-08-04 07:59:59,2318953.26940000,6470,38569.63000000,878389.17170000
1722758400000,2024-08-04 08:00:00,22.59000000,22.76000000,22.33000000,22.54000000,168479.50000000,1722772799999,2024-08-04 11:59:59,3797188.47540000,10084,90988.82000000,2050392.46560000
1722772800000,2024-08-04 12:00:00,22.53000000,22.67000000,21.56000000,21.59000000,489398.30000000,1722787199999,2024-08-04 15:59:59,10783241.33020000,29098,196180.75000000,4322189.53800000
1722787200000,2024-08-04 16:00:00,21.59000000,22.00000000,20.58000000,21.83000000,888359.97000000,1722801599999,2024-08-04 19:59:59,18882355.79660000,46915,423680.03000000,9024455.64970000
1722801600000,2024-08-04 20:00:00,21.82000000,22.09000000,21.20000000,21.25000000,290728.87000000,1722815999999,2024-08-04 23:59:59,6304636.46660000,15375,146263.38000000,3173064.20270000
1722816000000,2024-08-05 00:00:00,21.26000000,21.38000000,18.14000000,18.65000000,2481173.57000000,1722830399999,2024-08-05 03:59:59,47929490.84200000,115848,1174978.48000000,22685588.12000000
1722830400000,2024-08-05 04:00:00,18.65000000,19.30000000,17.29000000,19.04000000,2567085.07000000,1722844799999,2024-08-05 07:59:59,47473469.79370000,122553,1227813.54000000,22688756.42510000
1722844800000,2024-08-05 08:00:00,19.04000000,19.10000000,17.55000000,18.23000000,1138545.95000000,1722859199999,2024-08-05 11:59:59,20881189.47600000,70685,564928.25000000,10356547.86590000
1722859200000,2024-08-05 12:00:00,18.22000000,19.79000000,17.43000000,19.74000000,2270966.29000000,1722873599999,2024-08-05 15:59:59,42261942.99560000,102052,1141507.19000000,21265470.14910000
1722873600000,2024-08-05 16:00:00,19.74000000,20.23000000,19.17000000,19.39000000,782126.52000000,1722887999999,2024-08-05 19:59:59,15425431.65000000,39433,359957.69000000,7100889.58160000
1722888000000,2024-08-05 20:00:00,19.39000000,20.02000000,19.37000000,19.54000000,430634.18000000,1722902399999,2024-08-05 23:59:59,8478719.07080000,20926,213280.82000000,4198555.76660000
1722902400000,2024-08-06 00:00:00,19.54000000,20.85000000,19.51000000,20.42000000,472462.73000000,1722916799999,2024-08-06 03:59:59,9649180.91510000,25141,256405.55000000,5240886.35360000
1722916800000,2024-08-06 04:00:00,20.42000000,21.07000000,20.28000000,21.03000000,414777.80000000,1722931199999,2024-08-06 07:59:59,8597252.46270000,22728,233857.74000000,4847890.00410000
1722931200000,2024-08-06 08:00:00,21.03000000,21.06000000,20.29000000,20.45000000,448403.64000000,1722945599999,2024-08-06 11:59:59,9198064.72430000,20709,224182.63000000,4598911.95430000
1722945600000,2024-08-06 12:00:00,20.44000000,21.26000000,20.03000000,21.11000000,662494.90000000,1722959999999,2024-08-06 15:59:59,13728684.09140000,37443,333421.50000000,6905114.21800000
1722960000000,2024-08-06 16:00:00,21.11000000,21.46000000,21.02000000,21.13000000,395882.48000000,1722974399999,2024-08-06 19:59:59,8410628.73700000,24012,185056.54000000,3932455.36660000
1722974400000,2024-08-06 20:00:00,21.12000000,21.37000000,20.77000000,20.89000000,293228.27000000,1722988799999,2024-08-06 23:59:59,6165472.63970000,18021,121670.29000000,2559327.82250000
1722988800000,2024-08-07 00:00:00,20.88000000,21.47000000,20.57000000,21.22000000,362261.92000000,1723003199999,2024-08-07 03:59:59,7633006.50490000,24094,184818.29000000,3899412.65780000
1723003200000,2024-08-07 04:00:00,21.21000000,21.70000000,21.07000000,21.24000000,314064.59000000,1723017599999,2024-08-07 07:59:59,6723708.21260000,17554,153824.86000000,3294129.32440000
1723017600000,2024-08-07 08:00:00,21.24000000,21.53000000,20.91000000,20.95000000,294949.20000000,1723031999999,2024-08-07 11:59:59,6261057.84510000,17389,153736.08000000,3265015.74160000
1723032000000,2024-08-07 12:00:00,20.95000000,21.14000000,20.11000000,20.42000000,494038.42000000,1723046399999,2024-08-07 15:59:59,10200463.68140000,27824,251953.95000000,5210277.05110000
1723046400000,2024-08-07 16:00:00,20.41000000,20.47000000,19.84000000,20.00000000,328312.03000000,1723060799999,2024-08-07 19:59:59,6608988.32290000,20597,147555.44000000,2971692.51860000
1723060800000,2024-08-07 20:00:00,19.99000000,20.16000000,19.71000000,19.85000000,392006.37000000,1723075199999,2024-08-07 23:59:59,7821535.88780000,22825,190051.01000000,3792876.13990000
1723075200000,2024-08-08 00:00:00,19.86000000,20.94000000,19.52000000,20.66000000,480008.18000000,1723089599999,2024-08-08 03:59:59,9760804.02200000,22111,254451.84000000,5171116.50920000
1723089600000,2024-08-08 04:00:00,20.65000000,20.85000000,20.57000000,20.58000000,163204.01000000,1723103999999,2024-08-08 07:59:59,3381769.49890000,10144,88074.30000000,1825078.39070000
1723104000000,2024-08-08 08:00:00,20.58000000,20.71000000,20.48000000,20.57000000,192516.71000000,1723118399999,2024-08-08 11:59:59,3964716.93610000,10582,81653.96000000,1682312.89420000
1723118400000,2024-08-08 12:00:00,20.57000000,21.96000000,20.40000000,21.96000000,720592.77000000,1723132799999,2024-08-08 15:59:59,15279702.58800000,38254,367639.28000000,7802342.46470000
1723132800000,2024-08-08 16:00:00,21.96000000,22.23000000,21.62000000,21.68000000,405402.70000000,1723147199999,2024-08-08 19:59:59,8908377.93720000,24824,183757.89000000,4039892.09980000
1723147200000,2024-08-08 20:00:00,21.67000000,22.80000000,21.66000000,22.73000000,436555.19000000,1723161599999,2024-08-08 23:59:59,9726817.51480000,27303,223149.56000000,4965563.29810000
1723161600000,2024-08-09 00:00:00,22.73000000,22.80000000,22.19000000,22.20000000,218375.19000000,1723175999999,2024-08-09 03:59:59,4919438.68530000,16335,87459.69000000,1970234.54610000
1723176000000,2024-08-09 04:00:00,22.19000000,22.19000000,21.62000000,21.83000000,358796.00000000,1723190399999,2024-08-09 07:59:59,7846210.27810000,19629,164200.51000000,3589925.71210000
1723190400000,2024-08-09 08:00:00,21.82000000,21.94000000,21.49000000,21.74000000,411878.18000000,1723204799999,2024-08-09 11:59:59,8943355.94050000,21688,188527.94000000,4094683.03010000
1723204800000,2024-08-09 12:00:00,21.73000000,21.96000000,21.29000000,21.37000000,312904.16000000,1723219199999,2024-08-09 15:59:59,6754383.30830000,25167,134905.41000000,2913281.35340000
1723219200000,2024-08-09 16:00:00,21.37000000,21.68000000,21.33000000,21.49000000,181729.67000000,1723233599999,2024-08-09 19:59:59,3903678.15650000,13851,93897.99000000,2018015.86420000
1723233600000,2024-08-09 20:00:00,21.48000000,21.81000000,21.39000000,21.74000000,224816.32000000,1723247999999,2024-08-09 23:59:59,4859032.29480000,14089,115715.75000000,2501244.79600000
1723248000000,2024-08-10 00:00:00,21.75000000,22.05000000,21.51000000,21.59000000,230931.21000000,1723262399999,2024-08-10 03:59:59,5015041.77800000,15187,109813.51000000,2385589.43880000
1723262400000,2024-08-10 04:00:00,21.59000000,21.69000000,21.40000000,21.67000000,89040.45000000,1723276799999,2024-08-10 07:59:59,1917518.62760000,6740,42377.13000000,912986.92320000
1723276800000,2024-08-10 08:00:00,21.68000000,21.80000000,21.55000000,21.79000000,88514.91000000,1723291199999,2024-08-10 11:59:59,1919822.66890000,7163,43744.78000000,949052.98710000
1723291200000,2024-08-10 12:00:00,21.80000000,21.90000000,21.55000000,21.70000000,174668.91000000,1723305599999,2024-08-10 15:59:59,3794734.18950000,10459,92530.12000000,2009814.19380000
1723305600000,2024-08-10 16:00:00,21.70000000,21.82000000,21.61000000,21.63000000,165969.73000000,1723319999999,2024-08-10 19:59:59,3601914.63080000,9190,83020.00000000,1802020.34690000
1723320000000,2024-08-10 20:00:00,21.63000000,21.77000000,21.51000000,21.59000000,80687.27000000,1723334399999,2024-08-10 23:59:59,1747429.28840000,5972,40699.69000000,881624.11510000
1723334400000,2024-08-11 00:00:00,21.59000000,22.18000000,21.54000000,21.99000000,135933.47000000,1723348799999,2024-08-11 03:59:59,2970129.07800000,10382,71942.81000000,1570887.23420000
1723348800000,2024-08-11 04:00:00,21.98000000,22.14000000,21.82000000,22.07000000,146369.55000000,1723363199999,2024-08-11 07:59:59,3222601.17810000,10802,72029.94000000,1586071.44040000
1723363200000,2024-08-11 08:00:00,22.08000000,22.37000000,21.69000000,21.78000000,244891.38000000,1723377599999,2024-08-11 11:59:59,5403093.75910000,16706,115214.30000000,2542108.77040000
1723377600000,2024-08-11 12:00:00,21.77000000,21.79000000,21.17000000,21.30000000,255738.86000000,1723391999999,2024-08-11 15:59:59,5485109.26480000,18755,134076.66000000,2877069.68360000
1723392000000,2024-08-11 16:00:00,21.30000000,21.31000000,20.82000000,20.85000000,233431.76000000,1723406399999,2024-08-11 19:59:59,4922345.09850000,14704,120963.80000000,2551413.30470000
1723406400000,2024-08-11 20:00:00,20.84000000,20.85000000,20.39000000,20.40000000,300167.02000000,1723420799999,2024-08-11 23:59:59,6177241.12750000,19647,141135.73000000,2904164.11640000
1723420800000,2024-08-12 00:00:00,20.40000000,20.76000000,20.30000000,20.69000000,174747.97000000,1723435199999,2024-08-12 03:59:59,3591347.75270000,12829,86999.08000000,1788057.78410000
1723435200000,2024-08-12 04:00:00,20.68000000,21.11000000,20.45000000,21.05000000,202783.53000000,1723449599999,2024-08-12 07:59:59,4208435.35780000,13874,96250.23000000,2001728.08930000
1723449600000,2024-08-12 08:00:00,21.06000000,21.58000000,20.91000000,21.53000000,286218.82000000,1723463999999,2024-08-12 11:59:59,6081158.64170000,20358,150385.48000000,3196411.25630000
1723464000000,2024-08-12 12:00:00,21.53000000,21.71000000,20.60000000,21.36000000,617169.61000000,1723478399999,2024-08-12 15:59:59,13134627.37730000,42901,298369.10000000,6351206.46320000
1723478400000,2024-08-12 16:00:00,21.36000000,21.43000000,20.80000000,21.04000000,250341.11000000,1723492799999,2024-08-12 19:59:59,5292472.64090000,20240,116502.68000000,2464237.57330000
1723492800000,2024-08-12 20:00:00,21.05000000,21.36000000,20.67000000,21.26000000,297000.71000000,1723507199999,2024-08-12 23:59:59,6240882.32960000,18372,120663.27000000,2540079.02900000
1723507200000,2024-08-13 00:00:00,21.27000000,21.35000000,20.79000000,20.85000000,204766.83000000,1723521599999,2024-08-13 03:59:59,4323835.19610000,15963,93656.39000000,1978860.33340000
1723521600000,2024-08-13 04:00:00,20.85000000,21.11000000,20.72000000,20.99000000,115289.76000000,1723535999999,2024-08-13 07:59:59,2418014.92700000,9885,58670.85000000,1230463.25190000
1723536000000,2024-08-13 08:00:00,20.99000000,21.01000000,20.60000000,20.85000000,194632.86000000,1723550399999,2024-08-13 11:59:59,4040629.84070000,11831,97379.39000000,2021131.28700000
1723550400000,2024-08-13 12:00:00,20.86000000,21.09000000,20.75000000,21.04000000,295786.34000000,1723564799999,2024-08-13 15:59:59,6190334.43480000,22016,180994.31000000,3787644.14110000
1723564800000,2024-08-13 16:00:00,21.04000000,21.62000000,21.02000000,21.35000000,365790.42000000,1723579199999,2024-08-13 19:59:59,7833128.96220000,27357,164485.47000000,3521831.69920000
1723579200000,2024-08-13 20:00:00,21.35000000,21.54000000,21.21000000,21.37000000,193554.09000000,1723593599999,2024-08-13 23:59:59,4139644.47670000,11518,82028.75000000,1755154.11640000
1723593600000,2024-08-14 00:00:00,21.38000000,21.48000000,21.18000000,21.30000000,114661.80000000,1723607999999,2024-08-14 03:59:59,2446274.05370000,10929,54530.14000000,1163524.60570000
1723608000000,2024-08-14 04:00:00,21.31000000,21.46000000,21.16000000,21.29000000,112902.67000000,1723622399999,2024-08-14 07:59:59,2405544.88030000,9573,51039.66000000,1087700.04240000
1723622400000,2024-08-14 08:00:00,21.30000000,21.69000000,21.19000000,21.57000000,254591.78000000,1723636799999,2024-08-14 11:59:59,5463270.95900000,14717,139478.66000000,2994080.62170000
1723636800000,2024-08-14 12:00:00,21.57000000,21.87000000,20.77000000,21.29000000,492295.71000000,1723651199999,2024-08-14 15:59:59,10515042.36300000,41526,233021.19000000,4974841.47450000
1723651200000,2024-08-14 16:00:00,21.29000000,21.42000000,20.97000000,21.09000000,176052.20000000,1723665599999,2024-08-14 19:59:59,3725805.99520000,15032,86854.23000000,1839586.65390000
1723665600000,2024-08-14 20:00:00,21.08000000,21.14000000,20.83000000,20.95000000,88583.50000000,1723679999999,2024-08-14 23:59:59,1859296.86260000,8663,39922.22000000,837690.23540000
1723680000000,2024-08-15 00:00:00,20.95000000,21.15000000,20.74000000,20.95000000,169182.67000000,1723694399999,2024-08-15 03:59:59,3537429.31770000,13749,98304.28000000,2055409.51820000
1723694400000,2024-08-15 04:00:00,20.95000000,21.00000000,20.53000000,20.96000000,297436.25000000,1723708799999,2024-08-15 07:59:59,6169897.09560000,17198,162894.21000000,3377491.27750000
1723708800000,2024-08-15 08:00:00,20.96000000,21.14000000,20.79000000,21.08000000,153029.03000000,1723723199999,2024-08-15 11:59:59,3208059.68130000,14036,73298.59000000,1536970.10160000
1723723200000,2024-08-15 12:00:00,21.08000000,21.14000000,20.77000000,20.92000000,449836.40000000,1723737599999,2024-08-15 15:59:59,9424775.09890000,37691,244978.80000000,5130844.85150000
1723737600000,2024-08-15 16:00:00,20.92000000,21.00000000,19.83000000,20.06000000,570922.24000000,1723751999999,2024-08-15 19:59:59,11531192.97960000,49800,297021.75000000,6000300.84880000
1723752000000,2024-08-15 20:00:00,20.05000000,20.26000000,19.85000000,20.14000000,251478.91000000,1723766399999,2024-08-15 23:59:59,5036680.11080000,23105,137386.43000000,2751883.33490000
1723766400000,2024-08-16 00:00:00,20.14000000,20.48000000,20.02000000,20.20000000,126081.85000000,1723780799999,2024-08-16 03:59:59,2547937.67760000,17112,60471.95000000,1222877.03050000
1723780800000,2024-08-16 04:00:00,20.19000000,20.61000000,20.16000000,20.54000000,90723.35000000,1723795199999,2024-08-16 07:59:59,1852490.28270000,12054,47813.09000000,976136.65820000
1723795200000,2024-08-16 08:00:00,20.55000000,20.58000000,20.27000000,20.32000000,112190.00000000,1723809599999,2024-08-16 11:59:59,2291926.27160000,12290,56177.95000000,1147482.19330000
1723809600000,2024-08-16 12:00:00,20.33000000,20.42000000,19.78000000,19.95000000,436697.92000000,1723823999999,2024-08-16 15:59:59,8763802.06430000,36760,208179.17000000,4180062.68260000
1723824000000,2024-08-16 16:00:00,19.95000000,20.46000000,19.94000000,20.41000000,291629.04000000,1723838399999,2024-08-16 19:59:59,5911759.50590000,28880,135611.26000000,2748908.94170000
1723838400000,2024-08-16 20:00:00,20.42000000,20.72000000,20.35000000,20.36000000,235633.69000000,1723852799999,2024-08-16 23:59:59,4840679.70340000,13134,122299.80000000,2513529.40270000
1723852800000,2024-08-17 00:00:00,20.36000000,20.54000000,20.23000000,20.43000000,82357.58000000,1723867199999,2024-08-17 03:59:59,1678028.29300000,8298,33263.72000000,677838.20580000
1723867200000,2024-08-17 04:00:00,20.43000000,20.60000000,20.39000000,20.57000000,68740.37000000,1723881599999,2024-08-17 07:59:59,1410598.46510000,6758,25201.51000000,517248.80190000
1723881600000,2024-08-17 08:00:00,20.57000000,20.59000000,20.37000000,20.48000000,69185.29000000,1723895999999,2024-08-17 11:59:59,1417355.60040000,10057,29991.79000000,614450.46520000
1723896000000,2024-08-17 12:00:00,20.48000000,20.65000000,20.35000000,20.47000000,202435.49000000,1723910399999,2024-08-17 15:59:59,4149394.96890000,14064,100103.34000000,2053244.81310000
1723910400000,2024-08-17 16:00:00,20.48000000,20.68000000,20.46000000,20.57000000,84933.92000000,1723924799999,2024-08-17 19:59:59,1747709.09840000,8903,51372.28000000,1057465.53280000
1723924800000,2024-08-17 20:00:00,20.57000000,20.71000000,20.50000000,20.70000000,87344.05000000,1723939199999,2024-08-17 23:59:59,1797463.73300000,7030,46106.56000000,949223.97410000
1723939200000,2024-08-18 00:00:00,20.70000000,20.87000000,20.55000000,20.62000000,98225.82000000,1723953599999,2024-08-18 03:59:59,2036331.14620000,11101,45641.26000000,946133.35620000
1723953600000,2024-08-18 04:00:00,20.61000000,20.93000000,20.56000000,20.74000000,139867.20000000,1723967999999,2024-08-18 07:59:59,2900190.85510000,10845,51924.28000000,1077121.96780000
1723968000000,2024-08-18 08:00:00,20.74000000,21.07000000,20.69000000,21.02000000,188673.69000000,1723982399999,2024-08-18 11:59:59,3942406.47690000,16488,112380.23000000,2348262.77010000
1723982400000,2024-08-18 12:00:00,21.03000000,21.40000000,20.97000000,21.22000000,251189.39000000,1723996799999,2024-08-18 15:59:59,5328598.78120000,23589,121068.13000000,2568075.72370000
1723996800000,2024-08-18 16:00:00,21.23000000,21.35000000,21.02000000,21.35000000,176236.64000000,1724011199999,2024-08-18 19:59:59,3738089.84790000,15882,72299.06000000,1534420.06240000
1724011200000,2024-08-18 20:00:00,21.35000000,21.51000000,20.75000000,20.82000000,226095.42000000,1724025599999,2024-08-18 23:59:59,4789325.81400000,23710,102582.50000000,2172272.56970000
1724025600000,2024-08-19 00:00:00,20.83000000,20.96000000,20.65000000,20.89000000,148319.85000000,1724039999999,2024-08-19 03:59:59,3081675.26700000,17160,80546.90000000,1674115.83890000
1724040000000,2024-08-19 04:00:00,20.89000000,20.90000000,20.56000000,20.68000000,176541.97000000,1724054399999,2024-08-19 07:59:59,3651176.94500000,12836,81587.02000000,1688115.64080000
1724054400000,2024-08-19 08:00:00,20.68000000,20.85000000,20.49000000,20.72000000,180297.52000000,1724068799999,2024-08-19 11:59:59,3728502.73500000,16492,106037.98000000,2193991.17330000
1724068800000,2024-08-19 12:00:00,20.71000000,20.83000000,20.38000000,20.58000000,204023.32000000,1724083199999,2024-08-19 15:59:59,4203429.54620000,20631,108489.93000000,2235653.15280000
1724083200000,2024-08-19 16:00:00,20.58000000,21.05000000,20.44000000,20.83000000,232358.81000000,1724097599999,2024-08-19 19:59:59,4823313.48660000,21868,132185.11000000,2743190.12800000
1724097600000,2024-08-19 20:00:00,20.83000000,21.25000000,20.77000000,21.21000000,138356.29000000,1724111999999,2024-08-19 23:59:59,2905323.55630000,13379,63374.83000000,1330618.72640000
1724112000000,2024-08-20 00:00:00,21.22000000,21.81000000,21.16000000,21.80000000,324359.73000000,1724126399999,2024-08-20 03:59:59,6999883.84520000,30605,151351.44000000,3265601.82070000
1724126400000,2024-08-20 04:00:00,21.80000000,22.09000000,21.71000000,22.08000000,369572.57000000,1724140799999,2024-08-20 07:59:59,8092161.41620000,25636,176719.47000000,3870478.11700000
1724140800000,2024-08-20 08:00:00,22.08000000,22.16000000,21.88000000,21.99000000,268454.74000000,1724155199999,2024-08-20 11:59:59,5914786.46600000,20847,105096.33000000,2316352.40050000
1724155200000,2024-08-20 12:00:00,21.99000000,22.23000000,21.47000000,21.78000000,512530.84000000,1724169599999,2024-08-20 15:59:59,11239342.37230000,45015,213683.11000000,4688907.04140000
1724169600000,2024-08-20 16:00:00,21.78000000,22.66000000,21.75000000,22.56000000,487525.86000000,1724183999999,2024-08-20 19:59:59,10861438.37400000,39573,229458.04000000,5112924.35400000
1724184000000,2024-08-20 20:00:00,22.57000000,22.79000000,22.22000000,22.26000000,295071.90000000,1724198399999,2024-08-20 23:59:59,6646384.14540000,26010,129092.66000000,2908814.03080000
1724198400000,2024-08-21 00:00:00,22.26000000,23.19000000,22.25000000,23.19000000,277513.80000000,1724212799999,2024-08-21 03:59:59,6295701.00310000,25290,169302.95000000,3842688.12490000
1724212800000,2024-08-21 04:00:00,23.20000000,23.59000000,22.94000000,23.30000000,464050.83000000,1724227199999,2024-08-21 07:59:59,10820974.32050000,43136,228560.39000000,5331552.64200000
1724227200000,2024-08-21 08:00:00,23.29000000,23.41000000,22.85000000,22.89000000,299200.89000000,1724241599999,2024-08-21 11:59:59,6886565.52880000,33180,143731.51000000,3308079.15910000
1724241600000,2024-08-21 12:00:00,22.88000000,23.48000000,22.80000000,23.10000000,488887.85000000,1724255999999,2024-08-21 15:59:59,11276151.96340000,55328,231753.18000000,5348478.10680000
1724256000000,2024-08-21 16:00:00,23.09000000,23.66000000,22.98000000,23.63000000,338088.68000000,1724270399999,2024-08-21 19:59:59,7906666.80220000,47110,178078.64000000,4168146.77990000
1724270400000,2024-08-21 20:00:00,23.62000000,23.80000000,23.42000000,23.53000000,245572.01000000,1724284799999,2024-08-21 23:59:59,5797763.78760000,28573,126341.08000000,2983012.19030000
1724284800000,2024-08-22 00:00:00,23.53000000,23.67000000,23.05000000,23.23000000,188492.81000000,1724299199999,2024-08-22 03:59:59,4406066.78030000,24802,88076.85000000,2058559.58130000
1724299200000,2024-08-22 04:00:00,23.23000000,23.56000000,23.15000000,23.26000000,234089.10000000,1724313599999,2024-08-22 07:59:59,5460919.38660000,19996,129727.18000000,3027129.24100000
1724313600000,2024-08-22 08:00:00,23.25000000,23.57000000,23.19000000,23.54000000,117754.85000000,1724327999999,2024-08-22 11:59:59,2752509.80230000,15609,59173.89000000,1383473.74200000
1724328000000,2024-08-22 12:00:00,23.53000000,25.35000000,23.52000000,24.61000000,1364315.31000000,1724342399999,2024-08-22 15:59:59,33572006.50110000,124971,679938.96000000,16732635.49560000
1724342400000,2024-08-22 16:00:00,24.61000000,24.63000000,24.09000000,24.47000000,314120.91000000,1724356799999,2024-08-22 19:59:59,7660070.07610000,35186,152805.78000000,3727466.80810000
1724356800000,2024-08-22 20:00:00,24.47000000,25.31000000,24.47000000,25.22000000,232962.14000000,1724371199999,2024-08-22 23:59:59,5803598.14400000,29488,134777.10000000,3359875.22960000
1724371200000,2024-08-23 00:00:00,25.22000000,26.63000000,25.22000000,26.46000000,673468.80000000,1724385599999,2024-08-23 03:59:59,17580294.10230000,83279,362462.73000000,9462312.18150000
1724385600000,2024-08-23 04:00:00,26.46000000,26.56000000,25.65000000,25.76000000,511099.11000000,1724399999999,2024-08-23 07:59:59,13261008.12010000,62894,238606.09000000,6188717.72440000
1724400000000,2024-08-23 08:00:00,25.76000000,26.31000000,25.76000000,26.08000000,350962.76000000,1724414399999,2024-08-23 11:59:59,9150435.74530000,45899,179407.96000000,4676968.43130000
1724414400000,2024-08-23 12:00:00,26.08000000,26.85000000,25.86000000,26.12000000,824634.62000000,1724428799999,2024-08-23 15:59:59,21724392.98000000,100638,374377.84000000,9874116.58190000
1724428800000,2024-08-23 16:00:00,26.13000000,26.81000000,26.04000000,26.70000000,524403.91000000,1724443199999,2024-08-23 19:59:59,13872875.70920000,64437,284441.04000000,7530014.69840000
1724443200000,2024-08-23 20:00:00,26.71000000,27.01000000,26.47000000,26.49000000,504411.36000000,1724457599999,2024-08-23 23:59:59,13487538.79930000,50567,242485.93000000,6486458.33640000
1724457600000,2024-08-24 00:00:00,26.50000000,26.58000000,26.19000000,26.25000000,220312.70000000,1724471999999,2024-08-24 03:59:59,5811865.41390000,22686,90365.93000000,2386028.81780000
1724472000000,2024-08-24 04:00:00,26.24000000,26.69000000,26.21000000,26.63000000,252127.94000000,1724486399999,2024-08-24 07:59:59,6653414.98990000,22513,141924.08000000,3745700.48680000
1724486400000,2024-08-24 08:00:00,26.62000000,27.71000000,26.46000000,27.49000000,475040.79000000,1724500799999,2024-08-24 11:59:59,12885449.30580000,46841,239090.94000000,6486989.35310000
1724500800000,2024-08-24 12:00:00,27.49000000,27.82000000,27.20000000,27.76000000,519475.97000000,1724515199999,2024-08-24 15:59:59,14311842.33830000,51769,239404.70000000,6597872.16870000
1724515200000,2024-08-24 16:00:00,27.76000000,28.00000000,27.41000000,27.45000000,449956.23000000,1724529599999,2024-08-24 19:59:59,12460674.66570000,45553,200290.92000000,5547722.36690000
1724529600000,2024-08-24 20:00:00,27.45000000,27.54000000,26.76000000,27.11000000,412804.00000000,1724543999999,2024-08-24 23:59:59,11182565.89160000,36763,175853.72000000,4765615.03420000
1724544000000,2024-08-25 00:00:00,27.12000000,27.18000000,26.50000000,26.94000000,332200.63000000,1724558399999,2024-08-25 03:59:59,8917282.41370000,31993,165893.68000000,4452081.15490000
1724558400000,2024-08-25 04:00:00,26.94000000,27.10000000,26.13000000,26.29000000,420047.81000000,1724572799999,2024-08-25 07:59:59,11185649.27090000,37751,181434.59000000,4837446.67010000
1724572800000,2024-08-25 08:00:00,26.28000000,26.66000000,26.14000000,26.62000000,268315.61000000,1724587199999,2024-08-25 11:59:59,7090507.82860000,26860,121356.73000000,3208492.32640000
1724587200000,2024-08-25 12:00:00,26.62000000,27.18000000,26.49000000,27.04000000,294481.63000000,1724601599999,2024-08-25 15:59:59,7919943.01740000,26969,157080.69000000,4226222.25100000
1724601600000,2024-08-25 16:00:00,27.04000000,27.26000000,26.81000000,26.94000000,329548.02000000,1724615999999,2024-08-25 19:59:59,8904426.50840000,28280,165702.38000000,4478438.39590000
1724616000000,2024-08-25 20:00:00,26.95000000,27.68000000,26.86000000,26.92000000,375942.09000000,1724630399999,2024-08-25 23:59:59,10271075.50880000,32954,196695.76000000,5377488.04390000
1724630400000,2024-08-26 00:00:00,26.93000000,27.20000000,26.33000000,26.86000000,331604.75000000,1724644799999,2024-08-26 03:59:59,8858463.71910000,29213,150498.36000000,4021006.84800000
1724644800000,2024-08-26 04:00:00,26.86000000,27.12000000,26.61000000,26.81000000,274450.59000000,1724659199999,2024-08-26 07:59:59,7380774.74310000,26465,143052.61000000,3848209.22890000
1724659200000,2024-08-26 08:00:00,26.81000000,27.09000000,26.56000000,26.86000000,300927.44000000,1724673599999,2024-08-26 11:59:59,8098562.08600000,30407,153553.45000000,4131625.02700000
1724673600000,2024-08-26 12:00:00,26.86000000,26.92000000,26.25000000,26.54000000,400748.78000000,1724687999999,2024-08-26 15:59:59,10621639.90350000,44268,202608.13000000,5369740.72610000
1724688000000,2024-08-26 16:00:00,26.54000000,26.74000000,26.16000000,26.28000000,358475.38000000,1724702399999,2024-08-26 19:59:59,9482480.45740000,36328,171519.34000000,4537619.58420000
1724702400000,2024-08-26 20:00:00,26.27000000,26.47000000,25.89000000,25.94000000,269899.35000000,1724716799999,2024-08-26 23:59:59,7051015.10710000,24427,123207.48000000,3217945.85660000
1724716800000,2024-08-27 00:00:00,25.94000000,26.38000000,25.94000000,26.29000000,218190.40000000,1724731199999,2024-08-27 03:59:59,5716370.91060000,22885,98333.09000000,2575772.74660000
1724731200000,2024-08-27 04:00:00,26.30000000,26.81000000,26.18000000,26.57000000,220233.93000000,1724745599999,2024-08-27 07:59:59,5844623.14390000,26312,105525.10000000,2800942.63130000
1724745600000,2024-08-27 08:00:00,26.56000000,26.66000000,25.52000000,25.76000000,334690.49000000,1724759999999,2024-08-27 11:59:59,8686554.51080000,38571,171599.84000000,4456225.84420000
1724760000000,2024-08-27 12:00:00,25.76000000,25.80000000,25.27000000,25.33000000,393193.51000000,1724774399999,2024-08-27 15:59:59,10045546.72320000,44973,189072.61000000,4831617.76420000
1724774400000,2024-08-27 16:00:00,25.32000000,25.82000000,25.19000000,25.57000000,265599.26000000,1724788799999,2024-08-27 19:59:59,6771366.44500000,29854,150109.35000000,3829841.61750000
1724788800000,2024-08-27 20:00:00,25.56000000,25.58000000,23.66000000,24.09000000,768317.51000000,1724803199999,2024-08-27 23:59:59,18748200.02510000,77083,370056.30000000,9019397.56800000
1724803200000,2024-08-28 00:00:00,24.08000000,24.26000000,23.59000000,24.23000000,319768.30000000,1724817599999,2024-08-28 03:59:59,7629060.89930000,31404,178593.85000000,4261994.16510000
1724817600000,2024-08-28 04:00:00,24.22000000,24.27000000,23.60000000,23.63000000,245733.08000000,1724831999999,2024-08-28 07:59:59,5892049.59490000,27845,117062.95000000,2807091.03070000
1724832000000,2024-08-28 08:00:00,23.63000000,24.84000000,23.47000000,24.68000000,470065.58000000,1724846399999,2024-08-28 11:59:59,11414644.13020000,52635,265713.20000000,6448820.07210000
1724846400000,2024-08-28 12:00:00,24.68000000,24.83000000,23.60000000,23.87000000,427535.62000000,1724860799999,2024-08-28 15:59:59,10343560.39190000,54016,209473.36000000,5066743.08780000
1724860800000,2024-08-28 16:00:00,23.87000000,24.26000000,23.19000000,23.81000000,549904.45000000,1724875199999,2024-08-28 19:59:59,13053288.24940000,67362,283156.54000000,6721646.73770000
1724875200000,2024-08-28 20:00:00,23.81000000,24.15000000,23.22000000,23.45000000,414010.80000000,1724889599999,2024-08-28 23:59:59,9792006.37420000,45639,227043.10000000,5371074.77330000
1724889600000,2024-08-29 00:00:00,23.44000000,23.64000000,23.28000000,23.48000000,186200.27000000,1724903999999,2024-08-29 03:59:59,4371721.42930000,21649,108244.22000000,2540854.38560000
1724904000000,2024-08-29 04:00:00,23.48000000,23.93000000,23.32000000,23.84000000,179451.31000000,1724918399999,2024-08-29 07:59:59,4254184.53390000,18431,106764.65000000,2530217.53700000
1724918400000,2024-08-29 08:00:00,23.84000000,23.96000000,23.45000000,23.60000000,233356.52000000,1724932799999,2024-08-29 11:59:59,5530943.85790000,25483,134088.19000000,3177788.10090000
1724932800000,2024-08-29 12:00:00,23.60000000,24.68000000,23.55000000,24.35000000,526334.30000000,1724947199999,2024-08-29 15:59:59,12716113.67310000,47341,289259.55000000,6987029.67840000
1724947200000,2024-08-29 16:00:00,24.35000000,24.55000000,22.96000000,23.20000000,532307.35000000,1724961599999,2024-08-29 19:59:59,12570049.82100000,56943,268245.22000000,6329916.08810000
1724961600000,2024-08-29 20:00:00,23.20000000,23.27000000,22.78000000,22.89000000,224272.99000000,1724975999999,2024-08-29 23:59:59,5160556.94890000,25003,120730.25000000,2778179.90320000
1724976000000,2024-08-30 00:00:00,22.90000000,23.15000000,22.77000000,22.98000000,199644.72000000,1724990399999,2024-08-30 03:59:59,4584645.65980000,20078,102215.02000000,2347860.88960000
1724990400000,2024-08-30 04:00:00,22.98000000,23.58000000,22.88000000,23.38000000,179420.12000000,1725004799999,2024-08-30 07:59:59,4160694.63560000,20103,100233.26000000,2324951.30170000
1725004800000,2024-08-30 08:00:00,23.38000000,23.64000000,23.19000000,23.22000000,148004.03000000,1725019199999,2024-08-30 11:59:59,3467138.24760000,16666,75335.77000000,1765122.05620000
1725019200000,2024-08-30 12:00:00,23.21000000,23.49000000,22.18000000,22.38000000,545623.95000000,1725033599999,2024-08-30 15:59:59,12444103.30020000,57566,268144.31000000,6118825.60140000
1725033600000,2024-08-30 16:00:00,22.38000000,23.25000000,22.21000000,23.00000000,399988.13000000,1725047999999,2024-08-30 19:59:59,9107989.77390000,42136,206148.31000000,4695338.31530000
1725048000000,2024-08-30 20:00:00,23.00000000,23.34000000,23.00000000,23.29000000,168147.52000000,1725062399999,2024-08-30 23:59:59,3897885.15220000,12713,83873.61000000,1944010.02000000
1725062400000,2024-08-31 00:00:00,23.29000000,23.40000000,23.14000000,23.19000000,98237.53000000,1725076799999,2024-08-31 03:59:59,2285524.26310000,12361,39266.10000000,913408.84110000
1725076800000,2024-08-31 04:00:00,23.20000000,23.35000000,22.98000000,23.02000000,86546.80000000,1725091199999,2024-08-31 07:59:59,2002710.93510000,8086,35406.67000000,819470.20500000
1725091200000,2024-08-31 08:00:00,23.02000000,23.11000000,22.77000000,23.03000000,145787.50000000,1725105599999,2024-08-31 11:59:59,3347982.95700000,12637,65664.15000000,1508000.01080000
1725105600000,2024-08-31 12:00:00,23.04000000,23.13000000,22.87000000,23.04000000,125204.99000000,1725119999999,2024-08-31 15:59:59,2881797.54910000,10757,49830.37000000,1146862.21970000
1725120000000,2024-08-31 16:00:00,23.04000000,23.04000000,22.47000000,22.69000000,194651.27000000,1725134399999,2024-08-31 19:59:59,4420040.16900000,21705,78017.40000000,1771513.88730000
1725134400000,2024-08-31 20:00:00,22.70000000,22.89000000,22.61000000,22.81000000,80606.80000000,1725148799999,2024-08-31 23:59:59,1835755.01800000,7677,38547.00000000,877815.91400000
1725148800000,2024-09-01 00:00:00,22.80000000,22.84000000,22.25000000,22.48000000,127419.97000000,1725163199999,2024-09-01 03:59:59,2867356.66180000,15180,57143.20000000,1285298.55620000
1725163200000,2024-09-01 04:00:00,22.48000000,22.50000000,21.90000000,22.27000000,315509.14000000,1725177599999,2024-09-01 07:59:59,6978903.50210000,23957,136599.45000000,3022503.13710000
1725177600000,2024-09-01 08:00:00,22.28000000,22.59000000,22.03000000,22.36000000,256685.84000000,1725191999999,2024-09-01 11:59:59,5726136.75310000,22990,138657.14000000,3091252.65500000
1725192000000,2024-09-01 12:00:00,22.35000000,22.53000000,21.86000000,22.42000000,362062.73000000,1725206399999,2024-09-01 15:59:59,8041111.29850000,34393,179556.15000000,3988695.65490000
1725206400000,2024-09-01 16:00:00,22.42000000,22.49000000,21.76000000,22.15000000,325234.05000000,1725220799999,2024-09-01 19:59:59,7191379.75710000,27303,170408.34000000,3767538.20140000
1725220800000,2024-09-01 20:00:00,22.16000000,22.31000000,21.09000000,21.42000000,314805.82000000,1725235199999,2024-09-01 23:59:59,6804885.49900000,33343,152488.49000000,3297226.38680000
1725235200000,2024-09-02 00:00:00,21.42000000,21.91000000,21.37000000,21.82000000,175838.50000000,1725249599999,2024-09-02 03:59:59,3815630.11400000,22219,89550.22000000,1943238.59840000
1725249600000,2024-09-02 04:00:00,21.82000000,22.07000000,21.52000000,21.59000000,191770.65000000,1725263999999,2024-09-02 07:59:59,4171807.22420000,17633,98848.04000000,2150207.36840000
1725264000000,2024-09-02 08:00:00,21.60000000,22.36000000,21.60000000,22.19000000,277712.63000000,1725278399999,2024-09-02 11:59:59,6130858.80640000,26309,163383.79000000,3607225.72540000
1725278400000,2024-09-02 12:00:00,22.18000000,22.26000000,21.84000000,22.06000000,188765.59000000,1725292799999,2024-09-02 15:59:59,4170996.04680000,19234,90221.47000000,1993802.97840000
1725292800000,2024-09-02 16:00:00,22.07000000,22.21000000,21.95000000,22.09000000,152659.17000000,1725307199999,2024-09-02 19:59:59,3374138.90990000,14232,81391.66000000,1799126.88730000
1725307200000,2024-09-02 20:00:00,22.10000000,22.57000000,22.10000000,22.37000000,226982.66000000,1725321599999,2024-09-02 23:59:59,5082051.54010000,20522,116038.56000000,2598810.42420000
1725321600000,2024-09-03 00:00:00,22.37000000,22.73000000,22.29000000,22.52000000,202692.15000000,1725335999999,2024-09-03 03:59:59,4568752.37530000,20384,99713.53000000,2247514.92200000
1725336000000,2024-09-03 04:00:00,22.52000000,22.55000000,22.28000000,22.52000000,134335.34000000,1725350399999,2024-09-03 07:59:59,3011227.56380000,13083,73037.22000000,1637201.52540000
1725350400000,2024-09-03 08:00:00,22.52000000,22.53000000,22.14000000,22.39000000,147354.23000000,1725364799999,2024-09-03 11:59:59,3285738.62470000,17144,74515.60000000,1661554.61200000
1725364800000,2024-09-03 12:00:00,22.40000000,22.51000000,21.54000000,21.60000000,319422.93000000,1725379199999,2024-09-03 15:59:59,7011109.19550000,36365,174059.71000000,3819873.34630000
1725379200000,2024-09-03 16:00:00,21.59000000,21.88000000,21.52000000,21.82000000,180228.20000000,1725393599999,2024-09-03 19:59:59,3906420.26120000,20651,96409.50000000,2089114.95200000
1725393600000,2024-09-03 20:00:00,21.82000000,21.83000000,21.33000000,21.38000000,181466.16000000,1725407999999,2024-09-03 23:59:59,3911005.91080000,15836,84016.59000000,1810455.10500000
1725408000000,2024-09-04 00:00:00,21.38000000,21.60000000,20.48000000,21.45000000,587806.29000000,1725422399999,2024-09-04 03:59:59,12378399.84510000,48637,256447.23000000,5404447.30710000
1725422400000,2024-09-04 04:00:00,21.44000000,21.76000000,21.19000000,21.68000000,207114.51000000,1725436799999,2024-09-04 07:59:59,4445520.80520000,20686,102495.39000000,2200786.11320000
1725436800000,2024-09-04 08:00:00,21.68000000,21.80000000,21.41000000,21.48000000,183159.24000000,1725451199999,2024-09-04 11:59:59,3956510.31620000,19755,81315.95000000,1756737.05080000
1725451200000,2024-09-04 12:00:00,21.49000000,22.06000000,21.32000000,22.03000000,412303.59000000,1725465599999,2024-09-04 15:59:59,8932987.77140000,39840,225846.29000000,4896446.19880000
1725465600000,2024-09-04 16:00:00,22.04000000,22.32000000,21.80000000,21.89000000,277794.66000000,1725479999999,2024-09-04 19:59:59,6125101.40820000,26296,121288.30000000,2675111.05440000
1725480000000,2024-09-04 20:00:00,21.90000000,22.12000000,21.77000000,21.90000000,114946.15000000,1725494399999,2024-09-04 23:59:59,2522969.04120000,11978,54175.97000000,1189335.84850000
1725494400000,2024-09-05 00:00:00,21.91000000,22.19000000,21.64000000,21.72000000,187549.01000000,1725508799999,2024-09-05 03:59:59,4110014.53780000,19627,96926.11000000,2124577.17320000
1725508800000,2024-09-05 04:00:00,21.71000000,21.94000000,21.54000000,21.79000000,150637.11000000,1725523199999,2024-09-05 07:59:59,3280197.51870000,18050,71144.53000000,1549435.98280000
1725523200000,2024-09-05 08:00:00,21.78000000,21.87000000,21.57000000,21.71000000,122873.66000000,1725537599999,2024-09-05 11:59:59,2665511.50380000,14649,59329.55000000,1287170.51510000
1725537600000,2024-09-05 12:00:00,21.71000000,22.03000000,21.25000000,21.42000000,347102.36000000,1725551999999,2024-09-05 15:59:59,7516842.21670000,42927,171162.71000000,3705167.24610000
1725552000000,2024-09-05 16:00:00,21.41000000,21.76000000,21.23000000,21.32000000,177555.23000000,1725566399999,2024-09-05 19:59:59,3815722.71020000,23638,77231.98000000,1660985.17880000
1725566400000,2024-09-05 20:00:00,21.32000000,21.49000000,21.26000000,21.38000000,144844.12000000,1725580799999,2024-09-05 23:59:59,3097533.52040000,13278,68870.90000000,1473043.17040000
1725580800000,2024-09-06 00:00:00,21.38000000,21.74000000,21.26000000,21.62000000,137545.11000000,1725595199999,2024-09-06 03:59:59,2962360.76150000,13983,72847.80000000,1568305.18040000
1725595200000,2024-09-06 04:00:00,21.62000000,21.91000000,21.35000000,21.51000000,267713.69000000,1725609599999,2024-09-06 07:59:59,5784918.88360000,22550,133357.31000000,2880464.02560000
1725609600000,2024-09-06 08:00:00,21.51000000,21.73000000,21.35000000,21.52000000,223057.81000000,1725623999999,2024-09-06 11:59:59,4801249.15460000,21823,103786.03000000,2233049.97490000
1725624000000,2024-09-06 12:00:00,21.52000000,22.19000000,21.09000000,21.35000000,833201.40000000,1725638399999,2024-09-06 15:59:59,18035148.12080000,74356,418203.49000000,9046337.62200000
1725638400000,2024-09-06 16:00:00,21.34000000,21.42000000,20.73000000,20.98000000,626613.94000000,1725652799999,2024-09-06 19:59:59,13216039.33390000,54398,325485.49000000,6870642.39300000
1725652800000,2024-09-06 20:00:00,20.98000000,21.17000000,20.48000000,21.17000000,402923.71000000,1725667199999,2024-09-06 23:59:59,8394707.91260000,43382,187839.02000000,3913768.09440000
1725667200000,2024-09-07 00:00:00,21.16000000,21.29000000,21.05000000,21.24000000,109007.31000000,1725681599999,2024-09-07 03:59:59,2307993.80920000,11164,57254.27000000,1212324.52360000
1725681600000,2024-09-07 04:00:00,21.24000000,21.70000000,21.22000000,21.68000000,237364.08000000,1725695999999,2024-09-07 07:59:59,5095152.69200000,16949,116177.62000000,2494405.59820000
1725696000000,2024-09-07 08:00:00,21.68000000,21.71000000,21.45000000,21.61000000,168624.71000000,1725710399999,2024-09-07 11:59:59,3635059.18230000,12058,76849.45000000,1656593.44100000
1725710400000,2024-09-07 12:00:00,21.61000000,22.00000000,21.59000000,21.84000000,201289.83000000,1725724799999,2024-09-07 15:59:59,4387139.64730000,16775,103933.06000000,2265632.36440000
1725724800000,2024-09-07 16:00:00,21.84000000,21.91000000,21.60000000,21.84000000,140305.31000000,1725739199999,2024-09-07 19:59:59,3055615.25640000,13389,55997.08000000,1219676.29020000
1725739200000,2024-09-07 20:00:00,21.84000000,21.86000000,21.60000000,21.80000000,94953.25000000,1725753599999,2024-09-07 23:59:59,2061406.58350000,8508,36988.56000000,803129.70910000
1725753600000,2024-09-08 00:00:00,21.80000000,22.38000000,21.71000000,22.38000000,222609.63000000,1725767999999,2024-09-08 03:59:59,4919961.87380000,18109,118685.18000000,2622731.19970000
1725768000000,2024-09-08 04:00:00,22.37000000,23.24000000,22.35000000,23.08000000,512959.62000000,1725782399999,2024-09-08 07:59:59,11707783.33660000,40616,259861.59000000,5933036.80370000
1725782400000,2024-09-08 08:00:00,23.08000000,23.17000000,22.83000000,23.05000000,262472.53000000,1725796799999,2024-09-08 11:59:59,6031116.47620000,23982,121819.98000000,2798956.78810000
1725796800000,2024-09-08 12:00:00,23.06000000,23.10000000,22.44000000,22.46000000,300305.90000000,1725811199999,2024-09-08 15:59:59,6818535.44960000,27629,118628.34000000,2692563.94840000
1725811200000,2024-09-08 16:00:00,22.46000000,23.08000000,22.37000000,22.95000000,255217.69000000,1725825599999,2024-09-08 19:59:59,5815263.82200000,25631,120520.24000000,2747889.61000000
1725825600000,2024-09-08 20:00:00,22.96000000,23.52000000,22.88000000,23.25000000,359810.96000000,1725839999999,2024-09-08 23:59:59,8353812.94880000,34220,185598.24000000,4311281.33950000
1725840000000,2024-09-09 00:00:00,23.25000000,23.54000000,23.14000000,23.50000000,231598.72000000,1725854399999,2024-09-09 03:59:59,5414461.32360000,23854,123671.41000000,2891562.62340000
1725854400000,2024-09-09 04:00:00,23.49000000,23.72000000,23.18000000,23.70000000,233198.59000000,1725868799999,2024-09-09 07:59:59,5465700.92250000,23604,117923.36000000,2765806.55980000
1725868800000,2024-09-09 08:00:00,23.70000000,24.37000000,23.68000000,23.72000000,450392.31000000,1725883199999,2024-09-09 11:59:59,10809524.83800000,39122,241376.73000000,5795231.16980000
1725883200000,2024-09-09 12:00:00,23.71000000,23.91000000,23.28000000,23.58000000,403323.02000000,1725897599999,2024-09-09 15:59:59,9517959.51540000,42978,189512.65000000,4475823.61770000
1725897600000,2024-09-09 16:00:00,23.59000000,24.31000000,23.58000000,24.19000000,367037.29000000,1725911999999,2024-09-09 19:59:59,8831749.33610000,42362,192420.50000000,4628499.72020000
1725912000000,2024-09-09 20:00:00,24.19000000,24.44000000,23.83000000,23.84000000,396645.44000000,1725926399999,2024-09-09 23:59:59,9560469.76540000,34667,204851.94000000,4943654.50210000
1725926400000,2024-09-10 00:00:00,23.85000000,23.87000000,23.58000000,23.60000000,158595.92000000,1725940799999,2024-09-10 03:59:59,3762798.86220000,17681,82637.09000000,1960426.53770000
1725940800000,2024-09-10 04:00:00,23.61000000,23.84000000,23.57000000,23.80000000,128441.18000000,1725955199999,2024-09-10 07:59:59,3044998.45670000,13913,74913.15000000,1776442.36640000
1725955200000,2024-09-10 08:00:00,23.80000000,24.12000000,23.62000000,24.08000000,302528.80000000,1725969599999,2024-09-10 11:59:59,7220656.56310000,23698,168873.10000000,4030503.43760000
1725969600000,2024-09-10 12:00:00,24.07000000,24.13000000,23.73000000,23.75000000,327825.07000000,1725983999999,2024-09-10 15:59:59,7843728.56480000,32569,164953.37000000,3947557.98590000
1725984000000,2024-09-10 16:00:00,23.75000000,24.52000000,23.75000000,24.41000000,327952.64000000,1725998399999,2024-09-10 19:59:59,7928991.23510000,32550,173830.19000000,4207193.89250000
1725998400000,2024-09-10 20:00:00,24.41000000,24.59000000,24.26000000,24.36000000,195883.72000000,1726012799999,2024-09-10 23:59:59,4783392.86430000,20224,87514.29000000,2137623.44760000
1726012800000,2024-09-11 00:00:00,24.36000000,24.52000000,23.78000000,23.85000000,299937.49000000,1726027199999,2024-09-11 03:59:59,7239098.60660000,27727,119102.03000000,2875763.29840000
1726027200000,2024-09-11 04:00:00,23.85000000,23.85000000,23.27000000,23.64000000,384304.74000000,1726041599999,2024-09-11 07:59:59,9049241.95140000,30697,165802.08000000,3899758.87300000
1726041600000,2024-09-11 08:00:00,23.63000000,23.66000000,23.35000000,23.63000000,150612.55000000,1726055999999,2024-09-11 11:59:59,3539910.48850000,19178,81228.64000000,1909582.76000000
1726056000000,2024-09-11 12:00:00,23.62000000,23.79000000,22.87000000,23.33000000,523712.68000000,1726070399999,2024-09-11 15:59:59,12199446.37090000,56840,249132.61000000,5812689.48820000
1726070400000,2024-09-11 16:00:00,23.32000000,23.68000000,23.27000000,23.43000000,233849.68000000,1726084799999,2024-09-11 19:59:59,5499281.72880000,30888,120580.39000000,2835345.73450000
1726084800000,2024-09-11 20:00:00,23.43000000,23.53000000,23.26000000,23.28000000,92855.51000000,1726099199999,2024-09-11 23:59:59,2173948.77020000,10700,45527.63000000,1066173.35320000
1726099200000,2024-09-12 00:00:00,23.28000000,24.10000000,23.27000000,23.71000000,356595.27000000,1726113599999,2024-09-12 03:59:59,8451025.55120000,33936,187722.97000000,4446084.60960000
1726113600000,2024-09-12 04:00:00,23.71000000,23.82000000,23.45000000,23.53000000,228295.58000000,1726127999999,2024-09-12 07:59:59,5384280.12430000,19140,135786.22000000,3203179.63900000
1726128000000,2024-09-12 08:00:00,23.52000000,23.77000000,23.47000000,23.60000000,163265.10000000,1726142399999,2024-09-12 11:59:59,3856750.89600000,15830,84644.12000000,1999483.91100000
1726142400000,2024-09-12 12:00:00,23.60000000,23.94000000,23.43000000,23.48000000,304919.70000000,1726156799999,2024-09-12 15:59:59,7201872.25680000,34330,146902.42000000,3470668.09370000
1726156800000,2024-09-12 16:00:00,23.47000000,24.04000000,23.46000000,23.86000000,319613.11000000,1726171199999,2024-09-12 19:59:59,7613761.29870000,29603,164447.30000000,3919063.44580000
1726171200000,2024-09-12 20:00:00,23.86000000,24.10000000,23.72000000,24.02000000,159998.42000000,1726185599999,2024-09-12 23:59:59,3828147.02610000,15033,84015.59000000,2010945.18160000
1726185600000,2024-09-13 00:00:00,24.02000000,24.10000000,23.68000000,23.68000000,109931.42000000,1726199999999,2024-09-13 03:59:59,2624830.83150000,13144,34290.71000000,819511.62560000
1726200000000,2024-09-13 04:00:00,23.68000000,23.86000000,23.67000000,23.83000000,93854.60000000,1726214399999,2024-09-13 07:59:59,2229541.91060000,12133,41491.07000000,985465.40170000
1726214400000,2024-09-13 08:00:00,23.83000000,24.25000000,23.68000000,23.86000000,320413.10000000,1726228799999,2024-09-13 11:59:59,7690971.47400000,25754,163758.87000000,3931019.72060000
1726228800000,2024-09-13 12:00:00,23.86000000,24.73000000,23.66000000,24.69000000,768456.47000000,1726243199999,2024-09-13 15:59:59,18516273.38270000,62549,396930.91000000,9574104.73150000
1726243200000,2024-09-13 16:00:00,24.70000000,24.82000000,24.51000000,24.71000000,304379.64000000,1726257599999,2024-09-13 19:59:59,7504961.39480000,37707,141791.29000000,3496441.13630000
1726257600000,2024-09-13 20:00:00,24.71000000,25.10000000,24.68000000,24.91000000,286746.36000000,1726271999999,2024-09-13 23:59:59,7147166.92550000,27371,140276.98000000,3495951.79850000
1726272000000,2024-09-14 00:00:00,24.91000000,25.10000000,24.87000000,25.05000000,133151.47000000,1726286399999,2024-09-14 03:59:59,3322277.90740000,13460,66234.18000000,1652977.07710000
1726286400000,2024-09-14 04:00:00,25.05000000,25.05000000,24.83000000,24.93000000,157930.07000000,1726300799999,2024-09-14 07:59:59,3939861.60700000,15442,51536.32000000,1285699.81410000
1726300800000,2024-09-14 08:00:00,24.93000000,24.99000000,24.62000000,24.66000000,133923.75000000,1726315199999,2024-09-14 11:59:59,3319672.07980000,15845,58229.78000000,1443981.95830000
1726315200000,2024-09-14 12:00:00,24.67000000,25.60000000,24.61000000,25.47000000,346648.10000000,1726329599999,2024-09-14 15:59:59,8734269.07990000,33913,187243.64000000,4719843.72120000
1726329600000,2024-09-14 16:00:00,25.48000000,25.66000000,25.17000000,25.27000000,244198.04000000,1726343999999,2024-09-14 19:59:59,6206881.83250000,31260,103857.88000000,2639740.02570000
1726344000000,2024-09-14 20:00:00,25.26000000,25.47000000,25.08000000,25.32000000,183279.43000000,1726358399999,2024-09-14 23:59:59,4630767.87670000,17793,90759.07000000,2293639.75390000
1726358400000,2024-09-15 00:00:00,25.33000000,25.38000000,24.97000000,25.07000000,176821.76000000,1726372799999,2024-09-15 03:59:59,4444945.85900000,17060,95364.42000000,2396874.24800000
1726372800000,2024-09-15 04:00:00,25.07000000,25.08000000,24.77000000,24.88000000,160207.22000000,1726387199999,2024-09-15 07:59:59,3992106.24710000,15248,74538.04000000,1857189.29910000
1726387200000,2024-09-15 08:00:00,24.88000000,24.88000000,24.55000000,24.63000000,205578.96000000,1726401599999,2024-09-15 11:59:59,5079123.14910000,20208,92915.46000000,2295132.79190000
1726401600000,2024-09-15 12:00:00,24.62000000,24.90000000,24.58000000,24.74000000,200955.17000000,1726415999999,2024-09-15 15:59:59,4970625.61620000,21873,108760.71000000,2690110.35070000
1726416000000,2024-09-15 16:00:00,24.74000000,24.76000000,24.34000000,24.37000000,303816.48000000,1726430399999,2024-09-15 19:59:59,7433663.64280000,31292,155949.54000000,3815985.48010000
1726430400000,2024-09-15 20:00:00,24.37000000,24.40000000,23.64000000,23.80000000,404512.70000000,1726444799999,2024-09-15 23:59:59,9706977.02260000,41378,204423.42000000,4903973.65500000
1726444800000,2024-09-16 00:00:00,23.80000000,23.87000000,23.32000000,23.66000000,368013.54000000,1726459199999,2024-09-16 03:59:59,8684911.52740000,36655,187575.90000000,4427179.67570000
1726459200000,2024-09-16 04:00:00,23.67000000,24.14000000,23.53000000,24.06000000,238830.81000000,1726473599999,2024-09-16 07:59:59,5685856.72320000,22270,133985.45000000,3191537.78490000
1726473600000,2024-09-16 08:00:00,24.06000000,24.24000000,23.83000000,23.87000000,277872.20000000,1726487999999,2024-09-16 11:59:59,6673623.07670000,27496,130334.96000000,3132540.19340000
1726488000000,2024-09-16 12:00:00,23.87000000,23.89000000,23.30000000,23.51000000,408460.30000000,1726502399999,2024-09-16 15:59:59,9628266.59560000,38381,205672.73000000,4847587.31500000
1726502400000,2024-09-16 16:00:00,23.51000000,23.58000000,23.22000000,23.47000000,296173.41000000,1726516799999,2024-09-16 19:59:59,6932300.93560000,33098,160292.62000000,3752328.82620000
1726516800000,2024-09-16 20:00:00,23.48000000,23.59000000,23.31000000,23.52000000,161812.08000000,1726531199999,2024-09-16 23:59:59,3787433.05670000,13960,75855.00000000,1776176.35410000
1726531200000,2024-09-17 00:00:00,23.52000000,23.55000000,23.16000000,23.49000000,117067.58000000,1726545599999,2024-09-17 03:59:59,2733253.78610000,15921,49985.49000000,1166781.59010000
1726545600000,2024-09-17 04:00:00,23.49000000,24.04000000,23.46000000,23.80000000,193642.24000000,1726559999999,2024-09-17 07:59:59,4604227.75050000,18871,100684.19000000,2393210.76230000
1726560000000,2024-09-17 08:00:00,23.80000000,24.04000000,23.68000000,23.84000000,208067.60000000,1726574399999,2024-09-17 11:59:59,4967433.25980000,23075,107650.41000000,2571448.69180000
1726574400000,2024-09-17 12:00:00,23.84000000,24.49000000,23.62000000,24.40000000,529418.69000000,1726588799999,2024-09-17 15:59:59,12790672.95000000,52853,266743.99000000,6443132.63010000
1726588800000,2024-09-17 16:00:00,24.40000000,24.48000000,23.71000000,23.86000000,393782.32000000,1726603199999,2024-09-17 19:59:59,9494916.79120000,31820,180619.78000000,4355208.10300000
1726603200000,2024-09-17 20:00:00,23.86000000,23.98000000,23.69000000,23.77000000,141247.37000000,1726617599999,2024-09-17 23:59:59,3368731.23670000,14521,65199.28000000,1555490.19380000
1726617600000,2024-09-18 00:00:00,23.78000000,23.90000000,23.50000000,23.86000000,183723.55000000,1726631999999,2024-09-18 03:59:59,4355083.61450000,15261,100441.29000000,2381615.05810000
1726632000000,2024-09-18 04:00:00,23.85000000,23.87000000,23.50000000,23.61000000,167248.46000000,1726646399999,2024-09-18 07:59:59,3953678.04320000,14943,71953.89000000,1701565.17730000
1726646400000,2024-09-18 08:00:00,23.61000000,23.62000000,23.07000000,23.25000000,253483.32000000,1726660799999,2024-09-18 11:59:59,5912793.43360000,22987,115422.49000000,2690558.57850000
1726660800000,2024-09-18 12:00:00,23.26000000,23.37000000,22.85000000,22.92000000,280616.70000000,1726675199999,2024-09-18 15:59:59,6479044.38050000,30116,149680.12000000,3457673.20270000
1726675200000,2024-09-18 16:00:00,22.92000000,23.80000000,22.79000000,23.39000000,752416.81000000,1726689599999,2024-09-18 19:59:59,17607082.52770000,58781,393352.79000000,9204753.33210000
1726689600000,2024-09-18 20:00:00,23.39000000,24.73000000,23.18000000,24.68000000,436232.06000000,1726703999999,2024-09-18 23:59:59,10445962.39890000,34308,225090.31000000,5393629.80680000
1726704000000,2024-09-19 00:00:00,24.70000000,26.20000000,24.69000000,25.62000000,925619.98000000,1726718399999,2024-09-19 03:59:59,23797847.94370000,95422,429943.49000000,11055358.61750000
1726718400000,2024-09-19 04:00:00,25.63000000,25.95000000,25.59000000,25.90000000,334552.84000000,1726732799999,2024-09-19 07:59:59,8617972.83570000,33200,174474.29000000,4495545.15480000
1726732800000,2024-09-19 08:00:00,25.91000000,26.38000000,25.87000000,26.25000000,475752.03000000,1726747199999,2024-09-19 11:59:59,12434884.35950000,45632,225190.53000000,5885303.95650000
1726747200000,2024-09-19 12:00:00,26.25000000,26.54000000,26.03000000,26.38000000,458215.36000000,1726761599999,2024-09-19 15:59:59,12063069.67190000,50606,196711.95000000,5180873.42560000
1726761600000,2024-09-19 16:00:00,26.39000000,26.61000000,26.26000000,26.41000000,328151.94000000,1726775999999,2024-09-19 19:59:59,8679249.76860000,39926,158121.00000000,4182630.38580000
1726776000000,2024-09-19 20:00:00,26.41000000,26.79000000,26.10000000,26.66000000,405057.04000000,1726790399999,2024-09-19 23:59:59,10717980.88990000,42624,185237.34000000,4901263.98250000
1726790400000,2024-09-20 00:00:00,26.67000000,27.87000000,26.48000000,27.86000000,576254.84000000,1726804799999,2024-09-20 03:59:59,15579960.77260000,64090,316249.97000000,8554559.48200000
1726804800000,2024-09-20 04:00:00,27.85000000,28.40000000,27.68000000,28.20000000,699056.23000000,1726819199999,2024-09-20 07:59:59,19639883.22320000,76082,335549.28000000,9425397.32720000
1726819200000,2024-09-20 08:00:00,28.20000000,28.80000000,28.12000000,28.13000000,569912.89000000,1726833599999,2024-09-20 11:59:59,16197217.63760000,60171,228217.62000000,6489077.27110000
1726833600000,2024-09-20 12:00:00,28.13000000,28.25000000,27.12000000,27.20000000,867453.95000000,1726847999999,2024-09-20 15:59:59,23939705.78080000,91598,435584.79000000,12009416.43960000
1726848000000,2024-09-20 16:00:00,27.19000000,27.36000000,26.78000000,27.11000000,373984.02000000,1726862399999,2024-09-20 19:59:59,10117686.14820000,41197,208713.25000000,5648790.23110000
1726862400000,2024-09-20 20:00:00,27.11000000,27.68000000,27.11000000,27.67000000,289081.37000000,1726876799999,2024-09-20 23:59:59,7938837.97150000,28960,155934.02000000,4282506.62790000
1726876800000,2024-09-21 00:00:00,27.67000000,27.77000000,27.14000000,27.18000000,185116.41000000,1726891199999,2024-09-21 03:59:59,5083914.22780000,26884,79921.72000000,2197538.32010000
1726891200000,2024-09-21 04:00:00,27.17000000,27.33000000,26.99000000,27.26000000,160049.85000000,1726905599999,2024-09-21 07:59:59,4344201.85290000,22193,64390.91000000,1747745.97580000
1726905600000,2024-09-21 08:00:00,27.26000000,27.62000000,27.18000000,27.59000000,147202.28000000,1726919999999,2024-09-21 11:59:59,4043597.50780000,21865,73076.07000000,2007481.31580000
1726920000000,2024-09-21 12:00:00,27.59000000,28.13000000,27.45000000,27.58000000,241562.80000000,1726934399999,2024-09-21 15:59:59,6706926.16620000,34521,115888.82000000,3220823.75760000
1726934400000,2024-09-21 16:00:00,27.58000000,27.71000000,27.35000000,27.37000000,160743.58000000,1726948799999,2024-09-21 19:59:59,4427384.03270000,24084,79445.86000000,2189605.02740000
1726948800000,2024-09-21 20:00:00,27.38000000,27.98000000,27.33000000,27.79000000,179696.25000000,1726963199999,2024-09-21 23:59:59,4955927.07760000,22970,100283.04000000,2766169.40830000
1726963200000,2024-09-22 00:00:00,27.79000000,27.80000000,27.09000000,27.26000000,254749.15000000,1726977599999,2024-09-22 03:59:59,6988820.00040000,31390,116080.27000000,3184148.55620000
1726977600000,2024-09-22 04:00:00,27.26000000,27.49000000,27.14000000,27.39000000,116526.45000000,1726991999999,2024-09-22 07:59:59,3183707.91880000,18039,56367.47000000,1540479.40240000
1726992000000,2024-09-22 08:00:00,27.38000000,27.45000000,26.83000000,26.91000000,186395.63000000,1727006399999,2024-09-22 11:59:59,5045665.07140000,25570,75343.85000000,2039262.85860000
1727006400000,2024-09-22 12:00:00,26.91000000,27.06000000,26.63000000,26.87000000,188413.37000000,1727020799999,2024-09-22 15:59:59,5053039.68750000,24976,86063.28000000,2308210.89460000
1727020800000,2024-09-22 16:00:00,26.87000000,27.17000000,26.64000000,27.12000000,165673.45000000,1727035199999,2024-09-22 19:59:59,4469867.45790000,22771,79559.73000000,2147146.21210000
1727035200000,2024-09-22 20:00:00,27.11000000,27.50000000,26.45000000,27.29000000,320747.29000000,1727049599999,2024-09-22 23:59:59,8691579.55490000,40603,161040.18000000,4366923.38290000
1727049600000,2024-09-23 00:00:00,27.30000000,28.18000000,26.56000000,27.86000000,560608.63000000,1727063999999,2024-09-23 03:59:59,15402836.49750000,59377,296286.44000000,8139990.41660000
1727064000000,2024-09-23 04:00:00,27.87000000,27.97000000,27.41000000,27.66000000,365262.41000000,1727078399999,2024-09-23 07:59:59,10107789.44960000,39149,172831.73000000,4782318.17830000
1727078400000,2024-09-23 08:00:00,27.67000000,27.70000000,27.24000000,27.34000000,314304.80000000,1727092799999,2024-09-23 11:59:59,8612786.76510000,33994,166012.31000000,4549880.16920000
1727092800000,2024-09-23 12:00:00,27.33000000,27.74000000,27.27000000,27.57000000,388381.63000000,1727107199999,2024-09-23 15:59:59,10679176.82990000,39311,196379.63000000,5401127.62220000
1727107200000,2024-09-23 16:00:00,27.57000000,27.73000000,27.18000000,27.37000000,256277.91000000,1727121599999,2024-09-23 19:59:59,7020603.40440000,30223,142352.35000000,3899891.51290000
1727121600000,2024-09-23 20:00:00,27.38000000,27.48000000,27.10000000,27.39000000,159405.04000000,1727135999999,2024-09-23 23:59:59,4352180.44430000,19713,76359.33000000,2085049.44520000
1727136000000,2024-09-24 00:00:00,27.39000000,27.40000000,26.84000000,27.29000000,253025.94000000,1727150399999,2024-09-24 03:59:59,6855412.39880000,32781,134550.11000000,3644358.72390000
1727150400000,2024-09-24 04:00:00,27.28000000,27.44000000,27.03000000,27.40000000,131829.28000000,1727164799999,2024-09-24 07:59:59,3591367.74040000,18513,60195.02000000,1640081.86420000
1727164800000,2024-09-24 08:00:00,27.39000000,27.78000000,27.36000000,27.68000000,234332.71000000,1727179199999,2024-09-24 11:59:59,6463529.63350000,27248,112076.59000000,3092678.80240000
1727179200000,2024-09-24 12:00:00,27.69000000,27.81000000,26.93000000,27.15000000,478631.09000000,1727193599999,2024-09-24 15:59:59,13090827.12330000,54022,242299.73000000,6624305.92460000
1727193600000,2024-09-24 16:00:00,27.16000000,27.74000000,27.11000000,27.70000000,283583.73000000,1727207999999,2024-09-24 19:59:59,7777922.59740000,47225,140271.05000000,3847505.74510000
1727208000000,2024-09-24 20:00:00,27.69000000,28.55000000,27.50000000,28.46000000,510210.56000000,1727222399999,2024-09-24 23:59:59,14285579.91420000,57165,264828.00000000,7419039.48610000
1727222400000,2024-09-25 00:00:00,28.46000000,28.50000000,27.48000000,27.97000000,836732.85000000,1727236799999,2024-09-25 03:59:59,23395592.59070000,67353,443358.64000000,12388618.77580000
1727236800000,2024-09-25 04:00:00,27.97000000,27.98000000,27.35000000,27.62000000,236855.88000000,1727251199999,2024-09-25 07:59:59,6533311.79560000,35211,109096.89000000,3008527.08940000
1727251200000,2024-09-25 08:00:00,27.61000000,27.85000000,27.53000000,27.83000000,266289.67000000,1727265599999,2024-09-25 11:59:59,7374741.43500000,34358,125393.18000000,3471558.88900000
1727265600000,2024-09-25 12:00:00,27.83000000,28.08000000,27.52000000,27.68000000,306955.44000000,1727279999999,2024-09-25 15:59:59,8545480.77650000,49431,130586.26000000,3636825.26780000
1727280000000,2024-09-25 16:00:00,27.68000000,27.73000000,27.25000000,27.49000000,327076.97000000,1727294399999,2024-09-25 19:59:59,8993461.81400000,50447,161938.97000000,4452455.52240000
1727294400000,2024-09-25 20:00:00,27.49000000,27.66000000,27.15000000,27.28000000,162139.61000000,1727308799999,2024-09-25 23:59:59,4445689.72580000,26390,69153.08000000,1896961.76070000
1727308800000,2024-09-26 00:00:00,27.29000000,27.59000000,26.96000000,27.54000000,208738.32000000,1727323199999,2024-09-26 03:59:59,5686498.47940000,31059,96543.43000000,2630561.99380000
1727323200000,2024-09-26 04:00:00,27.53000000,28.02000000,27.45000000,28.00000000,234086.09000000,1727337599999,2024-09-26 07:59:59,6517464.77000000,27336,106269.41000000,2959616.52260000
1727337600000,2024-09-26 08:00:00,28.01000000,28.24000000,27.74000000,28.24000000,376647.21000000,1727351999999,2024-09-26 11:59:59,10552763.53430000,38052,180787.52000000,5067696.45580000
1727352000000,2024-09-26 12:00:00,28.24000000,29.33000000,28.24000000,29.18000000,1273972.43000000,1727366399999,2024-09-26 15:59:59,36631415.73320000,116430,607779.44000000,17483095.61040000
1727366400000,2024-09-26 16:00:00,29.19000000,29.42000000,28.85000000,28.92000000,458032.02000000,1727380799999,2024-09-26 19:59:59,13352890.99090000,62265,221227.39000000,6448696.46410000
1727380800000,2024-09-26 20:00:00,28.92000000,29.32000000,28.77000000,29.16000000,282672.75000000,1727395199999,2024-09-26 23:59:59,8213011.45400000,36400,145561.32000000,4230146.20390000
1727395200000,2024-09-27 00:00:00,29.15000000,29.43000000,28.93000000,29.42000000,278420.75000000,1727409599999,2024-09-27 03:59:59,8117222.08050000,40644,135067.91000000,3939020.95950000
1727409600000,2024-09-27 04:00:00,29.42000000,29.75000000,29.28000000,29.64000000,338455.19000000,1727423999999,2024-09-27 07:59:59,9988847.03730000,50241,170957.31000000,5047319.73290000
1727424000000,2024-09-27 08:00:00,29.63000000,30.10000000,29.60000000,29.88000000,390842.57000000,1727438399999,2024-09-27 11:59:59,11663058.61830000,58118,208714.25000000,6230416.26050000
1727438400000,2024-09-27 12:00:00,29.87000000,30.85000000,29.72000000,30.16000000,700256.32000000,1727452799999,2024-09-27 15:59:59,21210708.45720000,104937,353312.33000000,10708455.14240000
1727452800000,2024-09-27 16:00:00,30.16000000,30.60000000,30.03000000,30.21000000,356388.24000000,1727467199999,2024-09-27 19:59:59,10788415.53900000,58667,184793.50000000,5595916.69530000
1727467200000,2024-09-27 20:00:00,30.20000000,30.57000000,30.03000000,30.43000000,152475.07000000,1727481599999,2024-09-27 23:59:59,4622696.86140000,25916,69308.98000000,2101318.97520000
1727481600000,2024-09-28 00:00:00,30.44000000,30.76000000,30.14000000,30.19000000,262833.02000000,1727495999999,2024-09-28 03:59:59,8017582.29750000,37716,123601.92000000,3771373.41300000
1727496000000,2024-09-28 04:00:00,30.20000000,30.23000000,29.38000000,29.46000000,299034.10000000,1727510399999,2024-09-28 07:59:59,8895548.58960000,38607,121173.50000000,3602253.15250000
1727510400000,2024-09-28 08:00:00,29.47000000,29.72000000,29.03000000,29.51000000,254520.56000000,1727524799999,2024-09-28 11:59:59,7469805.16580000,37028,116762.02000000,3426696.81210000
1727524800000,2024-09-28 12:00:00,29.50000000,29.65000000,29.12000000,29.47000000,188362.14000000,1727539199999,2024-09-28 15:59:59,5537944.94250000,33867,86790.49000000,2552000.43920000
1727539200000,2024-09-28 16:00:00,29.47000000,29.49000000,29.18000000,29.37000000,118312.91000000,1727553599999,2024-09-28 19:59:59,3472085.43790000,23884,54596.63000000,1602288.39940000
1727553600000,2024-09-28 20:00:00,29.37000000,29.42000000,29.11000000,29.28000000,142049.94000000,1727567999999,2024-09-28 23:59:59,4154102.22890000,19116,62115.83000000,1817612.61540000
1727568000000,2024-09-29 00:00:00,29.29000000,29.47000000,29.04000000,29.13000000,123149.58000000,1727582399999,2024-09-29 03:59:59,3597145.78320000,26201,66571.79000000,1944443.99670000
1727582400000,2024-09-29 04:00:00,29.12000000,29.18000000,28.56000000,28.62000000,214779.04000000,1727596799999,2024-09-29 07:59:59,6195704.69280000,30794,96317.10000000,2778896.92700000
1727596800000,2024-09-29 08:00:00,28.62000000,28.84000000,28.53000000,28.69000000,179577.95000000,1727611199999,2024-09-29 11:59:59,5146026.71820000,27258,87040.51000000,2494937.22720000
1727611200000,2024-09-29 12:00:00,28.68000000,28.87000000,28.24000000,28.84000000,280295.00000000,1727625599999,2024-09-29 15:59:59,8007641.66470000,46779,162414.92000000,4642124.79720000
1727625600000,2024-09-29 16:00:00,28.84000000,29.27000000,28.63000000,29.27000000,231758.30000000,1727639999999,2024-09-29 19:59:59,6722292.90530000,36348,126201.37000000,3661511.85020000
1727640000000,2024-09-29 20:00:00,29.27000000,29.44000000,28.90000000,29.04000000,280015.63000000,1727654399999,2024-09-29 23:59:59,8172019.63440000,38163,137028.67000000,3999015.50760000
1727654400000,2024-09-30 00:00:00,29.04000000,29.12000000,28.14000000,28.59000000,426016.94000000,1727668799999,2024-09-30 03:59:59,12160374.55620000,54246,217847.15000000,6219254.89140000
1727668800000,2024-09-30 04:00:00,28.60000000,28.99000000,28.34000000,28.97000000,207924.06000000,1727683199999,2024-09-30 07:59:59,5959024.68920000,30867,100918.66000000,2893231.69310000
1727683200000,2024-09-30 08:00:00,28.96000000,29.01000000,27.96000000,28.33000000,439337.33000000,1727697599999,2024-09-30 11:59:59,12465668.96520000,52110,205820.45000000,5833046.57000000
1727697600000,2024-09-30 12:00:00,28.33000000,28.59000000,27.94000000,27.96000000,406408.48000000,1727711999999,2024-09-30 15:59:59,11493635.02300000,41495,178976.05000000,5060565.21510000
1727712000000,2024-09-30 16:00:00,27.95000000,28.30000000,27.93000000,27.95000000,299973.65000000,1727726399999,2024-09-30 19:59:59,8428253.05170000,30115,119212.55000000,3349527.15840000
1727726400000,2024-09-30 20:00:00,27.94000000,28.37000000,27.56000000,27.71000000,338457.28000000,1727740799999,2024-09-30 23:59:59,9472373.96520000,33133,182542.51000000,5113067.88250000
1727740800000,2024-10-01 00:00:00,27.71000000,28.42000000,27.60000000,28.40000000,224414.18000000,1727755199999,2024-10-01 03:59:59,6301677.73010000,24497,122232.15000000,3433376.95090000
1727755200000,2024-10-01 04:00:00,28.40000000,28.73000000,28.31000000,28.59000000,181686.33000000,1727769599999,2024-10-01 07:59:59,5182282.44360000,25283,88485.63000000,2525493.07650000
1727769600000,2024-10-01 08:00:00,28.59000000,28.89000000,28.57000000,28.66000000,169403.16000000,1727783999999,2024-10-01 11:59:59,4865624.01480000,22892,75520.50000000,2169630.22010000
1727784000000,2024-10-01 12:00:00,28.66000000,28.75000000,25.98000000,26.69000000,1163101.82000000,1727798399999,2024-10-01 15:59:59,31652916.05060000,134885,585009.66000000,15938620.47160000
1727798400000,2024-10-01 16:00:00,26.68000000,26.89000000,25.00000000,25.92000000,1260593.36000000,1727812799999,2024-10-01 19:59:59,32808640.90490000,143085,612913.74000000,15960794.52940000
1727812800000,2024-10-01 20:00:00,25.91000000,26.24000000,25.40000000,25.82000000,529402.90000000,1727827199999,2024-10-01 23:59:59,13696262.39130000,52634,262739.54000000,6799474.76180000
1727827200000,2024-10-02 00:00:00,25.82000000,26.49000000,25.61000000,26.38000000,282273.35000000,1727841599999,2024-10-02 03:59:59,7358455.91370000,32108,142559.85000000,3711850.93430000
1727841600000,2024-10-02 04:00:00,26.38000000,26.78000000,26.04000000,26.60000000,245535.53000000,1727855999999,2024-10-02 07:59:59,6487660.55440000,29736,118164.23000000,3122906.21230000
1727856000000,2024-10-02 08:00:00,26.61000000,26.73000000,25.71000000,25.99000000,336794.01000000,1727870399999,2024-10-02 11:59:59,8801778.79890000,37057,146964.55000000,3839277.12700000
1727870400000,2024-10-02 12:00:00,26.00000000,26.26000000,25.47000000,26.22000000,452884.43000000,1727884799999,2024-10-02 15:59:59,11727901.38780000,53248,238848.92000000,6189028.97510000
1727884800000,2024-10-02 16:00:00,26.22000000,26.47000000,25.03000000,25.23000000,524990.94000000,1727899199999,2024-10-02 19:59:59,13422263.31500000,63090,257873.74000000,6591265.08860000
1727899200000,2024-10-02 20:00:00,25.24000000,25.60000000,25.09000000,25.33000000,262032.57000000,1727913599999,2024-10-02 23:59:59,6646017.29530000,29864,131370.65000000,3332642.49440000
1727913600000,2024-10-03 00:00:00,25.33000000,25.62000000,25.12000000,25.56000000,292273.02000000,1727927999999,2024-10-03 03:59:59,7433728.27930000,32181,139920.51000000,3559073.59850000
1727928000000,2024-10-03 04:00:00,25.55000000,25.67000000,24.86000000,24.89000000,253998.10000000,1727942399999,2024-10-03 07:59:59,6432189.12540000,28712,116782.57000000,2960822.86290000
1727942400000,2024-10-03 08:00:00,24.89000000,25.08000000,24.19000000,24.69000000,575462.24000000,1727956799999,2024-10-03 11:59:59,14170152.60340000,59398,283046.53000000,6973070.02530000
1727956800000,2024-10-03 12:00:00,24.69000000,24.79000000,23.90000000,24.37000000,701856.22000000,1727971199999,2024-10-03 15:59:59,17063141.34680000,79620,342592.73000000,8331557.16650000
1727971200000,2024-10-03 16:00:00,24.37000000,24.79000000,23.95000000,24.77000000,290743.18000000,1727985599999,2024-10-03 19:59:59,7084440.12140000,38342,132343.12000000,3226898.07100000
1727985600000,2024-10-03 20:00:00,24.76000000,24.84000000,24.43000000,24.66000000,143535.75000000,1727999999999,2024-10-03 23:59:59,3541002.46640000,20040,64952.24000000,1602636.13410000
1728000000000,2024-10-04 00:00:00,24.66000000,25.12000000,24.44000000,24.92000000,223363.06000000,1728014399999,2024-10-04 03:59:59,5540340.36900000,30952,107624.71000000,2667736.74910000
1728014400000,2024-10-04 04:00:00,24.92000000,25.34000000,24.87000000,25.29000000,222419.73000000,1728028799999,2024-10-04 07:59:59,5583007.62950000,25304,103089.72000000,2588638.28090000
1728028800000,2024-10-04 08:00:00,25.30000000,25.71000000,25.26000000,25.71000000,287394.09000000,1728043199999,2024-10-04 11:59:59,7333218.42620000,28279,143346.45000000,3658208.07970000
1728043200000,2024-10-04 12:00:00,25.70000000,26.15000000,25.30000000,26.14000000,551320.69000000,1728057599999,2024-10-04 15:59:59,14175397.01340000,56915,275232.51000000,7080727.79510000
1728057600000,2024-10-04 16:00:00,26.15000000,26.50000000,26.01000000,26.29000000,390589.03000000,1728071999999,2024-10-04 19:59:59,10268457.92110000,47704,174064.87000000,4575928.40280000
1728072000000,2024-10-04 20:00:00,26.29000000,26.41000000,26.12000000,26.27000000,129356.06000000,1728086399999,2024-10-04 23:59:59,3397328.63860000,18696,45530.42000000,1195769.05010000
1728086400000,2024-10-05 00:00:00,26.27000000,26.45000000,25.76000000,25.85000000,220420.55000000,1728100799999,2024-10-05 03:59:59,5761008.95100000,25706,85184.25000000,2228799.06610000
1728100800000,2024-10-05 04:00:00,25.85000000,26.32000000,25.80000000,26.01000000,199779.25000000,1728115199999,2024-10-05 07:59:59,5215570.46730000,20926,93820.53000000,2449485.34880000
1728115200000,2024-10-05 08:00:00,26.02000000,26.13000000,25.82000000,25.86000000,157325.07000000,1728129599999,2024-10-05 11:59:59,4085290.05040000,18792,50893.11000000,1322356.07000000
1728129600000,2024-10-05 12:00:00,25.86000000,25.96000000,25.56000000,25.73000000,160776.18000000,1728143999999,2024-10-05 15:59:59,4139298.94950000,20725,54901.34000000,1413322.00650000
1728144000000,2024-10-05 16:00:00,25.74000000,25.75000000,25.42000000,25.46000000,158904.32000000,1728158399999,2024-10-05 19:59:59,4060006.77120000,22522,60768.99000000,1553260.90180000
1728158400000,2024-10-05 20:00:00,25.46000000,25.74000000,25.10000000,25.67000000,157158.09000000,1728172799999,2024-10-05 23:59:59,3997821.72910000,20826,72606.19000000,1849696.68590000
1728172800000,2024-10-06 00:00:00,25.67000000,25.88000000,25.49000000,25.63000000,126742.18000000,1728187199999,2024-10-06 03:59:59,3261927.16340000,19021,53145.82000000,1368329.88180000
1728187200000,2024-10-06 04:00:00,25.63000000,26.28000000,25.63000000,26.20000000,166646.50000000,1728201599999,2024-10-06 07:59:59,4325861.32940000,22957,92872.99000000,2408872.06070000
1728201600000,2024-10-06 08:00:00,26.21000000,26.36000000,26.04000000,26.35000000,149257.19000000,1728215999999,2024-10-06 11:59:59,3908518.88290000,20868,63881.52000000,1673222.24450000
1728216000000,2024-10-06 12:00:00,26.35000000,26.97000000,26.35000000,26.92000000,408154.51000000,1728230399999,2024-10-06 15:59:59,10890438.99150000,45024,195533.27000000,5221536.42270000
1728230400000,2024-10-06 16:00:00,26.93000000,27.08000000,26.73000000,26.84000000,183950.44000000,1728244799999,2024-10-06 19:59:59,4953901.03860000,27865,74500.36000000,2007922.69990000
1728244800000,2024-10-06 20:00:00,26.84000000,27.01000000,26.62000000,26.94000000,199187.69000000,1728259199999,2024-10-06 23:59:59,5346440.80490000,25250,90746.08000000,2436979.63430000
1728259200000,2024-10-07 00:00:00,26.93000000,27.56000000,26.83000000,27.29000000,235492.63000000,1728273599999,2024-10-07 03:59:59,6417606.85590000,34986,115257.03000000,3140751.30030000
1728273600000,2024-10-07 04:00:00,27.29000000,27.55000000,27.21000000,27.23000000,143500.89000000,1728287999999,2024-10-07 07:59:59,3926406.88480000,20688,75523.83000000,2067233.86890000
1728288000000,2024-10-07 08:00:00,27.23000000,27.36000000,26.63000000,27.03000000,306007.77000000,1728302399999,2024-10-07 11:59:59,8249332.80370000,36325,171602.80000000,4628915.36930000
1728302400000,2024-10-07 12:00:00,27.02000000,27.74000000,26.89000000,27.14000000,550933.87000000,1728316799999,2024-10-07 15:59:59,15026214.91180000,61059,262445.46000000,7157900.93720000
1728316800000,2024-10-07 16:00:00,27.14000000,27.45000000,26.80000000,27.14000000,331599.70000000,1728331199999,2024-10-07 19:59:59,9006214.03190000,35737,151467.06000000,4116705.95870000
1728331200000,2024-10-07 20:00:00,27.14000000,27.17000000,26.51000000,26.56000000,212041.92000000,1728345599999,2024-10-07 23:59:59,5691605.12640000,27034,91917.83000000,2464961.83420000
1728345600000,2024-10-08 00:00:00,26.57000000,27.19000000,26.55000000,27.09000000,192336.44000000,1728359999999,2024-10-08 03:59:59,5180529.20000000,26431,73332.48000000,1974812.84480000
1728360000000,2024-10-08 04:00:00,27.10000000,27.14000000,26.22000000,26.52000000,233353.30000000,1728374399999,2024-10-08 07:59:59,6198878.17000000,29866,104305.88000000,2769054.22350000
1728374400000,2024-10-08 08:00:00,26.52000000,26.78000000,26.37000000,26.71000000,141116.65000000,1728388799999,2024-10-08 11:59:59,3748220.15830000,23754,73108.02000000,1942162.34410000
1728388800000,2024-10-08 12:00:00,26.71000000,26.85000000,26.03000000,26.33000000,384090.25000000,1728403199999,2024-10-08 15:59:59,10144261.05190000,48292,201132.37000000,5312134.20220000
1728403200000,2024-10-08 16:00:00,26.34000000,26.59000000,26.17000000,26.40000000,243235.97000000,1728417599999,2024-10-08 19:59:59,6420074.98110000,31111,111144.80000000,2934133.44240000
1728417600000,2024-10-08 20:00:00,26.40000000,26.70000000,26.23000000,26.34000000,122502.67000000,1728431999999,2024-10-08 23:59:59,3242891.16240000,18742,52875.71000000,1399772.20120000
1728432000000,2024-10-09 00:00:00,26.34000000,26.70000000,26.18000000,26.33000000,189321.04000000,1728446399999,2024-10-09 03:59:59,4998131.52730000,28658,84250.27000000,2224586.01040000
1728446400000,2024-10-09 04:00:00,26.33000000,26.61000000,26.22000000,26.46000000,177571.41000000,1728460799999,2024-10-09 07:59:59,4696048.94740000,22675,99701.63000000,2637226.24520000
1728460800000,2024-10-09 08:00:00,26.46000000,26.59000000,26.29000000,26.45000000,134201.57000000,1728475199999,2024-10-09 11:59:59,3547919.05660000,19848,59782.36000000,1580585.80180000
1728475200000,2024-10-09 12:00:00,26.45000000,26.48000000,25.68000000,26.21000000,401612.36000000,1728489599999,2024-10-09 15:59:59,10447289.70710000,50500,202191.18000000,5257912.61630000
1728489600000,2024-10-09 16:00:00,26.20000000,26.30000000,25.77000000,26.10000000,427090.17000000,1728503999999,2024-10-09 19:59:59,11121620.42790000,37747,177363.85000000,4620952.67680000
1728504000000,2024-10-09 20:00:00,26.09000000,26.18000000,25.73000000,25.76000000,282291.50000000,1728518399999,2024-10-09 23:59:59,7308010.29040000,35169,119154.70000000,3086445.60750000
1728518400000,2024-10-10 00:00:00,25.76000000,26.04000000,25.54000000,25.95000000,144520.22000000,1728532799999,2024-10-10 03:59:59,3732162.18900000,21353,69167.10000000,1785707.90230000
1728532800000,2024-10-10 04:00:00,25.95000000,26.37000000,25.89000000,26.11000000,197476.73000000,1728547199999,2024-10-10 07:59:59,5172171.07580000,20672,98128.95000000,2570042.66000000
1728547200000,2024-10-10 08:00:00,26.12000000,26.24000000,25.67000000,26.15000000,158210.77000000,1728561599999,2024-10-10 11:59:59,4112805.21650000,25887,80491.73000000,2093331.82940000
1728561600000,2024-10-10 12:00:00,26.15000000,26.27000000,25.52000000,25.85000000,333803.05000000,1728575999999,2024-10-10 15:59:59,8628608.95780000,43210,178731.86000000,4621131.45950000
1728576000000,2024-10-10 16:00:00,25.86000000,25.93000000,25.06000000,25.52000000,295493.86000000,1728590399999,2024-10-10 19:59:59,7506841.02230000,39263,141992.37000000,3609685.84090000
1728590400000,2024-10-10 20:00:00,25.51000000,25.93000000,25.42000000,25.86000000,176486.71000000,1728604799999,2024-10-10 23:59:59,4529780.68780000,20799,91999.64000000,2360466.07730000
1728604800000,2024-10-11 00:00:00,25.85000000,26.15000000,25.75000000,26.04000000,142934.26000000,1728619199999,2024-10-11 03:59:59,3709131.20460000,18590,68930.49000000,1789144.14480000
1728619200000,2024-10-11 04:00:00,26.06000000,26.20000000,25.97000000,26.14000000,87853.76000000,1728633599999,2024-10-11 07:59:59,2291864.62480000,14280,37679.86000000,983204.85560000
1728633600000,2024-10-11 08:00:00,26.14000000,26.61000000,26.14000000,26.43000000,208100.66000000,1728647999999,2024-10-11 11:59:59,5502340.29040000,23966,111328.53000000,2943384.19980000
1728648000000,2024-10-11 12:00:00,26.43000000,26.82000000,26.33000000,26.78000000,342003.77000000,1728662399999,2024-10-11 15:59:59,9092750.85450000,38933,144437.24000000,3842649.34440000
1728662400000,2024-10-11 16:00:00,26.78000000,27.33000000,26.68000000,27.32000000,270953.73000000,1728676799999,2024-10-11 19:59:59,7310335.48330000,34595,138715.43000000,3744453.52790000
1728676800000,2024-10-11 20:00:00,27.31000000,27.60000000,27.23000000,27.45000000,304468.54000000,1728691199999,2024-10-11 23:59:59,8335131.08520000,31896,153965.90000000,4215239.36710000
1728691200000,2024-10-12 00:00:00,27.46000000,29.00000000,27.39000000,28.31000000,675091.51000000,1728705599999,2024-10-12 03:59:59,19123461.04820000,86161,336557.69000000,9530203.40510000
1728705600000,2024-10-12 04:00:00,28.32000000,28.55000000,28.13000000,28.17000000,209778.67000000,1728719999999,2024-10-12 07:59:59,5949639.31630000,30914,98607.67000000,2797095.05070000
1728720000000,2024-10-12 08:00:00,28.17000000,28.59000000,28.10000000,28.56000000,200186.31000000,1728734399999,2024-10-12 11:59:59,5673526.85630000,28201,101920.79000000,2888761.38790000
1728734400000,2024-10-12 12:00:00,28.56000000,29.37000000,28.50000000,29.09000000,463886.17000000,1728748799999,2024-10-12 15:59:59,13463796.03550000,55674,235247.75000000,6826918.01840000
1728748800000,2024-10-12 16:00:00,29.09000000,29.26000000,28.86000000,28.97000000,256130.21000000,1728763199999,2024-10-12 19:59:59,7447101.52360000,32003,109776.23000000,3192458.85950000
1728763200000,2024-10-12 20:00:00,28.97000000,28.99000000,28.53000000,28.64000000,258754.01000000,1728777599999,2024-10-12 23:59:59,7430496.54950000,28329,110688.37000000,3176395.17450000
1728777600000,2024-10-13 00:00:00,28.63000000,29.03000000,28.42000000,28.80000000,278007.49000000,1728791999999,2024-10-13 03:59:59,7984455.77030000,32179,137601.85000000,3952248.51760000
1728792000000,2024-10-13 04:00:00,28.80000000,29.13000000,28.80000000,29.04000000,123738.21000000,1728806399999,2024-10-13 07:59:59,3586852.70020000,19662,61892.63000000,1794442.87410000
1728806400000,2024-10-13 08:00:00,29.04000000,29.36000000,28.90000000,29.00000000,239019.49000000,1728820799999,2024-10-13 11:59:59,6955708.94470000,30381,134329.79000000,3910534.50920000
1728820800000,2024-10-13 12:00:00,29.00000000,29.26000000,28.39000000,28.47000000,447590.41000000,1728835199999,2024-10-13 15:59:59,12903363.61120000,41558,218196.68000000,6293695.32190000
1728835200000,2024-10-13 16:00:00,28.46000000,28.84000000,28.30000000,28.62000000,231560.28000000,1728849599999,2024-10-13 19:59:59,6611721.64510000,32065,123984.76000000,3541154.98530000
1728849600000,2024-10-13 20:00:00,28.63000000,29.27000000,28.42000000,29.06000000,285297.62000000,1728863999999,2024-10-13 23:59:59,8241802.43310000,37009,146760.46000000,4239920.33850000
1728864000000,2024-10-14 00:00:00,29.05000000,29.80000000,28.65000000,29.74000000,323222.10000000,1728878399999,2024-10-14 03:59:59,9459314.00530000,50833,181506.50000000,5313184.32470000
1728878400000,2024-10-14 04:00:00,29.73000000,29.87000000,29.29000000,29.50000000,304190.19000000,1728892799999,2024-10-14 07:59:59,8990696.02900000,42652,169674.67000000,5017246.99820000
1728892800000,2024-10-14 08:00:00,29.50000000,29.57000000,29.04000000,29.36000000,389444.09000000,1728907199999,2024-10-14 11:59:59,11433689.86300000,43260,199195.16000000,5849856.88520000
1728907200000,2024-10-14 12:00:00,29.36000000,29.75000000,29.07000000,29.55000000,466158.98000000,1728921599999,2024-10-14 15:59:59,13733523.57500000,64561,225162.22000000,6634844.19830000
1728921600000,2024-10-14 16:00:00,29.56000000,29.61000000,29.00000000,29.12000000,295831.33000000,1728935999999,2024-10-14 19:59:59,8645510.39710000,40362,137322.64000000,4014085.43770000
1728936000000,2024-10-14 20:00:00,29.12000000,29.43000000,28.95000000,29.07000000,228723.72000000,1728950399999,2024-10-14 23:59:59,6671963.51830000,34499,110848.33000000,3234248.14370000
1728950400000,2024-10-15 00:00:00,29.07000000,29.11000000,28.66000000,28.72000000,262459.37000000,1728964799999,2024-10-15 03:59:59,7580309.53660000,40220,107268.86000000,3098800.99720000
1728964800000,2024-10-15 04:00:00,28.72000000,28.92000000,28.45000000,28.78000000,193613.07000000,1728979199999,2024-10-15 07:59:59,5554774.40100000,27187,89674.33000000,2572653.07760000
1728979200000,2024-10-15 08:00:00,28.78000000,29.46000000,28.33000000,28.49000000,419181.80000000,1728993599999,2024-10-15 11:59:59,12128596.21410000,57860,218100.54000000,6315453.30560000
1728993600000,2024-10-15 12:00:00,28.49000000,29.62000000,27.45000000,28.11000000,1175291.98000000,1729007999999,2024-10-15 15:59:59,33507272.99510000,143641,574262.61000000,16384446.65610000
1729008000000,2024-10-15 16:00:00,28.13000000,28.62000000,28.03000000,28.22000000,382721.12000000,1729022399999,2024-10-15 19:59:59,10867392.31290000,51997,200542.22000000,5695318.60440000
1729022400000,2024-10-15 20:00:00,28.22000000,28.42000000,27.74000000,28.21000000,373501.00000000,1729036799999,2024-10-15 23:59:59,10459805.77890000,47070,181933.28000000,5095356.06040000
1729036800000,2024-10-16 00:00:00,28.21000000,28.22000000,27.65000000,27.66000000,238278.03000000,1729051199999,2024-10-16 03:59:59,6651141.94800000,32872,114021.13000000,3184766.20820000
1729051200000,2024-10-16 04:00:00,27.67000000,27.84000000,27.25000000,27.34000000,609152.81000000,1729065599999,2024-10-16 07:59:59,16757234.50640000,46199,305743.03000000,8412977.44890000
1729065600000,2024-10-16 08:00:00,27.33000000,28.03000000,27.28000000,27.88000000,338218.13000000,1729079999999,2024-10-16 11:59:59,9367048.03050000,28030,194248.86000000,5380003.70340000
1729080000000,2024-10-16 12:00:00,27.88000000,28.17000000,27.40000000,27.48000000,403159.65000000,1729094399999,2024-10-16 15:59:59,11213847.19010000,35160,210975.13000000,5871426.00210000
1729094400000,2024-10-16 16:00:00,27.48000000,27.82000000,27.32000000,27.62000000,196185.27000000,1729108799999,2024-10-16 19:59:59,5410606.23790000,19823,99349.90000000,2738804.82270000
1729108800000,2024-10-16 20:00:00,27.62000000,28.19000000,27.60000000,28.02000000,167745.06000000,1729123199999,2024-10-16 23:59:59,4692973.69940000,16384,80664.88000000,2256833.58670000
1729123200000,2024-10-17 00:00:00,28.03000000,28.27000000,27.94000000,28.06000000,115104.71000000,1729137599999,2024-10-17 03:59:59,3233781.64420000,13909,50966.41000000,1431957.07490000
1729137600000,2024-10-17 04:00:00,28.06000000,28.07000000,27.38000000,27.57000000,277657.67000000,1729151999999,2024-10-17 07:59:59,7684455.49920000,23311,109700.98000000,3034392.97860000
1729152000000,2024-10-17 08:00:00,27.57000000,27.84000000,27.18000000,27.27000000,262612.92000000,1729166399999,2024-10-17 11:59:59,7223880.45530000,22785,121914.12000000,3354908.63840000
1729166400000,2024-10-17 12:00:00,27.27000000,27.88000000,27.19000000,27.75000000,241018.68000000,1729180799999,2024-10-17 15:59:59,6632631.90510000,24516,116994.76000000,3221226.62080000
1729180800000,2024-10-17 16:00:00,27.75000000,27.78000000,26.82000000,27.16000000,329562.45000000,1729195199999,2024-10-17 19:59:59,8952896.97100000,33151,189023.58000000,5133578.90520000
1729195200000,2024-10-17 20:00:00,27.16000000,27.40000000,27.06000000,27.31000000,95834.46000000,1729209599999,2024-10-17 23:59:59,2610278.65650000,11729,49459.39000000,1347009.09160000
1729209600000,2024-10-18 00:00:00,27.31000000,27.76000000,27.10000000,27.42000000,158430.49000000,1729223999999,2024-10-18 03:59:59,4351324.81550000,17207,77190.81000000,2120658.19330000
1729224000000,2024-10-18 04:00:00,27.43000000,27.80000000,27.37000000,27.70000000,138820.84000000,1729238399999,2024-10-18 07:59:59,3834059.21560000,13645,63334.56000000,1749913.99810000
1729238400000,2024-10-18 08:00:00,27.69000000,27.73000000,27.43000000,27.46000000,131307.12000000,1729252799999,2024-10-18 11:59:59,3624744.66350000,13514,60200.15000000,1661909.02880000
1729252800000,2024-10-18 12:00:00,27.46000000,27.87000000,27.33000000,27.80000000,169016.31000000,1729267199999,2024-10-18 15:59:59,4667916.83480000,18928,85502.16000000,2362276.28620000
1729267200000,2024-10-18 16:00:00,27.80000000,28.17000000,27.61000000,27.87000000,204432.98000000,1729281599999,2024-10-18 19:59:59,5711703.43980000,20103,92415.37000000,2581507.97050000
1729281600000,2024-10-18 20:00:00,27.87000000,28.12000000,27.79000000,28.10000000,92681.74000000,1729295999999,2024-10-18 23:59:59,2588407.18390000,9564,47087.89000000,1315456.66170000
1729296000000,2024-10-19 00:00:00,28.10000000,28.46000000,28.03000000,28.26000000,159794.40000000,1729310399999,2024-10-19 03:59:59,4510955.98300000,17156,70090.47000000,1979372.09840000
1729310400000,2024-10-19 04:00:00,28.27000000,28.33000000,28.04000000,28.06000000,92467.65000000,1729324799999,2024-10-19 07:59:59,2608086.96390000,9044,36210.96000000,1021815.32160000
1729324800000,2024-10-19 08:00:00,28.06000000,28.18000000,27.72000000,27.72000000,101849.31000000,1729339199999,2024-10-19 11:59:59,2847250.02690000,12888,36495.28000000,1020613.21910000
1729339200000,2024-10-19 12:00:00,27.72000000,28.25000000,27.71000000,28.12000000,105873.08000000,1729353599999,2024-10-19 15:59:59,2965174.86770000,10583,54080.24000000,1514394.90220000
1729353600000,2024-10-19 16:00:00,28.12000000,28.14000000,27.88000000,27.91000000,72426.02000000,1729367999999,2024-10-19 19:59:59,2026449.64360000,9300,25045.08000000,700792.78460000
1729368000000,2024-10-19 20:00:00,27.92000000,28.20000000,27.90000000,28.10000000,56321.51000000,1729382399999,2024-10-19 23:59:59,1581054.12430000,10410,29302.84000000,822634.17700000
1729382400000,2024-10-20 00:00:00,28.10000000,28.22000000,27.77000000,27.82000000,74100.72000000,1729396799999,2024-10-20 03:59:59,2073252.12120000,9922,42760.30000000,1197107.85640000
1729396800000,2024-10-20 04:00:00,27.82000000,28.05000000,27.76000000,27.93000000,68429.33000000,1729411199999,2024-10-20 07:59:59,1909731.32100000,8974,32762.24000000,914520.43460000
1729411200000,2024-10-20 08:00:00,27.94000000,28.18000000,27.87000000,28.13000000,84576.27000000,1729425599999,2024-10-20 11:59:59,2370763.22870000,8091,42744.11000000,1198551.99860000
1729425600000,2024-10-20 12:00:00,28.13000000,28.46000000,27.83000000,28.38000000,270112.83000000,1729439999999,2024-10-20 15:59:59,7617230.44050000,24453,142588.88000000,4019506.92020000
1729440000000,2024-10-20 16:00:00,28.39000000,28.44000000,28.14000000,28.30000000,109348.26000000,1729454399999,2024-10-20 19:59:59,3092410.12890000,11820,53474.70000000,1511779.34590000
1729454400000,2024-10-20 20:00:00,28.31000000,29.00000000,28.21000000,28.96000000,277423.16000000,1729468799999,2024-10-20 23:59:59,7954395.14900000,28847,136243.94000000,3907288.95650000
1729468800000,2024-10-21 00:00:00,28.97000000,29.32000000,28.60000000,28.69000000,302122.07000000,1729483199999,2024-10-21 03:59:59,8774381.85870000,28637,132497.37000000,3847654.98980000
1729483200000,2024-10-21 04:00:00,28.68000000,29.08000000,28.59000000,28.62000000,186562.99000000,1729497599999,2024-10-21 07:59:59,5373627.22720000,16616,85481.64000000,2462601.20890000
1729497600000,2024-10-21 08:00:00,28.63000000,28.80000000,28.24000000,28.25000000,206242.30000000,1729511999999,2024-10-21 11:59:59,5872414.65880000,20364,97054.53000000,2763610.98810000
1729512000000,2024-10-21 12:00:00,28.26000000,28.35000000,27.60000000,27.76000000,428779.54000000,1729526399999,2024-10-21 15:59:59,11965600.31650000,36014,202615.71000000,5649265.59160000
1729526400000,2024-10-21 16:00:00,27.75000000,28.01000000,27.38000000,27.99000000,241371.25000000,1729540799999,2024-10-21 19:59:59,6689510.15030000,20188,131407.16000000,3642890.52040000
1729540800000,2024-10-21 20:00:00,27.99000000,28.05000000,27.74000000,27.75000000,150129.92000000,1729555199999,2024-10-21 23:59:59,4189560.53910000,13158,73850.79000000,2060867.90180000
1729555200000,2024-10-22 00:00:00,27.75000000,28.15000000,27.41000000,28.03000000,163463.12000000,1729569599999,2024-10-22 03:59:59,4546010.74640000,18665,88161.92000000,2452850.17540000
1729569600000,2024-10-22 04:00:00,28.03000000,28.23000000,27.89000000,27.99000000,112644.69000000,1729583999999,2024-10-22 07:59:59,3164127.20520000,10488,58301.41000000,1637618.41160000
1729584000000,2024-10-22 08:00:00,27.98000000,28.02000000,27.24000000,27.77000000,303413.77000000,1729598399999,2024-10-22 11:59:59,8385182.70570000,29054,151027.20000000,4174210.95350000
1729598400000,2024-10-22 12:00:00,27.76000000,27.99000000,27.42000000,27.81000000,419470.18000000,1729612799999,2024-10-22 15:59:59,11627818.37460000,31086,202956.50000000,5628086.05810000
1729612800000,2024-10-22 16:00:00,27.81000000,27.82000000,27.38000000,27.66000000,217465.62000000,1729627199999,2024-10-22 19:59:59,6009825.44690000,17020,111134.50000000,3070881.38580000
1729627200000,2024-10-22 20:00:00,27.67000000,27.80000000,27.57000000,27.64000000,94915.40000000,1729641599999,2024-10-22 23:59:59,2626809.33250000,9735,46778.78000000,1294834.25720000
1729641600000,2024-10-23 00:00:00,27.65000000,27.71000000,27.14000000,27.34000000,158177.39000000,1729655999999,2024-10-23 03:59:59,4335632.51830000,13993,77624.30000000,2127979.32730000
1729656000000,2024-10-23 04:00:00,27.35000000,27.47000000,27.04000000,27.07000000,155889.21000000,1729670399999,2024-10-23 07:59:59,4247368.37570000,15305,67741.98000000,1846888.68950000
1729670400000,2024-10-23 08:00:00,27.08000000,27.22000000,26.56000000,26.64000000,370199.14000000,1729684799999,2024-10-23 11:59:59,9938329.52680000,25319,177330.82000000,4759646.67300000
1729684800000,2024-10-23 12:00:00,26.64000000,26.91000000,26.34000000,26.51000000,290818.26000000,1729699199999,2024-10-23 15:59:59,7747512.98100000,24681,149653.57000000,3987787.93650000
1729699200000,2024-10-23 16:00:00,26.51000000,26.59000000,25.89000000,26.58000000,591944.74000000,1729713599999,2024-10-23 19:59:59,15518614.20830000,36968,300699.90000000,7887187.70520000
1729713600000,2024-10-23 20:00:00,26.59000000,26.81000000,26.49000000,26.75000000,130960.16000000,1729727999999,2024-10-23 23:59:59,3490747.59160000,12050,69998.04000000,1866293.34440000
1729728000000,2024-10-24 00:00:00,26.75000000,27.23000000,26.60000000,27.00000000,283474.85000000,1729742399999,2024-10-24 03:59:59,7650462.19170000,19330,171281.65000000,4622437.86450000
1729742400000,2024-10-24 04:00:00,26.99000000,27.19000000,26.84000000,26.84000000,141265.71000000,1729756799999,2024-10-24 07:59:59,3821367.14710000,12417,63914.15000000,1729246.47230000
1729756800000,2024-10-24 08:00:00,26.84000000,26.93000000,26.38000000,26.59000000,343249.80000000,1729771199999,2024-10-24 11:59:59,9127827.27700000,19677,202964.99000000,5395598.95400000
1729771200000,2024-10-24 12:00:00,26.59000000,26.93000000,26.54000000,26.80000000,265127.52000000,1729785599999,2024-10-24 15:59:59,7089950.62150000,22088,144281.54000000,3858362.54450000
1729785600000,2024-10-24 16:00:00,26.81000000,27.06000000,26.67000000,27.05000000,118162.39000000,1729799999999,2024-10-24 19:59:59,3174065.30950000,12951,58020.96000000,1558819.23030000
1729800000000,2024-10-24 20:00:00,27.05000000,27.24000000,26.79000000,26.83000000,172684.93000000,1729814399999,2024-10-24 23:59:59,4660770.05260000,14629,93291.59000000,2517405.18600000
1729814400000,2024-10-25 00:00:00,26.84000000,26.89000000,26.39000000,26.56000000,144929.88000000,1729828799999,2024-10-25 03:59:59,3855110.13100000,14368,65753.38000000,1748931.41870000
1729828800000,2024-10-25 04:00:00,26.57000000,26.60000000,26.05000000,26.24000000,164867.17000000,1729843199999,2024-10-25 07:59:59,4329418.05070000,18101,81823.75000000,2148370.33340000
1729843200000,2024-10-25 08:00:00,26.25000000,26.59000000,26.05000000,26.56000000,142755.65000000,1729857599999,2024-10-25 11:59:59,3772554.81980000,17973,77570.50000000,2050728.09140000
1729857600000,2024-10-25 12:00:00,26.55000000,26.77000000,26.07000000,26.15000000,260027.11000000,1729871999999,2024-10-25 15:59:59,6886251.56740000,23916,131725.39000000,3489977.23840000
1729872000000,2024-10-25 16:00:00,26.15000000,26.27000000,25.44000000,25.90000000,477285.28000000,1729886399999,2024-10-25 19:59:59,12358774.30950000,49703,243332.46000000,6303751.68260000
1729886400000,2024-10-25 20:00:00,25.90000000,26.09000000,24.01000000,24.93000000,908770.28000000,1729900799999,2024-10-25 23:59:59,22523188.16420000,57856,414849.18000000,10289637.58900000
1729900800000,2024-10-26 00:00:00,24.94000000,25.37000000,24.56000000,25.29000000,425192.84000000,1729915199999,2024-10-26 03:59:59,10600816.43730000,29440,211372.87000000,5269800.43000000
1729915200000,2024-10-26 04:00:00,25.28000000,25.60000000,25.22000000,25.43000000,133778.57000000,1729929599999,2024-10-26 07:59:59,3401987.17030000,12435,61254.98000000,1557689.04490000
1729929600000,2024-10-26 08:00:00,25.42000000,25.67000000,25.40000000,25.62000000,101279.34000000,1729943999999,2024-10-26 11:59:59,2589185.57180000,9900,53132.70000000,1358413.91770000
1729944000000,2024-10-26 12:00:00,25.61000000,25.68000000,24.90000000,25.08000000,184366.49000000,1729958399999,2024-10-26 15:59:59,4651904.88860000,17038,71808.34000000,1810694.88620000
1729958400000,2024-10-26 16:00:00,25.09000000,25.48000000,24.98000000,25.44000000,108374.62000000,1729972799999,2024-10-26 19:59:59,2737190.64950000,11724,58894.63000000,1488033.84620000
1729972800000,2024-10-26 20:00:00,25.44000000,25.62000000,25.29000000,25.41000000,89879.70000000,1729987199999,2024-10-26 23:59:59,2287952.32130000,8330,47802.58000000,1217273.28690000
1729987200000,2024-10-27 00:00:00,25.41000000,25.60000000,25.25000000,25.59000000,78704.63000000,1730001599999,2024-10-27 03:59:59,1998038.79690000,8731,37202.54000000,944734.32460000
1730001600000,2024-10-27 04:00:00,25.59000000,25.61000000,25.43000000,25.45000000,63041.11000000,1730015999999,2024-10-27 07:59:59,1610092.73110000,7038,33043.84000000,844006.14200000
1730016000000,2024-10-27 08:00:00,25.45000000,25.55000000,25.30000000,25.37000000,57521.82000000,1730030399999,2024-10-27 11:59:59,1461333.85530000,8450,27360.92000000,695605.31360000
1730030400000,2024-10-27 12:00:00,25.36000000,25.83000000,25.36000000,25.79000000,132300.00000000,1730044799999,2024-10-27 15:59:59,3396575.92400000,14146,75474.70000000,1937963.52200000
1730044800000,2024-10-27 16:00:00,25.80000000,25.94000000,25.58000000,25.69000000,149409.29000000,1730059199999,2024-10-27 19:59:59,3850044.39140000,14591,77186.03000000,1989161.96070000
1730059200000,2024-10-27 20:00:00,25.68000000,25.91000000,25.59000000,25.77000000,115484.85000000,1730073599999,2024-10-27 23:59:59,2975455.88230000,14009,63827.72000000,1644984.31920000
1730073600000,2024-10-28 00:00:00,25.77000000,25.88000000,25.16000000,25.20000000,137176.10000000,1730087999999,2024-10-28 03:59:59,3508844.50610000,17935,66251.17000000,1695406.41310000
1730088000000,2024-10-28 04:00:00,25.21000000,25.87000000,25.05000000,25.74000000,166157.89000000,1730102399999,2024-10-28 07:59:59,4232648.69150000,21310,96489.11000000,2457553.92850000
1730102400000,2024-10-28 08:00:00,25.75000000,26.29000000,25.74000000,26.21000000,254713.21000000,1730116799999,2024-10-28 11:59:59,6629125.00150000,25001,152701.80000000,3973967.20390000
1730116800000,2024-10-28 12:00:00,26.21000000,26.32000000,25.57000000,25.58000000,249695.47000000,1730131199999,2024-10-28 15:59:59,6495325.99890000,27630,120311.20000000,3130057.24500000
1730131200000,2024-10-28 16:00:00,25.57000000,26.04000000,25.36000000,25.87000000,268380.27000000,1730145599999,2024-10-28 19:59:59,6907202.22200000,29563,127887.92000000,3290540.14620000
1730145600000,2024-10-28 20:00:00,25.87000000,26.54000000,25.84000000,26.25000000,433415.91000000,1730159999999,2024-10-28 23:59:59,11381913.13000000,36121,194042.70000000,5094880.22500000
1730160000000,2024-10-29 00:00:00,26.26000000,26.97000000,26.17000000,26.81000000,270436.58000000,1730174399999,2024-10-29 03:59:59,7211062.80950000,25218,135567.33000000,3615729.99180000
1730174400000,2024-10-29 04:00:00,26.81000000,26.89000000,26.48000000,26.54000000,147544.51000000,1730188799999,2024-10-29 07:59:59,3934511.95830000,13468,69712.26000000,1859045.51060000
1730188800000,2024-10-29 08:00:00,26.54000000,26.83000000,26.50000000,26.77000000,149050.77000000,1730203199999,2024-10-29 11:59:59,3973612.22050000,13952,86505.52000000,2307030.38110000
1730203200000,2024-10-29 12:00:00,26.76000000,26.86000000,26.40000000,26.74000000,320374.74000000,1730217599999,2024-10-29 15:59:59,8530267.13480000,23185,145691.74000000,3881565.28250000
1730217600000,2024-10-29 16:00:00,26.74000000,27.16000000,26.55000000,26.60000000,400115.93000000,1730231999999,2024-10-29 19:59:59,10771269.73660000,31587,200432.29000000,5396623.32650000
1730232000000,2024-10-29 20:00:00,26.60000000,26.92000000,26.30000000,26.88000000,205427.27000000,1730246399999,2024-10-29 23:59:59,5465959.89400000,18275,102046.68000000,2714475.30670000
1730246400000,2024-10-30 00:00:00,26.88000000,26.91000000,26.40000000,26.60000000,212877.59000000,1730260799999,2024-10-30 03:59:59,5674704.37310000,16648,82224.37000000,2193319.30590000
1730260800000,2024-10-30 04:00:00,26.60000000,26.76000000,26.48000000,26.61000000,378020.13000000,1730275199999,2024-10-30 07:59:59,10062848.65860000,19776,230134.38000000,6127264.77630000
1730275200000,2024-10-30 08:00:00,26.61000000,26.68000000,26.12000000,26.14000000,533091.71000000,1730289599999,2024-10-30 11:59:59,14103040.22780000,29893,245451.59000000,6495805.32770000
1730289600000,2024-10-30 12:00:00,26.15000000,26.49000000,26.01000000,26.13000000,285748.29000000,1730303999999,2024-10-30 15:59:59,7489031.20190000,27456,127102.74000000,3333713.53540000
1730304000000,2024-10-30 16:00:00,26.14000000,26.32000000,26.07000000,26.16000000,100492.10000000,1730318399999,2024-10-30 19:59:59,2633297.15820000,14845,50886.38000000,1333697.60000000
1730318400000,2024-10-30 20:00:00,26.16000000,26.49000000,26.05000000,26.18000000,123950.72000000,1730332799999,2024-10-30 23:59:59,3257829.18570000,15814,61452.19000000,1615433.01200000
1730332800000,2024-10-31 00:00:00,26.17000000,26.23000000,25.94000000,26.07000000,101996.88000000,1730347199999,2024-10-31 03:59:59,2662318.10020000,13541,44865.96000000,1171197.98500000
1730347200000,2024-10-31 04:00:00,26.08000000,26.09000000,25.76000000,25.94000000,125011.85000000,1730361599999,2024-10-31 07:59:59,3242041.59090000,12332,55030.32000000,1427297.84580000
1730361600000,2024-10-31 08:00:00,25.94000000,25.95000000,25.67000000,25.75000000,139049.65000000,1730375999999,2024-10-31 11:59:59,3585541.92140000,14345,59827.42000000,1543017.87360000
1730376000000,2024-10-31 12:00:00,25.75000000,25.80000000,25.10000000,25.27000000,302365.23000000,1730390399999,2024-10-31 15:59:59,7677607.00560000,25802,148623.48000000,3773800.99090000
1730390400000,2024-10-31 16:00:00,25.27000000,25.27000000,24.68000000,24.71000000,424581.65000000,1730404799999,2024-10-31 19:59:59,10605455.61170000,24948,200035.26000000,4992828.69690000
1730404800000,2024-10-31 20:00:00,24.72000000,25.25000000,24.69000000,25.03000000,296608.35000000,1730419199999,2024-10-31 23:59:59,7413111.49190000,16331,166085.72000000,4151177.67740000
1730419200000,2024-11-01 00:00:00,25.03000000,25.08000000,24.56000000,24.87000000,146598.76000000,1730433599999,2024-11-01 03:59:59,3644117.57530000,14829,69846.53000000,1736722.48970000
1730433600000,2024-11-01 04:00:00,24.88000000,25.01000000,24.40000000,24.67000000,161133.87000000,1730447999999,2024-11-01 07:59:59,3982957.01170000,14191,62500.63000000,1544642.67660000
1730448000000,2024-11-01 08:00:00,24.67000000,25.20000000,24.65000000,25.13000000,313000.30000000,1730462399999,2024-11-01 11:59:59,7804570.06450000,17979,173134.58000000,4318761.20680000
1730462400000,2024-11-01 12:00:00,25.13000000,25.71000000,24.59000000,24.90000000,547785.49000000,1730476799999,2024-11-01 15:59:59,13839868.41710000,45145,237185.47000000,5993684.93460000
1730476800000,2024-11-01 16:00:00,24.89000000,25.21000000,24.68000000,24.78000000,241662.23000000,1730491199999,2024-11-01 19:59:59,6023359.95630000,19596,97981.23000000,2444100.76000000
1730491200000,2024-11-01 20:00:00,24.79000000,24.94000000,24.49000000,24.78000000,156225.24000000,1730505599999,2024-11-01 23:59:59,3868055.61190000,14719,61073.03000000,1513148.86460000
1730505600000,2024-11-02 00:00:00,24.79000000,25.02000000,24.76000000,24.83000000,62172.90000000,1730519999999,2024-11-02 03:59:59,1548087.06590000,7692,28500.02000000,709732.71770000
1730520000000,2024-11-02 04:00:00,24.84000000,24.97000000,24.76000000,24.87000000,74289.19000000,1730534399999,2024-11-02 07:59:59,1847187.71570000,7835,30086.21000000,748058.63010000
1730534400000,2024-11-02 08:00:00,24.88000000,24.91000000,24.63000000,24.66000000,63718.30000000,1730548799999,2024-11-02 11:59:59,1575290.49100000,7650,27368.64000000,676663.28860000
1730548800000,2024-11-02 12:00:00,24.66000000,24.72000000,24.06000000,24.24000000,308800.16000000,1730563199999,2024-11-02 15:59:59,7486771.10060000,32657,140696.33000000,3411277.69760000
1730563200000,2024-11-02 16:00:00,24.24000000,24.38000000,23.96000000,24.18000000,170233.80000000,1730577599999,2024-11-02 19:59:59,4108606.91220000,15148,57489.85000000,1388369.11110000
1730577600000,2024-11-02 20:00:00,24.18000000,24.27000000,24.00000000,24.12000000,68252.72000000,1730591999999,2024-11-02 23:59:59,1648344.26700000,7267,28483.39000000,688085.98480000
1730592000000,2024-11-03 00:00:00,24.13000000,24.20000000,23.20000000,23.59000000,392422.57000000,1730606399999,2024-11-03 03:59:59,9284161.81570000,42090,170682.81000000,4037031.33170000
1730606400000,2024-11-03 04:00:00,23.59000000,23.79000000,23.53000000,23.61000000,97383.86000000,1730620799999,2024-11-03 07:59:59,2305211.38360000,11064,46001.90000000,1089087.01340000
1730620800000,2024-11-03 08:00:00,23.61000000,23.65000000,23.20000000,23.24000000,284618.26000000,1730635199999,2024-11-03 11:59:59,6669032.10260000,20306,107775.12000000,2525548.32230000
1730635200000,2024-11-03 12:00:00,23.23000000,23.31000000,22.60000000,23.05000000,598409.72000000,1730649599999,2024-11-03 15:59:59,13698027.36040000,46976,247965.41000000,5675656.68460000
1730649600000,2024-11-03 16:00:00,23.04000000,23.32000000,22.85000000,23.31000000,248018.65000000,1730663999999,2024-11-03 19:59:59,5728807.41800000,21129,109158.62000000,2522705.15890000
1730664000000,2024-11-03 20:00:00,23.30000000,23.73000000,23.25000000,23.54000000,219131.63000000,1730678399999,2024-11-03 23:59:59,5160099.81890000,19042,117767.14000000,2773877.76210000
1730678400000,2024-11-04 00:00:00,23.53000000,23.94000000,23.34000000,23.71000000,186361.95000000,1730692799999,2024-11-04 03:59:59,4406080.21990000,19043,91514.60000000,2165094.52750000
1730692800000,2024-11-04 04:00:00,23.71000000,23.85000000,23.46000000,23.48000000,107496.72000000,1730707199999,2024-11-04 07:59:59,2537319.87130000,11060,44510.46000000,1051573.63400000
1730707200000,2024-11-04 08:00:00,23.48000000,23.71000000,23.23000000,23.61000000,205634.98000000,1730721599999,2024-11-04 11:59:59,4825060.14180000,22585,96571.16000000,2266716.39800000
1730721600000,2024-11-04 12:00:00,23.61000000,23.80000000,23.14000000,23.21000000,275775.88000000,1730735999999,2024-11-04 15:59:59,6467171.60200000,32007,107008.54000000,2513243.95680000
1730736000000,2024-11-04 16:00:00,23.22000000,23.24000000,22.87000000,22.91000000,338988.85000000,1730750399999,2024-11-04 19:59:59,7798560.13640000,31756,138704.88000000,3190821.45460000
1730750400000,2024-11-04 20:00:00,22.90000000,23.51000000,22.35000000,22.72000000,584166.45000000,1730764799999,2024-11-04 23:59:59,13335569.14610000,57842,262339.93000000,5990217.59130000
1730764800000,2024-11-05 00:00:00,22.72000000,22.92000000,22.59000000,22.85000000,228389.44000000,1730779199999,2024-11-05 03:59:59,5204361.61140000,28486,86534.32000000,1972013.21340000
1730779200000,2024-11-05 04:00:00,22.85000000,23.23000000,22.85000000,23.18000000,130824.52000000,1730793599999,2024-11-05 07:59:59,3020248.74200000,17568,62709.02000000,1447576.18040000
1730793600000,2024-11-05 08:00:00,23.19000000,23.41000000,23.13000000,23.30000000,134902.01000000,1730807999999,2024-11-05 11:59:59,3139066.92690000,18623,63348.93000000,1474624.81440000
1730808000000,2024-11-05 12:00:00,23.31000000,24.22000000,23.26000000,23.97000000,443739.65000000,1730822399999,2024-11-05 15:59:59,10575729.91700000,52845,227724.36000000,5426464.23740000
1730822400000,2024-11-05 16:00:00,23.98000000,24.51000000,23.63000000,23.71000000,457294.79000000,1730836799999,2024-11-05 19:59:59,11056865.19780000,40651,209146.50000000,5060575.33100000
1730836800000,2024-11-05 20:00:00,23.71000000,24.13000000,23.60000000,23.99000000,310620.60000000,1730851199999,2024-11-05 23:59:59,7425445.40880000,26599,130060.60000000,3110098.24440000
1730851200000,2024-11-06 00:00:00,24.00000000,26.45000000,24.00000000,26.21000000,1060613.73000000,1730865599999,2024-11-06 03:59:59,26989747.69670000,88721,550648.47000000,14000993.81510000
1730865600000,2024-11-06 04:00:00,26.22000000,26.54000000,25.76000000,25.87000000,913799.96000000,1730879999999,2024-11-06 07:59:59,23953123.26590000,72666,417480.63000000,10952534.77890000
1730880000000,2024-11-06 08:00:00,25.88000000,26.35000000,25.47000000,26.34000000,488663.91000000,1730894399999,2024-11-06 11:59:59,12666039.09260000,38985,240302.76000000,6233507.87520000
1730894400000,2024-11-06 12:00:00,26.34000000,26.58000000,26.00000000,26.15000000,407596.79000000,1730908799999,2024-11-06 15:59:59,10733177.02930000,38200,187265.73000000,4931226.66350000
1730908800000,2024-11-06 16:00:00,26.16000000,26.69000000,26.03000000,26.61000000,295321.33000000,1730923199999,2024-11-06 19:59:59,7798352.01230000,25312,173417.81000000,4583342.45260000
1730923200000,2024-11-06 20:00:00,26.62000000,27.30000000,26.46000000,27.01000000,503934.83000000,1730937599999,2024-11-06 23:59:59,13520865.05340000,41298,263838.36000000,7083058.23520000
1730937600000,2024-11-07 00:00:00,27.01000000,28.00000000,26.95000000,27.69000000,586183.38000000,1730951999999,2024-11-07 03:59:59,16173032.91990000,48381,301981.68000000,8334255.27650000
1730952000000,2024-11-07 04:00:00,27.69000000,27.74000000,26.73000000,26.93000000,308373.78000000,1730966399999,2024-11-07 07:59:59,8376388.58290000,33498,127927.55000000,3474397.83550000
1730966400000,2024-11-07 08:00:00,26.93000000,27.11000000,26.64000000,26.65000000,252370.08000000,1730980799999,2024-11-07 11:59:59,6785366.07740000,23050,128628.02000000,3459240.38850000
1730980800000,2024-11-07 12:00:00,26.65000000,27.29000000,26.51000000,27.28000000,372594.90000000,1730995199999,2024-11-07 15:59:59,10000375.55980000,37052,190402.58000000,5115885.84060000
1730995200000,2024-11-07 16:00:00,27.28000000,27.69000000,27.14000000,27.61000000,449481.92000000,1731009599999,2024-11-07 19:59:59,12343590.65640000,54761,239561.51000000,6577746.99870000
1731009600000,2024-11-07 20:00:00,27.61000000,27.76000000,27.10000000,27.38000000,335552.87000000,1731023999999,2024-11-07 23:59:59,9194451.43500000,40153,149032.36000000,4083711.86360000
1731024000000,2024-11-08 00:00:00,27.39000000,28.00000000,27.10000000,27.40000000,341209.88000000,1731038399999,2024-11-08 03:59:59,9423464.69930000,47484,150674.13000000,4161558.29030000
1731038400000,2024-11-08 04:00:00,27.39000000,27.69000000,27.17000000,27.59000000,218528.27000000,1731052799999,2024-11-08 07:59:59,5987991.72820000,30535,100493.04000000,2754557.88910000
1731052800000,2024-11-08 08:00:00,27.59000000,28.24000000,27.35000000,28.15000000,408834.16000000,1731067199999,2024-11-08 11:59:59,11382599.30290000,57499,213888.54000000,5960000.94810000
1731067200000,2024-11-08 12:00:00,28.14000000,28.58000000,27.82000000,28.09000000,618959.07000000,1731081599999,2024-11-08 15:59:59,17467442.84240000,115337,320503.36000000,9048382.87740000
1731081600000,2024-11-08 16:00:00,28.09000000,28.50000000,27.51000000,28.34000000,508521.10000000,1731095999999,2024-11-08 19:59:59,14258466.43270000,95340,264993.44000000,7430184.77050000
1731096000000,2024-11-08 20:00:00,28.33000000,28.79000000,28.08000000,28.78000000,327641.93000000,1731110399999,2024-11-08 23:59:59,9309461.47090000,56860,174641.47000000,4964097.29560000
1731110400000,2024-11-09 00:00:00,28.78000000,29.65000000,28.58000000,28.67000000,649755.95000000,1731124799999,2024-11-09 03:59:59,18891564.47590000,86497,336572.73000000,9785609.86810000
1731124800000,2024-11-09 04:00:00,28.68000000,29.68000000,28.68000000,29.26000000,455226.37000000,1731139199999,2024-11-09 07:59:59,13303656.12230000,57186,251971.40000000,7364143.10560000
1731139200000,2024-11-09 08:00:00,29.27000000,29.79000000,29.23000000,29.50000000,390078.49000000,1731153599999,2024-11-09 11:59:59,11519488.02320000,49326,175427.21000000,5179446.94030000
1731153600000,2024-11-09 12:00:00,29.50000000,29.59000000,28.62000000,28.82000000,407464.63000000,1731167999999,2024-11-09 15:59:59,11805356.32860000,52133,168113.97000000,4872430.95930000
1731168000000,2024-11-09 16:00:00,28.83000000,29.16000000,28.49000000,29.00000000,291078.08000000,1731182399999,2024-11-09 19:59:59,8400867.53330000,41634,151514.26000000,4374665.07240000
1731182400000,2024-11-09 20:00:00,29.00000000,30.48000000,28.96000000,30.36000000,623802.18000000,1731196799999,2024-11-09 23:59:59,18576776.66010000,74271,319052.75000000,9502881.72560000
1731196800000,2024-11-10 00:00:00,30.37000000,30.67000000,29.69000000,30.47000000,758743.68000000,1731211199999,2024-11-10 03:59:59,22967174.73620000,101146,386676.80000000,11699571.99440000
1731211200000,2024-11-10 04:00:00,30.48000000,32.00000000,30.46000000,31.52000000,1118894.44000000,1731225599999,2024-11-10 07:59:59,35267855.53950000,158820,577412.27000000,18185159.49940000
1731225600000,2024-11-10 08:00:00,31.53000000,32.15000000,31.30000000,31.99000000,573896.39000000,1731239999999,2024-11-10 11:59:59,18246715.27780000,88979,291751.16000000,9279254.82330000
1731240000000,2024-11-10 12:00:00,31.99000000,32.82000000,31.60000000,32.34000000,1107630.31000000,1731254399999,2024-11-10 15:59:59,35668338.71030000,165342,538282.46000000,17340758.67980000
1731254400000,2024-11-10 16:00:00,32.34000000,33.29000000,31.71000000,32.03000000,1084390.27000000,1731268799999,2024-11-10 19:59:59,35394998.95020000,159547,560144.45000000,18293370.56840000
1731268800000,2024-11-10 20:00:00,32.03000000,32.40000000,30.01000000,31.89000000,1488580.93000000,1731283199999,2024-11-10 23:59:59,46661206.17050000,196374,681938.76000000,21389786.81410000
1731283200000,2024-11-11 00:00:00,31.89000000,32.61000000,31.73000000,32.24000000,672946.32000000,1731297599999,2024-11-11 03:59:59,21683748.10460000,87814,346078.10000000,11152951.07060000
1731297600000,2024-11-11 04:00:00,32.25000000,32.27000000,30.70000000,31.34000000,643461.71000000,1731311999999,2024-11-11 07:59:59,20142667.31940000,89033,310886.23000000,9734004.50140000
1731312000000,2024-11-11 08:00:00,31.33000000,32.25000000,31.18000000,32.15000000,493250.34000000,1731326399999,2024-11-11 11:59:59,15619735.28890000,66086,269889.71000000,8547172.56580000
1731326400000,2024-11-11 12:00:00,32.14000000,32.91000000,31.69000000,32.48000000,1445304.81000000,1731340799999,2024-11-11 15:59:59,46623936.06290000,175806,692911.06000000,22363154.67150000
1731340800000,2024-11-11 16:00:00,32.47000000,34.59000000,32.43000000,33.96000000,2103687.46000000,1731355199999,2024-11-11 19:59:59,71158232.12580000,241631,1085546.54000000,36719782.93670000
1731355200000,2024-11-11 20:00:00,33.97000000,35.79000000,33.86000000,35.71000000,1649780.69000000,1731369599999,2024-11-11 23:59:59,57354479.12760000,194406,822797.65000000,28632297.95310000
1731369600000,2024-11-12 00:00:00,35.72000000,36.33000000,34.15000000,35.97000000,1546255.87000000,1731383999999,2024-11-12 03:59:59,54849569.80790000,188960,719017.15000000,25516389.82260000
1731384000000,2024-11-12 04:00:00,35.96000000,37.42000000,34.93000000,36.42000000,1257247.08000000,1731398399999,2024-11-12 07:59:59,45550697.84110000,187234,661454.92000000,23976527.71450000
1731398400000,2024-11-12 08:00:00,36.41000000,37.67000000,32.96000000,34.43000000,2417858.21000000,1731412799999,2024-11-12 11:59:59,85539666.90530000,396737,1106110.50000000,39134656.54850000
1731412800000,2024-11-12 12:00:00,34.43000000,35.17000000,32.66000000,33.89000000,1992541.84000000,1731427199999,2024-11-12 15:59:59,67513720.70560000,291759,920378.23000000,31207149.07250000
1731427200000,2024-11-12 16:00:00,33.90000000,34.65000000,33.18000000,34.24000000,1137555.77000000,1731441599999,2024-11-12 19:59:59,38512492.88300000,150282,568911.16000000,19267518.65300000
1731441600000,2024-11-12 20:00:00,34.25000000,35.13000000,33.63000000,33.96000000,723208.87000000,1731455999999,2024-11-12 23:59:59,24812786.44560000,98998,337920.96000000,11606805.40290000
1731456000000,2024-11-13 00:00:00,33.96000000,34.80000000,32.34000000,32.36000000,962032.21000000,1731470399999,2024-11-13 03:59:59,32345923.21030000,137798,459485.59000000,15461277.47640000
1731470400000,2024-11-13 04:00:00,32.35000000,33.00000000,31.20000000,32.05000000,1080751.49000000,1731484799999,2024-11-13 07:59:59,34486452.87080000,144903,518343.08000000,16547192.74870000
1731484800000,2024-11-13 08:00:00,32.05000000,32.58000000,31.70000000,32.23000000,684427.97000000,1731499199999,2024-11-13 11:59:59,21952962.59940000,88644,355858.49000000,11417986.61120000
1731499200000,2024-11-13 12:00:00,32.23000000,34.89000000,31.84000000,34.74000000,2623996.50000000,1731513599999,2024-11-13 15:59:59,88385865.44120000,245011,1373676.76000000,46250539.07750000
1731513600000,2024-11-13 16:00:00,34.74000000,35.05000000,32.35000000,32.47000000,1807795.64000000,1731527999999,2024-11-13 19:59:59,61319562.97070000,226615,939935.78000000,31923228.45520000
1731528000000,2024-11-13 20:00:00,32.46000000,33.23000000,31.64000000,33.12000000,1016964.10000000,1731542399999,2024-11-13 23:59:59,32994165.65010000,119461,512485.80000000,16635573.46900000
1731542400000,2024-11-14 00:00:00,33.11000000,33.40000000,32.23000000,33.34000000,463604.41000000,1731556799999,2024-11-14 03:59:59,15219730.58810000,67881,225317.90000000,7402066.02260000
1731556800000,2024-11-14 04:00:00,33.34000000,34.72000000,32.94000000,33.75000000,675783.94000000,1731571199999,2024-11-14 07:59:59,22754371.51180000,85173,329741.29000000,11101231.03100000
1731571200000,2024-11-14 08:00:00,33.75000000,33.81000000,32.10000000,32.48000000,767583.02000000,1731585599999,2024-11-14 11:59:59,25420666.68200000,111010,422545.54000000,13996791.45510000
1731585600000,2024-11-14 12:00:00,32.48000000,32.87000000,31.32000000,31.77000000,1019566.90000000,1731599999999,2024-11-14 15:59:59,32692797.33060000,166980,553484.38000000,17750113.72640000
1731600000000,2024-11-14 16:00:00,31.77000000,32.75000000,31.59000000,32.30000000,565082.93000000,1731614399999,2024-11-14 19:59:59,18221783.44520000,75538,303525.45000000,9789758.22870000
1731614400000,2024-11-14 20:00:00,32.30000000,32.30000000,30.68000000,31.21000000,714962.17000000,1731628799999,2024-11-14 23:59:59,22525071.24150000,116153,350629.74000000,11039150.93120000
1731628800000,2024-11-15 00:00:00,31.21000000,31.76000000,30.98000000,31.59000000,358829.10000000,1731643199999,2024-11-15 03:59:59,11267276.05600000,63963,181699.08000000,5704469.95910000
1731643200000,2024-11-15 04:00:00,31.60000000,32.00000000,30.59000000,31.60000000,410627.82000000,1731657599999,2024-11-15 07:59:59,12862277.29080000,70519,205043.79000000,6425983.15930000
1731657600000,2024-11-15 08:00:00,31.61000000,32.48000000,31.33000000,32.43000000,369302.42000000,1731671999999,2024-11-15 11:59:59,11852567.16530000,52079,202864.84000000,6511641.28650000
1731672000000,2024-11-15 12:00:00,32.42000000,32.79000000,31.15000000,31.41000000,767423.96000000,1731686399999,2024-11-15 15:59:59,24667646.51900000,108314,375752.24000000,12089270.42950000
1731686400000,2024-11-15 16:00:00,31.41000000,32.72000000,31.24000000,32.45000000,617823.89000000,1731700799999,2024-11-15 19:59:59,19806168.25780000,88868,312192.06000000,10006407.30180000
1731700800000,2024-11-15 20:00:00,32.46000000,33.30000000,32.44000000,33.13000000,447413.06000000,1731715199999,2024-11-15 23:59:59,14742587.12070000,60169,216650.98000000,7139559.11300000
1731715200000,2024-11-16 00:00:00,33.13000000,34.37000000,32.79000000,34.36000000,472104.73000000,1731729599999,2024-11-16 03:59:59,15818607.16020000,68110,271467.96000000,9099281.93350000
1731729600000,2024-11-16 04:00:00,34.36000000,35.56000000,34.24000000,34.27000000,937069.01000000,1731743999999,2024-11-16 07:59:59,32544076.18850000,102875,497618.26000000,17288479.83300000
1731744000000,2024-11-16 08:00:00,34.26000000,35.33000000,34.25000000,35.32000000,617847.11000000,1731758399999,2024-11-16 11:59:59,21526727.82850000,94759,312591.44000000,10891639.41250000
1731758400000,2024-11-16 12:00:00,35.33000000,35.74000000,34.32000000,34.57000000,1062909.88000000,1731772799999,2024-11-16 15:59:59,37336089.03720000,153433,475928.33000000,16732921.45860000
1731772800000,2024-11-16 16:00:00,34.57000000,35.41000000,34.31000000,35.21000000,538552.21000000,1731787199999,2024-11-16 19:59:59,18793748.00250000,81027,248391.77000000,8676840.09340000
1731787200000,2024-11-16 20:00:00,35.22000000,35.41000000,34.72000000,35.14000000,437890.36000000,1731801599999,2024-11-16 23:59:59,15367967.93610000,68464,207656.75000000,7289084.02670000
1731801600000,2024-11-17 00:00:00,35.15000000,35.72000000,33.08000000,34.42000000,875062.81000000,1731815999999,2024-11-17 03:59:59,30095697.38890000,134658,423753.76000000,14591100.01640000
1731816000000,2024-11-17 04:00:00,34.41000000,36.84000000,34.24000000,36.50000000,1462068.49000000,1731830399999,2024-11-17 07:59:59,52751396.34440000,172159,784840.01000000,28315905.40580000
1731830400000,2024-11-17 08:00:00,36.51000000,37.27000000,36.26000000,36.34000000,1021206.17000000,1731844799999,2024-11-17 11:59:59,37478614.86680000,119215,502196.75000000,18440048.86110000
1731844800000,2024-11-17 12:00:00,36.33000000,37.05000000,36.08000000,36.56000000,780104.31000000,1731859199999,2024-11-17 15:59:59,28495062.57600000,95948,364996.90000000,13338863.25000000
1731859200000,2024-11-17 16:00:00,36.56000000,36.69000000,34.73000000,35.27000000,765110.15000000,1731873599999,2024-11-17 19:59:59,27248309.61590000,103724,316481.59000000,11276596.58390000
1731873600000,2024-11-17 20:00:00,35.26000000,35.56000000,34.28000000,34.71000000,770186.71000000,1731887999999,2024-11-17 23:59:59,26866906.23090000,94239,374384.77000000,13066124.41880000
1731888000000,2024-11-18 00:00:00,34.72000000,35.63000000,34.54000000,35.61000000,458570.90000000,1731902399999,2024-11-18 03:59:59,16082442.58430000,66022,249234.43000000,8743099.50700000
1731902400000,2024-11-18 04:00:00,35.61000000,36.16000000,35.12000000,35.92000000,488007.43000000,1731916799999,2024-11-18 07:59:59,17395937.97570000,75629,238044.51000000,8488607.62190000
1731916800000,2024-11-18 08:00:00,35.93000000,36.01000000,34.60000000,34.76000000,605918.04000000,1731931199999,2024-11-18 11:59:59,21434324.88520000,91505,281192.49000000,9955403.62070000
1731931200000,2024-11-18 12:00:00,34.77000000,35.74000000,34.06000000,35.53000000,966861.64000000,1731945599999,2024-11-18 15:59:59,33722331.31210000,123150,498731.70000000,17417294.29610000
1731945600000,2024-11-18 16:00:00,35.53000000,36.11000000,34.42000000,34.84000000,1213621.81000000,1731959999999,2024-11-18 19:59:59,42916467.83550000,133421,567834.24000000,20076807.00010000
1731960000000,2024-11-18 20:00:00,34.83000000,35.69000000,34.68000000,35.48000000,706059.58000000,1731974399999,2024-11-18 23:59:59,24908221.18280000,82073,339435.85000000,11970600.50660000
1731974400000,2024-11-19 00:00:00,35.48000000,35.48000000,34.73000000,35.22000000,273249.17000000,1731988799999,2024-11-19 03:59:59,9607964.70460000,50309,136045.40000000,4782627.15380000
1731988800000,2024-11-19 04:00:00,35.22000000,35.63000000,34.71000000,35.05000000,317757.89000000,1732003199999,2024-11-19 07:59:59,11193646.27860000,43497,154137.16000000,5428814.47170000
1732003200000,2024-11-19 08:00:00,35.05000000,35.18000000,34.28000000,34.86000000,511787.46000000,1732017599999,2024-11-19 11:59:59,17760277.26400000,58399,240504.50000000,8350715.96650000
1732017600000,2024-11-19 12:00:00,34.86000000,35.42000000,33.63000000,34.41000000,789231.72000000,1732031999999,2024-11-19 15:59:59,27195217.44090000,98231,410819.94000000,14145315.31860000
1732032000000,2024-11-19 16:00:00,34.41000000,35.17000000,34.25000000,34.75000000,532086.08000000,1732046399999,2024-11-19 19:59:59,18478940.80730000,66321,265063.36000000,9208121.06140000
1732046400000,2024-11-19 20:00:00,34.75000000,34.91000000,33.52000000,34.20000000,563193.72000000,1732060799999,2024-11-19 23:59:59,19179335.67950000,73344,268993.84000000,9161333.27710000
1732060800000,2024-11-20 00:00:00,34.20000000,34.21000000,33.03000000,33.56000000,382578.88000000,1732075199999,2024-11-20 03:59:59,12858990.51890000,64953,196181.39000000,6600404.24900000
1732075200000,2024-11-20 04:00:00,33.55000000,34.05000000,33.20000000,33.99000000,303514.60000000,1732089599999,2024-11-20 07:59:59,10238572.21240000,37331,149471.91000000,5040982.87070000
1732089600000,2024-11-20 08:00:00,33.99000000,35.75000000,33.98000000,34.80000000,788474.11000000,1732103999999,2024-11-20 11:59:59,27612329.09030000,107405,398840.57000000,13968736.00780000
1732104000000,2024-11-20 12:00:00,34.81000000,35.57000000,34.29000000,34.87000000,833017.35000000,1732118399999,2024-11-20 15:59:59,28990654.98710000,96927,401484.65000000,13977521.50210000
1732118400000,2024-11-20 16:00:00,34.86000000,35.00000000,32.77000000,33.19000000,966034.60000000,1732132799999,2024-11-20 19:59:59,32435876.39050000,107814,467997.08000000,15714200.16580000
1732132800000,2024-11-20 20:00:00,33.20000000,34.41000000,33.06000000,33.59000000,341968.26000000,1732147199999,2024-11-20 23:59:59,11550512.46850000,50779,164251.65000000,5543976.09160000
1732147200000,2024-11-21 00:00:00,33.60000000,33.91000000,32.31000000,33.09000000,507071.79000000,1732161599999,2024-11-21 03:59:59,16820769.35740000,76399,240961.77000000,7988665.26150000
1732161600000,2024-11-21 04:00:00,33.09000000,34.48000000,33.03000000,34.30000000,570000.20000000,1732175999999,2024-11-21 07:59:59,19327248.97200000,71761,305069.82000000,10345277.11620000
1732176000000,2024-11-21 08:00:00,34.30000000,34.39000000,33.42000000,34.07000000,337592.47000000,1732190399999,2024-11-21 11:59:59,11447322.59020000,49135,171575.29000000,5818969.43900000
1732190400000,2024-11-21 12:00:00,34.07000000,35.99000000,34.06000000,34.98000000,1596472.03000000,1732204799999,2024-11-21 15:59:59,56223889.16590000,199046,793074.55000000,27910223.56760000
1732204800000,2024-11-21 16:00:00,34.98000000,36.16000000,34.86000000,35.71000000,707729.93000000,1732219199999,2024-11-21 19:59:59,25219218.71550000,85647,357420.10000000,12742645.12440000
1732219200000,2024-11-21 20:00:00,35.71000000,36.20000000,35.54000000,35.84000000,490006.56000000,1732233599999,2024-11-21 23:59:59,17553760.99400000,57837,211825.15000000,7593822.78170000
1732233600000,2024-11-22 00:00:00,35.84000000,36.83000000,35.18000000,36.17000000,662784.79000000,1732247999999,2024-11-22 03:59:59,23848297.88930000,99617,342941.43000000,12347726.85200000
1732248000000,2024-11-22 04:00:00,36.17000000,36.68000000,35.71000000,35.74000000,477055.34000000,1732262399999,2024-11-22 07:59:59,17285597.01690000,73403,246444.97000000,8933529.77330000
1732262400000,2024-11-22 08:00:00,35.74000000,38.15000000,35.74000000,38.09000000,1048215.38000000,1732276799999,2024-11-22 11:59:59,38726210.92540000,133327,612496.12000000,22652988.19640000
1732276800000,2024-11-22 12:00:00,38.10000000,39.54000000,37.27000000,39.51000000,2474954.58000000,1732291199999,2024-11-22 15:59:59,95293027.49450000,287709,1265718.28000000,48794168.38380000
1732291200000,2024-11-22 16:00:00,39.50000000,39.99000000,38.71000000,39.50000000,1291478.01000000,1732305599999,2024-11-22 19:59:59,50895086.94150000,160807,615265.53000000,24260892.18570000
1732305600000,2024-11-22 20:00:00,39.50000000,43.52000000,39.27000000,43.17000000,2102238.68000000,1732319999999,2024-11-22 23:59:59,87530329.34890000,266062,1185678.92000000,49334499.27650000
1732320000000,2024-11-23 00:00:00,43.18000000,45.27000000,42.41000000,43.99000000,2214900.42000000,1732334399999,2024-11-23 03:59:59,96866942.19570000,286940,1079729.50000000,47286404.59130000
1732334400000,2024-11-23 04:00:00,43.99000000,45.00000000,42.78000000,42.93000000,1247156.70000000,1732348799999,2024-11-23 07:59:59,54719659.84550000,185790,559164.61000000,24556460.73920000
1732348800000,2024-11-23 08:00:00,42.93000000,43.21000000,41.89000000,42.32000000,1008611.94000000,1732363199999,2024-11-23 11:59:59,42779336.23740000,136681,466619.11000000,19792946.52410000
1732363200000,2024-11-23 12:00:00,42.31000000,43.79000000,42.19000000,43.18000000,1169413.96000000,1732377599999,2024-11-23 15:59:59,50249841.56450000,199216,595203.05000000,25581348.50070000
1732377600000,2024-11-23 16:00:00,43.17000000,43.70000000,41.06000000,41.94000000,1480717.61000000,1732391999999,2024-11-23 19:59:59,62416399.83420000,226430,724990.76000000,30556845.33890000
1732392000000,2024-11-23 20:00:00,41.95000000,42.28000000,40.69000000,41.44000000,667507.74000000,1732406399999,2024-11-23 23:59:59,27702014.67650000,93286,318480.46000000,13221760.08120000
1732406400000,2024-11-24 00:00:00,41.44000000,42.98000000,41.25000000,42.42000000,753583.62000000,1732420799999,2024-11-24 03:59:59,31982575.64370000,125084,370701.07000000,15731014.92840000
1732420800000,2024-11-24 04:00:00,42.41000000,43.14000000,41.72000000,42.31000000,736792.74000000,1732435199999,2024-11-24 07:59:59,31273481.07730000,105692,350341.21000000,14878258.48340000
1732435200000,2024-11-24 08:00:00,42.30000000,42.36000000,39.98000000,40.06000000,784737.57000000,1732449599999,2024-11-24 11:59:59,32289693.58820000,155939,340001.87000000,14002939.72430000
1732449600000,2024-11-24 12:00:00,40.05000000,40.51000000,38.31000000,38.78000000,1921169.84000000,1732463999999,2024-11-24 15:59:59,75933832.79230000,248463,918700.23000000,36306995.33140000
1732464000000,2024-11-24 16:00:00,38.77000000,40.36000000,38.61000000,40.19000000,918311.77000000,1732478399999,2024-11-24 19:59:59,36441784.50200000,154341,487624.86000000,19356531.81770000
1732478400000,2024-11-24 20:00:00,40.18000000,42.19000000,40.01000000,42.06000000,800568.74000000,1732492799999,2024-11-24 23:59:59,33078842.70110000,102325,429049.71000000,17712369.87380000
1732492800000,2024-11-25 00:00:00,42.05000000,42.12000000,40.02000000,41.31000000,650934.26000000,1732507199999,2024-11-25 03:59:59,26795082.34750000,104339,301054.13000000,12387332.20010000
1732507200000,2024-11-25 04:00:00,41.31000000,45.00000000,41.26000000,44.98000000,1109936.68000000,1732521599999,2024-11-25 07:59:59,47671581.85630000,181581,650910.19000000,28007001.76070000
1732521600000,2024-11-25 08:00:00,44.98000000,47.93000000,44.43000000,45.53000000,2649575.66000000,1732535999999,2024-11-25 11:59:59,122086701.27740000,353215,1334530.97000000,61505702.22610000
1732536000000,2024-11-25 12:00:00,45.53000000,45.90000000,41.97000000,43.19000000,2292170.39000000,1732550399999,2024-11-25 15:59:59,100625244.66310000,285753,1102299.35000000,48388245.96510000
1732550400000,2024-11-25 16:00:00,43.20000000,43.92000000,41.16000000,42.05000000,1586746.62000000,1732564799999,2024-11-25 19:59:59,67102341.32440000,198118,808500.60000000,34192035.20440000
1732564800000,2024-11-25 20:00:00,42.06000000,43.29000000,40.67000000,41.31000000,1268149.40000000,1732579199999,2024-11-25 23:59:59,53446546.05470000,178934,643791.21000000,27171455.73830000
1732579200000,2024-11-26 00:00:00,41.31000000,42.98000000,41.10000000,41.70000000,812762.78000000,1732593599999,2024-11-26 03:59:59,34297695.98930000,111164,457592.47000000,19322506.21680000
1732593600000,2024-11-26 04:00:00,41.69000000,42.38000000,40.88000000,41.16000000,579690.29000000,1732607999999,2024-11-26 07:59:59,24128064.97310000,76910,258530.43000000,10769424.82340000
1732608000000,2024-11-26 08:00:00,41.17000000,41.21000000,38.50000000,39.99000000,1482828.84000000,1732622399999,2024-11-26 11:59:59,59085869.93850000,223884,695468.95000000,27710782.50760000
1732622400000,2024-11-26 12:00:00,39.99000000,42.49000000,39.87000000,41.02000000,1886912.20000000,1732636799999,2024-11-26 15:59:59,78034533.74150000,249241,1019116.23000000,42154185.88130000
1732636800000,2024-11-26 16:00:00,41.03000000,42.64000000,40.68000000,41.46000000,898935.93000000,1732651199999,2024-11-26 19:59:59,37480085.69530000,149178,428286.84000000,17861826.66760000
1732651200000,2024-11-26 20:00:00,41.46000000,43.35000000,41.26000000,42.72000000,812861.26000000,1732665599999,2024-11-26 23:59:59,34456710.68150000,115317,424928.79000000,18022502.03750000
1732665600000,2024-11-27 00:00:00,42.73000000,43.68000000,41.95000000,42.51000000,660025.85000000,1732679999999,2024-11-27 03:59:59,28261319.95990000,109757,331654.03000000,14213093.21810000
1732680000000,2024-11-27 04:00:00,42.51000000,43.68000000,42.19000000,43.27000000,610233.28000000,1732694399999,2024-11-27 07:59:59,26178058.58220000,89650,322110.99000000,13816222.78370000
1732694400000,2024-11-27 08:00:00,43.28000000,44.47000000,42.84000000,43.48000000,823154.96000000,1732708799999,2024-11-27 11:59:59,35873937.75770000,112401,416636.87000000,18166683.49510000
1732708800000,2024-11-27 12:00:00,43.46000000,44.14000000,42.36000000,43.75000000,1198647.91000000,1732723199999,2024-11-27 15:59:59,51912784.85610000,138694,625564.98000000,27092567.35910000
1732723200000,2024-11-27 16:00:00,43.74000000,43.84000000,42.56000000,43.16000000,867538.08000000,1732737599999,2024-11-27 19:59:59,37478226.51780000,96419,434189.43000000,18750166.73860000
1732737600000,2024-11-27 20:00:00,43.16000000,44.25000000,42.99000000,43.78000000,709064.58000000,1732751999999,2024-11-27 23:59:59,30940121.62350000,110882,363321.15000000,15857143.18630000
1732752000000,2024-11-28 00:00:00,43.78000000,44.24000000,42.61000000,43.17000000,603756.77000000,1732766399999,2024-11-28 03:59:59,26257200.08150000,101761,308610.84000000,13422719.13800000
1732766400000,2024-11-28 04:00:00,43.16000000,43.82000000,42.49000000,42.65000000,485668.89000000,1732780799999,2024-11-28 07:59:59,20940492.82930000,71029,241662.83000000,10422979.21000000
1732780800000,2024-11-28 08:00:00,42.65000000,42.99000000,41.73000000,42.25000000,460136.16000000,1732795199999,2024-11-28 11:59:59,19486154.16780000,68877,241577.00000000,10237687.16450000
1732795200000,2024-11-28 12:00:00,42.24000000,42.86000000,41.51000000,41.66000000,519921.44000000,1732809599999,2024-11-28 15:59:59,21910409.12290000,62953,266717.89000000,11244653.72050000
1732809600000,2024-11-28 16:00:00,41.66000000,42.67000000,41.64000000,42.46000000,337152.43000000,1732823999999,2024-11-28 19:59:59,14218433.55800000,42708,176772.17000000,7455186.93790000
1732824000000,2024-11-28 20:00:00,42.47000000,43.19000000,42.02000000,42.77000000,308378.68000000,1732838399999,2024-11-28 23:59:59,13151356.00040000,43899,151085.79000000,6444585.08740000
1732838400000,2024-11-29 00:00:00,42.78000000,43.81000000,42.54000000,43.31000000,426706.16000000,1732852799999,2024-11-29 03:59:59,18422175.30080000,54751,213652.54000000,9228701.09770000
1732852800000,2024-11-29 04:00:00,43.31000000,43.59000000,42.63000000,42.64000000,307343.44000000,1732867199999,2024-11-29 07:59:59,13280662.94790000,44650,125760.18000000,5437557.47480000
1732867200000,2024-11-29 08:00:00,42.64000000,44.05000000,42.64000000,43.79000000,375999.67000000,1732881599999,2024-11-29 11:59:59,16357246.85920000,51713,197076.91000000,8577831.57380000
1732881600000,2024-11-29 12:00:00,43.80000000,44.60000000,43.37000000,44.33000000,566276.25000000,1732895999999,2024-11-29 15:59:59,24910674.40290000,120111,298881.11000000,13154832.94260000
1732896000000,2024-11-29 16:00:00,44.33000000,44.77000000,43.84000000,44.42000000,658408.93000000,1732910399999,2024-11-29 19:59:59,29153503.13100000,109812,325787.27000000,14427897.50270000
1732910400000,2024-11-29 20:00:00,44.43000000,45.07000000,44.00000000,44.86000000,456746.72000000,1732924799999,2024-11-29 23:59:59,20365532.14620000,75973,254120.94000000,11336475.81200000
1732924800000,2024-11-30 00:00:00,44.86000000,44.88000000,43.65000000,44.40000000,359459.79000000,1732939199999,2024-11-30 03:59:59,15886823.84320000,61381,177686.37000000,7854248.52870000
1732939200000,2024-11-30 04:00:00,44.39000000,45.65000000,44.12000000,45.41000000,428796.14000000,1732953599999,2024-11-30 07:59:59,19260783.49200000,83212,233523.30000000,10492761.29990000
1732953600000,2024-11-30 08:00:00,45.41000000,45.99000000,44.33000000,44.72000000,505252.93000000,1732967999999,2024-11-30 11:59:59,22853492.36970000,95335,252446.62000000,11420699.67560000
1732968000000,2024-11-30 12:00:00,44.72000000,46.26000000,44.71000000,45.57000000,587331.73000000,1732982399999,2024-11-30 15:59:59,26777228.42130000,96521,304382.93000000,13875754.87530000
1732982400000,2024-11-30 16:00:00,45.56000000,45.93000000,45.08000000,45.52000000,336971.74000000,1732996799999,2024-11-30 19:59:59,15341384.53650000,56675,152094.22000000,6923588.98810000
1732996800000,2024-11-30 20:00:00,45.51000000,45.80000000,44.79000000,44.81000000,312021.94000000,1733011199999,2024-11-30 23:59:59,14144421.13110000,58614,146606.63000000,6647834.98070000
1733011200000,2024-12-01 00:00:00,44.81000000,45.68000000,43.79000000,44.32000000,523283.24000000,1733025599999,2024-12-01 03:59:59,23342181.92610000,98855,259541.00000000,11580766.46570000
1733025600000,2024-12-01 04:00:00,44.31000000,44.56000000,43.94000000,44.16000000,232482.31000000,1733039999999,2024-12-01 07:59:59,10287962.93220000,40379,116919.78000000,5175181.69310000
1733040000000,2024-12-01 08:00:00,44.16000000,44.51000000,43.65000000,44.14000000,376253.00000000,1733054399999,2024-12-01 11:59:59,16600728.98860000,78110,173956.29000000,7679114.98030000
1733054400000,2024-12-01 12:00:00,44.14000000,45.76000000,43.82000000,45.26000000,467977.52000000,1733068799999,2024-12-01 15:59:59,20859452.92060000,112917,263859.58000000,11773062.14110000
1733068800000,2024-12-01 16:00:00,45.26000000,45.53000000,44.54000000,45.24000000,410822.62000000,1733083199999,2024-12-01 19:59:59,18491810.52960000,73085,208102.74000000,9364831.58680000
1733083200000,2024-12-01 20:00:00,45.23000000,45.78000000,44.10000000,45.09000000,609336.88000000,1733097599999,2024-12-01 23:59:59,27398708.85850000,100025,270531.81000000,12179950.55200000
1733097600000,2024-12-02 00:00:00,45.09000000,49.15000000,45.00000000,47.14000000,1991695.43000000,1733111999999,2024-12-02 03:59:59,94179685.96480000,299527,1127563.84000000,53368293.96500000
1733112000000,2024-12-02 04:00:00,47.13000000,48.75000000,46.36000000,48.46000000,2175352.04000000,1733126399999,2024-12-02 07:59:59,103651595.76930000,290682,1146305.77000000,54646047.32460000
1733126400000,2024-12-02 08:00:00,48.46000000,49.10000000,45.10000000,46.22000000,2711417.19000000,1733140799999,2024-12-02 11:59:59,127025696.20410000,319366,1296209.35000000,60733132.62190000
1733140800000,2024-12-02 12:00:00,46.22000000,50.00000000,46.00000000,49.05000000,2717262.24000000,1733155199999,2024-12-02 15:59:59,131814420.74620000,328948,1434366.45000000,69597990.65160000
1733155200000,2024-12-02 16:00:00,49.06000000,49.67000000,46.81000000,48.49000000,1331056.16000000,1733169599999,2024-12-02 19:59:59,64054658.70580000,154144,663874.04000000,31950649.70310000
1733169600000,2024-12-02 20:00:00,48.49000000,52.49000000,48.02000000,52.27000000,2303441.17000000,1733183999999,2024-12-02 23:59:59,116959397.06070000,270806,1235574.88000000,62739302.10460000
1733184000000,2024-12-03 00:00:00,52.27000000,52.87000000,50.69000000,52.01000000,1311093.32000000,1733198399999,2024-12-03 03:59:59,67682662.66340000,207011,674238.37000000,34838215.63060000
1733198400000,2024-12-03 04:00:00,52.01000000,52.33000000,50.32000000,50.79000000,1280721.58000000,1733212799999,2024-12-03 07:59:59,65824456.80310000,153119,579572.51000000,29795743.84200000
1733212800000,2024-12-03 08:00:00,50.79000000,52.06000000,50.55000000,51.75000000,945300.57000000,1733227199999,2024-12-03 11:59:59,48466535.87930000,129396,463959.97000000,23793825.69230000
1733227200000,2024-12-03 12:00:00,51.75000000,53.95000000,47.80000000,50.14000000,3417309.81000000,1733241599999,2024-12-03 15:59:59,172706988.76040000,458095,1650736.82000000,83516138.67020000
1733241600000,2024-12-03 16:00:00,50.15000000,50.94000000,49.23000000,50.30000000,808001.90000000,1733255999999,2024-12-03 19:59:59,40517051.07580000,159269,411614.25000000,20650084.37550000
1733256000000,2024-12-03 20:00:00,50.30000000,51.75000000,50.22000000,50.90000000,746790.43000000,1733270399999,2024-12-03 23:59:59,38175748.38110000,127777,391133.05000000,19998586.48450000
1733270400000,2024-12-04 00:00:00,50.90000000,52.44000000,50.83000000,51.88000000,982139.34000000,1733284799999,2024-12-04 03:59:59,50688622.19450000,155030,484160.62000000,24999859.97830000
1733284800000,2024-12-04 04:00:00,51.88000000,54.92000000,51.87000000,54.49000000,1329546.83000000,1733299199999,2024-12-04 07:59:59,71442923.54550000,147617,705477.79000000,37903078.48960000
1733299200000,2024-12-04 08:00:00,54.49000000,55.00000000,53.66000000,53.93000000,1056229.59000000,1733313599999,2024-12-04 11:59:59,57368566.53520000,104089,475161.86000000,25816901.88890000
1733313600000,2024-12-04 12:00:00,53.93000000,55.77000000,53.03000000,55.64000000,1189127.02000000,1733327999999,2024-12-04 15:59:59,64800585.26930000,167915,606467.01000000,33081771.70290000
1733328000000,2024-12-04 16:00:00,55.64000000,55.79000000,52.62000000,54.43000000,1026796.13000000,1733342399999,2024-12-04 19:59:59,55258211.65370000,130300,468883.12000000,25230878.39080000
1733342400000,2024-12-04 20:00:00,54.44000000,55.36000000,52.04000000,52.76000000,1154113.11000000,1733356799999,2024-12-04 23:59:59,61832992.95590000,101293,530656.50000000,28449109.69470000
1733356800000,2024-12-05 00:00:00,52.76000000,52.80000000,49.73000000,50.95000000,1477113.49000000,1733371199999,2024-12-05 03:59:59,75554018.92900000,206081,732517.62000000,37472750.57890000
1733371200000,2024-12-05 04:00:00,50.94000000,52.35000000,50.87000000,51.97000000,619694.24000000,1733385599999,2024-12-05 07:59:59,31992650.05300000,107516,331648.60000000,17125395.89200000
1733385600000,2024-12-05 08:00:00,51.96000000,52.77000000,51.85000000,52.73000000,513031.39000000,1733399999999,2024-12-05 11:59:59,26841248.75470000,83478,228410.66000000,11953884.74710000
1733400000000,2024-12-05 12:00:00,52.73000000,53.28000000,51.66000000,52.25000000,707315.65000000,1733414399999,2024-12-05 15:59:59,37180242.27180000,126838,345049.74000000,18155024.35810000
1733414400000,2024-12-05 16:00:00,52.25000000,53.62000000,51.60000000,51.72000000,700257.37000000,1733428799999,2024-12-05 19:59:59,36886468.36540000,118607,337558.37000000,17788185.46920000
1733428800000,2024-12-05 20:00:00,51.72000000,51.99000000,48.76000000,50.30000000,1132606.77000000,1733443199999,2024-12-05 23:59:59,57575241.99880000,182558,539574.38000000,27445024.47460000
1733443200000,2024-12-06 00:00:00,50.29000000,51.96000000,50.12000000,51.61000000,455696.27000000,1733457599999,2024-12-06 03:59:59,23348099.51150000,79443,233141.03000000,11942748.19640000
1733457600000,2024-12-06 04:00:00,51.60000000,53.55000000,51.55000000,52.76000000,580152.34000000,1733471999999,2024-12-06 07:59:59,30502175.39070000,93018,294061.35000000,15456062.16510000
1733472000000,2024-12-06 08:00:00,52.76000000,52.92000000,50.67000000,50.96000000,569733.80000000,1733486399999,2024-12-06 11:59:59,29447974.29960000,98088,255150.06000000,13189673.45930000
1733486400000,2024-12-06 12:00:00,50.96000000,52.04000000,49.62000000,51.65000000,869294.85000000,1733500799999,2024-12-06 15:59:59,44217105.67850000,148689,418175.90000000,21268847.84600000
1733500800000,2024-12-06 16:00:00,51.65000000,52.99000000,51.45000000,52.63000000,662047.30000000,1733515199999,2024-12-06 19:59:59,34787825.45550000,107526,332234.20000000,17458431.61130000
1733515200000,2024-12-06 20:00:00,52.63000000,53.00000000,52.07000000,52.47000000,394476.92000000,1733529599999,2024-12-06 23:59:59,20713934.90790000,71790,193184.49000000,10147876.04110000
1733529600000,2024-12-07 00:00:00,52.48000000,52.62000000,51.61000000,51.84000000,223857.31000000,1733543999999,2024-12-07 03:59:59,11652224.67980000,47922,94393.76000000,4916397.02730000
1733544000000,2024-12-07 04:00:00,51.84000000,52.26000000,51.20000000,51.49000000,226763.00000000,1733558399999,2024-12-07 07:59:59,11757354.76660000,44898,96920.16000000,5026537.71330000
1733558400000,2024-12-07 08:00:00,51.49000000,52.38000000,51.26000000,52.25000000,287728.10000000,1733572799999,2024-12-07 11:59:59,14900371.94220000,60205,151789.73000000,7865038.78720000
1733572800000,2024-12-07 12:00:00,52.26000000,52.73000000,51.56000000,52.51000000,369540.63000000,1733587199999,2024-12-07 15:59:59,19273522.08640000,64074,191352.29000000,9984294.76470000
1733587200000,2024-12-07 16:00:00,52.52000000,53.08000000,51.69000000,52.21000000,383880.50000000,1733601599999,2024-12-07 19:59:59,20117301.15200000,64522,191529.02000000,10046766.10200000
1733601600000,2024-12-07 20:00:00,52.21000000,52.63000000,51.54000000,51.60000000,310310.15000000,1733615999999,2024-12-07 23:59:59,16125716.44600000,49995,136344.75000000,7083403.46420000
1733616000000,2024-12-08 00:00:00,51.60000000,52.00000000,51.37000000,51.85000000,194602.23000000,1733630399999,2024-12-08 03:59:59,10050445.65560000,38712,89723.32000000,4635425.31220000
1733630400000,2024-12-08 04:00:00,51.85000000,52.13000000,50.67000000,51.56000000,287218.92000000,1733644799999,2024-12-08 07:59:59,14718221.19160000,61185,136470.65000000,6998311.97780000
1733644800000,2024-12-08 08:00:00,51.56000000,51.65000000,50.35000000,51.46000000,458999.04000000,1733659199999,2024-12-08 11:59:59,23411010.69970000,83846,220898.97000000,11275741.99700000
1733659200000,2024-12-08 12:00:00,51.47000000,52.84000000,51.01000000,52.22000000,491428.36000000,1733673599999,2024-12-08 15:59:59,25516673.79610000,82004,263179.39000000,13665129.24430000
1733673600000,2024-12-08 16:00:00,52.23000000,53.20000000,51.92000000,52.81000000,569841.52000000,1733687999999,2024-12-08 19:59:59,29950135.51670000,88849,304985.37000000,16036880.00450000
1733688000000,2024-12-08 20:00:00,52.81000000,54.39000000,52.77000000,53.98000000,608284.88000000,1733702399999,2024-12-08 23:59:59,32652286.15750000,98932,345061.29000000,18522688.65680000
1733702400000,2024-12-09 00:00:00,53.99000000,54.20000000,51.13000000,51.72000000,593983.53000000,1733716799999,2024-12-09 03:59:59,31350268.28750000,107385,277059.38000000,14618499.23670000
1733716800000,2024-12-09 04:00:00,51.72000000,52.48000000,50.45000000,51.41000000,491335.00000000,1733731199999,2024-12-09 07:59:59,25271032.62930000,97647,241446.21000000,12425943.74170000
1733731200000,2024-12-09 08:00:00,51.41000000,51.42000000,49.08000000,49.25000000,1075092.88000000,1733745599999,2024-12-09 11:59:59,53863879.80270000,154439,519495.75000000,26026700.54570000
1733745600000,2024-12-09 12:00:00,49.24000000,50.98000000,48.79000000,49.02000000,1138858.52000000,1733759999999,2024-12-09 15:59:59,56878696.05540000,160085,569536.79000000,28492170.50460000
1733760000000,2024-12-09 16:00:00,49.01000000,49.79000000,48.73000000,48.77000000,685884.20000000,1733774399999,2024-12-09 19:59:59,33771150.25330000,86835,343610.68000000,16937177.80870000
1733774400000,2024-12-09 20:00:00,48.78000000,48.92000000,40.40000000,45.02000000,4692851.98000000,1733788799999,2024-12-09 23:59:59,209700120.25080000,516591,2427129.58000000,108336694.26360000
1733788800000,2024-12-10 00:00:00,45.02000000,46.11000000,42.26000000,44.08000000,1153857.75000000,1733803199999,2024-12-10 03:59:59,51278989.21920000,195503,569212.71000000,25337557.41150000
1733803200000,2024-12-10 04:00:00,44.09000000,45.77000000,43.02000000,45.29000000,787338.93000000,1733817599999,2024-12-10 07:59:59,35267217.10060000,136570,422302.12000000,18932301.52560000
1733817600000,2024-12-10 08:00:00,45.29000000,46.49000000,44.72000000,45.81000000,528331.76000000,1733831999999,2024-12-10 11:59:59,24177349.30540000,91012,266836.45000000,12216255.61890000
1733832000000,2024-12-10 12:00:00,45.81000000,45.98000000,42.36000000,42.39000000,1309692.51000000,1733846399999,2024-12-10 15:59:59,57899335.03230000,198578,580031.69000000,25644615.03110000
1733846400000,2024-12-10 16:00:00,42.39000000,43.67000000,41.32000000,43.58000000,1556053.62000000,1733860799999,2024-12-10 19:59:59,66044654.33980000,183958,740133.43000000,31459283.81260000
1733860800000,2024-12-10 20:00:00,43.58000000,45.36000000,43.31000000,44.60000000,578264.20000000,1733875199999,2024-12-10 23:59:59,25731136.02590000,49670,289438.72000000,12883361.89790000
1733875200000,2024-12-11 00:00:00,44.60000000,44.74000000,42.78000000,44.27000000,513375.05000000,1733889599999,2024-12-11 03:59:59,22504648.84950000,80435,238817.02000000,10490171.74720000
1733889600000,2024-12-11 04:00:00,44.27000000,44.63000000,43.94000000,43.99000000,272614.45000000,1733903999999,2024-12-11 07:59:59,12075624.01320000,43869,134484.03000000,5960374.67970000
1733904000000,2024-12-11 08:00:00,44.01000000,45.60000000,43.95000000,45.39000000,401005.23000000,1733918399999,2024-12-11 11:59:59,18054450.04960000,60804,237784.29000000,10701782.52720000
1733918400000,2024-12-11 12:00:00,45.39000000,48.39000000,45.28000000,47.92000000,1258867.54000000,1733932799999,2024-12-11 15:59:59,58936436.98320000,138311,667288.37000000,31270713.79960000
1733932800000,2024-12-11 16:00:00,47.92000000,48.35000000,47.19000000,47.76000000,448212.98000000,1733947199999,2024-12-11 19:59:59,21385711.40350000,63558,196344.05000000,9371567.32110000
1733947200000,2024-12-11 20:00:00,47.77000000,48.48000000,47.64000000,48.47000000,285843.29000000,1733961599999,2024-12-11 23:59:59,13721040.12360000,39500,164268.79000000,7889824.45130000
1733961600000,2024-12-12 00:00:00,48.46000000,50.35000000,48.21000000,49.74000000,677449.81000000,1733975999999,2024-12-12 03:59:59,33366978.91680000,104985,346530.84000000,17082260.96490000
1733976000000,2024-12-12 04:00:00,49.74000000,51.04000000,49.52000000,50.11000000,559525.93000000,1733990399999,2024-12-12 07:59:59,28107647.61440000,82599,278129.57000000,13979563.21710000
1733990400000,2024-12-12 08:00:00,50.12000000,51.27000000,49.59000000,49.78000000,578916.97000000,1734004799999,2024-12-12 11:59:59,29260060.52590000,99621,268471.32000000,13580311.58960000
1734004800000,2024-12-12 12:00:00,49.79000000,52.97000000,49.57000000,52.30000000,1974221.49000000,1734019199999,2024-12-12 15:59:59,102298493.76360000,252188,1040958.94000000,53924466.22230000
1734019200000,2024-12-12 16:00:00,52.30000000,55.41000000,51.83000000,52.12000000,2334255.66000000,1734033599999,2024-12-12 19:59:59,125546101.67060000,291052,1145650.61000000,61659237.79650000
1734033600000,2024-12-12 20:00:00,52.12000000,53.57000000,51.84000000,53.14000000,821642.37000000,1734047999999,2024-12-12 23:59:59,43331698.69710000,110731,445246.58000000,23496996.74340000
1734048000000,2024-12-13 00:00:00,53.14000000,54.03000000,51.97000000,52.56000000,684608.89000000,1734062399999,2024-12-13 03:59:59,36272319.56960000,94708,355527.47000000,18861734.87500000
1734062400000,2024-12-13 04:00:00,52.56000000,53.35000000,51.16000000,51.77000000,518561.38000000,1734076799999,2024-12-13 07:59:59,27062189.70820000,78081,236928.14000000,12367270.47800000
1734076800000,2024-12-13 08:00:00,51.77000000,52.40000000,51.32000000,51.83000000,307724.64000000,1734091199999,2024-12-13 11:59:59,15976264.15780000,55457,155931.87000000,8100083.29580000
1734091200000,2024-12-13 12:00:00,51.83000000,52.85000000,51.11000000,51.17000000,626263.36000000,1734105599999,2024-12-13 15:59:59,32616179.79210000,94685,341442.44000000,17794089.38430000
1734105600000,2024-12-13 16:00:00,51.17000000,52.11000000,50.72000000,51.40000000,602901.37000000,1734119999999,2024-12-13 19:59:59,30954494.72270000,82437,296300.05000000,15215080.09490000
1734120000000,2024-12-13 20:00:00,51.39000000,52.80000000,51.36000000,52.78000000,319811.94000000,1734134399999,2024-12-13 23:59:59,16616634.91380000,52868,185256.68000000,9630470.16720000
1734134400000,2024-12-14 00:00:00,52.79000000,53.84000000,52.49000000,52.63000000,356809.74000000,1734148799999,2024-12-14 03:59:59,18993438.65850000,74293,167790.18000000,8938687.36990000
1734148800000,2024-12-14 04:00:00,52.63000000,52.75000000,52.00000000,52.59000000,186428.59000000,1734163199999,2024-12-14 07:59:59,9758197.71040000,37206,79791.38000000,4177374.02820000
1734163200000,2024-12-14 08:00:00,52.59000000,53.62000000,52.51000000,52.98000000,366247.67000000,1734177599999,2024-12-14 11:59:59,19440786.48560000,57382,176085.87000000,9352065.95640000
1734177600000,2024-12-14 12:00:00,52.97000000,53.12000000,50.80000000,51.35000000,492362.39000000,1734191999999,2024-12-14 15:59:59,25434882.80050000,86126,219708.25000000,11345424.28190000
1734192000000,2024-12-14 16:00:00,51.35000000,51.41000000,49.53000000,50.04000000,505997.37000000,1734206399999,2024-12-14 19:59:59,25495156.33890000,86223,241142.86000000,12148596.72260000
1734206400000,2024-12-14 20:00:00,50.04000000,50.27000000,49.38000000,49.85000000,270383.64000000,1734220799999,2024-12-14 23:59:59,13465453.57530000,35808,139242.56000000,6938449.71200000
1734220800000,2024-12-15 00:00:00,49.85000000,51.56000000,49.33000000,49.55000000,454808.60000000,1734235199999,2024-12-15 03:59:59,22834475.86180000,64484,242161.16000000,12167927.99940000
1734235200000,2024-12-15 04:00:00,49.55000000,50.15000000,48.13000000,48.45000000,380831.48000000,1734249599999,2024-12-15 07:59:59,18724381.65340000,46328,148551.55000000,7309962.62090000
1734249600000,2024-12-15 08:00:00,48.44000000,49.69000000,48.29000000,49.48000000,304520.80000000,1734263999999,2024-12-15 11:59:59,14989634.82700000,37542,162585.38000000,7996406.72420000
1734264000000,2024-12-15 12:00:00,49.49000000,51.09000000,49.40000000,50.46000000,405562.70000000,1734278399999,2024-12-15 15:59:59,20426920.94940000,49841,230494.31000000,11609955.92680000
1734278400000,2024-12-15 16:00:00,50.46000000,50.65000000,49.80000000,50.34000000,250550.77000000,1734292799999,2024-12-15 19:59:59,12604882.19380000,31833,120235.69000000,6052733.09030000
1734292800000,2024-12-15 20:00:00,50.33000000,51.38000000,48.10000000,50.76000000,737878.43000000,1734307199999,2024-12-15 23:59:59,36642855.86440000,89612,352073.06000000,17490461.80230000
1734307200000,2024-12-16 00:00:00,50.77000000,52.05000000,49.61000000,49.96000000,707690.62000000,1734321599999,2024-12-16 03:59:59,36106750.42470000,110493,357318.37000000,18250178.88260000
1734321600000,2024-12-16 04:00:00,49.96000000,50.69000000,49.73000000,49.86000000,245369.33000000,1734335999999,2024-12-16 07:59:59,12311605.54050000,50349,129099.85000000,6481682.11200000
1734336000000,2024-12-16 08:00:00,49.85000000,49.95000000,48.44000000,48.59000000,420064.65000000,1734350399999,2024-12-16 11:59:59,20600813.17780000,73293,193599.03000000,9501161.11280000
1734350400000,2024-12-16 12:00:00,48.59000000,49.68000000,48.34000000,48.99000000,498163.44000000,1734364799999,2024-12-16 15:59:59,24383522.54890000,93255,253664.72000000,12424897.75740000
1734364800000,2024-12-16 16:00:00,49.00000000,50.86000000,48.95000000,50.04000000,650018.56000000,1734379199999,2024-12-16 19:59:59,32443493.04870000,107368,326890.14000000,16314440.43630000
1734379200000,2024-12-16 20:00:00,50.05000000,50.23000000,48.85000000,48.98000000,326609.90000000,1734393599999,2024-12-16 23:59:59,16214293.83980000,50850,135423.41000000,6731083.74160000
1734393600000,2024-12-17 00:00:00,48.99000000,49.52000000,48.32000000,49.25000000,308064.12000000,1734407999999,2024-12-17 03:59:59,15086336.84800000,57071,140134.75000000,6867184.15240000
1734408000000,2024-12-17 04:00:00,49.25000000,49.26000000,48.39000000,48.81000000,250402.92000000,1734422399999,2024-12-17 07:59:59,12230832.62460000,41123,102930.82000000,5029697.02480000
1734422400000,2024-12-17 08:00:00,48.82000000,50.79000000,48.81000000,50.21000000,428095.68000000,1734436799999,2024-12-17 11:59:59,21458114.16900000,76776,215308.91000000,10790472.37930000
1734436800000,2024-12-17 12:00:00,50.22000000,50.84000000,48.45000000,48.80000000,599368.99000000,1734451199999,2024-12-17 15:59:59,29840645.38630000,106570,272881.31000000,13601854.92040000
1734451200000,2024-12-17 16:00:00,48.80000000,49.89000000,48.47000000,48.85000000,399199.34000000,1734465599999,2024-12-17 19:59:59,19635444.85920000,78027,173712.15000000,8546000.84150000
1734465600000,2024-12-17 20:00:00,48.84000000,49.38000000,47.52000000,47.92000000,420317.90000000,1734479999999,2024-12-17 23:59:59,20336594.63980000,77576,190681.76000000,9228053.99130000
1734480000000,2024-12-18 00:00:00,47.92000000,48.20000000,46.96000000,46.97000000,440956.56000000,1734494399999,2024-12-18 03:59:59,20980031.08060000,69201,186416.68000000,8879743.01970000
1734494400000,2024-12-18 04:00:00,46.97000000,47.03000000,46.03000000,46.45000000,462224.86000000,1734508799999,2024-12-18 07:59:59,21520021.41200000,67623,215299.66000000,10029096.88900000
1734508800000,2024-12-18 08:00:00,46.44000000,47.35000000,45.97000000,47.23000000,320847.17000000,1734523199999,2024-12-18 11:59:59,14990362.48790000,44028,185114.90000000,8660169.90040000
1734523200000,2024-12-18 12:00:00,47.23000000,47.34000000,45.62000000,46.28000000,477138.51000000,1734537599999,2024-12-18 15:59:59,22125278.53280000,64958,226695.42000000,10518518.17750000
1734537600000,2024-12-18 16:00:00,46.29000000,47.56000000,45.26000000,45.26000000,738880.70000000,1734551999999,2024-12-18 19:59:59,34337964.58160000,86713,321834.37000000,14964679.70100000
1734552000000,2024-12-18 20:00:00,45.25000000,45.60000000,42.63000000,42.78000000,2411384.13000000,1734566399999,2024-12-18 23:59:59,106258899.34040000,230589,1147626.65000000,50579722.85290000
1734566400000,2024-12-19 00:00:00,42.78000000,43.33000000,40.20000000,42.98000000,1366997.40000000,1734580799999,2024-12-19 03:59:59,57085135.33520000,170416,662147.06000000,27695426.86590000
1734580800000,2024-12-19 04:00:00,42.97000000,43.11000000,42.34000000,43.03000000,298483.26000000,1734595199999,2024-12-19 07:59:59,12765736.99230000,40553,165167.75000000,7065613.54680000
1734595200000,2024-12-19 08:00:00,43.04000000,43.61000000,42.18000000,43.24000000,373093.79000000,1734609599999,2024-12-19 11:59:59,16009743.01370000,45768,205691.13000000,8832717.36290000
1734609600000,2024-12-19 12:00:00,43.24000000,43.34000000,40.91000000,41.57000000,666692.64000000,1734623999999,2024-12-19 15:59:59,28024830.74660000,87521,322348.16000000,13549855.42790000
1734624000000,2024-12-19 16:00:00,41.56000000,42.45000000,37.84000000,38.63000000,2289832.88000000,1734638399999,2024-12-19 19:59:59,90811486.79410000,265743,1075102.64000000,42628586.48690000
1734638400000,2024-12-19 20:00:00,38.64000000,39.81000000,37.46000000,38.83000000,1149512.96000000,1734652799999,2024-12-19 23:59:59,44569297.80220000,84029,572116.40000000,22215124.93130000
1734652800000,2024-12-20 00:00:00,38.84000000,40.39000000,38.20000000,39.53000000,546396.53000000,1734667199999,2024-12-20 03:59:59,21497974.51480000,72776,252366.86000000,9935757.83330000
1734667200000,2024-12-20 04:00:00,39.54000000,39.83000000,38.12000000,39.14000000,487295.53000000,1734681599999,2024-12-20 07:59:59,19080603.70360000,63051,236322.38000000,9252754.37540000
1734681600000,2024-12-20 08:00:00,39.14000000,39.19000000,33.61000000,33.68000000,2209257.14000000,1734695999999,2024-12-20 11:59:59,78915857.16610000,286052,1029237.30000000,36755824.67550000
1734696000000,2024-12-20 12:00:00,33.69000000,38.47000000,33.60000000,38.02000000,1616393.61000000,1734710399999,2024-12-20 15:59:59,58698067.71800000,105201,856601.62000000,31119827.00680000
1734710400000,2024-12-20 16:00:00,38.02000000,39.56000000,37.75000000,39.12000000,762822.72000000,1734724799999,2024-12-20 19:59:59,29427219.10910000,47854,399718.53000000,15419157.59440000
1734724800000,2024-12-20 20:00:00,39.11000000,40.04000000,37.93000000,39.86000000,738329.81000000,1734739199999,2024-12-20 23:59:59,28715899.57370000,49091,337027.65000000,13121745.28720000
1734739200000,2024-12-21 00:00:00,39.85000000,40.12000000,39.39000000,39.84000000,317679.45000000,1734753599999,2024-12-21 03:59:59,12627224.92290000,36711,139613.67000000,5550656.74730000
1734753600000,2024-12-21 04:00:00,39.85000000,42.36000000,39.80000000,41.85000000,475008.06000000,1734767999999,2024-12-21 07:59:59,19591019.98220000,55697,263732.06000000,10885274.90520000
1734768000000,2024-12-21 08:00:00,41.86000000,42.01000000,40.13000000,40.61000000,401822.35000000,1734782399999,2024-12-21 11:59:59,16488305.53160000,55838,204397.23000000,8388969.74390000
1734782400000,2024-12-21 12:00:00,40.61000000,40.65000000,37.82000000,38.62000000,760285.62000000,1734796799999,2024-12-21 15:59:59,29554486.63060000,93412,356063.48000000,13829514.93440000
1734796800000,2024-12-21 16:00:00,38.62000000,38.73000000,37.03000000,37.74000000,477259.97000000,1734811199999,2024-12-21 19:59:59,18068505.20460000,67093,221181.28000000,8380154.95890000
1734811200000,2024-12-21 20:00:00,37.74000000,38.16000000,36.93000000,37.42000000,328862.25000000,1734825599999,2024-12-21 23:59:59,12360459.80470000,44439,157498.10000000,5926955.85290000
1734825600000,2024-12-22 00:00:00,37.42000000,37.85000000,36.97000000,37.54000000,283004.69000000,1734839999999,2024-12-22 03:59:59,10587942.95220000,37990,137901.03000000,5159568.80280000
1734840000000,2024-12-22 04:00:00,37.53000000,37.73000000,36.17000000,37.62000000,267074.22000000,1734854399999,2024-12-22 07:59:59,9888802.21480000,44247,128432.83000000,4756922.36700000
1734854400000,2024-12-22 08:00:00,37.61000000,38.54000000,37.59000000,38.04000000,290746.01000000,1734868799999,2024-12-22 11:59:59,11082957.51650000,39301,149273.33000000,5690217.69320000
1734868800000,2024-12-22 12:00:00,38.03000000,38.37000000,36.64000000,37.02000000,428676.15000000,1734883199999,2024-12-22 15:59:59,16006324.28450000,48538,200748.17000000,7493923.55390000
1734883200000,2024-12-22 16:00:00,37.02000000,37.64000000,36.03000000,36.16000000,330972.32000000,1734897599999,2024-12-22 19:59:59,12250160.36950000,38554,150451.75000000,5571522.77420000
1734897600000,2024-12-22 20:00:00,36.15000000,37.07000000,35.52000000,36.57000000,490680.03000000,1734911999999,2024-12-22 23:59:59,17796036.89990000,59346,239479.39000000,8678520.86160000
1734912000000,2024-12-23 00:00:00,36.57000000,37.91000000,35.62000000,37.79000000,457495.94000000,1734926399999,2024-12-23 03:59:59,16770825.19890000,66590,238765.88000000,8759552.61150000
1734926400000,2024-12-23 04:00:00,37.79000000,38.00000000,35.85000000,36.32000000,337854.22000000,1734940799999,2024-12-23 07:59:59,12421659.92150000,46170,181024.41000000,6649473.03010000
1734940800000,2024-12-23 08:00:00,36.32000000,37.48000000,36.22000000,36.87000000,389000.26000000,1734955199999,2024-12-23 11:59:59,14395506.22180000,41203,185833.04000000,6877033.82230000
1734955200000,2024-12-23 12:00:00,36.88000000,37.26000000,35.70000000,35.77000000,466419.18000000,1734969599999,2024-12-23 15:59:59,16961972.27710000,60606,244273.38000000,8891081.02250000
1734969600000,2024-12-23 16:00:00,35.76000000,37.50000000,35.75000000,36.94000000,606268.52000000,1734983999999,2024-12-23 19:59:59,22362809.49300000,69069,288534.83000000,10640051.68970000
1734984000000,2024-12-23 20:00:00,36.94000000,39.74000000,36.92000000,39.11000000,909160.19000000,1734998399999,2024-12-23 23:59:59,35132489.19260000,88807,488448.36000000,18869453.96800000
1734998400000,2024-12-24 00:00:00,39.10000000,39.31000000,37.70000000,38.57000000,318100.73000000,1735012799999,2024-12-24 03:59:59,12230170.69350000,38338,149222.58000000,5738477.17090000
1735012800000,2024-12-24 04:00:00,38.57000000,39.12000000,38.28000000,38.55000000,260824.22000000,1735027199999,2024-12-24 07:59:59,10113762.69810000,28479,121058.40000000,4697075.70860000
1735027200000,2024-12-24 08:00:00,38.56000000,39.69000000,38.38000000,39.63000000,414425.57000000,1735041599999,2024-12-24 11:59:59,16174734.79310000,40631,234493.55000000,9164181.93890000
1735041600000,2024-12-24 12:00:00,39.62000000,41.02000000,39.03000000,40.90000000,660511.55000000,1735055999999,2024-12-24 15:59:59,26446843.85640000,66221,367090.61000000,14700034.94610000
1735056000000,2024-12-24 16:00:00,40.90000000,42.06000000,40.80000000,40.89000000,567279.15000000,1735070399999,2024-12-24 19:59:59,23437278.37240000,63666,271351.97000000,11219939.30270000
1735070400000,2024-12-24 20:00:00,40.89000000,41.48000000,40.30000000,41.25000000,345169.90000000,1735084799999,2024-12-24 23:59:59,14102234.59200000,38070,163277.24000000,6674531.76280000
1735084800000,2024-12-25 00:00:00,41.25000000,41.49000000,40.61000000,41.13000000,214584.29000000,1735099199999,2024-12-25 03:59:59,8819685.12830000,26878,94423.64000000,3881298.58260000
1735099200000,2024-12-25 04:00:00,41.14000000,41.58000000,40.83000000,40.88000000,161619.57000000,1735113599999,2024-12-25 07:59:59,6663282.32840000,22018,78102.80000000,3222573.80360000
1735113600000,2024-12-25 08:00:00,40.88000000,41.90000000,40.37000000,40.46000000,246355.33000000,1735127999999,2024-12-25 11:59:59,10129099.66230000,35168,131443.62000000,5410130.50880000
1735128000000,2024-12-25 12:00:00,40.47000000,41.04000000,40.31000000,40.56000000,200180.50000000,1735142399999,2024-12-25 15:59:59,8137927.65480000,26944,99795.88000000,4059074.51070000
1735142400000,2024-12-25 16:00:00,40.56000000,40.66000000,40.02000000,40.56000000,213788.11000000,1735156799999,2024-12-25 19:59:59,8621349.86690000,24145,115165.80000000,4646299.39110000
1735156800000,2024-12-25 20:00:00,40.57000000,40.81000000,39.83000000,40.25000000,186143.91000000,1735171199999,2024-12-25 23:59:59,7480545.77930000,26735,85102.94000000,3420516.67350000
1735171200000,2024-12-26 00:00:00,40.26000000,40.74000000,39.39000000,39.58000000,260542.85000000,1735185599999,2024-12-26 03:59:59,10408692.49550000,31622,116930.45000000,4673435.30900000
1735185600000,2024-12-26 04:00:00,39.58000000,39.58000000,38.64000000,38.71000000,298101.97000000,1735199999999,2024-12-26 07:59:59,11642749.46190000,35562,114064.94000000,4454458.56550000
1735200000000,2024-12-26 08:00:00,38.72000000,38.77000000,37.60000000,37.98000000,534890.12000000,1735214399999,2024-12-26 11:59:59,20382096.01860000,59363,256478.18000000,9776452.73210000
1735214400000,2024-12-26 12:00:00,37.99000000,38.10000000,37.40000000,37.68000000,335741.22000000,1735228799999,2024-12-26 15:59:59,12676538.33040000,37016,167770.76000000,6339695.92820000
1735228800000,2024-12-26 16:00:00,37.68000000,37.95000000,37.09000000,37.62000000,281732.85000000,1735243199999,2024-12-26 19:59:59,10580733.78290000,33914,148541.59000000,5580489.96270000
1735243200000,2024-12-26 20:00:00,37.62000000,37.71000000,36.97000000,37.33000000,207681.87000000,1735257599999,2024-12-26 23:59:59,7755060.60420000,27286,96527.05000000,3607469.11930000
1735257600000,2024-12-27 00:00:00,37.33000000,37.86000000,37.05000000,37.58000000,176245.76000000,1735271999999,2024-12-27 03:59:59,6605905.88220000,24913,95107.45000000,3567041.37670000
1735272000000,2024-12-27 04:00:00,37.58000000,38.11000000,36.84000000,37.20000000,289846.31000000,1735286399999,2024-12-27 07:59:59,10852250.32070000,36438,158575.73000000,5933809.77210000
1735286400000,2024-12-27 08:00:00,37.20000000,39.05000000,37.20000000,38.52000000,460642.48000000,1735300799999,2024-12-27 11:59:59,17664658.83730000,66335,242480.67000000,9306055.81900000
1735300800000,2024-12-27 12:00:00,38.52000000,38.59000000,36.55000000,36.68000000,411363.09000000,1735315199999,2024-12-27 15:59:59,15364626.51090000,51375,184044.67000000,6873761.39590000
1735315200000,2024-12-27 16:00:00,36.68000000,37.56000000,36.31000000,37.19000000,326688.59000000,1735329599999,2024-12-27 19:59:59,12074098.56060000,40513,174516.62000000,6453638.72450000
1735329600000,2024-12-27 20:00:00,37.19000000,37.23000000,36.33000000,36.56000000,207516.03000000,1735343999999,2024-12-27 23:59:59,7619905.70020000,25035,99385.56000000,3651244.33300000
1735344000000,2024-12-28 00:00:00,36.57000000,36.80000000,36.28000000,36.68000000,164447.24000000,1735358399999,2024-12-28 03:59:59,6021702.09400000,17464,86291.22000000,3160554.25500000
1735358400000,2024-12-28 04:00:00,36.68000000,37.00000000,36.33000000,36.41000000,88947.86000000,1735372799999,2024-12-28 07:59:59,3262327.91910000,16979,40447.59000000,1484537.62930000
1735372800000,2024-12-28 08:00:00,36.41000000,36.90000000,36.40000000,36.78000000,151217.22000000,1735387199999,2024-12-28 11:59:59,5543356.24720000,17298,75123.31000000,2754476.19900000
1735387200000,2024-12-28 12:00:00,36.79000000,37.54000000,36.44000000,37.07000000,232637.84000000,1735401599999,2024-12-28 15:59:59,8614959.82610000,27702,108671.80000000,4028930.67810000
1735401600000,2024-12-28 16:00:00,37.06000000,37.91000000,36.97000000,37.62000000,178469.41000000,1735415999999,2024-12-28 19:59:59,6708353.58000000,22116,91591.16000000,3442845.82400000
1735416000000,2024-12-28 20:00:00,37.63000000,38.14000000,37.45000000,37.74000000,269947.27000000,1735430399999,2024-12-28 23:59:59,10186901.41180000,23868,129521.15000000,4890328.22020000
1735430400000,2024-12-29 00:00:00,37.75000000,37.81000000,37.13000000,37.47000000,144496.94000000,1735444799999,2024-12-29 03:59:59,5400982.56770000,17763,51470.08000000,1924008.28790000
1735444800000,2024-12-29 04:00:00,37.48000000,37.68000000,37.11000000,37.67000000,92216.90000000,1735459199999,2024-12-29 07:59:59,3445529.38260000,12124,42179.29000000,1575973.49110000
1735459200000,2024-12-29 08:00:00,37.68000000,37.73000000,37.07000000,37.09000000,97043.93000000,1735473599999,2024-12-29 11:59:59,3621443.49460000,13409,52061.48000000,1942213.92420000
1735473600000,2024-12-29 12:00:00,37.09000000,37.32000000,36.43000000,36.58000000,194813.21000000,1735487999999,2024-12-29 15:59:59,7166242.97970000,25358,96284.51000000,3542487.00980000
1735488000000,2024-12-29 16:00:00,36.58000000,36.61000000,36.08000000,36.21000000,278962.16000000,1735502399999,2024-12-29 19:59:59,10117561.97370000,21285,127475.85000000,4623713.30270000
1735502400000,2024-12-29 20:00:00,36.20000000,36.23000000,35.53000000,35.84000000,349629.47000000,1735516799999,2024-12-29 23:59:59,12543791.83100000,30717,175456.35000000,6294789.98690000
1735516800000,2024-12-30 00:00:00,35.85000000,37.06000000,35.72000000,36.42000000,594335.60000000,1735531199999,2024-12-30 03:59:59,21711591.31750000,41383,306282.32000000,11187093.96840000
1735531200000,2024-12-30 04:00:00,36.41000000,37.00000000,36.08000000,36.78000000,369018.44000000,1735545599999,2024-12-30 07:59:59,13474066.17500000,29737,187400.78000000,6842662.77280000
1735545600000,2024-12-30 08:00:00,36.78000000,37.07000000,36.41000000,36.73000000,390910.87000000,1735559999999,2024-12-30 11:59:59,14393352.48950000,33877,189151.64000000,6965687.64940000
1735560000000,2024-12-30 12:00:00,36.72000000,37.18000000,34.87000000,35.15000000,812040.61000000,1735574399999,2024-12-30 15:59:59,29127623.61240000,55961,387381.22000000,13899950.05370000
1735574400000,2024-12-30 16:00:00,35.14000000,37.00000000,34.94000000,36.94000000,434719.93000000,1735588799999,2024-12-30 19:59:59,15721203.38970000,26113,244280.39000000,8833774.28200000
1735588800000,2024-12-30 20:00:00,36.94000000,37.19000000,35.72000000,35.97000000,302960.77000000,1735603199999,2024-12-30 23:59:59,10983817.38590000,21824,142878.64000000,5184998.52240000
1735603200000,2024-12-31 00:00:00,35.98000000,35.98000000,35.13000000,35.22000000,158589.93000000,1735617599999,2024-12-31 03:59:59,5618593.72680000,14557,66444.93000000,2355224.01980000
1735617600000,2024-12-31 04:00:00,35.23000000,35.46000000,34.94000000,35.30000000,154530.41000000,1735631999999,2024-12-31 07:59:59,5441044.28460000,13892,69329.40000000,2441694.88100000
1735632000000,2024-12-31 08:00:00,35.31000000,36.44000000,35.26000000,36.20000000,244602.80000000,1735646399999,2024-12-31 11:59:59,8822973.28920000,20822,117817.40000000,4250519.55290000
1735646400000,2024-12-31 12:00:00,36.21000000,37.29000000,36.05000000,36.79000000,350346.90000000,1735660799999,2024-12-31 15:59:59,12892177.85840000,26344,172274.32000000,6342202.92540000
1735660800000,2024-12-31 16:00:00,36.79000000,36.85000000,35.57000000,36.00000000,286802.65000000,1735675199999,2024-12-31 19:59:59,10369191.39800000,22461,134832.98000000,4871463.47500000
1735675200000,2024-12-31 20:00:00,35.99000000,36.13000000,35.57000000,35.71000000,134307.84000000,1735689599999,2024-12-31 23:59:59,4807399.88990000,10533,67006.05000000,2398496.86190000
1735689600000,2025-01-01 00:00:00,35.70000000,36.22000000,35.58000000,35.62000000,119096.35000000,1735703999999,2025-01-01 03:59:59,4273487.56280000,10529,65320.51000000,2343644.43880000
1735704000000,2025-01-01 04:00:00,35.61000000,35.77000000,35.34000000,35.61000000,87274.77000000,1735718399999,2025-01-01 07:59:59,3101285.21200000,8792,43963.77000000,1562160.04150000
1735718400000,2025-01-01 08:00:00,35.62000000,35.71000000,34.95000000,35.53000000,128348.16000000,1735732799999,2025-01-01 11:59:59,4530284.26700000,13722,62771.21000000,2216969.20310000
1735732800000,2025-01-01 12:00:00,35.54000000,36.52000000,35.50000000,36.48000000,163448.51000000,1735747199999,2025-01-01 15:59:59,5884551.93540000,16339,81663.40000000,2940337.05440000
1735747200000,2025-01-01 16:00:00,36.49000000,37.36000000,36.03000000,37.10000000,419774.63000000,1735761599999,2025-01-01 19:59:59,15363940.02640000,27236,208955.67000000,7660668.11210000
1735761600000,2025-01-01 20:00:00,37.10000000,37.99000000,37.10000000,37.78000000,330536.12000000,1735775999999,2025-01-01 23:59:59,12427896.13280000,24813,151761.56000000,5706075.11080000
1735776000000,2025-01-02 00:00:00,37.77000000,38.70000000,37.77000000,38.47000000,301872.08000000,1735790399999,2025-01-02 03:59:59,11595662.51770000,23646,146293.14000000,5620404.09060000
1735790400000,2025-01-02 04:00:00,38.48000000,39.26000000,38.46000000,38.87000000,245887.73000000,1735804799999,2025-01-02 07:59:59,9552944.28560000,18612,126502.56000000,4916310.79560000
1735804800000,2025-01-02 08:00:00,38.87000000,40.55000000,38.85000000,40.41000000,429997.31000000,1735819199999,2025-01-02 11:59:59,17151289.47670000,31071,227139.67000000,9052785.87080000
1735819200000,2025-01-02 12:00:00,40.42000000,40.60000000,39.29000000,39.41000000,482035.46000000,1735833599999,2025-01-02 15:59:59,19204144.63830000,55987,202783.75000000,8084577.07520000
1735833600000,2025-01-02 16:00:00,39.42000000,39.88000000,38.96000000,39.00000000,321400.88000000,1735847999999,2025-01-02 19:59:59,12660426.18650000,49528,151696.97000000,5982409.66530000
1735848000000,2025-01-02 20:00:00,39.00000000,39.38000000,38.80000000,39.28000000,156696.16000000,1735862399999,2025-01-02 23:59:59,6128604.12470000,19820,81606.21000000,3192733.69910000
1735862400000,2025-01-03 00:00:00,39.28000000,39.98000000,38.89000000,39.88000000,229652.00000000,1735876799999,2025-01-03 03:59:59,9054225.23330000,28062,124783.69000000,4923258.74050000
1735876800000,2025-01-03 04:00:00,39.88000000,40.27000000,39.34000000,39.42000000,197738.17000000,1735891199999,2025-01-03 07:59:59,7863472.95520000,30668,81607.21000000,3248696.07100000
1735891200000,2025-01-03 08:00:00,39.43000000,41.34000000,39.39000000,41.31000000,535775.22000000,1735905599999,2025-01-03 11:59:59,21745386.76030000,59198,336044.39000000,13631867.93220000
1735905600000,2025-01-03 12:00:00,41.32000000,42.09000000,40.97000000,41.92000000,502545.52000000,1735919999999,2025-01-03 15:59:59,20857591.69050000,55556,257775.46000000,10707894.93340000
1735920000000,2025-01-03 16:00:00,41.92000000,42.19000000,41.66000000,41.99000000,399472.07000000,1735934399999,2025-01-03 19:59:59,16750912.68050000,50268,211957.86000000,8890183.37110000
1735934400000,2025-01-03 20:00:00,41.98000000,42.10000000,41.45000000,41.94000000,328928.88000000,1735948799999,2025-01-03 23:59:59,13743355.79840000,40014,156649.01000000,6547952.07680000
1735948800000,2025-01-04 00:00:00,41.93000000,42.38000000,41.46000000,41.90000000,318526.65000000,1735963199999,2025-01-04 03:59:59,13360729.08340000,36764,159056.49000000,6677062.79040000
1735963200000,2025-01-04 04:00:00,41.90000000,42.06000000,41.53000000,42.01000000,134121.38000000,1735977599999,2025-01-04 07:59:59,5606274.68220000,20468,58689.64000000,2454441.66670000
1735977600000,2025-01-04 08:00:00,42.01000000,42.02000000,41.21000000,41.45000000,186469.33000000,1735991999999,2025-01-04 11:59:59,7740883.69710000,27175,67401.61000000,2799246.59710000
1735992000000,2025-01-04 12:00:00,41.44000000,42.12000000,40.89000000,41.07000000,394839.09000000,1736006399999,2025-01-04 15:59:59,16415287.37600000,48339,175400.18000000,7293951.40360000
1736006400000,2025-01-04 16:00:00,41.06000000,41.98000000,40.99000000,41.95000000,215297.18000000,1736020799999,2025-01-04 19:59:59,8929712.60940000,24265,96382.68000000,3999400.86650000
1736020800000,2025-01-04 20:00:00,41.95000000,42.85000000,41.90000000,42.63000000,394381.88000000,1736035199999,2025-01-04 23:59:59,16773781.47630000,40052,207767.54000000,8834911.51800000
1736035200000,2025-01-05 00:00:00,42.63000000,42.86000000,41.86000000,42.28000000,218564.21000000,1736049599999,2025-01-05 03:59:59,9240773.74150000,23275,93024.23000000,3930897.22650000
1736049600000,2025-01-05 04:00:00,42.29000000,42.82000000,42.19000000,42.28000000,166471.49000000,1736063999999,2025-01-05 07:59:59,7074928.59980000,25166,68082.62000000,2894991.07200000
1736064000000,2025-01-05 08:00:00,42.29000000,42.33000000,41.43000000,41.77000000,229331.37000000,1736078399999,2025-01-05 11:59:59,9579000.90430000,33695,88316.74000000,3688143.68880000
1736078400000,2025-01-05 12:00:00,41.76000000,42.03000000,41.24000000,41.78000000,256534.01000000,1736092799999,2025-01-05 15:59:59,10689128.17450000,34622,135779.95000000,5661181.82160000
1736092800000,2025-01-05 16:00:00,41.78000000,42.50000000,41.69000000,42.41000000,202671.75000000,1736107199999,2025-01-05 19:59:59,8523970.12210000,28320,102447.75000000,4310185.42990000
1736107200000,2025-01-05 20:00:00,42.41000000,43.20000000,42.25000000,43.11000000,224135.70000000,1736121599999,2025-01-05 23:59:59,9579968.04580000,38363,108515.20000000,4639567.85810000
1736121600000,2025-01-06 00:00:00,43.11000000,43.67000000,42.03000000,43.67000000,397737.89000000,1736135999999,2025-01-06 03:59:59,17113584.45440000,60547,198999.67000000,8568926.43670000
1736136000000,2025-01-06 04:00:00,43.68000000,43.98000000,43.18000000,43.19000000,309999.55000000,1736150399999,2025-01-06 07:59:59,13545220.93590000,41309,152621.29000000,6670851.89710000
1736150400000,2025-01-06 08:00:00,43.19000000,44.58000000,43.19000000,44.27000000,423894.19000000,1736164799999,2025-01-06 11:59:59,18640403.39980000,58941,230692.21000000,10146008.55870000
1736164800000,2025-01-06 12:00:00,44.27000000,44.89000000,43.40000000,44.74000000,482625.85000000,1736179199999,2025-01-06 15:59:59,21359669.48130000,53666,251589.48000000,11139793.93110000
1736179200000,2025-01-06 16:00:00,44.75000000,45.05000000,43.63000000,44.32000000,433380.95000000,1736193599999,2025-01-06 19:59:59,19246125.51110000,43687,201282.97000000,8941945.00430000
1736193600000,2025-01-06 20:00:00,44.31000000,44.44000000,43.71000000,44.05000000,284580.46000000,1736207999999,2025-01-06 23:59:59,12525291.25790000,26237,153192.37000000,6743270.01380000
1736208000000,2025-01-07 00:00:00,44.04000000,44.57000000,43.60000000,43.88000000,257566.61000000,1736222399999,2025-01-07 03:59:59,11344682.75470000,30120,121418.64000000,5351597.17450000
1736222400000,2025-01-07 04:00:00,43.89000000,44.19000000,43.47000000,43.79000000,166615.73000000,1736236799999,2025-01-07 07:59:59,7299133.47680000,20636,63820.69000000,2798268.90000000
1736236800000,2025-01-07 08:00:00,43.80000000,44.04000000,42.86000000,43.13000000,252892.41000000,1736251199999,2025-01-07 11:59:59,10988876.51510000,27204,99518.31000000,4328501.16240000
1736251200000,2025-01-07 12:00:00,43.13000000,43.23000000,40.30000000,40.89000000,1311453.90000000,1736265599999,2025-01-07 15:59:59,54513947.34380000,107332,615152.68000000,25566311.04940000
1736265600000,2025-01-07 16:00:00,40.89000000,41.30000000,39.75000000,39.85000000,619784.18000000,1736279999999,2025-01-07 19:59:59,25123326.98910000,43140,294615.00000000,11954456.55260000
1736280000000,2025-01-07 20:00:00,39.86000000,40.34000000,39.13000000,39.21000000,412312.03000000,1736294399999,2025-01-07 23:59:59,16368934.59260000,42047,202697.68000000,8052397.05710000
1736294400000,2025-01-08 00:00:00,39.20000000,39.93000000,38.67000000,38.90000000,369636.15000000,1736308799999,2025-01-08 03:59:59,14496894.74880000,36987,181203.42000000,7109639.60740000
1736308800000,2025-01-08 04:00:00,38.90000000,39.09000000,37.57000000,38.36000000,479755.84000000,1736323199999,2025-01-08 07:59:59,18367105.05180000,45458,222345.36000000,8517105.65410000
1736323200000,2025-01-08 08:00:00,38.36000000,39.37000000,37.91000000,38.14000000,423930.61000000,1736337599999,2025-01-08 11:59:59,16367834.47700000,37387,215143.45000000,8313799.57220000
1736337600000,2025-01-08 12:00:00,38.15000000,38.64000000,37.75000000,38.18000000,425766.46000000,1736351999999,2025-01-08 15:59:59,16256469.53090000,54327,226933.13000000,8670157.34460000
1736352000000,2025-01-08 16:00:00,38.19000000,38.21000000,36.19000000,37.21000000,992543.67000000,1736366399999,2025-01-08 19:59:59,36956562.99320000,117288,453571.59000000,16889184.00340000
1736366400000,2025-01-08 20:00:00,37.21000000,37.83000000,36.69000000,37.43000000,287377.57000000,1736380799999,2025-01-08 23:59:59,10704897.81930000,34580,146831.22000000,5476241.97740000
1736380800000,2025-01-09 00:00:00,37.42000000,37.94000000,36.88000000,37.07000000,254807.68000000,1736395199999,2025-01-09 03:59:59,9516390.81120000,32529,132195.55000000,4939290.33340000
1736395200000,2025-01-09 04:00:00,37.07000000,37.24000000,36.16000000,36.30000000,192226.32000000,1736409599999,2025-01-09 07:59:59,7050408.93700000,26858,82752.15000000,3037459.64340000
1736409600000,2025-01-09 08:00:00,36.31000000,37.05000000,36.22000000,36.71000000,246665.74000000,1736423999999,2025-01-09 11:59:59,9039460.44770000,32699,121745.70000000,4463129.55580000
1736424000000,2025-01-09 12:00:00,36.71000000,37.46000000,35.56000000,37.27000000,535618.62000000,1736438399999,2025-01-09 15:59:59,19493466.05410000,66639,279941.48000000,10198704.73730000
1736438400000,2025-01-09 16:00:00,37.26000000,37.44000000,35.87000000,35.97000000,428034.99000000,1736452799999,2025-01-09 19:59:59,15661944.12660000,57357,188187.49000000,6894824.19550000
1736452800000,2025-01-09 20:00:00,35.97000000,36.51000000,35.50000000,36.20000000,342099.88000000,1736467199999,2025-01-09 23:59:59,12319099.35870000,44704,154043.77000000,5553842.23710000
1736467200000,2025-01-10 00:00:00,36.21000000,36.93000000,36.19000000,36.87000000,155752.35000000,1736481599999,2025-01-10 03:59:59,5700100.11050000,25157,79018.17000000,2893979.40480000
1736481600000,2025-01-10 04:00:00,36.88000000,37.93000000,36.74000000,37.67000000,222870.10000000,1736495999999,2025-01-10 07:59:59,8320405.99380000,34419,117164.67000000,4377637.48900000
1736496000000,2025-01-10 08:00:00,37.66000000,37.88000000,37.34000000,37.56000000,232001.68000000,1736510399999,2025-01-10 11:59:59,8735428.68250000,31775,124706.84000000,4698153.29810000
1736510400000,2025-01-10 12:00:00,37.56000000,37.75000000,36.09000000,36.59000000,890024.30000000,1736524799999,2025-01-10 15:59:59,32744658.10330000,130181,398528.33000000,14676070.19300000
1736524800000,2025-01-10 16:00:00,36.60000000,37.45000000,35.95000000,36.90000000,463309.70000000,1736539199999,2025-01-10 19:59:59,16982602.81000000,59732,238531.57000000,8750486.27420000
1736539200000,2025-01-10 20:00:00,36.91000000,36.94000000,36.41000000,36.67000000,142845.43000000,1736553599999,2025-01-10 23:59:59,5237429.56680000,20175,77482.01000000,2840757.02780000
1736553600000,2025-01-11 00:00:00,36.67000000,36.80000000,36.09000000,36.15000000,133621.96000000,1736567999999,2025-01-11 03:59:59,4871333.15750000,18364,52482.85000000,1913221.98110000
1736568000000,2025-01-11 04:00:00,36.15000000,36.70000000,36.02000000,36.45000000,96542.54000000,1736582399999,2025-01-11 07:59:59,3512245.31050000,16850,42740.30000000,1556518.62070000
1736582400000,2025-01-11 08:00:00,36.45000000,36.95000000,36.17000000,36.83000000,110673.28000000,1736596799999,2025-01-11 11:59:59,4047158.62440000,22021,57713.73000000,2110876.39120000
1736596800000,2025-01-11 12:00:00,36.83000000,36.89000000,36.28000000,36.43000000,115840.80000000,1736611199999,2025-01-11 15:59:59,4230366.80100000,23056,48840.76000000,1783675.74620000
1736611200000,2025-01-11 16:00:00,36.42000000,36.64000000,36.29000000,36.50000000,96963.36000000,1736625599999,2025-01-11 19:59:59,3534708.67360000,19631,48393.78000000,1764299.12650000
1736625600000,2025-01-11 20:00:00,36.51000000,37.78000000,36.41000000,37.13000000,310878.23000000,1736639999999,2025-01-11 23:59:59,11601268.54480000,48684,151929.75000000,5670589.81160000
1736640000000,2025-01-12 00:00:00,37.14000000,37.35000000,36.78000000,37.11000000,113583.08000000,1736654399999,2025-01-12 03:59:59,4211311.37660000,18047,60470.87000000,2243846.23530000
1736654400000,2025-01-12 04:00:00,37.12000000,37.21000000,36.54000000,36.83000000,90219.70000000,1736668799999,2025-01-12 07:59:59,3328659.31260000,14946,48039.68000000,1772831.12770000
1736668800000,2025-01-12 08:00:00,36.84000000,36.95000000,36.37000000,36.77000000,105569.01000000,1736683199999,2025-01-12 11:59:59,3865895.55350000,18694,46384.68000000,1698585.32600000
1736683200000,2025-01-12 12:00:00,36.78000000,37.54000000,36.61000000,37.49000000,178841.80000000,1736697599999,2025-01-12 15:59:59,6643557.46740000,30528,89792.44000000,3335681.78290000
1736697600000,2025-01-12 16:00:00,37.50000000,37.63000000,36.77000000,36.81000000,154861.15000000,1736711999999,2025-01-12 19:59:59,5748238.04760000,25053,64059.02000000,2377295.46410000
1736712000000,2025-01-12 20:00:00,36.81000000,36.97000000,36.11000000,36.56000000,163087.97000000,1736726399999,2025-01-12 23:59:59,5936514.39700000,31291,69040.64000000,2514839.62400000
1736726400000,2025-01-13 00:00:00,36.57000000,37.36000000,35.20000000,35.37000000,448717.58000000,1736740799999,2025-01-13 03:59:59,16211572.70440000,63826,187287.71000000,6775329.34210000
1736740800000,2025-01-13 04:00:00,35.36000000,35.93000000,34.67000000,35.09000000,322028.93000000,1736755199999,2025-01-13 07:59:59,11327145.86950000,45563,145220.36000000,5109156.66750000
1736755200000,2025-01-13 08:00:00,35.08000000,35.11000000,33.37000000,33.40000000,578291.87000000,1736769599999,2025-01-13 11:59:59,19750172.32200000,71688,247567.48000000,8454387.16930000
1736769600000,2025-01-13 12:00:00,33.39000000,34.78000000,32.79000000,34.41000000,989469.27000000,1736783999999,2025-01-13 15:59:59,33529632.42850000,107607,516541.91000000,17529481.40740000
1736784000000,2025-01-13 16:00:00,34.42000000,34.55000000,33.13000000,33.83000000,426385.21000000,1736798399999,2025-01-13 19:59:59,14398738.58330000,52059,208332.71000000,7030815.06310000
1736798400000,2025-01-13 20:00:00,33.82000000,35.43000000,33.57000000,35.29000000,431935.20000000,1736812799999,2025-01-13 23:59:59,15035312.76200000,44480,237298.59000000,8254704.38500000
1736812800000,2025-01-14 00:00:00,35.30000000,35.52000000,35.01000000,35.18000000,206573.08000000,1736827199999,2025-01-14 03:59:59,7285206.93530000,22937,96596.87000000,3408717.47120000
1736827200000,2025-01-14 04:00:00,35.18000000,35.72000000,35.18000000,35.21000000,143754.81000000,1736841599999,2025-01-14 07:59:59,5098783.51790000,18463,60966.83000000,2161721.79970000
1736841600000,2025-01-14 08:00:00,35.22000000,36.39000000,35.22000000,35.92000000,288465.22000000,1736855999999,2025-01-14 11:59:59,10365330.14900000,34668,155194.76000000,5573949.86330000
1736856000000,2025-01-14 12:00:00,35.92000000,36.55000000,35.65000000,36.19000000,361396.64000000,1736870399999,2025-01-14 15:59:59,13078513.44080000,45837,191335.87000000,6925602.59270000
1736870400000,2025-01-14 16:00:00,36.19000000,36.72000000,35.84000000,36.42000000,221511.60000000,1736884799999,2025-01-14 19:59:59,8045547.49570000,30175,110904.41000000,4030362.27850000
1736884800000,2025-01-14 20:00:00,36.42000000,36.68000000,36.19000000,36.57000000,147063.57000000,1736899199999,2025-01-14 23:59:59,5358069.11850000,16088,71884.04000000,2620560.83760000
1736899200000,2025-01-15 00:00:00,36.57000000,36.90000000,36.39000000,36.87000000,174953.36000000,1736913599999,2025-01-15 03:59:59,6412152.87370000,26901,88989.91000000,3262036.05030000
1736913600000,2025-01-15 04:00:00,36.88000000,37.37000000,36.54000000,37.25000000,156234.33000000,1736927999999,2025-01-15 07:59:59,5772809.98940000,25043,73262.85000000,2709902.12850000
1736928000000,2025-01-15 08:00:00,37.25000000,37.43000000,36.20000000,37.02000000,383935.46000000,1736942399999,2025-01-15 11:59:59,14102022.69010000,51902,171419.23000000,6294425.77870000
1736942400000,2025-01-15 12:00:00,37.01000000,39.73000000,36.73000000,39.32000000,1144302.41000000,1736956799999,2025-01-15 15:59:59,44188119.86000000,163737,595444.68000000,22996526.34550000
1736956800000,2025-01-15 16:00:00,39.33000000,39.66000000,38.62000000,39.48000000,405518.94000000,1736971199999,2025-01-15 19:59:59,15887297.37680000,54673,195856.53000000,7673295.44240000
1736971200000,2025-01-15 20:00:00,39.48000000,40.02000000,39.02000000,39.82000000,380796.20000000,1736985599999,2025-01-15 23:59:59,15036171.90730000,59937,203982.32000000,8059407.80080000
1736985600000,2025-01-16 00:00:00,39.83000000,40.08000000,38.94000000,39.01000000,244284.14000000,1736999999999,2025-01-16 03:59:59,9628673.83900000,40873,106459.65000000,4198659.63050000
1737000000000,2025-01-16 04:00:00,39.00000000,39.48000000,39.00000000,39.32000000,130363.41000000,1737014399999,2025-01-16 07:59:59,5116253.53140000,20135,68761.73000000,2699768.94010000
1737014400000,2025-01-16 08:00:00,39.31000000,39.53000000,38.34000000,39.50000000,378507.77000000,1737028799999,2025-01-16 11:59:59,14673856.54060000,53527,169159.49000000,6561934.12320000
1737028800000,2025-01-16 12:00:00,39.50000000,40.53000000,38.50000000,39.74000000,1097657.91000000,1737043199999,2025-01-16 15:59:59,43392897.33120000,128356,543078.23000000,21497547.94970000
1737043200000,2025-01-16 16:00:00,39.75000000,40.28000000,39.64000000,40.23000000,443313.37000000,1737057599999,2025-01-16 19:59:59,17717009.07600000,53187,227304.29000000,9088355.62970000
1737057600000,2025-01-16 20:00:00,40.24000000,40.35000000,39.57000000,40.06000000,235959.87000000,1737071999999,2025-01-16 23:59:59,9425885.57090000,42268,98743.54000000,3945380.68570000
1737072000000,2025-01-17 00:00:00,40.07000000,41.05000000,40.07000000,40.47000000,311615.90000000,1737086399999,2025-01-17 03:59:59,12645310.00970000,58507,160283.34000000,6505409.19010000
1737086400000,2025-01-17 04:00:00,40.47000000,41.63000000,40.30000000,41.35000000,257846.15000000,1737100799999,2025-01-17 07:59:59,10576296.04200000,44747,135640.17000000,5564972.20900000
1737100800000,2025-01-17 08:00:00,41.35000000,41.51000000,40.80000000,41.09000000,361718.43000000,1737115199999,2025-01-17 11:59:59,14908394.40930000,57567,195130.62000000,8044462.71180000
1737115200000,2025-01-17 12:00:00,41.10000000,41.63000000,40.74000000,40.98000000,432773.92000000,1737129599999,2025-01-17 15:59:59,17792877.09460000,69057,235093.96000000,9665955.39070000
1737129600000,2025-01-17 16:00:00,40.99000000,41.35000000,40.59000000,40.90000000,282343.20000000,1737143999999,2025-01-17 19:59:59,11569354.15480000,35966,135577.99000000,5559357.32280000
1737144000000,2025-01-17 20:00:00,40.90000000,41.82000000,40.86000000,41.38000000,272265.38000000,1737158399999,2025-01-17 23:59:59,11280474.81770000,30591,151239.99000000,6265569.47780000
1737158400000,2025-01-18 00:00:00,41.37000000,41.68000000,40.42000000,40.61000000,224728.51000000,1737172799999,2025-01-18 03:59:59,9241176.75870000,34225,107877.72000000,4436322.97960000
1737172800000,2025-01-18 04:00:00,40.60000000,41.02000000,39.14000000,39.35000000,627007.67000000,1737187199999,2025-01-18 07:59:59,25108269.77220000,73845,298729.27000000,11965011.56810000
1737187200000,2025-01-18 08:00:00,39.36000000,39.60000000,38.77000000,39.45000000,418639.49000000,1737201599999,2025-01-18 11:59:59,16377796.74930000,51116,192639.21000000,7537392.19140000
1737201600000,2025-01-18 12:00:00,39.45000000,39.67000000,38.82000000,39.10000000,392320.33000000,1737215999999,2025-01-18 15:59:59,15401097.15870000,41800,182999.99000000,7185593.61610000
1737216000000,2025-01-18 16:00:00,39.10000000,39.26000000,38.30000000,39.01000000,538847.56000000,1737230399999,2025-01-18 19:59:59,20899276.88310000,61484,263801.46000000,10230057.42400000
1737230400000,2025-01-18 20:00:00,39.02000000,39.46000000,38.57000000,39.25000000,231611.89000000,1737244799999,2025-01-18 23:59:59,9027656.86110000,24277,118515.44000000,4622060.03780000
1737244800000,2025-01-19 00:00:00,39.25000000,40.57000000,39.05000000,39.40000000,381844.13000000,1737259199999,2025-01-19 03:59:59,15188296.17890000,41928,200571.19000000,7977536.18710000
1737259200000,2025-01-19 04:00:00,39.40000000,39.63000000,38.52000000,38.53000000,509862.78000000,1737273599999,2025-01-19 07:59:59,19980217.84960000,50902,221777.35000000,8698320.43930000
1737273600000,2025-01-19 08:00:00,38.52000000,38.52000000,36.44000000,36.64000000,1100867.52000000,1737287999999,2025-01-19 11:59:59,41146667.31950000,109124,510191.23000000,19075302.22670000
1737288000000,2025-01-19 12:00:00,36.65000000,38.92000000,36.59000000,38.47000000,1024148.30000000,1737302399999,2025-01-19 15:59:59,38844414.12410000,106930,516192.56000000,19599399.93720000
1737302400000,2025-01-19 16:00:00,38.47000000,39.12000000,38.28000000,38.78000000,402946.19000000,1737316799999,2025-01-19 19:59:59,15593876.42770000,37553,201190.92000000,7790697.73300000
1737316800000,2025-01-19 20:00:00,38.78000000,39.01000000,34.86000000,35.68000000,2014743.83000000,1737331199999,2025-01-19 23:59:59,73575483.17620000,212601,912885.82000000,33343164.06580000
1737331200000,2025-01-20 00:00:00,35.68000000,35.89000000,34.49000000,35.59000000,1626172.37000000,1737345599999,2025-01-20 03:59:59,57071590.57690000,162618,771667.59000000,27090304.15010000
1737345600000,2025-01-20 04:00:00,35.60000000,40.24000000,35.32000000,38.64000000,1572977.94000000,1737359999999,2025-01-20 07:59:59,59807842.73110000,149878,834919.84000000,31740622.83070000
1737360000000,2025-01-20 08:00:00,38.65000000,39.19000000,37.81000000,38.23000000,527043.28000000,1737374399999,2025-01-20 11:59:59,20276122.42020000,60637,245698.61000000,9458645.98020000
1737374400000,2025-01-20 12:00:00,38.22000000,38.34000000,36.76000000,37.30000000,925762.42000000,1737388799999,2025-01-20 15:59:59,34709107.90300000,97997,424896.32000000,15926731.63350000
1737388800000,2025-01-20 16:00:00,37.30000000,37.73000000,35.04000000,36.56000000,1625072.18000000,1737403199999,2025-01-20 19:59:59,59183745.59720000,178507,786955.60000000,28672204.67560000
1737403200000,2025-01-20 20:00:00,36.57000000,37.87000000,35.54000000,36.03000000,795806.25000000,1737417599999,2025-01-20 23:59:59,29086412.45770000,77355,381325.28000000,13946171.42650000
1737417600000,2025-01-21 00:00:00,36.04000000,36.04000000,34.86000000,35.26000000,463120.06000000,1737431999999,2025-01-21 03:59:59,16386104.82850000,72142,228205.89000000,8076347.34590000
1737432000000,2025-01-21 04:00:00,35.27000000,35.52000000,34.52000000,35.34000000,320714.80000000,1737446399999,2025-01-21 07:59:59,11235728.11650000,46879,163708.60000000,5739195.31760000
1737446400000,2025-01-21 08:00:00,35.34000000,36.57000000,35.01000000,36.41000000,452226.38000000,1737460799999,2025-01-21 11:59:59,16205824.62920000,51687,216920.23000000,7782720.14140000
1737460800000,2025-01-21 12:00:00,36.41000000,36.93000000,35.71000000,36.18000000,578593.61000000,1737475199999,2025-01-21 15:59:59,21061891.28490000,61409,280520.36000000,10219185.54360000
1737475200000,2025-01-21 16:00:00,36.18000000,37.59000000,36.06000000,37.08000000,533883.47000000,1737489599999,2025-01-21 19:59:59,19743657.45180000,58636,276426.03000000,10223335.46110000
1737489600000,2025-01-21 20:00:00,37.09000000,37.37000000,36.64000000,36.95000000,323442.64000000,1737503999999,2025-01-21 23:59:59,11966628.81040000,34492,159798.21000000,5914135.13620000
1737504000000,2025-01-22 00:00:00,36.96000000,37.32000000,36.69000000,37.16000000,184798.52000000,1737518399999,2025-01-22 03:59:59,6845499.98680000,24352,97783.50000000,3623627.95340000
1737518400000,2025-01-22 04:00:00,37.17000000,37.39000000,36.75000000,36.85000000,164808.80000000,1737532799999,2025-01-22 07:59:59,6103129.21930000,19024,72180.12000000,2674473.79080000
1737532800000,2025-01-22 08:00:00,36.86000000,37.62000000,36.50000000,37.55000000,246831.05000000,1737547199999,2025-01-22 11:59:59,9123789.87270000,24604,116244.59000000,4303117.80740000
1737547200000,2025-01-22 12:00:00,37.56000000,37.77000000,36.55000000,36.90000000,338928.09000000,1737561599999,2025-01-22 15:59:59,12568452.99390000,42875,171663.75000000,6366717.54880000
1737561600000,2025-01-22 16:00:00,36.90000000,37.49000000,36.55000000,37.21000000,321535.84000000,1737575999999,2025-01-22 19:59:59,11919666.48790000,38660,162132.04000000,6013211.31710000
1737576000000,2025-01-22 20:00:00,37.22000000,37.46000000,36.58000000,36.80000000,306452.47000000,1737590399999,2025-01-22 23:59:59,11358151.86720000,33565,138359.78000000,5128825.56730000
1737590400000,2025-01-23 00:00:00,36.80000000,36.96000000,35.75000000,36.07000000,276035.85000000,1737604799999,2025-01-23 03:59:59,10014096.13350000,32324,108513.57000000,3937410.14430000
1737604800000,2025-01-23 04:00:00,36.07000000,36.15000000,35.27000000,35.68000000,252201.15000000,1737619199999,2025-01-23 07:59:59,8989713.43290000,27952,121590.93000000,4331472.91160000
1737619200000,2025-01-23 08:00:00,35.69000000,35.69000000,34.92000000,35.23000000,247028.39000000,1737633599999,2025-01-23 11:59:59,8706360.71590000,27554,117812.34000000,4152530.01900000
1737633600000,2025-01-23 12:00:00,35.23000000,36.31000000,34.78000000,35.93000000,692476.34000000,1737647999999,2025-01-23 15:59:59,24620005.32560000,71431,348441.60000000,12397064.74340000
1737648000000,2025-01-23 16:00:00,35.94000000,36.61000000,34.72000000,34.89000000,448534.05000000,1737662399999,2025-01-23 19:59:59,16041672.98420000,55373,203835.94000000,7299830.51330000
1737662400000,2025-01-23 20:00:00,34.89000000,35.85000000,34.64000000,35.56000000,746708.26000000,1737676799999,2025-01-23 23:59:59,26335151.70800000,79845,395027.15000000,13928352.24500000
1737676800000,2025-01-24 00:00:00,35.56000000,35.72000000,34.56000000,35.02000000,271668.71000000,1737691199999,2025-01-24 03:59:59,9502664.94800000,33300,121679.62000000,4254067.09360000
1737691200000,2025-01-24 04:00:00,35.01000000,36.35000000,34.81000000,35.79000000,349461.03000000,1737705599999,2025-01-24 07:59:59,12510647.24770000,37556,160091.89000000,5732535.10030000
1737705600000,2025-01-24 08:00:00,35.79000000,36.40000000,35.69000000,36.20000000,215300.53000000,1737719999999,2025-01-24 11:59:59,7783462.22050000,23231,116347.53000000,4206473.31980000
1737720000000,2025-01-24 12:00:00,36.20000000,36.67000000,35.96000000,36.25000000,306609.54000000,1737734399999,2025-01-24 15:59:59,11140137.02300000,34529,147093.63000000,5345781.44580000
1737734400000,2025-01-24 16:00:00,36.26000000,36.79000000,36.03000000,36.27000000,302288.77000000,1737748799999,2025-01-24 19:59:59,11022344.29280000,32102,126903.85000000,4629149.09260000
1737748800000,2025-01-24 20:00:00,36.27000000,36.46000000,35.17000000,35.34000000,285595.54000000,1737763199999,2025-01-24 23:59:59,10174323.29760000,29858,135677.97000000,4829048.18390000
1737763200000,2025-01-25 00:00:00,35.35000000,36.00000000,34.90000000,35.93000000,253568.86000000,1737777599999,2025-01-25 03:59:59,8966749.99440000,29213,132486.37000000,4687178.58280000
1737777600000,2025-01-25 04:00:00,35.92000000,35.96000000,35.22000000,35.32000000,126876.16000000,1737791999999,2025-01-25 07:59:59,4506398.62050000,15607,51805.89000000,1841114.89640000
1737792000000,2025-01-25 08:00:00,35.32000000,35.54000000,35.04000000,35.49000000,101492.41000000,1737806399999,2025-01-25 11:59:59,3580619.35210000,14636,50302.15000000,1775434.54240000
1737806400000,2025-01-25 12:00:00,35.49000000,36.49000000,35.16000000,36.45000000,251419.96000000,1737820799999,2025-01-25 15:59:59,8991217.45120000,25127,122556.10000000,4384004.58740000
1737820800000,2025-01-25 16:00:00,36.44000000,37.03000000,36.29000000,36.95000000,456998.04000000,1737835199999,2025-01-25 19:59:59,16757455.64450000,42587,227432.15000000,8343078.52810000
1737835200000,2025-01-25 20:00:00,36.94000000,37.26000000,36.57000000,36.61000000,251446.91000000,1737849599999,2025-01-25 23:59:59,9286045.70960000,25688,120329.06000000,4446635.41440000
1737849600000,2025-01-26 00:00:00,36.61000000,37.51000000,36.52000000,37.46000000,236161.97000000,1737863999999,2025-01-26 03:59:59,8762733.30440000,26448,137537.79000000,5107890.65540000
1737864000000,2025-01-26 04:00:00,37.47000000,38.03000000,37.43000000,37.64000000,320694.32000000,1737878399999,2025-01-26 07:59:59,12100191.67650000,30480,187852.73000000,7087486.09670000
1737878400000,2025-01-26 08:00:00,37.64000000,37.75000000,37.19000000,37.59000000,200267.15000000,1737892799999,2025-01-26 11:59:59,7499873.71520000,22762,83476.39000000,3125514.36320000
1737892800000,2025-01-26 12:00:00,37.58000000,37.91000000,37.32000000,37.42000000,161237.27000000,1737907199999,2025-01-26 15:59:59,6058823.94750000,20581,77243.95000000,2903320.00490000
1737907200000,2025-01-26 16:00:00,37.41000000,38.16000000,37.31000000,37.84000000,233837.24000000,1737921599999,2025-01-26 19:59:59,8846306.03320000,26778,148814.71000000,5629948.83040000
1737921600000,2025-01-26 20:00:00,37.84000000,37.90000000,35.71000000,35.75000000,376813.19000000,1737935999999,2025-01-26 23:59:59,13818423.63590000,42778,171812.64000000,6299081.41190000
1737936000000,2025-01-27 00:00:00,35.74000000,36.06000000,34.81000000,35.25000000,659775.17000000,1737950399999,2025-01-27 03:59:59,23332191.33450000,66375,330235.69000000,11688342.70820000
1737950400000,2025-01-27 04:00:00,35.25000000,35.25000000,32.94000000,33.82000000,881084.97000000,1737964799999,2025-01-27 07:59:59,29985033.80390000,80748,381207.80000000,12976565.65710000
1737964800000,2025-01-27 08:00:00,33.81000000,33.93000000,32.95000000,33.10000000,640362.00000000,1737979199999,2025-01-27 11:59:59,21421099.25340000,62730,350411.57000000,11723220.56450000
1737979200000,2025-01-27 12:00:00,33.10000000,34.21000000,32.87000000,33.68000000,819057.22000000,1737993599999,2025-01-27 15:59:59,27576651.37470000,78306,472773.19000000,15919463.57010000
1737993600000,2025-01-27 16:00:00,33.68000000,34.11000000,32.92000000,33.28000000,421950.84000000,1738007999999,2025-01-27 19:59:59,14093422.56790000,49884,182677.77000000,6105346.92810000
1738008000000,2025-01-27 20:00:00,33.28000000,34.67000000,33.28000000,34.20000000,405306.84000000,1738022399999,2025-01-27 23:59:59,13808105.61150000,43441,244057.63000000,8311851.35720000
1738022400000,2025-01-28 00:00:00,34.20000000,34.52000000,33.63000000,34.12000000,280468.08000000,1738036799999,2025-01-28 03:59:59,9559776.75150000,29123,130082.28000000,4432501.42660000
1738036800000,2025-01-28 04:00:00,34.11000000,34.50000000,33.94000000,34.23000000,256969.46000000,1738051199999,2025-01-28 07:59:59,8793199.88630000,24316,152300.25000000,5213152.48140000
1738051200000,2025-01-28 08:00:00,34.23000000,34.26000000,33.78000000,34.00000000,152570.19000000,1738065599999,2025-01-28 11:59:59,5184425.96300000,20098,79890.37000000,2714868.53980000
1738065600000,2025-01-28 12:00:00,34.01000000,34.19000000,33.50000000,33.78000000,274670.50000000,1738079999999,2025-01-28 15:59:59,9308158.43910000,35283,133768.90000000,4535376.58680000
1738080000000,2025-01-28 16:00:00,33.78000000,33.81000000,33.04000000,33.21000000,274045.74000000,1738094399999,2025-01-28 19:59:59,9169172.17530000,34831,140673.30000000,4709973.67760000
1738094400000,2025-01-28 20:00:00,33.21000000,33.27000000,31.84000000,32.08000000,466882.51000000,1738108799999,2025-01-28 23:59:59,15122837.73650000,45184,189838.50000000,6150386.92470000
1738108800000,2025-01-29 00:00:00,32.08000000,32.86000000,31.99000000,32.73000000,218038.09000000,1738123199999,2025-01-29 03:59:59,7053527.89960000,29042,107622.72000000,3482337.89910000
1738123200000,2025-01-29 04:00:00,32.73000000,33.65000000,32.64000000,33.44000000,240252.64000000,1738137599999,2025-01-29 07:59:59,7988298.66960000,26857,129996.97000000,4323869.27860000
1738137600000,2025-01-29 08:00:00,33.45000000,33.56000000,33.07000000,33.25000000,142561.75000000,1738151999999,2025-01-29 11:59:59,4743913.94240000,20200,61359.88000000,2042514.94610000
1738152000000,2025-01-29 12:00:00,33.26000000,33.29000000,32.23000000,32.61000000,241875.71000000,1738166399999,2025-01-29 15:59:59,7889388.19510000,31165,100937.68000000,3286792.86130000
1738166400000,2025-01-29 16:00:00,32.61000000,33.42000000,31.89000000,32.95000000,689901.91000000,1738180799999,2025-01-29 19:59:59,22613411.57630000,66504,341224.18000000,11193003.63300000
1738180800000,2025-01-29 20:00:00,32.95000000,33.84000000,32.59000000,32.80000000,532889.20000000,1738195199999,2025-01-29 23:59:59,17750753.80820000,63474,278713.47000000,9287428.61280000
1738195200000,2025-01-30 00:00:00,32.80000000,33.86000000,32.44000000,33.84000000,219651.92000000,1738209599999,2025-01-30 03:59:59,7294167.14490000,25990,118981.33000000,3959452.08210000
1738209600000,2025-01-30 04:00:00,33.84000000,33.98000000,33.54000000,33.69000000,176921.70000000,1738223999999,2025-01-30 07:59:59,5975480.92130000,21162,84330.92000000,2849900.37820000
1738224000000,2025-01-30 08:00:00,33.70000000,34.10000000,33.47000000,33.97000000,214856.15000000,1738238399999,2025-01-30 11:59:59,7275236.83320000,22342,123652.70000000,4190083.82570000
1738238400000,2025-01-30 12:00:00,33.98000000,34.66000000,33.76000000,34.39000000,404947.82000000,1738252799999,2025-01-30 15:59:59,13890870.00980000,39391,213079.05000000,7312232.87910000
1738252800000,2025-01-30 16:00:00,34.40000000,34.70000000,34.15000000,34.58000000,246678.69000000,1738267199999,2025-01-30 19:59:59,8490549.11280000,27903,109844.43000000,3784788.84300000
1738267200000,2025-01-30 20:00:00,34.59000000,34.67000000,34.24000000,34.29000000,150788.53000000,1738281599999,2025-01-30 23:59:59,5189375.57450000,19844,74590.89000000,2567677.07830000
1738281600000,2025-01-31 00:00:00,34.29000000,34.55000000,33.84000000,33.97000000,169319.77000000,1738295999999,2025-01-31 03:59:59,5795312.05940000,23433,71711.62000000,2458222.46220000
1738296000000,2025-01-31 04:00:00,33.96000000,35.21000000,33.80000000,34.69000000,344048.77000000,1738310399999,2025-01-31 07:59:59,11949647.15680000,39463,164634.54000000,5714813.47100000
1738310400000,2025-01-31 08:00:00,34.69000000,35.18000000,34.36000000,35.13000000,240712.83000000,1738324799999,2025-01-31 11:59:59,8355132.43360000,27383,119992.66000000,4168466.05270000
1738324800000,2025-01-31 12:00:00,35.13000000,35.97000000,35.04000000,35.95000000,437026.80000000,1738339199999,2025-01-31 15:59:59,15454635.05030000,41720,217302.99000000,7692316.84110000
1738339200000,2025-01-31 16:00:00,35.94000000,36.17000000,34.43000000,34.67000000,529294.90000000,1738353599999,2025-01-31 19:59:59,18613069.99600000,51252,242648.09000000,8532950.89090000
1738353600000,2025-01-31 20:00:00,34.66000000,34.66000000,34.02000000,34.42000000,288891.65000000,1738367999999,2025-01-31 23:59:59,9919666.45470000,28082,142019.83000000,4877854.46660000
1738368000000,2025-02-01 00:00:00,34.42000000,35.10000000,34.24000000,34.59000000,310031.48000000,1738382399999,2025-02-01 03:59:59,10771551.84530000,24992,144968.24000000,5033733.41160000
1738382400000,2025-02-01 04:00:00,34.59000000,34.76000000,34.37000000,34.42000000,125804.58000000,1738396799999,2025-02-01 07:59:59,4353070.04550000,14756,45280.29000000,1567945.86280000
1738396800000,2025-02-01 08:00:00,34.42000000,34.47000000,33.61000000,33.93000000,243262.38000000,1738411199999,2025-02-01 11:59:59,8262262.71260000,24070,88263.68000000,2997036.66330000
1738411200000,2025-02-01 12:00:00,33.92000000,34.06000000,33.36000000,33.70000000,246355.96000000,1738425599999,2025-02-01 15:59:59,8304865.74520000,26734,123596.69000000,4166748.71830000
1738425600000,2025-02-01 16:00:00,33.69000000,33.81000000,32.78000000,32.91000000,252573.16000000,1738439999999,2025-02-01 19:59:59,8417793.22890000,31373,91989.28000000,3073186.88740000
1738440000000,2025-02-01 20:00:00,32.92000000,32.93000000,31.87000000,32.11000000,445802.67000000,1738454399999,2025-02-01 23:59:59,14457688.65810000,43614,213881.93000000,6936655.62310000
1738454400000,2025-02-02 00:00:00,32.11000000,32.59000000,30.73000000,30.81000000,543652.88000000,1738468799999,2025-02-02 03:59:59,17221166.94450000,53663,239851.16000000,7612909.33680000
1738468800000,2025-02-02 04:00:00,30.81000000,31.66000000,30.70000000,31.25000000,423982.25000000,1738483199999,2025-02-02 07:59:59,13203723.28930000,42625,236636.58000000,7374923.88600000
1738483200000,2025-02-02 08:00:00,31.24000000,31.65000000,30.46000000,30.54000000,380576.41000000,1738497599999,2025-02-02 11:59:59,11817946.55750000,35049,183167.29000000,5696960.84140000
1738497600000,2025-02-02 12:00:00,30.55000000,31.09000000,30.36000000,30.71000000,411210.89000000,1738511999999,2025-02-02 15:59:59,12641763.92420000,38916,223573.86000000,6876488.83320000
1738512000000,2025-02-02 16:00:00,30.71000000,30.72000000,27.63000000,28.66000000,2328159.90000000,1738526399999,2025-02-02 19:59:59,66858331.38250000,186332,1117630.69000000,32072775.65530000
1738526400000,2025-02-02 20:00:00,28.65000000,28.93000000,25.91000000,27.63000000,1762170.28000000,1738540799999,2025-02-02 23:59:59,48114612.87400000,152482,877065.84000000,23990547.39850000
1738540800000,2025-02-03 00:00:00,27.63000000,27.64000000,21.20000000,23.91000000,6860885.74000000,1738555199999,2025-02-03 03:59:59,168893912.44110000,476984,3292823.18000000,81003041.85280000
1738555200000,2025-02-03 04:00:00,23.92000000,25.60000000,22.87000000,25.56000000,1734211.51000000,1738569599999,2025-02-03 07:59:59,41619311.53280000,121419,937161.16000000,22520178.61210000
1738569600000,2025-02-03 08:00:00,25.55000000,25.63000000,24.51000000,25.32000000,1252017.09000000,1738583999999,2025-02-03 11:59:59,31385530.68320000,95215,587812.06000000,14740321.35670000
1738584000000,2025-02-03 12:00:00,25.33000000,27.41000000,24.33000000,27.33000000,3208570.70000000,1738598399999,2025-02-03 15:59:59,82668586.91100000,201357,1618071.11000000,41681008.73610000
1738598400000,2025-02-03 16:00:00,27.33000000,28.20000000,26.89000000,28.19000000,1969379.42000000,1738612799999,2025-02-03 19:59:59,53983879.33380000,146252,958468.09000000,26280381.96280000
1738612800000,2025-02-03 20:00:00,28.19000000,28.78000000,27.19000000,28.39000000,1207147.01000000,1738627199999,2025-02-03 23:59:59,33872057.71630000,91996,568794.11000000,15982936.84110000
1738627200000,2025-02-04 00:00:00,28.40000000,28.64000000,27.39000000,27.60000000,322135.33000000,1738641599999,2025-02-04 03:59:59,9036584.61970000,38657,129354.49000000,3630878.13220000
1738641600000,2025-02-04 04:00:00,27.61000000,27.78000000,25.58000000,25.65000000,981592.56000000,1738655999999,2025-02-04 07:59:59,25891818.82060000,98258,472665.05000000,12460740.92390000
1738656000000,2025-02-04 08:00:00,25.65000000,26.75000000,25.54000000,26.40000000,515765.56000000,1738670399999,2025-02-04 11:59:59,13448960.90460000,57073,268019.95000000,6992615.54310000
1738670400000,2025-02-04 12:00:00,26.41000000,27.34000000,26.41000000,26.90000000,910215.60000000,1738684799999,2025-02-04 15:59:59,24490570.47140000,90587,429713.87000000,11570155.39150000
1738684800000,2025-02-04 16:00:00,26.90000000,27.96000000,26.75000000,26.82000000,715476.73000000,1738699199999,2025-02-04 19:59:59,19502597.27800000,68964,342264.45000000,9332290.29270000
1738699200000,2025-02-04 20:00:00,26.82000000,27.07000000,25.73000000,26.46000000,1242603.35000000,1738713599999,2025-02-04 23:59:59,32745342.55550000,108955,604106.11000000,15920168.59210000
1738713600000,2025-02-05 00:00:00,26.47000000,27.12000000,26.25000000,26.68000000,452467.38000000,1738727999999,2025-02-05 03:59:59,12085825.83360000,47429,221701.10000000,5927380.26980000
1738728000000,2025-02-05 04:00:00,26.69000000,27.11000000,26.46000000,26.84000000,261816.73000000,1738742399999,2025-02-05 07:59:59,7004476.94650000,30106,134502.98000000,3600345.21410000
1738742400000,2025-02-05 08:00:00,26.84000000,27.41000000,26.64000000,27.30000000,261812.72000000,1738756799999,2025-02-05 11:59:59,7076427.33530000,30732,142847.03000000,3865301.27780000
1738756800000,2025-02-05 12:00:00,27.31000000,27.41000000,26.35000000,26.57000000,397992.17000000,1738771199999,2025-02-05 15:59:59,10709057.60790000,46537,189128.33000000,5086926.57150000
1738771200000,2025-02-05 16:00:00,26.56000000,26.63000000,25.64000000,26.17000000,641646.57000000,1738785599999,2025-02-05 19:59:59,16710599.75770000,62041,317519.53000000,8269797.91100000
1738785600000,2025-02-05 20:00:00,26.18000000,26.26000000,25.62000000,25.84000000,323669.84000000,1738799999999,2025-02-05 23:59:59,8380724.07530000,34642,139477.31000000,3612757.13330000
1738800000000,2025-02-06 00:00:00,25.85000000,26.34000000,25.73000000,26.16000000,216645.93000000,1738814399999,2025-02-06 03:59:59,5645377.19490000,27701,96762.58000000,2522924.82600000
1738814400000,2025-02-06 04:00:00,26.16000000,26.82000000,26.09000000,26.53000000,153502.80000000,1738828799999,2025-02-06 07:59:59,4062607.53000000,19743,88379.77000000,2339510.37460000
1738828800000,2025-02-06 08:00:00,26.53000000,26.82000000,26.17000000,26.45000000,269580.28000000,1738843199999,2025-02-06 11:59:59,7145467.15350000,30546,130508.43000000,3460639.05830000
1738843200000,2025-02-06 12:00:00,26.45000000,26.48000000,24.80000000,24.99000000,644590.80000000,1738857599999,2025-02-06 15:59:59,16488526.47800000,69713,297856.16000000,7621221.07270000
1738857600000,2025-02-06 16:00:00,24.99000000,25.21000000,24.45000000,24.65000000,501672.23000000,1738871999999,2025-02-06 19:59:59,12453632.92030000,54412,258964.81000000,6432576.50160000
1738872000000,2025-02-06 20:00:00,24.65000000,25.05000000,24.28000000,24.50000000,318049.53000000,1738886399999,2025-02-06 23:59:59,7853344.42500000,35038,161621.12000000,3994677.72300000
1738886400000,2025-02-07 00:00:00,24.50000000,25.23000000,24.46000000,24.96000000,264470.64000000,1738900799999,2025-02-07 03:59:59,6590542.56310000,33344,134180.90000000,3346169.45110000
1738900800000,2025-02-07 04:00:00,24.97000000,25.17000000,24.44000000,24.82000000,266025.59000000,1738915199999,2025-02-07 07:59:59,6610414.13980000,28484,126625.14000000,3148104.53420000
1738915200000,2025-02-07 08:00:00,24.83000000,25.57000000,24.71000000,25.50000000,309331.24000000,1738929599999,2025-02-07 11:59:59,7808840.46780000,33492,175052.56000000,4419506.79430000
1738929600000,2025-02-07 12:00:00,25.50000000,26.22000000,25.14000000,25.44000000,933963.09000000,1738943999999,2025-02-07 15:59:59,23932631.80950000,87403,433416.75000000,11113257.35220000
1738944000000,2025-02-07 16:00:00,25.44000000,25.52000000,24.72000000,24.86000000,482687.88000000,1738958399999,2025-02-07 19:59:59,12103882.61780000,53679,230319.15000000,5778803.25680000
1738958400000,2025-02-07 20:00:00,24.86000000,24.87000000,23.71000000,24.46000000,544809.55000000,1738972799999,2025-02-07 23:59:59,13150976.65920000,55161,255866.60000000,6174658.44410000
1738972800000,2025-02-08 00:00:00,24.46000000,24.82000000,24.21000000,24.28000000,219142.14000000,1738987199999,2025-02-08 03:59:59,5373980.80390000,26127,96781.91000000,2375620.22730000
1738987200000,2025-02-08 04:00:00,24.27000000,24.46000000,23.93000000,24.35000000,159546.65000000,1739001599999,2025-02-08 07:59:59,3854628.14970000,19965,77741.35000000,1879208.01940000
1739001600000,2025-02-08 08:00:00,24.36000000,24.42000000,23.91000000,24.13000000,135615.01000000,1739015999999,2025-02-08 11:59:59,3270285.28590000,20382,64194.21000000,1548083.35530000
1739016000000,2025-02-08 12:00:00,24.14000000,24.47000000,23.95000000,24.23000000,278793.49000000,1739030399999,2025-02-08 15:59:59,6752349.02540000,28366,163749.75000000,3966768.35010000
1739030400000,2025-02-08 16:00:00,24.23000000,24.72000000,24.07000000,24.58000000,264577.11000000,1739044799999,2025-02-08 19:59:59,6478475.30940000,26901,139386.75000000,3415442.96060000
1739044800000,2025-02-08 20:00:00,24.58000000,24.69000000,24.30000000,24.58000000,183970.07000000,1739059199999,2025-02-08 23:59:59,4508536.08000000,16310,93311.65000000,2287399.06890000
1739059200000,2025-02-09 00:00:00,24.59000000,25.30000000,24.51000000,25.25000000,224924.32000000,1739073599999,2025-02-09 03:59:59,5581493.62100000,23538,126975.41000000,3153056.78890000
1739073600000,2025-02-09 04:00:00,25.25000000,25.39000000,24.92000000,25.34000000,190940.68000000,1739087999999,2025-02-09 07:59:59,4797401.92940000,20049,112636.02000000,2830750.95450000
1739088000000,2025-02-09 08:00:00,25.34000000,25.52000000,24.95000000,24.96000000,441412.16000000,1739102399999,2025-02-09 11:59:59,11144574.72850000,30175,217853.93000000,5503889.17520000
1739102400000,2025-02-09 12:00:00,24.96000000,25.25000000,24.50000000,25.11000000,300123.33000000,1739116799999,2025-02-09 15:59:59,7458271.34200000,32361,137019.35000000,3408249.37650000
1739116800000,2025-02-09 16:00:00,25.11000000,25.26000000,24.61000000,24.68000000,215612.34000000,1739131199999,2025-02-09 19:59:59,5380414.34580000,24678,108772.85000000,2715353.34420000
1739131200000,2025-02-09 20:00:00,24.68000000,25.04000000,23.66000000,24.87000000,551420.98000000,1739145599999,2025-02-09 23:59:59,13385225.92940000,56990,266508.48000000,6479469.98640000
1739145600000,2025-02-10 00:00:00,24.87000000,25.40000000,23.86000000,24.84000000,551814.40000000,1739159999999,2025-02-10 03:59:59,13635234.05390000,64729,271602.57000000,6714153.28040000
1739160000000,2025-02-10 04:00:00,24.84000000,25.47000000,24.73000000,25.40000000,284034.04000000,1739174399999,2025-02-10 07:59:59,7148028.53020000,34077,150636.17000000,3791978.07450000
1739174400000,2025-02-10 08:00:00,25.40000000,25.90000000,25.29000000,25.43000000,397793.45000000,1739188799999,2025-02-10 11:59:59,10184349.71850000,39231,195477.81000000,5008057.59880000
1739188800000,2025-02-10 12:00:00,25.44000000,25.99000000,25.19000000,25.42000000,387266.79000000,1739203199999,2025-02-10 15:59:59,9893991.51570000,44595,179179.57000000,4580836.34650000
1739203200000,2025-02-10 16:00:00,25.43000000,25.69000000,25.32000000,25.45000000,268968.30000000,1739217599999,2025-02-10 19:59:59,6864522.13550000,27124,122514.60000000,3126590.29270000
1739217600000,2025-02-10 20:00:00,25.45000000,25.68000000,25.37000000,25.67000000,129298.80000000,1739231999999,2025-02-10 23:59:59,3301388.04550000,18273,67209.58000000,1716228.01180000
1739232000000,2025-02-11 00:00:00,25.66000000,26.34000000,25.64000000,26.31000000,349391.78000000,1739246399999,2025-02-11 03:59:59,9096923.08370000,35112,203339.63000000,5292124.10920000
1739246400000,2025-02-11 04:00:00,26.31000000,26.81000000,26.09000000,26.70000000,337888.50000000,1739260799999,2025-02-11 07:59:59,8968434.25090000,36242,158855.89000000,4215101.24160000
1739260800000,2025-02-11 08:00:00,26.70000000,27.02000000,26.28000000,26.51000000,334669.43000000,1739275199999,2025-02-11 11:59:59,8912590.79700000,33276,140226.84000000,3739323.69620000
1739275200000,2025-02-11 12:00:00,26.52000000,26.67000000,25.82000000,26.15000000,361265.72000000,1739289599999,2025-02-11 15:59:59,9474005.47370000,43975,164317.86000000,4311462.90520000
1739289600000,2025-02-11 16:00:00,26.14000000,26.19000000,24.88000000,25.06000000,410764.94000000,1739303999999,2025-02-11 19:59:59,10448320.51120000,43539,181294.02000000,4607900.64840000
1739304000000,2025-02-11 20:00:00,25.06000000,25.61000000,24.99000000,25.39000000,302893.92000000,1739318399999,2025-02-11 23:59:59,7679146.40170000,34286,121892.07000000,3088850.17670000
1739318400000,2025-02-12 00:00:00,25.39000000,25.62000000,24.98000000,25.20000000,169543.36000000,1739332799999,2025-02-12 03:59:59,4292398.90230000,27802,81086.86000000,2055368.86690000
1739332800000,2025-02-12 04:00:00,25.21000000,25.34000000,24.91000000,25.13000000,183932.26000000,1739347199999,2025-02-12 07:59:59,4622290.18540000,24378,76887.69000000,1932585.83390000
1739347200000,2025-02-12 08:00:00,25.14000000,25.39000000,24.83000000,25.25000000,193812.73000000,1739361599999,2025-02-12 11:59:59,4865843.53540000,25075,82796.71000000,2079269.19920000
1739361600000,2025-02-12 12:00:00,25.26000000,25.68000000,24.29000000,25.02000000,1217665.48000000,1739375999999,2025-02-12 15:59:59,30274681.31140000,112628,602718.57000000,14985536.14700000
1739376000000,2025-02-12 16:00:00,25.02000000,26.11000000,24.68000000,26.01000000,552383.67000000,1739390399999,2025-02-12 19:59:59,14096308.88340000,56140,294163.34000000,7513866.42520000
1739390400000,2025-02-12 20:00:00,26.01000000,27.09000000,25.98000000,26.49000000,552932.95000000,1739404799999,2025-02-12 23:59:59,14637607.22340000,56365,271980.31000000,7195094.26410000
1739404800000,2025-02-13 00:00:00,26.50000000,26.62000000,26.12000000,26.41000000,284923.80000000,1739419199999,2025-02-13 03:59:59,7518594.87430000,30695,137984.04000000,3641984.90230000
1739419200000,2025-02-13 04:00:00,26.40000000,26.43000000,25.47000000,25.52000000,207222.94000000,1739433599999,2025-02-13 07:59:59,5357887.38810000,27204,96071.40000000,2483892.91100000
1739433600000,2025-02-13 08:00:00,25.53000000,25.87000000,25.35000000,25.62000000,241799.17000000,1739447999999,2025-02-13 11:59:59,6195752.81770000,26712,128213.58000000,3286849.71750000
1739448000000,2025-02-13 12:00:00,25.62000000,25.75000000,25.11000000,25.49000000,389843.60000000,1739462399999,2025-02-13 15:59:59,9919884.49850000,47734,198042.98000000,5040612.43190000
1739462400000,2025-02-13 16:00:00,25.49000000,25.86000000,25.09000000,25.51000000,289741.42000000,1739476799999,2025-02-13 19:59:59,7366933.84580000,33463,141621.43000000,3606477.84080000
1739476800000,2025-02-13 20:00:00,25.51000000,25.59000000,25.25000000,25.39000000,177239.02000000,1739491199999,2025-02-13 23:59:59,4505296.37790000,20429,85170.21000000,2165610.89750000
1739491200000,2025-02-14 00:00:00,25.40000000,26.02000000,25.30000000,25.97000000,154906.89000000,1739505599999,2025-02-14 03:59:59,3976080.13350000,20909,82519.89000000,2118157.22570000
1739505600000,2025-02-14 04:00:00,25.96000000,25.99000000,25.55000000,25.70000000,125609.97000000,1739519999999,2025-02-14 07:59:59,3234929.64230000,16332,51420.56000000,1322907.88300000
1739520000000,2025-02-14 08:00:00,25.71000000,26.39000000,25.71000000,26.06000000,346322.31000000,1739534399999,2025-02-14 11:59:59,9043428.57020000,35655,182485.47000000,4763837.76350000
1739534400000,2025-02-14 12:00:00,26.07000000,26.73000000,25.80000000,26.57000000,426888.27000000,1739548799999,2025-02-14 15:59:59,11228542.12830000,45484,218704.56000000,5756626.83800000
1739548800000,2025-02-14 16:00:00,26.58000000,27.23000000,26.31000000,26.59000000,619961.08000000,1739563199999,2025-02-14 19:59:59,16619999.35850000,54354,317072.75000000,8499105.35020000
1739563200000,2025-02-14 20:00:00,26.59000000,26.63000000,25.96000000,26.39000000,260745.29000000,1739577599999,2025-02-14 23:59:59,6859725.59320000,32412,122598.07000000,3227742.72380000
1739577600000,2025-02-15 00:00:00,26.38000000,26.97000000,26.22000000,26.70000000,153747.86000000,1739591999999,2025-02-15 03:59:59,4101412.49060000,18939,76800.91000000,2050382.27430000
1739592000000,2025-02-15 04:00:00,26.71000000,26.86000000,26.26000000,26.40000000,96248.21000000,1739606399999,2025-02-15 07:59:59,2558098.60290000,14294,47678.38000000,1268052.33070000
1739606400000,2025-02-15 08:00:00,26.40000000,26.53000000,25.94000000,26.09000000,123011.82000000,1739620799999,2025-02-15 11:59:59,3224975.79240000,18354,51784.92000000,1358136.95370000
1739620800000,2025-02-15 12:00:00,26.09000000,26.25000000,25.49000000,25.68000000,242151.74000000,1739635199999,2025-02-15 15:59:59,6259083.39790000,29599,103512.15000000,2675942.70910000
1739635200000,2025-02-15 16:00:00,25.68000000,25.86000000,25.55000000,25.57000000,154016.30000000,1739649599999,2025-02-15 19:59:59,3960790.73820000,18632,77782.45000000,2000772.00450000
1739649600000,2025-02-15 20:00:00,25.57000000,25.75000000,25.38000000,25.48000000,111767.53000000,1739663999999,2025-02-15 23:59:59,2854740.28770000,15768,57116.91000000,1459385.66820000
1739664000000,2025-02-16 00:00:00,25.49000000,25.59000000,25.15000000,25.44000000,213781.94000000,1739678399999,2025-02-16 03:59:59,5421235.07200000,19505,112404.29000000,2847689.23960000
1739678400000,2025-02-16 04:00:00,25.45000000,25.58000000,25.14000000,25.22000000,102441.36000000,1739692799999,2025-02-16 07:59:59,2600662.97760000,13361,58951.19000000,1496796.38150000
1739692800000,2025-02-16 08:00:00,25.22000000,25.48000000,25.13000000,25.46000000,132614.65000000,1739707199999,2025-02-16 11:59:59,3360291.10190000,14707,72570.67000000,1839365.60280000
1739707200000,2025-02-16 12:00:00,25.46000000,25.48000000,24.89000000,25.14000000,283843.57000000,1739721599999,2025-02-16 15:59:59,7150358.21940000,25919,138127.29000000,3481400.18660000
1739721600000,2025-02-16 16:00:00,25.14000000,25.23000000,24.74000000,24.96000000,164216.42000000,1739735999999,2025-02-16 19:59:59,4104515.10700000,21063,74479.31000000,1861554.11580000
1739736000000,2025-02-16 20:00:00,24.95000000,25.11000000,24.75000000,24.85000000,153740.58000000,1739750399999,2025-02-16 23:59:59,3829940.47400000,19530,69827.27000000,1740566.74530000
1739750400000,2025-02-17 00:00:00,24.86000000,25.22000000,24.83000000,25.02000000,124614.53000000,1739764799999,2025-02-17 03:59:59,3118957.76730000,16468,65371.68000000,1635995.96040000
1739764800000,2025-02-17 04:00:00,25.01000000,25.18000000,24.54000000,24.93000000,270597.16000000,1739779199999,2025-02-17 07:59:59,6732970.95670000,29231,140169.39000000,3488744.49400000
1739779200000,2025-02-17 08:00:00,24.93000000,25.54000000,24.83000000,25.41000000,283767.43000000,1739793599999,2025-02-17 11:59:59,7172807.17820000,31439,157415.01000000,3978799.53560000
1739793600000,2025-02-17 12:00:00,25.40000000,25.95000000,25.08000000,25.14000000,552146.78000000,1739807999999,2025-02-17 15:59:59,14132771.70850000,51154,249941.31000000,6401601.71350000
1739808000000,2025-02-17 16:00:00,25.14000000,25.29000000,24.43000000,24.81000000,319112.08000000,1739822399999,2025-02-17 19:59:59,7923250.02350000,51653,149186.31000000,3704298.94780000
1739822400000,2025-02-17 20:00:00,24.80000000,25.45000000,24.72000000,25.03000000,206744.03000000,1739836799999,2025-02-17 23:59:59,5189338.69870000,25187,95179.90000000,2392284.95940000
1739836800000,2025-02-18 00:00:00,25.04000000,25.12000000,24.68000000,24.76000000,105715.38000000,1739851199999,2025-02-18 03:59:59,2626028.16990000,18046,53728.63000000,1334668.62160000
1739851200000,2025-02-18 04:00:00,24.76000000,24.85000000,23.76000000,23.98000000,436072.22000000,1739865599999,2025-02-18 07:59:59,10514732.26840000,53699,209423.65000000,5052421.72520000
1739865600000,2025-02-18 08:00:00,23.99000000,24.27000000,23.64000000,23.97000000,254139.67000000,1739879999999,2025-02-18 11:59:59,6083252.48890000,38612,117539.16000000,2815950.50060000
1739880000000,2025-02-18 12:00:00,23.96000000,24.32000000,23.29000000,23.44000000,401622.17000000,1739894399999,2025-02-18 15:59:59,9570791.19930000,64793,185059.18000000,4416221.44760000
1739894400000,2025-02-18 16:00:00,23.44000000,23.65000000,22.93000000,23.16000000,671734.65000000,1739908799999,2025-02-18 19:59:59,15576509.56690000,91114,259663.83000000,6025102.24340000
1739908800000,2025-02-18 20:00:00,23.16000000,23.55000000,22.95000000,23.52000000,313402.77000000,1739923199999,2025-02-18 23:59:59,7300038.53160000,37195,161941.75000000,3771282.50480000
1739923200000,2025-02-19 00:00:00,23.53000000,23.60000000,23.12000000,23.54000000,209292.23000000,1739937599999,2025-02-19 03:59:59,4898366.21330000,29673,101400.30000000,2374390.06180000
1739937600000,2025-02-19 04:00:00,23.54000000,23.86000000,22.98000000,23.73000000,249807.40000000,1739951999999,2025-02-19 07:59:59,5859599.54230000,28567,123843.91000000,2906623.17500000
1739952000000,2025-02-19 08:00:00,23.73000000,24.01000000,23.63000000,24.01000000,259143.67000000,1739966399999,2025-02-19 11:59:59,6178453.40070000,28085,134458.65000000,3206558.84120000
1739966400000,2025-02-19 12:00:00,24.01000000,24.02000000,23.38000000,23.51000000,403019.42000000,1739980799999,2025-02-19 15:59:59,9559957.61570000,39024,185364.74000000,4400611.03290000
1739980800000,2025-02-19 16:00:00,23.51000000,23.92000000,23.45000000,23.67000000,322082.39000000,1739995199999,2025-02-19 19:59:59,7634917.77750000,32433,165777.27000000,3931268.70340000
1739995200000,2025-02-19 20:00:00,23.67000000,23.89000000,23.36000000,23.74000000,240766.59000000,1740009599999,2025-02-19 23:59:59,5699670.44640000,26794,106452.26000000,2520364.34900000
1740009600000,2025-02-20 00:00:00,23.73000000,24.26000000,23.72000000,24.24000000,219874.12000000,1740023999999,2025-02-20 03:59:59,5273527.10770000,28312,105772.33000000,2537219.35280000
1740024000000,2025-02-20 04:00:00,24.23000000,24.47000000,23.87000000,23.98000000,231438.74000000,1740038399999,2025-02-20 07:59:59,5601653.92570000,20978,99852.26000000,2417366.61990000
1740038400000,2025-02-20 08:00:00,23.98000000,24.62000000,23.97000000,24.55000000,262491.12000000,1740052799999,2025-02-20 11:59:59,6386166.52240000,25608,150161.59000000,3651931.41010000
1740052800000,2025-02-20 12:00:00,24.55000000,25.00000000,24.22000000,24.26000000,463869.78000000,1740067199999,2025-02-20 15:59:59,11427417.50180000,49288,208328.91000000,5135132.77260000
1740067200000,2025-02-20 16:00:00,24.26000000,25.27000000,24.20000000,25.19000000,493698.04000000,1740081599999,2025-02-20 19:59:59,12285630.56520000,46698,242056.33000000,6022539.05070000
1740081600000,2025-02-20 20:00:00,25.20000000,25.35000000,24.86000000,25.15000000,348294.45000000,1740095999999,2025-02-20 23:59:59,8724236.89000000,29692,155918.92000000,3905580.92500000
1740096000000,2025-02-21 00:00:00,25.15000000,25.26000000,24.78000000,24.85000000,140661.60000000,1740110399999,2025-02-21 03:59:59,3511761.90590000,19612,59804.95000000,1493153.74320000
1740110400000,2025-02-21 04:00:00,24.86000000,25.35000000,24.85000000,25.16000000,185804.93000000,1740124799999,2025-02-21 07:59:59,4667939.69460000,19933,81590.49000000,2049892.71080000
1740124800000,2025-02-21 08:00:00,25.16000000,25.92000000,25.15000000,25.66000000,428614.35000000,1740139199999,2025-02-21 11:59:59,10973653.20050000,42567,223855.91000000,5727986.36070000
1740139200000,2025-02-21 12:00:00,25.65000000,26.54000000,24.96000000,25.48000000,1232508.32000000,1740153599999,2025-02-21 15:59:59,31818636.80700000,125152,616213.26000000,15917101.74600000
1740153600000,2025-02-21 16:00:00,25.48000000,25.84000000,23.77000000,23.91000000,1315232.62000000,1740167999999,2025-02-21 19:59:59,32741716.04130000,125627,613221.56000000,15285971.80280000
1740168000000,2025-02-21 20:00:00,23.91000000,24.72000000,23.82000000,24.54000000,390261.51000000,1740182399999,2025-02-21 23:59:59,9444789.13490000,50099,202864.02000000,4914746.08140000
1740182400000,2025-02-22 00:00:00,24.54000000,25.28000000,24.44000000,25.12000000,375427.67000000,1740196799999,2025-02-22 03:59:59,9370364.91510000,40494,185835.29000000,4634310.13900000
1740196800000,2025-02-22 04:00:00,25.11000000,25.39000000,24.82000000,24.91000000,312560.82000000,1740211199999,2025-02-22 07:59:59,7853083.58050000,30298,148230.22000000,3724939.78940000
1740211200000,2025-02-22 08:00:00,24.92000000,25.40000000,24.85000000,25.27000000,296652.61000000,1740225599999,2025-02-22 11:59:59,7470410.48590000,32446,151331.38000000,3810420.47290000
1740225600000,2025-02-22 12:00:00,25.27000000,25.86000000,25.27000000,25.83000000,535293.38000000,1740239999999,2025-02-22 15:59:59,13702452.02730000,42971,267401.54000000,6842099.17450000
1740240000000,2025-02-22 16:00:00,25.82000000,26.37000000,25.68000000,26.03000000,427599.66000000,1740254399999,2025-02-22 19:59:59,11135427.39840000,42647,207246.84000000,5394025.18850000
1740254400000,2025-02-22 20:00:00,26.04000000,26.06000000,25.76000000,25.83000000,211739.30000000,1740268799999,2025-02-22 23:59:59,5476946.94690000,19711,79568.08000000,2059016.34590000
1740268800000,2025-02-23 00:00:00,25.84000000,25.98000000,25.57000000,25.69000000,198246.69000000,1740283199999,2025-02-23 03:59:59,5105745.99380000,21968,85754.88000000,2210359.63900000
1740283200000,2025-02-23 04:00:00,25.69000000,25.88000000,25.42000000,25.84000000,176609.61000000,1740297599999,2025-02-23 07:59:59,4528081.50380000,20854,91733.72000000,2352592.40450000
1740297600000,2025-02-23 08:00:00,25.84000000,25.85000000,25.10000000,25.13000000,169140.13000000,1740311999999,2025-02-23 11:59:59,4299297.42420000,19775,80325.61000000,2041934.15170000
1740312000000,2025-02-23 12:00:00,25.12000000,25.17000000,24.54000000,24.55000000,335899.21000000,1740326399999,2025-02-23 15:59:59,8364244.30830000,35607,148216.68000000,3690730.05580000
1740326400000,2025-02-23 16:00:00,24.55000000,24.70000000,24.40000000,24.50000000,275099.64000000,1740340799999,2025-02-23 19:59:59,6753125.36670000,26691,131985.94000000,3240134.57620000
1740340800000,2025-02-23 20:00:00,24.50000000,24.97000000,24.42000000,24.85000000,216006.44000000,1740355199999,2025-02-23 23:59:59,5333042.63750000,23545,127223.02000000,3140822.93320000
1740355200000,2025-02-24 00:00:00,24.85000000,25.18000000,23.89000000,24.01000000,379903.03000000,1740369599999,2025-02-24 03:59:59,9295545.58430000,49637,178314.83000000,4369523.05500000
1740369600000,2025-02-24 04:00:00,24.01000000,24.23000000,23.67000000,23.97000000,317590.54000000,1740383999999,2025-02-24 07:59:59,7603293.15240000,38302,142756.71000000,3420694.32780000
1740384000000,2025-02-24 08:00:00,23.98000000,24.05000000,23.43000000,23.84000000,382700.21000000,1740398399999,2025-02-24 11:59:59,9072583.81650000,48204,181795.62000000,4309750.39310000
1740398400000,2025-02-24 12:00:00,23.83000000,23.90000000,22.88000000,23.15000000,550056.68000000,1740412799999,2025-02-24 15:59:59,12850051.68490000,72332,236994.21000000,5537277.14640000
1740412800000,2025-02-24 16:00:00,23.15000000,23.52000000,22.67000000,22.91000000,367677.97000000,1740427199999,2025-02-24 19:59:59,8505607.54880000,45656,176691.20000000,4086255.11770000
1740427200000,2025-02-24 20:00:00,22.92000000,23.27000000,21.47000000,21.88000000,990238.87000000,1740441599999,2025-02-24 23:59:59,22109583.72050000,115851,480823.93000000,10750153.57980000
1740441600000,2025-02-25 00:00:00,21.88000000,22.11000000,21.30000000,21.65000000,759005.86000000,1740455999999,2025-02-25 03:59:59,16481485.29480000,91471,401130.54000000,8712435.69610000
1740456000000,2025-02-25 04:00:00,21.66000000,21.99000000,20.30000000,20.87000000,1571625.67000000,1740470399999,2025-02-25 07:59:59,33159453.21420000,136347,740947.39000000,15645227.89470000
1740470400000,2025-02-25 08:00:00,20.87000000,21.53000000,20.33000000,21.43000000,1203662.38000000,1740484799999,2025-02-25 11:59:59,25201636.35490000,106110,614512.51000000,12882228.39350000
1740484800000,2025-02-25 12:00:00,21.42000000,21.67000000,20.55000000,20.98000000,1050789.34000000,1740499199999,2025-02-25 15:59:59,22128183.56490000,110822,506495.69000000,10672028.67230000
1740499200000,2025-02-25 16:00:00,20.99000000,21.81000000,20.78000000,21.80000000,596185.68000000,1740513599999,2025-02-25 19:59:59,12665461.16070000,66498,350819.27000000,7454241.61970000
1740513600000,2025-02-25 20:00:00,21.79000000,22.34000000,21.63000000,21.94000000,521527.80000000,1740527999999,2025-02-25 23:59:59,11487778.00480000,55820,281137.22000000,6193852.94500000
1740528000000,2025-02-26 00:00:00,21.94000000,22.35000000,21.64000000,22.22000000,275980.55000000,1740542399999,2025-02-26 03:59:59,6067678.19770000,33543,148518.44000000,3263837.66240000
1740542400000,2025-02-26 04:00:00,22.22000000,22.42000000,21.93000000,22.17000000,274788.00000000,1740556799999,2025-02-26 07:59:59,6089249.02270000,30014,130189.63000000,2885401.18280000
1740556800000,2025-02-26 08:00:00,22.17000000,22.59000000,21.88000000,22.18000000,380805.81000000,1740571199999,2025-02-26 11:59:59,8476363.48400000,35642,191878.38000000,4273422.74950000
1740571200000,2025-02-26 12:00:00,22.18000000,22.42000000,21.46000000,22.26000000,815248.43000000,1740585599999,2025-02-26 15:59:59,17901252.26580000,71754,381135.42000000,8370711.83610000
1740585600000,2025-02-26 16:00:00,22.26000000,22.45000000,21.05000000,21.23000000,1076692.17000000,1740599999999,2025-02-26 19:59:59,23282448.78250000,105434,514624.72000000,11154247.14160000
1740600000000,2025-02-26 20:00:00,21.23000000,22.28000000,21.00000000,21.87000000,759873.83000000,1740614399999,2025-02-26 23:59:59,16505126.42230000,77785,365215.90000000,7931387.56800000
1740614400000,2025-02-27 00:00:00,21.88000000,22.42000000,21.65000000,22.34000000,450791.83000000,1740628799999,2025-02-27 03:59:59,9964696.10410000,49563,229678.97000000,5077403.84930000
1740628800000,2025-02-27 04:00:00,22.33000000,23.17000000,22.16000000,23.01000000,427086.60000000,1740643199999,2025-02-27 07:59:59,9687068.06040000,40179,224403.20000000,5092735.25290000
1740643200000,2025-02-27 08:00:00,23.00000000,23.39000000,22.85000000,23.03000000,346274.10000000,1740657599999,2025-02-27 11:59:59,8003587.10760000,38643,149174.28000000,3449926.38120000
1740657600000,2025-02-27 12:00:00,23.03000000,23.32000000,22.54000000,22.79000000,551900.22000000,1740671999999,2025-02-27 15:59:59,12686110.18440000,62168,274691.41000000,6321020.33340000
1740672000000,2025-02-27 16:00:00,22.78000000,22.94000000,22.18000000,22.33000000,437198.02000000,1740686399999,2025-02-27 19:59:59,9855761.00500000,41445,187620.14000000,4232346.92070000
1740686400000,2025-02-27 20:00:00,22.34000000,22.61000000,22.00000000,22.52000000,496298.77000000,1740700799999,2025-02-27 23:59:59,11075903.12480000,42991,281949.78000000,6297385.24710000
1740700800000,2025-02-28 00:00:00,22.53000000,22.61000000,20.55000000,20.59000000,1325014.12000000,1740715199999,2025-02-28 03:59:59,28298583.45980000,125538,621279.50000000,13257430.70140000
1740715200000,2025-02-28 04:00:00,20.59000000,20.77000000,20.23000000,20.63000000,926090.96000000,1740729599999,2025-02-28 07:59:59,18982151.73850000,86902,477173.71000000,9784335.94290000
1740729600000,2025-02-28 08:00:00,20.62000000,21.46000000,20.39000000,20.96000000,680130.80000000,1740743999999,2025-02-28 11:59:59,14266290.68410000,55001,365151.90000000,7663229.85810000
1740744000000,2025-02-28 12:00:00,20.96000000,22.00000000,20.74000000,21.74000000,1124741.03000000,1740758399999,2025-02-28 15:59:59,24034604.79770000,67302,579609.30000000,12385187.76290000
1740758400000,2025-02-28 16:00:00,21.75000000,22.25000000,21.53000000,22.12000000,522368.22000000,1740772799999,2025-02-28 19:59:59,11465724.81260000,35661,254510.49000000,5589068.23330000
1740772800000,2025-02-28 20:00:00,22.11000000,22.41000000,21.80000000,22.37000000,288488.62000000,1740787199999,2025-02-28 23:59:59,6375033.65270000,20424,149185.48000000,3297758.72780000
1740787200000,2025-03-01 00:00:00,22.38000000,22.50000000,22.01000000,22.22000000,316076.07000000,1740801599999,2025-03-01 03:59:59,7042156.83330000,26855,158576.53000000,3534915.85920000
1740801600000,2025-03-01 04:00:00,22.22000000,22.46000000,21.84000000,21.89000000,222130.88000000,1740815999999,2025-03-01 07:59:59,4919415.07450000,20890,108562.04000000,2405400.86070000
1740816000000,2025-03-01 08:00:00,21.90000000,22.08000000,21.43000000,21.48000000,267024.01000000,1740830399999,2025-03-01 11:59:59,5797884.29340000,24284,126534.69000000,2751512.18720000
1740830400000,2025-03-01 12:00:00,21.48000000,21.56000000,21.05000000,21.30000000,288723.83000000,1740844799999,2025-03-01 15:59:59,6142615.37400000,27419,123970.67000000,2639153.94880000
1740844800000,2025-03-01 16:00:00,21.31000000,21.74000000,21.24000000,21.69000000,244561.56000000,1740859199999,2025-03-01 19:59:59,5248185.94570000,19501,152159.64000000,3265791.38970000
1740859200000,2025-03-01 20:00:00,21.70000000,22.17000000,21.53000000,21.86000000,244022.33000000,1740873599999,2025-03-01 23:59:59,5327271.36000000,26493,132215.24000000,2885171.03940000
1740873600000,2025-03-02 00:00:00,21.87000000,21.99000000,21.70000000,21.84000000,190227.05000000,1740887999999,2025-03-02 03:59:59,4154144.03760000,19965,88566.57000000,1935143.09800000
1740888000000,2025-03-02 04:00:00,21.85000000,22.10000000,21.75000000,21.90000000,152105.57000000,1740902399999,2025-03-02 07:59:59,3336447.05760000,16600,75197.80000000,1649572.73450000
1740902400000,2025-03-02 08:00:00,21.90000000,22.20000000,21.77000000,22.07000000,207795.69000000,1740916799999,2025-03-02 11:59:59,4568409.32480000,17644,108221.22000000,2379629.04340000
1740916800000,2025-03-02 12:00:00,22.07000000,23.06000000,21.56000000,22.52000000,1809176.75000000,1740931199999,2025-03-02 15:59:59,40394850.27720000,133127,872181.42000000,19484634.56220000
1740931200000,2025-03-02 16:00:00,22.52000000,24.80000000,22.52000000,24.68000000,3028830.15000000,1740945599999,2025-03-02 19:59:59,72920306.75780000,262701,1471936.82000000,35417906.33410000
1740945600000,2025-03-02 20:00:00,24.68000000,24.99000000,24.47000000,24.95000000,555409.40000000,1740959999999,2025-03-02 23:59:59,13722088.82530000,51758,283456.42000000,7005258.63540000
1740960000000,2025-03-03 00:00:00,24.95000000,25.12000000,23.93000000,24.55000000,526236.26000000,1740974399999,2025-03-03 03:59:59,12908610.64620000,60670,237014.25000000,5816217.03440000
1740974400000,2025-03-03 04:00:00,24.54000000,24.69000000,23.36000000,23.83000000,386813.74000000,1740988799999,2025-03-03 07:59:59,9271617.64430000,44305,180313.68000000,4322616.93760000
1740988800000,2025-03-03 08:00:00,23.83000000,23.84000000,23.02000000,23.50000000,450038.51000000,1741003199999,2025-03-03 11:59:59,10534933.35210000,54660,225608.06000000,5282638.08890000
1741003200000,2025-03-03 12:00:00,23.50000000,24.00000000,22.96000000,23.24000000,1138552.73000000,1741017599999,2025-03-03 15:59:59,26714744.45520000,110797,537913.58000000,12620993.66610000
1741017600000,2025-03-03 16:00:00,23.25000000,23.42000000,20.91000000,20.96000000,1805183.68000000,1741031999999,2025-03-03 19:59:59,39643208.82620000,149972,888891.60000000,19484039.62920000
1741032000000,2025-03-03 20:00:00,20.95000000,21.34000000,20.58000000,20.95000000,758669.36000000,1741046399999,2025-03-03 23:59:59,15980736.16550000,70680,370921.05000000,7815251.00310000
1741046400000,2025-03-04 00:00:00,20.96000000,21.11000000,19.64000000,19.83000000,1784485.30000000,1741060799999,2025-03-04 03:59:59,35932488.00290000,130064,841485.67000000,16943094.77010000
1741060800000,2025-03-04 04:00:00,19.84000000,20.31000000,19.70000000,20.05000000,459320.24000000,1741075199999,2025-03-04 07:59:59,9200297.10410000,63559,253696.29000000,5082172.64880000
1741075200000,2025-03-04 08:00:00,20.05000000,20.28000000,19.69000000,19.90000000,477490.78000000,1741089599999,2025-03-04 11:59:59,9546888.85580000,54334,255235.92000000,5107373.50200000
1741089600000,2025-03-04 12:00:00,19.91000000,20.61000000,19.35000000,19.94000000,2018281.88000000,1741103999999,2025-03-04 15:59:59,40207638.95200000,190382,1007068.23000000,20064954.04150000
1741104000000,2025-03-04 16:00:00,19.93000000,20.41000000,18.84000000,20.33000000,1670797.36000000,1741118399999,2025-03-04 19:59:59,33046977.42720000,136679,812186.86000000,16082696.26970000
1741118400000,2025-03-04 20:00:00,20.33000000,20.51000000,19.84000000,20.00000000,669394.96000000,1741132799999,2025-03-04 23:59:59,13486918.99490000,54217,329767.28000000,6650131.22860000
1741132800000,2025-03-05 00:00:00,19.99000000,20.29000000,19.69000000,19.77000000,550453.75000000,1741147199999,2025-03-05 03:59:59,11009889.46170000,49169,275471.41000000,5510080.72730000
1741147200000,2025-03-05 04:00:00,19.77000000,20.20000000,19.74000000,20.15000000,355632.75000000,1741161599999,2025-03-05 07:59:59,7089329.01760000,31701,178066.57000000,3552386.73960000
1741161600000,2025-03-05 08:00:00,20.15000000,21.37000000,20.14000000,20.99000000,1039615.65000000,1741175999999,2025-03-05 11:59:59,21697077.73840000,68617,520983.27000000,10859074.65520000
1741176000000,2025-03-05 12:00:00,21.00000000,21.22000000,20.25000000,20.39000000,864181.34000000,1741190399999,2025-03-05 15:59:59,17965229.41130000,84247,418230.04000000,8692613.95230000
1741190400000,2025-03-05 16:00:00,20.39000000,21.27000000,20.08000000,21.24000000,1133739.52000000,1741204799999,2025-03-05 19:59:59,23452879.97600000,74221,560527.59000000,11603478.04830000
1741204800000,2025-03-05 20:00:00,21.25000000,22.48000000,21.25000000,21.73000000,1144311.64000000,1741219199999,2025-03-05 23:59:59,24955916.31920000,76569,601189.37000000,13105609.96530000
1741219200000,2025-03-06 00:00:00,21.73000000,22.42000000,21.44000000,22.37000000,695392.15000000,1741233599999,2025-03-06 03:59:59,15219523.74650000,70869,351655.76000000,7697960.45380000
1741233600000,2025-03-06 04:00:00,22.38000000,22.57000000,21.64000000,21.69000000,422098.24000000,1741247999999,2025-03-06 07:59:59,9367467.29500000,44201,183834.62000000,4081902.82860000
1741248000000,2025-03-06 08:00:00,21.69000000,22.28000000,21.62000000,21.96000000,413192.17000000,1741262399999,2025-03-06 11:59:59,9080023.74200000,40637,200962.73000000,4417627.88890000
1741262400000,2025-03-06 12:00:00,21.96000000,22.10000000,21.20000000,21.97000000,661018.25000000,1741276799999,2025-03-06 15:59:59,14314998.61070000,66391,321569.03000000,6963363.59090000
1741276800000,2025-03-06 16:00:00,21.97000000,22.10000000,20.89000000,21.06000000,711489.22000000,1741291199999,2025-03-06 19:59:59,15175820.22080000,64962,347505.19000000,7416363.16260000
1741291200000,2025-03-06 20:00:00,21.07000000,21.50000000,20.99000000,20.99000000,488880.54000000,1741305599999,2025-03-06 23:59:59,10371330.38470000,40862,250874.63000000,5327168.60830000
1741305600000,2025-03-07 00:00:00,21.00000000,21.32000000,19.68000000,20.25000000,1467859.06000000,1741319999999,2025-03-07 03:59:59,29840083.53590000,125608,686429.51000000,13955887.20630000
1741320000000,2025-03-07 04:00:00,20.26000000,20.80000000,20.21000000,20.74000000,284585.04000000,1741334399999,2025-03-07 07:59:59,5847993.73390000,27081,154762.35000000,3181508.10550000
1741334400000,2025-03-07 08:00:00,20.73000000,20.91000000,20.45000000,20.79000000,294291.18000000,1741348799999,2025-03-07 11:59:59,6091900.60220000,26700,164284.46000000,3400696.82300000
1741348800000,2025-03-07 12:00:00,20.80000000,21.14000000,20.44000000,20.72000000,1003253.03000000,1741363199999,2025-03-07 15:59:59,20891683.67240000,84630,511178.64000000,10649039.57300000
1741363200000,2025-03-07 16:00:00,20.71000000,21.20000000,20.01000000,20.83000000,965360.28000000,1741377599999,2025-03-07 19:59:59,19877514.15660000,86672,450548.08000000,9270712.44220000
1741377600000,2025-03-07 20:00:00,20.82000000,20.96000000,19.94000000,20.14000000,816841.55000000,1741391999999,2025-03-07 23:59:59,16667345.09160000,79914,380211.17000000,7756174.85170000
1741392000000,2025-03-08 00:00:00,20.14000000,20.24000000,19.62000000,19.87000000,394386.66000000,1741406399999,2025-03-08 03:59:59,7829376.20610000,32602,177508.67000000,3523294.68830000
1741406400000,2025-03-08 04:00:00,19.86000000,20.07000000,19.73000000,19.80000000,153429.02000000,1741420799999,2025-03-08 07:59:59,3055605.22560000,16701,78183.57000000,1557905.89790000
1741420800000,2025-03-08 08:00:00,19.80000000,19.85000000,19.42000000,19.53000000,222123.91000000,1741435199999,2025-03-08 11:59:59,4365056.49210000,24995,98738.03000000,1941252.63500000
1741435200000,2025-03-08 12:00:00,19.54000000,21.10000000,19.46000000,20.47000000,1068704.16000000,1741449599999,2025-03-08 15:59:59,21810868.00500000,82494,600208.70000000,12245136.09380000
1741449600000,2025-03-08 16:00:00,20.48000000,20.87000000,20.27000000,20.83000000,318943.09000000,1741463999999,2025-03-08 19:59:59,6549660.42730000,41026,157308.95000000,3230694.17360000
1741464000000,2025-03-08 20:00:00,20.83000000,20.97000000,20.35000000,20.49000000,250791.25000000,1741478399999,2025-03-08 23:59:59,5188860.58300000,23807,107126.11000000,2216264.74980000
1741478400000,2025-03-09 00:00:00,20.50000000,20.69000000,20.22000000,20.27000000,123275.61000000,1741492799999,2025-03-09 03:59:59,2518342.04470000,16370,58816.38000000,1201580.98300000
1741492800000,2025-03-09 04:00:00,20.27000000,20.37000000,20.04000000,20.15000000,150071.46000000,1741507199999,2025-03-09 07:59:59,3031670.77270000,16407,75434.11000000,1524592.53470000
1741507200000,2025-03-09 08:00:00,20.15000000,20.16000000,19.61000000,19.72000000,233715.00000000,1741521599999,2025-03-09 11:59:59,4641002.09940000,21692,101662.66000000,2019517.74210000
1741521600000,2025-03-09 12:00:00,19.72000000,19.72000000,19.09000000,19.17000000,421067.80000000,1741535999999,2025-03-09 15:59:59,8180540.11660000,41903,196482.72000000,3817738.12310000
1741536000000,2025-03-09 16:00:00,19.18000000,19.36000000,17.76000000,18.25000000,1392856.79000000,1741550399999,2025-03-09 19:59:59,25581714.47950000,115663,621764.32000000,11428016.07180000
1741550400000,2025-03-09 20:00:00,18.25000000,18.44000000,17.76000000,17.97000000,532482.40000000,1741564799999,2025-03-09 23:59:59,9614224.71140000,49812,263746.78000000,4765777.90950000
1741564800000,2025-03-10 00:00:00,17.98000000,18.49000000,17.64000000,18.17000000,509657.70000000,1741579199999,2025-03-10 03:59:59,9247606.85630000,52813,253883.82000000,4610525.38510000
1741579200000,2025-03-10 04:00:00,18.18000000,18.48000000,18.16000000,18.41000000,240144.59000000,1741593599999,2025-03-10 07:59:59,4397128.49040000,21317,133593.21000000,2446426.65250000
1741593600000,2025-03-10 08:00:00,18.41000000,19.06000000,18.00000000,18.85000000,668486.78000000,1741607999999,2025-03-10 11:59:59,12402530.85110000,65417,334716.87000000,6216389.24960000
1741608000000,2025-03-10 12:00:00,18.85000000,18.99000000,17.40000000,17.80000000,1156162.74000000,1741622399999,2025-03-10 15:59:59,20947297.39010000,110830,539893.45000000,9776553.08680000
1741622400000,2025-03-10 16:00:00,17.79000000,17.87000000,16.14000000,16.91000000,2114523.09000000,1741636799999,2025-03-10 19:59:59,35845006.48560000,153610,1025185.98000000,17369489.61000000
1741636800000,2025-03-10 20:00:00,16.91000000,16.97000000,16.23000000,16.26000000,905702.37000000,1741651199999,2025-03-10 23:59:59,15047662.14430000,64926,433240.53000000,7199338.36760000
1741651200000,2025-03-11 00:00:00,16.26000000,17.06000000,15.27000000,16.58000000,2369020.22000000,1741665599999,2025-03-11 03:59:59,37931329.75510000,156364,1191676.20000000,19088871.50870000
1741665600000,2025-03-11 04:00:00,16.59000000,17.10000000,16.53000000,16.97000000,814105.73000000,1741679999999,2025-03-11 07:59:59,13723343.49100000,48225,432842.41000000,7295401.03200000
1741680000000,2025-03-11 08:00:00,16.96000000,17.46000000,16.88000000,17.36000000,608979.78000000,1741694399999,2025-03-11 11:59:59,10480458.93630000,39177,291711.77000000,5020419.85630000
1741694400000,2025-03-11 12:00:00,17.36000000,17.49000000,16.50000000,17.36000000,1736404.80000000,1741708799999,2025-03-11 15:59:59,29641379.62550000,123532,827110.07000000,14123773.09410000
1741708800000,2025-03-11 16:00:00,17.37000000,17.91000000,16.95000000,17.77000000,1495499.82000000,1741723199999,2025-03-11 19:59:59,26249945.67670000,80201,741126.74000000,13010650.04250000
1741723200000,2025-03-11 20:00:00,17.77000000,17.89000000,17.45000000,17.51000000,444046.79000000,1741737599999,2025-03-11 23:59:59,7871719.21150000,27217,201583.50000000,3575930.54830000
1741737600000,2025-03-12 00:00:00,17.51000000,17.83000000,17.06000000,17.08000000,332001.14000000,1741751999999,2025-03-12 03:59:59,5781498.17210000,27246,156215.99000000,2722578.83930000
1741752000000,2025-03-12 04:00:00,17.09000000,17.59000000,16.95000000,17.56000000,444592.48000000,1741766399999,2025-03-12 07:59:59,7700167.26880000,32379,231650.91000000,4014738.58010000
1741766400000,2025-03-12 08:00:00,17.55000000,18.25000000,17.47000000,18.23000000,637544.56000000,1741780799999,2025-03-12 11:59:59,11361860.56130000,56556,321479.98000000,5735230.92750000
1741780800000,2025-03-12 12:00:00,18.23000000,18.85000000,17.52000000,17.98000000,1569501.86000000,1741795199999,2025-03-12 15:59:59,28927009.04180000,105363,750277.09000000,13835473.98250000
1741795200000,2025-03-12 16:00:00,17.98000000,18.60000000,17.95000000,18.41000000,441470.43000000,1741809599999,2025-03-12 19:59:59,8100097.33850000,42850,220550.08000000,4048523.86260000
1741809600000,2025-03-12 20:00:00,18.41000000,18.98000000,18.35000000,18.91000000,365566.02000000,1741823999999,2025-03-12 23:59:59,6828671.11190000,28058,187063.70000000,3495570.90180000
1741824000000,2025-03-13 00:00:00,18.92000000,19.19000000,18.73000000,18.86000000,391966.21000000,1741838399999,2025-03-13 03:59:59,7443868.92570000,42741,209428.84000000,3978102.42760000
1741838400000,2025-03-13 04:00:00,18.86000000,19.14000000,18.56000000,18.79000000,413087.93000000,1741852799999,2025-03-13 07:59:59,7782578.39620000,38832,204842.25000000,3860359.50600000
1741852800000,2025-03-13 08:00:00,18.80000000,19.33000000,18.62000000,19.02000000,483479.08000000,1741867199999,2025-03-13 11:59:59,9200320.05650000,41306,240889.59000000,4585524.72840000
1741867200000,2025-03-13 12:00:00,19.02000000,19.20000000,18.30000000,18.38000000,711593.33000000,1741881599999,2025-03-13 15:59:59,13299220.43900000,59332,348750.93000000,6520364.85860000
1741881600000,2025-03-13 16:00:00,18.39000000,18.46000000,17.92000000,18.17000000,415330.56000000,1741895999999,2025-03-13 19:59:59,7561924.35980000,35628,190918.88000000,3477444.62990000
1741896000000,2025-03-13 20:00:00,18.17000000,18.91000000,17.73000000,18.50000000,594753.25000000,1741910399999,2025-03-13 23:59:59,10826926.16060000,36981,297005.43000000,5408083.13770000
1741910400000,2025-03-14 00:00:00,18.51000000,18.90000000,18.46000000,18.76000000,300585.15000000,1741924799999,2025-03-14 03:59:59,5614924.32240000,26833,157442.60000000,2940213.53890000
1741924800000,2025-03-14 04:00:00,18.76000000,18.88000000,18.49000000,18.66000000,200982.92000000,1741939199999,2025-03-14 07:59:59,3748009.76660000,14591,101438.86000000,1891848.10040000
1741939200000,2025-03-14 08:00:00,18.66000000,19.13000000,18.58000000,18.77000000,336647.81000000,1741953599999,2025-03-14 11:59:59,6345733.66010000,24761,174406.78000000,3285968.41540000
1741953600000,2025-03-14 12:00:00,18.77000000,19.30000000,18.51000000,19.01000000,568751.00000000,1741967999999,2025-03-14 15:59:59,10726258.61980000,45519,301614.25000000,5692018.03550000
1741968000000,2025-03-14 16:00:00,19.00000000,19.31000000,18.77000000,18.99000000,386254.13000000,1741982399999,2025-03-14 19:59:59,7336979.00830000,30300,205747.45000000,3910022.32750000
1741982400000,2025-03-14 20:00:00,18.99000000,19.11000000,18.52000000,18.58000000,830472.55000000,1741996799999,2025-03-14 23:59:59,15610616.65650000,42394,385700.28000000,7252336.79360000
1741996800000,2025-03-15 00:00:00,18.58000000,18.67000000,18.37000000,18.63000000,317125.65000000,1742011199999,2025-03-15 03:59:59,5876665.39520000,23394,162451.57000000,3010537.41010000
1742011200000,2025-03-15 04:00:00,18.62000000,18.90000000,18.50000000,18.61000000,420188.97000000,1742025599999,2025-03-15 07:59:59,7862713.79100000,37302,230397.44000000,4314144.88700000
1742025600000,2025-03-15 08:00:00,18.61000000,18.66000000,18.43000000,18.56000000,453098.32000000,1742039999999,2025-03-15 11:59:59,8404069.80630000,35425,239538.02000000,4442926.07860000
1742040000000,2025-03-15 12:00:00,18.55000000,18.73000000,18.42000000,18.56000000,316954.82000000,1742054399999,2025-03-15 15:59:59,5886275.87400000,21121,169078.83000000,3141104.82510000
1742054400000,2025-03-15 16:00:00,18.55000000,18.76000000,18.47000000,18.62000000,256525.36000000,1742068799999,2025-03-15 19:59:59,4774282.39430000,18411,119266.96000000,2220787.99770000
1742068800000,2025-03-15 20:00:00,18.62000000,19.47000000,18.62000000,19.40000000,786525.22000000,1742083199999,2025-03-15 23:59:59,15060996.44500000,46521,418642.89000000,8012384.95850000
1742083200000,2025-03-16 00:00:00,19.39000000,19.73000000,18.96000000,19.70000000,445017.73000000,1742097599999,2025-03-16 03:59:59,8591063.15690000,36609,202097.20000000,3906957.79390000
1742097600000,2025-03-16 04:00:00,19.69000000,19.85000000,19.28000000,19.35000000,248343.37000000,1742111999999,2025-03-16 07:59:59,4867618.49310000,24146,126137.23000000,2473209.86780000
1742112000000,2025-03-16 08:00:00,19.36000000,19.41000000,18.33000000,18.42000000,406537.10000000,1742126399999,2025-03-16 11:59:59,7659061.35680000,31466,193261.88000000,3636232.05550000
1742126400000,2025-03-16 12:00:00,18.41000000,18.71000000,18.18000000,18.50000000,337078.41000000,1742140799999,2025-03-16 15:59:59,6210765.85630000,35085,161900.79000000,2986007.16810000
1742140800000,2025-03-16 16:00:00,18.50000000,19.07000000,18.22000000,18.33000000,521519.75000000,1742155199999,2025-03-16 19:59:59,9753061.86650000,49736,251753.24000000,4712693.09320000
1742155200000,2025-03-16 20:00:00,18.34000000,18.47000000,18.12000000,18.25000000,212403.39000000,1742169599999,2025-03-16 23:59:59,3887977.98190000,23540,79906.58000000,1462955.99760000
1742169600000,2025-03-17 00:00:00,18.26000000,18.73000000,18.22000000,18.62000000,250210.39000000,1742183999999,2025-03-17 03:59:59,4637728.96510000,22703,124957.69000000,2316335.16280000
1742184000000,2025-03-17 04:00:00,18.63000000,18.74000000,18.25000000,18.62000000,293419.22000000,1742198399999,2025-03-17 07:59:59,5426495.60870000,21792,149626.96000000,2769450.55660000
1742198400000,2025-03-17 08:00:00,18.61000000,18.74000000,18.41000000,18.62000000,222482.75000000,1742212799999,2025-03-17 11:59:59,4135761.72470000,21153,106455.45000000,1979846.86800000
1742212800000,2025-03-17 12:00:00,18.62000000,18.83000000,18.20000000,18.47000000,619750.89000000,1742227199999,2025-03-17 15:59:59,11451561.30720000,51277,297647.63000000,5502745.20580000
1742227200000,2025-03-17 16:00:00,18.46000000,19.09000000,18.39000000,18.94000000,432834.31000000,1742241599999,2025-03-17 19:59:59,8123568.55060000,32096,226877.29000000,4260434.57390000
1742241600000,2025-03-17 20:00:00,18.95000000,18.98000000,18.70000000,18.82000000,169635.58000000,1742255999999,2025-03-17 23:59:59,3196544.82900000,15482,74609.66000000,1406052.81890000
1742256000000,2025-03-18 00:00:00,18.83000000,18.95000000,18.40000000,18.57000000,278522.69000000,1742270399999,2025-03-18 03:59:59,5201156.31440000,28591,137157.22000000,2562286.32910000
1742270400000,2025-03-18 04:00:00,18.58000000,19.04000000,18.44000000,18.83000000,310328.24000000,1742284799999,2025-03-18 07:59:59,5823708.47510000,29257,136067.28000000,2554826.08150000
1742284800000,2025-03-18 08:00:00,18.82000000,19.28000000,18.71000000,18.79000000,465302.55000000,1742299199999,2025-03-18 11:59:59,8857930.29780000,38970,219197.80000000,4174572.44620000
1742299200000,2025-03-18 12:00:00,18.79000000,18.91000000,18.37000000,18.45000000,507565.09000000,1742313599999,2025-03-18 15:59:59,9436553.04990000,51140,273407.01000000,5083785.86560000
1742313600000,2025-03-18 16:00:00,18.45000000,18.72000000,18.32000000,18.66000000,316338.64000000,1742327999999,2025-03-18 19:59:59,5851679.61650000,32949,154175.45000000,2852533.00440000
1742328000000,2025-03-18 20:00:00,18.66000000,19.08000000,18.46000000,18.97000000,289966.01000000,1742342399999,2025-03-18 23:59:59,5430505.04480000,22917,158869.77000000,2977946.41320000
1742342400000,2025-03-19 00:00:00,18.97000000,19.23000000,18.84000000,19.19000000,298685.46000000,1742356799999,2025-03-19 03:59:59,5692454.71060000,28937,141288.23000000,2695668.22890000
1742356800000,2025-03-19 04:00:00,19.20000000,19.33000000,18.90000000,18.91000000,307221.86000000,1742371199999,2025-03-19 07:59:59,5878328.15610000,36723,138685.90000000,2656241.80780000
1742371200000,2025-03-19 08:00:00,18.91000000,19.67000000,18.89000000,19.54000000,506721.67000000,1742385599999,2025-03-19 11:59:59,9767712.67160000,42673,310896.09000000,5995932.46560000
1742385600000,2025-03-19 12:00:00,19.55000000,19.96000000,19.30000000,19.86000000,838034.64000000,1742399999999,2025-03-19 15:59:59,16439766.76830000,77529,413733.14000000,8122320.80240000
1742400000000,2025-03-19 16:00:00,19.85000000,20.10000000,19.44000000,19.59000000,834188.87000000,1742414399999,2025-03-19 19:59:59,16461305.72310000,73929,411379.79000000,8118282.51160000
1742414400000,2025-03-19 20:00:00,19.59000000,19.79000000,19.38000000,19.74000000,458271.89000000,1742428799999,2025-03-19 23:59:59,8969781.99110000,32856,252491.49000000,4941494.79650000
1742428800000,2025-03-20 00:00:00,19.74000000,19.86000000,19.26000000,19.28000000,339228.75000000,1742443199999,2025-03-20 03:59:59,6624767.09740000,25604,169029.27000000,3301196.68740000
1742443200000,2025-03-20 04:00:00,19.28000000,19.30000000,19.08000000,19.14000000,201604.70000000,1742457599999,2025-03-20 07:59:59,3867293.78820000,17918,111992.34000000,2148139.42320000
1742457600000,2025-03-20 08:00:00,19.13000000,19.33000000,18.74000000,18.85000000,370116.26000000,1742471999999,2025-03-20 11:59:59,7033028.83010000,30809,179294.93000000,3409806.03310000
1742472000000,2025-03-20 12:00:00,18.84000000,19.20000000,18.75000000,18.78000000,391838.24000000,1742486399999,2025-03-20 15:59:59,7425707.72820000,34072,207290.65000000,3930078.27930000
1742486400000,2025-03-20 16:00:00,18.77000000,18.88000000,18.41000000,18.71000000,410584.41000000,1742500799999,2025-03-20 19:59:59,7649955.17610000,32169,208042.36000000,3876874.90340000
1742500800000,2025-03-20 20:00:00,18.71000000,18.80000000,18.62000000,18.74000000,121904.38000000,1742515199999,2025-03-20 23:59:59,2282183.95820000,12459,57706.89000000,1080511.49840000
1742515200000,2025-03-21 00:00:00,18.75000000,19.12000000,18.73000000,18.80000000,163635.16000000,1742529599999,2025-03-21 03:59:59,3099169.16520000,14076,75820.70000000,1436239.18400000
1742529600000,2025-03-21 04:00:00,18.81000000,19.01000000,18.68000000,18.76000000,153826.67000000,1742543999999,2025-03-21 07:59:59,2901362.08090000,13222,58353.18000000,1101614.96740000
1742544000000,2025-03-21 08:00:00,18.75000000,18.88000000,18.43000000,18.52000000,271946.44000000,1742558399999,2025-03-21 11:59:59,5059637.35660000,22351,110466.20000000,2054766.30240000
1742558400000,2025-03-21 12:00:00,18.52000000,18.64000000,18.36000000,18.49000000,208511.64000000,1742572799999,2025-03-21 15:59:59,3859132.86070000,24448,98972.05000000,1832577.27120000
1742572800000,2025-03-21 16:00:00,18.49000000,18.90000000,18.40000000,18.89000000,210505.04000000,1742587199999,2025-03-21 19:59:59,3938022.74920000,18792,105154.20000000,1968534.26690000
1742587200000,2025-03-21 20:00:00,18.89000000,19.49000000,18.86000000,19.18000000,390390.02000000,1742601599999,2025-03-21 23:59:59,7503767.68740000,26114,181737.07000000,3493912.20150000
1742601600000,2025-03-22 00:00:00,19.19000000,19.41000000,19.08000000,19.31000000,208130.60000000,1742615999999,2025-03-22 03:59:59,4010215.05370000,16621,76413.31000000,1472034.07520000
1742616000000,2025-03-22 04:00:00,19.30000000,19.49000000,19.30000000,19.37000000,132025.64000000,1742630399999,2025-03-22 07:59:59,2563596.94710000,10946,56923.19000000,1105584.79210000
1742630400000,2025-03-22 08:00:00,19.37000000,19.65000000,19.33000000,19.46000000,185739.14000000,1742644799999,2025-03-22 11:59:59,3622084.32420000,14412,91998.61000000,1795533.25130000
1742644800000,2025-03-22 12:00:00,19.45000000,19.58000000,19.27000000,19.55000000,151823.84000000,1742659199999,2025-03-22 15:59:59,2945945.83760000,12451,64422.35000000,1250168.02490000
1742659200000,2025-03-22 16:00:00,19.54000000,19.71000000,19.48000000,19.64000000,150977.20000000,1742673599999,2025-03-22 19:59:59,2954560.81520000,13796,61399.73000000,1201761.87860000
1742673600000,2025-03-22 20:00:00,19.65000000,19.74000000,19.34000000,19.43000000,196049.92000000,1742687999999,2025-03-22 23:59:59,3830740.83680000,18278,73331.08000000,1432641.58590000
1742688000000,2025-03-23 00:00:00,19.43000000,19.72000000,19.33000000,19.71000000,134330.86000000,1742702399999,2025-03-23 03:59:59,2621569.15580000,12982,65666.80000000,1281399.50530000
1742702400000,2025-03-23 04:00:00,19.72000000,19.72000000,19.46000000,19.58000000,114010.34000000,1742716799999,2025-03-23 07:59:59,2231145.26310000,9855,56478.85000000,1105211.35410000
1742716800000,2025-03-23 08:00:00,19.59000000,19.78000000,19.48000000,19.63000000,143962.61000000,1742731199999,2025-03-23 11:59:59,2821708.89110000,12158,72303.11000000,1417639.37050000
1742731200000,2025-03-23 12:00:00,19.63000000,19.70000000,19.44000000,19.48000000,189975.38000000,1742745599999,2025-03-23 15:59:59,3715593.66370000,15745,88393.85000000,1729055.98670000
1742745600000,2025-03-23 16:00:00,19.49000000,19.64000000,19.31000000,19.49000000,192280.39000000,1742759999999,2025-03-23 19:59:59,3745000.21660000,16885,101632.17000000,1980071.90690000
1742760000000,2025-03-23 20:00:00,19.50000000,19.85000000,19.34000000,19.82000000,157354.28000000,1742774399999,2025-03-23 23:59:59,3083876.30950000,14653,82224.23000000,1613062.24260000
1742774400000,2025-03-24 00:00:00,19.82000000,21.17000000,19.78000000,21.14000000,742712.16000000,1742788799999,2025-03-24 03:59:59,15167059.69740000,63631,408371.99000000,8328198.25960000
1742788800000,2025-03-24 04:00:00,21.15000000,21.84000000,21.14000000,21.52000000,808021.96000000,1742803199999,2025-03-24 07:59:59,17399340.70820000,67553,401437.02000000,8646079.12530000
1742803200000,2025-03-24 08:00:00,21.52000000,21.94000000,21.51000000,21.68000000,420341.98000000,1742817599999,2025-03-24 11:59:59,9162902.48740000,34446,198634.25000000,4330798.03440000
1742817600000,2025-03-24 12:00:00,21.69000000,22.14000000,21.42000000,21.54000000,802236.77000000,1742831999999,2025-03-24 15:59:59,17446847.44840000,57136,423520.94000000,9217893.40130000
1742832000000,2025-03-24 16:00:00,21.53000000,21.58000000,21.24000000,21.38000000,280352.33000000,1742846399999,2025-03-24 19:59:59,5999472.27680000,27918,133139.45000000,2850236.75740000
1742846400000,2025-03-24 20:00:00,21.39000000,21.51000000,21.24000000,21.48000000,232449.56000000,1742860799999,2025-03-24 23:59:59,4961815.83140000,20572,135664.13000000,2896136.47680000
1742860800000,2025-03-25 00:00:00,21.49000000,21.68000000,21.33000000,21.36000000,302930.13000000,1742875199999,2025-03-25 03:59:59,6512104.85860000,28823,141752.85000000,3048870.17800000
1742875200000,2025-03-25 04:00:00,21.35000000,21.94000000,21.29000000,21.85000000,260335.02000000,1742889599999,2025-03-25 07:59:59,5648566.28170000,26767,155022.67000000,3362712.00020000
1742889600000,2025-03-25 08:00:00,21.85000000,22.41000000,21.84000000,22.33000000,327708.68000000,1742903999999,2025-03-25 11:59:59,7251107.79300000,29454,190522.42000000,4217417.90080000
1742904000000,2025-03-25 12:00:00,22.34000000,22.81000000,22.13000000,22.48000000,584377.40000000,1742918399999,2025-03-25 15:59:59,13133975.38770000,57796,285027.14000000,6408319.73380000
1742918400000,2025-03-25 16:00:00,22.49000000,23.23000000,22.43000000,23.04000000,502005.40000000,1742932799999,2025-03-25 19:59:59,11481965.79700000,49186,251418.45000000,5757636.80040000
1742932800000,2025-03-25 20:00:00,23.05000000,23.46000000,22.77000000,22.90000000,502842.86000000,1742947199999,2025-03-25 23:59:59,11638436.84200000,44432,249452.64000000,5778952.23570000
1742947200000,2025-03-26 00:00:00,22.91000000,23.25000000,22.54000000,22.59000000,356546.49000000,1742961599999,2025-03-26 03:59:59,8169155.04900000,31205,171062.18000000,3926492.32250000
1742961600000,2025-03-26 04:00:00,22.60000000,22.88000000,22.54000000,22.85000000,210710.71000000,1742975999999,2025-03-26 07:59:59,4782391.10380000,20706,122256.87000000,2775868.92080000
1742976000000,2025-03-26 08:00:00,22.84000000,22.98000000,22.64000000,22.86000000,171921.39000000,1742990399999,2025-03-26 11:59:59,3920076.28290000,18553,97554.00000000,2225245.37180000
1742990400000,2025-03-26 12:00:00,22.85000000,22.88000000,21.96000000,22.17000000,562320.80000000,1743004799999,2025-03-26 15:59:59,12548282.02960000,46450,231296.48000000,5168369.69980000
1743004800000,2025-03-26 16:00:00,22.17000000,22.48000000,21.83000000,22.07000000,411250.21000000,1743019199999,2025-03-26 19:59:59,9070342.40290000,30988,187718.65000000,4142864.50800000
1743019200000,2025-03-26 20:00:00,22.06000000,22.29000000,21.85000000,22.04000000,224609.70000000,1743033599999,2025-03-26 23:59:59,4959658.09730000,19539,107517.94000000,2375274.99490000
1743033600000,2025-03-27 00:00:00,22.05000000,22.38000000,21.99000000,22.17000000,256663.62000000,1743047999999,2025-03-27 03:59:59,5697876.60770000,19080,110474.18000000,2453702.58530000
1743048000000,2025-03-27 04:00:00,22.18000000,22.19000000,21.92000000,22.08000000,156217.26000000,1743062399999,2025-03-27 07:59:59,3445189.44000000,14398,68694.99000000,1515057.71040000
1743062400000,2025-03-27 08:00:00,22.08000000,22.20000000,21.82000000,21.87000000,258347.62000000,1743076799999,2025-03-27 11:59:59,5685181.35180000,24552,128448.92000000,2828819.47630000
1743076800000,2025-03-27 12:00:00,21.88000000,22.29000000,21.63000000,21.92000000,432983.02000000,1743091199999,2025-03-27 15:59:59,9498503.42800000,39412,223604.57000000,4910356.27190000
1743091200000,2025-03-27 16:00:00,21.93000000,22.13000000,21.81000000,22.00000000,179197.35000000,1743105599999,2025-03-27 19:59:59,3938894.56760000,19908,87030.64000000,1913533.35830000
1743105600000,2025-03-27 20:00:00,22.01000000,22.24000000,21.91000000,22.02000000,180689.42000000,1743119999999,2025-03-27 23:59:59,3987363.05450000,13057,87677.86000000,1935704.81580000
1743120000000,2025-03-28 00:00:00,22.03000000,22.19000000,21.65000000,21.77000000,235103.13000000,1743134399999,2025-03-28 03:59:59,5160189.21900000,20384,105792.62000000,2323199.27740000
1743134400000,2025-03-28 04:00:00,21.78000000,21.82000000,20.67000000,20.71000000,569945.26000000,1743148799999,2025-03-28 07:59:59,12085089.32160000,46227,250130.81000000,5303624.84400000
1743148800000,2025-03-28 08:00:00,20.71000000,20.80000000,20.18000000,20.57000000,520485.57000000,1743163199999,2025-03-28 11:59:59,10637487.84010000,36702,250300.32000000,5120483.69490000
1743163200000,2025-03-28 12:00:00,20.56000000,20.64000000,19.97000000,19.98000000,413079.08000000,1743177599999,2025-03-28 15:59:59,8367836.56600000,38594,201073.99000000,4077009.01840000
1743177600000,2025-03-28 16:00:00,19.97000000,20.03000000,19.77000000,19.81000000,265489.53000000,1743191999999,2025-03-28 19:59:59,5285833.51260000,23832,120012.02000000,2389107.25800000
1743192000000,2025-03-28 20:00:00,19.81000000,20.61000000,19.78000000,20.36000000,322802.91000000,1743206399999,2025-03-28 23:59:59,6517985.92770000,25825,172142.01000000,3472215.77390000
1743206400000,2025-03-29 00:00:00,20.37000000,20.54000000,20.08000000,20.43000000,214523.34000000,1743220799999,2025-03-29 03:59:59,4359243.32320000,19263,102558.09000000,2084479.40940000
1743220800000,2025-03-29 04:00:00,20.44000000,20.53000000,19.81000000,19.87000000,204881.51000000,1743235199999,2025-03-29 07:59:59,4119931.11320000,18942,82541.91000000,1659633.02400000
1743235200000,2025-03-29 08:00:00,19.87000000,20.18000000,19.65000000,19.86000000,370157.47000000,1743249599999,2025-03-29 11:59:59,7361502.17590000,30712,161354.99000000,3211725.86660000
1743249600000,2025-03-29 12:00:00,19.87000000,20.32000000,19.82000000,20.00000000,347811.33000000,1743263999999,2025-03-29 15:59:59,6980354.09110000,26475,191547.24000000,3844209.18580000
1743264000000,2025-03-29 16:00:00,20.00000000,20.07000000,19.67000000,19.87000000,370226.10000000,1743278399999,2025-03-29 19:59:59,7357501.09800000,36458,193104.84000000,3839031.92740000
1743278400000,2025-03-29 20:00:00,19.87000000,19.91000000,19.46000000,19.60000000,321716.47000000,1743292799999,2025-03-29 23:59:59,6326078.52910000,22814,127807.95000000,2512943.22380000
1743292800000,2025-03-30 00:00:00,19.60000000,19.91000000,19.37000000,19.66000000,307942.36000000,1743307199999,2025-03-30 03:59:59,6062440.79370000,25319,139836.01000000,2754267.56050000
1743307200000,2025-03-30 04:00:00,19.67000000,19.75000000,19.35000000,19.45000000,191894.52000000,1743321599999,2025-03-30 07:59:59,3750706.05130000,17787,91101.61000000,1781099.26550000
1743321600000,2025-03-30 08:00:00,19.45000000,19.71000000,19.18000000,19.35000000,314482.97000000,1743335999999,2025-03-30 11:59:59,6113569.03480000,25825,145323.95000000,2826114.15810000
1743336000000,2025-03-30 12:00:00,19.36000000,19.48000000,19.05000000,19.31000000,374644.22000000,1743350399999,2025-03-30 15:59:59,7220646.36160000,27583,202380.88000000,3902997.36210000
1743350400000,2025-03-30 16:00:00,19.31000000,19.40000000,18.99000000,19.12000000,321702.67000000,1743364799999,2025-03-30 19:59:59,6169423.76560000,24976,132659.78000000,2546906.03200000
1743364800000,2025-03-30 20:00:00,19.12000000,19.17000000,18.69000000,18.86000000,337019.18000000,1743379199999,2025-03-30 23:59:59,6380152.20300000,31952,176518.48000000,3341819.67840000
1743379200000,2025-03-31 00:00:00,18.87000000,19.03000000,18.47000000,18.63000000,334034.21000000,1743393599999,2025-03-31 03:59:59,6272957.36520000,35096,173508.93000000,3260067.97770000
1743393600000,2025-03-31 04:00:00,18.64000000,18.95000000,18.44000000,18.57000000,240014.48000000,1743407999999,2025-03-31 07:59:59,4481771.52120000,25234,126608.34000000,2363690.67900000
1743408000000,2025-03-31 08:00:00,18.56000000,18.73000000,18.18000000,18.64000000,423061.26000000,1743422399999,2025-03-31 11:59:59,7804324.50310000,34665,220661.90000000,4071479.55070000
1743422400000,2025-03-31 12:00:00,18.64000000,19.12000000,18.42000000,18.97000000,653775.68000000,1743436799999,2025-03-31 15:59:59,12306714.12180000,54629,374709.67000000,7055134.50750000
1743436800000,2025-03-31 16:00:00,18.98000000,19.06000000,18.62000000,18.65000000,259290.79000000,1743451199999,2025-03-31 19:59:59,4884716.37150000,25797,106701.60000000,2010725.31840000
1743451200000,2025-03-31 20:00:00,18.65000000,18.86000000,18.60000000,18.77000000,161634.73000000,1743465599999,2025-03-31 23:59:59,3028741.32460000,16415,77802.07000000,1457784.20110000
1743465600000,2025-04-01 00:00:00,18.78000000,19.18000000,18.72000000,19.03000000,214830.46000000,1743479999999,2025-04-01 03:59:59,4066020.46320000,19827,114784.12000000,2173416.02640000
1743480000000,2025-04-01 04:00:00,19.04000000,19.54000000,18.96000000,19.21000000,279431.31000000,1743494399999,2025-04-01 07:59:59,5391270.70780000,19873,130410.53000000,2517916.27820000
1743494400000,2025-04-01 08:00:00,19.21000000,19.74000000,19.00000000,19.40000000,517791.20000000,1743508799999,2025-04-01 11:59:59,10100699.27620000,34973,273058.12000000,5331482.62930000
1743508800000,2025-04-01 12:00:00,19.40000000,19.95000000,18.97000000,19.85000000,479997.71000000,1743523199999,2025-04-01 15:59:59,9353847.34040000,46605,234747.59000000,4578566.26760000
1743523200000,2025-04-01 16:00:00,19.85000000,19.95000000,19.34000000,19.45000000,247792.06000000,1743537599999,2025-04-01 19:59:59,4862464.30310000,25928,112243.09000000,2203838.01950000
1743537600000,2025-04-01 20:00:00,19.45000000,19.93000000,19.32000000,19.82000000,444860.39000000,1743551999999,2025-04-01 23:59:59,8764973.22460000,23008,237227.07000000,4672736.46800000
1743552000000,2025-04-02 00:00:00,19.83000000,19.84000000,19.13000000,19.22000000,331230.21000000,1743566399999,2025-04-02 03:59:59,6454146.95860000,25985,126557.72000000,2463456.13790000
1743566400000,2025-04-02 04:00:00,19.22000000,19.72000000,18.80000000,19.06000000,532877.08000000,1743580799999,2025-04-02 07:59:59,10201659.01510000,34274,271703.14000000,5198159.43530000
1743580800000,2025-04-02 08:00:00,19.06000000,19.58000000,18.92000000,19.21000000,329613.40000000,1743595199999,2025-04-02 11:59:59,6365137.73430000,27729,170577.44000000,3295346.45850000
1743595200000,2025-04-02 12:00:00,19.21000000,19.84000000,18.93000000,19.62000000,643386.36000000,1743609599999,2025-04-02 15:59:59,12528649.72780000,64786,316159.47000000,6154152.80580000
1743609600000,2025-04-02 16:00:00,19.62000000,19.85000000,19.19000000,19.43000000,573775.61000000,1743623999999,2025-04-02 19:59:59,11196863.07250000,42923,289212.93000000,5643560.85620000
1743624000000,2025-04-02 20:00:00,19.43000000,19.90000000,17.76000000,17.99000000,1743417.67000000,1743638399999,2025-04-02 23:59:59,32948858.31830000,136048,850179.08000000,16068313.18430000
1743638400000,2025-04-03 00:00:00,17.98000000,18.86000000,17.88000000,18.76000000,428944.81000000,1743652799999,2025-04-03 03:59:59,7912632.42950000,35164,215710.26000000,3976447.44120000
1743652800000,2025-04-03 04:00:00,18.77000000,18.99000000,18.20000000,18.38000000,345798.64000000,1743667199999,2025-04-03 07:59:59,6435588.31780000,25495,166256.81000000,3094995.87180000
1743667200000,2025-04-03 08:00:00,18.37000000,18.51000000,17.98000000,18.09000000,314101.60000000,1743681599999,2025-04-03 11:59:59,5732682.78210000,30550,158733.27000000,2898709.58390000
1743681600000,2025-04-03 12:00:00,18.09000000,18.20000000,17.58000000,17.96000000,769250.22000000,1743695999999,2025-04-03 15:59:59,13786958.61590000,65408,369318.47000000,6623296.88350000
1743696000000,2025-04-03 16:00:00,17.96000000,18.27000000,17.83000000,18.00000000,420565.05000000,1743710399999,2025-04-03 19:59:59,7583064.85260000,29204,184751.25000000,3333808.69520000
1743710400000,2025-04-03 20:00:00,18.01000000,18.27000000,17.86000000,18.15000000,290080.49000000,1743724799999,2025-04-03 23:59:59,5248009.21230000,20782,136864.02000000,2475781.29400000
1743724800000,2025-04-04 00:00:00,18.16000000,18.28000000,17.91000000,18.03000000,212510.47000000,1743739199999,2025-04-04 03:59:59,3846610.16910000,19880,96401.44000000,1746533.94340000
1743739200000,2025-04-04 04:00:00,18.03000000,18.61000000,17.96000000,18.60000000,258479.69000000,1743753599999,2025-04-04 07:59:59,4746848.29730000,20748,129373.47000000,2377118.65690000
1743753600000,2025-04-04 08:00:00,18.60000000,18.77000000,17.61000000,17.89000000,562591.04000000,1743767999999,2025-04-04 11:59:59,10209320.06590000,43474,275899.94000000,4994533.07680000
1743768000000,2025-04-04 12:00:00,17.89000000,18.47000000,17.81000000,18.00000000,779303.50000000,1743782399999,2025-04-04 15:59:59,14094396.28810000,73106,415810.52000000,7520744.62590000
1743782400000,2025-04-04 16:00:00,18.00000000,18.36000000,17.73000000,18.11000000,597797.10000000,1743796799999,2025-04-04 19:59:59,10770590.33140000,49714,308953.29000000,5568646.20590000
1743796800000,2025-04-04 20:00:00,18.11000000,18.36000000,18.02000000,18.19000000,157142.58000000,1743811199999,2025-04-04 23:59:59,2859195.29190000,11626,79647.24000000,1448712.90530000
1743811200000,2025-04-05 00:00:00,18.18000000,18.37000000,18.09000000,18.11000000,99756.92000000,1743825599999,2025-04-05 03:59:59,1816886.35650000,8907,51722.91000000,942417.79210000
1743825600000,2025-04-05 04:00:00,18.12000000,18.24000000,18.05000000,18.21000000,90373.58000000,1743839999999,2025-04-05 07:59:59,1638824.87770000,8086,46031.23000000,834913.39360000
1743840000000,2025-04-05 08:00:00,18.20000000,18.35000000,18.13000000,18.24000000,89248.69000000,1743854399999,2025-04-05 11:59:59,1628123.10750000,8466,37150.26000000,677853.20320000
1743854400000,2025-04-05 12:00:00,18.24000000,18.30000000,17.77000000,17.85000000,162607.81000000,1743868799999,2025-04-05 15:59:59,2926508.80980000,15021,61826.79000000,1112217.66180000
1743868800000,2025-04-05 16:00:00,17.84000000,18.00000000,17.82000000,17.86000000,110514.06000000,1743883199999,2025-04-05 19:59:59,1978032.61990000,10397,54199.58000000,970296.44270000
1743883200000,2025-04-05 20:00:00,17.87000000,17.93000000,17.69000000,17.87000000,340453.03000000,1743897599999,2025-04-05 23:59:59,6064648.98200000,18187,95792.97000000,1707501.09230000
1743897600000,2025-04-06 00:00:00,17.88000000,17.92000000,17.32000000,17.39000000,459791.38000000,1743911999999,2025-04-06 03:59:59,8105833.43980000,26313,154675.82000000,2721190.86730000
1743912000000,2025-04-06 04:00:00,17.40000000,17.51000000,17.18000000,17.20000000,232822.04000000,1743926399999,2025-04-06 07:59:59,4036304.98800000,13226,121093.84000000,2102231.30720000
1743926400000,2025-04-06 08:00:00,17.20000000,17.36000000,17.11000000,17.19000000,167322.33000000,1743940799999,2025-04-06 11:59:59,2883021.59210000,12538,92488.02000000,1594333.95830000
1743940800000,2025-04-06 12:00:00,17.19000000,17.32000000,16.84000000,17.31000000,386529.05000000,1743955199999,2025-04-06 15:59:59,6596063.86250000,23688,180852.14000000,3086538.67830000
1743955200000,2025-04-06 16:00:00,17.31000000,17.33000000,16.14000000,16.40000000,949234.00000000,1743969599999,2025-04-06 19:59:59,15809395.64590000,72243,434785.67000000,7228591.25350000
1743969600000,2025-04-06 20:00:00,16.39000000,16.47000000,15.62000000,16.04000000,799635.32000000,1743983999999,2025-04-06 23:59:59,12838483.87360000,63154,386824.26000000,6216991.22580000
1743984000000,2025-04-07 00:00:00,16.05000000,16.45000000,15.45000000,15.74000000,471131.56000000,1743998399999,2025-04-07 03:59:59,7513090.25950000,46787,240607.68000000,3846044.89110000
1743998400000,2025-04-07 04:00:00,15.75000000,16.11000000,14.66000000,14.83000000,1568591.08000000,1744012799999,2025-04-07 07:59:59,23796824.42190000,120410,630459.89000000,9570143.06520000
1744012800000,2025-04-07 08:00:00,14.83000000,15.79000000,14.72000000,15.44000000,942005.34000000,1744027199999,2025-04-07 11:59:59,14475562.22640000,77376,546718.08000000,8396456.89210000
1744027200000,2025-04-07 12:00:00,15.45000000,17.20000000,15.36000000,16.44000000,2609293.50000000,1744041599999,2025-04-07 15:59:59,42613552.50500000,192508,1304780.80000000,21312694.03020000
1744041600000,2025-04-07 16:00:00,16.43000000,17.23000000,16.14000000,16.64000000,1061374.99000000,1744055999999,2025-04-07 19:59:59,17811233.27350000,69003,506923.24000000,8505921.06890000
1744056000000,2025-04-07 20:00:00,16.65000000,16.98000000,16.62000000,16.68000000,348767.98000000,1744070399999,2025-04-07 23:59:59,5862350.91330000,23119,157981.98000000,2655155.40620000
1744070400000,2025-04-08 00:00:00,16.69000000,17.34000000,16.68000000,17.17000000,337352.56000000,1744084799999,2025-04-08 03:59:59,5761117.77090000,26136,171340.02000000,2926384.51130000
1744084800000,2025-04-08 04:00:00,17.17000000,17.45000000,16.95000000,17.05000000,289196.08000000,1744099199999,2025-04-08 07:59:59,4977751.46020000,24523,115519.70000000,1990043.19230000
1744099200000,2025-04-08 08:00:00,17.04000000,17.52000000,16.84000000,17.49000000,304160.29000000,1744113599999,2025-04-08 11:59:59,5187540.04910000,26344,158324.64000000,2704996.79340000
1744113600000,2025-04-08 12:00:00,17.49000000,17.74000000,17.08000000,17.14000000,637002.48000000,1744127999999,2025-04-08 15:59:59,11097684.02770000,63503,285063.26000000,4970043.06700000
1744128000000,2025-04-08 16:00:00,17.14000000,17.19000000,15.99000000,16.04000000,1066522.60000000,1744142399999,2025-04-08 19:59:59,17549223.60500000,76737,433179.13000000,7126897.59790000
1744142400000,2025-04-08 20:00:00,16.04000000,16.29000000,15.94000000,16.15000000,379618.31000000,1744156799999,2025-04-08 23:59:59,6107370.44970000,30997,189747.60000000,3055269.97500000
1744156800000,2025-04-09 00:00:00,16.16000000,16.40000000,15.59000000,16.06000000,539743.33000000,1744171199999,2025-04-09 03:59:59,8647683.30700000,52203,258293.77000000,4145068.95800000
1744171200000,2025-04-09 04:00:00,16.05000000,16.87000000,16.00000000,16.72000000,540364.14000000,1744185599999,2025-04-09 07:59:59,8947503.97440000,45046,290402.68000000,4807519.28460000
1744185600000,2025-04-09 08:00:00,16.72000000,16.79000000,16.10000000,16.19000000,559465.88000000,1744199999999,2025-04-09 11:59:59,9198338.27020000,45047,217399.50000000,3577388.60000000
1744200000000,2025-04-09 12:00:00,16.20000000,16.91000000,15.96000000,16.81000000,806300.18000000,1744214399999,2025-04-09 15:59:59,13292606.60620000,65632,392213.08000000,6474897.23750000
1744214400000,2025-04-09 16:00:00,16.82000000,18.91000000,16.74000000,18.54000000,2141391.44000000,1744228799999,2025-04-09 19:59:59,38885455.99840000,168259,1072455.15000000,19452660.72140000
1744228800000,2025-04-09 20:00:00,18.54000000,18.70000000,18.41000000,18.44000000,452139.22000000,1744243199999,2025-04-09 23:59:59,8387097.58230000,32120,213981.68000000,3968481.48180000
1744243200000,2025-04-10 00:00:00,18.44000000,18.45000000,17.80000000,18.03000000,279879.00000000,1744257599999,2025-04-10 03:59:59,5086099.33760000,25113,124268.58000000,2259824.82810000
1744257600000,2025-04-10 04:00:00,18.03000000,18.36000000,17.94000000,18.04000000,218898.46000000,1744271999999,2025-04-10 07:59:59,3978031.11810000,19927,100809.86000000,1833028.78320000
1744272000000,2025-04-10 08:00:00,18.05000000,18.16000000,17.90000000,18.02000000,219167.40000000,1744286399999,2025-04-10 11:59:59,3948982.62360000,18367,101071.13000000,1822009.74630000
1744286400000,2025-04-10 12:00:00,18.02000000,18.39000000,17.55000000,17.67000000,818596.39000000,1744300799999,2025-04-10 15:59:59,14777698.01790000,61655,387819.37000000,7011555.92370000
1744300800000,2025-04-10 16:00:00,17.67000000,18.26000000,17.59000000,18.11000000,484517.51000000,1744315199999,2025-04-10 19:59:59,8690366.63780000,45817,257833.56000000,4626509.93770000
1744315200000,2025-04-10 20:00:00,18.10000000,18.43000000,18.10000000,18.31000000,239411.17000000,1744329599999,2025-04-10 23:59:59,4375347.18410000,17290,120956.44000000,2211536.96380000
1744329600000,2025-04-11 00:00:00,18.31000000,18.67000000,18.31000000,18.55000000,314226.53000000,1744343999999,2025-04-11 03:59:59,5811789.06850000,26710,169414.94000000,3134074.37510000
1744344000000,2025-04-11 04:00:00,18.55000000,18.66000000,18.44000000,18.55000000,200598.19000000,1744358399999,2025-04-11 07:59:59,3715156.51350000,16077,109063.20000000,2019982.55850000
1744358400000,2025-04-11 08:00:00,18.55000000,18.99000000,18.40000000,18.85000000,523531.30000000,1744372799999,2025-04-11 11:59:59,9796923.85050000,32958,292309.92000000,5474870.64540000
1744372800000,2025-04-11 12:00:00,18.85000000,19.56000000,18.77000000,19.20000000,1096337.79000000,1744387199999,2025-04-11 15:59:59,21050846.63270000,74394,697828.93000000,13403595.24390000
1744387200000,2025-04-11 16:00:00,19.20000000,19.57000000,19.11000000,19.22000000,350767.68000000,1744401599999,2025-04-11 19:59:59,6790367.59400000,28444,183524.76000000,3555637.06140000
1744401600000,2025-04-11 20:00:00,19.22000000,19.37000000,19.04000000,19.12000000,160383.19000000,1744415999999,2025-04-11 23:59:59,3078642.92030000,13639,65557.79000000,1259278.40180000
1744416000000,2025-04-12 00:00:00,19.13000000,19.17000000,18.84000000,18.91000000,172466.83000000,1744430399999,2025-04-12 03:59:59,3277858.71580000,13070,61937.48000000,1176529.26190000
1744430400000,2025-04-12 04:00:00,18.92000000,19.31000000,18.86000000,19.10000000,244167.54000000,1744444799999,2025-04-12 07:59:59,4673361.84960000,16869,135135.18000000,2587048.04570000
1744444800000,2025-04-12 08:00:00,19.11000000,19.26000000,18.95000000,19.14000000,237379.62000000,1744459199999,2025-04-12 11:59:59,4532446.31770000,14036,130177.91000000,2486215.76620000
1744459200000,2025-04-12 12:00:00,19.13000000,21.03000000,19.10000000,20.51000000,1094182.31000000,1744473599999,2025-04-12 15:59:59,21963640.87980000,67113,546602.89000000,10970363.53870000
1744473600000,2025-04-12 16:00:00,20.51000000,20.84000000,20.10000000,20.19000000,522384.99000000,1744487999999,2025-04-12 19:59:59,10684695.67890000,40829,258482.75000000,5288626.06520000
1744488000000,2025-04-12 20:00:00,20.19000000,20.67000000,20.16000000,20.49000000,294879.24000000,1744502399999,2025-04-12 23:59:59,6032781.97070000,24389,152761.44000000,3124959.20640000
1744502400000,2025-04-13 00:00:00,20.50000000,20.68000000,20.19000000,20.25000000,261336.29000000,1744516799999,2025-04-13 03:59:59,5336877.71820000,24475,108971.63000000,2227183.47240000
1744516800000,2025-04-13 04:00:00,20.24000000,20.28000000,19.88000000,19.92000000,194177.08000000,1744531199999,2025-04-13 07:59:59,3892771.50410000,17286,86424.28000000,1732947.18840000
1744531200000,2025-04-13 08:00:00,19.92000000,20.28000000,19.90000000,20.00000000,181871.87000000,1744545599999,2025-04-13 11:59:59,3651346.68940000,17701,83236.30000000,1670956.25450000
1744545600000,2025-04-13 12:00:00,20.00000000,20.03000000,19.51000000,19.75000000,282948.29000000,1744559999999,2025-04-13 15:59:59,5583643.85240000,23736,122271.47000000,2413318.16520000
1744560000000,2025-04-13 16:00:00,19.75000000,20.52000000,19.43000000,19.73000000,617897.71000000,1744574399999,2025-04-13 19:59:59,12363941.56090000,44312,306158.76000000,6129679.96510000
1744574400000,2025-04-13 20:00:00,19.74000000,19.97000000,19.27000000,19.59000000,542949.46000000,1744588799999,2025-04-13 23:59:59,10606802.62540000,37854,266186.46000000,5199272.25610000
1744588800000,2025-04-14 00:00:00,19.60000000,20.60000000,19.55000000,19.97000000,530899.54000000,1744603199999,2025-04-14 03:59:59,10666605.49900000,42545,298077.50000000,5987998.88410000
1744603200000,2025-04-14 04:00:00,19.97000000,20.29000000,19.80000000,20.12000000,276844.39000000,1744617599999,2025-04-14 07:59:59,5539233.18670000,25758,149847.92000000,3000019.88610000
1744617600000,2025-04-14 08:00:00,20.13000000,20.53000000,19.96000000,20.51000000,408529.44000000,1744631999999,2025-04-14 11:59:59,8294194.26650000,35942,208795.93000000,4241021.29060000
1744632000000,2025-04-14 12:00:00,20.51000000,20.68000000,19.76000000,19.83000000,614571.65000000,1744646399999,2025-04-14 15:59:59,12459329.01960000,56754,280470.79000000,5688260.26940000
1744646400000,2025-04-14 16:00:00,19.83000000,20.52000000,19.72000000,20.30000000,497329.15000000,1744660799999,2025-04-14 19:59:59,10055043.77830000,42965,253550.64000000,5121934.16090000
1744660800000,2025-04-14 20:00:00,20.30000000,20.38000000,20.05000000,20.11000000,165428.48000000,1744675199999,2025-04-14 23:59:59,3340273.25910000,18379,70271.07000000,1418758.78770000
1744675200000,2025-04-15 00:00:00,20.12000000,20.25000000,19.85000000,20.24000000,275106.83000000,1744689599999,2025-04-15 03:59:59,5519867.81030000,24519,143920.01000000,2887823.94940000
1744689600000,2025-04-15 04:00:00,20.23000000,20.28000000,19.81000000,19.98000000,303771.44000000,1744703999999,2025-04-15 07:59:59,6083517.16020000,22394,146491.84000000,2935822.32850000
1744704000000,2025-04-15 08:00:00,19.98000000,20.16000000,19.80000000,19.90000000,284585.63000000,1744718399999,2025-04-15 11:59:59,5686765.66720000,23184,131764.15000000,2633391.73740000
1744718400000,2025-04-15 12:00:00,19.91000000,20.26000000,19.46000000,19.54000000,509714.83000000,1744732799999,2025-04-15 15:59:59,10097523.15640000,51442,237202.87000000,4705090.70700000
1744732800000,2025-04-15 16:00:00,19.54000000,19.64000000,19.23000000,19.31000000,293943.69000000,1744747199999,2025-04-15 19:59:59,5717778.36470000,33748,134328.47000000,2614536.24530000
1744747200000,2025-04-15 20:00:00,19.31000000,19.44000000,18.96000000,19.01000000,325439.72000000,1744761599999,2025-04-15 23:59:59,6234621.64980000,25208,140792.74000000,2701106.70910000
1744761600000,2025-04-16 00:00:00,19.01000000,19.03000000,18.67000000,18.93000000,280319.12000000,1744775999999,2025-04-16 03:59:59,5288805.74470000,24894,120856.54000000,2282418.31280000
1744776000000,2025-04-16 04:00:00,18.93000000,18.96000000,18.61000000,18.64000000,229567.58000000,1744790399999,2025-04-16 07:59:59,4309868.30300000,19622,120215.97000000,2257415.34970000
1744790400000,2025-04-16 08:00:00,18.65000000,19.00000000,18.56000000,18.91000000,260406.14000000,1744804799999,2025-04-16 11:59:59,4897071.01900000,23782,135949.01000000,2557907.68090000
1744804800000,2025-04-16 12:00:00,18.91000000,19.29000000,18.72000000,19.05000000,282515.90000000,1744819199999,2025-04-16 15:59:59,5368356.07700000,34264,143066.41000000,2720534.49580000
1744819200000,2025-04-16 16:00:00,19.05000000,19.30000000,18.50000000,19.00000000,604298.67000000,1744833599999,2025-04-16 19:59:59,11388243.77780000,63987,288553.98000000,5442873.06280000
1744833600000,2025-04-16 20:00:00,19.00000000,19.10000000,18.70000000,18.76000000,209509.39000000,1744847999999,2025-04-16 23:59:59,3966147.31580000,20297,108992.86000000,2064044.12100000
1744848000000,2025-04-17 00:00:00,18.75000000,19.00000000,18.69000000,18.98000000,96545.04000000,1744862399999,2025-04-17 03:59:59,1820262.79830000,13524,45781.72000000,863909.60450000
1744862400000,2025-04-17 04:00:00,18.97000000,19.56000000,18.94000000,19.39000000,228094.80000000,1744876799999,2025-04-17 07:59:59,4393389.15920000,20952,138699.33000000,2668730.82440000
1744876800000,2025-04-17 08:00:00,19.39000000,19.48000000,19.14000000,19.24000000,140070.58000000,1744891199999,2025-04-17 11:59:59,2702138.49160000,16564,66427.16000000,1281673.00360000
1744891200000,2025-04-17 12:00:00,19.23000000,19.42000000,18.81000000,19.13000000,312011.46000000,1744905599999,2025-04-17 15:59:59,5976774.67400000,31583,135343.56000000,2593020.66630000
1744905600000,2025-04-17 16:00:00,19.13000000,19.54000000,18.97000000,19.08000000,391613.24000000,1744919999999,2025-04-17 19:59:59,7571863.22520000,36124,205044.13000000,3965701.13550000
1744920000000,2025-04-17 20:00:00,19.08000000,19.21000000,18.92000000,19.05000000,141775.70000000,1744934399999,2025-04-17 23:59:59,2707904.02300000,13343,59843.57000000,1142772.44060000
1744934400000,2025-04-18 00:00:00,19.06000000,19.13000000,18.90000000,19.05000000,93123.64000000,1744948799999,2025-04-18 03:59:59,1772480.61730000,10541,45395.89000000,864519.44850000
1744948800000,2025-04-18 04:00:00,19.06000000,19.19000000,18.95000000,19.18000000,113393.93000000,1744963199999,2025-04-18 07:59:59,2160235.21720000,12024,52895.92000000,1007992.15240000
1744963200000,2025-04-18 08:00:00,19.18000000,19.34000000,18.99000000,19.11000000,158420.21000000,1744977599999,2025-04-18 11:59:59,3033615.53760000,15424,70725.81000000,1354790.14550000
1744977600000,2025-04-18 12:00:00,19.10000000,19.17000000,18.85000000,18.91000000,140437.66000000,1744991999999,2025-04-18 15:59:59,2671001.54650000,15061,70527.48000000,1341803.47200000
1744992000000,2025-04-18 16:00:00,18.90000000,19.17000000,18.88000000,19.16000000,113186.55000000,1745006399999,2025-04-18 19:59:59,2156389.46840000,11522,61218.69000000,1167113.27980000
1745006400000,2025-04-18 20:00:00,19.16000000,19.25000000,19.06000000,19.07000000,98826.73000000,1745020799999,2025-04-18 23:59:59,1892843.44190000,10961,39129.48000000,749458.66590000
1745020800000,2025-04-19 00:00:00,19.07000000,19.32000000,19.03000000,19.25000000,88512.00000000,1745035199999,2025-04-19 03:59:59,1701015.14980000,11763,51948.43000000,998842.61830000
1745035200000,2025-04-19 04:00:00,19.26000000,19.55000000,19.17000000,19.47000000,146921.55000000,1745049599999,2025-04-19 07:59:59,2844618.47660000,13886,84082.99000000,1627362.14970000
1745049600000,2025-04-19 08:00:00,19.48000000,19.73000000,19.44000000,19.50000000,191124.27000000,1745063999999,2025-04-19 11:59:59,3737570.65710000,18268,92388.60000000,1806868.34080000
1745064000000,2025-04-19 12:00:00,19.50000000,19.82000000,19.49000000,19.69000000,140439.88000000,1745078399999,2025-04-19 15:59:59,2762511.80900000,14766,71543.12000000,1407159.17770000
1745078400000,2025-04-19 16:00:00,19.69000000,20.11000000,19.63000000,20.03000000,284087.04000000,1745092799999,2025-04-19 19:59:59,5654427.99950000,31589,134907.83000000,2687513.13970000
1745092800000,2025-04-19 20:00:00,20.03000000,20.36000000,19.87000000,19.89000000,299705.99000000,1745107199999,2025-04-19 23:59:59,6027623.88720000,27581,121580.85000000,2446388.39020000
1745107200000,2025-04-20 00:00:00,19.89000000,20.04000000,19.81000000,19.88000000,136040.69000000,1745121599999,2025-04-20 03:59:59,2713028.20490000,12236,73941.64000000,1475368.72390000
1745121600000,2025-04-20 04:00:00,19.88000000,20.00000000,19.56000000,19.65000000,158498.35000000,1745135999999,2025-04-20 07:59:59,3132902.97340000,14002,79505.02000000,1571786.72670000
1745136000000,2025-04-20 08:00:00,19.64000000,19.71000000,19.23000000,19.31000000,222855.71000000,1745150399999,2025-04-20 11:59:59,4338249.92360000,19174,92506.87000000,1802161.39150000
1745150400000,2025-04-20 12:00:00,19.31000000,19.55000000,19.27000000,19.38000000,178945.13000000,1745164799999,2025-04-20 15:59:59,3471249.95450000,15446,100415.16000000,1948216.00380000
1745164800000,2025-04-20 16:00:00,19.39000000,19.56000000,19.31000000,19.56000000,130990.06000000,1745179199999,2025-04-20 19:59:59,2546594.29360000,12327,72766.89000000,1414963.25470000
1745179200000,2025-04-20 20:00:00,19.56000000,19.74000000,19.31000000,19.51000000,141199.11000000,1745193599999,2025-04-20 23:59:59,2757149.11910000,14730,72983.64000000,1426331.75740000
1745193600000,2025-04-21 00:00:00,19.51000000,20.15000000,19.51000000,19.99000000,443209.28000000,1745207999999,2025-04-21 03:59:59,8851404.45150000,36724,252439.55000000,5040533.47710000
1745208000000,2025-04-21 04:00:00,20.00000000,20.65000000,19.85000000,20.61000000,390928.52000000,1745222399999,2025-04-21 07:59:59,7940339.43020000,30711,223889.90000000,4548314.99700000
1745222400000,2025-04-21 08:00:00,20.62000000,20.95000000,20.40000000,20.53000000,443865.87000000,1745236799999,2025-04-21 11:59:59,9172845.62820000,37534,199244.84000000,4121723.51430000
1745236800000,2025-04-21 12:00:00,20.53000000,20.68000000,20.25000000,20.54000000,435602.92000000,1745251199999,2025-04-21 15:59:59,8937129.29790000,41568,221597.64000000,4549003.55940000
1745251200000,2025-04-21 16:00:00,20.54000000,20.68000000,19.80000000,20.09000000,454731.56000000,1745265599999,2025-04-21 19:59:59,9156448.05000000,43715,213019.85000000,4289714.02190000
1745265600000,2025-04-21 20:00:00,20.08000000,20.11000000,19.70000000,19.92000000,195427.23000000,1745279999999,2025-04-21 23:59:59,3894785.27540000,16184,95714.29000000,1906921.47780000
1745280000000,2025-04-22 00:00:00,19.92000000,20.21000000,19.44000000,19.90000000,287301.66000000,1745294399999,2025-04-22 03:59:59,5695081.07100000,34027,156277.02000000,3101578.12820000
1745294400000,2025-04-22 04:00:00,19.91000000,20.30000000,19.59000000,20.29000000,260481.96000000,1745308799999,2025-04-22 07:59:59,5184840.95270000,24302,151657.23000000,3018896.66760000
1745308800000,2025-04-22 08:00:00,20.28000000,20.45000000,20.02000000,20.39000000,361057.51000000,1745323199999,2025-04-22 11:59:59,7326502.22550000,30208,160844.30000000,3263853.04470000
1745323200000,2025-04-22 12:00:00,20.40000000,22.00000000,20.35000000,21.62000000,1200936.44000000,1745337599999,2025-04-22 15:59:59,25409029.21220000,103506,632198.60000000,13367126.01060000
1745337600000,2025-04-22 16:00:00,21.63000000,21.80000000,21.33000000,21.56000000,494322.06000000,1745351999999,2025-04-22 19:59:59,10696494.04390000,51215,238703.91000000,5166866.00760000
1745352000000,2025-04-22 20:00:00,21.56000000,22.30000000,21.53000000,22.11000000,538650.62000000,1745366399999,2025-04-22 23:59:59,11827487.67290000,59083,268875.00000000,5907369.07950000
1745366400000,2025-04-23 00:00:00,22.11000000,22.59000000,21.89000000,22.46000000,515403.57000000,1745380799999,2025-04-23 03:59:59,11443687.64400000,58074,260794.74000000,5798755.54600000
1745380800000,2025-04-23 04:00:00,22.46000000,22.89000000,22.37000000,22.88000000,435870.60000000,1745395199999,2025-04-23 07:59:59,9880573.94610000,44188,215481.02000000,4885650.15930000
1745395200000,2025-04-23 08:00:00,22.88000000,23.08000000,22.55000000,22.70000000,437488.36000000,1745409599999,2025-04-23 11:59:59,9993586.77990000,47278,199406.57000000,4556468.27180000
1745409600000,2025-04-23 12:00:00,22.70000000,23.05000000,21.88000000,22.27000000,1089000.08000000,1745423999999,2025-04-23 15:59:59,24444107.03380000,115108,516174.29000000,11605200.68510000
1745424000000,2025-04-23 16:00:00,22.27000000,22.64000000,22.05000000,22.23000000,401557.42000000,1745438399999,2025-04-23 19:59:59,8957695.21420000,45311,212062.88000000,4733421.47130000
1745438400000,2025-04-23 20:00:00,22.23000000,22.57000000,22.22000000,22.33000000,175939.85000000,1745452799999,2025-04-23 23:59:59,3941646.68200000,20700,85382.00000000,1912547.93470000
1745452800000,2025-04-24 00:00:00,22.34000000,22.46000000,21.83000000,21.86000000,232503.21000000,1745467199999,2025-04-24 03:59:59,5149717.94700000,32769,101613.56000000,2251304.30870000
1745467200000,2025-04-24 04:00:00,21.86000000,22.19000000,21.79000000,21.89000000,253360.94000000,1745481599999,2025-04-24 07:59:59,5568100.13760000,32178,128064.21000000,2815738.09380000
1745481600000,2025-04-24 08:00:00,21.89000000,22.06000000,21.61000000,22.05000000,296363.71000000,1745495999999,2025-04-24 11:59:59,6477422.25650000,34283,150402.51000000,3288515.50150000
1745496000000,2025-04-24 12:00:00,22.06000000,22.64000000,21.90000000,22.34000000,516282.64000000,1745510399999,2025-04-24 15:59:59,11503753.47840000,53449,272756.55000000,6080316.42090000
1745510400000,2025-04-24 16:00:00,22.33000000,22.50000000,21.95000000,22.24000000,429096.10000000,1745524799999,2025-04-24 19:59:59,9542920.26180000,43227,184400.89000000,4101355.45900000
1745524800000,2025-04-24 20:00:00,22.24000000,22.44000000,22.03000000,22.37000000,195183.72000000,1745539199999,2025-04-24 23:59:59,4345344.22300000,22662,92715.25000000,2064986.66430000
1745539200000,2025-04-25 00:00:00,22.38000000,22.55000000,21.77000000,22.08000000,262094.04000000,1745553599999,2025-04-25 03:59:59,5803415.79940000,29493,122874.59000000,2725416.49780000
1745553600000,2025-04-25 04:00:00,22.09000000,22.54000000,21.96000000,22.34000000,279582.94000000,1745567999999,2025-04-25 07:59:59,6220871.49440000,28672,125565.26000000,2794591.45640000
1745568000000,2025-04-25 08:00:00,22.33000000,22.60000000,22.19000000,22.56000000,398667.52000000,1745582399999,2025-04-25 11:59:59,8937784.41060000,38741,225040.08000000,5045576.16470000
1745582400000,2025-04-25 12:00:00,22.56000000,22.87000000,22.11000000,22.58000000,861003.87000000,1745596799999,2025-04-25 15:59:59,19404028.00320000,81906,479930.35000000,10818168.88600000
1745596800000,2025-04-25 16:00:00,22.58000000,22.78000000,22.20000000,22.31000000,336125.10000000,1745611199999,2025-04-25 19:59:59,7556722.26670000,36798,151335.87000000,3405488.63220000
1745611200000,2025-04-25 20:00:00,22.31000000,22.51000000,22.14000000,22.17000000,169950.96000000,1745625599999,2025-04-25 23:59:59,3788307.28130000,20479,83553.08000000,1862093.44150000
1745625600000,2025-04-26 00:00:00,22.17000000,22.99000000,22.17000000,22.64000000,349806.75000000,1745639999999,2025-04-26 03:59:59,7934497.84010000,37642,180074.56000000,4084317.58700000
1745640000000,2025-04-26 04:00:00,22.64000000,22.70000000,22.30000000,22.45000000,214287.31000000,1745654399999,2025-04-26 07:59:59,4820616.29670000,22788,96657.74000000,2173404.76870000
1745654400000,2025-04-26 08:00:00,22.45000000,22.78000000,21.86000000,21.95000000,549016.53000000,1745668799999,2025-04-26 11:59:59,12221852.44690000,51974,245492.24000000,5468894.24990000
1745668800000,2025-04-26 12:00:00,21.95000000,22.09000000,21.72000000,22.03000000,360308.51000000,1745683199999,2025-04-26 15:59:59,7895508.16660000,38058,170383.00000000,3734534.00290000
1745683200000,2025-04-26 16:00:00,22.02000000,22.14000000,21.83000000,22.13000000,184839.11000000,1745697599999,2025-04-26 19:59:59,4065876.74020000,21540,90561.35000000,1993181.83670000
1745697600000,2025-04-26 20:00:00,22.13000000,22.44000000,22.08000000,22.42000000,178923.83000000,1745711999999,2025-04-26 23:59:59,3985080.15390000,19330,85058.99000000,1894172.99710000
1745712000000,2025-04-27 00:00:00,22.41000000,22.80000000,22.05000000,22.37000000,348475.91000000,1745726399999,2025-04-27 03:59:59,7824769.21790000,44167,159732.26000000,3592384.84310000
1745726400000,2025-04-27 04:00:00,22.38000000,22.55000000,22.02000000,22.27000000,171504.48000000,1745740799999,2025-04-27 07:59:59,3813229.36450000,24720,74631.97000000,1659982.93720000
1745740800000,2025-04-27 08:00:00,22.28000000,22.48000000,22.06000000,22.06000000,125402.11000000,1745755199999,2025-04-27 11:59:59,2795802.07730000,18137,55914.57000000,1246705.04200000
1745755200000,2025-04-27 12:00:00,22.07000000,22.32000000,21.79000000,21.89000000,299638.06000000,1745769599999,2025-04-27 15:59:59,6596617.47800000,42900,138953.44000000,3059151.75520000
1745769600000,2025-04-27 16:00:00,21.88000000,22.15000000,21.65000000,22.12000000,233553.98000000,1745783999999,2025-04-27 19:59:59,5105656.13720000,27024,110960.17000000,2427486.53600000
1745784000000,2025-04-27 20:00:00,22.13000000,22.15000000,21.71000000,21.71000000,227344.51000000,1745798399999,2025-04-27 23:59:59,4990156.77940000,22321,100985.63000000,2218535.35690000
1745798400000,2025-04-28 00:00:00,21.72000000,21.83000000,21.02000000,21.73000000,515327.38000000,1745812799999,2025-04-28 03:59:59,11037627.97300000,54109,245019.51000000,5248165.70200000
1745812800000,2025-04-28 04:00:00,21.74000000,22.36000000,21.74000000,22.30000000,343379.25000000,1745827199999,2025-04-28 07:59:59,7571147.57060000,31837,181882.95000000,4012260.71150000
1745827200000,2025-04-28 08:00:00,22.31000000,22.43000000,21.96000000,22.27000000,420150.59000000,1745841599999,2025-04-28 11:59:59,9341540.69250000,40829,198755.65000000,4419893.55490000
1745841600000,2025-04-28 12:00:00,22.28000000,22.31000000,21.27000000,21.45000000,513978.56000000,1745855999999,2025-04-28 15:59:59,11181388.33020000,54219,256872.33000000,5587670.16960000
1745856000000,2025-04-28 16:00:00,21.44000000,22.09000000,21.28000000,22.00000000,356299.74000000,1745870399999,2025-04-28 19:59:59,7744486.47610000,38907,179523.19000000,3902250.37170000
1745870400000,2025-04-28 20:00:00,21.99000000,22.02000000,21.71000000,21.84000000,238060.35000000,1745884799999,2025-04-28 23:59:59,5197224.83100000,24949,102875.95000000,2246664.36470000
1745884800000,2025-04-29 00:00:00,21.84000000,22.09000000,21.65000000,21.85000000,252368.55000000,1745899199999,2025-04-29 03:59:59,5518079.29020000,32692,120439.71000000,2634908.78280000
1745899200000,2025-04-29 04:00:00,21.86000000,22.21000000,21.64000000,22.18000000,291317.91000000,1745913599999,2025-04-29 07:59:59,6402432.05940000,27480,159969.52000000,3517893.57630000
1745913600000,2025-04-29 08:00:00,22.18000000,22.30000000,21.95000000,22.13000000,311546.46000000,1745927999999,2025-04-29 11:59:59,6903436.76760000,33637,165980.99000000,3678726.69640000
1745928000000,2025-04-29 12:00:00,22.13000000,22.22000000,21.83000000,22.00000000,267464.14000000,1745942399999,2025-04-29 15:59:59,5897168.23080000,33876,141445.45000000,3119707.47030000
1745942400000,2025-04-29 16:00:00,22.00000000,22.24000000,21.84000000,21.86000000,353632.57000000,1745956799999,2025-04-29 19:59:59,7803063.80410000,31836,172021.32000000,3797379.71330000
1745956800000,2025-04-29 20:00:00,21.86000000,21.92000000,21.27000000,21.57000000,373647.94000000,1745971199999,2025-04-29 23:59:59,8052102.60810000,36614,153715.54000000,3315894.52350000
1745971200000,2025-04-30 00:00:00,21.56000000,21.94000000,21.48000000,21.86000000,265892.14000000,1745985599999,2025-04-30 03:59:59,5778602.46300000,23695,122276.24000000,2659445.27660000
1745985600000,2025-04-30 04:00:00,21.86000000,21.89000000,21.46000000,21.58000000,145542.55000000,1745999999999,2025-04-30 07:59:59,3154536.30730000,15427,66630.15000000,1443762.37780000
1746000000000,2025-04-30 08:00:00,21.58000000,21.73000000,21.45000000,21.64000000,212955.83000000,1746014399999,2025-04-30 11:59:59,4599725.07440000,17544,95706.80000000,2068074.22820000
1746014400000,2025-04-30 12:00:00,21.64000000,21.66000000,20.36000000,20.92000000,841537.52000000,1746028799999,2025-04-30 15:59:59,17559557.71530000,78637,389495.02000000,8117632.20690000
1746028800000,2025-04-30 16:00:00,20.93000000,21.21000000,20.70000000,20.94000000,353788.71000000,1746043199999,2025-04-30 19:59:59,7409913.91080000,38896,184330.93000000,3861616.71420000
1746043200000,2025-04-30 20:00:00,20.94000000,21.22000000,20.82000000,20.92000000,213270.09000000,1746057599999,2025-04-30 23:59:59,4489100.95160000,21837,110340.12000000,2322726.22400000
1746057600000,2025-05-01 00:00:00,20.91000000,21.31000000,20.88000000,20.95000000,291099.54000000,1746071999999,2025-05-01 03:59:59,6149129.04940000,23615,150254.68000000,3178371.50150000
1746072000000,2025-05-01 04:00:00,20.95000000,21.26000000,20.81000000,21.22000000,183615.71000000,1746086399999,2025-05-01 07:59:59,3865860.60960000,16800,95383.08000000,2011488.02140000
1746086400000,2025-05-01 08:00:00,21.22000000,21.59000000,21.20000000,21.47000000,355466.93000000,1746100799999,2025-05-01 11:59:59,7609900.84760000,28381,194083.09000000,4154856.52930000
1746100800000,2025-05-01 12:00:00,21.48000000,21.54000000,21.12000000,21.35000000,613867.01000000,1746115199999,2025-05-01 15:59:59,13101255.10000000,42480,326159.17000000,6961852.76760000
1746115200000,2025-05-01 16:00:00,21.35000000,21.87000000,21.24000000,21.76000000,450014.52000000,1746129599999,2025-05-01 19:59:59,9715203.69200000,35250,237858.77000000,5134618.63740000
1746129600000,2025-05-01 20:00:00,21.77000000,21.84000000,21.52000000,21.64000000,239524.48000000,1746143999999,2025-05-01 23:59:59,5191132.24080000,23641,114502.00000000,2481827.67960000
1746144000000,2025-05-02 00:00:00,21.64000000,22.19000000,21.61000000,21.98000000,374736.88000000,1746158399999,2025-05-02 03:59:59,8203982.88460000,35811,191007.67000000,4184123.96990000
1746158400000,2025-05-02 04:00:00,21.98000000,22.09000000,21.27000000,21.27000000,237609.38000000,1746172799999,2025-05-02 07:59:59,5137926.64230000,26257,101046.51000000,2184646.85310000
1746172800000,2025-05-02 08:00:00,21.28000000,21.46000000,21.14000000,21.31000000,268545.65000000,1746187199999,2025-05-02 11:59:59,5723988.38370000,21149,121794.76000000,2597680.98780000
1746187200000,2025-05-02 12:00:00,21.30000000,21.67000000,21.13000000,21.42000000,364735.78000000,1746201599999,2025-05-02 15:59:59,7795590.64720000,37671,196732.59000000,4206653.44070000
1746201600000,2025-05-02 16:00:00,21.42000000,21.67000000,20.97000000,21.04000000,264256.09000000,1746215999999,2025-05-02 19:59:59,5633251.74050000,26504,127946.32000000,2728403.14690000
1746216000000,2025-05-02 20:00:00,21.04000000,21.42000000,20.97000000,21.25000000,271854.36000000,1746230399999,2025-05-02 23:59:59,5760536.17730000,26202,152129.37000000,3223519.89460000
1746230400000,2025-05-03 00:00:00,21.26000000,21.28000000,21.05000000,21.09000000,113188.95000000,1746244799999,2025-05-03 03:59:59,2393075.52410000,11949,51219.57000000,1082884.96120000
1746244800000,2025-05-03 04:00:00,21.09000000,21.19000000,20.87000000,20.93000000,137441.14000000,1746259199999,2025-05-03 07:59:59,2885426.50680000,11351,62878.15000000,1320590.95910000
1746259200000,2025-05-03 08:00:00,20.92000000,21.13000000,20.61000000,20.70000000,295563.45000000,1746273599999,2025-05-03 11:59:59,6165170.86390000,18799,141382.69000000,2954728.38110000
1746273600000,2025-05-03 12:00:00,20.70000000,21.00000000,20.67000000,20.87000000,126590.07000000,1746287999999,2025-05-03 15:59:59,2639749.23200000,12193,56974.80000000,1188213.47080000
1746288000000,2025-05-03 16:00:00,20.87000000,20.89000000,20.49000000,20.84000000,195116.40000000,1746302399999,2025-05-03 19:59:59,4038143.25350000,19361,95932.91000000,1986344.88310000
1746302400000,2025-05-03 20:00:00,20.85000000,20.88000000,20.51000000,20.52000000,158916.49000000,1746316799999,2025-05-03 23:59:59,3286841.47610000,11983,72709.61000000,1504608.12080000
1746316800000,2025-05-04 00:00:00,20.53000000,20.63000000,20.22000000,20.25000000,227573.36000000,1746331199999,2025-05-04 03:59:59,4651740.16330000,24449,99894.47000000,2043242.83150000
1746331200000,2025-05-04 04:00:00,20.25000000,20.44000000,20.12000000,20.22000000,136865.49000000,1746345599999,2025-05-04 07:59:59,2776151.75380000,16060,61221.37000000,1241981.51890000
1746345600000,2025-05-04 08:00:00,20.23000000,20.23000000,20.01000000,20.08000000,193628.17000000,1746359999999,2025-05-04 11:59:59,3893617.68190000,18515,85697.42000000,1722918.36230000
1746360000000,2025-05-04 12:00:00,20.08000000,20.21000000,19.79000000,20.00000000,231768.49000000,1746374399999,2025-05-04 15:59:59,4632298.92770000,19055,114325.65000000,2285517.03730000
1746374400000,2025-05-04 16:00:00,20.01000000,20.08000000,19.88000000,20.01000000,107210.69000000,1746388799999,2025-05-04 19:59:59,2143360.24930000,14158,58573.74000000,1171490.30500000
1746388800000,2025-05-04 20:00:00,20.01000000,20.20000000,19.76000000,19.91000000,238948.90000000,1746403199999,2025-05-04 23:59:59,4771450.75070000,20369,109700.13000000,2192486.68560000
1746403200000,2025-05-05 00:00:00,19.91000000,20.24000000,19.67000000,19.95000000,244321.97000000,1746417599999,2025-05-05 03:59:59,4877725.10360000,23306,94662.14000000,1891260.15530000
1746417600000,2025-05-05 04:00:00,19.95000000,20.24000000,19.87000000,20.03000000,204545.85000000,1746431999999,2025-05-05 07:59:59,4094251.92410000,15465,110510.95000000,2213082.85220000
1746432000000,2025-05-05 08:00:00,20.04000000,20.07000000,19.46000000,19.48000000,364604.85000000,1746446399999,2025-05-05 11:59:59,7187175.85710000,22640,155610.40000000,3067728.83750000
1746446400000,2025-05-05 12:00:00,19.47000000,19.68000000,19.30000000,19.37000000,235343.05000000,1746460799999,2025-05-05 15:59:59,4589954.21700000,27715,110886.97000000,2164273.16970000
1746460800000,2025-05-05 16:00:00,19.37000000,19.85000000,19.35000000,19.62000000,214114.85000000,1746475199999,2025-05-05 19:59:59,4210586.94330000,17319,120944.91000000,2378311.67830000
1746475200000,2025-05-05 20:00:00,19.62000000,19.87000000,19.39000000,19.69000000,162216.76000000,1746489599999,2025-05-05 23:59:59,3186815.26370000,15049,85910.48000000,1689792.71810000
1746489600000,2025-05-06 00:00:00,19.69000000,19.77000000,19.43000000,19.76000000,123400.87000000,1746503999999,2025-05-06 03:59:59,2419691.12000000,13855,59001.04000000,1157216.09000000
1746504000000,2025-05-06 04:00:00,19.76000000,19.88000000,19.69000000,19.78000000,111823.88000000,1746518399999,2025-05-06 07:59:59,2212025.50460000,12278,55316.91000000,1094254.83460000
1746518400000,2025-05-06 08:00:00,19.78000000,19.79000000,19.27000000,19.41000000,215824.44000000,1746532799999,2025-05-06 11:59:59,4223709.67230000,21109,87323.60000000,1709183.91150000
1746532800000,2025-05-06 12:00:00,19.41000000,19.80000000,19.30000000,19.65000000,211736.56000000,1746547199999,2025-05-06 15:59:59,4143803.97140000,27017,90268.08000000,1766967.99700000
1746547200000,2025-05-06 16:00:00,19.66000000,19.95000000,19.50000000,19.82000000,215096.17000000,1746561599999,2025-05-06 19:59:59,4240519.44930000,22584,99236.85000000,1958021.89150000
1746561600000,2025-05-06 20:00:00,19.83000000,20.13000000,19.38000000,20.01000000,493092.76000000,1746575999999,2025-05-06 23:59:59,9784087.52600000,40520,244234.02000000,4850840.06180000
1746576000000,2025-05-07 00:00:00,20.01000000,20.25000000,19.75000000,19.94000000,357398.02000000,1746590399999,2025-05-07 03:59:59,7159334.57850000,34633,156662.21000000,3140523.32680000
1746590400000,2025-05-07 04:00:00,19.94000000,20.01000000,19.65000000,19.93000000,151335.80000000,1746604799999,2025-05-07 07:59:59,2997869.93300000,12885,69901.43000000,1385264.17540000
1746604800000,2025-05-07 08:00:00,19.93000000,20.01000000,19.71000000,19.78000000,169661.64000000,1746619199999,2025-05-07 11:59:59,3368057.29220000,14310,83379.06000000,1655557.70190000
1746619200000,2025-05-07 12:00:00,19.77000000,19.80000000,19.26000000,19.32000000,385605.41000000,1746633599999,2025-05-07 15:59:59,7515450.49610000,31384,174909.36000000,3408921.78900000
1746633600000,2025-05-07 16:00:00,19.32000000,19.46000000,19.09000000,19.25000000,410239.11000000,1746647999999,2025-05-07 19:59:59,7883653.38750000,38801,224395.89000000,4312281.40950000
1746648000000,2025-05-07 20:00:00,19.25000000,19.71000000,19.19000000,19.55000000,268152.22000000,1746662399999,2025-05-07 23:59:59,5217925.99460000,20553,147978.67000000,2878472.13510000
1746662400000,2025-05-08 00:00:00,19.55000000,20.35000000,19.49000000,20.34000000,340668.89000000,1746676799999,2025-05-08 03:59:59,6796065.02210000,38524,182006.43000000,3633453.60350000
1746676800000,2025-05-08 04:00:00,20.35000000,20.90000000,20.35000000,20.85000000,631151.20000000,1746691199999,2025-05-08 07:59:59,13015937.05090000,47898,341039.73000000,7037639.86170000
1746691200000,2025-05-08 08:00:00,20.86000000,21.17000000,20.85000000,20.92000000,471930.36000000,1746705599999,2025-05-08 11:59:59,9916503.08900000,33638,241337.65000000,5071551.98920000
1746705600000,2025-05-08 12:00:00,20.92000000,21.48000000,20.64000000,21.19000000,729444.87000000,1746719999999,2025-05-08 15:59:59,15324662.08220000,58512,405933.98000000,8534009.81290000
1746720000000,2025-05-08 16:00:00,21.19000000,21.49000000,21.16000000,21.43000000,498055.13000000,1746734399999,2025-05-08 19:59:59,10608556.41110000,42904,258268.21000000,5503231.10110000
1746734400000,2025-05-08 20:00:00,21.43000000,22.17000000,21.33000000,22.16000000,786912.64000000,1746748799999,2025-05-08 23:59:59,17179627.13030000,58342,407463.22000000,8893441.28900000
1746748800000,2025-05-09 00:00:00,22.16000000,22.47000000,22.02000000,22.06000000,572184.12000000,1746763199999,2025-05-09 03:59:59,12737353.96970000,50922,299941.67000000,6679090.12990000
1746763200000,2025-05-09 04:00:00,22.07000000,23.12000000,21.96000000,23.01000000,677025.88000000,1746777599999,2025-05-09 07:59:59,15277658.02300000,56943,357219.41000000,8060719.32860000
1746777600000,2025-05-09 08:00:00,23.01000000,24.01000000,22.79000000,23.53000000,1686472.17000000,1746791999999,2025-05-09 11:59:59,39315355.53370000,152443,771736.59000000,17995444.76330000
1746792000000,2025-05-09 12:00:00,23.53000000,23.68000000,22.91000000,23.14000000,807493.48000000,1746806399999,2025-05-09 15:59:59,18779133.82580000,75849,355448.96000000,8270235.75790000
1746806400000,2025-05-09 16:00:00,23.15000000,23.46000000,22.79000000,23.10000000,478174.78000000,1746820799999,2025-05-09 19:59:59,11063625.92840000,44402,222188.40000000,5143142.91600000
1746820800000,2025-05-09 20:00:00,23.09000000,23.29000000,22.96000000,23.27000000,231181.38000000,1746835199999,2025-05-09 23:59:59,5346561.12440000,18819,125807.04000000,2910352.01720000
1746835200000,2025-05-10 00:00:00,23.27000000,23.67000000,23.01000000,23.49000000,508499.24000000,1746849599999,2025-05-10 03:59:59,11914573.00510000,52574,259603.06000000,6080614.64600000
1746849600000,2025-05-10 04:00:00,23.49000000,24.25000000,23.26000000,24.17000000,669304.02000000,1746863999999,2025-05-10 07:59:59,15946075.91350000,57272,355096.58000000,8465430.71640000
1746864000000,2025-05-10 08:00:00,24.18000000,24.81000000,23.92000000,24.06000000,925085.97000000,1746878399999,2025-05-10 11:59:59,22536363.14170000,80829,422816.24000000,10310357.19740000
1746878400000,2025-05-10 12:00:00,24.06000000,24.77000000,24.06000000,24.37000000,565462.52000000,1746892799999,2025-05-10 15:59:59,13843167.11300000,53889,253931.02000000,6219267.89490000
1746892800000,2025-05-10 16:00:00,24.38000000,24.86000000,24.31000000,24.52000000,554119.94000000,1746907199999,2025-05-10 19:59:59,13606685.64120000,58042,268102.76000000,6585925.16720000
1746907200000,2025-05-10 20:00:00,24.52000000,25.97000000,24.33000000,25.82000000,937342.22000000,1746921599999,2025-05-10 23:59:59,23777481.38780000,89138,467638.30000000,11859502.60120000
1746921600000,2025-05-11 00:00:00,25.81000000,26.02000000,24.93000000,25.30000000,915223.94000000,1746935999999,2025-05-11 03:59:59,23286086.72210000,97221,434670.83000000,11071719.73010000
1746936000000,2025-05-11 04:00:00,25.30000000,25.46000000,24.29000000,24.53000000,542216.14000000,1746950399999,2025-05-11 07:59:59,13516467.48600000,58576,210852.30000000,5263091.74230000
1746950400000,2025-05-11 08:00:00,24.53000000,24.93000000,24.42000000,24.88000000,299601.98000000,1746964799999,2025-05-11 11:59:59,7407535.33480000,36410,174666.91000000,4320274.70220000
1746964800000,2025-05-11 12:00:00,24.88000000,24.93000000,24.19000000,24.39000000,387060.98000000,1746979199999,2025-05-11 15:59:59,9505565.13150000,49265,175257.45000000,4305161.53140000
1746979200000,2025-05-11 16:00:00,24.39000000,24.94000000,24.16000000,24.75000000,351952.02000000,1746993599999,2025-05-11 19:59:59,8655309.82330000,40461,196240.94000000,4829550.48410000
1746993600000,2025-05-11 20:00:00,24.75000000,24.97000000,24.49000000,24.78000000,233832.02000000,1747007999999,2025-05-11 23:59:59,5779152.83650000,29489,102908.79000000,2543604.61040000
1747008000000,2025-05-12 00:00:00,24.79000000,25.23000000,24.44000000,25.16000000,497388.33000000,1747022399999,2025-05-12 03:59:59,12408709.05860000,58215,252260.27000000,6298112.83460000
1747022400000,2025-05-12 04:00:00,25.15000000,26.84000000,24.86000000,26.04000000,1216967.30000000,1747036799999,2025-05-12 07:59:59,31618989.65930000,112203,611998.95000000,15900451.94210000
1747036800000,2025-05-12 08:00:00,26.04000000,26.04000000,24.89000000,24.98000000,871037.35000000,1747051199999,2025-05-12 11:59:59,22244957.28950000,84419,440996.41000000,11268192.95290000
1747051200000,2025-05-12 12:00:00,24.98000000,25.70000000,24.57000000,24.73000000,1341440.39000000,1747065599999,2025-05-12 15:59:59,33711979.46070000,129868,612997.19000000,15425853.69800000
1747065600000,2025-05-12 16:00:00,24.73000000,25.17000000,23.73000000,24.47000000,987031.51000000,1747079999999,2025-05-12 19:59:59,24093941.22210000,95774,444758.65000000,10857762.54030000
1747080000000,2025-05-12 20:00:00,24.47000000,25.06000000,24.36000000,24.83000000,304143.65000000,1747094399999,2025-05-12 23:59:59,7535916.91450000,28588,165903.11000000,4113233.83910000
1747094400000,2025-05-13 00:00:00,24.83000000,24.84000000,23.48000000,23.51000000,578444.32000000,1747108799999,2025-05-13 03:59:59,13878270.15730000,68242,258396.81000000,6198146.30830000
1747108800000,2025-05-13 04:00:00,23.51000000,24.53000000,23.45000000,24.30000000,236843.06000000,1747123199999,2025-05-13 07:59:59,5696281.74280000,30117,128016.06000000,3078483.52530000
1747123200000,2025-05-13 08:00:00,24.31000000,24.71000000,24.26000000,24.52000000,278673.23000000,1747137599999,2025-05-13 11:59:59,6827121.33470000,28456,144564.81000000,3542459.73290000
1747137600000,2025-05-13 12:00:00,24.52000000,24.92000000,24.30000000,24.90000000,618586.52000000,1747151999999,2025-05-13 15:59:59,15255457.81000000,64507,317045.89000000,7822072.66510000
1747152000000,2025-05-13 16:00:00,24.91000000,26.25000000,24.86000000,25.81000000,748720.24000000,1747166399999,2025-05-13 19:59:59,19082905.74540000,70066,392782.16000000,10012056.77170000
1747166400000,2025-05-13 20:00:00,25.81000000,25.99000000,25.49000000,25.72000000,464536.13000000,1747180799999,2025-05-13 23:59:59,11976405.45290000,44793,210821.01000000,5437725.29170000
1747180800000,2025-05-14 00:00:00,25.72000000,26.28000000,25.50000000,26.10000000,478155.74000000,1747195199999,2025-05-14 03:59:59,12396292.48800000,60015,238672.44000000,6191601.46420000
1747195200000,2025-05-14 04:00:00,26.10000000,26.54000000,25.89000000,26.03000000,557135.93000000,1747209599999,2025-05-14 07:59:59,14651257.39420000,57668,291454.28000000,7668006.52470000
1747209600000,2025-05-14 08:00:00,26.02000000,26.16000000,25.39000000,25.93000000,541254.28000000,1747223999999,2025-05-14 11:59:59,13924835.57840000,60919,253649.27000000,6528886.41120000
1747224000000,2025-05-14 12:00:00,25.93000000,25.97000000,25.13000000,25.41000000,453563.11000000,1747238399999,2025-05-14 15:59:59,11554876.20490000,65230,203235.61000000,5181312.93720000
1747238400000,2025-05-14 16:00:00,25.41000000,25.47000000,24.97000000,25.26000000,396806.86000000,1747252799999,2025-05-14 19:59:59,10000308.87780000,49197,194470.93000000,4901116.22700000
1747252800000,2025-05-14 20:00:00,25.27000000,25.32000000,24.74000000,24.96000000,245817.01000000,1747267199999,2025-05-14 23:59:59,6150635.79240000,26329,114600.43000000,2869987.55130000
1747267200000,2025-05-15 00:00:00,24.95000000,25.13000000,24.37000000,24.40000000,337720.92000000,1747281599999,2025-05-15 03:59:59,8343112.20430000,37695,163582.85000000,4043479.05600000
1747281600000,2025-05-15 04:00:00,24.41000000,24.64000000,23.53000000,23.56000000,651606.34000000,1747295999999,2025-05-15 07:59:59,15756962.28420000,56337,296793.36000000,7186984.08950000
1747296000000,2025-05-15 08:00:00,23.56000000,24.19000000,23.52000000,23.97000000,753760.23000000,1747310399999,2025-05-15 11:59:59,17983458.61410000,63203,427352.31000000,10191818.46590000
1747310400000,2025-05-15 12:00:00,23.96000000,24.10000000,23.00000000,23.80000000,907533.01000000,1747324799999,2025-05-15 15:59:59,21400350.06720000,95463,400417.15000000,9457945.67770000
1747324800000,2025-05-15 16:00:00,23.80000000,24.21000000,23.26000000,23.51000000,475826.49000000,1747339199999,2025-05-15 19:59:59,11304203.84190000,58315,251177.45000000,5969261.10420000
1747339200000,2025-05-15 20:00:00,23.52000000,23.74000000,22.94000000,23.50000000,512103.05000000,1747353599999,2025-05-15 23:59:59,11973850.59330000,47040,264331.45000000,6182516.24280000
1747353600000,2025-05-16 00:00:00,23.51000000,23.95000000,23.33000000,23.91000000,379993.64000000,1747367999999,2025-05-16 03:59:59,9003717.22240000,49629,206896.51000000,4904847.13860000
1747368000000,2025-05-16 04:00:00,23.92000000,24.05000000,23.65000000,23.79000000,328532.20000000,1747382399999,2025-05-16 07:59:59,7840437.64310000,36054,157896.14000000,3772596.42570000
1747382400000,2025-05-16 08:00:00,23.79000000,23.99000000,23.25000000,23.82000000,366346.12000000,1747396799999,2025-05-16 11:59:59,8689946.25920000,36432,171872.69000000,4078499.62190000
1747396800000,2025-05-16 12:00:00,23.83000000,23.97000000,23.44000000,23.74000000,401266.63000000,1747411199999,2025-05-16 15:59:59,9518841.99660000,47823,191822.82000000,4551107.59990000
1747411200000,2025-05-16 16:00:00,23.75000000,23.87000000,23.35000000,23.57000000,215216.29000000,1747425599999,2025-05-16 19:59:59,5068534.88030000,30103,94309.04000000,2221521.02530000
1747425600000,2025-05-16 20:00:00,23.57000000,23.58000000,22.67000000,23.06000000,536210.46000000,1747439999999,2025-05-16 23:59:59,12391270.39670000,42877,224186.55000000,5185185.08040000
1747440000000,2025-05-17 00:00:00,23.06000000,23.12000000,22.26000000,22.76000000,480632.81000000,1747454399999,2025-05-17 03:59:59,10863080.25750000,56152,201231.70000000,4550031.50600000
1747454400000,2025-05-17 04:00:00,22.76000000,23.14000000,22.70000000,22.82000000,154449.76000000,1747468799999,2025-05-17 07:59:59,3537856.13400000,22595,67808.28000000,1553885.12010000
1747468800000,2025-05-17 08:00:00,22.82000000,22.92000000,22.57000000,22.77000000,165278.82000000,1747483199999,2025-05-17 11:59:59,3761406.01680000,25065,71605.54000000,1630430.75290000
1747483200000,2025-05-17 12:00:00,22.78000000,22.84000000,22.32000000,22.46000000,214255.03000000,1747497599999,2025-05-17 15:59:59,4839785.08190000,24700,91186.20000000,2059110.12890000
1747497600000,2025-05-17 16:00:00,22.45000000,22.59000000,22.11000000,22.18000000,380297.48000000,1747511999999,2025-05-17 19:59:59,8501523.18470000,37514,183351.88000000,4099968.22360000
1747512000000,2025-05-17 20:00:00,22.17000000,22.57000000,21.97000000,22.17000000,292660.74000000,1747526399999,2025-05-17 23:59:59,6518661.51350000,25563,139461.42000000,3107031.66070000
1747526400000,2025-05-18 00:00:00,22.18000000,22.39000000,22.01000000,22.19000000,223783.44000000,1747540799999,2025-05-18 03:59:59,4968584.11810000,24826,104629.89000000,2323892.66020000
1747540800000,2025-05-18 04:00:00,22.20000000,23.19000000,22.19000000,23.13000000,326622.13000000,1747555199999,2025-05-18 07:59:59,7434038.27970000,30589,185840.88000000,4229927.72410000
1747555200000,2025-05-18 08:00:00,23.14000000,23.33000000,22.91000000,22.92000000,287288.70000000,1747569599999,2025-05-18 11:59:59,6649007.38140000,31531,142604.99000000,3302874.13630000
1747569600000,2025-05-18 12:00:00,22.92000000,23.86000000,22.78000000,23.76000000,411715.90000000,1747583999999,2025-05-18 15:59:59,9633703.92020000,40197,234552.43000000,5491289.38460000
1747584000000,2025-05-18 16:00:00,23.77000000,23.82000000,22.03000000,22.03000000,857668.59000000,1747598399999,2025-05-18 19:59:59,19636878.13510000,68771,372093.74000000,8527846.39140000
1747598400000,2025-05-18 20:00:00,22.03000000,23.16000000,21.56000000,23.06000000,779062.74000000,1747612799999,2025-05-18 23:59:59,17301914.10590000,68056,417494.54000000,9284063.19210000
1747612800000,2025-05-19 00:00:00,23.06000000,23.20000000,21.88000000,21.89000000,457994.31000000,1747627199999,2025-05-19 03:59:59,10284547.11730000,48827,202440.68000000,4557406.83630000
1747627200000,2025-05-19 04:00:00,21.90000000,22.05000000,21.26000000,21.68000000,501890.17000000,1747641599999,2025-05-19 07:59:59,10848470.20330000,44514,219126.87000000,4741922.65880000
1747641600000,2025-05-19 08:00:00,21.69000000,21.82000000,21.48000000,21.68000000,284814.74000000,1747655999999,2025-05-19 11:59:59,6171667.43780000,32292,139242.61000000,3018040.30090000
1747656000000,2025-05-19 12:00:00,21.68000000,22.17000000,21.41000000,22.09000000,333023.36000000,1747670399999,2025-05-19 15:59:59,7279631.43670000,39469,176816.77000000,3867380.36550000
1747670400000,2025-05-19 16:00:00,22.09000000,22.62000000,21.90000000,22.29000000,427899.80000000,1747684799999,2025-05-19 19:59:59,9522912.56100000,41462,213501.78000000,4754374.85220000
1747684800000,2025-05-19 20:00:00,22.29000000,22.36000000,21.98000000,22.25000000,295300.98000000,1747699199999,2025-05-19 23:59:59,6543729.58240000,21983,140849.48000000,3121696.18210000
1747699200000,2025-05-20 00:00:00,22.25000000,22.82000000,22.10000000,22.41000000,382751.92000000,1747713599999,2025-05-20 03:59:59,8595929.83500000,44576,194315.97000000,4364614.86710000
1747713600000,2025-05-20 04:00:00,22.42000000,22.62000000,22.19000000,22.24000000,310153.07000000,1747727999999,2025-05-20 07:59:59,6958364.18250000,30928,160080.27000000,3594367.05520000
1747728000000,2025-05-20 08:00:00,22.24000000,22.36000000,21.94000000,22.12000000,303589.07000000,1747742399999,2025-05-20 11:59:59,6731610.99470000,30637,145407.31000000,3226525.15430000
1747742400000,2025-05-20 12:00:00,22.12000000,22.21000000,21.85000000,22.14000000,321132.74000000,1747756799999,2025-05-20 15:59:59,7068280.58470000,33027,156734.14000000,3450750.70090000
1747756800000,2025-05-20 16:00:00,22.14000000,22.48000000,21.75000000,22.41000000,560820.76000000,1747771199999,2025-05-20 19:59:59,12410475.35020000,41914,265486.33000000,5873471.39650000
1747771200000,2025-05-20 20:00:00,22.41000000,22.78000000,22.29000000,22.60000000,484569.31000000,1747785599999,2025-05-20 23:59:59,10916779.06250000,42983,224190.72000000,5050653.89240000
1747785600000,2025-05-21 00:00:00,22.61000000,22.73000000,22.15000000,22.54000000,369990.68000000,1747799999999,2025-05-21 03:59:59,8319683.08760000,39047,188752.65000000,4245700.29450000
1747800000000,2025-05-21 04:00:00,22.54000000,23.00000000,22.42000000,22.55000000,511703.90000000,1747814399999,2025-05-21 07:59:59,11626050.86080000,49499,244704.88000000,5561190.65790000
1747814400000,2025-05-21 08:00:00,22.56000000,22.85000000,22.37000000,22.75000000,298468.27000000,1747828799999,2025-05-21 11:59:59,6744448.16590000,30394,128677.54000000,2911716.72110000
1747828800000,2025-05-21 12:00:00,22.75000000,23.29000000,22.54000000,23.22000000,573547.49000000,1747843199999,2025-05-21 15:59:59,13170028.69310000,62270,287040.76000000,6593787.18770000
1747843200000,2025-05-21 16:00:00,23.22000000,23.81000000,22.40000000,22.87000000,1467154.44000000,1747857599999,2025-05-21 19:59:59,33617199.33770000,127418,721366.37000000,16538208.80360000
1747857600000,2025-05-21 20:00:00,22.86000000,23.46000000,22.59000000,23.17000000,479900.06000000,1747871999999,2025-05-21 23:59:59,11040383.90920000,48707,241722.01000000,5559588.59700000
1747872000000,2025-05-22 00:00:00,23.18000000,23.86000000,23.13000000,23.78000000,545260.50000000,1747886399999,2025-05-22 03:59:59,12801666.37880000,58744,290364.56000000,6820429.11450000
1747886400000,2025-05-22 04:00:00,23.79000000,24.15000000,23.71000000,24.14000000,592914.68000000,1747900799999,2025-05-22 07:59:59,14200559.55370000,49819,305289.56000000,7312642.09400000
1747900800000,2025-05-22 08:00:00,24.14000000,25.42000000,24.08000000,25.09000000,1719003.29000000,1747915199999,2025-05-22 11:59:59,42707789.60890000,126162,866909.66000000,21535206.41330000
1747915200000,2025-05-22 12:00:00,25.10000000,25.43000000,24.75000000,25.04000000,779789.61000000,1747929599999,2025-05-22 15:59:59,19580369.42380000,80266,346296.39000000,8698325.68580000
1747929600000,2025-05-22 16:00:00,25.05000000,25.40000000,25.03000000,25.08000000,477748.70000000,1747943999999,2025-05-22 19:59:59,12043131.25520000,42772,250256.25000000,6310109.27340000
1747944000000,2025-05-22 20:00:00,25.09000000,25.34000000,24.71000000,25.26000000,430204.80000000,1747958399999,2025-05-22 23:59:59,10747331.94290000,34263,200477.38000000,5012162.31680000
1747958400000,2025-05-23 00:00:00,25.26000000,25.85000000,25.05000000,25.73000000,616119.18000000,1747972799999,2025-05-23 03:59:59,15687237.67570000,62241,316671.75000000,8060446.27030000
1747972800000,2025-05-23 04:00:00,25.73000000,25.83000000,24.92000000,25.10000000,506465.36000000,1747987199999,2025-05-23 07:59:59,12805380.44870000,51157,196968.94000000,4979484.89720000
1747987200000,2025-05-23 08:00:00,25.10000000,25.98000000,24.29000000,24.45000000,1072393.33000000,1748001599999,2025-05-23 11:59:59,27087380.88240000,102855,458017.41000000,11573247.84780000
1748001600000,2025-05-23 12:00:00,24.46000000,25.00000000,23.66000000,24.47000000,1384504.43000000,1748015999999,2025-05-23 15:59:59,33747328.01230000,145689,631383.77000000,15394549.43760000
1748016000000,2025-05-23 16:00:00,24.47000000,24.65000000,24.00000000,24.02000000,552218.58000000,1748030399999,2025-05-23 19:59:59,13422633.14640000,52532,232231.89000000,5648100.04160000
1748030400000,2025-05-23 20:00:00,24.02000000,24.03000000,22.92000000,23.07000000,574187.44000000,1748044799999,2025-05-23 23:59:59,13510000.65160000,56655,247202.50000000,5816284.52910000
1748044800000,2025-05-24 00:00:00,23.08000000,23.48000000,22.94000000,23.28000000,356914.83000000,1748059199999,2025-05-24 03:59:59,8274220.98880000,47290,164438.33000000,3813273.99080000
1748059200000,2025-05-24 04:00:00,23.29000000,23.43000000,22.99000000,23.14000000,352981.99000000,1748073599999,2025-05-24 07:59:59,8185540.66500000,33187,148529.87000000,3443301.51040000
1748073600000,2025-05-24 08:00:00,23.14000000,23.45000000,22.87000000,23.22000000,380477.20000000,1748087999999,2025-05-24 11:59:59,8828326.47220000,37755,216608.13000000,5029912.77790000
1748088000000,2025-05-24 12:00:00,23.23000000,23.28000000,22.98000000,23.14000000,365775.56000000,1748102399999,2025-05-24 15:59:59,8455550.75710000,32782,168110.37000000,3886255.78770000
1748102400000,2025-05-24 16:00:00,23.14000000,23.19000000,22.80000000,23.03000000,265547.38000000,1748116799999,2025-05-24 19:59:59,6106436.90870000,29194,115731.44000000,2661264.85420000
1748116800000,2025-05-24 20:00:00,23.03000000,23.12000000,22.75000000,22.96000000,178518.79000000,1748131199999,2025-05-24 23:59:59,4089794.62580000,23973,82816.59000000,1898111.23860000
1748131200000,2025-05-25 00:00:00,22.96000000,23.14000000,22.48000000,22.90000000,304911.35000000,1748145599999,2025-05-25 03:59:59,6944725.15630000,37609,142899.23000000,3255063.01400000
1748145600000,2025-05-25 04:00:00,22.90000000,22.93000000,22.43000000,22.48000000,163020.96000000,1748159999999,2025-05-25 07:59:59,3696878.94710000,17952,64978.03000000,1474320.86730000
1748160000000,2025-05-25 08:00:00,22.48000000,22.48000000,22.10000000,22.38000000,284817.91000000,1748174399999,2025-05-25 11:59:59,6346612.97860000,31265,141301.55000000,3150047.37130000
1748174400000,2025-05-25 12:00:00,22.38000000,22.58000000,22.03000000,22.26000000,270286.35000000,1748188799999,2025-05-25 15:59:59,6030209.74700000,32032,130341.89000000,2909578.90080000
1748188800000,2025-05-25 16:00:00,22.26000000,22.56000000,22.09000000,22.49000000,136202.95000000,1748203199999,2025-05-25 19:59:59,3038329.92240000,19261,67274.78000000,1501346.28280000
1748203200000,2025-05-25 20:00:00,22.48000000,23.47000000,22.29000000,23.45000000,401393.36000000,1748217599999,2025-05-25 23:59:59,9233663.20110000,41353,204674.75000000,4714982.13520000
1748217600000,2025-05-26 00:00:00,23.45000000,23.81000000,23.22000000,23.37000000,294059.55000000,1748231999999,2025-05-26 03:59:59,6908275.14090000,34031,136662.45000000,3212025.38380000
1748232000000,2025-05-26 04:00:00,23.36000000,23.94000000,23.31000000,23.90000000,311463.92000000,1748246399999,2025-05-26 07:59:59,7352983.38980000,31224,163626.48000000,3862456.11160000
1748246400000,2025-05-26 08:00:00,23.91000000,24.00000000,23.52000000,23.70000000,258362.60000000,1748260799999,2025-05-26 11:59:59,6131112.32260000,29507,109213.19000000,2592296.19740000
1748260800000,2025-05-26 12:00:00,23.70000000,23.88000000,23.18000000,23.49000000,365854.26000000,1748275199999,2025-05-26 15:59:59,8596755.93280000,43950,167006.27000000,3925420.74970000
1748275200000,2025-05-26 16:00:00,23.49000000,23.55000000,22.87000000,22.99000000,279074.17000000,1748289599999,2025-05-26 19:59:59,6454506.94560000,33531,120089.05000000,2778326.29150000
1748289600000,2025-05-26 20:00:00,22.99000000,23.27000000,22.89000000,23.07000000,175170.66000000,1748303999999,2025-05-26 23:59:59,4039734.79420000,20029,87608.34000000,2020388.57950000
1748304000000,2025-05-27 00:00:00,23.06000000,23.20000000,22.51000000,23.02000000,331999.80000000,1748318399999,2025-05-27 03:59:59,7585074.97390000,35638,154528.22000000,3533573.51340000
1748318400000,2025-05-27 04:00:00,23.03000000,23.87000000,23.01000000,23.50000000,553890.01000000,1748332799999,2025-05-27 07:59:59,13028495.65880000,49311,269579.33000000,6341392.41600000
1748332800000,2025-05-27 08:00:00,23.51000000,23.76000000,23.40000000,23.62000000,245232.60000000,1748347199999,2025-05-27 11:59:59,5789131.58590000,27004,132469.20000000,3128286.97780000
1748347200000,2025-05-27 12:00:00,23.62000000,23.88000000,23.12000000,23.45000000,558668.37000000,1748361599999,2025-05-27 15:59:59,13151896.31750000,51250,282851.35000000,6664291.05700000
1748361600000,2025-05-27 16:00:00,23.45000000,23.85000000,23.30000000,23.41000000,428530.57000000,1748375999999,2025-05-27 19:59:59,10097400.14620000,38271,209999.49000000,4952098.50820000
1748376000000,2025-05-27 20:00:00,23.41000000,23.58000000,23.18000000,23.38000000,213828.48000000,1748390399999,2025-05-27 23:59:59,4996933.78910000,24148,95939.24000000,2242195.19030000
1748390400000,2025-05-28 00:00:00,23.38000000,23.72000000,23.30000000,23.57000000,254447.55000000,1748404799999,2025-05-28 03:59:59,5990221.68570000,31132,131079.56000000,3086853.16180000
1748404800000,2025-05-28 04:00:00,23.57000000,23.62000000,23.15000000,23.28000000,212795.91000000,1748419199999,2025-05-28 07:59:59,4976017.35020000,21343,106008.60000000,2479053.53780000
1748419200000,2025-05-28 08:00:00,23.29000000,23.58000000,23.07000000,23.56000000,267497.72000000,1748433599999,2025-05-28 11:59:59,6253567.06240000,27091,122843.91000000,2873216.14030000
1748433600000,2025-05-28 12:00:00,23.56000000,23.77000000,22.83000000,22.86000000,547373.07000000,1748447999999,2025-05-28 15:59:59,12722987.69780000,50369,236944.16000000,5509466.57600000
1748448000000,2025-05-28 16:00:00,22.87000000,23.41000000,22.79000000,22.82000000,294778.87000000,1748462399999,2025-05-28 19:59:59,6794488.38930000,29649,114304.69000000,2633561.74200000
1748462400000,2025-05-28 20:00:00,22.82000000,23.60000000,22.77000000,23.60000000,269397.50000000,1748476799999,2025-05-28 23:59:59,6242486.94710000,28021,141834.01000000,3289645.89130000
1748476800000,2025-05-29 00:00:00,23.61000000,24.35000000,23.44000000,24.19000000,771446.75000000,1748491199999,2025-05-29 03:59:59,18416829.45120000,67032,371601.11000000,8873758.76460000
1748491200000,2025-05-29 04:00:00,24.19000000,24.31000000,23.50000000,23.72000000,473377.37000000,1748505599999,2025-05-29 07:59:59,11250766.67060000,38933,204802.74000000,4867457.64760000
1748505600000,2025-05-29 08:00:00,23.72000000,23.82000000,23.35000000,23.43000000,352631.19000000,1748519999999,2025-05-29 11:59:59,8305666.26130000,35918,161937.78000000,3813529.76450000
1748520000000,2025-05-29 12:00:00,23.42000000,23.42000000,22.68000000,22.79000000,607119.29000000,1748534399999,2025-05-29 15:59:59,13971426.21760000,58063,300760.35000000,6924743.55260000
1748534400000,2025-05-29 16:00:00,22.79000000,23.03000000,22.45000000,22.62000000,561859.82000000,1748548799999,2025-05-29 19:59:59,12770696.09460000,47981,272160.76000000,6190553.92830000
1748548800000,2025-05-29 20:00:00,22.62000000,22.78000000,22.17000000,22.25000000,322091.06000000,1748563199999,2025-05-29 23:59:59,7254068.92300000,30278,146768.54000000,3307012.34700000
1748563200000,2025-05-30 00:00:00,22.25000000,22.35000000,21.09000000,21.83000000,1011386.70000000,1748577599999,2025-05-30 03:59:59,21912807.69240000,93239,504898.28000000,10944554.82010000
1748577600000,2025-05-30 04:00:00,21.83000000,21.87000000,21.30000000,21.44000000,354662.14000000,1748591999999,2025-05-30 07:59:59,7662220.86490000,33767,199791.14000000,4317513.16500000
1748592000000,2025-05-30 08:00:00,21.44000000,21.88000000,21.28000000,21.80000000,370470.34000000,1748606399999,2025-05-30 11:59:59,7978411.25990000,41569,187102.13000000,4030817.23380000
1748606400000,2025-05-30 12:00:00,21.80000000,21.88000000,21.42000000,21.48000000,433523.08000000,1748620799999,2025-05-30 15:59:59,9373067.32140000,49996,198933.39000000,4301379.15550000
1748620800000,2025-05-30 16:00:00,21.48000000,21.58000000,20.75000000,21.27000000,685980.71000000,1748635199999,2025-05-30 19:59:59,14456311.82330000,69892,324503.03000000,6839655.43690000
1748635200000,2025-05-30 20:00:00,21.27000000,21.34000000,20.40000000,20.56000000,423890.75000000,1748649599999,2025-05-30 23:59:59,8803890.62230000,45238,187236.80000000,3892695.25830000
1748649600000,2025-05-31 00:00:00,20.55000000,20.60000000,19.77000000,20.07000000,581514.34000000,1748663999999,2025-05-31 03:59:59,11713163.35000000,74930,274536.25000000,5532624.80290000
1748664000000,2025-05-31 04:00:00,20.08000000,20.26000000,19.83000000,20.15000000,244606.92000000,1748678399999,2025-05-31 07:59:59,4916303.49760000,25650,131739.47000000,2650026.04280000
1748678400000,2025-05-31 08:00:00,20.15000000,20.35000000,20.06000000,20.20000000,229210.92000000,1748692799999,2025-05-31 11:59:59,4627526.22250000,27902,118124.77000000,2384867.76310000
1748692800000,2025-05-31 12:00:00,20.20000000,20.85000000,20.17000000,20.68000000,358428.22000000,1748707199999,2025-05-31 15:59:59,7396201.86310000,33096,198047.85000000,4084409.64170000
1748707200000,2025-05-31 16:00:00,20.67000000,21.01000000,20.62000000,20.89000000,237927.57000000,1748721599999,2025-05-31 19:59:59,4962344.63460000,22455,108462.67000000,2262008.38670000
1748721600000,2025-05-31 20:00:00,20.89000000,21.12000000,20.77000000,20.80000000,241056.42000000,1748735999999,2025-05-31 23:59:59,5047723.66270000,19328,123919.66000000,2594253.75740000
1748736000000,2025-06-01 00:00:00,20.81000000,20.85000000,20.51000000,20.68000000,182536.93000000,1748750399999,2025-06-01 03:59:59,3776559.27740000,18948,72962.80000000,1510528.34570000
1748750400000,2025-06-01 04:00:00,20.68000000,20.94000000,20.60000000,20.66000000,103670.84000000,1748764799999,2025-06-01 07:59:59,2150508.60750000,12081,43067.44000000,893747.38650000
1748764800000,2025-06-01 08:00:00,20.67000000,20.70000000,20.26000000,20.40000000,236599.97000000,1748779199999,2025-06-01 11:59:59,4831658.17100000,23782,109960.85000000,2245676.06110000
1748779200000,2025-06-01 12:00:00,20.41000000,20.79000000,20.17000000,20.71000000,163728.53000000,1748793599999,2025-06-01 15:59:59,3364323.58990000,20072,86986.53000000,1789545.85360000
1748793600000,2025-06-01 16:00:00,20.71000000,20.95000000,20.39000000,20.66000000,281530.68000000,1748807999999,2025-06-01 19:59:59,5836122.77130000,25150,132038.35000000,2737834.04940000
1748808000000,2025-06-01 20:00:00,20.67000000,20.97000000,20.56000000,20.88000000,185537.64000000,1748822399999,2025-06-01 23:59:59,3859279.61150000,15647,97173.80000000,2020494.39240000
1748822400000,2025-06-02 00:00:00,20.88000000,21.00000000,20.46000000,20.57000000,160703.46000000,1748836799999,2025-06-02 03:59:59,3336010.18120000,19674,71772.31000000,1489737.79250000
1748836800000,2025-06-02 04:00:00,20.57000000,20.81000000,20.48000000,20.68000000,141882.39000000,1748851199999,2025-06-02 07:59:59,2929276.76590000,15912,64051.89000000,1323126.26770000
1748851200000,2025-06-02 08:00:00,20.68000000,20.81000000,20.22000000,20.32000000,292607.22000000,1748865599999,2025-06-02 11:59:59,5977797.20990000,26858,132384.02000000,2705431.52740000
1748865600000,2025-06-02 12:00:00,20.32000000,20.70000000,20.26000000,20.57000000,343669.73000000,1748879999999,2025-06-02 15:59:59,7045931.76770000,37017,169262.78000000,3470880.92470000
1748880000000,2025-06-02 16:00:00,20.57000000,20.78000000,20.41000000,20.54000000,239678.34000000,1748894399999,2025-06-02 19:59:59,4939246.57750000,28160,113837.87000000,2346876.11050000
1748894400000,2025-06-02 20:00:00,20.55000000,21.32000000,20.55000000,21.15000000,323531.85000000,1748908799999,2025-06-02 23:59:59,6798859.90540000,30218,180515.15000000,3790054.11930000
1748908800000,2025-06-03 00:00:00,21.16000000,21.70000000,21.14000000,21.27000000,397517.46000000,1748923199999,2025-06-03 03:59:59,8523176.41240000,35317,185831.33000000,3982869.48070000
1748923200000,2025-06-03 04:00:00,21.28000000,21.47000000,21.12000000,21.29000000,166736.58000000,1748937599999,2025-06-03 07:59:59,3553277.94730000,16848,71202.71000000,1517621.14060000
1748937600000,2025-06-03 08:00:00,21.29000000,21.37000000,21.13000000,21.23000000,166497.37000000,1748951999999,2025-06-03 11:59:59,3532572.69490000,16747,64453.50000000,1367894.98400000
1748952000000,2025-06-03 12:00:00,21.23000000,21.58000000,21.14000000,21.37000000,376727.88000000,1748966399999,2025-06-03 15:59:59,8048838.40760000,34748,183310.17000000,3916903.18190000
1748966400000,2025-06-03 16:00:00,21.37000000,21.60000000,21.26000000,21.54000000,203904.82000000,1748980799999,2025-06-03 19:59:59,4367597.61190000,23185,100409.31000000,2151828.72900000
1748980800000,2025-06-03 20:00:00,21.54000000,21.57000000,20.89000000,21.14000000,255392.43000000,1748995199999,2025-06-03 23:59:59,5405140.60750000,22551,114110.11000000,2415068.17910000
1748995200000,2025-06-04 00:00:00,21.14000000,21.64000000,21.05000000,21.49000000,289686.58000000,1749009599999,2025-06-04 03:59:59,6206059.74390000,22297,146063.35000000,3128055.44130000
1749009600000,2025-06-04 04:00:00,21.48000000,21.59000000,21.26000000,21.42000000,205656.02000000,1749023999999,2025-06-04 07:59:59,4407113.29210000,16204,115099.99000000,2467962.03380000
1749024000000,2025-06-04 08:00:00,21.42000000,21.55000000,21.04000000,21.04000000,260298.29000000,1749038399999,2025-06-04 11:59:59,5545188.95630000,18176,99838.64000000,2127023.60020000
1749038400000,2025-06-04 12:00:00,21.05000000,21.16000000,20.72000000,21.10000000,393218.88000000,1749052799999,2025-06-04 15:59:59,8226094.77050000,29977,186784.68000000,3910108.30270000
1749052800000,2025-06-04 16:00:00,21.10000000,21.10000000,20.65000000,20.66000000,178229.47000000,1749067199999,2025-06-04 19:59:59,3718339.45500000,17869,78552.42000000,1639380.88560000
1749067200000,2025-06-04 20:00:00,20.65000000,20.66000000,20.06000000,20.09000000,503333.48000000,1749081599999,2025-06-04 23:59:59,10211512.75620000,32626,240398.51000000,4873321.81310000
1749081600000,2025-06-05 00:00:00,20.08000000,20.28000000,19.95000000,20.22000000,254692.08000000,1749095999999,2025-06-05 03:59:59,5128930.71990000,24005,110990.11000000,2236030.04440000
1749096000000,2025-06-05 04:00:00,20.22000000,20.36000000,20.05000000,20.22000000,255118.09000000,1749110399999,2025-06-05 07:59:59,5149974.53400000,19507,125173.48000000,2527411.51600000
1749110400000,2025-06-05 08:00:00,20.22000000,20.36000000,20.01000000,20.18000000,179149.24000000,1749124799999,2025-06-05 11:59:59,3618742.85760000,19990,86026.98000000,1738330.23150000
1749124800000,2025-06-05 12:00:00,20.18000000,20.54000000,19.79000000,19.99000000,508476.80000000,1749139199999,2025-06-05 15:59:59,10242131.85460000,45135,255105.80000000,5141952.66110000
1749139200000,2025-06-05 16:00:00,19.99000000,20.02000000,19.10000000,19.28000000,720546.11000000,1749153599999,2025-06-05 19:59:59,14048883.25300000,68864,337119.44000000,6576095.94180000
1749153600000,2025-06-05 20:00:00,19.27000000,19.36000000,18.43000000,18.75000000,1332423.38000000,1749167999999,2025-06-05 23:59:59,25035606.27380000,90442,636064.50000000,11944954.99700000
1749168000000,2025-06-06 00:00:00,18.75000000,19.18000000,18.63000000,19.17000000,262979.03000000,1749182399999,2025-06-06 03:59:59,4960449.13920000,23559,142158.20000000,2684346.23430000
1749182400000,2025-06-06 04:00:00,19.16000000,19.50000000,19.14000000,19.36000000,251269.43000000,1749196799999,2025-06-06 07:59:59,4855470.55030000,18624,125414.51000000,2422715.38230000
1749196800000,2025-06-06 08:00:00,19.36000000,19.49000000,19.29000000,19.37000000,217589.45000000,1749211199999,2025-06-06 11:59:59,4219424.04180000,17177,93561.81000000,1814804.56860000
1749211200000,2025-06-06 12:00:00,19.37000000,19.95000000,19.33000000,19.71000000,494226.58000000,1749225599999,2025-06-06 15:59:59,9708335.51020000,36520,245742.70000000,4826117.62260000
1749225600000,2025-06-06 16:00:00,19.72000000,19.81000000,19.37000000,19.40000000,278624.68000000,1749239999999,2025-06-06 19:59:59,5455099.71340000,23378,125373.18000000,2455756.39550000
1749240000000,2025-06-06 20:00:00,19.41000000,19.92000000,19.36000000,19.64000000,354804.84000000,1749254399999,2025-06-06 23:59:59,6989274.54420000,23730,212895.74000000,4195185.50130000
1749254400000,2025-06-07 00:00:00,19.64000000,20.14000000,19.56000000,20.10000000,186383.81000000,1749268799999,2025-06-07 03:59:59,3697878.72250000,17080,94437.78000000,1876266.70380000
1749268800000,2025-06-07 04:00:00,20.10000000,20.71000000,20.04000000,20.65000000,244941.73000000,1749283199999,2025-06-07 07:59:59,4987394.42530000,19776,139067.04000000,2832679.43060000
1749283200000,2025-06-07 08:00:00,20.65000000,21.13000000,20.61000000,21.04000000,414237.89000000,1749297599999,2025-06-07 11:59:59,8633892.43290000,30135,204766.58000000,4269144.60890000
1749297600000,2025-06-07 12:00:00,21.04000000,21.06000000,20.77000000,20.90000000,329455.38000000,1749311999999,2025-06-07 15:59:59,6900724.63820000,23944,150758.82000000,3158379.32380000
1749312000000,2025-06-07 16:00:00,20.90000000,20.99000000,20.67000000,20.83000000,174993.21000000,1749326399999,2025-06-07 19:59:59,3636581.82000000,16741,79693.46000000,1657149.60000000
1749326400000,2025-06-07 20:00:00,20.83000000,20.92000000,20.64000000,20.65000000,116616.80000000,1749340799999,2025-06-07 23:59:59,2426398.00940000,10479,48433.14000000,1008757.81900000
1749340800000,2025-06-08 00:00:00,20.66000000,20.67000000,20.34000000,20.35000000,154269.97000000,1749355199999,2025-06-08 03:59:59,3160069.89370000,13002,72125.08000000,1478422.12070000
1749355200000,2025-06-08 04:00:00,20.35000000,20.40000000,20.25000000,20.28000000,123291.23000000,1749369599999,2025-06-08 07:59:59,2505204.02100000,11485,64045.37000000,1301523.71290000
1749369600000,2025-06-08 08:00:00,20.27000000,20.67000000,20.14000000,20.49000000,461511.33000000,1749383999999,2025-06-08 11:59:59,9408042.01920000,29023,231306.84000000,4718183.46780000
1749384000000,2025-06-08 12:00:00,20.50000000,20.84000000,20.35000000,20.68000000,319112.56000000,1749398399999,2025-06-08 15:59:59,6573707.52710000,22356,173473.16000000,3573565.31810000
1749398400000,2025-06-08 16:00:00,20.69000000,21.35000000,20.65000000,21.34000000,438267.99000000,1749412799999,2025-06-08 19:59:59,9230899.48320000,27112,239998.42000000,5052511.17370000
1749412800000,2025-06-08 20:00:00,21.35000000,21.49000000,21.01000000,21.04000000,405188.56000000,1749427199999,2025-06-08 23:59:59,8620728.03830000,28367,165215.05000000,3514524.32240000
1749427200000,2025-06-09 00:00:00,21.04000000,21.14000000,20.60000000,20.74000000,325383.28000000,1749441599999,2025-06-09 03:59:59,6785288.67540000,27143,132642.14000000,2764618.24670000
1749441600000,2025-06-09 04:00:00,20.74000000,20.74000000,20.24000000,20.34000000,240063.05000000,1749455999999,2025-06-09 07:59:59,4895429.59500000,18715,109647.17000000,2234632.54660000
1749456000000,2025-06-09 08:00:00,20.34000000,20.93000000,20.22000000,20.81000000,477016.69000000,1749470399999,2025-06-09 11:59:59,9866929.12390000,34203,255724.51000000,5290711.07730000
1749470400000,2025-06-09 12:00:00,20.82000000,21.13000000,20.59000000,21.02000000,360439.57000000,1749484799999,2025-06-09 15:59:59,7525330.33570000,29568,180525.06000000,3771176.96190000
1749484800000,2025-06-09 16:00:00,21.03000000,21.45000000,21.02000000,21.37000000,400188.23000000,1749499199999,2025-06-09 19:59:59,8531913.53650000,29681,195734.07000000,4174030.72620000
1749499200000,2025-06-09 20:00:00,21.37000000,22.04000000,21.20000000,21.95000000,674779.56000000,1749513599999,2025-06-09 23:59:59,14654413.11930000,46903,341474.05000000,7420664.29920000
1749513600000,2025-06-10 00:00:00,21.94000000,22.21000000,21.76000000,21.82000000,398891.87000000,1749527999999,2025-06-10 03:59:59,8776505.58010000,37052,216175.34000000,4756851.40780000
1749528000000,2025-06-10 04:00:00,21.82000000,21.88000000,21.51000000,21.69000000,275632.91000000,1749542399999,2025-06-10 07:59:59,5978720.55100000,27160,137133.81000000,2976604.12770000
1749542400000,2025-06-10 08:00:00,21.68000000,22.32000000,21.51000000,22.22000000,496844.67000000,1749556799999,2025-06-10 11:59:59,10885404.18610000,40361,283793.90000000,6217204.05980000
1749556800000,2025-06-10 12:00:00,22.22000000,22.48000000,21.56000000,21.93000000,869178.89000000,1749571199999,2025-06-10 15:59:59,19183495.55840000,73215,394096.07000000,8707356.27830000
1749571200000,2025-06-10 16:00:00,21.93000000,22.48000000,21.76000000,22.22000000,626366.07000000,1749585599999,2025-06-10 19:59:59,13867400.37700000,45873,330156.72000000,7303436.64150000
1749585600000,2025-06-10 20:00:00,22.22000000,22.59000000,22.02000000,22.57000000,445056.43000000,1749599999999,2025-06-10 23:59:59,9937892.64120000,47937,236909.19000000,5294606.36060000
1749600000000,2025-06-11 00:00:00,22.57000000,22.66000000,22.03000000,22.31000000,320151.46000000,1749614399999,2025-06-11 03:59:59,7134148.20690000,31911,138171.68000000,3079070.86510000
1749614400000,2025-06-11 04:00:00,22.31000000,22.48000000,22.13000000,22.37000000,196710.96000000,1749628799999,2025-06-11 07:59:59,4384095.82480000,22809,102665.84000000,2288166.63550000
1749628800000,2025-06-11 08:00:00,22.38000000,22.43000000,21.87000000,21.99000000,270640.67000000,1749643199999,2025-06-11 11:59:59,5981274.26630000,27473,113207.67000000,2503103.99140000
1749643200000,2025-06-11 12:00:00,22.00000000,22.77000000,21.89000000,22.57000000,779675.78000000,1749657599999,2025-06-11 15:59:59,17441446.52210000,62805,399772.95000000,8943963.22070000
1749657600000,2025-06-11 16:00:00,22.58000000,22.61000000,21.65000000,21.72000000,656353.19000000,1749671999999,2025-06-11 19:59:59,14446674.71780000,51191,255386.74000000,5620738.91940000
1749672000000,2025-06-11 20:00:00,21.71000000,21.94000000,21.32000000,21.57000000,388495.94000000,1749686399999,2025-06-11 23:59:59,8383454.56420000,34814,175855.54000000,3798399.13410000
1749686400000,2025-06-12 00:00:00,21.56000000,21.62000000,21.14000000,21.21000000,302229.61000000,1749700799999,2025-06-12 03:59:59,6467530.07560000,32183,139345.27000000,2983383.74690000
1749700800000,2025-06-12 04:00:00,21.22000000,21.27000000,20.96000000,21.03000000,302137.82000000,1749715199999,2025-06-12 07:59:59,6390390.95840000,25941,137701.49000000,2913935.36380000
1749715200000,2025-06-12 08:00:00,21.02000000,21.13000000,20.77000000,20.80000000,311943.26000000,1749729599999,2025-06-12 11:59:59,6531713.91400000,27742,149731.50000000,3136931.14780000
1749729600000,2025-06-12 12:00:00,20.81000000,21.31000000,20.74000000,20.87000000,371546.54000000,1749743999999,2025-06-12 15:59:59,7823992.73700000,32381,195549.53000000,4119746.12790000
1749744000000,2025-06-12 16:00:00,20.86000000,21.25000000,20.49000000,20.59000000,467237.70000000,1749758399999,2025-06-12 19:59:59,9777844.12160000,34764,203055.89000000,4253265.70600000
1749758400000,2025-06-12 20:00:00,20.58000000,20.68000000,20.15000000,20.28000000,660871.66000000,1749772799999,2025-06-12 23:59:59,13467568.63420000,48014,276062.38000000,5627454.26960000
1749772800000,2025-06-13 00:00:00,20.28000000,20.30000000,18.46000000,19.11000000,2518260.37000000,1749787199999,2025-06-13 03:59:59,48287088.33970000,156555,1142924.11000000,21833045.01740000
1749787200000,2025-06-13 04:00:00,19.10000000,19.18000000,18.79000000,19.14000000,557264.69000000,1749801599999,2025-06-13 07:59:59,10588800.16460000,36908,332683.47000000,6322348.48390000
1749801600000,2025-06-13 08:00:00,19.15000000,19.41000000,19.02000000,19.25000000,540357.34000000,1749815999999,2025-06-13 11:59:59,10369108.46940000,40339,280608.58000000,5384422.77640000
1749816000000,2025-06-13 12:00:00,19.25000000,19.43000000,18.87000000,19.30000000,795829.84000000,1749830399999,2025-06-13 15:59:59,15261763.17390000,51629,399291.42000000,7665817.46000000
1749830400000,2025-06-13 16:00:00,19.31000000,19.55000000,18.91000000,19.03000000,543966.11000000,1749844799999,2025-06-13 19:59:59,10456576.94260000,40524,255088.17000000,4903306.95310000
1749844800000,2025-06-13 20:00:00,19.03000000,19.44000000,18.97000000,19.41000000,247674.96000000,1749859199999,2025-06-13 23:59:59,4763996.31380000,21284,123950.24000000,2383894.43520000
1749859200000,2025-06-14 00:00:00,19.42000000,19.43000000,19.16000000,19.25000000,217514.87000000,1749873599999,2025-06-14 03:59:59,4196587.72480000,16740,100946.99000000,1947912.62840000
1749873600000,2025-06-14 04:00:00,19.25000000,19.42000000,19.07000000,19.24000000,228435.48000000,1749887999999,2025-06-14 07:59:59,4398135.49010000,14216,103321.45000000,1989584.50730000
1749888000000,2025-06-14 08:00:00,19.23000000,19.24000000,19.00000000,19.13000000,120218.35000000,1749902399999,2025-06-14 11:59:59,2298027.27460000,11875,54186.29000000,1036213.58570000
1749902400000,2025-06-14 12:00:00,19.13000000,19.21000000,18.85000000,18.97000000,162600.95000000,1749916799999,2025-06-14 15:59:59,3094257.31140000,15433,65923.28000000,1255420.75100000
1749916800000,2025-06-14 16:00:00,18.96000000,19.07000000,18.71000000,18.89000000,206436.51000000,1749931199999,2025-06-14 19:59:59,3894767.32740000,21537,99823.44000000,1884621.67600000
1749931200000,2025-06-14 20:00:00,18.89000000,19.10000000,18.75000000,18.93000000,160959.96000000,1749945599999,2025-06-14 23:59:59,3050401.76620000,15143,79753.96000000,1512448.11220000
1749945600000,2025-06-15 00:00:00,18.94000000,19.06000000,18.90000000,18.97000000,90394.06000000,1749959999999,2025-06-15 03:59:59,1716404.05870000,8628,47325.72000000,898714.79790000
1749960000000,2025-06-15 04:00:00,18.98000000,19.28000000,18.93000000,18.97000000,176442.27000000,1749974399999,2025-06-15 07:59:59,3371775.92580000,12337,87309.60000000,1668819.34200000
1749974400000,2025-06-15 08:00:00,18.97000000,19.03000000,18.77000000,18.98000000,133077.50000000,1749988799999,2025-06-15 11:59:59,2514307.69240000,13549,64881.32000000,1226726.51650000
1749988800000,2025-06-15 12:00:00,18.98000000,19.26000000,18.88000000,19.07000000,255198.31000000,1750003199999,2025-06-15 15:59:59,4866454.90340000,20412,132770.46000000,2531884.77960000
1750003200000,2025-06-15 16:00:00,19.08000000,19.20000000,19.00000000,19.08000000,154319.65000000,1750017599999,2025-06-15 19:59:59,2944623.73800000,15264,72570.16000000,1385503.85660000
1750017600000,2025-06-15 20:00:00,19.08000000,19.19000000,18.73000000,19.10000000,215976.51000000,1750031999999,2025-06-15 23:59:59,4096198.05480000,20999,105355.83000000,1999762.24480000
1750032000000,2025-06-16 00:00:00,19.11000000,19.48000000,18.90000000,19.27000000,254808.40000000,1750046399999,2025-06-16 03:59:59,4904124.85730000,28037,122846.99000000,2366607.44420000
1750046400000,2025-06-16 04:00:00,19.27000000,19.86000000,19.24000000,19.79000000,327037.08000000,1750060799999,2025-06-16 07:59:59,6424128.90840000,24477,174240.32000000,3423793.82570000
1750060800000,2025-06-16 08:00:00,19.80000000,19.84000000,19.42000000,19.63000000,252301.21000000,1750075199999,2025-06-16 11:59:59,4961214.10200000,18503,127060.05000000,2501003.87770000
1750075200000,2025-06-16 12:00:00,19.64000000,19.93000000,19.47000000,19.72000000,304113.21000000,1750089599999,2025-06-16 15:59:59,5995307.42710000,32899,152705.34000000,3013502.86910000
1750089600000,2025-06-16 16:00:00,19.72000000,19.93000000,19.65000000,19.78000000,280297.40000000,1750103999999,2025-06-16 19:59:59,5544576.40640000,21803,142141.38000000,2811906.00440000
1750104000000,2025-06-16 20:00:00,19.77000000,20.00000000,19.00000000,19.06000000,635335.22000000,1750118399999,2025-06-16 23:59:59,12394519.50330000,43820,291085.87000000,5681507.25920000
1750118400000,2025-06-17 00:00:00,19.06000000,19.49000000,18.70000000,19.31000000,513072.11000000,1750132799999,2025-06-17 03:59:59,9778275.53990000,49157,277911.40000000,5295641.83170000
1750132800000,2025-06-17 04:00:00,19.30000000,19.33000000,19.04000000,19.14000000,191523.46000000,1750147199999,2025-06-17 07:59:59,3673232.52910000,19697,86097.94000000,1652333.47210000
1750147200000,2025-06-17 08:00:00,19.14000000,19.16000000,18.85000000,18.93000000,243888.03000000,1750161599999,2025-06-17 11:59:59,4628086.00030000,20194,98711.39000000,1872732.29830000
1750161600000,2025-06-17 12:00:00,18.93000000,19.06000000,18.52000000,18.67000000,416157.43000000,1750175999999,2025-06-17 15:59:59,7813606.11740000,34409,183555.38000000,3449804.19810000
1750176000000,2025-06-17 16:00:00,18.67000000,18.94000000,18.13000000,18.79000000,664902.87000000,1750190399999,2025-06-17 19:59:59,12275336.17070000,49904,340278.25000000,6284403.47320000
1750190400000,2025-06-17 20:00:00,18.79000000,18.86000000,18.34000000,18.58000000,261187.10000000,1750204799999,2025-06-17 23:59:59,4853734.56490000,21449,121766.67000000,2263075.11910000
1750204800000,2025-06-18 00:00:00,18.59000000,18.85000000,18.53000000,18.70000000,145776.57000000,1750219199999,2025-06-18 03:59:59,2724703.78680000,16535,82664.41000000,1545951.33610000
1750219200000,2025-06-18 04:00:00,18.71000000,18.90000000,18.64000000,18.73000000,137172.54000000,1750233599999,2025-06-18 07:59:59,2575447.40910000,14177,66803.14000000,1254706.76300000
1750233600000,2025-06-18 08:00:00,18.74000000,18.83000000,18.23000000,18.52000000,254164.75000000,1750247999999,2025-06-18 11:59:59,4699458.31020000,21945,118709.74000000,2194253.65200000
1750248000000,2025-06-18 12:00:00,18.52000000,18.59000000,18.07000000,18.35000000,564340.33000000,1750262399999,2025-06-18 15:59:59,10368594.75680000,44061,288662.56000000,5305894.06120000
1750262400000,2025-06-18 16:00:00,18.34000000,18.50000000,18.08000000,18.22000000,490929.88000000,1750276799999,2025-06-18 19:59:59,8968267.92480000,45778,231752.35000000,4235487.42450000
1750276800000,2025-06-18 20:00:00,18.22000000,18.64000000,18.09000000,18.16000000,368878.58000000,1750291199999,2025-06-18 23:59:59,6768755.38370000,23645,214719.72000000,3942462.94220000
1750291200000,2025-06-19 00:00:00,18.17000000,18.39000000,17.92000000,18.06000000,376790.12000000,1750305599999,2025-06-19 03:59:59,6820406.20230000,24305,192056.23000000,3478441.52090000
1750305600000,2025-06-19 04:00:00,18.06000000,18.07000000,17.80000000,17.92000000,422865.90000000,1750319999999,2025-06-19 07:59:59,7577180.89130000,20018,202581.87000000,3631214.89710000
1750320000000,2025-06-19 08:00:00,17.91000000,18.10000000,17.87000000,17.91000000,209630.88000000,1750334399999,2025-06-19 11:59:59,3768854.19340000,14685,112928.20000000,2031009.16520000
1750334400000,2025-06-19 12:00:00,17.91000000,18.04000000,17.66000000,17.74000000,456859.87000000,1750348799999,2025-06-19 15:59:59,8155702.72580000,24312,218244.00000000,3898760.44370000
1750348800000,2025-06-19 16:00:00,17.74000000,18.09000000,17.64000000,17.94000000,312343.72000000,1750363199999,2025-06-19 19:59:59,5594779.31740000,22227,145586.99000000,2608639.59050000
1750363200000,2025-06-19 20:00:00,17.94000000,18.19000000,17.92000000,18.06000000,229899.90000000,1750377599999,2025-06-19 23:59:59,4150492.74750000,16317,107070.06000000,1933433.56820000
1750377600000,2025-06-20 00:00:00,18.06000000,18.18000000,17.98000000,17.99000000,103238.01000000,1750391999999,2025-06-20 03:59:59,1865692.72370000,11320,40323.75000000,729115.27130000
1750392000000,2025-06-20 04:00:00,17.99000000,18.41000000,17.82000000,18.33000000,231709.38000000,1750406399999,2025-06-20 07:59:59,4195727.81080000,17356,103700.62000000,1881695.80390000
1750406400000,2025-06-20 08:00:00,18.33000000,18.41000000,18.15000000,18.25000000,222456.02000000,1750420799999,2025-06-20 11:59:59,4063015.21100000,17256,109920.89000000,2008193.59520000
1750420800000,2025-06-20 12:00:00,18.26000000,18.37000000,17.73000000,17.82000000,407721.53000000,1750435199999,2025-06-20 15:59:59,7330962.51630000,30275,187273.03000000,3370961.34100000
1750435200000,2025-06-20 16:00:00,17.82000000,17.83000000,16.94000000,17.44000000,917422.90000000,1750449599999,2025-06-20 19:59:59,15870068.28410000,57493,410527.14000000,7099670.62830000
1750449600000,2025-06-20 20:00:00,17.44000000,17.68000000,17.20000000,17.37000000,312554.07000000,1750463999999,2025-06-20 23:59:59,5441984.73410000,17481,154448.52000000,2690135.66000000
1750464000000,2025-06-21 00:00:00,17.38000000,17.64000000,17.37000000,17.60000000,121783.61000000,1750478399999,2025-06-21 03:59:59,2129964.49550000,9819,64685.76000000,1131378.17550000
1750478400000,2025-06-21 04:00:00,17.59000000,17.62000000,17.49000000,17.55000000,111924.96000000,1750492799999,2025-06-21 07:59:59,1965386.10860000,7590,54327.27000000,954371.20410000
1750492800000,2025-06-21 08:00:00,17.55000000,17.64000000,17.49000000,17.60000000,150090.65000000,1750507199999,2025-06-21 11:59:59,2635701.92770000,10168,74893.62000000,1315538.04810000
1750507200000,2025-06-21 12:00:00,17.61000000,17.63000000,17.00000000,17.15000000,448630.16000000,1750521599999,2025-06-21 15:59:59,7721012.55220000,24247,211897.95000000,3645847.71470000
1750521600000,2025-06-21 16:00:00,17.15000000,17.20000000,16.76000000,16.78000000,450560.47000000,1750535999999,2025-06-21 19:59:59,7620914.97280000,33232,218407.33000000,3694468.01150000
1750536000000,2025-06-21 20:00:00,16.79000000,17.12000000,16.32000000,16.82000000,1050611.40000000,1750550399999,2025-06-21 23:59:59,17559805.76690000,68720,502949.77000000,8403699.94500000
1750550400000,2025-06-22 00:00:00,16.82000000,17.11000000,16.59000000,16.70000000,522386.79000000,1750564799999,2025-06-22 03:59:59,8814312.84130000,42399,262890.11000000,4442764.42170000
1750564800000,2025-06-22 04:00:00,16.70000000,17.01000000,16.66000000,16.84000000,155014.79000000,1750579199999,2025-06-22 07:59:59,2621815.33930000,19189,85475.88000000,1446349.00210000
1750579200000,2025-06-22 08:00:00,16.84000000,16.93000000,16.53000000,16.67000000,270664.62000000,1750593599999,2025-06-22 11:59:59,4517234.33260000,27288,114334.34000000,1909125.68310000
1750593600000,2025-06-22 12:00:00,16.66000000,16.74000000,15.95000000,16.04000000,1052766.49000000,1750607999999,2025-06-22 15:59:59,17055660.09810000,79380,454206.16000000,7358192.21930000
1750608000000,2025-06-22 16:00:00,16.03000000,16.35000000,15.90000000,15.94000000,411274.98000000,1750622399999,2025-06-22 19:59:59,6620876.37630000,33449,213852.85000000,3444225.76690000
1750622400000,2025-06-22 20:00:00,15.95000000,16.53000000,15.61000000,16.53000000,718393.44000000,1750636799999,2025-06-22 23:59:59,11567659.86720000,51624,394615.85000000,6364303.01460000
1750636800000,2025-06-23 00:00:00,16.53000000,16.76000000,16.49000000,16.52000000,322160.84000000,1750651199999,2025-06-23 03:59:59,5351812.00490000,21428,137197.17000000,2279732.12060000
1750651200000,2025-06-23 04:00:00,16.53000000,17.06000000,16.52000000,16.91000000,305359.13000000,1750665599999,2025-06-23 07:59:59,5143177.25630000,19626,186711.23000000,3146487.08410000
1750665600000,2025-06-23 08:00:00,16.92000000,17.15000000,16.79000000,16.87000000,296743.58000000,1750679999999,2025-06-23 11:59:59,5040401.00500000,19215,155308.15000000,2640036.29270000
1750680000000,2025-06-23 12:00:00,16.88000000,17.29000000,16.72000000,16.76000000,724789.67000000,1750694399999,2025-06-23 15:59:59,12354258.89240000,53664,339955.88000000,5796428.25320000
1750694400000,2025-06-23 16:00:00,16.75000000,17.32000000,16.26000000,17.30000000,1017808.56000000,1750708799999,2025-06-23 19:59:59,17090902.14220000,72782,493033.79000000,8295593.08570000
1750708800000,2025-06-23 20:00:00,17.31000000,18.19000000,17.26000000,18.06000000,1145917.87000000,1750723199999,2025-06-23 23:59:59,20388885.04780000,69137,589325.93000000,10490179.27610000
1750723200000,2025-06-24 00:00:00,18.06000000,18.24000000,17.95000000,18.06000000,345832.80000000,1750737599999,2025-06-24 03:59:59,6254146.65940000,26094,176541.74000000,3194313.08230000
1750737600000,2025-06-24 04:00:00,18.05000000,18.49000000,17.97000000,18.06000000,425029.44000000,1750751999999,2025-06-24 07:59:59,7766417.64940000,30031,238827.26000000,4366672.57110000
1750752000000,2025-06-24 08:00:00,18.05000000,18.29000000,17.88000000,18.13000000,398093.27000000,1750766399999,2025-06-24 11:59:59,7202885.23510000,30704,181400.07000000,3284496.17320000
1750766400000,2025-06-24 12:00:00,18.12000000,18.29000000,17.99000000,18.17000000,444053.81000000,1750780799999,2025-06-24 15:59:59,8042120.69510000,36196,271245.33000000,4912407.53500000
1750780800000,2025-06-24 16:00:00,18.17000000,18.43000000,17.93000000,18.03000000,447057.58000000,1750795199999,2025-06-24 19:59:59,8121849.52640000,31674,202291.87000000,3674707.09590000
1750795200000,2025-06-24 20:00:00,18.02000000,18.24000000,17.96000000,18.23000000,189471.36000000,1750809599999,2025-06-24 23:59:59,3432019.39480000,16953,106157.65000000,1923711.52920000
1750809600000,2025-06-25 00:00:00,18.24000000,18.37000000,18.10000000,18.12000000,270694.85000000,1750823999999,2025-06-25 03:59:59,4935635.30980000,23322,171845.23000000,3133558.35380000
1750824000000,2025-06-25 04:00:00,18.13000000,18.18000000,17.98000000,18.03000000,169347.96000000,1750838399999,2025-06-25 07:59:59,3058122.18970000,15448,80901.20000000,1461063.29360000
1750838400000,2025-06-25 08:00:00,18.04000000,18.05000000,17.73000000,18.00000000,397141.69000000,1750852799999,2025-06-25 11:59:59,7102517.17930000,24291,200988.43000000,3595461.74740000
1750852800000,2025-06-25 12:00:00,18.00000000,18.13000000,17.56000000,17.59000000,451795.66000000,1750867199999,2025-06-25 15:59:59,8061721.13310000,37436,228451.11000000,4078563.03350000
1750867200000,2025-06-25 16:00:00,17.60000000,17.80000000,17.54000000,17.73000000,256304.92000000,1750881599999,2025-06-25 19:59:59,4526730.03450000,20756,123282.44000000,2178172.86290000
1750881600000,2025-06-25 20:00:00,17.73000000,17.83000000,17.42000000,17.57000000,192639.28000000,1750895999999,2025-06-25 23:59:59,3391475.11260000,15674,94200.95000000,1659054.50250000
1750896000000,2025-06-26 00:00:00,17.57000000,18.02000000,17.45000000,17.76000000,304589.06000000,1750910399999,2025-06-26 03:59:59,5401519.80900000,25649,177833.15000000,3153653.79530000
1750910400000,2025-06-26 04:00:00,17.77000000,17.82000000,17.53000000,17.74000000,153419.32000000,1750924799999,2025-06-26 07:59:59,2711364.34590000,15067,71207.24000000,1259061.72280000
1750924800000,2025-06-26 08:00:00,17.73000000,17.79000000,17.39000000,17.41000000,212654.10000000,1750939199999,2025-06-26 11:59:59,3722632.85970000,17543,96995.15000000,1697526.84260000
1750939200000,2025-06-26 12:00:00,17.42000000,17.44000000,17.09000000,17.25000000,397112.55000000,1750953599999,2025-06-26 15:59:59,6853370.68440000,32815,172177.88000000,2973556.08120000
1750953600000,2025-06-26 16:00:00,17.25000000,17.38000000,17.15000000,17.33000000,187040.66000000,1750967999999,2025-06-26 19:59:59,3223122.17420000,18472,79478.04000000,1370499.67420000
1750968000000,2025-06-26 20:00:00,17.33000000,17.64000000,17.17000000,17.23000000,231477.04000000,1750982399999,2025-06-26 23:59:59,4011568.93950000,19340,104197.73000000,1806215.90350000
1750982400000,2025-06-27 00:00:00,17.24000000,17.54000000,17.02000000,17.49000000,185982.08000000,1750996799999,2025-06-27 03:59:59,3216191.12150000,17680,97193.59000000,1681892.67060000
1750996800000,2025-06-27 04:00:00,17.49000000,17.61000000,17.34000000,17.41000000,202897.68000000,1751011199999,2025-06-27 07:59:59,3544352.76760000,14356,105076.29000000,1836401.36480000
1751011200000,2025-06-27 08:00:00,17.40000000,17.62000000,17.39000000,17.47000000,188805.76000000,1751025599999,2025-06-27 11:59:59,3303830.32710000,15668,96208.69000000,1683973.27820000
1751025600000,2025-06-27 12:00:00,17.48000000,17.59000000,17.29000000,17.54000000,256899.83000000,1751039999999,2025-06-27 15:59:59,4478423.52410000,23018,120451.22000000,2100598.69580000
1751040000000,2025-06-27 16:00:00,17.55000000,17.79000000,17.13000000,17.34000000,292173.41000000,1751054399999,2025-06-27 19:59:59,5101659.43750000,25426,142065.12000000,2484302.42250000
1751054400000,2025-06-27 20:00:00,17.33000000,17.61000000,17.31000000,17.58000000,140756.80000000,1751068799999,2025-06-27 23:59:59,2462538.35880000,12021,74384.42000000,1300969.63990000
1751068800000,2025-06-28 00:00:00,17.58000000,17.67000000,17.48000000,17.59000000,95888.80000000,1751083199999,2025-06-28 03:59:59,1686383.66600000,7877,53811.59000000,946304.83180000
1751083200000,2025-06-28 04:00:00,17.60000000,17.69000000,17.50000000,17.68000000,83594.23000000,1751097599999,2025-06-28 07:59:59,1469273.36170000,6967,39656.26000000,697505.32420000
1751097600000,2025-06-28 08:00:00,17.68000000,17.74000000,17.60000000,17.67000000,125927.83000000,1751111999999,2025-06-28 11:59:59,2225704.50380000,8962,64084.01000000,1132679.46840000
1751112000000,2025-06-28 12:00:00,17.68000000,17.78000000,17.54000000,17.75000000,107381.27000000,1751126399999,2025-06-28 15:59:59,1895848.03760000,7403,59472.99000000,1050942.37340000
1751126400000,2025-06-28 16:00:00,17.76000000,18.08000000,17.76000000,17.95000000,264536.52000000,1751140799999,2025-06-28 19:59:59,4736319.37040000,17778,161489.16000000,2890906.57350000
1751140800000,2025-06-28 20:00:00,17.95000000,18.07000000,17.87000000,17.97000000,141238.61000000,1751155199999,2025-06-28 23:59:59,2537562.72520000,9155,69573.70000000,1250537.23290000
1751155200000,2025-06-29 00:00:00,17.98000000,18.01000000,17.80000000,17.81000000,120739.30000000,1751169599999,2025-06-29 03:59:59,2162859.36910000,7309,54006.75000000,967712.09140000
1751169600000,2025-06-29 04:00:00,17.82000000,18.04000000,17.80000000,18.04000000,73055.65000000,1751183999999,2025-06-29 07:59:59,1307444.06350000,5060,38207.09000000,683948.37550000
1751184000000,2025-06-29 08:00:00,18.03000000,18.17000000,17.99000000,18.06000000,179701.67000000,1751198399999,2025-06-29 11:59:59,3248124.76910000,11692,94243.78000000,1703604.41870000
1751198400000,2025-06-29 12:00:00,18.07000000,18.08000000,17.81000000,17.84000000,122632.37000000,1751212799999,2025-06-29 15:59:59,2201770.78430000,10689,51948.63000000,932996.20300000
1751212800000,2025-06-29 16:00:00,17.84000000,18.09000000,17.82000000,18.05000000,115226.17000000,1751227199999,2025-06-29 19:59:59,2068732.07290000,9457,57759.79000000,1037188.52930000
1751227200000,2025-06-29 20:00:00,18.04000000,18.90000000,17.93000000,18.73000000,711400.83000000,1751241599999,2025-06-29 23:59:59,13234280.37610000,55592,384473.88000000,7151757.81730000
1751241600000,2025-06-30 00:00:00,18.73000000,18.88000000,18.27000000,18.30000000,336734.47000000,1751255999999,2025-06-30 03:59:59,6267058.28700000,22012,146782.88000000,2735180.51050000
1751256000000,2025-06-30 04:00:00,18.29000000,18.31000000,17.99000000,18.25000000,186344.88000000,1751270399999,2025-06-30 07:59:59,3385122.83700000,14868,70674.94000000,1283924.64290000
1751270400000,2025-06-30 08:00:00,18.24000000,18.28000000,18.02000000,18.07000000,137479.22000000,1751284799999,2025-06-30 11:59:59,2491406.30890000,11224,61718.21000000,1118785.93690000
1751284800000,2025-06-30 12:00:00,18.08000000,18.14000000,17.71000000,18.02000000,577480.47000000,1751299199999,2025-06-30 15:59:59,10366212.45700000,37105,276424.89000000,4963829.56750000
1751299200000,2025-06-30 16:00:00,18.03000000,18.24000000,17.87000000,18.21000000,342967.66000000,1751313599999,2025-06-30 19:59:59,6178612.82470000,25609,173890.22000000,3134001.62890000
1751313600000,2025-06-30 20:00:00,18.20000000,18.26000000,17.89000000,17.96000000,245953.92000000,1751327999999,2025-06-30 23:59:59,4438828.68480000,16285,110876.04000000,2002097.61910000
1751328000000,2025-07-01 00:00:00,17.97000000,18.06000000,17.74000000,17.82000000,192698.46000000,1751342399999,2025-07-01 03:59:59,3443504.31120000,13976,72925.18000000,1304352.91610000
1751342400000,2025-07-01 04:00:00,17.81000000,17.82000000,17.43000000,17.64000000,344611.03000000,1751356799999,2025-07-01 07:59:59,6052033.00830000,17185,171171.07000000,3004920.02690000
1751356800000,2025-07-01 08:00:00,17.64000000,17.66000000,17.44000000,17.48000000,190424.15000000,1751371199999,2025-07-01 11:59:59,3346783.51570000,10580,91831.29000000,1615202.86830000
1751371200000,2025-07-01 12:00:00,17.48000000,17.50000000,17.20000000,17.25000000,416748.83000000,1751385599999,2025-07-01 15:59:59,7221450.74410000,22369,193735.64000000,3357809.10540000
1751385600000,2025-07-01 16:00:00,17.25000000,17.34000000,17.04000000,17.08000000,174678.01000000,1751399999999,2025-07-01 19:59:59,3002176.70340000,13608,69324.26000000,1192008.93930000
1751400000000,2025-07-01 20:00:00,17.09000000,17.14000000,16.94000000,17.10000000,174854.78000000,1751414399999,2025-07-01 23:59:59,2981158.89230000,11026,77189.69000000,1316549.69790000
1751414400000,2025-07-02 00:00:00,17.11000000,17.31000000,16.97000000,17.27000000,189366.60000000,1751428799999,2025-07-02 03:59:59,3247585.61490000,12221,94392.01000000,1619107.41750000
1751428800000,2025-07-02 04:00:00,17.28000000,17.65000000,17.25000000,17.58000000,188435.26000000,1751443199999,2025-07-02 07:59:59,3302245.41540000,12068,92241.17000000,1616146.78140000
1751443200000,2025-07-02 08:00:00,17.59000000,17.69000000,17.51000000,17.56000000,218660.66000000,1751457599999,2025-07-02 11:59:59,3848600.39780000,11604,86615.73000000,1524927.75360000
1751457600000,2025-07-02 12:00:00,17.57000000,18.02000000,17.42000000,18.02000000,333570.21000000,1751471999999,2025-07-02 15:59:59,5928419.42430000,23063,177112.58000000,3150693.89640000
1751472000000,2025-07-02 16:00:00,18.02000000,18.83000000,18.01000000,18.68000000,1285109.82000000,1751486399999,2025-07-02 19:59:59,23798617.33300000,83847,661198.97000000,12240640.30440000
1751486400000,2025-07-02 20:00:00,18.68000000,18.81000000,18.48000000,18.51000000,485902.09000000,1751500799999,2025-07-02 23:59:59,9067792.08770000,22617,221479.15000000,4134578.28270000
1751500800000,2025-07-03 00:00:00,18.51000000,18.67000000,18.43000000,18.55000000,187966.59000000,1751515199999,2025-07-03 03:59:59,3490566.67110000,15147,101989.56000000,1894537.21070000
1751515200000,2025-07-03 04:00:00,18.55000000,19.17000000,18.53000000,19.08000000,454691.09000000,1751529599999,2025-07-03 07:59:59,8618994.56280000,27409,260180.28000000,4930571.67490000
1751529600000,2025-07-03 08:00:00,19.09000000,19.11000000,18.68000000,18.78000000,305319.60000000,1751543999999,2025-07-03 11:59:59,5775220.19810000,18783,119663.30000000,2264075.05480000
1751544000000,2025-07-03 12:00:00,18.77000000,18.99000000,18.34000000,18.37000000,724136.78000000,1751558399999,2025-07-03 15:59:59,13553000.20400000,49252,344701.28000000,6461309.88280000
1751558400000,2025-07-03 16:00:00,18.37000000,18.61000000,18.35000000,18.56000000,239962.97000000,1751572799999,2025-07-03 19:59:59,4436517.88330000,14764,122539.78000000,2266017.68590000
1751572800000,2025-07-03 20:00:00,18.56000000,18.67000000,18.50000000,18.54000000,111072.85000000,1751587199999,2025-07-03 23:59:59,2066072.69990000,8666,49831.70000000,927195.01240000
1751587200000,2025-07-04 00:00:00,18.55000000,18.82000000,18.50000000,18.77000000,527067.08000000,1751601599999,2025-07-04 03:59:59,9863964.66460000,31146,346502.83000000,6485527.47150000
1751601600000,2025-07-04 04:00:00,18.77000000,18.88000000,18.10000000,18.11000000,427721.01000000,1751615999999,2025-07-04 07:59:59,7940217.04260000,27986,226139.67000000,4215935.09850000
1751616000000,2025-07-04 08:00:00,18.11000000,18.22000000,17.96000000,18.09000000,260927.61000000,1751630399999,2025-07-04 11:59:59,4724051.63350000,18723,123089.13000000,2229180.89530000
1751630400000,2025-07-04 12:00:00,18.09000000,18.19000000,17.69000000,17.72000000,272320.44000000,1751644799999,2025-07-04 15:59:59,4877210.25090000,25466,114523.62000000,2050533.05280000
1751644800000,2025-07-04 16:00:00,17.71000000,17.75000000,17.50000000,17.69000000,254254.53000000,1751659199999,2025-07-04 19:59:59,4484835.05340000,22258,127779.82000000,2255422.56890000
1751659200000,2025-07-04 20:00:00,17.68000000,17.89000000,17.62000000,17.80000000,142174.20000000,1751673599999,2025-07-04 23:59:59,2525755.37640000,9976,79145.63000000,1406418.63880000
1751673600000,2025-07-05 00:00:00,17.80000000,17.87000000,17.66000000,17.85000000,94898.67000000,1751687999999,2025-07-05 03:59:59,1687400.72340000,7167,48932.32000000,870492.14140000
1751688000000,2025-07-05 04:00:00,17.84000000,17.94000000,17.72000000,17.82000000,96325.54000000,1751702399999,2025-07-05 07:59:59,1716493.32260000,7354,50191.69000000,895010.43040000
1751702400000,2025-07-05 08:00:00,17.81000000,17.95000000,17.68000000,17.89000000,124590.19000000,1751716799999,2025-07-05 11:59:59,2220292.12630000,8238,65016.92000000,1158880.44020000
1751716800000,2025-07-05 12:00:00,17.89000000,17.94000000,17.77000000,17.83000000,116164.84000000,1751731199999,2025-07-05 15:59:59,2075075.90400000,8735,52770.41000000,942822.01820000
1751731200000,2025-07-05 16:00:00,17.83000000,17.90000000,17.62000000,17.79000000,124414.20000000,1751745599999,2025-07-05 19:59:59,2207944.65030000,11561,59969.07000000,1064210.70350000
1751745600000,2025-07-05 20:00:00,17.78000000,17.99000000,17.75000000,17.92000000,82326.35000000,1751759999999,2025-07-05 23:59:59,1471750.17290000,5821,48722.99000000,871360.79850000
1751760000000,2025-07-06 00:00:00,17.92000000,17.92000000,17.77000000,17.83000000,82450.75000000,1751774399999,2025-07-06 03:59:59,1470487.93640000,5786,41711.78000000,743792.32300000
1751774400000,2025-07-06 04:00:00,17.82000000,17.93000000,17.78000000,17.85000000,69682.60000000,1751788799999,2025-07-06 07:59:59,1243713.18020000,5107,40136.44000000,716393.50570000
1751788800000,2025-07-06 08:00:00,17.84000000,17.89000000,17.74000000,17.88000000,80309.62000000,1751803199999,2025-07-06 11:59:59,1430907.09260000,7003,36885.07000000,657330.78690000
1751803200000,2025-07-06 12:00:00,17.88000000,18.31000000,17.86000000,18.16000000,314085.44000000,1751817599999,2025-07-06 15:59:59,5692387.64560000,20183,166967.48000000,3025008.65750000
1751817600000,2025-07-06 16:00:00,18.16000000,18.30000000,17.99000000,18.17000000,178624.89000000,1751831999999,2025-07-06 19:59:59,3244470.48460000,11390,87112.88000000,1582716.86060000
1751832000000,2025-07-06 20:00:00,18.17000000,18.62000000,18.16000000,18.29000000,367460.90000000,1751846399999,2025-07-06 23:59:59,6770343.81150000,22606,200574.38000000,3695143.23150000
1751846400000,2025-07-07 00:00:00,18.30000000,18.59000000,18.19000000,18.42000000,193678.66000000,1751860799999,2025-07-07 03:59:59,3564026.64850000,14285,94980.36000000,1748293.01950000
1751860800000,2025-07-07 04:00:00,18.42000000,18.46000000,18.10000000,18.30000000,174692.14000000,1751875199999,2025-07-07 07:59:59,3193682.93380000,11824,77251.96000000,1413415.87310000
1751875200000,2025-07-07 08:00:00,18.29000000,18.35000000,18.11000000,18.17000000,151065.92000000,1751889599999,2025-07-07 11:59:59,2751658.58920000,10290,68510.47000000,1247850.90450000
1751889600000,2025-07-07 12:00:00,18.17000000,18.29000000,17.96000000,18.03000000,238686.37000000,1751903999999,2025-07-07 15:59:59,4319034.62410000,20252,92339.33000000,1671129.00360000
1751904000000,2025-07-07 16:00:00,18.03000000,18.11000000,17.82000000,18.00000000,260867.19000000,1751918399999,2025-07-07 19:59:59,4685700.98220000,21328,125695.76000000,2258836.21250000
1751918400000,2025-07-07 20:00:00,18.00000000,18.01000000,17.80000000,17.99000000,143912.76000000,1751932799999,2025-07-07 23:59:59,2575962.47840000,11964,72293.75000000,1293532.11790000
1751932800000,2025-07-08 00:00:00,18.00000000,18.09000000,17.74000000,17.78000000,229442.07000000,1751947199999,2025-07-08 03:59:59,4099280.80360000,16554,97429.25000000,1740942.82270000
1751947200000,2025-07-08 04:00:00,17.79000000,17.91000000,17.69000000,17.91000000,127959.20000000,1751961599999,2025-07-08 07:59:59,2275913.66370000,9377,60306.31000000,1073106.30450000
1751961600000,2025-07-08 08:00:00,17.91000000,18.27000000,17.84000000,18.14000000,252831.56000000,1751975999999,2025-07-08 11:59:59,4552890.14460000,13606,150856.56000000,2717235.65960000
1751976000000,2025-07-08 12:00:00,18.13000000,18.25000000,17.97000000,18.01000000,183760.70000000,1751990399999,2025-07-08 15:59:59,3332310.72900000,17105,92116.79000000,1670853.59200000
1751990400000,2025-07-08 16:00:00,18.02000000,18.48000000,17.91000000,18.37000000,337539.28000000,1752004799999,2025-07-08 19:59:59,6168661.34780000,23561,143082.30000000,2617339.71070000
1752004800000,2025-07-08 20:00:00,18.38000000,18.46000000,18.23000000,18.36000000,179736.67000000,1752019199999,2025-07-08 23:59:59,3296653.28700000,11744,75624.07000000,1387874.75120000
1752019200000,2025-07-09 00:00:00,18.37000000,18.39000000,18.10000000,18.12000000,102687.93000000,1752033599999,2025-07-09 03:59:59,1870344.41530000,10933,49401.44000000,899816.57660000
1752033600000,2025-07-09 04:00:00,18.12000000,18.56000000,18.09000000,18.41000000,290615.57000000,1752047999999,2025-07-09 07:59:59,5349825.03780000,18303,151247.34000000,2784105.18950000
1752048000000,2025-07-09 08:00:00,18.41000000,18.55000000,18.31000000,18.52000000,183256.60000000,1752062399999,2025-07-09 11:59:59,3376275.54930000,12863,81793.23000000,1507757.99140000
1752062400000,2025-07-09 12:00:00,18.53000000,18.73000000,18.39000000,18.53000000,577534.36000000,1752076799999,2025-07-09 15:59:59,10735617.79610000,30232,298961.39000000,5558962.28550000
1752076800000,2025-07-09 16:00:00,18.53000000,19.19000000,18.48000000,19.11000000,647557.36000000,1752091199999,2025-07-09 19:59:59,12204485.32510000,34881,342709.87000000,6458575.29470000
1752091200000,2025-07-09 20:00:00,19.11000000,19.63000000,18.97000000,19.50000000,889102.50000000,1752105599999,2025-07-09 23:59:59,17206210.75290000,47200,419897.77000000,8128748.51510000
1752105600000,2025-07-10 00:00:00,19.50000000,19.63000000,19.36000000,19.49000000,296042.88000000,1752119999999,2025-07-10 03:59:59,5775774.87300000,16685,136347.11000000,2660915.36540000
1752120000000,2025-07-10 04:00:00,19.50000000,19.61000000,19.34000000,19.50000000,242785.50000000,1752134399999,2025-07-10 07:59:59,4726175.91750000,14940,100744.72000000,1961818.44140000
1752134400000,2025-07-10 08:00:00,19.50000000,19.60000000,19.44000000,19.58000000,261727.45000000,1752148799999,2025-07-10 11:59:59,5112881.43700000,12934,117001.53000000,2286544.01270000
1752148800000,2025-07-10 12:00:00,19.57000000,19.71000000,19.38000000,19.45000000,741581.07000000,1752163199999,2025-07-10 15:59:59,14499699.38340000,30506,456545.00000000,8930378.09740000
1752163200000,2025-07-10 16:00:00,19.46000000,19.95000000,19.41000000,19.77000000,558548.20000000,1752177599999,2025-07-10 19:59:59,11041541.51350000,33466,287569.72000000,5684777.53240000
1752177600000,2025-07-10 20:00:00,19.77000000,20.79000000,19.76000000,20.70000000,976619.82000000,1752191999999,2025-07-10 23:59:59,19921198.14030000,58611,507947.93000000,10356833.03790000
1752192000000,2025-07-11 00:00:00,20.70000000,20.93000000,20.44000000,20.86000000,567909.42000000,1752206399999,2025-07-11 03:59:59,11762612.01760000,40152,312091.23000000,6464196.44960000
1752206400000,2025-07-11 04:00:00,20.86000000,21.22000000,20.72000000,20.74000000,587761.52000000,1752220799999,2025-07-11 07:59:59,12302569.90010000,42525,330713.16000000,6919550.31910000
1752220800000,2025-07-11 08:00:00,20.75000000,21.20000000,20.75000000,20.99000000,290001.79000000,1752235199999,2025-07-11 11:59:59,6097378.73610000,24859,157311.06000000,3308647.51660000
1752235200000,2025-07-11 12:00:00,20.98000000,21.53000000,20.87000000,20.95000000,751727.68000000,1752249599999,2025-07-11 15:59:59,15966230.27220000,66640,352684.83000000,7500086.35200000
1752249600000,2025-07-11 16:00:00,20.95000000,21.41000000,20.81000000,21.31000000,501447.20000000,1752263999999,2025-07-11 19:59:59,10611338.81270000,47685,247899.92000000,5247636.66480000
1752264000000,2025-07-11 20:00:00,21.31000000,21.32000000,20.32000000,20.68000000,633131.56000000,1752278399999,2025-07-11 23:59:59,13121858.66770000,47759,307542.32000000,6374795.14810000
1752278400000,2025-07-12 00:00:00,20.67000000,21.05000000,20.38000000,20.85000000,381709.14000000,1752292799999,2025-07-12 03:59:59,7921409.22830000,23054,183250.33000000,3805627.30220000
1752292800000,2025-07-12 04:00:00,20.86000000,20.91000000,20.53000000,20.89000000,425533.86000000,1752307199999,2025-07-12 07:59:59,8810582.33310000,31541,244934.00000000,5068858.54070000
1752307200000,2025-07-12 08:00:00,20.88000000,21.08000000,20.71000000,20.97000000,236368.62000000,1752321599999,2025-07-12 11:59:59,4940058.14630000,18477,130289.80000000,2723833.16770000
1752321600000,2025-07-12 12:00:00,20.98000000,21.03000000,20.18000000,20.33000000,602293.91000000,1752335999999,2025-07-12 15:59:59,12402958.39100000,50132,255110.36000000,5251436.07590000
1752336000000,2025-07-12 16:00:00,20.33000000,20.85000000,20.24000000,20.74000000,234961.69000000,1752350399999,2025-07-12 19:59:59,4845244.18090000,20394,115328.45000000,2377961.08820000
1752350400000,2025-07-12 20:00:00,20.73000000,20.77000000,20.39000000,20.69000000,232470.77000000,1752364799999,2025-07-12 23:59:59,4790944.93200000,16173,115174.29000000,2373767.70380000
1752364800000,2025-07-13 00:00:00,20.68000000,21.18000000,20.66000000,21.10000000,600257.94000000,1752379199999,2025-07-13 03:59:59,12589640.24880000,41826,319312.60000000,6695224.98400000
1752379200000,2025-07-13 04:00:00,21.10000000,21.33000000,20.96000000,21.32000000,263769.79000000,1752393599999,2025-07-13 07:59:59,5578370.06610000,23481,145865.72000000,3085004.51620000
1752393600000,2025-07-13 08:00:00,21.31000000,21.39000000,21.06000000,21.27000000,302698.60000000,1752407999999,2025-07-13 11:59:59,6431535.97600000,24581,158112.75000000,3360157.38750000
1752408000000,2025-07-13 12:00:00,21.26000000,21.64000000,21.14000000,21.29000000,390466.83000000,1752422399999,2025-07-13 15:59:59,8339376.69800000,38758,196223.81000000,4192631.94690000
1752422400000,2025-07-13 16:00:00,21.30000000,21.80000000,21.10000000,21.53000000,711733.57000000,1752436799999,2025-07-13 19:59:59,15332165.16320000,53203,379726.52000000,8188574.89050000
1752436800000,2025-07-13 20:00:00,21.54000000,21.61000000,20.99000000,21.20000000,368613.24000000,1752451199999,2025-07-13 23:59:59,7819161.98680000,33419,160645.34000000,3408845.36750000
1752451200000,2025-07-14 00:00:00,21.21000000,22.06000000,21.15000000,21.78000000,511436.74000000,1752465599999,2025-07-14 03:59:59,11071603.95880000,45738,284387.12000000,6158338.31690000
1752465600000,2025-07-14 04:00:00,21.79000000,22.08000000,21.53000000,21.84000000,562675.98000000,1752479999999,2025-07-14 07:59:59,12288750.24760000,44105,288513.54000000,6303450.99960000
1752480000000,2025-07-14 08:00:00,21.84000000,21.94000000,21.60000000,21.70000000,344097.83000000,1752494399999,2025-07-14 11:59:59,7494763.75180000,30790,165415.39000000,3603000.67530000
1752494400000,2025-07-14 12:00:00,21.70000000,22.00000000,21.30000000,21.46000000,521820.58000000,1752508799999,2025-07-14 15:59:59,11323168.22740000,48926,225283.96000000,4892819.25670000
1752508800000,2025-07-14 16:00:00,21.45000000,21.64000000,21.13000000,21.26000000,307279.68000000,1752523199999,2025-07-14 19:59:59,6562960.15330000,31015,154995.73000000,3309669.02620000
1752523200000,2025-07-14 20:00:00,21.26000000,21.43000000,21.02000000,21.26000000,290649.90000000,1752537599999,2025-07-14 23:59:59,6171501.58410000,22973,147029.53000000,3123545.65070000
1752537600000,2025-07-15 00:00:00,21.27000000,21.37000000,20.45000000,20.59000000,635581.42000000,1752551999999,2025-07-15 03:59:59,13255725.67750000,50658,287830.41000000,6001747.35120000
1752552000000,2025-07-15 04:00:00,20.59000000,20.93000000,20.39000000,20.75000000,327567.47000000,1752566399999,2025-07-15 07:59:59,6788073.18110000,22554,168753.36000000,3499701.00280000
1752566400000,2025-07-15 08:00:00,20.75000000,21.51000000,20.61000000,21.11000000,827068.41000000,1752580799999,2025-07-15 11:59:59,17523645.41740000,51519,552759.39000000,11709536.12980000
1752580800000,2025-07-15 12:00:00,21.11000000,21.31000000,20.69000000,21.17000000,728447.61000000,1752595199999,2025-07-15 15:59:59,15321214.52710000,58804,369171.91000000,7766306.77480000
1752595200000,2025-07-15 16:00:00,21.17000000,21.88000000,21.16000000,21.21000000,665137.64000000,1752609599999,2025-07-15 19:59:59,14315608.05580000,63952,299954.28000000,6451060.84050000
1752609600000,2025-07-15 20:00:00,21.22000000,22.58000000,21.16000000,22.51000000,1053873.84000000,1752623999999,2025-07-15 23:59:59,23188201.23440000,60218,686387.13000000,15108714.64570000
1752624000000,2025-07-16 00:00:00,22.52000000,22.57000000,21.70000000,21.71000000,638448.49000000,1752638399999,2025-07-16 03:59:59,14158374.86990000,44484,257577.66000000,5726105.40530000
1752638400000,2025-07-16 04:00:00,21.71000000,22.09000000,21.61000000,21.98000000,299988.05000000,1752652799999,2025-07-16 07:59:59,6570291.23250000,27050,141488.80000000,3100411.58770000
1752652800000,2025-07-16 08:00:00,21.98000000,22.14000000,21.87000000,22.01000000,286334.59000000,1752667199999,2025-07-16 11:59:59,6303196.44390000,24813,102299.26000000,2252990.40180000
1752667200000,2025-07-16 12:00:00,22.01000000,22.38000000,21.87000000,22.11000000,577736.55000000,1752681599999,2025-07-16 15:59:59,12769407.93350000,52380,246720.86000000,5456514.58860000
1752681600000,2025-07-16 16:00:00,22.10000000,22.83000000,22.06000000,22.60000000,633414.65000000,1752695999999,2025-07-16 19:59:59,14261441.26190000,47928,322309.92000000,7256315.75000000
1752696000000,2025-07-16 20:00:00,22.61000000,23.02000000,22.46000000,22.66000000,588142.54000000,1752710399999,2025-07-16 23:59:59,13409779.07290000,46292,265224.37000000,6054215.67970000
1752710400000,2025-07-17 00:00:00,22.65000000,22.94000000,22.02000000,22.17000000,453232.27000000,1752724799999,2025-07-17 03:59:59,10165607.59410000,42862,178169.55000000,4000649.06110000
1752724800000,2025-07-17 04:00:00,22.16000000,22.80000000,22.09000000,22.69000000,364819.24000000,1752739199999,2025-07-17 07:59:59,8200383.98330000,32750,163940.08000000,3689401.79910000
1752739200000,2025-07-17 08:00:00,22.69000000,23.24000000,22.61000000,22.89000000,604494.52000000,1752753599999,2025-07-17 11:59:59,13895619.65940000,46596,302391.59000000,6955168.22530000
1752753600000,2025-07-17 12:00:00,22.89000000,23.07000000,22.43000000,22.72000000,595259.66000000,1752767999999,2025-07-17 15:59:59,13550986.88960000,59973,260463.01000000,5930464.62280000
1752768000000,2025-07-17 16:00:00,22.72000000,22.95000000,22.31000000,22.42000000,567812.60000000,1752782399999,2025-07-17 19:59:59,12829611.10630000,51963,259799.53000000,5870916.39720000
1752782400000,2025-07-17 20:00:00,22.42000000,24.34000000,22.19000000,23.91000000,1577789.12000000,1752796799999,2025-07-17 23:59:59,36863971.40970000,112578,890496.14000000,20833559.13260000
1752796800000,2025-07-18 00:00:00,23.91000000,24.58000000,23.69000000,24.33000000,1140103.16000000,1752811199999,2025-07-18 03:59:59,27555641.60310000,88563,636517.92000000,15385461.16900000
1752811200000,2025-07-18 04:00:00,24.33000000,25.03000000,24.23000000,24.33000000,782965.79000000,1752825599999,2025-07-18 07:59:59,19295353.76130000,62127,363067.95000000,8950333.21930000
1752825600000,2025-07-18 08:00:00,24.32000000,24.63000000,23.94000000,24.13000000,544419.77000000,1752839999999,2025-07-18 11:59:59,13214435.34970000,53400,217163.64000000,5271564.75830000
1752840000000,2025-07-18 12:00:00,24.12000000,24.55000000,23.55000000,23.77000000,769601.28000000,1752854399999,2025-07-18 15:59:59,18498660.21080000,68324,372101.00000000,8952269.75570000
1752854400000,2025-07-18 16:00:00,23.77000000,24.09000000,23.43000000,23.61000000,479505.56000000,1752868799999,2025-07-18 19:59:59,11384855.22280000,39188,233251.74000000,5543390.11940000
1752868800000,2025-07-18 20:00:00,23.62000000,23.71000000,23.06000000,23.51000000,466106.27000000,1752883199999,2025-07-18 23:59:59,10908710.36760000,40723,224491.37000000,5258901.33370000
1752883200000,2025-07-19 00:00:00,23.51000000,23.82000000,23.01000000,23.81000000,301810.71000000,1752897599999,2025-07-19 03:59:59,7072061.96220000,28244,142236.42000000,3337022.64840000
1752897600000,2025-07-19 04:00:00,23.82000000,24.02000000,23.69000000,23.70000000,299176.53000000,1752911999999,2025-07-19 07:59:59,7140883.51950000,22759,171323.06000000,4090733.39530000
1752912000000,2025-07-19 08:00:00,23.71000000,23.72000000,23.41000000,23.59000000,213713.77000000,1752926399999,2025-07-19 11:59:59,5039949.66360000,22680,97115.07000000,2290773.89580000
1752926400000,2025-07-19 12:00:00,23.60000000,23.87000000,23.31000000,23.65000000,306677.09000000,1752940799999,2025-07-19 15:59:59,7239759.83290000,31464,148042.91000000,3497926.26160000
1752940800000,2025-07-19 16:00:00,23.64000000,25.18000000,23.54000000,24.95000000,894512.80000000,1752955199999,2025-07-19 19:59:59,21924159.47290000,58614,526741.51000000,12895267.21060000
1752955200000,2025-07-19 20:00:00,24.95000000,25.23000000,24.17000000,24.50000000,812123.31000000,1752969599999,2025-07-19 23:59:59,20055001.31740000,56362,375896.01000000,9285574.34680000
1752969600000,2025-07-20 00:00:00,24.51000000,24.78000000,24.31000000,24.58000000,289780.60000000,1752983999999,2025-07-20 03:59:59,7108548.95610000,32525,166344.78000000,4082030.26410000
1752984000000,2025-07-20 04:00:00,24.57000000,24.85000000,24.42000000,24.71000000,219088.17000000,1752998399999,2025-07-20 07:59:59,5395862.54300000,23205,125968.82000000,3104270.21360000
1752998400000,2025-07-20 08:00:00,24.71000000,25.27000000,24.71000000,25.13000000,524282.26000000,1753012799999,2025-07-20 11:59:59,13113937.50780000,39377,287729.16000000,7198668.96910000
1753012800000,2025-07-20 12:00:00,25.13000000,25.44000000,24.86000000,25.40000000,709057.03000000,1753027199999,2025-07-20 15:59:59,17848222.10710000,43866,342576.32000000,8628354.02500000
1753027200000,2025-07-20 16:00:00,25.40000000,25.55000000,24.94000000,25.27000000,714326.36000000,1753041599999,2025-07-20 19:59:59,18035199.56060000,57840,329706.70000000,8331137.79430000
1753041600000,2025-07-20 20:00:00,25.27000000,25.33000000,24.52000000,25.04000000,594140.05000000,1753055999999,2025-07-20 23:59:59,14816867.28980000,58882,250098.96000000,6240382.42540000
1753056000000,2025-07-21 00:00:00,25.05000000,25.45000000,24.64000000,25.44000000,403069.47000000,1753070399999,2025-07-21 03:59:59,10103225.03080000,46294,220394.82000000,5527459.93030000
1753070400000,2025-07-21 04:00:00,25.43000000,25.87000000,25.28000000,25.83000000,466205.36000000,1753084799999,2025-07-21 07:59:59,11959710.76580000,34375,260483.02000000,6683898.50700000
1753084800000,2025-07-21 08:00:00,25.83000000,26.53000000,25.57000000,26.04000000,885218.68000000,1753099199999,2025-07-21 11:59:59,23033807.38550000,49758,440151.62000000,11450680.31510000
1753099200000,2025-07-21 12:00:00,26.05000000,26.36000000,25.64000000,25.89000000,759349.02000000,1753113599999,2025-07-21 15:59:59,19765061.70490000,71683,350005.02000000,9113426.21370000
1753113600000,2025-07-21 16:00:00,25.89000000,25.92000000,25.07000000,25.18000000,773924.90000000,1753127999999,2025-07-21 19:59:59,19747523.16290000,83086,316188.43000000,8070897.77020000
1753128000000,2025-07-21 20:00:00,25.18000000,25.59000000,25.10000000,25.43000000,435012.45000000,1753142399999,2025-07-21 23:59:59,11028525.49650000,47140,169231.56000000,4289953.88100000
1753142400000,2025-07-22 00:00:00,25.43000000,26.02000000,24.83000000,25.89000000,1007145.56000000,1753156799999,2025-07-22 03:59:59,25819603.72830000,89347,470222.84000000,12067200.14770000
1753156800000,2025-07-22 04:00:00,25.88000000,26.09000000,25.10000000,25.65000000,1148670.92000000,1753171199999,2025-07-22 07:59:59,29440732.21550000,105512,556612.07000000,14268698.11690000
1753171200000,2025-07-22 08:00:00,25.65000000,25.65000000,24.77000000,25.50000000,863066.23000000,1753185599999,2025-07-22 11:59:59,21793443.79010000,79169,416306.54000000,10514687.48860000
1753185600000,2025-07-22 12:00:00,25.50000000,25.67000000,24.77000000,24.97000000,1100120.00000000,1753199999999,2025-07-22 15:59:59,27713352.28940000,98216,581347.41000000,14645256.77990000
1753200000000,2025-07-22 16:00:00,24.98000000,25.38000000,24.71000000,24.87000000,802082.45000000,1753214399999,2025-07-22 19:59:59,20054996.34010000,77720,392592.43000000,9816195.57380000
1753214400000,2025-07-22 20:00:00,24.86000000,25.89000000,24.82000000,25.88000000,482222.72000000,1753228799999,2025-07-22 23:59:59,12248981.01990000,32335,251331.94000000,6381850.38000000
1753228800000,2025-07-23 00:00:00,25.88000000,26.10000000,25.48000000,25.52000000,539259.42000000,1753243199999,2025-07-23 03:59:59,13866239.11550000,40545,264326.24000000,6798078.66190000
1753243200000,2025-07-23 04:00:00,25.53000000,25.82000000,25.22000000,25.35000000,348462.75000000,1753257599999,2025-07-23 07:59:59,8893409.65300000,31692,170418.78000000,4350298.32780000
1753257600000,2025-07-23 08:00:00,25.35000000,25.57000000,24.83000000,25.02000000,394755.93000000,1753271999999,2025-07-23 11:59:59,9909251.55660000,38458,185708.75000000,4659719.97830000
1753272000000,2025-07-23 12:00:00,25.01000000,25.08000000,23.58000000,24.36000000,1555464.31000000,1753286399999,2025-07-23 15:59:59,37627486.81120000,115764,789173.14000000,19090140.46560000
1753286400000,2025-07-23 16:00:00,24.36000000,24.36000000,23.39000000,23.85000000,696136.12000000,1753300799999,2025-07-23 19:59:59,16572205.84870000,75901,335906.48000000,8001841.60530000
1753300800000,2025-07-23 20:00:00,23.86000000,24.12000000,23.15000000,23.95000000,604000.30000000,1753315199999,2025-07-23 23:59:59,14283096.06230000,63607,291343.62000000,6889562.43720000
1753315200000,2025-07-24 00:00:00,23.96000000,24.20000000,23.81000000,23.95000000,214348.80000000,1753329599999,2025-07-24 03:59:59,5150786.46900000,27845,113833.48000000,2736201.93380000
1753329600000,2025-07-24 04:00:00,23.95000000,24.03000000,22.53000000,23.27000000,817689.30000000,1753343999999,2025-07-24 07:59:59,18949204.34010000,78720,385657.16000000,8939083.34130000
1753344000000,2025-07-24 08:00:00,23.26000000,23.90000000,23.14000000,23.82000000,480504.80000000,1753358399999,2025-07-24 11:59:59,11300547.58600000,48121,231839.33000000,5453665.06580000
1753358400000,2025-07-24 12:00:00,23.82000000,24.44000000,23.47000000,24.19000000,676406.24000000,1753372799999,2025-07-24 15:59:59,16200901.50830000,68393,319293.47000000,7653317.80880000
1753372800000,2025-07-24 16:00:00,24.19000000,24.31000000,23.70000000,24.00000000,447155.56000000,1753387199999,2025-07-24 19:59:59,10766851.80500000,46577,201106.68000000,4841062.82290000
1753387200000,2025-07-24 20:00:00,24.00000000,24.23000000,23.60000000,23.67000000,318468.18000000,1753401599999,2025-07-24 23:59:59,7614811.66270000,31904,165407.94000000,3955076.36750000
1753401600000,2025-07-25 00:00:00,23.67000000,23.70000000,22.89000000,23.11000000,511707.18000000,1753415999999,2025-07-25 03:59:59,11944204.33810000,57380,228407.69000000,5336735.50090000
1753416000000,2025-07-25 04:00:00,23.10000000,23.39000000,22.86000000,23.10000000,365953.76000000,1753430399999,2025-07-25 07:59:59,8457002.37000000,45118,164772.06000000,3809915.02190000
1753430400000,2025-07-25 08:00:00,23.10000000,23.91000000,23.07000000,23.70000000,415145.50000000,1753444799999,2025-07-25 11:59:59,9776798.75550000,46854,209360.78000000,4930397.45510000
1753444800000,2025-07-25 12:00:00,23.71000000,23.88000000,22.96000000,23.21000000,561940.52000000,1753459199999,2025-07-25 15:59:59,13160701.51490000,62584,251574.92000000,5887674.37920000
1753459200000,2025-07-25 16:00:00,23.20000000,23.55000000,23.08000000,23.42000000,241556.74000000,1753473599999,2025-07-25 19:59:59,5637839.82350000,35061,111291.67000000,2597656.50060000
1753473600000,2025-07-25 20:00:00,23.41000000,24.04000000,23.40000000,24.01000000,332883.73000000,1753487999999,2025-07-25 23:59:59,7938494.51750000,24767,171114.82000000,4080202.45980000
1753488000000,2025-07-26 00:00:00,24.01000000,24.15000000,23.84000000,24.06000000,186879.48000000,1753502399999,2025-07-26 03:59:59,4486926.13010000,16543,95011.22000000,2281494.92580000
1753502400000,2025-07-26 04:00:00,24.06000000,24.19000000,24.03000000,24.09000000,147921.21000000,1753516799999,2025-07-26 07:59:59,3567080.55480000,13282,78319.70000000,1889394.31950000
1753516800000,2025-07-26 08:00:00,24.09000000,24.42000000,24.08000000,24.32000000,210872.69000000,1753531199999,2025-07-26 11:59:59,5117631.71690000,18297,120365.74000000,2921600.77670000
1753531200000,2025-07-26 12:00:00,24.32000000,24.94000000,24.20000000,24.83000000,634227.33000000,1753545599999,2025-07-26 15:59:59,15624308.46550000,45276,347777.30000000,8567115.27670000
1753545600000,2025-07-26 16:00:00,24.83000000,25.77000000,24.52000000,25.43000000,813245.07000000,1753559999999,2025-07-26 19:59:59,20500455.31920000,71823,385758.68000000,9717070.71730000
1753560000000,2025-07-26 20:00:00,25.44000000,25.48000000,24.88000000,24.94000000,329808.86000000,1753574399999,2025-07-26 23:59:59,8288596.01010000,26144,133542.97000000,3355250.05700000
1753574400000,2025-07-27 00:00:00,24.94000000,25.10000000,24.85000000,24.94000000,198134.67000000,1753588799999,2025-07-27 03:59:59,4946791.23320000,19389,94780.05000000,2367613.18610000
1753588800000,2025-07-27 04:00:00,24.93000000,25.26000000,24.92000000,25.01000000,222404.26000000,1753603199999,2025-07-27 07:59:59,5579555.70110000,21367,115850.38000000,2907604.46970000
1753603200000,2025-07-27 08:00:00,25.02000000,25.15000000,24.74000000,24.93000000,266663.45000000,1753617599999,2025-07-27 11:59:59,6652323.66630000,24308,138761.47000000,3464651.95080000
1753617600000,2025-07-27 12:00:00,24.93000000,25.12000000,24.82000000,25.03000000,197765.02000000,1753631999999,2025-07-27 15:59:59,4942915.49300000,25084,105326.58000000,2633376.15160000
1753632000000,2025-07-27 16:00:00,25.03000000,25.55000000,25.03000000,25.42000000,589244.27000000,1753646399999,2025-07-27 19:59:59,14934545.37440000,47138,326143.23000000,8261604.23640000
1753646400000,2025-07-27 20:00:00,25.43000000,26.46000000,25.39000000,26.06000000,719119.73000000,1753660799999,2025-07-27 23:59:59,18608541.45430000,57336,370734.12000000,9581774.80740000
1753660800000,2025-07-28 00:00:00,26.06000000,26.32000000,25.76000000,26.13000000,553741.87000000,1753675199999,2025-07-28 03:59:59,14452344.88720000,48414,272256.60000000,7108508.12750000
1753675200000,2025-07-28 04:00:00,26.14000000,26.78000000,26.12000000,26.54000000,757476.15000000,1753689599999,2025-07-28 07:59:59,20064139.93960000,63439,364020.78000000,9649614.64090000
1753689600000,2025-07-28 08:00:00,26.54000000,27.34000000,26.48000000,27.28000000,1045776.46000000,1753703999999,2025-07-28 11:59:59,28143939.91700000,85673,512141.70000000,13785355.77750000
1753704000000,2025-07-28 12:00:00,27.28000000,27.38000000,25.90000000,26.05000000,1462610.45000000,1753718399999,2025-07-28 15:59:59,39083144.98420000,133388,627020.59000000,16774190.04060000
1753718400000,2025-07-28 16:00:00,26.05000000,26.19000000,25.36000000,25.53000000,688434.20000000,1753732799999,2025-07-28 19:59:59,17755737.88520000,71471,303722.34000000,7832661.78630000
1753732800000,2025-07-28 20:00:00,25.53000000,25.57000000,24.99000000,25.21000000,495268.68000000,1753747199999,2025-07-28 23:59:59,12511774.50690000,66482,234753.93000000,5934734.80080000
1753747200000,2025-07-29 00:00:00,25.21000000,25.42000000,24.43000000,25.03000000,729014.02000000,1753761599999,2025-07-29 03:59:59,18113951.13160000,61572,330722.03000000,8225947.35780000
1753761600000,2025-07-29 04:00:00,25.04000000,25.50000000,24.84000000,25.46000000,522341.89000000,1753775999999,2025-07-29 07:59:59,13150298.31380000,38801,242410.42000000,6104470.06090000
1753776000000,2025-07-29 08:00:00,25.46000000,25.51000000,24.52000000,24.72000000,464438.48000000,1753790399999,2025-07-29 11:59:59,11599400.75770000,40331,198426.91000000,4952584.23400000
1753790400000,2025-07-29 12:00:00,24.73000000,25.19000000,24.19000000,24.31000000,1029566.48000000,1753804799999,2025-07-29 15:59:59,25420156.09590000,82366,492452.82000000,12167714.42510000
1753804800000,2025-07-29 16:00:00,24.31000000,24.56000000,24.02000000,24.08000000,545426.19000000,1753819199999,2025-07-29 19:59:59,13228791.18540000,47592,256285.74000000,6219030.41360000
1753819200000,2025-07-29 20:00:00,24.08000000,24.46000000,23.88000000,24.37000000,363354.80000000,1753833599999,2025-07-29 23:59:59,8785170.58180000,33614,183770.57000000,4441410.53590000
1753833600000,2025-07-30 00:00:00,24.38000000,24.51000000,24.01000000,24.29000000,235911.48000000,1753847999999,2025-07-30 03:59:59,5722606.74780000,29018,109645.73000000,2659370.33190000
1753848000000,2025-07-30 04:00:00,24.28000000,24.37000000,23.93000000,24.00000000,247716.90000000,1753862399999,2025-07-30 07:59:59,5973923.92910000,29644,109008.19000000,2629470.76750000
1753862400000,2025-07-30 08:00:00,24.00000000,24.18000000,23.34000000,23.43000000,566142.31000000,1753876799999,2025-07-30 11:59:59,13459218.32420000,44879,226777.10000000,5386266.26150000
1753876800000,2025-07-30 12:00:00,23.43000000,23.65000000,23.10000000,23.23000000,1197187.13000000,1753891199999,2025-07-30 15:59:59,27904573.70670000,84373,500050.34000000,11655214.73610000
1753891200000,2025-07-30 16:00:00,23.23000000,23.67000000,22.40000000,23.23000000,952440.02000000,1753905599999,2025-07-30 19:59:59,21913538.54180000,81014,464475.65000000,10693980.37110000
1753905600000,2025-07-30 20:00:00,23.23000000,23.46000000,23.00000000,23.31000000,248749.68000000,1753919999999,2025-07-30 23:59:59,5782472.53830000,25669,121977.71000000,2836114.60850000
1753920000000,2025-07-31 00:00:00,23.30000000,23.73000000,23.22000000,23.69000000,232199.35000000,1753934399999,2025-07-31 03:59:59,5445859.99380000,18252,113681.01000000,2667430.13390000
1753934400000,2025-07-31 04:00:00,23.69000000,24.08000000,23.64000000,23.88000000,300337.93000000,1753948799999,2025-07-31 07:59:59,7178614.48220000,20373,161069.57000000,3850859.06420000
1753948800000,2025-07-31 08:00:00,23.89000000,24.12000000,23.58000000,23.67000000,215169.51000000,1753963199999,2025-07-31 11:59:59,5146572.79730000,15571,110362.58000000,2641632.27520000
1753963200000,2025-07-31 12:00:00,23.67000000,23.70000000,22.79000000,23.11000000,797058.38000000,1753977599999,2025-07-31 15:59:59,18427591.60080000,61529,311350.54000000,7200523.55460000
1753977600000,2025-07-31 16:00:00,23.10000000,23.53000000,22.77000000,22.83000000,410753.92000000,1753991999999,2025-07-31 19:59:59,9485650.79340000,40036,185020.03000000,4275083.17510000
1753992000000,2025-07-31 20:00:00,22.82000000,22.99000000,22.40000000,22.47000000,800776.00000000,1754006399999,2025-07-31 23:59:59,18114024.63680000,50595,309638.61000000,7024461.45050000
1754006400000,2025-08-01 00:00:00,22.47000000,22.58000000,21.80000000,22.43000000,725295.31000000,1754020799999,2025-08-01 03:59:59,16117940.78420000,65594,384653.90000000,8550139.63180000
1754020800000,2025-08-01 04:00:00,22.42000000,22.42000000,21.75000000,22.16000000,517695.06000000,1754035199999,2025-08-01 07:59:59,11396570.55670000,43159,175755.98000000,3870718.63330000
1754035200000,2025-08-01 08:00:00,22.15000000,22.16000000,21.63000000,22.13000000,434167.11000000,1754049599999,2025-08-01 11:59:59,9524899.27670000,40916,242889.19000000,5333217.60730000
1754049600000,2025-08-01 12:00:00,22.13000000,22.39000000,21.58000000,22.09000000,842494.88000000,1754063999999,2025-08-01 15:59:59,18598745.86680000,68481,449840.30000000,9936266.69920000
1754064000000,2025-08-01 16:00:00,22.08000000,22.24000000,21.49000000,21.90000000,785152.32000000,1754078399999,2025-08-01 19:59:59,17138937.70280000,73180,346294.82000000,7560955.35540000
1754078400000,2025-08-01 20:00:00,21.90000000,21.99000000,21.02000000,21.51000000,643851.37000000,1754092799999,2025-08-01 23:59:59,13822773.14420000,65228,356721.39000000,7657158.57900000
1754092800000,2025-08-02 00:00:00,21.52000000,21.78000000,21.47000000,21.70000000,150152.42000000,1754107199999,2025-08-02 03:59:59,3251547.04720000,13067,71630.92000000,1551676.17090000
1754107200000,2025-08-02 04:00:00,21.71000000,21.82000000,21.18000000,21.66000000,225682.24000000,1754121599999,2025-08-02 07:59:59,4843674.40350000,19805,104003.10000000,2237016.59210000
1754121600000,2025-08-02 08:00:00,21.67000000,21.73000000,21.25000000,21.49000000,168430.81000000,1754135999999,2025-08-02 11:59:59,3612431.74370000,23881,71134.74000000,1526483.23790000
1754136000000,2025-08-02 12:00:00,21.50000000,21.66000000,21.14000000,21.22000000,198609.89000000,1754150399999,2025-08-02 15:59:59,4246034.90110000,27469,91040.20000000,1946766.39330000
1754150400000,2025-08-02 16:00:00,21.23000000,21.32000000,20.66000000,20.88000000,482790.72000000,1754164799999,2025-08-02 19:59:59,10117607.81620000,53349,225148.81000000,4717119.49520000
1754164800000,2025-08-02 20:00:00,20.87000000,21.14000000,20.70000000,20.86000000,217712.42000000,1754179199999,2025-08-02 23:59:59,4554576.38190000,24653,106303.90000000,2225768.20420000
1754179200000,2025-08-03 00:00:00,20.87000000,21.21000000,20.57000000,21.14000000,193391.92000000,1754193599999,2025-08-03 03:59:59,4052258.48800000,22542,94035.04000000,1972814.85500000
1754193600000,2025-08-03 04:00:00,21.13000000,21.25000000,21.07000000,21.17000000,104247.63000000,1754207999999,2025-08-03 07:59:59,2205217.46690000,10678,55031.72000000,1164507.50280000
1754208000000,2025-08-03 08:00:00,21.18000000,21.49000000,21.15000000,21.37000000,240382.74000000,1754222399999,2025-08-03 11:59:59,5128624.71390000,16151,144697.66000000,3086496.50920000
1754222400000,2025-08-03 12:00:00,21.38000000,21.49000000,21.24000000,21.42000000,202098.25000000,1754236799999,2025-08-03 15:59:59,4313770.42020000,19388,98283.86000000,2098480.13440000
1754236800000,2025-08-03 16:00:00,21.42000000,21.54000000,21.31000000,21.41000000,194865.94000000,1754251199999,2025-08-03 19:59:59,4175626.07160000,14774,96646.73000000,2070867.68840000
1754251200000,2025-08-03 20:00:00,21.40000000,21.53000000,21.27000000,21.37000000,130680.89000000,1754265599999,2025-08-03 23:59:59,2794885.87490000,12205,76645.97000000,1639739.95760000
1754265600000,2025-08-04 00:00:00,21.38000000,21.93000000,21.34000000,21.77000000,559586.15000000,1754279999999,2025-08-04 03:59:59,12181882.31100000,41506,350426.28000000,7627874.38540000
1754280000000,2025-08-04 04:00:00,21.77000000,22.00000000,21.72000000,21.93000000,339541.10000000,1754294399999,2025-08-04 07:59:59,7429184.71570000,23975,207428.10000000,4539951.63410000
1754294400000,2025-08-04 08:00:00,21.94000000,22.04000000,21.72000000,21.84000000,248812.79000000,1754308799999,2025-08-04 11:59:59,5453234.54520000,19708,127884.71000000,2804180.31830000
1754308800000,2025-08-04 12:00:00,21.84000000,22.61000000,21.77000000,22.36000000,749197.17000000,1754323199999,2025-08-04 15:59:59,16684401.30320000,57563,467972.63000000,10422282.37580000
1754323200000,2025-08-04 16:00:00,22.36000000,22.85000000,22.26000000,22.30000000,346789.85000000,1754337599999,2025-08-04 19:59:59,7829788.48830000,30051,164840.11000000,3720671.88300000
1754337600000,2025-08-04 20:00:00,22.31000000,23.13000000,22.27000000,23.11000000,584252.39000000,1754351999999,2025-08-04 23:59:59,13369036.61600000,41410,384935.84000000,8810001.82890000
1754352000000,2025-08-05 00:00:00,23.12000000,23.14000000,22.66000000,22.73000000,348315.35000000,1754366399999,2025-08-05 03:59:59,7970157.40920000,23930,223504.92000000,5111707.87500000
1754366400000,2025-08-05 04:00:00,22.73000000,22.85000000,22.15000000,22.23000000,296105.38000000,1754380799999,2025-08-05 07:59:59,6676495.52330000,21106,166915.28000000,3765575.44340000
1754380800000,2025-08-05 08:00:00,22.22000000,22.83000000,22.18000000,22.66000000,232650.61000000,1754395199999,2025-08-05 11:59:59,5251546.59070000,22064,114682.18000000,2588420.95560000
1754395200000,2025-08-05 12:00:00,22.65000000,22.70000000,21.63000000,21.73000000,571444.08000000,1754409599999,2025-08-05 15:59:59,12670930.87100000,56202,292736.16000000,6502075.13550000
1754409600000,2025-08-05 16:00:00,21.72000000,21.94000000,21.63000000,21.69000000,160574.60000000,1754423999999,2025-08-05 19:59:59,3499442.85600000,23536,77091.71000000,1681113.26660000
1754424000000,2025-08-05 20:00:00,21.69000000,21.95000000,21.44000000,21.92000000,244978.48000000,1754438399999,2025-08-05 23:59:59,5326489.16580000,17780,154410.42000000,3360610.76260000
1754438400000,2025-08-06 00:00:00,21.92000000,21.96000000,21.59000000,21.66000000,319575.20000000,1754452799999,2025-08-06 03:59:59,6960100.89420000,23119,173797.98000000,3790236.31480000
1754452800000,2025-08-06 04:00:00,21.67000000,22.31000000,21.57000000,22.24000000,283242.26000000,1754467199999,2025-08-06 07:59:59,6253661.88660000,21544,135338.71000000,2989117.75730000
1754467200000,2025-08-06 08:00:00,22.24000000,22.29000000,21.91000000,21.94000000,190219.25000000,1754481599999,2025-08-06 11:59:59,4193918.52320000,15323,82937.22000000,1829485.64270000
1754481600000,2025-08-06 12:00:00,21.95000000,22.38000000,21.77000000,22.34000000,348194.48000000,1754495999999,2025-08-06 15:59:59,7678859.00000000,34107,190607.35000000,4206768.39880000
1754496000000,2025-08-06 16:00:00,22.34000000,22.40000000,22.01000000,22.26000000,358049.06000000,1754510399999,2025-08-06 19:59:59,7946710.46750000,23438,168388.50000000,3742128.07660000
1754510400000,2025-08-06 20:00:00,22.26000000,22.31000000,22.10000000,22.23000000,110317.13000000,1754524799999,2025-08-06 23:59:59,2450959.53710000,10665,52076.48000000,1157415.31110000
1754524800000,2025-08-07 00:00:00,22.24000000,22.35000000,21.98000000,22.01000000,106224.75000000,1754539199999,2025-08-07 03:59:59,2354069.91420000,11786,47381.52000000,1051429.30780000
1754539200000,2025-08-07 04:00:00,22.00000000,22.32000000,21.95000000,22.21000000,418436.89000000,1754553599999,2025-08-07 07:59:59,9290940.00320000,17484,201642.60000000,4477732.74550000
1754553600000,2025-08-07 08:00:00,22.21000000,22.90000000,22.20000000,22.78000000,647560.70000000,1754567999999,2025-08-07 11:59:59,14657260.99890000,33764,360261.06000000,8142033.32470000
1754568000000,2025-08-07 12:00:00,22.78000000,22.82000000,22.50000000,22.65000000,345608.07000000,1754582399999,2025-08-07 15:59:59,7844092.08810000,24406,172636.20000000,3920535.19130000
1754582400000,2025-08-07 16:00:00,22.66000000,22.89000000,22.19000000,22.87000000,309564.62000000,1754596799999,2025-08-07 19:59:59,6975346.23770000,26212,154045.44000000,3472066.45650000
1754596800000,2025-08-07 20:00:00,22.87000000,23.36000000,22.84000000,23.36000000,779129.76000000,1754611199999,2025-08-07 23:59:59,17964536.82920000,35941,471123.83000000,10854183.71720000
1754611200000,2025-08-08 00:00:00,23.35000000,23.70000000,23.00000000,23.28000000,859495.74000000,1754625599999,2025-08-08 03:59:59,20001727.84300000,94861,412138.55000000,9590567.91160000
1754625600000,2025-08-08 04:00:00,23.28000000,23.57000000,23.03000000,23.49000000,302694.74000000,1754639999999,2025-08-08 07:59:59,7048961.70960000,24421,146602.81000000,3418359.58330000
1754640000000,2025-08-08 08:00:00,23.49000000,23.61000000,23.31000000,23.51000000,375152.44000000,1754654399999,2025-08-08 11:59:59,8808675.76120000,25675,205443.35000000,4825049.56520000
1754654400000,2025-08-08 12:00:00,23.51000000,23.80000000,23.04000000,23.19000000,787837.11000000,1754668799999,2025-08-08 15:59:59,18427347.65290000,51984,405007.42000000,9473239.43210000
1754668800000,2025-08-08 16:00:00,23.18000000,23.85000000,23.16000000,23.80000000,421588.68000000,1754683199999,2025-08-08 19:59:59,9943451.26990000,36511,239799.11000000,5654728.18610000
1754683200000,2025-08-08 20:00:00,23.80000000,23.87000000,23.67000000,23.79000000,201781.52000000,1754697599999,2025-08-08 23:59:59,4797747.79760000,16233,107526.70000000,2557342.01880000
1754697600000,2025-08-09 00:00:00,23.80000000,24.19000000,23.73000000,24.00000000,260176.51000000,1754711999999,2025-08-09 03:59:59,6247291.28800000,20032,146239.96000000,3512134.92730000
1754712000000,2025-08-09 04:00:00,24.00000000,24.68000000,23.93000000,24.42000000,664804.70000000,1754726399999,2025-08-09 07:59:59,16213427.62690000,40067,308967.10000000,7532737.25900000
1754726400000,2025-08-09 08:00:00,24.41000000,24.76000000,24.36000000,24.59000000,363157.60000000,1754740799999,2025-08-09 11:59:59,8930188.16970000,24730,189829.99000000,4668467.19590000
1754740800000,2025-08-09 12:00:00,24.59000000,24.80000000,24.02000000,24.16000000,1103866.11000000,1754755199999,2025-08-09 15:59:59,26842034.19080000,57008,282528.16000000,6880681.66390000
1754755200000,2025-08-09 16:00:00,24.16000000,24.58000000,24.16000000,24.48000000,269056.21000000,1754769599999,2025-08-09 19:59:59,6551386.98700000,25802,138176.71000000,3366123.50970000
1754769600000,2025-08-09 20:00:00,24.48000000,24.82000000,24.14000000,24.23000000,1045450.24000000,1754783999999,2025-08-09 23:59:59,25532005.70720000,67129,341879.09000000,8367202.85890000
1754784000000,2025-08-10 00:00:00,24.24000000,24.49000000,24.05000000,24.40000000,387555.30000000,1754798399999,2025-08-10 03:59:59,9414439.98730000,36733,173460.58000000,4213516.11350000
1754798400000,2025-08-10 04:00:00,24.40000000,24.55000000,23.45000000,23.48000000,556047.27000000,1754812799999,2025-08-10 07:59:59,13292823.43160000,42158,217090.86000000,5202749.33580000
1754812800000,2025-08-10 08:00:00,23.48000000,23.72000000,23.26000000,23.53000000,364106.20000000,1754827199999,2025-08-10 11:59:59,8562770.03300000,32770,176491.67000000,4151909.21180000
1754827200000,2025-08-10 12:00:00,23.53000000,24.05000000,23.45000000,23.96000000,266396.85000000,1754841599999,2025-08-10 15:59:59,6325963.62670000,31622,145641.12000000,3462483.64230000
1754841600000,2025-08-10 16:00:00,23.95000000,24.03000000,23.74000000,23.90000000,167004.18000000,1754855999999,2025-08-10 19:59:59,3987237.96670000,18692,84895.62000000,2027224.55680000
1754856000000,2025-08-10 20:00:00,23.91000000,23.92000000,23.54000000,23.83000000,300968.14000000,1754870399999,2025-08-10 23:59:59,7142467.84310000,24485,134222.55000000,3185804.30670000
1754870400000,2025-08-11 00:00:00,23.84000000,24.47000000,23.67000000,24.41000000,413053.14000000,1754884799999,2025-08-11 03:59:59,9982053.03390000,39596,237117.11000000,5733985.90900000
1754884800000,2025-08-11 04:00:00,24.41000000,24.63000000,24.04000000,24.11000000,585963.86000000,1754899199999,2025-08-11 07:59:59,14346127.59320000,40079,303635.79000000,7436416.62860000
1754899200000,2025-08-11 08:00:00,24.11000000,24.37000000,23.29000000,23.39000000,493964.06000000,1754913599999,2025-08-11 11:59:59,11776072.35620000,50746,218662.61000000,5218824.58910000
1754913600000,2025-08-11 12:00:00,23.38000000,23.75000000,23.08000000,23.75000000,643628.46000000,1754927999999,2025-08-11 15:59:59,15062488.29360000,68263,342038.02000000,8008612.12020000
1754928000000,2025-08-11 16:00:00,23.74000000,24.05000000,23.11000000,23.25000000,444327.68000000,1754942399999,2025-08-11 19:59:59,10487255.09310000,48070,198659.87000000,4690862.03440000
1754942400000,2025-08-11 20:00:00,23.24000000,23.27000000,22.65000000,22.79000000,336813.14000000,1754956799999,2025-08-11 23:59:59,7724121.17160000,34144,136776.26000000,3135207.52940000
1754956800000,2025-08-12 00:00:00,22.79000000,23.27000000,22.74000000,23.00000000,206751.57000000,1754971199999,2025-08-12 03:59:59,4756860.78420000,20083,111662.68000000,2569219.24990000
1754971200000,2025-08-12 04:00:00,23.00000000,23.21000000,22.81000000,23.13000000,209871.99000000,1754985599999,2025-08-12 07:59:59,4834760.33670000,18166,109807.64000000,2530839.68210000
1754985600000,2025-08-12 08:00:00,23.13000000,23.23000000,22.76000000,22.97000000,278508.53000000,1754999999999,2025-08-12 11:59:59,6402625.76790000,22934,128915.47000000,2966074.07430000
1755000000000,2025-08-12 12:00:00,22.98000000,24.24000000,22.88000000,24.20000000,1193054.65000000,1755014399999,2025-08-12 15:59:59,28190762.53390000,88381,625870.89000000,14792183.94010000
1755014400000,2025-08-12 16:00:00,24.20000000,24.61000000,24.14000000,24.60000000,753871.29000000,1755028799999,2025-08-12 19:59:59,18377960.36850000,56012,410384.78000000,10008415.44280000
1755028800000,2025-08-12 20:00:00,24.60000000,24.90000000,24.54000000,24.67000000,592659.99000000,1755043199999,2025-08-12 23:59:59,14651123.12620000,54192,296259.44000000,7327327.74880000
1755043200000,2025-08-13 00:00:00,24.67000000,25.04000000,24.37000000,24.98000000,491932.56000000,1755057599999,2025-08-13 03:59:59,12189634.15070000,40283,289241.08000000,7175807.52020000
1755057600000,2025-08-13 04:00:00,24.97000000,25.14000000,24.42000000,24.75000000,346868.82000000,1755071999999,2025-08-13 07:59:59,8587136.96560000,36792,179695.24000000,4452674.37630000
1755072000000,2025-08-13 08:00:00,24.75000000,25.44000000,24.74000000,25.04000000,682993.50000000,1755086399999,2025-08-13 11:59:59,17186806.73060000,42916,394015.54000000,9915114.98080000
1755086400000,2025-08-13 12:00:00,25.04000000,25.42000000,24.75000000,24.99000000,778365.47000000,1755100799999,2025-08-13 15:59:59,19509233.90800000,76379,396188.95000000,9935846.36760000
1755100800000,2025-08-13 16:00:00,25.00000000,25.38000000,24.96000000,25.36000000,469364.73000000,1755115199999,2025-08-13 19:59:59,11796839.08780000,44228,228927.71000000,5759708.77740000
1755115200000,2025-08-13 20:00:00,25.36000000,25.68000000,25.22000000,25.47000000,485720.83000000,1755129599999,2025-08-13 23:59:59,12370178.51690000,43235,275678.27000000,7020198.62820000
1755129600000,2025-08-14 00:00:00,25.47000000,25.99000000,25.24000000,25.92000000,431915.98000000,1755143999999,2025-08-14 03:59:59,11063719.64360000,44666,247341.90000000,6340853.98750000
1755144000000,2025-08-14 04:00:00,25.93000000,25.96000000,25.09000000,25.29000000,579144.66000000,1755158399999,2025-08-14 07:59:59,14761577.14350000,47194,285244.15000000,7280081.95920000
1755158400000,2025-08-14 08:00:00,25.29000000,25.31000000,24.74000000,25.03000000,489712.99000000,1755172799999,2025-08-14 11:59:59,12259612.84180000,46080,210946.70000000,5282270.45280000
1755172800000,2025-08-14 12:00:00,25.03000000,25.12000000,23.28000000,23.88000000,2940728.03000000,1755187199999,2025-08-14 15:59:59,70619631.09230000,193732,1549680.19000000,37183429.35530000
1755187200000,2025-08-14 16:00:00,23.88000000,23.92000000,23.37000000,23.61000000,698280.61000000,1755201599999,2025-08-14 19:59:59,16530500.36660000,53971,376141.01000000,8908662.53460000
1755201600000,2025-08-14 20:00:00,23.60000000,23.73000000,23.18000000,23.67000000,634117.28000000,1755215999999,2025-08-14 23:59:59,14874818.71740000,44157,419811.84000000,9853211.63860000
1755216000000,2025-08-15 00:00:00,23.66000000,24.90000000,23.63000000,24.88000000,1105087.66000000,1755230399999,2025-08-15 03:59:59,26787206.19520000,65782,742073.21000000,17990972.75230000
1755230400000,2025-08-15 04:00:00,24.87000000,25.66000000,24.62000000,25.43000000,1168893.57000000,1755244799999,2025-08-15 07:59:59,29348801.97060000,91234,642417.80000000,16127493.18910000
1755244800000,2025-08-15 08:00:00,25.43000000,25.47000000,24.57000000,24.57000000,466391.15000000,1755259199999,2025-08-15 11:59:59,11633221.62260000,41752,206646.97000000,5156548.90070000
1755259200000,2025-08-15 12:00:00,24.58000000,24.76000000,23.58000000,23.71000000,1498286.13000000,1755273599999,2025-08-15 15:59:59,36030183.68560000,104916,728322.85000000,17509832.50880000
1755273600000,2025-08-15 16:00:00,23.70000000,24.24000000,23.46000000,23.54000000,992016.00000000,1755287999999,2025-08-15 19:59:59,23586446.48610000,66915,493477.92000000,11735557.74240000
1755288000000,2025-08-15 20:00:00,23.54000000,24.15000000,23.46000000,23.77000000,363040.19000000,1755302399999,2025-08-15 23:59:59,8619262.71190000,37555,187147.59000000,4444073.33570000
1755302400000,2025-08-16 00:00:00,23.76000000,24.15000000,23.70000000,23.89000000,260682.74000000,1755316799999,2025-08-16 03:59:59,6238417.37200000,30633,123258.52000000,2948957.57920000
1755316800000,2025-08-16 04:00:00,23.89000000,24.00000000,23.63000000,24.00000000,218223.56000000,1755331199999,2025-08-16 07:59:59,5197174.26490000,20076,103147.17000000,2458011.68910000
1755331200000,2025-08-16 08:00:00,23.99000000,24.09000000,23.57000000,23.61000000,381968.58000000,1755345599999,2025-08-16 11:59:59,9095812.98350000,31308,159882.66000000,3807272.75020000
1755345600000,2025-08-16 12:00:00,23.61000000,24.27000000,23.57000000,24.21000000,368526.81000000,1755359999999,2025-08-16 15:59:59,8808042.06130000,31672,195561.44000000,4677195.18320000
1755360000000,2025-08-16 16:00:00,24.21000000,24.29000000,23.90000000,24.16000000,239529.07000000,1755374399999,2025-08-16 19:59:59,5772426.67130000,23019,114719.03000000,2766272.24670000
1755374400000,2025-08-16 20:00:00,24.16000000,24.37000000,24.13000000,24.30000000,141652.56000000,1755388799999,2025-08-16 23:59:59,3434449.58970000,13896,72537.72000000,1759192.76070000
1755388800000,2025-08-17 00:00:00,24.30000000,24.47000000,24.02000000,24.43000000,135157.17000000,1755403199999,2025-08-17 03:59:59,3274089.09780000,14551,72263.40000000,1752091.57150000
1755403200000,2025-08-17 04:00:00,24.43000000,24.76000000,24.41000000,24.56000000,255417.66000000,1755417599999,2025-08-17 07:59:59,6273012.87760000,22271,144508.51000000,3549587.04920000
1755417600000,2025-08-17 08:00:00,24.56000000,24.94000000,24.49000000,24.83000000,397985.20000000,1755431999999,2025-08-17 11:59:59,9846373.02440000,25967,206148.02000000,5101134.46680000
1755432000000,2025-08-17 12:00:00,24.84000000,25.45000000,24.58000000,25.42000000,552272.20000000,1755446399999,2025-08-17 15:59:59,13823066.76350000,33617,299206.18000000,7495647.91460000
1755446400000,2025-08-17 16:00:00,25.43000000,25.68000000,24.92000000,25.07000000,1092397.50000000,1755460799999,2025-08-17 19:59:59,27634689.42230000,77160,536640.34000000,13585316.48040000
1755460800000,2025-08-17 20:00:00,25.07000000,25.30000000,25.00000000,25.06000000,280544.66000000,1755475199999,2025-08-17 23:59:59,7048884.07680000,27657,150446.59000000,3781414.08910000
1755475200000,2025-08-18 00:00:00,25.07000000,25.33000000,23.71000000,23.96000000,1103164.83000000,1755489599999,2025-08-18 03:59:59,26970690.00010000,87739,501672.41000000,12267276.79580000
1755489600000,2025-08-18 04:00:00,23.95000000,24.15000000,23.43000000,23.53000000,635705.18000000,1755503999999,2025-08-18 07:59:59,15106945.95920000,53312,337593.31000000,8036826.36140000
1755504000000,2025-08-18 08:00:00,23.53000000,23.90000000,23.36000000,23.68000000,529070.02000000,1755518399999,2025-08-18 11:59:59,12498283.78990000,39917,277211.11000000,6546779.09180000
1755518400000,2025-08-18 12:00:00,23.68000000,24.18000000,23.38000000,23.77000000,749744.85000000,1755532799999,2025-08-18 15:59:59,17778425.52360000,60248,340277.14000000,8074351.16900000
1755532800000,2025-08-18 16:00:00,23.78000000,24.01000000,23.42000000,23.83000000,469220.21000000,1755547199999,2025-08-18 19:59:59,11136395.89500000,44185,236088.55000000,5605165.09470000
1755547200000,2025-08-18 20:00:00,23.84000000,24.14000000,23.57000000,23.70000000,305510.82000000,1755561599999,2025-08-18 23:59:59,7287420.02650000,26122,153887.99000000,3675395.92350000
1755561600000,2025-08-19 00:00:00,23.70000000,24.06000000,23.06000000,23.11000000,554179.87000000,1755575999999,2025-08-19 03:59:59,13018900.22440000,51565,233676.47000000,5495255.48070000
1755576000000,2025-08-19 04:00:00,23.11000000,23.31000000,22.93000000,23.04000000,571170.51000000,1755590399999,2025-08-19 07:59:59,13171196.06340000,41113,190138.38000000,4391349.09710000
1755590400000,2025-08-19 08:00:00,23.03000000,23.41000000,22.86000000,23.35000000,359934.50000000,1755604799999,2025-08-19 11:59:59,8331450.19290000,34520,187063.93000000,4328695.37380000
1755604800000,2025-08-19 12:00:00,23.34000000,23.48000000,22.67000000,22.78000000,727304.73000000,1755619199999,2025-08-19 15:59:59,16704109.13770000,60678,346703.73000000,7964251.21950000
1755619200000,2025-08-19 16:00:00,22.78000000,22.86000000,22.35000000,22.51000000,496214.64000000,1755633599999,2025-08-19 19:59:59,11231960.12200000,48793,241109.74000000,5457192.38330000
1755633600000,2025-08-19 20:00:00,22.51000000,22.75000000,22.31000000,22.37000000,173555.83000000,1755647999999,2025-08-19 23:59:59,3909701.96380000,22413,75382.08000000,1699589.09770000
1755648000000,2025-08-20 00:00:00,22.36000000,22.81000000,22.23000000,22.70000000,280916.25000000,1755662399999,2025-08-20 03:59:59,6328480.21620000,28865,140717.36000000,3170470.58760000
1755662400000,2025-08-20 04:00:00,22.70000000,22.99000000,22.70000000,22.77000000,215492.09000000,1755676799999,2025-08-20 07:59:59,4924672.37650000,17338,113814.52000000,2601532.54740000
1755676800000,2025-08-20 08:00:00,22.78000000,23.04000000,22.55000000,22.82000000,363143.36000000,1755691199999,2025-08-20 11:59:59,8302048.79280000,22632,166320.84000000,3806257.75460000
1755691200000,2025-08-20 12:00:00,22.82000000,23.35000000,22.36000000,23.10000000,799982.88000000,1755705599999,2025-08-20 15:59:59,18306811.99990000,74772,437694.82000000,10019119.07030000
1755705600000,2025-08-20 16:00:00,23.10000000,23.54000000,22.96000000,23.53000000,377672.16000000,1755719999999,2025-08-20 19:59:59,8791997.22480000,43109,199691.08000000,4652841.51430000
1755720000000,2025-08-20 20:00:00,23.53000000,23.55000000,23.33000000,23.46000000,255987.47000000,1755734399999,2025-08-20 23:59:59,6008833.31640000,18989,114527.26000000,2689349.23160000
1755734400000,2025-08-21 00:00:00,23.45000000,23.62000000,23.16000000,23.40000000,453914.62000000,1755748799999,2025-08-21 03:59:59,10654072.96910000,26971,301942.19000000,7095503.48840000
1755748800000,2025-08-21 04:00:00,23.40000000,23.52000000,23.21000000,23.39000000,169421.61000000,1755763199999,2025-08-21 07:59:59,3962995.94930000,18397,78280.74000000,1831293.71890000
1755763200000,2025-08-21 08:00:00,23.40000000,23.44000000,23.01000000,23.11000000,221651.73000000,1755777599999,2025-08-21 11:59:59,5132582.86580000,21670,107096.60000000,2480414.96600000
1755777600000,2025-08-21 12:00:00,23.11000000,23.42000000,22.91000000,22.93000000,348394.38000000,1755791999999,2025-08-21 15:59:59,8062964.66010000,43285,165625.39000000,3835839.63780000
1755792000000,2025-08-21 16:00:00,22.94000000,23.11000000,22.72000000,22.84000000,353253.68000000,1755806399999,2025-08-21 19:59:59,8080904.66780000,28785,146428.96000000,3353765.42400000
1755806400000,2025-08-21 20:00:00,22.83000000,23.06000000,22.72000000,22.77000000,159679.70000000,1755820799999,2025-08-21 23:59:59,3658384.69120000,15599,84777.98000000,1943511.17620000
1755820800000,2025-08-22 00:00:00,22.78000000,23.22000000,22.70000000,22.89000000,355824.58000000,1755835199999,2025-08-22 03:59:59,8130500.97040000,24332,144409.19000000,3308548.55160000
1755835200000,2025-08-22 04:00:00,22.89000000,23.15000000,22.80000000,23.06000000,201135.38000000,1755849599999,2025-08-22 07:59:59,4628094.94840000,23585,104587.35000000,2407306.40730000
1755849600000,2025-08-22 08:00:00,23.06000000,23.22000000,22.58000000,22.59000000,230229.74000000,1755863999999,2025-08-22 11:59:59,5265613.91100000,23835,107880.39000000,2468524.47940000
1755864000000,2025-08-22 12:00:00,22.59000000,24.52000000,22.19000000,24.26000000,2908094.23000000,1755878399999,2025-08-22 15:59:59,68480348.71410000,191518,1475558.73000000,34721916.81620000
1755878400000,2025-08-22 16:00:00,24.26000000,25.20000000,24.26000000,25.06000000,1200551.01000000,1755892799999,2025-08-22 19:59:59,29917612.36100000,91336,555371.26000000,13838974.75480000
1755892800000,2025-08-22 20:00:00,25.07000000,25.40000000,25.04000000,25.25000000,589346.99000000,1755907199999,2025-08-22 23:59:59,14859407.96020000,48218,297559.04000000,7506218.92710000
1755907200000,2025-08-23 00:00:00,25.26000000,25.32000000,24.47000000,24.95000000,466244.65000000,1755921599999,2025-08-23 03:59:59,11621289.82010000,43703,207170.63000000,5165011.03920000
1755921600000,2025-08-23 04:00:00,24.95000000,25.58000000,24.91000000,25.33000000,563132.59000000,1755935999999,2025-08-23 07:59:59,14260174.63230000,36948,299363.55000000,7581422.26580000
1755936000000,2025-08-23 08:00:00,25.33000000,26.04000000,25.20000000,25.89000000,918646.18000000,1755950399999,2025-08-23 11:59:59,23631141.37910000,53266,496482.78000000,12774510.29400000
1755950400000,2025-08-23 12:00:00,25.89000000,26.77000000,25.53000000,25.64000000,2376971.47000000,1755964799999,2025-08-23 15:59:59,62219740.80030000,130031,1001700.07000000,26300521.56460000
1755964800000,2025-08-23 16:00:00,25.63000000,25.99000000,25.22000000,25.99000000,1087139.34000000,1755979199999,2025-08-23 19:59:59,27708759.92830000,66523,400648.00000000,10225063.54870000
1755979200000,2025-08-23 20:00:00,25.99000000,26.30000000,25.71000000,26.26000000,341594.89000000,1755993599999,2025-08-23 23:59:59,8883215.44790000,25297,190534.56000000,4959496.97030000
1755993600000,2025-08-24 00:00:00,26.26000000,26.29000000,25.85000000,25.92000000,320607.30000000,1756007999999,2025-08-24 03:59:59,8357189.68810000,33225,152559.51000000,3978355.06620000
1756008000000,2025-08-24 04:00:00,25.92000000,25.99000000,25.45000000,25.45000000,293972.32000000,1756022399999,2025-08-24 07:59:59,7543761.43490000,25023,135043.43000000,3468082.96350000
1756022400000,2025-08-24 08:00:00,25.45000000,25.59000000,24.92000000,25.06000000,661376.73000000,1756036799999,2025-08-24 11:59:59,16649074.72320000,35797,214239.54000000,5394630.48870000
1756036800000,2025-08-24 12:00:00,25.05000000,25.91000000,25.02000000,25.52000000,460880.19000000,1756051199999,2025-08-24 15:59:59,11711987.99190000,41433,276913.73000000,7038776.97350000
1756051200000,2025-08-24 16:00:00,25.52000000,26.57000000,25.24000000,25.80000000,1540619.18000000,1756065599999,2025-08-24 19:59:59,39807673.32200000,119208,768926.21000000,19875704.37730000
1756065600000,2025-08-24 20:00:00,25.80000000,26.09000000,25.18000000,25.83000000,770172.98000000,1756079999999,2025-08-24 23:59:59,19716212.32860000,84402,387825.57000000,9936005.24760000
1756080000000,2025-08-25 00:00:00,25.83000000,26.00000000,25.16000000,25.49000000,450241.47000000,1756094399999,2025-08-25 03:59:59,11537057.14150000,52035,214606.39000000,5500624.98190000
1756094400000,2025-08-25 04:00:00,25.50000000,25.56000000,24.17000000,24.29000000,601784.22000000,1756108799999,2025-08-25 07:59:59,14928557.36310000,61053,258095.28000000,6403436.84140000
1756108800000,2025-08-25 08:00:00,24.28000000,24.45000000,23.98000000,24.27000000,826395.49000000,1756123199999,2025-08-25 11:59:59,20007062.96190000,53176,368640.69000000,8925865.55950000
1756123200000,2025-08-25 12:00:00,24.27000000,24.56000000,24.06000000,24.18000000,535118.67000000,1756137599999,2025-08-25 15:59:59,13004160.09550000,52720,287226.77000000,6983304.81080000
1756137600000,2025-08-25 16:00:00,24.19000000,24.36000000,23.50000000,23.55000000,708911.91000000,1756151999999,2025-08-25 19:59:59,16956801.95290000,55849,329716.32000000,7893153.68850000
1756152000000,2025-08-25 20:00:00,23.55000000,23.66000000,23.03000000,23.35000000,995183.97000000,1756166399999,2025-08-25 23:59:59,23200187.02590000,81089,535251.91000000,12478819.34740000
1756166400000,2025-08-26 00:00:00,23.35000000,23.67000000,23.09000000,23.32000000,419500.02000000,1756180799999,2025-08-26 03:59:59,9791521.22340000,38586,196925.66000000,4598341.00330000
1756180800000,2025-08-26 04:00:00,23.32000000,23.58000000,23.11000000,23.29000000,330070.05000000,1756195199999,2025-08-26 07:59:59,7707679.36810000,30089,158761.91000000,3707538.31120000
1756195200000,2025-08-26 08:00:00,23.29000000,23.58000000,23.20000000,23.41000000,289089.02000000,1756209599999,2025-08-26 11:59:59,6755052.23400000,26216,142166.68000000,3321575.88950000
1756209600000,2025-08-26 12:00:00,23.42000000,23.97000000,23.16000000,23.69000000,804200.08000000,1756223999999,2025-08-26 15:59:59,18982794.48080000,79285,413089.98000000,9757682.25210000
1756224000000,2025-08-26 16:00:00,23.69000000,24.30000000,23.63000000,24.22000000,381083.98000000,1756238399999,2025-08-26 19:59:59,9108926.42800000,36571,210621.95000000,5038871.03710000
1756238400000,2025-08-26 20:00:00,24.22000000,24.35000000,24.01000000,24.17000000,423247.41000000,1756252799999,2025-08-26 23:59:59,10229504.22060000,34439,210515.62000000,5088353.17760000
1756252800000,2025-08-27 00:00:00,24.17000000,24.52000000,23.86000000,24.44000000,306403.61000000,1756267199999,2025-08-27 03:59:59,7393453.92790000,27828,147279.57000000,3557441.90830000
1756267200000,2025-08-27 04:00:00,24.44000000,24.62000000,24.15000000,24.32000000,429081.23000000,1756281599999,2025-08-27 07:59:59,10493250.57590000,35993,226219.90000000,5537087.43120000
1756281600000,2025-08-27 08:00:00,24.32000000,24.58000000,24.23000000,24.51000000,341314.60000000,1756295999999,2025-08-27 11:59:59,8345553.65920000,23347,191019.48000000,4672273.75710000
1756296000000,2025-08-27 12:00:00,24.50000000,25.33000000,24.46000000,24.98000000,1088411.19000000,1756310399999,2025-08-27 15:59:59,27061188.55590000,82373,632354.67000000,15719342.46940000
1756310400000,2025-08-27 16:00:00,24.99000000,25.21000000,24.52000000,24.67000000,522473.13000000,1756324799999,2025-08-27 19:59:59,13024191.27440000,44650,254114.65000000,6337547.69590000
1756324800000,2025-08-27 20:00:00,24.68000000,25.07000000,24.36000000,24.42000000,888020.07000000,1756339199999,2025-08-27 23:59:59,21909804.46980000,74840,447170.86000000,11033125.19420000
1756339200000,2025-08-28 00:00:00,24.42000000,24.76000000,24.24000000,24.68000000,273065.28000000,1756353599999,2025-08-28 03:59:59,6690785.47330000,32384,144676.04000000,3547853.58560000
1756353600000,2025-08-28 04:00:00,24.69000000,24.88000000,24.53000000,24.71000000,360015.58000000,1756367999999,2025-08-28 07:59:59,8899679.45180000,27704,168560.33000000,4168309.97580000
1756368000000,2025-08-28 08:00:00,24.72000000,24.97000000,24.39000000,24.50000000,402084.47000000,1756382399999,2025-08-28 11:59:59,9899631.30010000,20398,173926.16000000,4279825.77050000
1756382400000,2025-08-28 12:00:00,24.50000000,25.08000000,24.40000000,24.60000000,957556.39000000,1756396799999,2025-08-28 15:59:59,23674046.26290000,55722,497631.94000000,12312622.63680000
1756396800000,2025-08-28 16:00:00,24.60000000,24.71000000,24.15000000,24.16000000,326979.95000000,1756411199999,2025-08-28 19:59:59,7977567.68550000,23979,140042.07000000,3418173.05130000
1756411200000,2025-08-28 20:00:00,24.16000000,24.94000000,24.13000000,24.93000000,286500.63000000,1756425599999,2025-08-28 23:59:59,7046315.11700000,17599,147840.10000000,3644240.54600000
1756425600000,2025-08-29 00:00:00,24.93000000,25.20000000,24.62000000,25.10000000,464551.37000000,1756439999999,2025-08-29 03:59:59,11583244.93140000,34410,268241.09000000,6691763.61130000
1756440000000,2025-08-29 04:00:00,25.11000000,25.19000000,24.06000000,24.15000000,663449.50000000,1756454399999,2025-08-29 07:59:59,16337144.40900000,50332,315502.63000000,7771018.99640000
1756454400000,2025-08-29 08:00:00,24.15000000,24.23000000,23.50000000,23.76000000,777304.92000000,1756468799999,2025-08-29 11:59:59,18523209.35250000,46204,353795.80000000,8423735.67680000
1756468800000,2025-08-29 12:00:00,23.75000000,24.46000000,23.39000000,23.53000000,1155195.04000000,1756483199999,2025-08-29 15:59:59,27560134.93690000,84239,591436.71000000,14114704.78250000
1756483200000,2025-08-29 16:00:00,23.53000000,23.68000000,23.20000000,23.47000000,513288.09000000,1756497599999,2025-08-29 19:59:59,12026133.31110000,36968,289198.58000000,6777506.59670000
1756497600000,2025-08-29 20:00:00,23.47000000,23.62000000,23.22000000,23.55000000,265038.60000000,1756511999999,2025-08-29 23:59:59,6210397.31420000,18709,144976.53000000,3398304.59820000
1756512000000,2025-08-30 00:00:00,23.54000000,23.72000000,23.10000000,23.53000000,325038.81000000,1756526399999,2025-08-30 03:59:59,7602464.48230000,22577,160170.30000000,3748931.18390000
1756526400000,2025-08-30 04:00:00,23.54000000,23.88000000,23.53000000,23.81000000,261806.00000000,1756540799999,2025-08-30 07:59:59,6205368.48670000,17265,144966.43000000,3437313.68230000
1756540800000,2025-08-30 08:00:00,23.82000000,23.82000000,23.52000000,23.76000000,155263.25000000,1756555199999,2025-08-30 11:59:59,3673275.25060000,11623,78277.69000000,1851713.14160000
1756555200000,2025-08-30 12:00:00,23.76000000,23.92000000,23.37000000,23.92000000,203818.24000000,1756569599999,2025-08-30 15:59:59,4813665.30030000,19816,105999.25000000,2503682.54370000
1756569600000,2025-08-30 16:00:00,23.92000000,23.94000000,23.61000000,23.74000000,143671.62000000,1756583999999,2025-08-30 19:59:59,3413282.81330000,11942,69894.51000000,1661076.31470000
1756584000000,2025-08-30 20:00:00,23.75000000,23.82000000,23.58000000,23.78000000,84016.49000000,1756598399999,2025-08-30 23:59:59,1990282.72900000,8468,41521.92000000,983977.89730000
1756598400000,2025-08-31 00:00:00,23.78000000,24.07000000,23.77000000,24.03000000,153212.93000000,1756612799999,2025-08-31 03:59:59,3671528.53990000,14583,85972.00000000,2060159.97330000
1756612800000,2025-08-31 04:00:00,24.03000000,24.04000000,23.79000000,23.87000000,116015.51000000,1756627199999,2025-08-31 07:59:59,2769482.99860000,8869,48502.44000000,1158211.19040000
1756627200000,2025-08-31 08:00:00,23.87000000,24.20000000,23.82000000,24.03000000,195159.84000000,1756641599999,2025-08-31 11:59:59,4689955.10100000,13899,98754.47000000,2372675.43740000
1756641600000,2025-08-31 12:00:00,24.03000000,24.13000000,23.84000000,24.05000000,236712.89000000,1756655999999,2025-08-31 15:59:59,5679378.57150000,16116,99350.37000000,2384319.24740000
1756656000000,2025-08-31 16:00:00,24.05000000,24.06000000,23.79000000,23.81000000,148498.91000000,1756670399999,2025-08-31 19:59:59,3557425.12510000,11762,62722.05000000,1503242.78110000
1756670400000,2025-08-31 20:00:00,23.81000000,23.94000000,23.38000000,23.40000000,213289.41000000,1756684799999,2025-08-31 23:59:59,5044070.38670000,15306,92234.09000000,2181736.60470000
1756684800000,2025-09-01 00:00:00,23.40000000,23.51000000,23.05000000,23.17000000,367533.45000000,1756699199999,2025-09-01 03:59:59,8539798.19130000,32154,200171.73000000,4650397.22460000
1756699200000,2025-09-01 04:00:00,23.16000000,23.80000000,22.86000000,23.78000000,464716.70000000,1756713599999,2025-09-01 07:59:59,10791298.28610000,30531,237515.31000000,5517129.17050000
1756713600000,2025-09-01 08:00:00,23.79000000,24.33000000,23.69000000,23.76000000,1020355.68000000,1756727999999,2025-09-01 11:59:59,24557422.03990000,57862,527100.58000000,12690453.63370000
1756728000000,2025-09-01 12:00:00,23.77000000,23.97000000,23.59000000,23.66000000,733716.80000000,1756742399999,2025-09-01 15:59:59,17425112.16100000,32837,326512.93000000,7762160.82660000
1756742400000,2025-09-01 16:00:00,23.67000000,23.85000000,23.38000000,23.56000000,360510.81000000,1756756799999,2025-09-01 19:59:59,8496275.43860000,22402,163000.04000000,3842133.02180000
1756756800000,2025-09-01 20:00:00,23.57000000,23.57000000,22.67000000,23.21000000,788702.17000000,1756771199999,2025-09-01 23:59:59,18144896.27630000,44194,437430.84000000,10056602.73600000
1756771200000,2025-09-02 00:00:00,23.22000000,23.76000000,23.02000000,23.68000000,370825.33000000,1756785599999,2025-09-02 03:59:59,8672999.15870000,32949,184649.33000000,4318256.47220000
1756785600000,2025-09-02 04:00:00,23.69000000,24.10000000,23.60000000,23.89000000,658519.71000000,1756799999999,2025-09-02 07:59:59,15796030.70430000,44082,337663.91000000,8103480.20480000
1756800000000,2025-09-02 08:00:00,23.89000000,24.28000000,23.82000000,23.99000000,559845.84000000,1756814399999,2025-09-02 11:59:59,13481104.73840000,33645,245764.41000000,5912012.90790000
1756814400000,2025-09-02 12:00:00,24.00000000,24.24000000,23.51000000,23.62000000,1123304.31000000,1756828799999,2025-09-02 15:59:59,26803158.95240000,70999,547899.31000000,13071679.37540000
1756828800000,2025-09-02 16:00:00,23.61000000,24.01000000,23.60000000,23.84000000,369704.37000000,1756843199999,2025-09-02 19:59:59,8797004.41230000,28145,188561.48000000,4486529.76320000
1756843200000,2025-09-02 20:00:00,23.85000000,24.50000000,23.80000000,24.46000000,557957.20000000,1756857599999,2025-09-02 23:59:59,13537999.56070000,34541,277984.00000000,6743908.57520000
1756857600000,2025-09-03 00:00:00,24.47000000,24.69000000,24.27000000,24.39000000,420470.59000000,1756871999999,2025-09-03 03:59:59,10287972.31830000,33449,203020.63000000,4968067.47420000
1756872000000,2025-09-03 04:00:00,24.39000000,24.79000000,24.30000000,24.75000000,513127.50000000,1756886399999,2025-09-03 07:59:59,12601696.11440000,38233,284377.61000000,6987504.57840000
1756886400000,2025-09-03 08:00:00,24.74000000,25.78000000,24.74000000,25.00000000,1300360.14000000,1756900799999,2025-09-03 11:59:59,32726391.45500000,67421,765419.57000000,19266428.24020000
1756900800000,2025-09-03 12:00:00,25.00000000,25.49000000,24.88000000,25.45000000,684560.48000000,1756915199999,2025-09-03 15:59:59,17270014.12240000,40965,351375.16000000,8868189.95840000
1756915200000,2025-09-03 16:00:00,25.46000000,25.60000000,25.15000000,25.36000000,440255.97000000,1756929599999,2025-09-03 19:59:59,11162041.74950000,28482,230647.25000000,5850754.97510000
1756929600000,2025-09-03 20:00:00,25.36000000,25.38000000,25.14000000,25.20000000,209113.64000000,1756943999999,2025-09-03 23:59:59,5276176.51600000,13921,103265.64000000,2605985.28710000
1756944000000,2025-09-04 00:00:00,25.21000000,25.28000000,25.03000000,25.14000000,258722.35000000,1756958399999,2025-09-04 03:59:59,6509312.15170000,18100,116934.87000000,2943309.36760000
1756958400000,2025-09-04 04:00:00,25.14000000,25.23000000,24.66000000,24.77000000,351233.82000000,1756972799999,2025-09-04 07:59:59,8735720.08240000,24545,163153.40000000,4057797.89560000
1756972800000,2025-09-04 08:00:00,24.76000000,24.97000000,24.59000000,24.60000000,242441.99000000,1756987199999,2025-09-04 11:59:59,6000438.57200000,16975,123177.22000000,3049808.34170000
1756987200000,2025-09-04 12:00:00,24.61000000,24.86000000,24.55000000,24.74000000,585720.90000000,1757001599999,2025-09-04 15:59:59,14446445.60850000,28567,310750.28000000,7668431.35650000
1757001600000,2025-09-04 16:00:00,24.73000000,24.79000000,24.18000000,24.23000000,462793.70000000,1757015999999,2025-09-04 19:59:59,11334059.00670000,23300,184267.42000000,4515132.15400000
1757016000000,2025-09-04 20:00:00,24.22000000,24.59000000,24.19000000,24.21000000,259745.55000000,1757030399999,2025-09-04 23:59:59,6340167.67400000,18195,131713.69000000,3216380.64670000
1757030400000,2025-09-05 00:00:00,24.21000000,24.35000000,23.86000000,24.34000000,409053.06000000,1757044799999,2025-09-05 03:59:59,9858810.65860000,23873,183878.86000000,4433708.95170000
1757044800000,2025-09-05 04:00:00,24.35000000,24.89000000,24.22000000,24.85000000,340607.39000000,1757059199999,2025-09-05 07:59:59,8350542.96640000,21699,190508.75000000,4673958.36320000
1757059200000,2025-09-05 08:00:00,24.85000000,24.89000000,24.59000000,24.76000000,235294.30000000,1757073599999,2025-09-05 11:59:59,5825827.76200000,17368,97108.88000000,2404681.88430000
1757073600000,2025-09-05 12:00:00,24.77000000,25.11000000,24.15000000,24.31000000,1428498.70000000,1757087999999,2025-09-05 15:59:59,35283166.23620000,76992,709818.70000000,17565057.32150000
1757088000000,2025-09-05 16:00:00,24.31000000,24.47000000,24.18000000,24.42000000,289033.70000000,1757102399999,2025-09-05 19:59:59,7031994.61420000,17512,154832.45000000,3767095.37350000
1757102400000,2025-09-05 20:00:00,24.42000000,24.58000000,24.21000000,24.47000000,278356.33000000,1757116799999,2025-09-05 23:59:59,6788518.93890000,17325,150238.25000000,3666686.63550000
1757116800000,2025-09-06 00:00:00,24.48000000,24.54000000,24.30000000,24.41000000,99149.44000000,1757131199999,2025-09-06 03:59:59,2421895.24220000,7753,43708.29000000,1067893.44670000
1757131200000,2025-09-06 04:00:00,24.42000000,24.42000000,24.21000000,24.26000000,90116.63000000,1757145599999,2025-09-06 07:59:59,2186916.01850000,6580,39815.46000000,966357.15380000
1757145600000,2025-09-06 08:00:00,24.26000000,24.28000000,24.09000000,24.16000000,135839.90000000,1757159999999,2025-09-06 11:59:59,3282274.09230000,8675,48515.99000000,1171673.13900000
1757160000000,2025-09-06 12:00:00,24.15000000,24.41000000,24.12000000,24.22000000,137901.68000000,1757174399999,2025-09-06 15:59:59,3347668.65240000,10121,72589.34000000,1762075.98400000
1757174400000,2025-09-06 16:00:00,24.22000000,24.62000000,24.19000000,24.33000000,288134.89000000,1757188799999,2025-09-06 19:59:59,7040101.38330000,17838,147471.51000000,3605826.05250000
1757188800000,2025-09-06 20:00:00,24.32000000,24.48000000,24.32000000,24.38000000,118108.08000000,1757203199999,2025-09-06 23:59:59,2880451.58440000,8219,62871.06000000,1533501.28980000
1757203200000,2025-09-07 00:00:00,24.37000000,24.68000000,24.33000000,24.57000000,104023.43000000,1757217599999,2025-09-07 03:59:59,2548869.45150000,8429,58603.95000000,1435812.54130000
1757217600000,2025-09-07 04:00:00,24.57000000,24.73000000,24.48000000,24.54000000,146364.24000000,1757231999999,2025-09-07 07:59:59,3599973.51940000,9109,79003.37000000,1943530.07360000
1757232000000,2025-09-07 08:00:00,24.55000000,24.72000000,24.38000000,24.49000000,196519.08000000,1757246399999,2025-09-07 11:59:59,4823103.17550000,10939,76800.65000000,1885279.41620000
1757246400000,2025-09-07 12:00:00,24.49000000,24.69000000,24.38000000,24.61000000,177814.27000000,1757260799999,2025-09-07 15:59:59,4370421.04510000,12211,91984.57000000,2261190.99340000
1757260800000,2025-09-07 16:00:00,24.61000000,24.63000000,24.26000000,24.53000000,172516.25000000,1757275199999,2025-09-07 19:59:59,4210143.42110000,11667,81983.85000000,2000773.51490000
1757275200000,2025-09-07 20:00:00,24.53000000,24.95000000,24.46000000,24.68000000,456058.87000000,1757289599999,2025-09-07 23:59:59,11258758.18510000,18535,310515.18000000,7667037.02240000
1757289600000,2025-09-08 00:00:00,24.69000000,25.02000000,24.53000000,24.86000000,352904.46000000,1757303999999,2025-09-08 03:59:59,8737981.47620000,27298,198451.99000000,4913325.98910000
1757304000000,2025-09-08 04:00:00,24.87000000,25.03000000,24.62000000,24.88000000,278864.24000000,1757318399999,2025-09-08 07:59:59,6925128.59000000,20279,138835.97000000,3447785.03030000
1757318400000,2025-09-08 08:00:00,24.88000000,25.42000000,24.88000000,25.16000000,419543.02000000,1757332799999,2025-09-08 11:59:59,10567983.27370000,32533,215445.07000000,5427285.36780000
1757332800000,2025-09-08 12:00:00,25.16000000,25.80000000,25.05000000,25.73000000,611943.08000000,1757347199999,2025-09-08 15:59:59,15573485.39890000,37738,314297.56000000,8002128.10980000
1757347200000,2025-09-08 16:00:00,25.72000000,25.78000000,25.33000000,25.36000000,428908.48000000,1757361599999,2025-09-08 19:59:59,10968126.34860000,27407,188009.37000000,4810430.61570000
1757361600000,2025-09-08 20:00:00,25.36000000,25.48000000,25.19000000,25.29000000,297195.13000000,1757375999999,2025-09-08 23:59:59,7532188.21240000,16892,141257.21000000,3582951.33320000
1757376000000,2025-09-09 00:00:00,25.29000000,25.44000000,24.90000000,25.16000000,363480.70000000,1757390399999,2025-09-09 03:59:59,9139414.35410000,26713,148766.25000000,3746187.95940000
1757390400000,2025-09-09 04:00:00,25.16000000,26.14000000,25.04000000,25.90000000,709321.47000000,1757404799999,2025-09-09 07:59:59,18277859.89000000,38531,389772.17000000,10036459.17000000
1757404800000,2025-09-09 08:00:00,25.90000000,26.25000000,25.85000000,25.98000000,535925.18000000,1757419199999,2025-09-09 11:59:59,13950405.32660000,33936,272043.69000000,7082926.57440000
1757419200000,2025-09-09 12:00:00,25.98000000,26.36000000,25.61000000,25.94000000,1460479.30000000,1757433599999,2025-09-09 15:59:59,37896790.74580000,81626,708441.59000000,18388146.30470000
1757433600000,2025-09-09 16:00:00,25.94000000,26.16000000,25.81000000,25.90000000,525397.07000000,1757447999999,2025-09-09 19:59:59,13640528.30830000,34886,279938.87000000,7269418.28670000
1757448000000,2025-09-09 20:00:00,25.90000000,26.06000000,25.81000000,25.93000000,289307.12000000,1757462399999,2025-09-09 23:59:59,7503730.82790000,17438,140153.30000000,3635373.51750000
1757462400000,2025-09-10 00:00:00,25.94000000,26.30000000,25.75000000,26.23000000,367561.63000000,1757476799999,2025-09-10 03:59:59,9571710.42020000,26399,202925.06000000,5286669.77170000
1757476800000,2025-09-10 04:00:00,26.22000000,27.12000000,26.14000000,26.93000000,1223581.02000000,1757491199999,2025-09-10 07:59:59,32615775.55490000,63876,685489.68000000,18265407.96450000
1757491200000,2025-09-10 08:00:00,26.92000000,26.99000000,26.38000000,26.89000000,696666.31000000,1757505599999,2025-09-10 11:59:59,18614426.04760000,39859,349756.72000000,9349999.51720000
1757505600000,2025-09-10 12:00:00,26.89000000,28.97000000,26.89000000,28.66000000,3273381.37000000,1757519999999,2025-09-10 15:59:59,92322899.11210000,175184,1762405.77000000,49655111.69330000
1757520000000,2025-09-10 16:00:00,28.67000000,29.17000000,28.39000000,28.53000000,1336865.99000000,1757534399999,2025-09-10 19:59:59,38398103.86850000,78591,682706.67000000,19622437.11020000
1757534400000,2025-09-10 20:00:00,28.54000000,29.52000000,28.48000000,29.48000000,937742.46000000,1757548799999,2025-09-10 23:59:59,27279211.32310000,62913,524796.40000000,15268643.46710000
1757548800000,2025-09-11 00:00:00,29.47000000,29.49000000,28.81000000,29.41000000,662414.42000000,1757563199999,2025-09-11 03:59:59,19304526.65060000,49956,332278.17000000,9687257.73730000
1757563200000,2025-09-11 04:00:00,29.40000000,29.99000000,28.54000000,28.77000000,1139007.03000000,1757577599999,2025-09-11 07:59:59,33160855.79250000,84829,536730.18000000,15646797.53700000
1757577600000,2025-09-11 08:00:00,28.78000000,29.16000000,28.71000000,28.96000000,496842.19000000,1757591999999,2025-09-11 11:59:59,14391872.27460000,34397,250202.26000000,7250037.97280000
1757592000000,2025-09-11 12:00:00,28.96000000,29.20000000,28.30000000,28.94000000,1391752.84000000,1757606399999,2025-09-11 15:59:59,40126794.16190000,88007,709852.76000000,20485559.77430000
1757606400000,2025-09-11 16:00:00,28.95000000,29.12000000,28.83000000,28.98000000,368621.89000000,1757620799999,2025-09-11 19:59:59,10692131.59120000,27999,202351.30000000,5870881.86240000
1757620800000,2025-09-11 20:00:00,28.98000000,29.23000000,28.72000000,29.15000000,351020.83000000,1757635199999,2025-09-11 23:59:59,10186436.76330000,24770,166872.80000000,4846222.76460000
1757635200000,2025-09-12 00:00:00,29.14000000,29.40000000,28.72000000,28.79000000,594717.60000000,1757649599999,2025-09-12 03:59:59,17261125.09470000,36704,281646.71000000,8181482.87140000
1757649600000,2025-09-12 04:00:00,28.78000000,29.08000000,28.43000000,28.68000000,667991.39000000,1757663999999,2025-09-12 07:59:59,19199408.87330000,36599,309372.10000000,8901279.64560000
1757664000000,2025-09-12 08:00:00,28.68000000,28.68000000,28.32000000,28.34000000,321085.12000000,1757678399999,2025-09-12 11:59:59,9153742.78420000,22296,152061.15000000,4336036.86390000
1757678400000,2025-09-12 12:00:00,28.35000000,28.83000000,28.25000000,28.55000000,703077.72000000,1757692799999,2025-09-12 15:59:59,20017886.21050000,42581,340854.18000000,9715546.07670000
1757692800000,2025-09-12 16:00:00,28.55000000,28.68000000,28.42000000,28.63000000,573233.49000000,1757707199999,2025-09-12 19:59:59,16381156.63190000,33667,312572.02000000,8934527.26340000
1757707200000,2025-09-12 20:00:00,28.63000000,29.00000000,28.51000000,28.99000000,625554.27000000,1757721599999,2025-09-12 23:59:59,17947715.80460000,37998,333246.63000000,9565772.51990000
1757721600000,2025-09-13 00:00:00,28.98000000,30.32000000,28.74000000,30.24000000,1662088.27000000,1757735999999,2025-09-13 03:59:59,49186703.53840000,116784,999885.43000000,29638524.93270000
1757736000000,2025-09-13 04:00:00,30.25000000,31.25000000,30.10000000,30.85000000,1830120.45000000,1757750399999,2025-09-13 07:59:59,56401090.27440000,132821,1041938.41000000,32099562.95050000
1757750400000,2025-09-13 08:00:00,30.86000000,31.12000000,29.98000000,30.47000000,1384995.32000000,1757764799999,2025-09-13 11:59:59,42162436.60440000,82202,558837.65000000,17023819.75540000
1757764800000,2025-09-13 12:00:00,30.47000000,30.51000000,29.69000000,29.83000000,781020.49000000,1757779199999,2025-09-13 15:59:59,23462643.62510000,60307,352890.92000000,10600290.08450000
1757779200000,2025-09-13 16:00:00,29.83000000,29.95000000,29.27000000,29.62000000,554413.20000000,1757793599999,2025-09-13 19:59:59,16407918.66330000,51369,231622.06000000,6856495.57140000
1757793600000,2025-09-13 20:00:00,29.62000000,30.10000000,29.61000000,30.08000000,442471.83000000,1757807999999,2025-09-13 23:59:59,13222167.34570000,33061,261535.63000000,7817950.57470000
1757808000000,2025-09-14 00:00:00,30.08000000,30.22000000,29.73000000,29.77000000,607651.98000000,1757822399999,2025-09-14 03:59:59,18211204.40820000,45413,301435.99000000,9039791.81200000
1757822400000,2025-09-14 04:00:00,29.77000000,30.64000000,29.62000000,29.96000000,898464.55000000,1757836799999,2025-09-14 07:59:59,27169284.12740000,56075,509119.48000000,15405801.19380000
1757836800000,2025-09-14 08:00:00,29.96000000,30.37000000,29.62000000,29.67000000,390485.21000000,1757851199999,2025-09-14 11:59:59,11707953.62340000,30951,164331.19000000,4932953.42730000
1757851200000,2025-09-14 12:00:00,29.67000000,29.88000000,28.96000000,29.13000000,869933.14000000,1757865599999,2025-09-14 15:59:59,25501495.82780000,61417,379435.47000000,11130284.97170000
1757865600000,2025-09-14 16:00:00,29.12000000,29.81000000,29.06000000,29.61000000,458229.73000000,1757879999999,2025-09-14 19:59:59,13541603.60810000,33105,241757.89000000,7143819.58180000
1757880000000,2025-09-14 20:00:00,29.60000000,30.41000000,29.33000000,29.44000000,801463.63000000,1757894399999,2025-09-14 23:59:59,23895817.43910000,58594,367226.02000000,10968234.30300000
1757894400000,2025-09-15 00:00:00,29.44000000,29.79000000,29.22000000,29.63000000,346767.69000000,1757908799999,2025-09-15 03:59:59,10258697.65810000,38887,172281.01000000,5097740.77300000
1757908800000,2025-09-15 04:00:00,29.64000000,30.30000000,29.05000000,29.19000000,696648.87000000,1757923199999,2025-09-15 07:59:59,20675628.01370000,59568,344721.22000000,10247907.01410000
1757923200000,2025-09-15 08:00:00,29.18000000,29.18000000,28.22000000,28.84000000,1261663.49000000,1757937599999,2025-09-15 11:59:59,36087322.63330000,80511,542439.18000000,15510898.62860000
1757937600000,2025-09-15 12:00:00,28.84000000,29.02000000,28.31000000,28.49000000,463253.44000000,1757951999999,2025-09-15 15:59:59,13293117.73530000,43957,204522.97000000,5876198.24570000
1757952000000,2025-09-15 16:00:00,28.49000000,29.25000000,28.29000000,29.12000000,398575.38000000,1757966399999,2025-09-15 19:59:59,11474966.66730000,37466,193974.74000000,5586250.48000000
1757966400000,2025-09-15 20:00:00,29.12000000,30.45000000,29.08000000,29.81000000,1655267.84000000,1757980799999,2025-09-15 23:59:59,49442083.27480000,99469,857040.84000000,25608220.59900000
1757980800000,2025-09-16 00:00:00,29.81000000,29.90000000,29.31000000,29.34000000,349350.37000000,1757995199999,2025-09-16 03:59:59,10331865.80120000,33509,158528.87000000,4690862.20660000
1757995200000,2025-09-16 04:00:00,29.35000000,30.68000000,29.17000000,30.63000000,663176.62000000,1758009599999,2025-09-16 07:59:59,19872567.99350000,51043,392832.05000000,11790954.97680000
1758009600000,2025-09-16 08:00:00,30.62000000,31.00000000,30.36000000,30.44000000,1205459.21000000,1758023999999,2025-09-16 11:59:59,36995771.63340000,85348,615580.11000000,18902153.20720000
1758024000000,2025-09-16 12:00:00,30.45000000,30.58000000,29.67000000,30.13000000,1051174.57000000,1758038399999,2025-09-16 15:59:59,31640064.82210000,78473,488294.02000000,14694736.63920000
1758038400000,2025-09-16 16:00:00,30.13000000,30.45000000,29.90000000,29.98000000,436122.76000000,1758052799999,2025-09-16 19:59:59,13157037.70330000,45287,236516.42000000,7138186.66030000
1758052800000,2025-09-16 20:00:00,29.98000000,30.21000000,29.90000000,30.08000000,340959.61000000,1758067199999,2025-09-16 23:59:59,10249358.63120000,23264,159190.93000000,4787884.62360000
1758067200000,2025-09-17 00:00:00,30.07000000,30.22000000,29.72000000,29.72000000,328293.18000000,1758081599999,2025-09-17 03:59:59,9848080.99860000,28001,144636.91000000,4341176.27330000
1758081600000,2025-09-17 04:00:00,29.72000000,30.26000000,29.53000000,30.13000000,380735.43000000,1758095999999,2025-09-17 07:59:59,11355172.34430000,32457,183742.48000000,5484868.06000000
1758096000000,2025-09-17 08:00:00,30.12000000,30.16000000,29.82000000,29.91000000,370525.76000000,1758110399999,2025-09-17 11:59:59,11117275.49470000,26959,189096.39000000,5672991.07600000
1758110400000,2025-09-17 12:00:00,29.92000000,30.01000000,29.38000000,29.52000000,396467.27000000,1758124799999,2025-09-17 15:59:59,11766742.19830000,36800,214729.02000000,6374367.73010000
1758124800000,2025-09-17 16:00:00,29.51000000,30.34000000,29.40000000,30.06000000,1420957.10000000,1758139199999,2025-09-17 19:59:59,42525030.69220000,114035,700602.50000000,20972608.57440000
1758139200000,2025-09-17 20:00:00,30.06000000,32.00000000,29.75000000,31.82000000,1599886.22000000,1758153599999,2025-09-17 23:59:59,49814576.67270000,118942,924920.96000000,28782533.43900000
1758153600000,2025-09-18 00:00:00,31.82000000,33.04000000,31.63000000,32.91000000,1788822.32000000,1758167999999,2025-09-18 03:59:59,57837808.93570000,135381,1032970.61000000,33399662.27470000
1758168000000,2025-09-18 04:00:00,32.90000000,33.29000000,32.39000000,32.81000000,1205730.73000000,1758182399999,2025-09-18 07:59:59,39455891.64920000,77801,597842.63000000,19569650.12100000
1758182400000,2025-09-18 08:00:00,32.80000000,33.15000000,32.66000000,32.78000000,766718.23000000,1758196799999,2025-09-18 11:59:59,25218298.72340000,48945,373922.91000000,12303628.43960000
1758196800000,2025-09-18 12:00:00,32.77000000,33.50000000,32.71000000,33.14000000,997806.61000000,1758211199999,2025-09-18 15:59:59,33083422.89470000,73175,521817.02000000,17305442.14420000
1758211200000,2025-09-18 16:00:00,33.14000000,34.95000000,33.10000000,34.71000000,1786018.01000000,1758225599999,2025-09-18 19:59:59,60995262.25470000,141845,987609.35000000,33742768.88880000
1758225600000,2025-09-18 20:00:00,34.71000000,35.43000000,34.60000000,35.19000000,1541356.01000000,1758239999999,2025-09-18 23:59:59,53883158.19870000,122261,798925.68000000,27944898.31440000
1758240000000,2025-09-19 00:00:00,35.19000000,35.81000000,34.70000000,34.77000000,1405325.51000000,1758254399999,2025-09-19 03:59:59,49581207.06100000,118945,697066.83000000,24628014.42180000
1758254400000,2025-09-19 04:00:00,34.77000000,34.89000000,33.90000000,34.44000000,1215233.89000000,1758268799999,2025-09-19 07:59:59,41753653.15170000,92457,571734.89000000,19650840.91700000
1758268800000,2025-09-19 08:00:00,34.43000000,34.63000000,33.78000000,33.97000000,854354.62000000,1758283199999,2025-09-19 11:59:59,29255637.95140000,61918,402422.66000000,13786744.25780000
1758283200000,2025-09-19 12:00:00,33.97000000,34.31000000,33.51000000,33.95000000,966507.10000000,1758297599999,2025-09-19 15:59:59,32809554.88540000,81638,437578.93000000,14865714.84570000
1758297600000,2025-09-19 16:00:00,33.95000000,34.40000000,33.76000000,33.80000000,522952.60000000,1758311999999,2025-09-19 19:59:59,17789577.86610000,47418,275823.39000000,9385267.54930000
1758312000000,2025-09-19 20:00:00,33.81000000,33.98000000,33.34000000,33.75000000,389427.91000000,1758326399999,2025-09-19 23:59:59,13116567.74610000,31269,201057.17000000,6777568.02140000
1758326400000,2025-09-20 00:00:00,33.74000000,34.11000000,33.48000000,33.66000000,345723.42000000,1758340799999,2025-09-20 03:59:59,11693720.36990000,29444,168029.95000000,5683703.06770000
1758340800000,2025-09-20 04:00:00,33.66000000,34.06000000,33.64000000,33.94000000,322368.83000000,1758355199999,2025-09-20 07:59:59,10922226.05840000,23269,168361.77000000,5704158.50720000
1758355200000,2025-09-20 08:00:00,33.93000000,33.95000000,32.86000000,33.09000000,649288.24000000,1758369599999,2025-09-20 11:59:59,21688130.04640000,35655,299602.77000000,10019716.21170000
1758369600000,2025-09-20 12:00:00,33.08000000,34.03000000,32.90000000,33.61000000,836491.31000000,1758383999999,2025-09-20 15:59:59,28050594.04850000,49185,443656.28000000,14873938.24760000
1758384000000,2025-09-20 16:00:00,33.62000000,33.78000000,33.00000000,33.27000000,483909.50000000,1758398399999,2025-09-20 19:59:59,16174746.66330000,30549,203865.67000000,6818530.70790000
1758398400000,2025-09-20 20:00:00,33.27000000,33.45000000,33.09000000,33.17000000,189582.41000000,1758412799999,2025-09-20 23:59:59,6307713.70770000,15425,90149.99000000,3000311.95230000
1758412800000,2025-09-21 00:00:00,33.17000000,33.30000000,32.79000000,33.28000000,369194.48000000,1758427199999,2025-09-21 03:59:59,12193658.92690000,23760,187818.20000000,6205214.57980000
1758427200000,2025-09-21 04:00:00,33.29000000,33.31000000,32.87000000,32.97000000,345718.24000000,1758441599999,2025-09-21 07:59:59,11421376.74290000,17616,131631.96000000,4347986.62710000
1758441600000,2025-09-21 08:00:00,32.96000000,33.61000000,32.58000000,32.86000000,627429.01000000,1758455999999,2025-09-21 11:59:59,20726642.07480000,43176,311793.36000000,10306198.95580000
1758456000000,2025-09-21 12:00:00,32.87000000,33.15000000,32.82000000,33.05000000,356819.80000000,1758470399999,2025-09-21 15:59:59,11771968.73840000,24182,186882.98000000,6166807.66050000
1758470400000,2025-09-21 16:00:00,33.05000000,33.29000000,32.62000000,33.23000000,370962.09000000,1758484799999,2025-09-21 19:59:59,12203261.06590000,26971,184185.75000000,6060790.56340000
1758484800000,2025-09-21 20:00:00,33.23000000,33.31000000,32.97000000,33.04000000,284828.74000000,1758499199999,2025-09-21 23:59:59,9423312.87320000,22529,132901.67000000,4397281.43410000
1758499200000,2025-09-22 00:00:00,33.05000000,33.13000000,31.28000000,31.80000000,1308527.32000000,1758513599999,2025-09-22 03:59:59,41799509.56930000,102508,592426.41000000,18926596.48410000
1758513600000,2025-09-22 04:00:00,31.81000000,31.94000000,29.41000000,30.54000000,1623816.76000000,1758527999999,2025-09-22 07:59:59,49748499.98630000,120821,739023.68000000,22622174.24750000
1758528000000,2025-09-22 08:00:00,30.54000000,31.48000000,30.46000000,31.10000000,842404.28000000,1758542399999,2025-09-22 11:59:59,26152890.86090000,60048,464746.27000000,14426171.30090000
1758542400000,2025-09-22 12:00:00,31.11000000,32.05000000,31.03000000,31.95000000,1369975.67000000,1758556799999,2025-09-22 15:59:59,43312853.67590000,99712,706731.39000000,22346798.99930000
1758556800000,2025-09-22 16:00:00,31.96000000,32.17000000,31.35000000,31.36000000,1397430.78000000,1758571199999,2025-09-22 19:59:59,44494833.19150000,80798,664603.79000000,21193882.80180000
1758571200000,2025-09-22 20:00:00,31.36000000,33.98000000,31.32000000,33.86000000,1364596.12000000,1758585599999,2025-09-22 23:59:59,44837832.21880000,99807,770840.20000000,25335882.41100000
1758585600000,2025-09-23 00:00:00,33.87000000,35.76000000,32.75000000,34.94000000,2565795.24000000,1758599999999,2025-09-23 03:59:59,87449543.67860000,178687,1326027.27000000,45288736.19170000
1758600000000,2025-09-23 04:00:00,34.93000000,35.59000000,34.00000000,34.97000000,1863970.51000000,1758614399999,2025-09-23 07:59:59,64741988.28650000,156196,991603.05000000,34463510.67330000
1758614400000,2025-09-23 08:00:00,34.96000000,35.53000000,34.26000000,34.44000000,1135644.57000000,1758628799999,2025-09-23 11:59:59,39605895.38770000,99700,575118.49000000,20088049.92710000
1758628800000,2025-09-23 12:00:00,34.45000000,36.16000000,34.06000000,35.14000000,1996775.47000000,1758643199999,2025-09-23 15:59:59,70066670.05490000,193406,1073468.70000000,37692203.49510000
1758643200000,2025-09-23 16:00:00,35.15000000,35.26000000,33.65000000,33.79000000,1122541.85000000,1758657599999,2025-09-23 19:59:59,38665131.60780000,102867,486671.80000000,16792082.10220000
1758657600000,2025-09-23 20:00:00,33.78000000,34.00000000,33.43000000,33.61000000,653389.31000000,1758671999999,2025-09-23 23:59:59,22017274.29370000,58343,343200.58000000,11569465.61290000
1758672000000,2025-09-24 00:00:00,33.60000000,34.81000000,33.21000000,33.25000000,1063982.20000000,1758686399999,2025-09-24 03:59:59,36196726.30730000,101706,555291.00000000,18905126.30620000
1758686400000,2025-09-24 04:00:00,33.25000000,34.50000000,32.92000000,34.13000000,871576.76000000,1758700799999,2025-09-24 07:59:59,29493734.28170000,82210,479063.98000000,16236280.33940000
1758700800000,2025-09-24 08:00:00,34.14000000,34.43000000,34.00000000,34.15000000,426030.43000000,1758715199999,2025-09-24 11:59:59,14591950.68350000,41731,205860.74000000,7053015.65000000
1758715200000,2025-09-24 12:00:00,34.15000000,34.75000000,34.11000000,34.49000000,785934.65000000,1758729599999,2025-09-24 15:59:59,27039376.81700000,61182,395042.03000000,13595220.42060000
1758729600000,2025-09-24 16:00:00,34.49000000,34.85000000,34.20000000,34.23000000,584137.70000000,1758743999999,2025-09-24 19:59:59,20184978.38630000,50593,292569.62000000,10115757.99070000
1758744000000,2025-09-24 20:00:00,34.23000000,34.28000000,32.26000000,32.31000000,1034557.46000000,1758758399999,2025-09-24 23:59:59,34154827.43540000,90076,475673.35000000,15698757.48020000
1758758400000,2025-09-25 00:00:00,32.31000000,32.80000000,31.70000000,31.84000000,991442.19000000,1758772799999,2025-09-25 03:59:59,32022184.44530000,79895,488313.28000000,15778872.27330000
1758772800000,2025-09-25 04:00:00,31.84000000,31.84000000,30.68000000,30.72000000,1206873.95000000,1758787199999,2025-09-25 07:59:59,37636237.62690000,119107,511277.64000000,15946245.64550000
1758787200000,2025-09-25 08:00:00,30.72000000,31.14000000,30.43000000,30.60000000,1175516.49000000,1758801599999,2025-09-25 11:59:59,36185424.60200000,116309,545135.63000000,16786586.77850000
1758801600000,2025-09-25 12:00:00,30.60000000,30.75000000,30.05000000,30.25000000,1386015.56000000,1758815999999,2025-09-25 15:59:59,42111349.68160000,146956,599871.71000000,18231049.80750000
1758816000000,2025-09-25 16:00:00,30.26000000,30.27000000,28.83000000,29.48000000,1754287.22000000,1758830399999,2025-09-25 19:59:59,51858452.79890000,134774,869218.55000000,25697042.35930000
1758830400000,2025-09-25 20:00:00,29.49000000,29.52000000,28.51000000,28.64000000,638620.88000000,1758844799999,2025-09-25 23:59:59,18526279.00540000,62414,275271.60000000,7989022.21840000
1758844800000,2025-09-26 00:00:00,28.63000000,29.07000000,27.92000000,28.26000000,806509.38000000,1758859199999,2025-09-26 03:59:59,22968045.67030000,87873,353911.28000000,10092015.91290000
1758859200000,2025-09-26 04:00:00,28.26000000,28.49000000,27.59000000,28.28000000,611434.63000000,1758873599999,2025-09-26 07:59:59,17181479.24780000,65310,275457.92000000,7749502.23640000
1758873600000,2025-09-26 08:00:00,28.28000000,28.58000000,27.41000000,27.57000000,836239.79000000,1758887999999,2025-09-26 11:59:59,23322974.90880000,64435,356461.10000000,9963794.91620000
1758888000000,2025-09-26 12:00:00,27.57000000,27.91000000,27.07000000,27.89000000,1459153.74000000,1758902399999,2025-09-26 15:59:59,40210960.87200000,113608,738881.72000000,20375920.27080000
1758902400000,2025-09-26 16:00:00,27.90000000,29.60000000,27.82000000,28.71000000,2133431.81000000,1758916799999,2025-09-26 19:59:59,61686353.17570000,139073,1079402.31000000,31233220.52150000
1758916800000,2025-09-26 20:00:00,28.72000000,29.13000000,28.59000000,29.09000000,574997.37000000,1758931199999,2025-09-26 23:59:59,16558592.99900000,43821,295691.44000000,8515428.09190000
1758931200000,2025-09-27 00:00:00,29.10000000,29.11000000,28.65000000,28.76000000,325213.15000000,1758945599999,2025-09-27 03:59:59,9390153.23170000,27915,136472.06000000,3940184.59840000
1758945600000,2025-09-27 04:00:00,28.75000000,28.97000000,28.61000000,28.68000000,212350.27000000,1758959999999,2025-09-27 07:59:59,6108024.47320000,20654,98428.42000000,2830991.30290000
1758960000000,2025-09-27 08:00:00,28.68000000,28.68000000,28.29000000,28.35000000,338592.62000000,1758974399999,2025-09-27 11:59:59,9631740.24170000,28731,154293.73000000,4388775.25030000
1758974400000,2025-09-27 12:00:00,28.36000000,28.86000000,28.23000000,28.68000000,499677.28000000,1758988799999,2025-09-27 15:59:59,14258383.76220000,43821,263321.67000000,7517098.49620000
1758988800000,2025-09-27 16:00:00,28.69000000,28.79000000,28.40000000,28.77000000,301063.55000000,1759003199999,2025-09-27 19:59:59,8611290.30260000,36479,119466.04000000,3418553.84210000
1759003200000,2025-09-27 20:00:00,28.77000000,28.98000000,28.60000000,28.74000000,204650.18000000,1759017599999,2025-09-27 23:59:59,5893957.79350000,23262,89854.03000000,2588472.61820000
1759017600000,2025-09-28 00:00:00,28.75000000,28.90000000,28.19000000,28.26000000,280040.09000000,1759031999999,2025-09-28 03:59:59,8000148.63680000,24503,110022.26000000,3143257.66230000
1759032000000,2025-09-28 04:00:00,28.27000000,28.43000000,28.08000000,28.39000000,202079.75000000,1759046399999,2025-09-28 07:59:59,5713629.18330000,22086,98008.99000000,2772274.24710000
1759046400000,2025-09-28 08:00:00,28.38000000,28.78000000,28.04000000,28.12000000,375071.15000000,1759060799999,2025-09-28 11:59:59,10619228.74520000,45427,155495.57000000,4403042.72880000
1759060800000,2025-09-28 12:00:00,28.12000000,28.94000000,27.92000000,28.83000000,524718.66000000,1759075199999,2025-09-28 15:59:59,15001094.31600000,49159,268496.51000000,7682428.46720000
1759075200000,2025-09-28 16:00:00,28.83000000,29.13000000,28.81000000,29.01000000,493933.51000000,1759089599999,2025-09-28 19:59:59,14301982.77470000,33714,247525.59000000,7167988.76570000
1759089600000,2025-09-28 20:00:00,29.00000000,30.30000000,28.94000000,30.01000000,1121948.01000000,1759103999999,2025-09-28 23:59:59,33365204.04830000,81782,622942.69000000,18575507.92240000
1759104000000,2025-09-29 00:00:00,30.01000000,30.25000000,29.42000000,29.76000000,1066869.66000000,1759118399999,2025-09-29 03:59:59,31844995.68630000,70929,614233.25000000,18344550.26120000
1759118400000,2025-09-29 04:00:00,29.76000000,29.83000000,29.24000000,29.58000000,715762.01000000,1759132799999,2025-09-29 07:59:59,21123845.36200000,42853,374623.04000000,11063303.55930000
1759132800000,2025-09-29 08:00:00,29.58000000,30.04000000,29.13000000,29.69000000,1069156.56000000,1759147199999,2025-09-29 11:59:59,31727930.83500000,62404,676906.33000000,20091180.70870000
1759147200000,2025-09-29 12:00:00,29.69000000,30.54000000,29.16000000,30.46000000,1310415.36000000,1759161599999,2025-09-29 15:59:59,39325555.01020000,106579,692818.64000000,20810438.51460000
1759161600000,2025-09-29 16:00:00,30.46000000,30.71000000,30.03000000,30.48000000,771614.30000000,1759175999999,2025-09-29 19:59:59,23436296.23250000,71956,431081.14000000,13092677.26770000
1759176000000,2025-09-29 20:00:00,30.48000000,30.82000000,30.35000000,30.41000000,397738.56000000,1759190399999,2025-09-29 23:59:59,12163539.31500000,36454,194686.03000000,5952289.06330000
1759190400000,2025-09-30 00:00:00,30.41000000,30.72000000,29.84000000,29.88000000,693994.49000000,1759204799999,2025-09-30 03:59:59,20983785.53350000,49119,352331.65000000,10648680.29760000
1759204800000,2025-09-30 04:00:00,29.88000000,29.95000000,29.43000000,29.52000000,373026.02000000,1759219199999,2025-09-30 07:59:59,11089633.15420000,28213,199311.53000000,5927696.57500000
1759219200000,2025-09-30 08:00:00,29.51000000,29.76000000,29.20000000,29.44000000,565634.67000000,1759233599999,2025-09-30 11:59:59,16655031.93570000,37053,231438.86000000,6817905.02460000
1759233600000,2025-09-30 12:00:00,29.43000000,29.48000000,28.83000000,29.08000000,744249.79000000,1759247999999,2025-09-30 15:59:59,21717608.60100000,58486,321506.20000000,9386374.28440000
1759248000000,2025-09-30 16:00:00,29.07000000,30.09000000,28.81000000,30.01000000,624281.51000000,1759262399999,2025-09-30 19:59:59,18342781.63470000,65256,273758.98000000,8039763.72360000
1759262400000,2025-09-30 20:00:00,30.01000000,30.38000000,29.77000000,30.01000000,1007038.80000000,1759276799999,2025-09-30 23:59:59,30244289.16480000,94561,413288.60000000,12413504.71040000
1759276800000,2025-10-01 00:00:00,30.02000000,30.24000000,29.62000000,29.65000000,440246.91000000,1759291199999,2025-10-01 03:59:59,13190826.03740000,44577,199033.33000000,5965027.36920000
1759291200000,2025-10-01 04:00:00,29.64000000,30.10000000,29.61000000,30.01000000,435316.93000000,1759305599999,2025-10-01 07:59:59,13017006.13340000,51743,208349.49000000,6228646.15660000
1759305600000,2025-10-01 08:00:00,30.01000000,31.10000000,30.00000000,30.80000000,1085516.53000000,1759319999999,2025-10-01 11:59:59,33352976.24300000,86768,569612.51000000,17508475.54680000
1759320000000,2025-10-01 12:00:00,30.80000000,30.84000000,30.36000000,30.59000000,871899.66000000,1759334399999,2025-10-01 15:59:59,26666515.00270000,59106,407633.02000000,12469730.67680000
1759334400000,2025-10-01 16:00:00,30.58000000,30.73000000,30.46000000,30.61000000,551597.89000000,1759348799999,2025-10-01 19:59:59,16866067.06930000,38506,272990.82000000,8346416.58380000
1759348800000,2025-10-01 20:00:00,30.60000000,30.74000000,30.44000000,30.73000000,498614.01000000,1759363199999,2025-10-01 23:59:59,15245111.91000000,32635,259009.71000000,7920241.50020000
1759363200000,2025-10-02 00:00:00,30.74000000,31.38000000,30.45000000,30.86000000,1169293.61000000,1759377599999,2025-10-02 03:59:59,36149889.46310000,120609,517582.63000000,16007180.15520000
1759377600000,2025-10-02 04:00:00,30.86000000,30.96000000,30.58000000,30.59000000,881787.26000000,1759391999999,2025-10-02 07:59:59,27104517.00890000,60118,442618.54000000,13608203.62900000
1759392000000,2025-10-02 08:00:00,30.59000000,30.66000000,30.42000000,30.52000000,756943.70000000,1759406399999,2025-10-02 11:59:59,23123892.84770000,43353,388605.82000000,11873198.19170000
1759406400000,2025-10-02 12:00:00,30.52000000,30.75000000,29.48000000,30.01000000,2409593.53000000,1759420799999,2025-10-02 15:59:59,72626653.36510000,141878,1139192.68000000,34329919.60530000
1759420800000,2025-10-02 16:00:00,30.02000000,31.15000000,29.94000000,31.01000000,1154673.03000000,1759435199999,2025-10-02 19:59:59,35246181.84050000,72446,573125.78000000,17502360.56320000
1759435200000,2025-10-02 20:00:00,31.02000000,31.25000000,30.81000000,30.98000000,625169.84000000,1759449599999,2025-10-02 23:59:59,19354991.33770000,49816,288046.09000000,8916922.48620000
1759449600000,2025-10-03 00:00:00,30.97000000,31.02000000,30.46000000,30.76000000,580767.96000000,1759463999999,2025-10-03 03:59:59,17860320.63710000,50801,287910.44000000,8853354.61950000
1759464000000,2025-10-03 04:00:00,30.75000000,30.92000000,30.08000000,30.18000000,518279.35000000,1759478399999,2025-10-03 07:59:59,15784221.21680000,38882,245202.86000000,7468290.73180000
1759478400000,2025-10-03 08:00:00,30.18000000,30.50000000,29.99000000,30.16000000,529594.89000000,1759492799999,2025-10-03 11:59:59,16015355.28750000,36189,252692.68000000,7643323.56120000
1759492800000,2025-10-03 12:00:00,30.15000000,31.26000000,30.03000000,31.24000000,993296.14000000,1759507199999,2025-10-03 15:59:59,30379756.10940000,74079,544433.73000000,16661055.30420000
1759507200000,2025-10-03 16:00:00,31.24000000,31.57000000,30.49000000,31.18000000,1563447.09000000,1759521599999,2025-10-03 19:59:59,48652669.98070000,111739,704293.41000000,21916795.75040000
1759521600000,2025-10-03 20:00:00,31.17000000,31.49000000,31.12000000,31.31000000,566982.24000000,1759535999999,2025-10-03 23:59:59,17730732.45720000,30238,291675.19000000,9119084.18250000
1759536000000,2025-10-04 00:00:00,31.32000000,31.44000000,31.06000000,31.23000000,378438.83000000,1759550399999,2025-10-04 03:59:59,11809716.43870000,35002,196675.62000000,6137302.72650000
1759550400000,2025-10-04 04:00:00,31.22000000,31.39000000,30.78000000,30.81000000,304000.65000000,1759564799999,2025-10-04 07:59:59,9461575.12360000,27778,160607.04000000,4999931.20200000
1759564800000,2025-10-04 08:00:00,30.81000000,30.82000000,30.25000000,30.33000000,488012.91000000,1759579199999,2025-10-04 11:59:59,14896540.37780000,39251,245165.10000000,7485182.11760000
1759579200000,2025-10-04 12:00:00,30.32000000,30.55000000,29.85000000,29.93000000,841853.48000000,1759593599999,2025-10-04 15:59:59,25392188.33310000,56166,398102.92000000,12017367.76060000
1759593600000,2025-10-04 16:00:00,29.93000000,30.10000000,29.87000000,30.04000000,315860.52000000,1759607999999,2025-10-04 19:59:59,9471523.00350000,26498,148584.58000000,4455481.12510000
1759608000000,2025-10-04 20:00:00,30.04000000,30.30000000,30.02000000,30.12000000,244148.88000000,1759622399999,2025-10-04 23:59:59,7355284.73500000,17466,123155.60000000,3711079.35260000
1759622400000,2025-10-05 00:00:00,30.12000000,30.69000000,29.82000000,30.48000000,437917.16000000,1759636799999,2025-10-05 03:59:59,13241537.02700000,41832,239123.03000000,7236605.58730000
1759636800000,2025-10-05 04:00:00,30.47000000,31.09000000,30.36000000,31.08000000,602738.28000000,1759651199999,2025-10-05 07:59:59,18585457.83720000,50096,288316.36000000,8894338.42540000
1759651200000,2025-10-05 08:00:00,31.08000000,31.21000000,30.06000000,30.33000000,651726.64000000,1759665599999,2025-10-05 11:59:59,19945789.20780000,53339,249829.82000000,7652114.60700000
1759665600000,2025-10-05 12:00:00,30.33000000,30.35000000,29.97000000,30.24000000,442183.52000000,1759679999999,2025-10-05 15:59:59,13332929.06960000,34021,236308.74000000,7125514.89730000
1759680000000,2025-10-05 16:00:00,30.24000000,30.31000000,29.67000000,29.71000000,473921.09000000,1759694399999,2025-10-05 19:59:59,14213294.11190000,34742,258346.43000000,7753105.10240000
1759694400000,2025-10-05 20:00:00,29.70000000,30.11000000,29.63000000,30.07000000,384658.72000000,1759708799999,2025-10-05 23:59:59,11502350.27390000,23857,227567.63000000,6807250.78090000
1759708800000,2025-10-06 00:00:00,30.07000000,30.39000000,29.94000000,30.25000000,484754.45000000,1759723199999,2025-10-06 03:59:59,14621177.19540000,44811,270892.93000000,8170334.89820000
1759723200000,2025-10-06 04:00:00,30.25000000,30.47000000,30.12000000,30.30000000,342191.33000000,1759737599999,2025-10-06 07:59:59,10363114.17690000,32646,160175.88000000,4851051.47470000
1759737600000,2025-10-06 08:00:00,30.30000000,30.80000000,30.30000000,30.50000000,442850.20000000,1759751999999,2025-10-06 11:59:59,13507732.68280000,40883,219391.09000000,6693716.17550000
1759752000000,2025-10-06 12:00:00,30.50000000,30.98000000,30.42000000,30.83000000,850540.44000000,1759766399999,2025-10-06 15:59:59,26110994.36180000,59874,367784.54000000,11285481.27500000
1759766400000,2025-10-06 16:00:00,30.83000000,31.03000000,30.63000000,30.84000000,615740.53000000,1759780799999,2025-10-06 19:59:59,18985652.11750000,35264,242829.20000000,7489390.49570000
1759780800000,2025-10-06 20:00:00,30.84000000,30.94000000,30.52000000,30.61000000,349324.66000000,1759795199999,2025-10-06 23:59:59,10727267.62610000,23918,124208.20000000,3813945.15990000
1759795200000,2025-10-07 00:00:00,30.61000000,30.73000000,30.30000000,30.34000000,251725.80000000,1759809599999,2025-10-07 03:59:59,7661400.75230000,25622,109599.92000000,3334497.67050000
1759809600000,2025-10-07 04:00:00,30.34000000,30.59000000,30.04000000,30.10000000,439031.18000000,1759823999999,2025-10-07 07:59:59,13298400.72290000,37708,183112.41000000,5546411.16390000
1759824000000,2025-10-07 08:00:00,30.10000000,30.11000000,29.52000000,30.02000000,812860.08000000,1759838399999,2025-10-07 11:59:59,24234159.73720000,61503,405614.31000000,12096037.62190000
1759838400000,2025-10-07 12:00:00,30.02000000,30.02000000,28.43000000,28.54000000,1861386.93000000,1759852799999,2025-10-07 15:59:59,54363259.62710000,119048,890450.43000000,25963958.18770000
1759852800000,2025-10-07 16:00:00,28.54000000,28.77000000,28.08000000,28.10000000,848096.85000000,1759867199999,2025-10-07 19:59:59,24087090.11040000,50102,459819.10000000,13075013.55490000
1759867200000,2025-10-07 20:00:00,28.10000000,28.43000000,27.81000000,27.93000000,677261.56000000,1759881599999,2025-10-07 23:59:59,19084600.29380000,44399,310306.46000000,8749117.02730000
1759881600000,2025-10-08 00:00:00,27.92000000,28.36000000,27.87000000,27.97000000,449642.09000000,1759895999999,2025-10-08 03:59:59,12643289.23510000,37076,229305.85000000,6446002.14640000
1759896000000,2025-10-08 04:00:00,27.97000000,28.30000000,27.84000000,28.29000000,267401.59000000,1759910399999,2025-10-08 07:59:59,7516328.63480000,29682,122522.88000000,3444213.51390000
1759910400000,2025-10-08 08:00:00,28.30000000,28.49000000,28.16000000,28.30000000,283324.05000000,1759924799999,2025-10-08 11:59:59,8023518.63390000,24053,155150.75000000,4394948.86870000
1759924800000,2025-10-08 12:00:00,28.30000000,28.75000000,28.20000000,28.30000000,479323.95000000,1759939199999,2025-10-08 15:59:59,13639006.51400000,43848,246923.46000000,7031973.34910000
1759939200000,2025-10-08 16:00:00,28.29000000,29.63000000,28.24000000,29.20000000,930210.60000000,1759953599999,2025-10-08 19:59:59,27002591.91050000,71484,505647.13000000,14684972.83160000
1759953600000,2025-10-08 20:00:00,29.19000000,29.26000000,28.77000000,28.82000000,241697.69000000,1759967999999,2025-10-08 23:59:59,6998359.64230000,22765,117783.66000000,3408018.16280000
1759968000000,2025-10-09 00:00:00,28.82000000,28.90000000,28.10000000,28.40000000,251592.50000000,1759982399999,2025-10-09 03:59:59,7151361.88540000,22364,115769.86000000,3291569.45140000
1759982400000,2025-10-09 04:00:00,28.41000000,28.57000000,28.28000000,28.36000000,150366.88000000,1759996799999,2025-10-09 07:59:59,4275734.32070000,13877,70382.50000000,2001629.18100000
1759996800000,2025-10-09 08:00:00,28.36000000,28.46000000,27.96000000,28.31000000,351301.15000000,1760011199999,2025-10-09 11:59:59,9897947.09450000,32908,175310.28000000,4938329.56940000
1760011200000,2025-10-09 12:00:00,28.30000000,28.72000000,27.83000000,27.97000000,502532.47000000,1760025599999,2025-10-09 15:59:59,14181801.66300000,55379,224513.81000000,6335864.09960000
1760025600000,2025-10-09 16:00:00,27.97000000,28.19000000,27.58000000,28.08000000,666976.88000000,1760039999999,2025-10-09 19:59:59,18628619.49580000,43647,332897.96000000,9303040.65610000
1760040000000,2025-10-09 20:00:00,28.07000000,28.46000000,27.96000000,28.38000000,346720.93000000,1760054399999,2025-10-09 23:59:59,9779049.64210000,26031,195460.97000000,5513655.92850000
1760054400000,2025-10-10 00:00:00,28.38000000,28.57000000,28.26000000,28.36000000,428790.95000000,1760068799999,2025-10-10 03:59:59,12172991.20790000,28598,200666.60000000,5695548.18760000
1760068800000,2025-10-10 04:00:00,28.36000000,28.62000000,28.19000000,28.21000000,373925.33000000,1760083199999,2025-10-10 07:59:59,10613104.37730000,23582,195570.60000000,5550309.20150000
1760083200000,2025-10-10 08:00:00,28.21000000,28.41000000,28.03000000,28.26000000,351793.06000000,1760097599999,2025-10-10 11:59:59,9936883.71840000,24695,187572.39000000,5296940.19730000
1760097600000,2025-10-10 12:00:00,28.26000000,28.49000000,26.61000000,26.99000000,1664408.52000000,1760111999999,2025-10-10 15:59:59,45805407.21110000,112919,729837.18000000,20087976.36230000
1760112000000,2025-10-10 16:00:00,26.99000000,27.12000000,26.05000000,26.44000000,1494651.55000000,1760126399999,2025-10-10 19:59:59,39846228.69000000,98562,686802.45000000,18321146.60320000
1760126400000,2025-10-10 20:00:00,26.44000000,27.80000000,8.52000000,20.68000000,11074342.61000000,1760140799999,2025-10-10 23:59:59,237049126.22490000,934080,5491750.57000000,117088536.24440000
1760140800000,2025-10-11 00:00:00,20.67000000,22.87000000,20.27000000,21.94000000,3458132.35000000,1760155199999,2025-10-11 03:59:59,73966542.48200000,245366,1675970.42000000,35951866.03280000
1760155200000,2025-10-11 04:00:00,21.95000000,22.67000000,21.73000000,22.20000000,1400015.12000000,1760169599999,2025-10-11 07:59:59,30990919.71490000,98216,677475.67000000,14993722.25300000
1760169600000,2025-10-11 08:00:00,22.21000000,23.38000000,22.11000000,22.68000000,909805.46000000,1760183999999,2025-10-11 11:59:59,20779211.37250000,78121,479005.98000000,10937586.52390000
1760184000000,2025-10-11 12:00:00,22.68000000,22.97000000,21.99000000,22.81000000,1324911.13000000,1760198399999,2025-10-11 15:59:59,29943205.60110000,100271,739195.08000000,16726083.73730000
1760198400000,2025-10-11 16:00:00,22.82000000,23.15000000,21.78000000,21.90000000,1053960.75000000,1760212799999,2025-10-11 19:59:59,23723128.04300000,68637,516029.37000000,11654310.27360000
1760212800000,2025-10-11 20:00:00,21.90000000,21.96000000,20.92000000,21.46000000,975345.82000000,1760227199999,2025-10-11 23:59:59,20900050.97350000,88105,509446.41000000,10917712.81450000
1760227200000,2025-10-12 00:00:00,21.45000000,21.48000000,20.66000000,21.02000000,633445.29000000,1760241599999,2025-10-12 03:59:59,13322976.10070000,62854,313197.45000000,6587915.52510000
1760241600000,2025-10-12 04:00:00,21.03000000,21.57000000,21.00000000,21.37000000,434124.03000000,1760255999999,2025-10-12 07:59:59,9278388.08270000,31348,250117.54000000,5344783.32570000
1760256000000,2025-10-12 08:00:00,21.37000000,21.46000000,20.92000000,21.10000000,512108.58000000,1760270399999,2025-10-12 11:59:59,10833291.19790000,33961,300653.39000000,6360776.52780000
1760270400000,2025-10-12 12:00:00,21.09000000,22.56000000,20.77000000,22.37000000,2141296.33000000,1760284799999,2025-10-12 15:59:59,46529662.57870000,161399,1083856.20000000,23564049.40190000
1760284800000,2025-10-12 16:00:00,22.36000000,23.13000000,22.30000000,23.02000000,1995338.64000000,1760299199999,2025-10-12 19:59:59,45348197.49010000,141010,958317.54000000,21785071.80640000
1760299200000,2025-10-12 20:00:00,23.03000000,23.34000000,22.26000000,22.51000000,1366958.70000000,1760313599999,2025-10-12 23:59:59,31119737.12970000,98002,690595.59000000,15735224.39750000
1760313600000,2025-10-13 00:00:00,22.50000000,22.59000000,21.87000000,22.23000000,1318883.62000000,1760327999999,2025-10-13 03:59:59,29258862.91780000,96195,584460.25000000,12972540.40510000
1760328000000,2025-10-13 04:00:00,22.24000000,22.89000000,22.13000000,22.70000000,1203493.32000000,1760342399999,2025-10-13 07:59:59,27079460.00820000,71169,601138.64000000,13529649.41580000
1760342400000,2025-10-13 08:00:00,22.71000000,23.05000000,21.68000000,22.19000000,1848794.45000000,1760356799999,2025-10-13 11:59:59,41659147.53490000,102486,966461.76000000,21820120.69990000
1760356800000,2025-10-13 12:00:00,22.19000000,22.95000000,22.03000000,22.79000000,2348518.21000000,1760371199999,2025-10-13 15:59:59,53098264.29080000,148764,1170873.28000000,26471517.07960000
1760371200000,2025-10-13 16:00:00,22.80000000,24.07000000,22.64000000,23.85000000,1783161.61000000,1760385599999,2025-10-13 19:59:59,41658278.94510000,117333,1054761.09000000,24664813.41550000
1760385600000,2025-10-13 20:00:00,23.85000000,24.05000000,23.70000000,23.80000000,775009.12000000,1760399999999,2025-10-13 23:59:59,18487992.04810000,45070,390189.24000000,9312620.48170000
1760400000000,2025-10-14 00:00:00,23.80000000,23.90000000,23.18000000,23.34000000,917049.84000000,1760414399999,2025-10-14 03:59:59,21648699.36610000,50373,437091.74000000,10314131.76760000
1760414400000,2025-10-14 04:00:00,23.34000000,23.37000000,22.00000000,22.14000000,1552641.71000000,1760428799999,2025-10-14 07:59:59,35032484.98610000,117273,664140.70000000,15001907.42530000
1760428800000,2025-10-14 08:00:00,22.14000000,22.76000000,21.95000000,22.42000000,899171.73000000,1760443199999,2025-10-14 11:59:59,20082914.81900000,77558,427674.13000000,9552922.57550000
1760443200000,2025-10-14 12:00:00,22.42000000,22.84000000,21.81000000,22.80000000,1130707.21000000,1760457599999,2025-10-14 15:59:59,25211725.76880000,103613,527082.81000000,11758684.92060000
1760457600000,2025-10-14 16:00:00,22.80000000,23.14000000,22.34000000,22.56000000,1826462.06000000,1760471999999,2025-10-14 19:59:59,41688796.32900000,110618,864573.43000000,19743200.57920000
1760472000000,2025-10-14 20:00:00,22.57000000,22.84000000,22.47000000,22.74000000,515616.21000000,1760486399999,2025-10-14 23:59:59,11698424.50200000,34724,275669.59000000,6254918.81760000
1760486400000,2025-10-15 00:00:00,22.73000000,22.91000000,22.37000000,22.47000000,583685.03000000,1760500799999,2025-10-15 03:59:59,13211024.60140000,38872,270582.16000000,6122890.30810000
1760500800000,2025-10-15 04:00:00,22.48000000,23.00000000,22.40000000,22.98000000,514616.63000000,1760515199999,2025-10-15 07:59:59,11705540.74890000,31208,277739.02000000,6319707.76250000
1760515200000,2025-10-15 08:00:00,22.97000000,23.29000000,22.41000000,22.56000000,554426.87000000,1760529599999,2025-10-15 11:59:59,12684909.92490000,39276,255356.09000000,5842968.26700000
1760529600000,2025-10-15 12:00:00,22.57000000,22.59000000,21.77000000,21.93000000,973722.57000000,1760543999999,2025-10-15 15:59:59,21578312.56810000,89481,458606.01000000,10166500.03500000
1760544000000,2025-10-15 16:00:00,21.93000000,22.17000000,21.60000000,21.99000000,603934.95000000,1760558399999,2025-10-15 19:59:59,13238705.50040000,49263,219216.64000000,4803279.39530000
1760558400000,2025-10-15 20:00:00,22.00000000,22.09000000,21.56000000,21.90000000,426868.28000000,1760572799999,2025-10-15 23:59:59,9333554.65200000,40181,198248.41000000,4335667.51850000
1760572800000,2025-10-16 00:00:00,21.90000000,22.14000000,21.79000000,21.93000000,231867.34000000,1760587199999,2025-10-16 03:59:59,5096209.43240000,24642,117049.97000000,2572881.48660000
1760587200000,2025-10-16 04:00:00,21.93000000,22.10000000,21.70000000,21.88000000,261889.82000000,1760601599999,2025-10-16 07:59:59,5738965.62850000,23995,120833.44000000,2649119.49780000
1760601600000,2025-10-16 08:00:00,21.87000000,22.32000000,21.00000000,22.25000000,1026953.94000000,1760615999999,2025-10-16 11:59:59,22323679.00420000,62953,508510.88000000,11065620.63890000
1760616000000,2025-10-16 12:00:00,22.26000000,22.39000000,21.04000000,21.15000000,948053.71000000,1760630399999,2025-10-16 15:59:59,20643341.05300000,69368,479213.34000000,10441815.07690000
1760630400000,2025-10-16 16:00:00,21.14000000,21.52000000,20.58000000,20.78000000,1175924.65000000,1760644799999,2025-10-16 19:59:59,24756718.10990000,106575,573136.53000000,12070853.27510000
1760644800000,2025-10-16 20:00:00,20.79000000,21.02000000,20.59000000,20.98000000,704135.15000000,1760659199999,2025-10-16 23:59:59,14633451.91280000,43439,356449.24000000,7405273.45090000
1760659200000,2025-10-17 00:00:00,20.97000000,21.27000000,20.85000000,20.97000000,311206.56000000,1760673599999,2025-10-17 03:59:59,6539324.60270000,23557,184348.42000000,3874382.08760000
1760673600000,2025-10-17 04:00:00,20.97000000,20.98000000,19.35000000,19.40000000,1449740.58000000,1760687999999,2025-10-17 07:59:59,29127436.96860000,96910,689156.34000000,13859671.11230000
1760688000000,2025-10-17 08:00:00,19.40000000,20.03000000,19.03000000,19.82000000,1835082.58000000,1760702399999,2025-10-17 11:59:59,35665767.47490000,133428,928291.34000000,18057705.85540000
1760702400000,2025-10-17 12:00:00,19.82000000,19.99000000,19.40000000,19.94000000,928636.15000000,1760716799999,2025-10-17 15:59:59,18343207.58910000,76683,457633.60000000,9041268.36780000
1760716800000,2025-10-17 16:00:00,19.94000000,20.25000000,19.81000000,19.93000000,842113.55000000,1760731199999,2025-10-17 19:59:59,16861324.04330000,55849,367439.00000000,7359286.91950000
1760731200000,2025-10-17 20:00:00,19.93000000,20.32000000,19.88000000,19.96000000,445473.61000000,1760745599999,2025-10-17 23:59:59,8956852.52320000,23434,184881.92000000,3719416.42870000
1760745600000,2025-10-18 00:00:00,19.95000000,20.21000000,19.89000000,20.04000000,200509.35000000,1760759999999,2025-10-18 03:59:59,4025000.29910000,15958,86577.18000000,1737595.06030000
1760760000000,2025-10-18 04:00:00,20.04000000,20.42000000,19.86000000,20.17000000,414945.19000000,1760774399999,2025-10-18 07:59:59,8373623.29940000,23568,184300.95000000,3719296.53860000
1760774400000,2025-10-18 08:00:00,20.17000000,20.35000000,20.10000000,20.21000000,358805.10000000,1760788799999,2025-10-18 11:59:59,7251030.70360000,20310,138657.35000000,2803079.53760000
1760788800000,2025-10-18 12:00:00,20.22000000,20.31000000,19.86000000,20.03000000,302606.07000000,1760803199999,2025-10-18 15:59:59,6063775.70930000,22051,105647.76000000,2118099.36960000
1760803200000,2025-10-18 16:00:00,20.03000000,20.19000000,19.82000000,20.17000000,264430.61000000,1760817599999,2025-10-18 19:59:59,5300234.83040000,17956,108052.54000000,2164102.84010000
1760817600000,2025-10-18 20:00:00,20.16000000,20.28000000,20.09000000,20.21000000,135288.85000000,1760831999999,2025-10-18 23:59:59,2733276.55100000,10890,53423.92000000,1079413.20320000
1760832000000,2025-10-19 00:00:00,20.22000000,20.29000000,19.99000000,20.28000000,123251.18000000,1760846399999,2025-10-19 03:59:59,2479964.38980000,12362,55170.28000000,1110354.74270000
1760846400000,2025-10-19 04:00:00,20.28000000,20.29000000,19.87000000,19.96000000,159785.74000000,1760860799999,2025-10-19 07:59:59,3205771.90600000,12891,71589.46000000,1434550.87420000
1760860800000,2025-10-19 08:00:00,19.95000000,20.61000000,19.75000000,20.40000000,734183.45000000,1760875199999,2025-10-19 11:59:59,14830302.12900000,54119,357781.01000000,7222845.71620000
1760875200000,2025-10-19 12:00:00,20.40000000,20.84000000,20.30000000,20.74000000,503521.20000000,1760889599999,2025-10-19 15:59:59,10396238.82540000,34022,252217.76000000,5208891.69370000
1760889600000,2025-10-19 16:00:00,20.74000000,20.84000000,20.54000000,20.73000000,411215.66000000,1760903999999,2025-10-19 19:59:59,8517497.00800000,21452,209630.77000000,4342208.75690000
1760904000000,2025-10-19 20:00:00,20.72000000,20.82000000,20.57000000,20.59000000,211226.87000000,1760918399999,2025-10-19 23:59:59,4374049.39890000,12079,98457.41000000,2040088.93980000
1760918400000,2025-10-20 00:00:00,20.59000000,21.08000000,20.17000000,21.02000000,412886.46000000,1760932799999,2025-10-20 03:59:59,8486062.33340000,31217,209777.68000000,4312613.48320000
1760932800000,2025-10-20 04:00:00,21.02000000,21.21000000,20.84000000,20.92000000,830651.08000000,1760947199999,2025-10-20 07:59:59,17443021.23360000,36982,407490.84000000,8554684.39280000
1760947200000,2025-10-20 08:00:00,20.92000000,20.95000000,20.61000000,20.78000000,390881.52000000,1760961599999,2025-10-20 11:59:59,8121416.10210000,26560,184760.38000000,3839889.76070000
1760961600000,2025-10-20 12:00:00,20.78000000,20.88000000,20.55000000,20.61000000,466066.66000000,1760975999999,2025-10-20 15:59:59,9649123.22790000,30303,188584.54000000,3905198.54290000
1760976000000,2025-10-20 16:00:00,20.61000000,20.61000000,20.24000000,20.53000000,619967.79000000,1760990399999,2025-10-20 19:59:59,12641797.76500000,37342,317902.12000000,6481451.86900000
1760990400000,2025-10-20 20:00:00,20.52000000,20.63000000,20.33000000,20.34000000,235070.53000000,1761004799999,2025-10-20 23:59:59,4808239.91440000,11934,128279.99000000,2623857.03630000
1761004800000,2025-10-21 00:00:00,20.34000000,20.37000000,19.82000000,19.85000000,324272.38000000,1761019199999,2025-10-21 03:59:59,6518124.47890000,17447,181043.74000000,3640243.82410000
1761019200000,2025-10-21 04:00:00,19.85000000,19.85000000,19.46000000,19.78000000,458941.75000000,1761033599999,2025-10-21 07:59:59,9001751.33430000,30803,241116.90000000,4727936.56920000
1761033600000,2025-10-21 08:00:00,19.78000000,20.03000000,19.60000000,19.99000000,282726.24000000,1761047999999,2025-10-21 11:59:59,5613915.11220000,16284,149811.33000000,2975723.25750000
1761048000000,2025-10-21 12:00:00,19.99000000,20.85000000,19.81000000,20.76000000,1086248.63000000,1761062399999,2025-10-21 15:59:59,22128387.56050000,63551,505704.36000000,10297527.28200000
1761062400000,2025-10-21 16:00:00,20.77000000,20.84000000,20.23000000,20.40000000,982234.58000000,1761076799999,2025-10-21 19:59:59,20183440.05400000,54673,431847.47000000,8870275.50250000
1761076800000,2025-10-21 20:00:00,20.40000000,20.42000000,19.48000000,19.54000000,623435.65000000,1761091199999,2025-10-21 23:59:59,12444767.80200000,41355,305880.56000000,6100310.15710000
1761091200000,2025-10-22 00:00:00,19.54000000,19.66000000,19.34000000,19.46000000,485400.41000000,1761105599999,2025-10-22 03:59:59,9451349.02280000,28686,222658.60000000,4337625.75900000
1761105600000,2025-10-22 04:00:00,19.45000000,19.65000000,19.29000000,19.56000000,336388.52000000,1761119999999,2025-10-22 07:59:59,6548184.78180000,19240,194762.78000000,3792711.83780000
1761120000000,2025-10-22 08:00:00,19.56000000,19.69000000,19.12000000,19.59000000,422646.01000000,1761134399999,2025-10-22 11:59:59,8220970.39640000,29628,206360.59000000,4018149.43880000
1761134400000,2025-10-22 12:00:00,19.59000000,19.71000000,19.25000000,19.54000000,669598.11000000,1761148799999,2025-10-22 15:59:59,13054772.79900000,52385,352704.15000000,6877279.66760000
1761148800000,2025-10-22 16:00:00,19.53000000,19.59000000,18.84000000,19.08000000,632591.89000000,1761163199999,2025-10-22 19:59:59,12195666.67670000,40383,284182.72000000,5482981.43690000
1761163200000,2025-10-22 20:00:00,19.08000000,19.13000000,18.42000000,19.02000000,789461.85000000,1761177599999,2025-10-22 23:59:59,14807779.21700000,50346,392834.38000000,7373588.29890000
1761177600000,2025-10-23 00:00:00,19.02000000,19.21000000,18.98000000,19.12000000,198498.51000000,1761191999999,2025-10-23 03:59:59,3789849.91670000,14891,91072.29000000,1739352.06550000
1761192000000,2025-10-23 04:00:00,19.12000000,19.58000000,19.09000000,19.55000000,275561.27000000,1761206399999,2025-10-23 07:59:59,5351737.89740000,16949,142558.32000000,2767202.89670000
1761206400000,2025-10-23 08:00:00,19.55000000,19.62000000,19.39000000,19.42000000,270018.46000000,1761220799999,2025-10-23 11:59:59,5268345.10930000,14497,108325.96000000,2114133.18270000
1761220800000,2025-10-23 12:00:00,19.41000000,19.62000000,19.25000000,19.54000000,600059.08000000,1761235199999,2025-10-23 15:59:59,11651064.64160000,39553,300865.28000000,5844286.65050000
1761235200000,2025-10-23 16:00:00,19.55000000,19.74000000,19.36000000,19.38000000,749272.96000000,1761249599999,2025-10-23 19:59:59,14652007.45420000,29702,386345.93000000,7553562.73820000
1761249600000,2025-10-23 20:00:00,19.38000000,19.38000000,18.98000000,19.14000000,522943.02000000,1761263999999,2025-10-23 23:59:59,10020516.17110000,19812,298394.40000000,5716775.10540000
1761264000000,2025-10-24 00:00:00,19.13000000,19.28000000,19.02000000,19.23000000,232892.31000000,1761278399999,2025-10-24 03:59:59,4463610.67020000,18578,137755.08000000,2640762.07690000
1761278400000,2025-10-24 04:00:00,19.22000000,19.66000000,19.17000000,19.49000000,368357.35000000,1761292799999,2025-10-24 07:59:59,7193967.51260000,21168,186407.67000000,3640123.38080000
1761292800000,2025-10-24 08:00:00,19.50000000,19.67000000,19.37000000,19.50000000,224736.97000000,1761307199999,2025-10-24 11:59:59,4389550.18490000,15314,97850.36000000,1911642.98290000
1761307200000,2025-10-24 12:00:00,19.50000000,19.96000000,19.23000000,19.26000000,782341.09000000,1761321599999,2025-10-24 15:59:59,15301703.73160000,50294,387843.15000000,7587197.84140000
1761321600000,2025-10-24 16:00:00,19.27000000,19.57000000,19.12000000,19.51000000,334237.51000000,1761335999999,2025-10-24 19:59:59,6467065.31540000,17433,163462.70000000,3164932.20700000
1761336000000,2025-10-24 20:00:00,19.51000000,19.65000000,19.47000000,19.49000000,455807.43000000,1761350399999,2025-10-24 23:59:59,8917937.33150000,19194,274673.44000000,5373608.21170000
1761350400000,2025-10-25 00:00:00,19.49000000,19.52000000,19.32000000,19.34000000,279817.72000000,1761364799999,2025-10-25 03:59:59,5431917.37930000,13113,157512.68000000,3057836.90240000
1761364800000,2025-10-25 04:00:00,19.34000000,19.46000000,19.29000000,19.36000000,305928.97000000,1761379199999,2025-10-25 07:59:59,5920443.03530000,11557,183453.61000000,3550708.72310000
1761379200000,2025-10-25 08:00:00,19.36000000,19.45000000,19.24000000,19.33000000,184126.29000000,1761393599999,2025-10-25 11:59:59,3563446.00450000,9545,97292.52000000,1883547.00590000
1761393600000,2025-10-25 12:00:00,19.34000000,19.57000000,19.32000000,19.53000000,200758.38000000,1761407999999,2025-10-25 15:59:59,3914247.66910000,13701,87556.38000000,1706794.26850000
1761408000000,2025-10-25 16:00:00,19.53000000,19.83000000,19.45000000,19.74000000,315660.62000000,1761422399999,2025-10-25 19:59:59,6213874.65390000,14449,146226.18000000,2877941.73120000
1761422400000,2025-10-25 20:00:00,19.74000000,19.77000000,19.64000000,19.71000000,195134.77000000,1761436799999,2025-10-25 23:59:59,3845956.31250000,9863,90585.20000000,1785598.34160000
1761436800000,2025-10-26 00:00:00,19.72000000,19.81000000,19.34000000,19.39000000,253759.33000000,1761451199999,2025-10-26 03:59:59,4967965.82870000,13529,109603.75000000,2145425.34680000
1761451200000,2025-10-26 04:00:00,19.38000000,19.72000000,19.36000000,19.70000000,168709.38000000,1761465599999,2025-10-26 07:59:59,3304930.44080000,8120,84941.33000000,1663215.16960000
1761465600000,2025-10-26 08:00:00,19.71000000,20.40000000,19.71000000,20.37000000,956165.88000000,1761479999999,2025-10-26 11:59:59,19190704.98960000,39632,496675.49000000,9970939.28790000
1761480000000,2025-10-26 12:00:00,20.37000000,20.67000000,20.27000000,20.41000000,820868.72000000,1761494399999,2025-10-26 15:59:59,16768825.62960000,37566,392701.94000000,8023780.41280000
1761494400000,2025-10-26 16:00:00,20.41000000,20.42000000,20.21000000,20.31000000,209429.23000000,1761508799999,2025-10-26 19:59:59,4248465.20490000,12882,90904.51000000,1844446.99130000
1761508800000,2025-10-26 20:00:00,20.30000000,20.96000000,20.10000000,20.82000000,667526.72000000,1761523199999,2025-10-26 23:59:59,13747141.25760000,32830,310391.26000000,6394047.64450000
1761523200000,2025-10-27 00:00:00,20.83000000,21.04000000,20.73000000,20.80000000,320229.83000000,1761537599999,2025-10-27 03:59:59,6687201.23020000,22241,161175.89000000,3367223.03360000
1761537600000,2025-10-27 04:00:00,20.81000000,21.10000000,20.67000000,20.81000000,454221.46000000,1761551999999,2025-10-27 07:59:59,9509471.46840000,27481,229696.53000000,4808737.97940000
1761552000000,2025-10-27 08:00:00,20.81000000,20.90000000,20.43000000,20.57000000,373270.81000000,1761566399999,2025-10-27 11:59:59,7692645.33930000,26700,158237.73000000,3260942.23520000
1761566400000,2025-10-27 12:00:00,20.57000000,20.57000000,20.24000000,20.46000000,327919.41000000,1761580799999,2025-10-27 15:59:59,6695022.24610000,29575,148366.82000000,3029184.88760000
1761580800000,2025-10-27 16:00:00,20.45000000,20.79000000,20.45000000,20.60000000,352449.99000000,1761595199999,2025-10-27 19:59:59,7276715.52050000,22448,189417.32000000,3909535.77790000
1761595200000,2025-10-27 20:00:00,20.60000000,20.65000000,20.17000000,20.33000000,542544.19000000,1761609599999,2025-10-27 23:59:59,11096496.69660000,28802,313400.70000000,6411582.27870000
1761609600000,2025-10-28 00:00:00,20.33000000,20.48000000,20.16000000,20.22000000,232460.45000000,1761623999999,2025-10-28 03:59:59,4716286.90400000,16639,123691.76000000,2509862.07120000
1761624000000,2025-10-28 04:00:00,20.22000000,20.50000000,19.99000000,20.31000000,300131.56000000,1761638399999,2025-10-28 07:59:59,6073090.30280000,23809,151965.39000000,3074420.69960000
1761638400000,2025-10-28 08:00:00,20.31000000,20.52000000,20.16000000,20.18000000,224696.03000000,1761652799999,2025-10-28 11:59:59,4565982.57600000,15458,114674.53000000,2329719.50120000
1761652800000,2025-10-28 12:00:00,20.19000000,20.49000000,19.77000000,20.01000000,714222.62000000,1761667199999,2025-10-28 15:59:59,14426134.13060000,47424,375479.62000000,7587007.94070000
1761667200000,2025-10-28 16:00:00,20.00000000,20.19000000,19.57000000,19.64000000,453935.95000000,1761681599999,2025-10-28 19:59:59,9040780.51900000,31016,246934.64000000,4922270.47600000
1761681600000,2025-10-28 20:00:00,19.64000000,19.64000000,19.13000000,19.47000000,743063.29000000,1761695999999,2025-10-28 23:59:59,14402887.95100000,44909,368296.14000000,7138660.88340000
1761696000000,2025-10-29 00:00:00,19.47000000,19.56000000,19.36000000,19.47000000,160994.69000000,1761710399999,2025-10-29 03:59:59,3131342.44160000,10937,73912.79000000,1438149.01580000
1761710400000,2025-10-29 04:00:00,19.46000000,19.64000000,19.45000000,19.60000000,135015.54000000,1761724799999,2025-10-29 07:59:59,2638223.10240000,9714,55504.59000000,1084493.03130000
1761724800000,2025-10-29 08:00:00,19.60000000,19.77000000,19.43000000,19.74000000,216626.62000000,1761739199999,2025-10-29 11:59:59,4240845.27180000,11948,96067.19000000,1883533.99820000
1761739200000,2025-10-29 12:00:00,19.73000000,19.85000000,19.34000000,19.44000000,333262.54000000,1761753599999,2025-10-29 15:59:59,6537949.41790000,21685,145482.84000000,2858486.59280000
1761753600000,2025-10-29 16:00:00,19.44000000,20.20000000,19.31000000,19.94000000,1186565.48000000,1761767999999,2025-10-29 19:59:59,23462665.13670000,75422,600116.58000000,11862411.86800000
1761768000000,2025-10-29 20:00:00,19.95000000,20.16000000,19.55000000,19.66000000,437110.29000000,1761782399999,2025-10-29 23:59:59,8721345.43160000,24736,189935.58000000,3793186.93760000
1761782400000,2025-10-30 00:00:00,19.66000000,19.97000000,19.52000000,19.84000000,150460.41000000,1761796799999,2025-10-30 03:59:59,2976239.77760000,23943,67507.31000000,1334372.18190000
1761796800000,2025-10-30 04:00:00,19.84000000,19.88000000,19.06000000,19.83000000,615039.68000000,1761811199999,2025-10-30 07:59:59,11961934.07480000,53604,294791.24000000,5727599.74340000
1761811200000,2025-10-30 08:00:00,19.84000000,19.89000000,19.21000000,19.24000000,280914.91000000,1761825599999,2025-10-30 11:59:59,5474982.29690000,22501,146684.31000000,2858674.17260000
1761825600000,2025-10-30 12:00:00,19.25000000,19.26000000,18.14000000,18.23000000,1072729.77000000,1761839999999,2025-10-30 15:59:59,19962761.09930000,85806,490479.11000000,9126465.15290000
1761840000000,2025-10-30 16:00:00,18.24000000,18.34000000,17.51000000,17.59000000,1494402.19000000,1761854399999,2025-10-30 19:59:59,26573081.12740000,81842,647394.79000000,11528248.59950000
1761854400000,2025-10-30 20:00:00,17.58000000,18.16000000,17.54000000,18.11000000,636830.10000000,1761868799999,2025-10-30 23:59:59,11401132.20930000,34625,337851.48000000,6049410.42970000
1761868800000,2025-10-31 00:00:00,18.12000000,18.41000000,18.05000000,18.26000000,305845.38000000,1761883199999,2025-10-31 03:59:59,5579569.80900000,23823,142866.40000000,2606454.22200000
1761883200000,2025-10-31 04:00:00,18.27000000,18.48000000,18.23000000,18.25000000,476265.23000000,1761897599999,2025-10-31 07:59:59,8752839.26780000,21788,243482.68000000,4475775.79940000
1761897600000,2025-10-31 08:00:00,18.26000000,18.53000000,18.20000000,18.50000000,314289.15000000,1761911999999,2025-10-31 11:59:59,5757790.89130000,16078,152558.98000000,2798464.56990000
1761912000000,2025-10-31 12:00:00,18.50000000,18.58000000,18.25000000,18.27000000,645978.25000000,1761926399999,2025-10-31 15:59:59,11899419.60930000,34474,295375.23000000,5443922.95410000
1761926400000,2025-10-31 16:00:00,18.26000000,18.38000000,17.78000000,18.28000000,676258.61000000,1761940799999,2025-10-31 19:59:59,12195336.26910000,38584,333589.08000000,6016403.07560000
1761940800000,2025-10-31 20:00:00,18.27000000,18.28000000,18.05000000,18.19000000,194395.80000000,1761955199999,2025-10-31 23:59:59,3533662.52850000,11067,85388.40000000,1552882.64270000
1761955200000,2025-11-01 00:00:00,18.19000000,18.45000000,18.07000000,18.41000000,208348.35000000,1761969599999,2025-11-01 03:59:59,3800418.85780000,11395,84360.77000000,1541664.10090000
1761969600000,2025-11-01 04:00:00,18.42000000,18.52000000,18.29000000,18.51000000,166066.31000000,1761983999999,2025-11-01 07:59:59,3058222.43480000,10899,76962.99000000,1417794.44390000
1761984000000,2025-11-01 08:00:00,18.51000000,18.71000000,18.45000000,18.66000000,320840.65000000,1761998399999,2025-11-01 11:59:59,5962507.07530000,14878,151729.54000000,2820160.93250000
1761998400000,2025-11-01 12:00:00,18.66000000,18.74000000,18.41000000,18.63000000,309023.23000000,1762012799999,2025-11-01 15:59:59,5744406.01320000,21005,121291.06000000,2254628.07820000
1762012800000,2025-11-01 16:00:00,18.64000000,18.74000000,18.56000000,18.64000000,183809.06000000,1762027199999,2025-11-01 19:59:59,3426250.35960000,12898,78717.42000000,1467374.76000000
1762027200000,2025-11-01 20:00:00,18.64000000,18.73000000,18.50000000,18.73000000,143091.63000000,1762041599999,2025-11-01 23:59:59,2668039.50370000,8275,53713.25000000,1001689.31690000
1762041600000,2025-11-02 00:00:00,18.72000000,18.81000000,18.62000000,18.69000000,165644.46000000,1762055999999,2025-11-02 03:59:59,3099269.13850000,9468,76994.13000000,1441229.60420000
1762056000000,2025-11-02 04:00:00,18.68000000,19.01000000,18.66000000,18.96000000,255989.07000000,1762070399999,2025-11-02 07:59:59,4829660.76260000,14295,108449.22000000,2046614.14150000
1762070400000,2025-11-02 08:00:00,18.96000000,18.99000000,18.59000000,18.83000000,257179.06000000,1762084799999,2025-11-02 11:59:59,4831717.42160000,16860,111864.17000000,2101257.54700000
1762084800000,2025-11-02 12:00:00,18.83000000,18.85000000,18.19000000,18.28000000,301055.44000000,1762099199999,2025-11-02 15:59:59,5553787.91980000,22622,135259.05000000,2490381.85380000
1762099200000,2025-11-02 16:00:00,18.27000000,18.33000000,18.10000000,18.16000000,169302.67000000,1762113599999,2025-11-02 19:59:59,3084237.04690000,16901,89509.92000000,1630793.28500000
1762113600000,2025-11-02 20:00:00,18.17000000,18.91000000,18.10000000,18.80000000,242733.78000000,1762127999999,2025-11-02 23:59:59,4481483.33540000,15580,123038.83000000,2272199.04020000
1762128000000,2025-11-03 00:00:00,18.81000000,18.91000000,17.51000000,17.54000000,582457.17000000,1762142399999,2025-11-03 03:59:59,10542509.00470000,48404,279407.91000000,5048298.75940000
1762142400000,2025-11-03 04:00:00,17.54000000,17.78000000,17.16000000,17.48000000,839397.50000000,1762156799999,2025-11-03 07:59:59,14658332.89940000,55024,410494.00000000,7170801.41430000
1762156800000,2025-11-03 08:00:00,17.48000000,17.64000000,17.20000000,17.48000000,500828.34000000,1762171199999,2025-11-03 11:59:59,8720230.11150000,30620,260521.18000000,4539788.56120000
1762171200000,2025-11-03 12:00:00,17.49000000,17.69000000,15.91000000,16.36000000,2488434.18000000,1762185599999,2025-11-03 15:59:59,41809196.06710000,94093,1221657.68000000,20571502.78920000
1762185600000,2025-11-03 16:00:00,16.36000000,17.10000000,16.28000000,16.78000000,1093229.94000000,1762199999999,2025-11-03 19:59:59,18364354.75630000,57552,573210.34000000,9631510.29680000
1762200000000,2025-11-03 20:00:00,16.79000000,16.82000000,16.42000000,16.65000000,544923.63000000,1762214399999,2025-11-03 23:59:59,9058629.55200000,34444,250196.51000000,4160324.58480000
1762214400000,2025-11-04 00:00:00,16.66000000,17.00000000,16.47000000,16.91000000,378022.13000000,1762228799999,2025-11-04 03:59:59,6351549.45450000,22111,211299.74000000,3549965.31490000
1762228800000,2025-11-04 04:00:00,16.91000000,17.01000000,15.97000000,16.15000000,1219708.27000000,1762243199999,2025-11-04 07:59:59,19948594.42480000,53134,485790.91000000,7932535.91420000
1762243200000,2025-11-04 08:00:00,16.15000000,16.81000000,16.08000000,16.72000000,596799.40000000,1762257599999,2025-11-04 11:59:59,9841486.41090000,41819,320536.35000000,5285806.06070000
1762257600000,2025-11-04 12:00:00,16.71000000,16.85000000,16.32000000,16.42000000,766197.44000000,1762271999999,2025-11-04 15:59:59,12706681.09490000,40967,373633.03000000,6198915.20500000
1762272000000,2025-11-04 16:00:00,16.41000000,16.48000000,15.31000000,15.59000000,1486520.77000000,1762286399999,2025-11-04 19:59:59,23481630.49710000,87156,693781.23000000,10967255.90260000
1762286400000,2025-11-04 20:00:00,15.60000000,16.20000000,15.00000000,15.98000000,2090664.14000000,1762300799999,2025-11-04 23:59:59,32433737.13550000,109518,1001151.03000000,15548045.26210000
1762300800000,2025-11-05 00:00:00,15.98000000,16.48000000,15.29000000,16.44000000,951701.67000000,1762315199999,2025-11-05 03:59:59,15123425.92270000,75012,457392.09000000,7275339.08440000
1762315200000,2025-11-05 04:00:00,16.43000000,16.63000000,16.32000000,16.55000000,455030.29000000,1762329599999,2025-11-05 07:59:59,7500114.13630000,23242,205010.73000000,3379848.10140000
1762329600000,2025-11-05 08:00:00,16.54000000,16.59000000,16.22000000,16.56000000,372691.67000000,1762343999999,2025-11-05 11:59:59,6110833.77770000,28028,183508.56000000,3009686.75650000
1762344000000,2025-11-05 12:00:00,16.56000000,16.82000000,16.47000000,16.76000000,510365.13000000,1762358399999,2025-11-05 15:59:59,8506001.35310000,37748,269493.20000000,4492442.88220000
1762358400000,2025-11-05 16:00:00,16.77000000,16.99000000,16.58000000,16.78000000,616837.55000000,1762372799999,2025-11-05 19:59:59,10394075.35530000,26791,302320.48000000,5095032.01390000
1762372800000,2025-11-05 20:00:00,16.77000000,16.85000000,16.56000000,16.61000000,869979.28000000,1762387199999,2025-11-05 23:59:59,14499031.60810000,26114,466808.48000000,7780014.07370000
1762387200000,2025-11-06 00:00:00,16.61000000,16.70000000,16.37000000,16.64000000,428086.45000000,1762401599999,2025-11-06 03:59:59,7081210.43160000,24376,226868.06000000,3754182.45590000
1762401600000,2025-11-06 04:00:00,16.64000000,16.73000000,16.22000000,16.29000000,354841.89000000,1762415999999,2025-11-06 07:59:59,5826222.80750000,19391,154025.61000000,2532648.62280000
1762416000000,2025-11-06 08:00:00,16.28000000,16.44000000,16.20000000,16.29000000,312777.77000000,1762430399999,2025-11-06 11:59:59,5099464.50150000,21254,137498.40000000,2242348.60020000
1762430400000,2025-11-06 12:00:00,16.29000000,16.42000000,15.77000000,15.85000000,703555.75000000,1762444799999,2025-11-06 15:59:59,11329572.70400000,45722,362066.56000000,5835334.61410000
1762444800000,2025-11-06 16:00:00,15.85000000,16.18000000,15.61000000,16.13000000,620019.86000000,1762459199999,2025-11-06 19:59:59,9855264.37250000,42611,293365.86000000,4665119.80200000
1762459200000,2025-11-06 20:00:00,16.13000000,16.21000000,15.90000000,16.13000000,436002.17000000,1762473599999,2025-11-06 23:59:59,7002042.31430000,23929,215009.73000000,3455401.53850000
1762473600000,2025-11-07 00:00:00,16.13000000,16.52000000,16.05000000,16.46000000,446532.53000000,1762487999999,2025-11-07 03:59:59,7267036.64720000,29446,229724.88000000,3737260.69280000
1762488000000,2025-11-07 04:00:00,16.46000000,16.94000000,16.33000000,16.92000000,416437.60000000,1762502399999,2025-11-07 07:59:59,6938591.16020000,21077,212378.14000000,3541042.95110000
1762502400000,2025-11-07 08:00:00,16.91000000,17.03000000,16.27000000,16.46000000,843454.48000000,1762516799999,2025-11-07 11:59:59,14047978.80390000,37700,357390.00000000,5947275.93160000
1762516800000,2025-11-07 12:00:00,16.46000000,16.89000000,16.08000000,16.81000000,1214275.78000000,1762531199999,2025-11-07 15:59:59,20007714.99500000,69788,621500.01000000,10248247.59370000
1762531200000,2025-11-07 16:00:00,16.82000000,17.96000000,16.74000000,17.82000000,2028425.76000000,1762545599999,2025-11-07 19:59:59,35482082.41660000,92609,1078239.77000000,18858119.18750000
1762545600000,2025-11-07 20:00:00,17.82000000,18.07000000,17.65000000,17.74000000,1561485.05000000,1762559999999,2025-11-07 23:59:59,27916223.41410000,53911,764407.24000000,13673934.12290000
1762560000000,2025-11-08 00:00:00,17.75000000,18.41000000,17.67000000,17.84000000,844750.68000000,1762574399999,2025-11-08 03:59:59,15206985.07480000,46682,409584.91000000,7382213.55990000
1762574400000,2025-11-08 04:00:00,17.84000000,18.08000000,17.56000000,17.87000000,463109.51000000,1762588799999,2025-11-08 07:59:59,8239255.03980000,33669,207154.28000000,3686930.53040000
1762588800000,2025-11-08 08:00:00,17.86000000,17.99000000,17.66000000,17.79000000,416331.42000000,1762603199999,2025-11-08 11:59:59,7425750.15170000,26605,173858.15000000,3101211.79820000
1762603200000,2025-11-08 12:00:00,17.79000000,17.79000000,17.09000000,17.13000000,647294.03000000,1762617599999,2025-11-08 15:59:59,11289968.64200000,40690,290207.48000000,5065983.99540000
1762617600000,2025-11-08 16:00:00,17.14000000,17.38000000,17.02000000,17.29000000,787482.74000000,1762631999999,2025-11-08 19:59:59,13515200.28880000,30278,380605.58000000,6538014.82130000
1762632000000,2025-11-08 20:00:00,17.29000000,17.50000000,17.24000000,17.50000000,206719.26000000,1762646399999,2025-11-08 23:59:59,3589212.67730000,12024,102114.45000000,1773243.81610000
1762646400000,2025-11-09 00:00:00,17.50000000,17.52000000,16.81000000,16.89000000,440074.36000000,1762660799999,2025-11-09 03:59:59,7513356.18780000,37975,200823.38000000,3423759.89880000
1762660800000,2025-11-09 04:00:00,16.89000000,17.14000000,16.88000000,17.13000000,235206.18000000,1762675199999,2025-11-09 07:59:59,3999514.62740000,18118,128632.84000000,2187801.61100000
1762675200000,2025-11-09 08:00:00,17.13000000,17.36000000,16.89000000,17.28000000,306809.75000000,1762689599999,2025-11-09 11:59:59,5246881.25580000,22295,145475.87000000,2488444.04530000
1762689600000,2025-11-09 12:00:00,17.28000000,17.89000000,17.24000000,17.69000000,775736.81000000,1762703999999,2025-11-09 15:59:59,13669543.59840000,41339,389723.24000000,6863982.99300000
1762704000000,2025-11-09 16:00:00,17.70000000,17.90000000,17.45000000,17.89000000,334860.47000000,1762718399999,2025-11-09 19:59:59,5918475.50810000,21261,161828.58000000,2862221.98940000
1762718400000,2025-11-09 20:00:00,17.89000000,17.91000000,17.59000000,17.77000000,328744.45000000,1762732799999,2025-11-09 23:59:59,5840542.41310000,20179,169368.99000000,3009010.27100000
1762732800000,2025-11-10 00:00:00,17.77000000,18.12000000,17.64000000,17.99000000,497275.45000000,1762747199999,2025-11-10 03:59:59,8936218.83440000,34175,260496.19000000,4681283.27330000
1762747200000,2025-11-10 04:00:00,17.99000000,18.13000000,17.88000000,18.00000000,311970.89000000,1762761599999,2025-11-10 07:59:59,5615357.85330000,21104,142134.48000000,2559291.19630000
1762761600000,2025-11-10 08:00:00,18.01000000,18.31000000,17.79000000,18.09000000,547824.36000000,1762775999999,2025-11-10 11:59:59,9901824.41500000,29538,260230.60000000,4706498.58770000
1762776000000,2025-11-10 12:00:00,18.10000000,18.35000000,17.81000000,17.93000000,849857.72000000,1762790399999,2025-11-10 15:59:59,15358368.38770000,42121,377283.20000000,6816825.94790000
1762790400000,2025-11-10 16:00:00,17.94000000,18.14000000,17.70000000,18.01000000,405528.80000000,1762804799999,2025-11-10 19:59:59,7279016.79240000,30094,179597.84000000,3227261.06630000
1762804800000,2025-11-10 20:00:00,18.00000000,18.36000000,17.81000000,18.18000000,356158.59000000,1762819199999,2025-11-10 23:59:59,6448061.77880000,24316,177088.27000000,3207898.21580000
1762819200000,2025-11-11 00:00:00,18.19000000,18.61000000,17.98000000,18.36000000,546061.89000000,1762833599999,2025-11-11 03:59:59,9991330.84290000,44049,269584.49000000,4933259.37120000
1762833600000,2025-11-11 04:00:00,18.36000000,18.37000000,17.53000000,17.56000000,560019.66000000,1762847999999,2025-11-11 07:59:59,9982692.63770000,34903,251744.43000000,4484960.96930000
1762848000000,2025-11-11 08:00:00,17.57000000,17.88000000,17.49000000,17.79000000,302219.75000000,1762862399999,2025-11-11 11:59:59,5346048.43760000,25527,140643.78000000,2489276.59080000
1762862400000,2025-11-11 12:00:00,17.80000000,17.90000000,17.56000000,17.63000000,579986.37000000,1762876799999,2025-11-11 15:59:59,10273995.21030000,36152,299886.16000000,5310340.94540000
1762876800000,2025-11-11 16:00:00,17.63000000,17.73000000,17.24000000,17.27000000,451311.85000000,1762891199999,2025-11-11 19:59:59,7892707.60650000,27143,258546.29000000,4522748.81580000
1762891200000,2025-11-11 20:00:00,17.26000000,17.29000000,16.97000000,17.00000000,499325.66000000,1762905599999,2025-11-11 23:59:59,8548285.08240000,27661,265753.11000000,4550717.00290000
1762905600000,2025-11-12 00:00:00,17.01000000,17.16000000,16.91000000,17.12000000,312083.02000000,1762919999999,2025-11-12 03:59:59,5318242.15070000,27241,176351.73000000,3005358.84950000
1762920000000,2025-11-12 04:00:00,17.12000000,17.47000000,17.06000000,17.14000000,195465.37000000,1762934399999,2025-11-12 07:59:59,3373608.78410000,16579,104992.73000000,1813526.86970000
1762934400000,2025-11-12 08:00:00,17.15000000,17.65000000,17.15000000,17.56000000,326987.94000000,1762948799999,2025-11-12 11:59:59,5720919.14790000,22627,148444.20000000,2594293.47720000
1762948800000,2025-11-12 12:00:00,17.56000000,17.77000000,16.98000000,17.04000000,584482.44000000,1762963199999,2025-11-12 15:59:59,10163588.15500000,42378,260407.34000000,4526863.30200000
1762963200000,2025-11-12 16:00:00,17.04000000,17.08000000,16.64000000,16.79000000,709439.38000000,1762977599999,2025-11-12 19:59:59,11945935.49400000,60041,346251.93000000,5831383.69040000
1762977600000,2025-11-12 20:00:00,16.80000000,16.99000000,16.75000000,16.82000000,213364.11000000,1762991999999,2025-11-12 23:59:59,3599437.41110000,18469,109803.68000000,1852326.16470000
1762992000000,2025-11-13 00:00:00,16.81000000,17.65000000,16.80000000,17.44000000,544830.36000000,1763006399999,2025-11-13 03:59:59,9340239.77890000,34917,276807.52000000,4744146.97620000
1763006400000,2025-11-13 04:00:00,17.44000000,17.69000000,17.28000000,17.39000000,484695.35000000,1763020799999,2025-11-13 07:59:59,8483594.03230000,30864,228009.36000000,3991822.23780000
1763020800000,2025-11-13 08:00:00,17.40000000,17.53000000,17.22000000,17.27000000,302366.18000000,1763035199999,2025-11-13 11:59:59,5251107.62490000,19310,153424.86000000,2666550.23260000
1763035200000,2025-11-13 12:00:00,17.27000000,17.43000000,16.88000000,16.96000000,620437.17000000,1763049599999,2025-11-13 15:59:59,10644854.55070000,52558,293334.25000000,5033014.62680000
1763049600000,2025-11-13 16:00:00,16.96000000,17.04000000,15.92000000,15.99000000,1055867.40000000,1763063999999,2025-11-13 19:59:59,17311263.08420000,70921,499776.41000000,8182868.10580000
1763064000000,2025-11-13 20:00:00,15.98000000,16.33000000,15.76000000,16.10000000,776408.00000000,1763078399999,2025-11-13 23:59:59,12415641.77650000,49621,361855.17000000,5788161.16830000
1763078400000,2025-11-14 00:00:00,16.10000000,16.18000000,15.88000000,15.93000000,467900.20000000,1763092799999,2025-11-14 03:59:59,7487152.65920000,37815,238898.04000000,3824559.89460000
1763092800000,2025-11-14 04:00:00,15.92000000,16.08000000,15.36000000,15.92000000,813875.16000000,1763107199999,2025-11-14 07:59:59,12838582.03810000,62631,386704.65000000,6099702.07150000
1763107200000,2025-11-14 08:00:00,15.93000000,15.94000000,15.31000000,15.39000000,893659.26000000,1763121599999,2025-11-14 11:59:59,13918391.61730000,43343,312140.85000000,4862932.30040000
1763121600000,2025-11-14 12:00:00,15.39000000,15.67000000,15.08000000,15.51000000,1436655.61000000,1763135999999,2025-11-14 15:59:59,22040103.87830000,95164,705975.78000000,10834996.09750000
1763136000000,2025-11-14 16:00:00,15.52000000,15.73000000,15.32000000,15.66000000,634922.56000000,1763150399999,2025-11-14 19:59:59,9866925.09920000,40927,299859.88000000,4662347.82410000
1763150400000,2025-11-14 20:00:00,15.66000000,15.66000000,14.84000000,15.13000000,742765.63000000,1763164799999,2025-11-14 23:59:59,11298431.95720000,48470,340970.00000000,5187702.92520000
1763164800000,2025-11-15 00:00:00,15.13000000,15.61000000,15.11000000,15.60000000,277400.56000000,1763179199999,2025-11-15 03:59:59,4281433.86960000,23523,143976.45000000,2221032.14760000
1763179200000,2025-11-15 04:00:00,15.60000000,15.73000000,15.52000000,15.63000000,214702.00000000,1763193599999,2025-11-15 07:59:59,3354666.69730000,12128,116013.39000000,1813240.92060000
1763193600000,2025-11-15 08:00:00,15.64000000,15.64000000,15.33000000,15.46000000,235151.54000000,1763207999999,2025-11-15 11:59:59,3635905.50490000,16846,113237.28000000,1751574.38400000
1763208000000,2025-11-15 12:00:00,15.45000000,15.69000000,15.42000000,15.62000000,186988.20000000,1763222399999,2025-11-15 15:59:59,2914735.68610000,13219,90777.85000000,1415116.68970000
1763222400000,2025-11-15 16:00:00,15.62000000,15.79000000,15.49000000,15.69000000,269491.85000000,1763236799999,2025-11-15 19:59:59,4218693.11400000,14313,129958.79000000,2036715.17880000
1763236800000,2025-11-15 20:00:00,15.70000000,15.72000000,15.45000000,15.53000000,171864.77000000,1763251199999,2025-11-15 23:59:59,2675810.05280000,10935,74600.68000000,1161834.70620000
1763251200000,2025-11-16 00:00:00,15.52000000,15.72000000,15.27000000,15.70000000,268494.85000000,1763265599999,2025-11-16 03:59:59,4163537.55520000,17372,142209.76000000,2207036.54660000
1763265600000,2025-11-16 04:00:00,15.69000000,15.78000000,15.58000000,15.75000000,141831.36000000,1763279999999,2025-11-16 07:59:59,2223065.14270000,8799,71115.50000000,1114821.37950000
1763280000000,2025-11-16 08:00:00,15.75000000,15.86000000,15.42000000,15.44000000,314616.85000000,1763294399999,2025-11-16 11:59:59,4927279.52690000,15606,135661.68000000,2128215.85000000
1763294400000,2025-11-16 12:00:00,15.45000000,15.57000000,15.06000000,15.09000000,467961.10000000,1763308799999,2025-11-16 15:59:59,7172884.15730000,23047,224161.29000000,3439875.98750000
1763308800000,2025-11-16 16:00:00,15.08000000,15.20000000,14.62000000,14.95000000,1043595.62000000,1763323199999,2025-11-16 19:59:59,15556300.13080000,54928,535762.15000000,7985715.82600000
1763323200000,2025-11-16 20:00:00,14.95000000,15.26000000,14.72000000,15.15000000,772487.54000000,1763337599999,2025-11-16 23:59:59,11552671.66300000,40719,342263.71000000,5124843.03620000
1763337600000,2025-11-17 00:00:00,15.14000000,15.69000000,14.97000000,15.54000000,568352.90000000,1763351999999,2025-11-17 03:59:59,8711151.80940000,31119,285590.78000000,4378629.02390000
1763352000000,2025-11-17 04:00:00,15.55000000,15.78000000,15.51000000,15.63000000,389349.28000000,1763366399999,2025-11-17 07:59:59,6084771.35060000,17260,209221.41000000,3269850.72580000
1763366400000,2025-11-17 08:00:00,15.64000000,15.72000000,15.59000000,15.61000000,198458.71000000,1763380799999,2025-11-17 11:59:59,3106092.98780000,12821,89470.64000000,1400846.48410000
1763380800000,2025-11-17 12:00:00,15.62000000,15.85000000,15.11000000,15.25000000,955122.21000000,1763395199999,2025-11-17 15:59:59,14756879.21900000,81821,427369.01000000,6601763.59150000
1763395200000,2025-11-17 16:00:00,15.25000000,15.37000000,14.30000000,14.38000000,1505570.82000000,1763409599999,2025-11-17 19:59:59,22299762.05340000,72021,773227.84000000,11463160.10780000
1763409600000,2025-11-17 20:00:00,14.37000000,14.72000000,14.26000000,14.53000000,638981.82000000,1763423999999,2025-11-17 23:59:59,9243819.51570000,39832,326914.04000000,4728180.85870000
1763424000000,2025-11-18 00:00:00,14.53000000,14.57000000,14.03000000,14.48000000,959789.63000000,1763438399999,2025-11-18 03:59:59,13713631.44060000,52826,491970.22000000,7032841.12520000
1763438400000,2025-11-18 04:00:00,14.49000000,14.69000000,14.33000000,14.54000000,640386.96000000,1763452799999,2025-11-18 07:59:59,9283706.32470000,40155,334696.93000000,4853176.86130000
1763452800000,2025-11-18 08:00:00,14.54000000,14.73000000,14.53000000,14.59000000,396805.98000000,1763467199999,2025-11-18 11:59:59,5802757.97360000,21674,207328.94000000,3032471.21020000
1763467200000,2025-11-18 12:00:00,14.59000000,14.82000000,14.36000000,14.73000000,743804.15000000,1763481599999,2025-11-18 15:59:59,10870016.67380000,44401,322568.51000000,4714290.23630000
1763481600000,2025-11-18 16:00:00,14.74000000,14.93000000,14.68000000,14.74000000,587666.47000000,1763495999999,2025-11-18 19:59:59,8694281.22880000,28599,278261.71000000,4116811.17560000
1763496000000,2025-11-18 20:00:00,14.74000000,14.79000000,14.50000000,14.58000000,257210.96000000,1763510399999,2025-11-18 23:59:59,3765350.86110000,13319,112739.77000000,1650025.64680000
1763510400000,2025-11-19 00:00:00,14.59000000,14.70000000,14.39000000,14.43000000,281867.70000000,1763524799999,2025-11-19 03:59:59,4097933.02800000,21633,128865.10000000,1874246.00230000
1763524800000,2025-11-19 04:00:00,14.44000000,14.47000000,13.95000000,14.36000000,517736.08000000,1763539199999,2025-11-19 07:59:59,7337993.82780000,34739,262900.22000000,3727655.98740000
1763539200000,2025-11-19 08:00:00,14.36000000,14.60000000,14.25000000,14.45000000,333756.24000000,1763553599999,2025-11-19 11:59:59,4810154.29960000,18384,158843.19000000,2290771.16860000
1763553600000,2025-11-19 12:00:00,14.45000000,14.59000000,14.03000000,14.07000000,571283.16000000,1763567999999,2025-11-19 15:59:59,8176456.68870000,32867,269818.09000000,3859404.99890000
1763568000000,2025-11-19 16:00:00,14.06000000,14.15000000,13.71000000,13.78000000,949109.42000000,1763582399999,2025-11-19 19:59:59,13193645.78240000,44179,403854.13000000,5611796.99090000
1763582400000,2025-11-19 20:00:00,13.78000000,14.34000000,13.74000000,14.28000000,661842.55000000,1763596799999,2025-11-19 23:59:59,9373043.10260000,36664,340363.18000000,4814365.64970000
1763596800000,2025-11-20 00:00:00,14.28000000,14.40000000,14.22000000,14.34000000,556739.40000000,1763611199999,2025-11-20 03:59:59,7972529.94710000,25228,292426.12000000,4188281.54650000
1763611200000,2025-11-20 04:00:00,14.34000000,14.45000000,14.23000000,14.37000000,417477.60000000,1763625599999,2025-11-20 07:59:59,5980359.88760000,13520,220640.10000000,3161536.21180000
1763625600000,2025-11-20 08:00:00,14.36000000,14.41000000,14.22000000,14.41000000,301433.05000000,1763639999999,2025-11-20 11:59:59,4313463.51470000,11009,152195.14000000,2178023.94370000
1763640000000,2025-11-20 12:00:00,14.41000000,14.53000000,14.20000000,14.23000000,909859.29000000,1763654399999,2025-11-20 15:59:59,13092656.60200000,34419,463476.49000000,6667824.60930000
1763654400000,2025-11-20 16:00:00,14.23000000,14.24000000,13.50000000,13.77000000,1674523.48000000,1763668799999,2025-11-20 19:59:59,23074840.33700000,88894,853724.44000000,11762417.59730000
1763668800000,2025-11-20 20:00:00,13.77000000,13.98000000,13.64000000,13.81000000,522327.13000000,1763683199999,2025-11-20 23:59:59,7241882.70420000,23017,271035.65000000,3755823.91720000
1763683200000,2025-11-21 00:00:00,13.81000000,13.99000000,13.68000000,13.77000000,535901.78000000,1763697599999,2025-11-21 03:59:59,7429415.52940000,28678,239477.20000000,3321046.21830000
1763697600000,2025-11-21 04:00:00,13.77000000,13.79000000,12.57000000,13.19000000,1363640.59000000,1763711999999,2025-11-21 07:59:59,18132077.69670000,60577,668345.35000000,8884943.48510000
1763712000000,2025-11-21 08:00:00,13.19000000,13.43000000,12.86000000,12.92000000,962745.62000000,1763726399999,2025-11-21 11:59:59,12654250.27760000,62848,471983.35000000,6203933.17880000
1763726400000,2025-11-21 12:00:00,12.93000000,13.32000000,12.64000000,13.00000000,1478929.01000000,1763740799999,2025-11-21 15:59:59,19331534.15110000,67139,761559.03000000,9954236.48400000
1763740800000,2025-11-21 16:00:00,13.00000000,13.46000000,12.84000000,13.29000000,1180619.53000000,1763755199999,2025-11-21 19:59:59,15623562.17100000,49231,537340.37000000,7102935.00230000
1763755200000,2025-11-21 20:00:00,13.29000000,13.37000000,13.18000000,13.28000000,828216.40000000,1763769599999,2025-11-21 23:59:59,10989932.08240000,30599,401060.80000000,5319499.60130000
1763769600000,2025-11-22 00:00:00,13.29000000,13.32000000,13.25000000,13.28000000,388163.37000000,1763783999999,2025-11-22 03:59:59,5154049.99260000,12187,192609.19000000,2557196.39900000
1763784000000,2025-11-22 04:00:00,13.28000000,13.33000000,13.22000000,13.29000000,523570.63000000,1763798399999,2025-11-22 07:59:59,6948626.46890000,17552,254414.75000000,3375435.20410000
1763798400000,2025-11-22 08:00:00,13.29000000,13.34000000,13.16000000,13.28000000,559229.17000000,1763812799999,2025-11-22 11:59:59,7418396.61060000,18690,297775.08000000,3949367.38960000
1763812800000,2025-11-22 12:00:00,13.27000000,13.28000000,13.03000000,13.19000000,648701.35000000,1763827199999,2025-11-22 15:59:59,8542131.50490000,25235,328034.14000000,4319635.69090000
1763827200000,2025-11-22 16:00:00,13.18000000,13.28000000,13.17000000,13.23000000,336339.93000000,1763841599999,2025-11-22 19:59:59,4454481.09090000,13427,157903.05000000,2091386.23300000
1763841600000,2025-11-22 20:00:00,13.24000000,13.39000000,13.19000000,13.23000000,437124.83000000,1763855999999,2025-11-22 23:59:59,5799190.22180000,14588,191436.06000000,2539428.64280000
1763856000000,2025-11-23 00:00:00,13.24000000,13.39000000,13.21000000,13.35000000,375015.69000000,1763870399999,2025-11-23 03:59:59,4986855.65260000,10588,184431.96000000,2452905.03630000
1763870400000,2025-11-23 04:00:00,13.35000000,13.44000000,13.23000000,13.29000000,337625.37000000,1763884799999,2025-11-23 07:59:59,4504533.36860000,8391,166589.63000000,2222517.37180000
1763884800000,2025-11-23 08:00:00,13.30000000,13.38000000,13.23000000,13.30000000,246763.90000000,1763899199999,2025-11-23 11:59:59,3282369.27660000,6993,129616.21000000,1723827.46080000
1763899200000,2025-11-23 12:00:00,13.29000000,13.43000000,13.27000000,13.41000000,417710.92000000,1763913599999,2025-11-23 15:59:59,5575201.36810000,12388,208048.65000000,2777092.57900000
1763913600000,2025-11-23 16:00:00,13.42000000,13.44000000,13.27000000,13.38000000,409014.50000000,1763927999999,2025-11-23 19:59:59,5464050.43560000,11044,206192.57000000,2754418.99430000
1763928000000,2025-11-23 20:00:00,13.37000000,13.47000000,13.27000000,13.27000000,476055.19000000,1763942399999,2025-11-23 23:59:59,6364614.66200000,10725,243749.53000000,3259152.24920000
1763942400000,2025-11-24 00:00:00,13.28000000,13.50000000,13.16000000,13.45000000,652495.48000000,1763956799999,2025-11-24 03:59:59,8695240.92650000,19742,333546.73000000,4446007.78090000
1763956800000,2025-11-24 04:00:00,13.46000000,13.59000000,13.29000000,13.44000000,539909.31000000,1763971199999,2025-11-24 07:59:59,7261222.80390000,16512,266739.72000000,3586181.09080000
1763971200000,2025-11-24 08:00:00,13.44000000,13.47000000,13.27000000,13.39000000,336673.02000000,1763985599999,2025-11-24 11:59:59,4497870.93690000,11494,162395.05000000,2169552.23440000
1763985600000,2025-11-24 12:00:00,13.40000000,13.58000000,13.26000000,13.51000000,740936.70000000,1763999999999,2025-11-24 15:59:59,9939728.95800000,24273,391105.44000000,5247290.32000000
1764000000000,2025-11-24 16:00:00,13.51000000,14.00000000,13.50000000,13.92000000,1016066.90000000,1764014399999,2025-11-24 19:59:59,13988506.86090000,40978,523695.49000000,7209730.41280000
1764014400000,2025-11-24 20:00:00,13.92000000,14.05000000,13.86000000,13.89000000,468328.84000000,1764028799999,2025-11-24 23:59:59,6532102.50670000,15476,232876.97000000,3250251.42120000
1764028800000,2025-11-25 00:00:00,13.89000000,13.95000000,13.84000000,13.90000000,276497.57000000,1764043199999,2025-11-25 03:59:59,3842832.74600000,10521,143532.92000000,1995041.65880000
1764043200000,2025-11-25 04:00:00,13.91000000,13.95000000,13.82000000,13.88000000,543964.84000000,1764057599999,2025-11-25 07:59:59,7555483.04530000,9554,294429.86000000,4090351.79240000
1764057600000,2025-11-25 08:00:00,13.89000000,13.94000000,13.78000000,13.90000000,294857.56000000,1764071999999,2025-11-25 11:59:59,4093287.08650000,10104,151944.23000000,2110216.81160000
1764072000000,2025-11-25 12:00:00,13.91000000,13.95000000,13.70000000,13.92000000,583913.83000000,1764086399999,2025-11-25 15:59:59,8092147.82110000,20881,302993.83000000,4199521.04140000
1764086400000,2025-11-25 16:00:00,13.91000000,14.00000000,13.89000000,14.00000000,573869.39000000,1764100799999,2025-11-25 19:59:59,7999962.07270000,14459,274640.44000000,3829026.30080000
1764100800000,2025-11-25 20:00:00,14.00000000,14.38000000,13.97000000,14.18000000,711213.06000000,1764115199999,2025-11-25 23:59:59,10034371.52690000,22547,351252.92000000,4956475.99350000
1764115200000,2025-11-26 00:00:00,14.18000000,14.34000000,14.02000000,14.04000000,366428.76000000,1764129599999,2025-11-26 03:59:59,5207501.63370000,13470,171858.52000000,2442960.68960000
1764129600000,2025-11-26 04:00:00,14.03000000,14.10000000,14.00000000,14.09000000,246361.81000000,1764143999999,2025-11-26 07:59:59,3459154.69360000,8205,134206.04000000,1884303.07800000
1764144000000,2025-11-26 08:00:00,14.09000000,14.09000000,13.97000000,14.01000000,348030.96000000,1764158399999,2025-11-26 11:59:59,4877886.42830000,10182,185032.41000000,2593193.60420000
1764158400000,2025-11-26 12:00:00,14.01000000,14.02000000,13.91000000,13.96000000,500541.47000000,1764172799999,2025-11-26 15:59:59,6983265.69430000,15089,274934.78000000,3835763.67820000
1764172800000,2025-11-26 16:00:00,13.96000000,14.61000000,13.95000000,14.55000000,738252.63000000,1764187199999,2025-11-26 19:59:59,10617224.80920000,26942,371517.39000000,5335116.31150000
1764187200000,2025-11-26 20:00:00,14.55000000,14.96000000,14.50000000,14.95000000,517665.96000000,1764201599999,2025-11-26 23:59:59,7604434.14820000,15428,274637.48000000,4032319.84890000
1764201600000,2025-11-27 00:00:00,14.96000000,15.01000000,14.89000000,14.93000000,661823.82000000,1764215999999,2025-11-27 03:59:59,9894357.31430000,18035,362914.49000000,5425949.21520000
1764216000000,2025-11-27 04:00:00,14.93000000,14.98000000,14.87000000,14.95000000,408957.29000000,1764230399999,2025-11-27 07:59:59,6105419.63570000,15112,220298.67000000,3288979.77740000
1764230400000,2025-11-27 08:00:00,14.95000000,14.98000000,14.87000000,14.94000000,287251.07000000,1764244799999,2025-11-27 11:59:59,4288922.67740000,9299,144626.61000000,2159968.87560000
1764244800000,2025-11-27 12:00:00,14.94000000,14.99000000,14.91000000,14.96000000,335172.05000000,1764259199999,2025-11-27 15:59:59,5008890.68800000,10243,170027.46000000,2541002.85740000
1764259200000,2025-11-27 16:00:00,14.97000000,15.17000000,14.94000000,15.04000000,393188.96000000,1764273599999,2025-11-27 19:59:59,5935119.85040000,10606,197844.95000000,2986856.80360000
1764273600000,2025-11-27 20:00:00,15.03000000,15.07000000,14.97000000,15.02000000,202613.53000000,1764287999999,2025-11-27 23:59:59,3045378.76220000,6618,102989.13000000,1548160.93630000
1764288000000,2025-11-28 00:00:00,15.02000000,15.07000000,15.00000000,15.05000000,281915.90000000,1764302399999,2025-11-28 03:59:59,4236247.84570000,8044,136705.22000000,2054584.56560000
1764302400000,2025-11-28 04:00:00,15.05000000,15.09000000,15.00000000,15.01000000,235142.66000000,1764316799999,2025-11-28 07:59:59,3535393.90880000,5773,125456.41000000,1886546.02520000
1764316800000,2025-11-28 08:00:00,15.01000000,15.13000000,14.78000000,15.02000000,528448.81000000,1764331199999,2025-11-28 11:59:59,7925985.98320000,15099,281789.10000000,4225430.26820000
1764331200000,2025-11-28 12:00:00,15.02000000,15.27000000,14.99000000,15.09000000,468105.05000000,1764345599999,2025-11-28 15:59:59,7069933.99330000,18517,239591.27000000,3618119.52370000
1764345600000,2025-11-28 16:00:00,15.10000000,15.10000000,14.80000000,14.89000000,700639.85000000,1764359999999,2025-11-28 19:59:59,10427320.72560000,30417,327508.67000000,4871900.68700000
1764360000000,2025-11-28 20:00:00,14.89000000,14.90000000,14.79000000,14.84000000,404110.19000000,1764374399999,2025-11-28 23:59:59,5999932.64260000,11306,188758.02000000,2803318.17100000
1764374400000,2025-11-29 00:00:00,14.85000000,14.89000000,14.82000000,14.85000000,150354.95000000,1764388799999,2025-11-29 03:59:59,2233545.50000000,4831,82536.78000000,1226082.09650000
1764388800000,2025-11-29 04:00:00,14.85000000,14.91000000,14.66000000,14.68000000,282613.07000000,1764403199999,2025-11-29 07:59:59,4180825.02430000,8911,133578.22000000,1976905.81850000
1764403200000,2025-11-29 08:00:00,14.68000000,14.89000000,14.64000000,14.87000000,257245.09000000,1764417599999,2025-11-29 11:59:59,3798137.05100000,9992,135383.08000000,1999010.02290000
1764417600000,2025-11-29 12:00:00,14.88000000,14.89000000,14.74000000,14.86000000,192520.88000000,1764431999999,2025-11-29 15:59:59,2852934.96420000,5757,88479.42000000,1311716.21890000
1764432000000,2025-11-29 16:00:00,14.85000000,14.86000000,14.37000000,14.45000000,415420.74000000,1764446399999,2025-11-29 19:59:59,6053340.26670000,12751,191953.51000000,2796905.79380000
1764446400000,2025-11-29 20:00:00,14.45000000,14.45000000,14.19000000,14.25000000,414772.96000000,1764460799999,2025-11-29 23:59:59,5938762.38390000,12989,202349.68000000,2896815.01440000
1764460800000,2025-11-30 00:00:00,14.25000000,14.34000000,14.13000000,14.20000000,265540.07000000,1764475199999,2025-11-30 03:59:59,3776444.72950000,7674,118470.57000000,1684067.61020000
1764475200000,2025-11-30 04:00:00,14.21000000,14.22000000,13.98000000,14.14000000,318328.73000000,1764489599999,2025-11-30 07:59:59,4481698.73560000,10464,151375.74000000,2132013.91230000
1764489600000,2025-11-30 08:00:00,14.15000000,14.22000000,14.04000000,14.07000000,336372.78000000,1764503999999,2025-11-30 11:59:59,4751418.27290000,10853,145809.58000000,2060002.44020000
1764504000000,2025-11-30 12:00:00,14.07000000,14.31000000,14.05000000,14.17000000,300447.62000000,1764518399999,2025-11-30 15:59:59,4265707.28240000,11377,148966.24000000,2114888.03110000
1764518400000,2025-11-30 16:00:00,14.17000000,14.28000000,13.83000000,14.00000000,590832.80000000,1764532799999,2025-11-30 19:59:59,8283995.50260000,18488,301145.04000000,4221219.79680000
1764532800000,2025-11-30 20:00:00,14.00000000,14.04000000,13.66000000,13.71000000,483937.19000000,1764547199999,2025-11-30 23:59:59,6712022.82870000,15736,253390.01000000,3515954.30080000
1764547200000,2025-12-01 00:00:00,13.72000000,13.74000000,12.94000000,12.96000000,1124189.55000000,1764561599999,2025-12-01 03:59:59,14950503.19710000,51246,536780.92000000,7138812.52350000
1764561600000,2025-12-01 04:00:00,12.96000000,13.10000000,12.87000000,13.07000000,371885.82000000,1764575999999,2025-12-01 07:59:59,4819134.34140000,16570,186806.95000000,2421227.23050000
1764576000000,2025-12-01 08:00:00,13.07000000,13.11000000,12.94000000,12.95000000,294308.00000000,1764590399999,2025-12-01 11:59:59,3830289.51290000,10724,152386.71000000,1983725.70370000
1764590400000,2025-12-01 12:00:00,12.95000000,12.97000000,12.61000000,12.70000000,922810.75000000,1764604799999,2025-12-01 15:59:59,11830880.24100000,34488,464542.99000000,5958805.66790000
1764604800000,2025-12-01 16:00:00,12.70000000,12.78000000,12.54000000,12.62000000,473327.42000000,1764619199999,2025-12-01 19:59:59,5992862.69280000,20900,243136.15000000,3078320.18420000
1764619200000,2025-12-01 20:00:00,12.61000000,12.87000000,12.59000000,12.76000000,441379.64000000,1764633599999,2025-12-01 23:59:59,5627783.41420000,19565,249659.13000000,3183121.84340000
1764633600000,2025-12-02 00:00:00,12.76000000,13.02000000,12.71000000,12.95000000,342261.75000000,1764647999999,2025-12-02 03:59:59,4406777.17070000,17323,169104.25000000,2178157.16290000
1764648000000,2025-12-02 04:00:00,12.95000000,13.05000000,12.86000000,13.03000000,203094.65000000,1764662399999,2025-12-02 07:59:59,2633589.55520000,9416,101317.97000000,1314078.32220000
1764662400000,2025-12-02 08:00:00,13.03000000,13.13000000,12.86000000,12.91000000,1739520.33000000,1764676799999,2025-12-02 11:59:59,22580585.17990000,43580,778687.70000000,10121079.06850000
1764676800000,2025-12-02 12:00:00,12.91000000,13.72000000,12.84000000,13.67000000,1259535.32000000,1764691199999,2025-12-02 15:59:59,16739748.01560000,34335,661191.29000000,8795913.96240000
1764691200000,2025-12-02 16:00:00,13.67000000,13.74000000,13.54000000,13.65000000,664860.54000000,1764705599999,2025-12-02 19:59:59,9070059.32640000,25001,341062.86000000,4652348.76200000
1764705600000,2025-12-02 20:00:00,13.65000000,13.76000000,13.56000000,13.62000000,364606.00000000,1764719999999,2025-12-02 23:59:59,4981054.47120000,13952,161414.62000000,2205550.78880000
1764720000000,2025-12-03 00:00:00,13.63000000,13.85000000,13.58000000,13.82000000,489366.04000000,1764734399999,2025-12-03 03:59:59,6721351.61090000,17982,258086.21000000,3542395.75630000
1764734400000,2025-12-03 04:00:00,13.81000000,14.35000000,13.79000000,14.13000000,904038.94000000,1764748799999,2025-12-03 07:59:59,12734496.31610000,26764,458355.76000000,6455645.27980000
1764748800000,2025-12-03 08:00:00,14.13000000,14.19000000,14.01000000,14.07000000,375150.53000000,1764763199999,2025-12-03 11:59:59,5283889.96700000,12545,188860.57000000,2659842.50810000
1764763200000,2025-12-03 12:00:00,14.07000000,14.30000000,13.87000000,14.17000000,1005961.35000000,1764777599999,2025-12-03 15:59:59,14182669.25840000,35181,480303.51000000,6774753.64790000
1764777600000,2025-12-03 16:00:00,14.17000000,14.50000000,14.07000000,14.50000000,832278.51000000,1764791999999,2025-12-03 19:59:59,11951194.51020000,22859,409911.83000000,5887386.72880000
1764792000000,2025-12-03 20:00:00,14.50000000,15.09000000,14.41000000,14.78000000,1584402.51000000,1764806399999,2025-12-03 23:59:59,23411727.68510000,38735,789438.65000000,11668557.66830000
1764806400000,2025-12-04 00:00:00,14.78000000,14.88000000,14.68000000,14.72000000,554170.82000000,1764820799999,2025-12-04 03:59:59,8183761.14120000,16618,282001.28000000,4164422.51960000
1764820800000,2025-12-04 04:00:00,14.72000000,14.76000000,14.68000000,14.72000000,313497.48000000,1764835199999,2025-12-04 07:59:59,4616546.87420000,9081,153609.96000000,2262477.54900000
1764835200000,2025-12-04 08:00:00,14.72000000,14.79000000,14.70000000,14.75000000,219756.57000000,1764849599999,2025-12-04 11:59:59,3238990.31590000,7933,110047.55000000,1622085.29800000
1764849600000,2025-12-04 12:00:00,14.75000000,14.86000000,14.64000000,14.75000000,544102.48000000,1764863999999,2025-12-04 15:59:59,8015228.18050000,17279,261986.73000000,3859513.34030000
1764864000000,2025-12-04 16:00:00,14.75000000,14.77000000,14.21000000,14.43000000,778995.24000000,1764878399999,2025-12-04 19:59:59,11308994.65420000,25654,388267.23000000,5637950.52660000
1764878400000,2025-12-04 20:00:00,14.42000000,14.51000000,14.35000000,14.41000000,274130.70000000,1764892799999,2025-12-04 23:59:59,3956579.99560000,10398,153219.62000000,2211840.78590000
1764892800000,2025-12-05 00:00:00,14.40000000,14.52000000,14.39000000,14.45000000,235377.03000000,1764907199999,2025-12-05 03:59:59,3405178.89990000,7847,135294.26000000,1957119.53260000
1764907200000,2025-12-05 04:00:00,14.45000000,14.48000000,14.32000000,14.36000000,320104.18000000,1764921599999,2025-12-05 07:59:59,4604904.69090000,9290,172717.27000000,2485120.78480000
1764921600000,2025-12-05 08:00:00,14.36000000,14.36000000,13.77000000,13.81000000,770267.37000000,1764935999999,2025-12-05 11:59:59,10816885.38160000,21431,342290.33000000,4800535.41370000
1764936000000,2025-12-05 12:00:00,13.80000000,13.88000000,13.58000000,13.68000000,777805.76000000,1764950399999,2025-12-05 15:59:59,10677513.72310000,39442,394611.27000000,5417665.17610000
1764950400000,2025-12-05 16:00:00,13.68000000,13.68000000,13.20000000,13.42000000,751449.50000000,1764964799999,2025-12-05 19:59:59,10075158.98860000,39912,422807.12000000,5667270.63910000
1764964800000,2025-12-05 20:00:00,13.42000000,13.43000000,13.09000000,13.21000000,721437.97000000,1764979199999,2025-12-05 23:59:59,9536070.68590000,20648,281855.27000000,3733324.87560000
1764979200000,2025-12-06 00:00:00,13.21000000,13.39000000,13.14000000,13.32000000,384638.26000000,1764993599999,2025-12-06 03:59:59,5113073.25010000,11125,182569.30000000,2427247.53110000
1764993600000,2025-12-06 04:00:00,13.32000000,13.33000000,13.21000000,13.23000000,147659.85000000,1765007999999,2025-12-06 07:59:59,1960675.35300000,6556,73818.25000000,980409.64680000
1765008000000,2025-12-06 08:00:00,13.23000000,13.32000000,13.16000000,13.23000000,196224.56000000,1765022399999,2025-12-06 11:59:59,2598429.50060000,8204,98148.44000000,1300028.40210000
1765022400000,2025-12-06 12:00:00,13.22000000,13.35000000,13.16000000,13.32000000,382407.53000000,1765036799999,2025-12-06 15:59:59,5067112.66530000,14465,195562.01000000,2591681.55440000
1765036800000,2025-12-06 16:00:00,13.31000000,13.49000000,13.27000000,13.31000000,371305.79000000,1765051199999,2025-12-06 19:59:59,4970768.88610000,13176,173825.38000000,2327411.75080000
1765051200000,2025-12-06 20:00:00,13.31000000,13.47000000,13.29000000,13.40000000,512224.05000000,1765065599999,2025-12-06 23:59:59,6866146.72070000,14663,279506.15000000,3746797.13250000
1765065600000,2025-12-07 00:00:00,13.41000000,13.55000000,13.40000000,13.49000000,175932.13000000,1765079999999,2025-12-07 03:59:59,2371594.98970000,7219,73065.40000000,984988.69300000
1765080000000,2025-12-07 04:00:00,13.50000000,13.52000000,13.37000000,13.40000000,137882.18000000,1765094399999,2025-12-07 07:59:59,1852909.13880000,4904,61277.33000000,822546.15510000
1765094400000,2025-12-07 08:00:00,13.40000000,13.43000000,13.31000000,13.34000000,140937.15000000,1765108799999,2025-12-07 11:59:59,1882796.93290000,6222,65106.44000000,869677.22730000
1765108800000,2025-12-07 12:00:00,13.34000000,13.44000000,12.96000000,13.43000000,656772.64000000,1765123199999,2025-12-07 15:59:59,8646875.73000000,29862,325348.90000000,4283979.28650000
1765123200000,2025-12-07 16:00:00,13.42000000,13.85000000,13.30000000,13.76000000,769736.81000000,1765137599999,2025-12-07 19:59:59,10476937.04320000,33350,372498.16000000,5071750.03980000
1765137600000,2025-12-07 20:00:00,13.76000000,13.82000000,13.27000000,13.49000000,526741.89000000,1765151999999,2025-12-07 23:59:59,7107375.15640000,26964,237481.62000000,3197986.82170000
1765152000000,2025-12-08 00:00:00,13.49000000,13.67000000,13.38000000,13.55000000,230646.60000000,1765166399999,2025-12-08 03:59:59,3115475.54770000,13487,116937.54000000,1579823.04380000
1765166400000,2025-12-08 04:00:00,13.55000000,13.73000000,13.54000000,13.68000000,188486.83000000,1765180799999,2025-12-08 07:59:59,2575775.02690000,8324,93344.29000000,1275398.58450000
1765180800000,2025-12-08 08:00:00,13.69000000,13.91000000,13.66000000,13.74000000,316771.27000000,1765195199999,2025-12-08 11:59:59,4371962.92920000,13239,160754.92000000,2219030.67690000
1765195200000,2025-12-08 12:00:00,13.75000000,13.82000000,13.52000000,13.59000000,393267.85000000,1765209599999,2025-12-08 15:59:59,5385531.47180000,19042,171714.88000000,2351382.61370000
1765209600000,2025-12-08 16:00:00,13.58000000,13.72000000,13.48000000,13.55000000,349994.68000000,1765223999999,2025-12-08 19:59:59,4760528.68280000,17099,136637.54000000,1859732.36280000
1765224000000,2025-12-08 20:00:00,13.55000000,13.75000000,13.53000000,13.64000000,459021.21000000,1765238399999,2025-12-08 23:59:59,6251665.14660000,13923,208149.37000000,2836715.88910000
1765238400000,2025-12-09 00:00:00,13.64000000,13.74000000,13.53000000,13.72000000,283068.71000000,1765252799999,2025-12-09 03:59:59,3856816.28650000,11811,138748.15000000,1890819.77050000
1765252800000,2025-12-09 04:00:00,13.73000000,13.77000000,13.54000000,13.73000000,270915.46000000,1765267199999,2025-12-09 07:59:59,3700647.54300000,12164,120278.60000000,1642349.24030000
1765267200000,2025-12-09 08:00:00,13.73000000,13.77000000,13.50000000,13.59000000,257298.49000000,1765281599999,2025-12-09 11:59:59,3499911.01260000,11119,126087.93000000,1715211.43830000
1765281600000,2025-12-09 12:00:00,13.60000000,14.18000000,13.55000000,14.13000000,756818.55000000,1765295999999,2025-12-09 15:59:59,10482383.06670000,33864,388538.02000000,5386550.34740000
1765296000000,2025-12-09 16:00:00,14.13000000,14.73000000,14.13000000,14.62000000,1173007.27000000,1765310399999,2025-12-09 19:59:59,17027307.12010000,86308,600876.63000000,8723280.39310000
1765310400000,2025-12-09 20:00:00,14.62000000,14.67000000,14.48000000,14.60000000,583391.06000000,1765324799999,2025-12-09 23:59:59,8510214.02600000,27900,334594.03000000,4880471.59140000
1765324800000,2025-12-10 00:00:00,14.61000000,14.65000000,14.56000000,14.61000000,257358.67000000,1765339199999,2025-12-10 03:59:59,3758175.62210000,9514,136784.31000000,1997651.39120000
1765339200000,2025-12-10 04:00:00,14.61000000,14.63000000,14.56000000,14.61000000,175099.08000000,1765353599999,2025-12-10 07:59:59,2555286.81190000,6872,92127.56000000,1344442.93480000
1765353600000,2025-12-10 08:00:00,14.61000000,14.68000000,14.17000000,14.26000000,484954.51000000,1765367999999,2025-12-10 11:59:59,7013954.64200000,17933,239967.20000000,3464871.11400000
1765368000000,2025-12-10 12:00:00,14.26000000,14.33000000,14.15000000,14.24000000,366140.59000000,1765382399999,2025-12-10 15:59:59,5215369.81040000,21483,164829.55000000,2347464.93140000
1765382400000,2025-12-10 16:00:00,14.24000000,14.67000000,14.20000000,14.55000000,791657.04000000,1765396799999,2025-12-10 19:59:59,11461154.91270000,44196,354681.84000000,5135800.58090000
1765396800000,2025-12-10 20:00:00,14.56000000,14.83000000,14.09000000,14.11000000,1031412.94000000,1765411199999,2025-12-10 23:59:59,14945319.05110000,46335,482670.77000000,6985887.14290000
1765411200000,2025-12-11 00:00:00,14.11000000,14.11000000,13.27000000,13.31000000,821859.53000000,1765425599999,2025-12-11 03:59:59,11197811.56060000,55842,413547.87000000,5628932.20180000
1765425600000,2025-12-11 04:00:00,13.30000000,13.49000000,13.24000000,13.40000000,402046.41000000,1765439999999,2025-12-11 07:59:59,5375398.00560000,20307,228821.92000000,3060299.68360000
1765440000000,2025-12-11 08:00:00,13.39000000,13.43000000,13.25000000,13.33000000,352894.46000000,1765454399999,2025-12-11 11:59:59,4701644.44700000,15372,188884.65000000,2517030.02930000
1765454400000,2025-12-11 12:00:00,13.32000000,13.37000000,12.93000000,13.01000000,940499.42000000,1765468799999,2025-12-11 15:59:59,12396676.35850000,36716,516802.69000000,6813831.46640000
1765468800000,2025-12-11 16:00:00,13.00000000,13.39000000,12.89000000,13.25000000,712247.95000000,1765483199999,2025-12-11 19:59:59,9351933.62080000,30760,385556.93000000,5061523.01030000
1765483200000,2025-12-11 20:00:00,13.25000000,13.61000000,13.23000000,13.42000000,572116.46000000,1765497599999,2025-12-11 23:59:59,7689125.73200000,24193,295906.74000000,3975589.77530000
1765497600000,2025-12-12 00:00:00,13.42000000,13.74000000,13.32000000,13.61000000,336835.45000000,1765511999999,2025-12-12 03:59:59,4564067.37990000,13786,145551.15000000,1971844.36760000
1765512000000,2025-12-12 04:00:00,13.60000000,13.79000000,13.55000000,13.66000000,245405.74000000,1765526399999,2025-12-12 07:59:59,3358247.53480000,13568,103713.72000000,1419169.70750000
1765526400000,2025-12-12 08:00:00,13.66000000,13.68000000,13.49000000,13.56000000,243708.74000000,1765540799999,2025-12-12 11:59:59,3309257.84200000,10091,118481.51000000,1608883.64420000
1765540800000,2025-12-12 12:00:00,13.56000000,13.65000000,12.81000000,12.91000000,731209.22000000,1765555199999,2025-12-12 15:59:59,9751289.74970000,32212,328169.55000000,4378844.44120000
1765555200000,2025-12-12 16:00:00,12.90000000,13.21000000,12.81000000,13.07000000,669284.70000000,1765569599999,2025-12-12 19:59:59,8686605.29390000,41925,361353.33000000,4688532.64040000
1765569600000,2025-12-12 20:00:00,13.08000000,13.17000000,13.03000000,13.10000000,238056.24000000,1765583999999,2025-12-12 23:59:59,3116860.52630000,7644,115323.39000000,1509900.78690000
1765584000000,2025-12-13 00:00:00,13.11000000,13.25000000,13.09000000,13.22000000,278225.85000000,1765598399999,2025-12-13 03:59:59,3661764.79820000,8173,137612.86000000,1811072.10100000
1765598400000,2025-12-13 04:00:00,13.22000000,13.46000000,13.19000000,13.33000000,313678.53000000,1765612799999,2025-12-13 07:59:59,4177546.76230000,10813,137367.75000000,1829006.87800000
1765612800000,2025-12-13 08:00:00,13.34000000,13.47000000,13.34000000,13.38000000,250530.94000000,1765627199999,2025-12-13 11:59:59,3359320.93940000,8359,107959.45000000,1447790.15660000
1765627200000,2025-12-13 12:00:00,13.38000000,13.41000000,13.22000000,13.36000000,345525.78000000,1765641599999,2025-12-13 15:59:59,4596412.07090000,10265,131621.20000000,1751023.48450000
1765641600000,2025-12-13 16:00:00,13.36000000,13.42000000,13.32000000,13.38000000,200059.65000000,1765655999999,2025-12-13 19:59:59,2674918.62950000,7320,95642.93000000,1278891.41560000
1765656000000,2025-12-13 20:00:00,13.39000000,13.40000000,13.24000000,13.37000000,190207.87000000,1765670399999,2025-12-13 23:59:59,2534009.20500000,6494,94933.26000000,1264838.99680000
1765670400000,2025-12-14 00:00:00,13.37000000,13.40000000,13.29000000,13.31000000,88748.62000000,1765684799999,2025-12-14 03:59:59,1185584.34130000,4710,45090.64000000,602480.02210000
1765684800000,2025-12-14 04:00:00,13.30000000,13.32000000,13.18000000,13.25000000,94889.19000000,1765699199999,2025-12-14 07:59:59,1256108.69850000,4977,50700.21000000,671192.10120000
1765699200000,2025-12-14 08:00:00,13.25000000,13.29000000,12.96000000,13.07000000,268927.34000000,1765713599999,2025-12-14 11:59:59,3526647.54570000,11713,125129.02000000,1641530.13700000
1765713600000,2025-12-14 12:00:00,13.07000000,13.14000000,12.98000000,13.02000000,267572.70000000,1765727999999,2025-12-14 15:59:59,3489453.13540000,11119,138510.96000000,1806285.56830000
1765728000000,2025-12-14 16:00:00,13.02000000,13.12000000,12.92000000,12.98000000,278670.02000000,1765742399999,2025-12-14 19:59:59,3619500.38260000,11390,157632.80000000,2047718.82580000
1765742400000,2025-12-14 20:00:00,12.98000000,13.02000000,12.73000000,12.88000000,430833.13000000,1765756799999,2025-12-14 23:59:59,5550691.40570000,15943,197843.97000000,2549670.78900000
1765756800000,2025-12-15 00:00:00,12.88000000,13.27000000,12.85000000,13.08000000,438164.52000000,1765771199999,2025-12-15 03:59:59,5717888.96540000,17670,209585.60000000,2736865.44130000
1765771200000,2025-12-15 04:00:00,13.09000000,13.33000000,13.08000000,13.20000000,413987.49000000,1765785599999,2025-12-15 07:59:59,5464843.82240000,10757,195966.16000000,2586239.81200000
1765785600000,2025-12-15 08:00:00,13.19000000,13.35000000,13.17000000,13.22000000,303499.20000000,1765799999999,2025-12-15 11:59:59,4020544.80530000,9904,154557.94000000,2047116.97740000
1765800000000,2025-12-15 12:00:00,13.23000000,13.23000000,12.43000000,12.50000000,1150849.96000000,1765814399999,2025-12-15 15:59:59,14733240.32160000,58796,633874.65000000,8117596.87190000
1765814400000,2025-12-15 16:00:00,12.50000000,12.54000000,12.20000000,12.40000000,777015.05000000,1765828799999,2025-12-15 19:59:59,9638584.07190000,46930,379324.23000000,4705482.30930000
1765828800000,2025-12-15 20:00:00,12.39000000,12.40000000,12.25000000,12.34000000,420071.54000000,1765843199999,2025-12-15 23:59:59,5182139.03710000,15222,209324.23000000,2582558.97450000
1765843200000,2025-12-16 00:00:00,12.35000000,12.36000000,12.17000000,12.27000000,333158.07000000,1765857599999,2025-12-16 03:59:59,4085799.42180000,13528,151443.67000000,1857432.82090000
1765857600000,2025-12-16 04:00:00,12.27000000,12.34000000,12.05000000,12.19000000,328071.46000000,1765871999999,2025-12-16 07:59:59,4004653.51750000,11280,156867.32000000,1916265.33910000
1765872000000,2025-12-16 08:00:00,12.20000000,12.40000000,12.14000000,12.35000000,459179.36000000,1765886399999,2025-12-16 11:59:59,5643712.45000000,14797,243889.33000000,2997866.16380000
1765886400000,2025-12-16 12:00:00,12.35000000,12.40000000,11.91000000,12.35000000,1302867.60000000,1765900799999,2025-12-16 15:59:59,15861850.20210000,50018,649497.70000000,7913048.12730000
1765900800000,2025-12-16 16:00:00,12.35000000,12.38000000,12.14000000,12.28000000,587372.59000000,1765915199999,2025-12-16 19:59:59,7207508.87900000,18248,292804.06000000,3590710.09180000
1765915200000,2025-12-16 20:00:00,12.28000000,12.38000000,12.27000000,12.35000000,303260.23000000,1765929599999,2025-12-16 23:59:59,3738056.86230000,8639,143201.31000000,1765468.35990000
1765929600000,2025-12-17 00:00:00,12.34000000,12.39000000,12.28000000,12.30000000,217016.55000000,1765943999999,2025-12-17 03:59:59,2675672.82930000,10368,89761.92000000,1106529.47830000
1765944000000,2025-12-17 04:00:00,12.30000000,12.32000000,12.07000000,12.22000000,401694.19000000,1765958399999,2025-12-17 07:59:59,4900483.05320000,12146,186456.94000000,2273498.89810000
1765958400000,2025-12-17 08:00:00,12.22000000,12.22000000,12.05000000,12.18000000,217301.08000000,1765972799999,2025-12-17 11:59:59,2635636.96850000,8869,115811.10000000,1405171.95430000
1765972800000,2025-12-17 12:00:00,12.18000000,12.66000000,12.07000000,12.15000000,1551137.64000000,1765987199999,2025-12-17 15:59:59,19199520.49270000,55202,736451.78000000,9119839.58760000
1765987200000,2025-12-17 16:00:00,12.15000000,12.24000000,11.69000000,11.89000000,1253649.35000000,1766001599999,2025-12-17 19:59:59,14909559.10190000,54683,655505.05000000,7810689.60930000
1766001600000,2025-12-17 20:00:00,11.88000000,11.98000000,11.78000000,11.87000000,348654.82000000,1766015999999,2025-12-17 23:59:59,4141400.95690000,13481,161479.20000000,1918016.37520000
1766016000000,2025-12-18 00:00:00,11.86000000,11.89000000,11.69000000,11.74000000,266732.79000000,1766030399999,2025-12-18 03:59:59,3143482.86050000,10506,116820.48000000,1376997.95770000
1766030400000,2025-12-18 04:00:00,11.75000000,11.80000000,11.65000000,11.76000000,270276.14000000,1766044799999,2025-12-18 07:59:59,3169080.32680000,9291,153053.45000000,1794777.50400000
1766044800000,2025-12-18 08:00:00,11.76000000,11.81000000,11.68000000,11.73000000,301095.93000000,1766059199999,2025-12-18 11:59:59,3534222.04450000,10216,149400.58000000,1753434.89100000
1766059200000,2025-12-18 12:00:00,11.73000000,12.32000000,11.69000000,12.18000000,1505276.62000000,1766073599999,2025-12-18 15:59:59,18191272.42540000,49430,783152.56000000,9467613.37190000
1766073600000,2025-12-18 16:00:00,12.19000000,12.20000000,11.28000000,11.31000000,1689885.88000000,1766087999999,2025-12-18 19:59:59,19595216.84890000,58889,809552.28000000,9387275.88410000
1766088000000,2025-12-18 20:00:00,11.30000000,11.58000000,11.30000000,11.44000000,645718.85000000,1766102399999,2025-12-18 23:59:59,7389767.18040000,19894,314497.41000000,3598176.86610000
1766102400000,2025-12-19 00:00:00,11.44000000,11.81000000,11.26000000,11.73000000,845726.69000000,1766116799999,2025-12-19 03:59:59,9749789.88870000,25976,455570.18000000,5250460.55560000
1766116800000,2025-12-19 04:00:00,11.74000000,12.09000000,11.61000000,11.94000000,868000.48000000,1766131199999,2025-12-19 07:59:59,10221096.64830000,21015,398826.97000000,4705184.85480000
1766131200000,2025-12-19 08:00:00,11.94000000,12.03000000,11.88000000,11.98000000,382220.63000000,1766145599999,2025-12-19 11:59:59,4572279.24330000,12410,212439.79000000,2541891.47270000
1766145600000,2025-12-19 12:00:00,11.99000000,12.41000000,11.94000000,12.18000000,1083505.64000000,1766159999999,2025-12-19 15:59:59,13146567.89810000,38079,590752.96000000,7168741.84130000
1766160000000,2025-12-19 16:00:00,12.19000000,12.45000000,12.07000000,12.33000000,649556.18000000,1766174399999,2025-12-19 19:59:59,7976349.53770000,31495,294122.57000000,3610515.86890000
1766174400000,2025-12-19 20:00:00,12.33000000,12.39000000,12.24000000,12.26000000,283087.75000000,1766188799999,2025-12-19 23:59:59,3488028.32810000,9665,141439.90000000,1742929.45850000
1766188800000,2025-12-20 00:00:00,12.25000000,12.30000000,12.19000000,12.26000000,128973.79000000,1766203199999,2025-12-20 03:59:59,1578246.50480000,5978,64987.28000000,795448.64780000
1766203200000,2025-12-20 04:00:00,12.26000000,12.35000000,12.19000000,12.33000000,165682.73000000,1766217599999,2025-12-20 07:59:59,2032953.44240000,5856,87547.40000000,1074955.92680000
1766217600000,2025-12-20 08:00:00,12.34000000,12.38000000,12.24000000,12.31000000,171473.49000000,1766231999999,2025-12-20 11:59:59,2112241.05630000,5473,67691.46000000,833786.15790000
1766232000000,2025-12-20 12:00:00,12.32000000,12.32000000,12.17000000,12.27000000,199632.74000000,1766246399999,2025-12-20 15:59:59,2444560.16110000,7223,94100.50000000,1152319.05030000
1766246400000,2025-12-20 16:00:00,12.27000000,12.31000000,12.23000000,12.27000000,110343.96000000,1766260799999,2025-12-20 19:59:59,1353880.54870000,4638,57125.57000000,700952.48900000
1766260800000,2025-12-20 20:00:00,12.26000000,12.28000000,12.13000000,12.21000000,194939.88000000,1766275199999,2025-12-20 23:59:59,2378533.64010000,7362,99894.07000000,1218079.68790000
1766275200000,2025-12-21 00:00:00,12.22000000,12.26000000,12.09000000,12.18000000,158950.70000000,1766289599999,2025-12-21 03:59:59,1935394.04200000,7484,83156.71000000,1013016.86000000
1766289600000,2025-12-21 04:00:00,12.18000000,12.20000000,12.11000000,12.12000000,73598.78000000,1766303999999,2025-12-21 07:59:59,894344.86060000,4133,35145.80000000,427114.02520000
1766304000000,2025-12-21 08:00:00,12.13000000,12.34000000,12.10000000,12.24000000,218566.71000000,1766318399999,2025-12-21 11:59:59,2678708.07400000,11127,119821.50000000,1468144.36630000
1766318400000,2025-12-21 12:00:00,12.25000000,12.29000000,11.96000000,12.09000000,407967.18000000,1766332799999,2025-12-21 15:59:59,4927264.64030000,18758,228822.31000000,2763140.25160000
1766332800000,2025-12-21 16:00:00,12.09000000,12.18000000,12.01000000,12.12000000,178030.94000000,1766347199999,2025-12-21 19:59:59,2152820.31560000,8066,92981.90000000,1124577.69820000
1766347200000,2025-12-21 20:00:00,12.12000000,12.25000000,11.98000000,12.14000000,196952.40000000,1766361599999,2025-12-21 23:59:59,2382159.52610000,7669,97764.35000000,1182686.50840000
1766361600000,2025-12-22 00:00:00,12.15000000,12.41000000,12.01000000,12.20000000,453770.35000000,1766375999999,2025-12-22 03:59:59,5545620.73880000,21292,242562.04000000,2964561.33220000
1766376000000,2025-12-22 04:00:00,12.20000000,12.27000000,12.12000000,12.19000000,151694.96000000,1766390399999,2025-12-22 07:59:59,1850016.15020000,9509,73470.41000000,896285.19130000
1766390400000,2025-12-22 08:00:00,12.19000000,12.39000000,12.16000000,12.37000000,459594.47000000,1766404799999,2025-12-22 11:59:59,5654790.63350000,14704,289227.51000000,3560907.17630000
1766404800000,2025-12-22 12:00:00,12.37000000,12.44000000,12.27000000,12.37000000,599659.95000000,1766419199999,2025-12-22 15:59:59,7412464.11220000,22405,276484.88000000,3419965.29930000
1766419200000,2025-12-22 16:00:00,12.37000000,12.41000000,12.12000000,12.15000000,377430.70000000,1766433599999,2025-12-22 19:59:59,4646828.59560000,12917,153259.11000000,1887331.46960000
1766433600000,2025-12-22 20:00:00,12.14000000,12.45000000,12.08000000,12.42000000,1093865.35000000,1766447999999,2025-12-22 23:59:59,13489676.85180000,35323,673672.90000000,8309055.64100000
1766448000000,2025-12-23 00:00:00,12.42000000,12.55000000,12.34000000,12.41000000,525373.52000000,1766462399999,2025-12-23 03:59:59,6543950.48730000,14474,255677.76000000,3184791.97570000
1766462400000,2025-12-23 04:00:00,12.40000000,12.43000000,12.12000000,12.19000000,350136.64000000,1766476799999,2025-12-23 07:59:59,4294417.69620000,11353,155671.20000000,1909568.90220000
1766476800000,2025-12-23 08:00:00,12.19000000,12.33000000,12.16000000,12.29000000,187828.47000000,1766491199999,2025-12-23 11:59:59,2299483.85060000,8565,101500.98000000,1242794.52240000
1766491200000,2025-12-23 12:00:00,12.30000000,12.30000000,11.84000000,11.96000000,815807.49000000,1766505599999,2025-12-23 15:59:59,9803459.37700000,31546,389056.19000000,4673168.29890000
1766505600000,2025-12-23 16:00:00,11.96000000,12.19000000,11.91000000,12.12000000,359013.62000000,1766519999999,2025-12-23 19:59:59,4328738.35530000,16325,176338.05000000,2125926.04130000
1766520000000,2025-12-23 20:00:00,12.12000000,12.33000000,12.08000000,12.18000000,429643.83000000,1766534399999,2025-12-23 23:59:59,5254494.92570000,13330,231368.87000000,2829913.51580000
1766534400000,2025-12-24 00:00:00,12.18000000,12.23000000,11.96000000,12.07000000,248776.30000000,1766548799999,2025-12-24 03:59:59,3010325.99830000,11633,116639.88000000,1411468.85680000
1766548800000,2025-12-24 04:00:00,12.07000000,12.14000000,11.94000000,11.98000000,157038.95000000,1766563199999,2025-12-24 07:59:59,1886341.29410000,6988,72155.78000000,866524.83450000
1766563200000,2025-12-24 08:00:00,11.99000000,12.14000000,11.97000000,12.11000000,156875.80000000,1766577599999,2025-12-24 11:59:59,1892605.29260000,7583,69459.51000000,838127.39200000
1766577600000,2025-12-24 12:00:00,12.11000000,12.14000000,11.89000000,12.00000000,342574.27000000,1766591999999,2025-12-24 15:59:59,4111912.16400000,15935,130943.67000000,1572718.78960000
1766592000000,2025-12-24 16:00:00,12.01000000,12.09000000,11.90000000,12.03000000,453893.40000000,1766606399999,2025-12-24 19:59:59,5440754.49820000,14644,187737.67000000,2250627.04240000
1766606400000,2025-12-24 20:00:00,12.03000000,12.15000000,12.02000000,12.10000000,248677.10000000,1766620799999,2025-12-24 23:59:59,3005892.87380000,6134,120374.46000000,1454502.69000000
1766620800000,2025-12-25 00:00:00,12.11000000,12.22000000,12.05000000,12.16000000,264938.90000000,1766635199999,2025-12-25 03:59:59,3216500.23200000,7742,104715.70000000,1271616.99820000
1766635200000,2025-12-25 04:00:00,12.16000000,12.27000000,12.14000000,12.25000000,240060.87000000,1766649599999,2025-12-25 07:59:59,2925168.21620000,7243,105668.43000000,1287716.02820000
1766649600000,2025-12-25 08:00:00,12.25000000,12.35000000,12.11000000,12.15000000,383179.89000000,1766663999999,2025-12-25 11:59:59,4687160.14520000,11925,167148.24000000,2045149.88850000
1766664000000,2025-12-25 12:00:00,12.15000000,12.40000000,12.15000000,12.35000000,379889.93000000,1766678399999,2025-12-25 15:59:59,4661934.24060000,11986,186742.38000000,2291877.56620000
1766678400000,2025-12-25 16:00:00,12.35000000,12.55000000,12.34000000,12.47000000,587651.03000000,1766692799999,2025-12-25 19:59:59,7305441.41430000,21514,291401.06000000,3624234.31280000
1766692800000,2025-12-25 20:00:00,12.48000000,12.50000000,12.06000000,12.09000000,405816.83000000,1766707199999,2025-12-25 23:59:59,4978222.37890000,14229,208269.39000000,2552395.01610000
1766707200000,2025-12-26 00:00:00,12.09000000,12.62000000,12.03000000,12.52000000,863900.77000000,1766721599999,2025-12-26 03:59:59,10709762.17890000,29096,443751.46000000,5506691.95290000
1766721600000,2025-12-26 04:00:00,12.53000000,12.58000000,12.40000000,12.41000000,241571.03000000,1766735999999,2025-12-26 07:59:59,3018678.84310000,10101,103173.73000000,1289381.80610000
1766736000000,2025-12-26 08:00:00,12.41000000,12.50000000,12.40000000,12.45000000,124142.43000000,1766750399999,2025-12-26 11:59:59,1546863.22690000,5785,61195.07000000,762539.14380000
1766750400000,2025-12-26 12:00:00,12.45000000,12.50000000,12.14000000,12.24000000,494863.28000000,1766764799999,2025-12-26 15:59:59,6089105.24270000,22122,242704.91000000,2983936.27790000
1766764800000,2025-12-26 16:00:00,12.24000000,12.39000000,12.17000000,12.38000000,208950.90000000,1766779199999,2025-12-26 19:59:59,2570704.13320000,10436,113758.23000000,1399411.40390000
1766779200000,2025-12-26 20:00:00,12.38000000,12.40000000,12.32000000,12.34000000,174197.75000000,1766793599999,2025-12-26 23:59:59,2151747.49300000,5547,77356.66000000,955750.94920000
1766793600000,2025-12-27 00:00:00,12.34000000,12.42000000,12.33000000,12.42000000,135326.96000000,1766807999999,2025-12-27 03:59:59,1674614.06830000,4820,55204.00000000,682970.08550000
1766808000000,2025-12-27 04:00:00,12.42000000,12.47000000,12.38000000,12.46000000,157626.64000000,1766822399999,2025-12-27 07:59:59,1959530.58310000,4688,73980.29000000,919771.27380000
1766822400000,2025-12-27 08:00:00,12.45000000,12.49000000,12.39000000,12.47000000,167118.62000000,1766836799999,2025-12-27 11:59:59,2081435.83900000,6315,66424.95000000,827514.65320000
1766836800000,2025-12-27 12:00:00,12.47000000,12.58000000,12.44000000,12.55000000,347491.15000000,1766851199999,2025-12-27 15:59:59,4348919.61910000,10519,183398.74000000,2295997.00760000
1766851200000,2025-12-27 16:00:00,12.56000000,12.61000000,12.50000000,12.53000000,238021.85000000,1766865599999,2025-12-27 19:59:59,2991065.90390000,9846,98234.54000000,1234540.23850000
1766865600000,2025-12-27 20:00:00,12.53000000,12.80000000,12.53000000,12.69000000,357135.66000000,1766879999999,2025-12-27 23:59:59,4514650.91540000,12832,190050.91000000,2402608.76350000
1766880000000,2025-12-28 00:00:00,12.70000000,12.90000000,12.70000000,12.79000000,664035.27000000,1766894399999,2025-12-28 03:59:59,8492109.53630000,19669,342628.87000000,4382682.76780000
1766894400000,2025-12-28 04:00:00,12.79000000,12.85000000,12.76000000,12.79000000,197606.58000000,1766908799999,2025-12-28 07:59:59,2531893.73910000,6906,89522.01000000,1146811.83770000
1766908800000,2025-12-28 08:00:00,12.79000000,12.86000000,12.67000000,12.69000000,166325.55000000,1766923199999,2025-12-28 11:59:59,2123458.57620000,5644,72574.89000000,926805.00820000
1766923200000,2025-12-28 12:00:00,12.69000000,12.77000000,12.58000000,12.73000000,281505.72000000,1766937599999,2025-12-28 15:59:59,3570064.27430000,8303,146440.53000000,1856486.77460000
1766937600000,2025-12-28 16:00:00,12.74000000,12.75000000,12.57000000,12.58000000,230452.17000000,1766951999999,2025-12-28 19:59:59,2912407.53440000,7588,94391.76000000,1192744.30470000
1766952000000,2025-12-28 20:00:00,12.59000000,12.66000000,12.53000000,12.64000000,165526.59000000,1766966399999,2025-12-28 23:59:59,2082179.56310000,7437,81006.60000000,1019404.29970000
1766966400000,2025-12-29 00:00:00,12.64000000,13.12000000,12.62000000,13.08000000,674995.89000000,1766980799999,2025-12-29 03:59:59,8683453.41220000,28098,326086.64000000,4194952.69860000
1766980800000,2025-12-29 04:00:00,13.09000000,13.20000000,12.92000000,13.01000000,659502.95000000,1766995199999,2025-12-29 07:59:59,8620860.53850000,21084,310427.16000000,4057304.99440000
1766995200000,2025-12-29 08:00:00,13.02000000,13.06000000,12.67000000,12.73000000,835851.92000000,1767009599999,2025-12-29 11:59:59,10767795.21120000,19070,380003.67000000,4895706.25870000
1767009600000,2025-12-29 12:00:00,12.72000000,12.73000000,12.46000000,12.70000000,781124.96000000,1767023999999,2025-12-29 15:59:59,9846118.33350000,29810,368617.76000000,4645372.52580000
1767024000000,2025-12-29 16:00:00,12.70000000,12.72000000,12.49000000,12.50000000,256266.64000000,1767038399999,2025-12-29 19:59:59,3230918.84000000,8292,131962.60000000,1663788.11480000
1767038400000,2025-12-29 20:00:00,12.50000000,12.53000000,12.35000000,12.38000000,383289.56000000,1767052799999,2025-12-29 23:59:59,4758926.43660000,9347,177791.61000000,2206948.88040000
1767052800000,2025-12-30 00:00:00,12.37000000,12.43000000,12.33000000,12.40000000,169132.74000000,1767067199999,2025-12-30 03:59:59,2093280.09000000,5541,92377.12000000,1143759.93670000
1767067200000,2025-12-30 04:00:00,12.41000000,12.46000000,12.36000000,12.43000000,150029.96000000,1767081599999,2025-12-30 07:59:59,1863180.07460000,4479,67447.43000000,837620.95860000
1767081600000,2025-12-30 08:00:00,12.43000000,12.56000000,12.43000000,12.51000000,211842.65000000,1767095999999,2025-12-30 11:59:59,2650061.58310000,7678,100376.09000000,1255447.53430000
1767096000000,2025-12-30 12:00:00,12.51000000,12.60000000,12.44000000,12.59000000,239120.13000000,1767110399999,2025-12-30 15:59:59,2995527.78270000,10548,123491.26000000,1547289.14510000
1767110400000,2025-12-30 16:00:00,12.59000000,12.64000000,12.45000000,12.50000000,470069.36000000,1767124799999,2025-12-30 19:59:59,5890412.63290000,11213,162274.95000000,2035039.64250000
1767124800000,2025-12-30 20:00:00,12.49000000,12.60000000,12.45000000,12.58000000,442086.59000000,1767139199999,2025-12-30 23:59:59,5537187.47400000,8847,290056.67000000,3634013.18580000
1767139200000,2025-12-31 00:00:00,12.58000000,12.72000000,12.50000000,12.59000000,304972.30000000,1767153599999,2025-12-31 03:59:59,3848677.74690000,7487,154125.08000000,1944848.08330000
1767153600000,2025-12-31 04:00:00,12.59000000,12.63000000,12.51000000,12.54000000,112841.11000000,1767167999999,2025-12-31 07:59:59,1418586.07150000,3626,37887.89000000,476224.07690000
1767168000000,2025-12-31 08:00:00,12.55000000,12.58000000,12.47000000,12.58000000,183177.79000000,1767182399999,2025-12-31 11:59:59,2293641.30730000,5843,95521.84000000,1196426.52000000
1767182400000,2025-12-31 12:00:00,12.58000000,12.67000000,12.43000000,12.47000000,339445.38000000,1767196799999,2025-12-31 15:59:59,4259504.35160000,10456,151749.51000000,1905557.60210000
1767196800000,2025-12-31 16:00:00,12.47000000,12.47000000,12.21000000,12.32000000,647893.34000000,1767211199999,2025-12-31 19:59:59,7993476.52300000,16156,356552.90000000,4398806.38060000
1767211200000,2025-12-31 20:00:00,12.32000000,12.40000000,12.26000000,12.32000000,224189.53000000,1767225599999,2025-12-31 23:59:59,2765981.52850000,6223,109288.98000000,1348466.07590000
1767225600000,2026-01-01 00:00:00,12.32000000,12.38000000,12.28000000,12.28000000,144413.51000000,1767239999999,2026-01-01 03:59:59,1780322.96130000,3863,67378.60000000,830868.46140000
1767240000000,2026-01-01 04:00:00,12.28000000,12.30000000,12.23000000,12.28000000,115260.48000000,1767254399999,2026-01-01 07:59:59,1413924.69710000,3735,63985.90000000,784974.27760000
1767254400000,2026-01-01 08:00:00,12.28000000,12.38000000,12.27000000,12.37000000,117766.32000000,1767268799999,2026-01-01 11:59:59,1453223.44040000,3518,62045.27000000,765474.06940000
1767268800000,2026-01-01 12:00:00,12.38000000,12.56000000,12.34000000,12.52000000,418574.77000000,1767283199999,2026-01-01 15:59:59,5217372.81620000,10032,221464.49000000,2763324.02080000
1767283200000,2026-01-01 16:00:00,12.53000000,13.58000000,12.49000000,13.55000000,2189410.56000000,1767297599999,2026-01-01 19:59:59,28490494.57660000,95392,1108244.60000000,14423943.01620000
1767297600000,2026-01-01 20:00:00,13.55000000,13.69000000,13.39000000,13.59000000,1417954.18000000,1767311999999,2026-01-01 23:59:59,19223173.81580000,46039,644965.62000000,8743428.41250000
1767312000000,2026-01-02 00:00:00,13.59000000,13.86000000,13.51000000,13.73000000,765273.18000000,1767326399999,2026-01-02 03:59:59,10463985.53730000,26777,367025.00000000,5020291.35710000
1767326400000,2026-01-02 04:00:00,13.74000000,13.75000000,13.38000000,13.40000000,388210.45000000,1767340799999,2026-01-02 07:59:59,5265991.26540000,13251,184807.44000000,2506775.92490000
1767340800000,2026-01-02 08:00:00,13.39000000,13.59000000,13.34000000,13.39000000,485714.80000000,1767355199999,2026-01-02 11:59:59,6547052.26050000,18025,240770.38000000,3246720.23680000
1767355200000,2026-01-02 12:00:00,13.39000000,13.47000000,13.09000000,13.29000000,684296.65000000,1767369599999,2026-01-02 15:59:59,9080670.83830000,31942,373215.61000000,4951919.74010000
1767369600000,2026-01-02 16:00:00,13.30000000,13.67000000,13.28000000,13.65000000,548896.65000000,1767383999999,2026-01-02 19:59:59,7419439.02000000,31904,296430.87000000,4006888.01620000
1767384000000,2026-01-02 20:00:00,13.65000000,13.98000000,13.56000000,13.82000000,404105.41000000,1767398399999,2026-01-02 23:59:59,5571387.70480000,18953,190272.29000000,2622098.69990000
1767398400000,2026-01-03 00:00:00,13.82000000,14.29000000,13.79000000,14.26000000,889447.62000000,1767412799999,2026-01-03 03:59:59,12482490.53230000,32155,443769.69000000,6228142.49050000
1767412800000,2026-01-03 04:00:00,14.26000000,14.28000000,13.67000000,13.73000000,607527.68000000,1767427199999,2026-01-03 07:59:59,8469724.25370000,21091,265450.68000000,3699350.94300000
1767427200000,2026-01-03 08:00:00,13.72000000,14.01000000,13.71000000,13.99000000,260770.14000000,1767441599999,2026-01-03 11:59:59,3624034.78700000,12552,123293.49000000,1712795.63960000
1767441600000,2026-01-03 12:00:00,13.98000000,14.40000000,13.83000000,13.86000000,649521.64000000,1767455999999,2026-01-03 15:59:59,9162643.26530000,23371,317918.68000000,4483427.73210000
1767456000000,2026-01-03 16:00:00,13.87000000,13.98000000,13.79000000,13.85000000,264044.22000000,1767470399999,2026-01-03 19:59:59,3668412.20360000,10385,133660.00000000,1857648.30290000
1767470400000,2026-01-03 20:00:00,13.86000000,14.02000000,13.80000000,13.99000000,236877.45000000,1767484799999,2026-01-03 23:59:59,3299169.02980000,8435,124630.29000000,1736446.14110000
1767484800000,2026-01-04 00:00:00,13.98000000,14.09000000,13.90000000,14.01000000,319329.87000000,1767499199999,2026-01-04 03:59:59,4469197.62880000,20704,154246.26000000,2159098.22580000
1767499200000,2026-01-04 04:00:00,14.01000000,14.14000000,13.95000000,14.05000000,307992.86000000,1767513599999,2026-01-04 07:59:59,4325121.67640000,16498,142894.89000000,2007453.86580000
1767513600000,2026-01-04 08:00:00,14.04000000,14.10000000,13.97000000,14.08000000,278806.36000000,1767527999999,2026-01-04 11:59:59,3913827.94060000,17681,125701.23000000,1765218.54760000
1767528000000,2026-01-04 12:00:00,14.07000000,14.22000000,14.01000000,14.19000000,358817.81000000,1767542399999,2026-01-04 15:59:59,5065858.64790000,14399,174913.03000000,2469886.20550000
1767542400000,2026-01-04 16:00:00,14.19000000,14.30000000,14.00000000,14.14000000,342206.78000000,1767556799999,2026-01-04 19:59:59,4848526.48980000,14561,144889.55000000,2054333.94190000
1767556800000,2026-01-04 20:00:00,14.14000000,14.49000000,14.12000000,14.25000000,560408.26000000,1767571199999,2026-01-04 23:59:59,8032573.98160000,22981,278923.00000000,3997942.21880000
1767571200000,2026-01-05 00:00:00,14.25000000,14.53000000,14.21000000,14.39000000,516543.22000000,1767585599999,2026-01-05 03:59:59,7424021.88610000,28772,272638.64000000,3919147.98110000
1767585600000,2026-01-05 04:00:00,14.39000000,14.41000000,14.08000000,14.28000000,408598.44000000,1767599999999,2026-01-05 07:59:59,5805068.32510000,22507,197563.04000000,2807421.48800000
1767600000000,2026-01-05 08:00:00,14.27000000,14.37000000,14.13000000,14.20000000,313621.06000000,1767614399999,2026-01-05 11:59:59,4462097.62220000,14341,134538.00000000,1914344.99850000
1767614400000,2026-01-05 12:00:00,14.21000000,14.29000000,14.03000000,14.19000000,545447.73000000,1767628799999,2026-01-05 15:59:59,7708004.08020000,37896,259715.24000000,3671744.15200000
1767628800000,2026-01-05 16:00:00,14.18000000,14.36000000,13.91000000,14.27000000,659102.45000000,1767643199999,2026-01-05 19:59:59,9324516.67470000,31263,337129.86000000,4770365.18470000
1767643200000,2026-01-05 20:00:00,14.28000000,14.72000000,14.25000000,14.45000000,619489.62000000,1767657599999,2026-01-05 23:59:59,8981173.14950000,28322,316318.28000000,4584586.52490000
1767657600000,2026-01-06 00:00:00,14.46000000,14.75000000,14.25000000,14.42000000,422290.22000000,1767671999999,2026-01-06 03:59:59,6103994.62240000,21266,185088.27000000,2677153.23770000
1767672000000,2026-01-06 04:00:00,14.43000000,14.57000000,14.24000000,14.28000000,321417.85000000,1767686399999,2026-01-06 07:59:59,4636815.83110000,18606,143428.04000000,2068632.87070000
1767686400000,2026-01-06 08:00:00,14.28000000,14.53000000,14.25000000,14.53000000,213702.99000000,1767700799999,2026-01-06 11:59:59,3079669.72840000,14212,108942.64000000,1570511.65260000
1767700800000,2026-01-06 12:00:00,14.53000000,14.83000000,14.42000000,14.53000000,797614.46000000,1767715199999,2026-01-06 15:59:59,11673357.40180000,37319,362784.38000000,5312196.71040000
1767715200000,2026-01-06 16:00:00,14.53000000,14.61000000,14.28000000,14.48000000,1151852.69000000,1767729599999,2026-01-06 19:59:59,16648771.62890000,44264,638059.39000000,9220761.47350000
1767729600000,2026-01-06 20:00:00,14.48000000,14.78000000,14.45000000,14.59000000,509540.07000000,1767743999999,2026-01-06 23:59:59,7421139.99980000,22552,231761.21000000,3374416.81820000
1767744000000,2026-01-07 00:00:00,14.60000000,14.60000000,14.40000000,14.48000000,282358.63000000,1767758399999,2026-01-07 03:59:59,4091431.41390000,10964,128427.46000000,1860482.85720000
1767758400000,2026-01-07 04:00:00,14.48000000,14.54000000,14.42000000,14.52000000,219089.85000000,1767772799999,2026-01-07 07:59:59,3172395.01240000,9989,110987.48000000,1607200.87490000
1767772800000,2026-01-07 08:00:00,14.52000000,14.56000000,14.42000000,14.49000000,349476.73000000,1767787199999,2026-01-07 11:59:59,5063225.52810000,11939,165799.36000000,2402929.06790000
1767787200000,2026-01-07 12:00:00,14.49000000,14.51000000,13.95000000,14.01000000,801605.34000000,1767801599999,2026-01-07 15:59:59,11387940.70370000,33739,398285.23000000,5653612.48550000
1767801600000,2026-01-07 16:00:00,14.01000000,14.16000000,13.88000000,14.11000000,442806.65000000,1767815999999,2026-01-07 19:59:59,6216486.28630000,18040,244987.20000000,3438327.07800000
1767816000000,2026-01-07 20:00:00,14.12000000,14.19000000,14.00000000,14.11000000,169293.66000000,1767830399999,2026-01-07 23:59:59,2384217.11960000,8397,86508.59000000,1218565.70530000
1767830400000,2026-01-08 00:00:00,14.12000000,14.25000000,14.01000000,14.03000000,307494.60000000,1767844799999,2026-01-08 03:59:59,4349916.82490000,13637,132438.11000000,1873519.89700000
1767844800000,2026-01-08 04:00:00,14.03000000,14.14000000,13.68000000,13.90000000,360972.14000000,1767859199999,2026-01-08 07:59:59,5014439.21530000,18418,182963.24000000,2540040.64190000
1767859200000,2026-01-08 08:00:00,13.91000000,13.98000000,13.68000000,13.90000000,379132.65000000,1767873599999,2026-01-08 11:59:59,5250883.71580000,17468,206553.93000000,2860190.04430000
1767873600000,2026-01-08 12:00:00,13.90000000,13.95000000,13.60000000,13.94000000,383561.68000000,1767887999999,2026-01-08 15:59:59,5280059.23200000,25839,189360.58000000,2606542.13510000
1767888000000,2026-01-08 16:00:00,13.94000000,14.04000000,13.82000000,13.86000000,227798.29000000,1767902399999,2026-01-08 19:59:59,3174487.77450000,17724,118247.34000000,1647849.40170000
1767902400000,2026-01-08 20:00:00,13.86000000,14.00000000,13.73000000,13.89000000,163650.18000000,1767916799999,2026-01-08 23:59:59,2269680.75150000,11327,79537.10000000,1103071.56850000
1767916800000,2026-01-09 00:00:00,13.89000000,14.05000000,13.85000000,13.98000000,248569.72000000,1767931199999,2026-01-09 03:59:59,3465231.36340000,14037,113667.21000000,1585417.97430000
1767931200000,2026-01-09 04:00:00,13.98000000,14.04000000,13.91000000,13.93000000,96812.63000000,1767945599999,2026-01-09 07:59:59,1353125.43910000,7847,48154.59000000,673044.28130000
1767945600000,2026-01-09 08:00:00,13.94000000,13.95000000,13.62000000,13.77000000,289478.96000000,1767959999999,2026-01-09 11:59:59,3986157.27150000,15654,134735.30000000,1855819.51490000
1767960000000,2026-01-09 12:00:00,13.78000000,14.17000000,13.61000000,13.98000000,661994.54000000,1767974399999,2026-01-09 15:59:59,9164845.85410000,33110,347393.01000000,4807819.68330000
1767974400000,2026-01-09 16:00:00,13.98000000,14.22000000,13.69000000,13.75000000,402985.85000000,1767988799999,2026-01-09 19:59:59,5633376.95140000,27244,195419.28000000,2729960.25190000
1767988800000,2026-01-09 20:00:00,13.74000000,13.86000000,13.72000000,13.79000000,160625.36000000,1768003199999,2026-01-09 23:59:59,2215980.93270000,9663,66798.30000000,921576.33670000
1768003200000,2026-01-10 00:00:00,13.78000000,13.80000000,13.65000000,13.70000000,103882.20000000,1768017599999,2026-01-10 03:59:59,1426925.90770000,5220,47925.08000000,658441.85370000
1768017600000,2026-01-10 04:00:00,13.70000000,13.84000000,13.64000000,13.81000000,106593.53000000,1768031999999,2026-01-10 07:59:59,1463418.25740000,5542,43146.98000000,592757.04970000
1768032000000,2026-01-10 08:00:00,13.82000000,13.87000000,13.75000000,13.87000000,106027.10000000,1768046399999,2026-01-10 11:59:59,1466105.76550000,5792,52152.83000000,721175.25290000
1768046400000,2026-01-10 12:00:00,13.86000000,13.88000000,13.80000000,13.84000000,127985.28000000,1768060799999,2026-01-10 15:59:59,1771875.69360000,5724,52855.65000000,731741.55680000
1768060800000,2026-01-10 16:00:00,13.84000000,13.94000000,13.81000000,13.86000000,117123.92000000,1768075199999,2026-01-10 19:59:59,1623273.04600000,6507,37353.85000000,517811.24800000
1768075200000,2026-01-10 20:00:00,13.86000000,13.88000000,13.69000000,13.74000000,94853.13000000,1768089599999,2026-01-10 23:59:59,1306692.96650000,5163,43078.08000000,593478.53890000
1768089600000,2026-01-11 00:00:00,13.73000000,13.75000000,13.68000000,13.73000000,83300.22000000,1768103999999,2026-01-11 03:59:59,1142484.71510000,4719,48610.33000000,666725.35990000
1768104000000,2026-01-11 04:00:00,13.72000000,13.84000000,13.71000000,13.81000000,85622.15000000,1768118399999,2026-01-11 07:59:59,1180062.22170000,4922,32699.52000000,450822.34070000
1768118400000,2026-01-11 08:00:00,13.82000000,13.84000000,13.76000000,13.81000000,117308.35000000,1768132799999,2026-01-11 11:59:59,1618938.26070000,5574,48765.68000000,673137.67180000
1768132800000,2026-01-11 12:00:00,13.82000000,13.98000000,13.75000000,13.80000000,209063.93000000,1768147199999,2026-01-11 15:59:59,2898631.52510000,9853,94655.95000000,1312689.20790000
1768147200000,2026-01-11 16:00:00,13.80000000,13.99000000,13.79000000,13.84000000,263084.76000000,1768161599999,2026-01-11 19:59:59,3658144.35350000,11130,130172.30000000,1809847.77900000
1768161600000,2026-01-11 20:00:00,13.84000000,13.84000000,13.48000000,13.70000000,313562.77000000,1768175999999,2026-01-11 23:59:59,4282343.30760000,16393,157648.40000000,2153832.61330000
1768176000000,2026-01-12 00:00:00,13.71000000,14.22000000,13.61000000,13.98000000,674869.12000000,1768190399999,2026-01-12 03:59:59,9419311.97620000,29032,330375.09000000,4609241.34290000
1768190400000,2026-01-12 04:00:00,13.99000000,14.06000000,13.73000000,13.75000000,317454.86000000,1768204799999,2026-01-12 07:59:59,4426127.01690000,12071,156851.10000000,2187158.80390000
1768204800000,2026-01-12 08:00:00,13.74000000,13.81000000,13.51000000,13.65000000,361028.71000000,1768219199999,2026-01-12 11:59:59,4922834.93210000,20904,181939.86000000,2481134.91600000
1768219200000,2026-01-12 12:00:00,13.65000000,13.91000000,13.39000000,13.87000000,605009.82000000,1768233599999,2026-01-12 15:59:59,8248914.25890000,26156,294130.03000000,4008216.07900000
1768233600000,2026-01-12 16:00:00,13.88000000,14.00000000,13.62000000,13.72000000,414621.11000000,1768247999999,2026-01-12 19:59:59,5719475.22060000,19760,202592.60000000,2791251.14660000
1768248000000,2026-01-12 20:00:00,13.72000000,13.78000000,13.47000000,13.53000000,239103.51000000,1768262399999,2026-01-12 23:59:59,3250957.19920000,12926,104584.27000000,1421176.39630000
1768262400000,2026-01-13 00:00:00,13.52000000,13.62000000,13.48000000,13.59000000,194773.19000000,1768276799999,2026-01-13 03:59:59,2639608.34070000,8579,101860.29000000,1380051.10500000
1768276800000,2026-01-13 04:00:00,13.59000000,13.83000000,13.58000000,13.72000000,222511.65000000,1768291199999,2026-01-13 07:59:59,3051925.42110000,11015,102407.97000000,1404201.27100000
1768291200000,2026-01-13 08:00:00,13.72000000,13.86000000,13.71000000,13.76000000,191134.91000000,1768305599999,2026-01-13 11:59:59,2637059.95190000,10100,63389.61000000,874601.04530000
1768305600000,2026-01-13 12:00:00,13.76000000,14.37000000,13.72000000,14.36000000,988565.47000000,1768319999999,2026-01-13 15:59:59,13896014.92390000,44758,474707.45000000,6681741.30680000
1768320000000,2026-01-13 16:00:00,14.37000000,14.61000000,14.37000000,14.52000000,1355706.07000000,1768334399999,2026-01-13 19:59:59,19676549.40860000,81192,712659.79000000,10343678.72440000
1768334400000,2026-01-13 20:00:00,14.52000000,14.85000000,14.47000000,14.75000000,1070003.80000000,1768348799999,2026-01-13 23:59:59,15715089.10070000,43535,561180.87000000,8243615.33490000
1768348800000,2026-01-14 00:00:00,14.76000000,14.80000000,14.70000000,14.76000000,305439.06000000,1768363199999,2026-01-14 03:59:59,4505741.56180000,14791,159742.84000000,2356871.65830000
1768363200000,2026-01-14 04:00:00,14.77000000,14.77000000,14.66000000,14.68000000,321264.00000000,1768377599999,2026-01-14 07:59:59,4723543.35640000,9994,130318.39000000,1916878.56260000
1768377600000,2026-01-14 08:00:00,14.69000000,14.75000000,14.49000000,14.51000000,376764.63000000,1768391999999,2026-01-14 11:59:59,5509276.65560000,10915,182755.92000000,2672617.87180000
1768392000000,2026-01-14 12:00:00,14.52000000,14.77000000,14.41000000,14.76000000,677921.05000000,1768406399999,2026-01-14 15:59:59,9891139.78930000,23501,353264.25000000,5154411.16900000
1768406400000,2026-01-14 16:00:00,14.76000000,14.95000000,14.41000000,14.64000000,971659.86000000,1768420799999,2026-01-14 19:59:59,14296001.40000000,35698,516500.88000000,7599821.91030000
1768420800000,2026-01-14 20:00:00,14.64000000,14.74000000,14.55000000,14.60000000,303868.16000000,1768435199999,2026-01-14 23:59:59,4449224.09930000,11603,157360.13000000,2304038.43390000
1768435200000,2026-01-15 00:00:00,14.60000000,14.63000000,14.12000000,14.15000000,390391.94000000,1768449599999,2026-01-15 03:59:59,5606302.25990000,16813,171464.38000000,2460510.88550000
1768449600000,2026-01-15 04:00:00,14.15000000,14.38000000,14.14000000,14.35000000,335034.25000000,1768463999999,2026-01-15 07:59:59,4775399.20150000,12134,167890.81000000,2394157.61370000
1768464000000,2026-01-15 08:00:00,14.35000000,14.48000000,14.30000000,14.31000000,381179.67000000,1768478399999,2026-01-15 11:59:59,5486365.02810000,11847,161738.10000000,2328355.87770000
1768478400000,2026-01-15 12:00:00,14.31000000,14.43000000,13.81000000,14.07000000,550430.11000000,1768492799999,2026-01-15 15:59:59,7778268.07050000,26374,287792.20000000,4066860.02680000
1768492800000,2026-01-15 16:00:00,14.06000000,14.08000000,13.63000000,13.75000000,580673.88000000,1768507199999,2026-01-15 19:59:59,8052277.21460000,46482,225368.58000000,3124772.12300000
1768507200000,2026-01-15 20:00:00,13.74000000,13.83000000,13.61000000,13.82000000,234075.46000000,1768521599999,2026-01-15 23:59:59,3215931.22780000,14339,115016.28000000,1581073.79220000
1768521600000,2026-01-16 00:00:00,13.82000000,13.86000000,13.71000000,13.75000000,170278.74000000,1768535999999,2026-01-16 03:59:59,2348476.40330000,12096,76790.11000000,1059327.77580000
1768536000000,2026-01-16 04:00:00,13.75000000,13.84000000,13.68000000,13.81000000,193586.04000000,1768550399999,2026-01-16 07:59:59,2667008.59500000,8888,90807.25000000,1250806.76130000
1768550400000,2026-01-16 08:00:00,13.82000000,13.87000000,13.73000000,13.80000000,181353.95000000,1768564799999,2026-01-16 11:59:59,2502966.27090000,8274,69416.73000000,957866.24470000
1768564800000,2026-01-16 12:00:00,13.79000000,13.82000000,13.33000000,13.41000000,545067.82000000,1768579199999,2026-01-16 15:59:59,7415286.83360000,25481,264499.35000000,3601247.52130000
1768579200000,2026-01-16 16:00:00,13.40000000,13.46000000,13.19000000,13.40000000,752851.85000000,1768593599999,2026-01-16 19:59:59,10047772.76640000,27431,357224.09000000,4766575.90210000
1768593600000,2026-01-16 20:00:00,13.40000000,13.66000000,13.30000000,13.59000000,414330.31000000,1768607999999,2026-01-16 23:59:59,5613289.61510000,11887,214192.62000000,2900240.09630000
1768608000000,2026-01-17 00:00:00,13.59000000,13.64000000,13.54000000,13.57000000,132238.59000000,1768622399999,2026-01-17 03:59:59,1795966.04080000,4719,62048.88000000,842798.35680000
1768622400000,2026-01-17 04:00:00,13.57000000,13.61000000,13.53000000,13.60000000,109707.80000000,1768636799999,2026-01-17 07:59:59,1489213.81240000,3932,55530.02000000,753939.03700000
1768636800000,2026-01-17 08:00:00,13.61000000,13.71000000,13.60000000,13.64000000,232814.77000000,1768651199999,2026-01-17 11:59:59,3181265.01070000,6106,93356.55000000,1275512.74570000
1768651200000,2026-01-17 12:00:00,13.64000000,13.97000000,13.64000000,13.89000000,331202.44000000,1768665599999,2026-01-17 15:59:59,4581014.65160000,10361,149868.83000000,2073857.89180000
1768665600000,2026-01-17 16:00:00,13.90000000,13.90000000,13.75000000,13.82000000,183916.11000000,1768679999999,2026-01-17 19:59:59,2540463.56660000,6217,78923.84000000,1090079.84920000
1768680000000,2026-01-17 20:00:00,13.83000000,13.86000000,13.72000000,13.75000000,163399.94000000,1768694399999,2026-01-17 23:59:59,2252163.40650000,4450,69630.07000000,959524.55300000
1768694400000,2026-01-18 00:00:00,13.75000000,13.83000000,13.64000000,13.68000000,196163.93000000,1768708799999,2026-01-18 03:59:59,2692982.76030000,7480,80311.14000000,1102214.25790000
1768708800000,2026-01-18 04:00:00,13.67000000,13.71000000,13.57000000,13.63000000,91093.28000000,1768723199999,2026-01-18 07:59:59,1242804.47720000,4298,53903.97000000,735300.08130000
1768723200000,2026-01-18 08:00:00,13.62000000,13.66000000,13.57000000,13.59000000,108279.33000000,1768737599999,2026-01-18 11:59:59,1474183.23680000,4707,61435.97000000,836566.47280000
1768737600000,2026-01-18 12:00:00,13.58000000,13.63000000,13.47000000,13.57000000,235412.99000000,1768751999999,2026-01-18 15:59:59,3190791.52660000,9268,129683.38000000,1757792.78330000
1768752000000,2026-01-18 16:00:00,13.57000000,13.74000000,13.54000000,13.66000000,189210.86000000,1768766399999,2026-01-18 19:59:59,2581164.73960000,8490,92442.30000000,1260804.07410000
1768766400000,2026-01-18 20:00:00,13.66000000,13.76000000,12.94000000,12.98000000,628422.12000000,1768780799999,2026-01-18 23:59:59,8360749.57740000,27660,281996.21000000,3752284.57810000
1768780800000,2026-01-19 00:00:00,12.98000000,12.99000000,12.09000000,12.71000000,1667207.18000000,1768795199999,2026-01-19 03:59:59,20941615.14840000,71802,829375.08000000,10414434.62150000
1768795200000,2026-01-19 04:00:00,12.71000000,12.74000000,12.55000000,12.64000000,338871.11000000,1768809599999,2026-01-19 07:59:59,4281592.62480000,10879,187496.09000000,2369382.29780000
1768809600000,2026-01-19 08:00:00,12.64000000,12.84000000,12.62000000,12.71000000,408828.19000000,1768823999999,2026-01-19 11:59:59,5216458.89800000,13240,240230.07000000,3065214.90960000
1768824000000,2026-01-19 12:00:00,12.70000000,12.79000000,12.66000000,12.73000000,257739.02000000,1768838399999,2026-01-19 15:59:59,3278560.27790000,10554,128373.99000000,1633222.94650000
1768838400000,2026-01-19 16:00:00,12.72000000,12.86000000,12.62000000,12.81000000,345606.58000000,1768852799999,2026-01-19 19:59:59,4402645.62300000,11956,163235.64000000,2079412.26470000
1768852800000,2026-01-19 20:00:00,12.82000000,12.84000000,12.63000000,12.74000000,192454.07000000,1768867199999,2026-01-19 23:59:59,2452781.83060000,8938,92105.02000000,1173856.38240000
1768867200000,2026-01-20 00:00:00,12.73000000,12.75000000,12.63000000,12.71000000,178069.54000000,1768881599999,2026-01-20 03:59:59,2260106.36230000,9604,91915.06000000,1166716.36100000
1768881600000,2026-01-20 04:00:00,12.70000000,12.76000000,12.53000000,12.56000000,423096.73000000,1768895999999,2026-01-20 07:59:59,5349537.12990000,15836,185209.92000000,2341837.20790000
1768896000000,2026-01-20 08:00:00,12.56000000,12.65000000,12.41000000,12.46000000,670181.30000000,1768910399999,2026-01-20 11:59:59,8384519.93080000,20344,311160.99000000,3893015.18770000
1768910400000,2026-01-20 12:00:00,12.46000000,12.55000000,12.31000000,12.40000000,695254.03000000,1768924799999,2026-01-20 15:59:59,8630934.51210000,25730,297753.74000000,3696241.95530000
1768924800000,2026-01-20 16:00:00,12.40000000,12.44000000,12.06000000,12.19000000,629897.26000000,1768939199999,2026-01-20 19:59:59,7680052.95600000,21723,294016.19000000,3585543.58910000
1768939200000,2026-01-20 20:00:00,12.19000000,12.30000000,11.97000000,12.09000000,447693.27000000,1768953599999,2026-01-20 23:59:59,5436606.19310000,14899,184303.12000000,2239756.76390000
1768953600000,2026-01-21 00:00:00,12.09000000,12.34000000,12.06000000,12.29000000,316276.65000000,1768967999999,2026-01-21 03:59:59,3871715.63450000,11306,110678.07000000,1355343.01130000
1768968000000,2026-01-21 04:00:00,12.29000000,12.39000000,12.22000000,12.24000000,291681.01000000,1768982399999,2026-01-21 07:59:59,3583420.24550000,22457,101697.63000000,1250027.01980000
1768982400000,2026-01-21 08:00:00,12.24000000,12.28000000,12.10000000,12.11000000,190906.22000000,1768996799999,2026-01-21 11:59:59,2329786.48940000,6833,84694.87000000,1033195.80310000
1768996800000,2026-01-21 12:00:00,12.11000000,12.42000000,11.96000000,12.40000000,865384.87000000,1769011199999,2026-01-21 15:59:59,10577702.67990000,29836,414702.80000000,5068330.93370000
1769011200000,2026-01-21 16:00:00,12.39000000,12.61000000,11.88000000,12.59000000,1218800.17000000,1769025599999,2026-01-21 19:59:59,14817395.45750000,47353,596982.88000000,7256862.21430000
1769025600000,2026-01-21 20:00:00,12.59000000,12.73000000,12.38000000,12.42000000,592348.02000000,1769039999999,2026-01-21 23:59:59,7439565.03340000,16985,325893.50000000,4096411.41140000
1769040000000,2026-01-22 00:00:00,12.42000000,12.62000000,12.42000000,12.49000000,191371.57000000,1769054399999,2026-01-22 03:59:59,2397981.08410000,7412,82084.13000000,1028602.52230000
1769054400000,2026-01-22 04:00:00,12.49000000,12.56000000,12.42000000,12.43000000,118841.25000000,1769068799999,2026-01-22 07:59:59,1483915.66130000,5258,63927.35000000,798243.84280000
1769068800000,2026-01-22 08:00:00,12.44000000,12.50000000,12.35000000,12.35000000,144893.40000000,1769083199999,2026-01-22 11:59:59,1800989.25110000,6625,63956.97000000,795496.59430000
1769083200000,2026-01-22 12:00:00,12.35000000,12.40000000,12.04000000,12.17000000,489442.90000000,1769097599999,2026-01-22 15:59:59,5985974.45220000,20269,253199.21000000,3096697.02340000
1769097600000,2026-01-22 16:00:00,12.17000000,12.26000000,12.08000000,12.16000000,365708.72000000,1769111999999,2026-01-22 19:59:59,4451459.80120000,14371,152400.35000000,1854124.54730000
1769112000000,2026-01-22 20:00:00,12.17000000,12.20000000,12.08000000,12.20000000,167134.48000000,1769126399999,2026-01-22 23:59:59,2031629.62710000,6288,72939.96000000,886533.41030000
1769126400000,2026-01-23 00:00:00,12.20000000,12.30000000,12.17000000,12.26000000,145152.06000000,1769140799999,2026-01-23 03:59:59,1776193.20840000,5041,57390.59000000,702337.87530000
1769140800000,2026-01-23 04:00:00,12.26000000,12.38000000,12.11000000,12.13000000,492790.06000000,1769155199999,2026-01-23 07:59:59,6035860.23030000,11943,241237.78000000,2960528.31260000
1769155200000,2026-01-23 08:00:00,12.13000000,12.21000000,12.04000000,12.20000000,305259.17000000,1769169599999,2026-01-23 11:59:59,3706114.36480000,10563,138692.52000000,1684057.44130000
1769169600000,2026-01-23 12:00:00,12.20000000,12.26000000,11.99000000,12.24000000,432725.20000000,1769183999999,2026-01-23 15:59:59,5251159.30990000,18384,200665.52000000,2434317.55340000
1769184000000,2026-01-23 16:00:00,12.24000000,12.50000000,12.13000000,12.17000000,453444.88000000,1769198399999,2026-01-23 19:59:59,5587329.19340000,19091,222522.34000000,2742168.80690000
1769198400000,2026-01-23 20:00:00,12.18000000,12.20000000,12.03000000,12.13000000,293876.25000000,1769212799999,2026-01-23 23:59:59,3561398.68600000,9838,178449.43000000,2161639.45030000
1769212800000,2026-01-24 00:00:00,12.13000000,12.18000000,12.10000000,12.15000000,130624.90000000,1769227199999,2026-01-24 03:59:59,1585321.71730000,4132,70091.85000000,850639.04140000
1769227200000,2026-01-24 04:00:00,12.15000000,12.19000000,12.11000000,12.12000000,45498.32000000,1769241599999,2026-01-24 07:59:59,552825.21630000,2343,19470.85000000,236622.82190000
1769241600000,2026-01-24 08:00:00,12.12000000,12.14000000,12.06000000,12.12000000,83307.45000000,1769255999999,2026-01-24 11:59:59,1007995.11820000,2897,41122.84000000,497750.49630000
1769256000000,2026-01-24 12:00:00,12.12000000,12.15000000,12.02000000,12.04000000,115691.56000000,1769270399999,2026-01-24 15:59:59,1397389.69900000,4319,67154.80000000,810834.10750000
1769270400000,2026-01-24 16:00:00,12.03000000,12.08000000,11.97000000,12.04000000,130556.60000000,1769284799999,2026-01-24 19:59:59,1569936.55380000,4683,52791.65000000,635040.50710000
1769284800000,2026-01-24 20:00:00,12.03000000,12.12000000,12.03000000,12.05000000,130075.52000000,1769299199999,2026-01-24 23:59:59,1570912.92380000,3999,48538.14000000,586288.83260000
1769299200000,2026-01-25 00:00:00,12.05000000,12.08000000,11.87000000,11.93000000,189562.02000000,1769313599999,2026-01-25 03:59:59,2274431.74120000,6594,89284.49000000,1071565.77930000
1769313600000,2026-01-25 04:00:00,11.93000000,12.00000000,11.88000000,11.93000000,132133.72000000,1769327999999,2026-01-25 07:59:59,1577850.59110000,4609,62373.93000000,744933.54830000
1769328000000,2026-01-25 08:00:00,11.93000000,12.06000000,11.83000000,11.96000000,198086.97000000,1769342399999,2026-01-25 11:59:59,2366985.18920000,7032,83758.54000000,1001629.60760000
1769342400000,2026-01-25 12:00:00,11.95000000,11.97000000,11.81000000,11.85000000,208167.17000000,1769356799999,2026-01-25 15:59:59,2477393.20970000,9594,93976.12000000,1118661.20690000
1769356800000,2026-01-25 16:00:00,11.85000000,11.86000000,11.23000000,11.30000000,1124293.69000000,1769371199999,2026-01-25 19:59:59,12964795.19110000,41493,485943.48000000,5610706.53750000
1769371200000,2026-01-25 20:00:00,11.30000000,11.52000000,11.25000000,11.49000000,475030.84000000,1769385599999,2026-01-25 23:59:59,5405444.34780000,16577,228790.50000000,2603957.35080000
1769385600000,2026-01-26 00:00:00,11.49000000,11.75000000,11.46000000,11.53000000,370129.78000000,1769399999999,2026-01-26 03:59:59,4294922.57790000,12192,147444.77000000,1709688.78360000
1769400000000,2026-01-26 04:00:00,11.54000000,11.72000000,11.53000000,11.69000000,245928.38000000,1769414399999,2026-01-26 07:59:59,2858592.73890000,7593,100005.79000000,1162723.47730000
1769414400000,2026-01-26 08:00:00,11.69000000,11.78000000,11.61000000,11.67000000,246897.20000000,1769428799999,2026-01-26 11:59:59,2883372.73050000,7026,99768.02000000,1165049.18620000
1769428800000,2026-01-26 12:00:00,11.67000000,11.92000000,11.63000000,11.76000000,524887.69000000,1769443199999,2026-01-26 15:59:59,6175075.71080000,19291,245591.95000000,2890467.59660000
1769443200000,2026-01-26 16:00:00,11.76000000,11.82000000,11.62000000,11.70000000,524597.77000000,1769457599999,2026-01-26 19:59:59,6154039.30340000,16510,245841.66000000,2883971.94640000
1769457600000,2026-01-26 20:00:00,11.71000000,11.80000000,11.63000000,11.72000000,305390.58000000,1769471999999,2026-01-26 23:59:59,3582765.53260000,8392,164417.74000000,1929623.05260000
1769472000000,2026-01-27 00:00:00,11.72000000,11.85000000,11.69000000,11.79000000,200765.10000000,1769486399999,2026-01-27 03:59:59,2363774.68640000,6682,81297.24000000,956967.41990000
1769486400000,2026-01-27 04:00:00,11.78000000,11.84000000,11.72000000,11.76000000,147551.92000000,1769500799999,2026-01-27 07:59:59,1736917.30810000,4435,77108.84000000,907596.95210000
1769500800000,2026-01-27 08:00:00,11.76000000,11.79000000,11.65000000,11.68000000,155666.17000000,1769515199999,2026-01-27 11:59:59,1822791.88680000,4885,72589.58000000,850310.59620000
1769515200000,2026-01-27 12:00:00,11.69000000,11.74000000,11.60000000,11.72000000,396599.65000000,1769529599999,2026-01-27 15:59:59,4626742.63720000,12034,205860.07000000,2402462.26090000
1769529600000,2026-01-27 16:00:00,11.72000000,11.96000000,11.58000000,11.86000000,640660.43000000,1769543999999,2026-01-27 19:59:59,7553365.42910000,21157,310680.97000000,3662352.76760000
1769544000000,2026-01-27 20:00:00,11.86000000,12.20000000,11.84000000,12.14000000,616370.96000000,1769558399999,2026-01-27 23:59:59,7438981.65170000,17591,290758.71000000,3509265.83370000
1769558400000,2026-01-28 00:00:00,12.14000000,12.17000000,12.03000000,12.06000000,277441.61000000,1769572799999,2026-01-28 03:59:59,3360605.55980000,10218,110254.74000000,1335024.89160000
1769572800000,2026-01-28 04:00:00,12.07000000,12.16000000,12.02000000,12.09000000,161984.64000000,1769587199999,2026-01-28 07:59:59,1958286.62240000,6505,76922.65000000,930055.12880000
1769587200000,2026-01-28 08:00:00,12.08000000,12.25000000,12.02000000,12.24000000,277467.88000000,1769601599999,2026-01-28 11:59:59,3369078.11930000,10051,118510.46000000,1438721.35860000
1769601600000,2026-01-28 12:00:00,12.23000000,12.29000000,11.95000000,12.02000000,459242.14000000,1769615999999,2026-01-28 15:59:59,5567855.49610000,18014,246684.00000000,2989731.79740000
1769616000000,2026-01-28 16:00:00,12.01000000,12.14000000,11.93000000,12.06000000,362317.64000000,1769630399999,2026-01-28 19:59:59,4357089.09640000,16440,162342.18000000,1952264.65610000
1769630400000,2026-01-28 20:00:00,12.06000000,12.18000000,11.96000000,12.07000000,279401.63000000,1769644799999,2026-01-28 23:59:59,3375278.53800000,13332,128662.76000000,1553948.83840000
1769644800000,2026-01-29 00:00:00,12.08000000,12.10000000,11.75000000,11.79000000,298573.38000000,1769659199999,2026-01-29 03:59:59,3550419.32120000,15942,149890.94000000,1781158.68570000
1769659200000,2026-01-29 04:00:00,11.79000000,11.86000000,11.69000000,11.80000000,222070.33000000,1769673599999,2026-01-29 07:59:59,2618291.64570000,7428,103559.72000000,1221165.71930000
1769673600000,2026-01-29 08:00:00,11.80000000,11.81000000,11.64000000,11.66000000,222175.68000000,1769687999999,2026-01-29 11:59:59,2605536.70450000,7134,99860.98000000,1171234.05910000
1769688000000,2026-01-29 12:00:00,11.67000000,11.67000000,10.87000000,11.01000000,1526728.43000000,1769702399999,2026-01-29 15:59:59,17033338.36640000,67188,823274.21000000,9182794.81680000
1769702400000,2026-01-29 16:00:00,11.01000000,11.17000000,10.80000000,10.99000000,1888754.14000000,1769716799999,2026-01-29 19:59:59,20736262.08050000,55137,927133.36000000,10184322.51830000
1769716800000,2026-01-29 20:00:00,10.99000000,11.07000000,10.96000000,11.04000000,608650.59000000,1769731199999,2026-01-29 23:59:59,6706928.96260000,13442,283548.86000000,3124378.47830000
1769731200000,2026-01-30 00:00:00,11.04000000,11.09000000,10.70000000,10.92000000,1316862.86000000,1769745599999,2026-01-30 03:59:59,14367766.61130000,37139,596020.08000000,6499511.96190000
1769745600000,2026-01-30 04:00:00,10.93000000,11.02000000,10.72000000,10.96000000,381286.47000000,1769759999999,2026-01-30 07:59:59,4161532.22860000,13107,174038.24000000,1899758.26080000
1769760000000,2026-01-30 08:00:00,10.95000000,11.05000000,10.80000000,11.00000000,426523.15000000,1769774399999,2026-01-30 11:59:59,4653448.58250000,13295,199211.56000000,2172750.28210000
1769774400000,2026-01-30 12:00:00,11.01000000,11.02000000,10.80000000,10.94000000,742833.40000000,1769788799999,2026-01-30 15:59:59,8118285.31880000,25474,370662.51000000,4051333.13160000
1769788800000,2026-01-30 16:00:00,10.94000000,11.05000000,10.63000000,10.99000000,932070.09000000,1769803199999,2026-01-30 19:59:59,10182546.08120000,33973,439519.44000000,4802271.41640000
1769803200000,2026-01-30 20:00:00,11.00000000,11.00000000,10.82000000,10.87000000,576755.92000000,1769817599999,2026-01-30 23:59:59,6284979.18000000,17507,314638.67000000,3429030.42150000
1769817600000,2026-01-31 00:00:00,10.88000000,10.90000000,10.82000000,10.84000000,206952.44000000,1769831999999,2026-01-31 03:59:59,2247860.93200000,5957,111515.32000000,1211236.82170000
1769832000000,2026-01-31 04:00:00,10.84000000,10.87000000,10.58000000,10.66000000,241872.49000000,1769846399999,2026-01-31 07:59:59,2590597.16570000,8356,117021.85000000,1253806.06070000
1769846400000,2026-01-31 08:00:00,10.66000000,10.69000000,10.42000000,10.60000000,633549.00000000,1769860799999,2026-01-31 11:59:59,6686046.54850000,19045,283396.79000000,2991354.82600000
1769860800000,2026-01-31 12:00:00,10.60000000,10.61000000,10.00000000,10.16000000,1454086.95000000,1769875199999,2026-01-31 15:59:59,14845161.09480000,50090,652035.48000000,6657198.76390000
1769875200000,2026-01-31 16:00:00,10.17000000,10.29000000,9.16000000,9.84000000,4987777.10000000,1769889599999,2026-01-31 19:59:59,48752804.55830000,129656,2361520.89000000,23088930.22640000
1769889600000,2026-01-31 20:00:00,9.84000000,10.18000000,9.74000000,10.12000000,838787.00000000,1769903999999,2026-01-31 23:59:59,8329267.57600000,30549,425169.23000000,4226436.13020000
1769904000000,2026-02-01 00:00:00,10.12000000,10.23000000,10.10000000,10.21000000,428353.74000000,1769918399999,2026-02-01 03:59:59,4358986.55950000,13058,194993.86000000,1984343.91750000
1769918400000,2026-02-01 04:00:00,10.21000000,10.26000000,10.13000000,10.19000000,345779.42000000,1769932799999,2026-02-01 07:59:59,3526495.03610000,8934,169100.76000000,1724717.40690000
1769932800000,2026-02-01 08:00:00,10.19000000,10.22000000,10.02000000,10.13000000,373003.35000000,1769947199999,2026-02-01 11:59:59,3780851.63880000,10504,158684.60000000,1607827.47140000
1769947200000,2026-02-01 12:00:00,10.13000000,10.15000000,9.73000000,9.86000000,732947.62000000,1769961599999,2026-02-01 15:59:59,7297568.73960000,26375,321301.92000000,3201204.90070000
1769961600000,2026-02-01 16:00:00,9.85000000,10.10000000,9.75000000,9.89000000,587285.77000000,1769975999999,2026-02-01 19:59:59,5818300.35230000,26297,271567.46000000,2690915.89930000
1769976000000,2026-02-01 20:00:00,9.89000000,10.07000000,9.67000000,9.91000000,902950.39000000,1769990399999,2026-02-01 23:59:59,8940246.21780000,39634,393134.55000000,3893693.19900000
1769990400000,2026-02-02 00:00:00,9.91000000,10.13000000,9.53000000,9.86000000,862346.70000000,1770004799999,2026-02-02 03:59:59,8493721.56850000,46109,409611.17000000,4037068.74900000
1770004800000,2026-02-02 04:00:00,9.87000000,10.00000000,9.54000000,9.89000000,926918.63000000,1770019199999,2026-02-02 07:59:59,9057740.17410000,51268,437611.17000000,4277673.32050000
1770019200000,2026-02-02 08:00:00,9.88000000,10.07000000,9.86000000,9.99000000,504826.76000000,1770033599999,2026-02-02 11:59:59,5035183.99630000,21255,249632.59000000,2489310.71620000
1770033600000,2026-02-02 12:00:00,9.98000000,10.32000000,9.98000000,10.24000000,718010.45000000,1770047999999,2026-02-02 15:59:59,7300727.46980000,27538,350472.09000000,3562583.11330000
1770048000000,2026-02-02 16:00:00,10.24000000,10.28000000,10.12000000,10.14000000,312041.32000000,1770062399999,2026-02-02 19:59:59,3180792.14830000,11193,166194.32000000,1693325.52140000
1770062400000,2026-02-02 20:00:00,10.13000000,10.20000000,10.07000000,10.14000000,275539.84000000,1770076799999,2026-02-02 23:59:59,2796993.15270000,8020,151047.97000000,1533354.16490000
1770076800000,2026-02-03 00:00:00,10.14000000,10.16000000,9.95000000,10.14000000,375765.59000000,1770091199999,2026-02-03 03:59:59,3784993.12620000,11241,185397.66000000,1868539.01390000
1770091200000,2026-02-03 04:00:00,10.14000000,10.21000000,10.04000000,10.15000000,243130.75000000,1770105599999,2026-02-03 07:59:59,2461777.14050000,8077,113332.36000000,1147420.14100000
1770105600000,2026-02-03 08:00:00,10.15000000,10.18000000,9.97000000,10.08000000,345800.59000000,1770119999999,2026-02-03 11:59:59,3481129.27320000,10499,158380.97000000,1594408.59580000
1770120000000,2026-02-03 12:00:00,10.08000000,10.17000000,9.91000000,10.15000000,668854.96000000,1770134399999,2026-02-03 15:59:59,6741433.16930000,24203,331906.62000000,3344486.53360000
1770134400000,2026-02-03 16:00:00,10.16000000,10.16000000,9.54000000,9.97000000,1567918.21000000,1770148799999,2026-02-03 19:59:59,15352171.06180000,44984,736828.59000000,7212601.70730000
1770148800000,2026-02-03 20:00:00,9.96000000,10.34000000,9.85000000,9.93000000,1157920.15000000,1770163199999,2026-02-03 23:59:59,11725865.52170000,29858,596345.55000000,6041153.53460000
1770163200000,2026-02-04 00:00:00,9.92000000,10.14000000,9.89000000,10.11000000,354315.61000000,1770177599999,2026-02-04 03:59:59,3558933.92930000,10401,184215.76000000,1850543.03960000
1770177600000,2026-02-04 04:00:00,10.10000000,10.17000000,10.02000000,10.16000000,359485.82000000,1770191999999,2026-02-04 07:59:59,3635954.10010000,8046,199679.39000000,2020430.00150000
1770192000000,2026-02-04 08:00:00,10.15000000,10.17000000,9.93000000,10.02000000,401525.78000000,1770206399999,2026-02-04 11:59:59,4039215.59650000,11607,188559.00000000,1898016.99270000
1770206400000,2026-02-04 12:00:00,10.02000000,10.04000000,9.62000000,9.73000000,699865.87000000,1770220799999,2026-02-04 15:59:59,6879047.53510000,34717,349862.37000000,3436677.58010000
1770220800000,2026-02-04 16:00:00,9.73000000,9.96000000,9.57000000,9.93000000,1181268.27000000,1770235199999,2026-02-04 19:59:59,11483615.01130000,56747,555581.48000000,5403604.17700000
1770235200000,2026-02-04 20:00:00,9.94000000,9.96000000,9.55000000,9.72000000,710981.95000000,1770249599999,2026-02-04 23:59:59,6927033.09410000,30179,347199.89000000,3384229.30830000
1770249600000,2026-02-05 00:00:00,9.71000000,9.85000000,9.59000000,9.62000000,762348.59000000,1770263999999,2026-02-05 03:59:59,7408948.08080000,32164,333703.70000000,3242932.68250000
1770264000000,2026-02-05 04:00:00,9.62000000,9.67000000,9.45000000,9.50000000,1035654.34000000,1770278399999,2026-02-05 07:59:59,9897715.61290000,36086,449918.22000000,4299135.65070000
1770278400000,2026-02-05 08:00:00,9.51000000,9.68000000,9.18000000,9.26000000,970170.23000000,1770292799999,2026-02-05 11:59:59,9138439.09540000,30568,531213.28000000,5004282.17900000
1770292800000,2026-02-05 12:00:00,9.27000000,9.45000000,8.72000000,8.86000000,3215374.52000000,1770307199999,2026-02-05 15:59:59,29216044.10010000,86846,1354504.67000000,12306359.97070000
1770307200000,2026-02-05 16:00:00,8.86000000,9.09000000,8.67000000,8.69000000,2397643.32000000,1770321599999,2026-02-05 19:59:59,21269609.29030000,82217,1152338.54000000,10222508.28140000
1770321600000,2026-02-05 20:00:00,8.70000000,8.77000000,8.24000000,8.32000000,2601444.25000000,1770335999999,2026-02-05 23:59:59,21922620.14650000,97991,1242517.34000000,10471123.87960000
1770336000000,2026-02-06 00:00:00,8.32000000,8.53000000,7.55000000,8.26000000,3272092.52000000,1770350399999,2026-02-06 03:59:59,26248139.55700000,129717,1683093.65000000,13512582.09110000
1770350400000,2026-02-06 04:00:00,8.26000000,8.64000000,8.23000000,8.42000000,774906.41000000,1770364799999,2026-02-06 07:59:59,6540150.64200000,35160,403497.79000000,3406176.07030000
1770364800000,2026-02-06 08:00:00,8.42000000,8.74000000,8.33000000,8.71000000,867581.79000000,1770379199999,2026-02-06 11:59:59,7406247.01400000,29780,426467.02000000,3644539.67260000
1770379200000,2026-02-06 12:00:00,8.71000000,9.07000000,8.64000000,9.04000000,1048914.98000000,1770393599999,2026-02-06 15:59:59,9303143.59890000,42458,498209.59000000,4420325.55600000
1770393600000,2026-02-06 16:00:00,9.03000000,9.48000000,9.00000000,9.24000000,1005956.00000000,1770407999999,2026-02-06 19:59:59,9305028.17780000,43014,483412.07000000,4471552.00620000
1770408000000,2026-02-06 20:00:00,9.24000000,9.38000000,9.10000000,9.28000000,647180.27000000,1770422399999,2026-02-06 23:59:59,5980783.23160000,21444,303314.86000000,2803962.44110000
1770422400000,2026-02-07 00:00:00,9.28000000,9.32000000,9.13000000,9.29000000,354872.95000000,1770436799999,2026-02-07 03:59:59,3273043.79300000,16801,158859.99000000,1464898.59440000
1770436800000,2026-02-07 04:00:00,9.28000000,9.37000000,8.91000000,9.00000000,805902.69000000,1770451199999,2026-02-07 07:59:59,7388123.27290000,30315,379385.01000000,3482108.09790000
1770451200000,2026-02-07 08:00:00,8.99000000,9.10000000,8.93000000,8.99000000,347012.50000000,1770465599999,2026-02-07 11:59:59,3124919.24290000,13833,152498.35000000,1374349.32880000
1770465600000,2026-02-07 12:00:00,8.98000000,9.26000000,8.97000000,9.17000000,529536.54000000,1770479999999,2026-02-07 15:59:59,4836106.21910000,20954,244555.69000000,2233213.92660000
1770480000000,2026-02-07 16:00:00,9.18000000,9.40000000,9.14000000,9.26000000,2187027.61000000,1770494399999,2026-02-07 19:59:59,20276563.46000000,68282,1065124.22000000,9875958.03670000
1770494400000,2026-02-07 20:00:00,9.25000000,9.33000000,9.18000000,9.23000000,204936.68000000,1770508799999,2026-02-07 23:59:59,1898746.72980000,7913,98588.17000000,913540.82530000
1770508800000,2026-02-08 00:00:00,9.22000000,9.25000000,9.11000000,9.13000000,162003.79000000,1770523199999,2026-02-08 03:59:59,1488394.08030000,6868,80946.31000000,743845.73900000
1770523200000,2026-02-08 04:00:00,9.13000000,9.18000000,9.07000000,9.14000000,185594.81000000,1770537599999,2026-02-08 07:59:59,1694380.14110000,5556,102057.86000000,932023.24420000
1770537600000,2026-02-08 08:00:00,9.15000000,9.30000000,9.10000000,9.27000000,362668.38000000,1770551999999,2026-02-08 11:59:59,3341430.25520000,13875,184408.50000000,1699365.75980000
1770552000000,2026-02-08 12:00:00,9.28000000,9.29000000,9.15000000,9.17000000,375423.51000000,1770566399999,2026-02-08 15:59:59,3468400.72940000,10582,180907.70000000,1671290.30830000
1770566400000,2026-02-08 16:00:00,9.18000000,9.23000000,9.00000000,9.20000000,439246.61000000,1770580799999,2026-02-08 19:59:59,4008911.55100000,11991,242858.64000000,2215996.40270000
1770580800000,2026-02-08 20:00:00,9.21000000,9.26000000,9.01000000,9.08000000,427537.03000000,1770595199999,2026-02-08 23:59:59,3888760.21990000,12761,224460.85000000,2041686.19270000
1770595200000,2026-02-09 00:00:00,9.08000000,9.21000000,9.03000000,9.18000000,262378.59000000,1770609599999,2026-02-09 03:59:59,2390370.75840000,10331,123430.74000000,1124476.72240000
1770609600000,2026-02-09 04:00:00,9.19000000,9.19000000,9.02000000,9.03000000,203818.65000000,1770623999999,2026-02-09 07:59:59,1852949.37720000,6898,97674.46000000,887986.11670000
1770624000000,2026-02-09 08:00:00,9.03000000,9.05000000,8.72000000,8.78000000,488152.81000000,1770638399999,2026-02-09 11:59:59,4323137.57020000,15435,243172.47000000,2152985.50860000
1770638400000,2026-02-09 12:00:00,8.79000000,9.00000000,8.74000000,9.00000000,447728.73000000,1770652799999,2026-02-09 15:59:59,3971529.79410000,19188,228501.16000000,2024789.14430000
1770652800000,2026-02-09 16:00:00,9.00000000,9.19000000,8.91000000,9.11000000,485300.97000000,1770667199999,2026-02-09 19:59:59,4409441.99100000,18314,199078.37000000,1810367.17840000
1770667200000,2026-02-09 20:00:00,9.11000000,9.15000000,8.99000000,9.06000000,273668.58000000,1770681599999,2026-02-09 23:59:59,2482021.91960000,10339,125692.89000000,1139874.83580000
1770681600000,2026-02-10 00:00:00,9.06000000,9.11000000,8.86000000,8.91000000,246271.14000000,1770695999999,2026-02-10 03:59:59,2215282.42250000,7028,115338.28000000,1037776.69200000
1770696000000,2026-02-10 04:00:00,8.91000000,8.99000000,8.74000000,8.82000000,334033.48000000,1770710399999,2026-02-10 07:59:59,2958995.35970000,10475,163889.39000000,1453713.11870000
1770710400000,2026-02-10 08:00:00,8.83000000,8.91000000,8.78000000,8.78000000,266978.88000000,1770724799999,2026-02-10 11:59:59,2360883.15020000,7486,136477.49000000,1207074.89190000
1770724800000,2026-02-10 12:00:00,8.79000000,8.88000000,8.71000000,8.79000000,419820.42000000,1770739199999,2026-02-10 15:59:59,3690895.84420000,17213,230738.35000000,2029322.55120000
1770739200000,2026-02-10 16:00:00,8.78000000,8.85000000,8.67000000,8.72000000,423821.41000000,1770753599999,2026-02-10 19:59:59,3717924.75560000,14215,180215.42000000,1581047.64340000
1770753600000,2026-02-10 20:00:00,8.73000000,8.76000000,8.65000000,8.76000000,464644.73000000,1770767999999,2026-02-10 23:59:59,4046491.46040000,10761,229113.09000000,1995084.91010000
1770768000000,2026-02-11 00:00:00,8.76000000,8.97000000,8.73000000,8.88000000,419358.89000000,1770782399999,2026-02-11 03:59:59,3703086.49160000,8691,246252.21000000,2174858.32200000
1770782400000,2026-02-11 04:00:00,8.87000000,8.89000000,8.55000000,8.59000000,591526.08000000,1770796799999,2026-02-11 07:59:59,5137277.55410000,13225,334640.89000000,2906589.63240000
1770796800000,2026-02-11 08:00:00,8.58000000,8.60000000,8.48000000,8.59000000,373819.14000000,1770811199999,2026-02-11 11:59:59,3191332.90640000,8540,195897.99000000,1672407.43300000
1770811200000,2026-02-11 12:00:00,8.59000000,8.90000000,8.43000000,8.52000000,989469.97000000,1770825599999,2026-02-11 15:59:59,8542243.66680000,32940,531331.32000000,4582242.32390000
1770825600000,2026-02-11 16:00:00,8.51000000,8.76000000,8.49000000,8.71000000,653763.19000000,1770839999999,2026-02-11 19:59:59,5639144.70690000,18979,355925.62000000,3069748.05540000
1770840000000,2026-02-11 20:00:00,8.70000000,8.81000000,8.58000000,8.63000000,423122.12000000,1770854399999,2026-02-11 23:59:59,3680782.46400000,11622,238796.44000000,2078630.71000000
1770854400000,2026-02-12 00:00:00,8.63000000,8.79000000,8.63000000,8.75000000,242053.56000000,1770868799999,2026-02-12 03:59:59,2113692.08410000,6586,130084.34000000,1135666.63490000
1770868800000,2026-02-12 04:00:00,8.75000000,8.85000000,8.68000000,8.82000000,224064.55000000,1770883199999,2026-02-12 07:59:59,1967920.43190000,5636,95847.50000000,841488.09690000
1770883200000,2026-02-12 08:00:00,8.81000000,8.97000000,8.78000000,8.91000000,359106.32000000,1770897599999,2026-02-12 11:59:59,3191157.76680000,7783,149898.67000000,1332540.71700000
1770897600000,2026-02-12 12:00:00,8.91000000,8.97000000,8.79000000,8.80000000,604502.71000000,1770911999999,2026-02-12 15:59:59,5367457.21380000,15649,253174.29000000,2248999.60320000
1770912000000,2026-02-12 16:00:00,8.81000000,8.86000000,8.62000000,8.77000000,831486.04000000,1770926399999,2026-02-12 19:59:59,7254900.70760000,24116,396667.86000000,3458162.48530000
1770926400000,2026-02-12 20:00:00,8.76000000,8.91000000,8.68000000,8.90000000,461099.43000000,1770940799999,2026-02-12 23:59:59,4051259.30370000,7581,216403.57000000,1898947.70820000
1770940800000,2026-02-13 00:00:00,8.90000000,8.94000000,8.82000000,8.86000000,343117.55000000,1770955199999,2026-02-13 03:59:59,3045103.55390000,11489,168278.41000000,1493690.63220000
1770955200000,2026-02-13 04:00:00,8.86000000,8.87000000,8.74000000,8.84000000,204305.94000000,1770969599999,2026-02-13 07:59:59,1800269.11330000,5992,114139.23000000,1005366.84120000
1770969600000,2026-02-13 08:00:00,8.83000000,8.91000000,8.81000000,8.88000000,280558.87000000,1770983999999,2026-02-13 11:59:59,2488877.10960000,7256,131806.99000000,1170125.29770000
1770984000000,2026-02-13 12:00:00,8.88000000,9.22000000,8.82000000,9.10000000,711209.63000000,1770998399999,2026-02-13 15:59:59,6421542.45690000,17946,405516.07000000,3660847.92460000
1770998400000,2026-02-13 16:00:00,9.10000000,9.26000000,9.10000000,9.18000000,412364.90000000,1771012799999,2026-02-13 19:59:59,3786572.37170000,11154,205522.59000000,1887630.59930000
1771012800000,2026-02-13 20:00:00,9.18000000,9.25000000,9.14000000,9.14000000,365696.16000000,1771027199999,2026-02-13 23:59:59,3365199.59410000,7569,181833.12000000,1672935.41420000
1771027200000,2026-02-14 00:00:00,9.15000000,9.22000000,9.12000000,9.20000000,184428.73000000,1771041599999,2026-02-14 03:59:59,1692543.41590000,4122,89797.66000000,824202.05150000
1771041600000,2026-02-14 04:00:00,9.20000000,9.21000000,9.13000000,9.20000000,102741.49000000,1771055999999,2026-02-14 07:59:59,943147.41180000,2914,49992.83000000,458922.88020000
1771056000000,2026-02-14 08:00:00,9.19000000,9.39000000,9.19000000,9.38000000,400262.29000000,1771070399999,2026-02-14 11:59:59,3718191.64560000,8280,204368.29000000,1899194.94800000
1771070400000,2026-02-14 12:00:00,9.38000000,9.40000000,9.25000000,9.38000000,463225.09000000,1771084799999,2026-02-14 15:59:59,4325639.29410000,9822,196829.47000000,1837559.20720000
1771084800000,2026-02-14 16:00:00,9.39000000,9.64000000,9.34000000,9.63000000,412264.27000000,1771099199999,2026-02-14 19:59:59,3901614.09220000,13150,200294.46000000,1897303.88750000
1771099200000,2026-02-14 20:00:00,9.64000000,9.72000000,9.54000000,9.59000000,394278.58000000,1771113599999,2026-02-14 23:59:59,3796794.11240000,10546,165048.08000000,1589907.13260000
1771113600000,2026-02-15 00:00:00,9.60000000,9.64000000,9.47000000,9.60000000,318161.40000000,1771127999999,2026-02-15 03:59:59,3040516.77310000,9255,147476.28000000,1409335.74800000
1771128000000,2026-02-15 04:00:00,9.59000000,9.75000000,9.58000000,9.70000000,342931.72000000,1771142399999,2026-02-15 07:59:59,3314526.25700000,13540,139565.94000000,1348749.78320000
1771142400000,2026-02-15 08:00:00,9.70000000,9.71000000,9.51000000,9.52000000,286694.17000000,1771156799999,2026-02-15 11:59:59,2747891.66370000,8445,145886.30000000,1398490.32080000
1771156800000,2026-02-15 12:00:00,9.52000000,9.54000000,9.28000000,9.38000000,486935.28000000,1771171199999,2026-02-15 15:59:59,4569468.75330000,14269,281631.48000000,2642166.18360000
1771171200000,2026-02-15 16:00:00,9.38000000,9.39000000,9.14000000,9.18000000,623549.94000000,1771185599999,2026-02-15 19:59:59,5764827.79770000,16476,339347.35000000,3136513.73580000
1771185600000,2026-02-15 20:00:00,9.18000000,9.31000000,9.14000000,9.29000000,246347.81000000,1771199999999,2026-02-15 23:59:59,2275715.90240000,5947,136195.13000000,1258458.35870000
1771200000000,2026-02-16 00:00:00,9.29000000,9.34000000,9.20000000,9.24000000,226167.11000000,1771214399999,2026-02-16 03:59:59,2094416.99300000,5391,116600.75000000,1079916.97680000
1771214400000,2026-02-16 04:00:00,9.24000000,9.34000000,9.18000000,9.26000000,199558.33000000,1771228799999,2026-02-16 07:59:59,1847045.34440000,5053,99898.10000000,924322.82010000
1771228800000,2026-02-16 08:00:00,9.26000000,9.35000000,9.17000000,9.27000000,307127.04000000,1771243199999,2026-02-16 11:59:59,2850376.38720000,7442,156462.88000000,1451740.02190000
1771243200000,2026-02-16 12:00:00,9.27000000,9.42000000,9.05000000,9.09000000,655215.57000000,1771257599999,2026-02-16 15:59:59,6044551.52860000,20864,354100.07000000,3267655.81740000
1771257600000,2026-02-16 16:00:00,9.09000000,9.19000000,9.06000000,9.15000000,326060.42000000,1771271999999,2026-02-16 19:59:59,2977456.70130000,8187,179045.80000000,1634967.94220000
1771272000000,2026-02-16 20:00:00,9.14000000,9.31000000,9.11000000,9.26000000,279468.61000000,1771286399999,2026-02-16 23:59:59,2583237.04450000,8668,132799.51000000,1226882.01540000
1771286400000,2026-02-17 00:00:00,9.26000000,9.30000000,9.18000000,9.22000000,187786.47000000,1771300799999,2026-02-17 03:59:59,1737597.90110000,5847,84775.13000000,784271.99290000
1771300800000,2026-02-17 04:00:00,9.23000000,9.25000000,9.13000000,9.20000000,134633.19000000,1771315199999,2026-02-17 07:59:59,1236560.99400000,4395,75160.53000000,690262.84960000
1771315200000,2026-02-17 08:00:00,9.20000000,9.22000000,9.06000000,9.11000000,153120.96000000,1771329599999,2026-02-17 11:59:59,1395961.96350000,5591,74754.85000000,681527.54490000
1771329600000,2026-02-17 12:00:00,9.11000000,9.23000000,9.00000000,9.08000000,389711.71000000,1771343999999,2026-02-17 15:59:59,3544744.54410000,14649,207670.98000000,1889230.64940000
1771344000000,2026-02-17 16:00:00,9.08000000,9.29000000,9.04000000,9.18000000,446630.21000000,1771358399999,2026-02-17 19:59:59,4097417.80050000,17483,234972.60000000,2155066.29030000
1771358400000,2026-02-17 20:00:00,9.17000000,9.20000000,9.13000000,9.14000000,188802.43000000,1771372799999,2026-02-17 23:59:59,1728414.97920000,5865,74473.52000000,682094.94730000
1771372800000,2026-02-18 00:00:00,9.13000000,9.17000000,9.06000000,9.11000000,145547.05000000,1771387199999,2026-02-18 03:59:59,1326987.08060000,5285,72811.15000000,663875.78550000
1771387200000,2026-02-18 04:00:00,9.11000000,9.15000000,9.03000000,9.12000000,177610.30000000,1771401599999,2026-02-18 07:59:59,1613215.73980000,4569,96989.02000000,880931.32550000
1771401600000,2026-02-18 08:00:00,9.13000000,9.21000000,9.00000000,9.05000000,251759.38000000,1771415999999,2026-02-18 11:59:59,2295459.97840000,6757,131373.34000000,1198564.04190000
1771416000000,2026-02-18 12:00:00,9.05000000,9.20000000,8.94000000,9.12000000,339457.85000000,1771430399999,2026-02-18 15:59:59,3072183.85300000,12625,170140.40000000,1537434.95150000
1771430400000,2026-02-18 16:00:00,9.12000000,9.12000000,8.82000000,8.89000000,448633.93000000,1771444799999,2026-02-18 19:59:59,4016115.29710000,13851,252963.18000000,2263242.46920000
1771444800000,2026-02-18 20:00:00,8.88000000,8.92000000,8.80000000,8.86000000,282707.33000000,1771459199999,2026-02-18 23:59:59,2504495.40680000,6356,168666.27000000,1494269.91800000
1771459200000,2026-02-19 00:00:00,8.86000000,8.93000000,8.83000000,8.91000000,203733.90000000,1771473599999,2026-02-19 03:59:59,1809098.02970000,4860,115379.39000000,1024604.60260000
1771473600000,2026-02-19 04:00:00,8.91000000,8.94000000,8.84000000,8.90000000,170213.04000000,1771487999999,2026-02-19 07:59:59,1514495.98480000,4490,87813.77000000,781371.31280000
1771488000000,2026-02-19 08:00:00,8.91000000,8.91000000,8.78000000,8.79000000,253257.22000000,1771502399999,2026-02-19 11:59:59,2237377.56490000,6229,144966.19000000,1280321.64380000
1771502400000,2026-02-19 12:00:00,8.80000000,8.86000000,8.66000000,8.83000000,741285.43000000,1771516799999,2026-02-19 15:59:59,6503650.91260000,17916,443161.22000000,3888991.18000000
1771516800000,2026-02-19 16:00:00,8.83000000,8.94000000,8.74000000,8.89000000,466253.61000000,1771531199999,2026-02-19 19:59:59,4125361.97340000,12108,276279.22000000,2443398.53910000
1771531200000,2026-02-19 20:00:00,8.88000000,8.94000000,8.86000000,8.91000000,291240.97000000,1771545599999,2026-02-19 23:59:59,2590992.78150000,5803,143639.06000000,1277976.84280000
1771545600000,2026-02-20 00:00:00,8.90000000,8.98000000,8.89000000,8.94000000,183324.97000000,1771559999999,2026-02-20 03:59:59,1637701.32130000,3743,91156.90000000,814376.85080000
1771560000000,2026-02-20 04:00:00,8.95000000,9.29000000,8.88000000,9.19000000,765280.51000000,1771574399999,2026-02-20 07:59:59,6990805.96590000,16045,388998.35000000,3558579.46240000
1771574400000,2026-02-20 08:00:00,9.19000000,9.36000000,9.10000000,9.12000000,685848.14000000,1771588799999,2026-02-20 11:59:59,6340075.10750000,15980,309195.12000000,2857466.65000000
1771588800000,2026-02-20 12:00:00,9.12000000,9.20000000,8.93000000,9.18000000,739319.54000000,1771603199999,2026-02-20 15:59:59,6703825.43780000,24076,402598.92000000,3651853.79030000
1771603200000,2026-02-20 16:00:00,9.18000000,9.25000000,9.00000000,9.14000000,551463.31000000,1771617599999,2026-02-20 19:59:59,5030035.39860000,18483,276927.29000000,2524780.40410000
1771617600000,2026-02-20 20:00:00,9.15000000,9.18000000,9.10000000,9.17000000,245078.37000000,1771631999999,2026-02-20 23:59:59,2240566.24200000,6958,102703.62000000,939184.41360000
1771632000000,2026-02-21 00:00:00,9.17000000,9.20000000,9.12000000,9.16000000,126915.48000000,1771646399999,2026-02-21 03:59:59,1161735.19160000,4225,70213.87000000,642492.09570000
1771646400000,2026-02-21 04:00:00,9.17000000,9.21000000,9.13000000,9.15000000,82049.36000000,1771660799999,2026-02-21 07:59:59,752447.53570000,3150,30967.51000000,284000.67650000
1771660800000,2026-02-21 08:00:00,9.15000000,9.30000000,9.14000000,9.27000000,320261.38000000,1771675199999,2026-02-21 11:59:59,2958157.62160000,10817,177160.64000000,1636536.61640000
1771675200000,2026-02-21 12:00:00,9.28000000,9.45000000,9.25000000,9.29000000,494797.17000000,1771689599999,2026-02-21 15:59:59,4622087.36220000,13136,283687.19000000,2651876.86130000
1771689600000,2026-02-21 16:00:00,9.28000000,9.31000000,9.20000000,9.27000000,246718.91000000,1771703999999,2026-02-21 19:59:59,2283054.14030000,5990,145741.82000000,1348220.61540000
1771704000000,2026-02-21 20:00:00,9.26000000,9.28000000,9.11000000,9.12000000,250078.99000000,1771718399999,2026-02-21 23:59:59,2292951.88300000,6290,115103.22000000,1055706.95140000
1771718400000,2026-02-22 00:00:00,9.12000000,9.12000000,9.01000000,9.05000000,322774.31000000,1771732799999,2026-02-22 03:59:59,2924744.43880000,7709,181295.96000000,1642861.03290000
1771732800000,2026-02-22 04:00:00,9.05000000,9.07000000,8.96000000,9.02000000,251468.51000000,1771747199999,2026-02-22 07:59:59,2265147.65640000,5115,144924.56000000,1305494.94740000
1771747200000,2026-02-22 08:00:00,9.01000000,9.06000000,8.97000000,9.01000000,214420.53000000,1771761599999,2026-02-22 11:59:59,1932415.40620000,4526,110365.96000000,994479.04830000
1771761600000,2026-02-22 12:00:00,9.00000000,9.01000000,8.82000000,8.88000000,651932.97000000,1771775999999,2026-02-22 15:59:59,5804947.86820000,15677,307889.27000000,2741213.88960000
1771776000000,2026-02-22 16:00:00,8.89000000,8.89000000,8.80000000,8.83000000,227887.26000000,1771790399999,2026-02-22 19:59:59,2012141.76920000,4812,128618.57000000,1135579.86850000
1771790400000,2026-02-22 20:00:00,8.82000000,8.89000000,8.79000000,8.87000000,225665.95000000,1771804799999,2026-02-22 23:59:59,1991902.69620000,4762,139832.74000000,1234626.99280000
1771804800000,2026-02-23 00:00:00,8.87000000,8.90000000,8.33000000,8.41000000,1554137.78000000,1771819199999,2026-02-23 03:59:59,13211148.38970000,46958,842210.42000000,7155248.32140000
1771819200000,2026-02-23 04:00:00,8.42000000,8.61000000,8.33000000,8.57000000,405193.57000000,1771833599999,2026-02-23 07:59:59,3423915.34900000,10832,225695.28000000,1908262.48610000
1771833600000,2026-02-23 08:00:00,8.56000000,8.72000000,8.50000000,8.65000000,282992.03000000,1771847999999,2026-02-23 11:59:59,2442792.32970000,8440,124858.36000000,1076962.21200000
1771848000000,2026-02-23 12:00:00,8.65000000,8.78000000,8.55000000,8.57000000,269037.22000000,1771862399999,2026-02-23 15:59:59,2331807.69200000,14821,119565.12000000,1036046.78960000
1771862400000,2026-02-23 16:00:00,8.57000000,8.62000000,8.34000000,8.37000000,450700.24000000,1771876799999,2026-02-23 19:59:59,3822695.05240000,17926,254427.49000000,2157543.43130000
1771876800000,2026-02-23 20:00:00,8.37000000,8.45000000,8.27000000,8.36000000,557738.68000000,1771891199999,2026-02-23 23:59:59,4663639.37450000,10914,275275.26000000,2303129.42320000
1771891200000,2026-02-24 00:00:00,8.37000000,8.45000000,8.21000000,8.31000000,449274.03000000,1771905599999,2026-02-24 03:59:59,3749350.51610000,16146,220037.59000000,1837325.88420000
1771905600000,2026-02-24 04:00:00,8.31000000,8.32000000,8.21000000,8.26000000,263878.57000000,1771919999999,2026-02-24 07:59:59,2180987.68690000,9564,132464.50000000,1094893.96390000
1771920000000,2026-02-24 08:00:00,8.26000000,8.34000000,8.23000000,8.32000000,407570.42000000,1771934399999,2026-02-24 11:59:59,3381048.25930000,8806,263481.04000000,2186393.27770000
1771934400000,2026-02-24 12:00:00,8.32000000,8.38000000,8.18000000,8.34000000,472099.67000000,1771948799999,2026-02-24 15:59:59,3912706.64330000,17523,239965.63000000,1989440.02270000
1771948800000,2026-02-24 16:00:00,8.33000000,8.43000000,8.32000000,8.35000000,277441.83000000,1771963199999,2026-02-24 19:59:59,2322904.20830000,10341,148934.11000000,1246943.01580000
1771963200000,2026-02-24 20:00:00,8.35000000,8.38000000,8.25000000,8.29000000,199078.85000000,1771977599999,2026-02-24 23:59:59,1655493.34860000,5639,98052.39000000,815612.61110000
1771977600000,2026-02-25 00:00:00,8.28000000,8.71000000,8.26000000,8.51000000,739682.83000000,1771991999999,2026-02-25 03:59:59,6335800.48620000,23186,375421.98000000,3213902.88200000
1771992000000,2026-02-25 04:00:00,8.51000000,8.59000000,8.41000000,8.57000000,504943.17000000,1772006399999,2026-02-25 07:59:59,4301726.41370000,10124,270378.38000000,2304346.69150000
1772006400000,2026-02-25 08:00:00,8.58000000,8.99000000,8.54000000,8.97000000,925934.15000000,1772020799999,2026-02-25 11:59:59,8162885.84330000,17981,441689.28000000,3895162.00880000
1772020800000,2026-02-25 12:00:00,8.97000000,9.60000000,8.95000000,9.52000000,3309390.76000000,1772035199999,2026-02-25 15:59:59,30876786.78950000,105761,1812236.57000000,16914644.99870000
1772035200000,2026-02-25 16:00:00,9.53000000,9.82000000,9.53000000,9.74000000,1562878.97000000,1772049599999,2026-02-25 19:59:59,15146767.32670000,38812,823737.32000000,7985077.00980000
1772049600000,2026-02-25 20:00:00,9.75000000,9.84000000,9.41000000,9.51000000,1164377.54000000,1772063999999,2026-02-25 23:59:59,11228319.66380000,28292,594214.71000000,5734232.87260000
1772064000000,2026-02-26 00:00:00,9.51000000,9.64000000,9.43000000,9.45000000,1086030.41000000,1772078399999,2026-02-26 03:59:59,10345689.81250000,31410,605229.18000000,5765960.75370000
1772078400000,2026-02-26 04:00:00,9.45000000,9.57000000,9.32000000,9.32000000,942625.50000000,1772092799999,2026-02-26 07:59:59,8867824.96700000,20424,438022.42000000,4127738.18170000
1772092800000,2026-02-26 08:00:00,9.32000000,9.41000000,9.24000000,9.24000000,755050.28000000,1772107199999,2026-02-26 11:59:59,7051433.08710000,14759,443772.54000000,4145710.01060000
1772107200000,2026-02-26 12:00:00,9.24000000,9.39000000,9.21000000,9.31000000,651935.79000000,1772121599999,2026-02-26 15:59:59,6069179.86040000,19574,315056.52000000,2932217.46320000
1772121600000,2026-02-26 16:00:00,9.31000000,9.35000000,9.09000000,9.31000000,705007.97000000,1772135999999,2026-02-26 19:59:59,6491829.15580000,20468,373839.13000000,3444478.22940000
1772136000000,2026-02-26 20:00:00,9.30000000,9.34000000,9.23000000,9.31000000,226687.40000000,1772150399999,2026-02-26 23:59:59,2105362.03840000,6214,105893.95000000,983284.30770000
1772150400000,2026-02-27 00:00:00,9.31000000,9.43000000,9.25000000,9.41000000,347864.04000000,1772164799999,2026-02-27 03:59:59,3244410.71740000,8486,145059.74000000,1353238.03000000
1772164800000,2026-02-27 04:00:00,9.41000000,9.48000000,9.34000000,9.38000000,421493.17000000,1772179199999,2026-02-27 07:59:59,3966635.31520000,10253,163991.44000000,1543448.11350000
1772179200000,2026-02-27 08:00:00,9.38000000,9.43000000,8.99000000,9.04000000,728787.99000000,1772193599999,2026-02-27 11:59:59,6686462.47620000,19576,360915.46000000,3312784.76400000
1772193600000,2026-02-27 12:00:00,9.03000000,9.06000000,8.92000000,9.02000000,883563.37000000,1772207999999,2026-02-27 15:59:59,7946552.07380000,32787,405334.08000000,3646074.06030000
1772208000000,2026-02-27 16:00:00,9.01000000,9.02000000,8.85000000,8.90000000,466929.41000000,1772222399999,2026-02-27 19:59:59,4166415.41520000,16884,222729.23000000,1987619.76210000
1772222400000,2026-02-27 20:00:00,8.89000000,8.97000000,8.78000000,8.95000000,393191.59000000,1772236799999,2026-02-27 23:59:59,3495752.67460000,10427,201927.25000000,1796620.25570000
1772236800000,2026-02-28 00:00:00,8.95000000,8.98000000,8.87000000,8.89000000,237805.98000000,1772251199999,2026-02-28 03:59:59,2124359.86600000,5022,122967.29000000,1099066.96050000
1772251200000,2026-02-28 04:00:00,8.89000000,8.91000000,8.49000000,8.63000000,968750.50000000,1772265599999,2026-02-28 07:59:59,8417891.37720000,34356,476069.08000000,4136400.56860000
1772265600000,2026-02-28 08:00:00,8.62000000,8.63000000,8.42000000,8.47000000,517074.30000000,1772279999999,2026-02-28 11:59:59,4398057.57410000,17756,295761.90000000,2516632.95370000
1772280000000,2026-02-28 12:00:00,8.47000000,8.75000000,8.46000000,8.64000000,855844.80000000,1772294399999,2026-02-28 15:59:59,7363807.18280000,25863,410549.79000000,3536915.22170000
1772294400000,2026-02-28 16:00:00,8.63000000,8.99000000,8.61000000,8.94000000,684315.31000000,1772308799999,2026-02-28 19:59:59,6032640.57440000,16632,353062.96000000,3112164.30750000
1772308800000,2026-02-28 20:00:00,8.93000000,9.27000000,8.91000000,9.16000000,1207211.07000000,1772323199999,2026-02-28 23:59:59,11020404.06900000,27180,610246.12000000,5568764.07850000
1772323200000,2026-03-01 00:00:00,9.17000000,9.43000000,9.05000000,9.26000000,877048.00000000,1772337599999,2026-03-01 03:59:59,8126319.84750000,28902,416812.90000000,3863100.74590000
1772337600000,2026-03-01 04:00:00,9.26000000,9.31000000,9.16000000,9.22000000,286963.52000000,1772351999999,2026-03-01 07:59:59,2647910.71070000,9591,139560.89000000,1287527.57050000
1772352000000,2026-03-01 08:00:00,9.22000000,9.26000000,9.10000000,9.12000000,551511.05000000,1772366399999,2026-03-01 11:59:59,5062578.05920000,17112,296742.69000000,2724039.96630000
1772366400000,2026-03-01 12:00:00,9.12000000,9.24000000,9.03000000,9.13000000,552625.97000000,1772380799999,2026-03-01 15:59:59,5053997.74230000,18999,308306.36000000,2819594.33570000
1772380800000,2026-03-01 16:00:00,9.13000000,9.17000000,8.94000000,8.96000000,537002.49000000,1772395199999,2026-03-01 19:59:59,4853963.22180000,15674,290392.93000000,2624917.48110000
1772395200000,2026-03-01 20:00:00,8.95000000,9.08000000,8.85000000,9.04000000,712425.42000000,1772409599999,2026-03-01 23:59:59,6386444.96780000,19163,379441.90000000,3399896.32900000
1772409600000,2026-03-02 00:00:00,9.03000000,9.20000000,9.00000000,9.12000000,562711.22000000,1772423999999,2026-03-02 03:59:59,5114394.70280000,17434,281609.51000000,2558929.38070000
1772424000000,2026-03-02 04:00:00,9.12000000,9.14000000,8.88000000,8.93000000,327076.29000000,1772438399999,2026-03-02 07:59:59,2945524.28410000,9690,183652.11000000,1652022.04130000
1772438400000,2026-03-02 08:00:00,8.93000000,9.04000000,8.86000000,8.98000000,415209.74000000,1772452799999,2026-03-02 11:59:59,3718925.75180000,13586,224914.76000000,2014175.51650000
1772452800000,2026-03-02 12:00:00,8.98000000,9.40000000,8.90000000,9.30000000,868593.35000000,1772467199999,2026-03-02 15:59:59,7980313.77680000,29729,442502.24000000,4069325.98940000
1772467200000,2026-03-02 16:00:00,9.31000000,9.48000000,9.19000000,9.23000000,960957.29000000,1772481599999,2026-03-02 19:59:59,8949966.11790000,28718,507191.89000000,4726164.34510000
1772481600000,2026-03-02 20:00:00,9.24000000,9.29000000,9.15000000,9.17000000,473073.66000000,1772495999999,2026-03-02 23:59:59,4361456.87070000,12281,268227.44000000,2472941.95270000
1772496000000,2026-03-03 00:00:00,9.18000000,9.26000000,9.08000000,9.16000000,443484.43000000,1772510399999,2026-03-03 03:59:59,4067024.75810000,12499,236111.36000000,2164594.42950000
1772510400000,2026-03-03 04:00:00,9.15000000,9.20000000,9.07000000,9.12000000,288786.32000000,1772524799999,2026-03-03 07:59:59,2634854.13920000,7901,152101.87000000,1387474.54160000
1772524800000,2026-03-03 08:00:00,9.11000000,9.13000000,8.94000000,9.01000000,592771.89000000,1772539199999,2026-03-03 11:59:59,5340871.06300000,16700,297353.50000000,2680109.89220000
1772539200000,2026-03-03 12:00:00,9.02000000,9.19000000,8.90000000,9.17000000,538432.02000000,1772553599999,2026-03-03 15:59:59,4858207.43260000,21808,291829.23000000,2635121.60710000
1772553600000,2026-03-03 16:00:00,9.16000000,9.34000000,9.09000000,9.18000000,706880.74000000,1772567999999,2026-03-03 19:59:59,6517883.96080000,25351,324561.46000000,2991177.22320000
1772568000000,2026-03-03 20:00:00,9.18000000,9.25000000,9.07000000,9.18000000,379956.87000000,1772582399999,2026-03-03 23:59:59,3477656.43670000,8939,200432.78000000,1834694.18520000
1772582400000,2026-03-04 00:00:00,9.18000000,9.25000000,9.10000000,9.18000000,364967.96000000,1772596799999,2026-03-04 03:59:59,3348737.53020000,9812,174802.82000000,1603880.84200000
1772596800000,2026-03-04 04:00:00,9.18000000,9.20000000,9.00000000,9.18000000,946582.93000000,1772611199999,2026-03-04 07:59:59,8581533.99700000,16447,393145.47000000,3565044.34690000
1772611200000,2026-03-04 08:00:00,9.18000000,9.50000000,9.16000000,9.30000000,1069335.33000000,1772625599999,2026-03-04 11:59:59,10005249.12240000,25211,550322.08000000,5151098.06230000
1772625600000,2026-03-04 12:00:00,9.30000000,9.73000000,9.24000000,9.72000000,1022704.86000000,1772639999999,2026-03-04 15:59:59,9656836.89160000,27897,484878.13000000,4575469.62700000
1772640000000,2026-03-04 16:00:00,9.71000000,9.78000000,9.51000000,9.67000000,1043461.52000000,1772654399999,2026-03-04 19:59:59,10053569.91900000,25564,488286.96000000,4703009.27980000
1772654400000,2026-03-04 20:00:00,9.66000000,9.68000000,9.43000000,9.50000000,671877.34000000,1772668799999,2026-03-04 23:59:59,6410548.41210000,14156,251856.09000000,2402864.40610000
1772668800000,2026-03-05 00:00:00,9.49000000,9.54000000,9.41000000,9.45000000,349378.68000000,1772683199999,2026-03-05 03:59:59,3307644.37150000,10692,171037.70000000,1619892.29640000
1772683200000,2026-03-05 04:00:00,9.46000000,9.51000000,9.34000000,9.38000000,279370.52000000,1772697599999,2026-03-05 07:59:59,2632260.29440000,8637,152005.45000000,1432063.73240000
1772697600000,2026-03-05 08:00:00,9.39000000,9.58000000,9.36000000,9.46000000,269163.03000000,1772711999999,2026-03-05 11:59:59,2552589.68570000,11142,142480.70000000,1351003.34820000
1772712000000,2026-03-05 12:00:00,9.45000000,9.53000000,9.34000000,9.41000000,449681.89000000,1772726399999,2026-03-05 15:59:59,4243360.19330000,18939,241813.82000000,2280652.80770000
1772726400000,2026-03-05 16:00:00,9.41000000,9.46000000,9.26000000,9.39000000,477150.03000000,1772740799999,2026-03-05 19:59:59,4454995.65620000,19028,218141.55000000,2037171.03020000
1772740800000,2026-03-05 20:00:00,9.39000000,9.51000000,9.37000000,9.39000000,282367.98000000,1772755199999,2026-03-05 23:59:59,2666971.84020000,8248,122446.51000000,1155936.95940000
1772755200000,2026-03-06 00:00:00,9.38000000,9.45000000,9.33000000,9.42000000,200688.79000000,1772769599999,2026-03-06 03:59:59,1886030.74630000,6737,93415.38000000,877835.34660000
1772769600000,2026-03-06 04:00:00,9.42000000,9.46000000,9.31000000,9.46000000,175832.98000000,1772783999999,2026-03-06 07:59:59,1649592.96490000,7010,103757.04000000,973087.23680000
1772784000000,2026-03-06 08:00:00,9.46000000,9.46000000,9.24000000,9.26000000,300995.49000000,1772798399999,2026-03-06 11:59:59,2805261.59050000,10054,150185.18000000,1399218.37500000
1772798400000,2026-03-06 12:00:00,9.25000000,9.26000000,8.92000000,8.98000000,1292738.54000000,1772812799999,2026-03-06 15:59:59,11746390.10830000,38564,627155.55000000,5698765.18400000
1772812800000,2026-03-06 16:00:00,8.97000000,9.01000000,8.88000000,8.96000000,648762.78000000,1772827199999,2026-03-06 19:59:59,5806666.12870000,16968,282686.96000000,2531326.70290000
1772827200000,2026-03-06 20:00:00,8.97000000,9.07000000,8.92000000,9.01000000,435513.27000000,1772841599999,2026-03-06 23:59:59,3921210.87100000,9254,195590.67000000,1761412.05030000
1772841600000,2026-03-07 00:00:00,9.01000000,9.08000000,9.00000000,9.03000000,143806.68000000,1772855999999,2026-03-07 03:59:59,1299374.96400000,4201,80633.29000000,728801.62980000
1772856000000,2026-03-07 04:00:00,9.03000000,9.03000000,8.96000000,9.01000000,212232.92000000,1772870399999,2026-03-07 07:59:59,1910308.26180000,5009,106902.02000000,962312.71810000
1772870400000,2026-03-07 08:00:00,9.01000000,9.06000000,8.98000000,9.02000000,81542.61000000,1772884799999,2026-03-07 11:59:59,735285.37690000,2756,48711.46000000,439106.36840000
1772884800000,2026-03-07 12:00:00,9.01000000,9.03000000,8.94000000,8.97000000,247459.90000000,1772899199999,2026-03-07 15:59:59,2222878.45830000,6188,136475.07000000,1225977.17640000
1772899200000,2026-03-07 16:00:00,8.96000000,9.02000000,8.87000000,8.89000000,269439.20000000,1772913599999,2026-03-07 19:59:59,2408176.11000000,6633,115301.80000000,1030793.22110000
1772913600000,2026-03-07 20:00:00,8.89000000,8.94000000,8.87000000,8.91000000,164447.54000000,1772927999999,2026-03-07 23:59:59,1465291.28260000,4069,87825.43000000,782520.44700000
1772928000000,2026-03-08 00:00:00,8.91000000,8.92000000,8.81000000,8.85000000,247160.74000000,1772942399999,2026-03-08 03:59:59,2191650.18150000,5788,149737.93000000,1328471.96020000
1772942400000,2026-03-08 04:00:00,8.86000000,8.91000000,8.79000000,8.89000000,138323.66000000,1772956799999,2026-03-08 07:59:59,1224313.50760000,4294,72895.82000000,645251.83030000
1772956800000,2026-03-08 08:00:00,8.89000000,9.02000000,8.84000000,8.91000000,196802.87000000,1772971199999,2026-03-08 11:59:59,1755078.64430000,6218,105994.11000000,945288.12040000
1772971200000,2026-03-08 12:00:00,8.92000000,9.02000000,8.84000000,8.88000000,281257.36000000,1772985599999,2026-03-08 15:59:59,2506653.56720000,9609,149562.82000000,1332302.98780000
1772985600000,2026-03-08 16:00:00,8.87000000,8.98000000,8.82000000,8.96000000,173461.86000000,1772999999999,2026-03-08 19:59:59,1540913.36510000,6580,86850.28000000,771145.44390000
1773000000000,2026-03-08 20:00:00,8.96000000,8.99000000,8.69000000,8.82000000,576409.99000000,1773014399999,2026-03-08 23:59:59,5076149.65230000,17743,266168.27000000,2344070.32530000
1773014400000,2026-03-09 00:00:00,8.82000000,9.09000000,8.81000000,8.97000000,369513.85000000,1773028799999,2026-03-09 03:59:59,3307441.57960000,19244,190747.20000000,1707468.35760000
1773028800000,2026-03-09 04:00:00,8.98000000,9.29000000,8.97000000,9.08000000,830949.90000000,1773043199999,2026-03-09 07:59:59,7613935.02940000,28576,423697.95000000,3886240.75120000
1773043200000,2026-03-09 08:00:00,9.08000000,9.18000000,9.02000000,9.09000000,353305.57000000,1773057599999,2026-03-09 11:59:59,3215738.48010000,12133,173260.91000000,1576217.84360000
1773057600000,2026-03-09 12:00:00,9.08000000,9.33000000,9.08000000,9.28000000,615842.79000000,1773071999999,2026-03-09 15:59:59,5691989.46110000,22845,312150.34000000,2883907.13990000
1773072000000,2026-03-09 16:00:00,9.27000000,9.53000000,9.21000000,9.39000000,637956.97000000,1773086399999,2026-03-09 19:59:59,5963205.76200000,23069,320907.49000000,3001482.42680000
1773086400000,2026-03-09 20:00:00,9.39000000,9.43000000,9.23000000,9.26000000,364620.16000000,1773100799999,2026-03-09 23:59:59,3405839.49000000,10471,155071.84000000,1448919.12940000
1773100800000,2026-03-10 00:00:00,9.26000000,9.51000000,9.25000000,9.33000000,365645.58000000,1773115199999,2026-03-10 03:59:59,3428864.57690000,14015,164102.40000000,1538638.14940000
1773115200000,2026-03-10 04:00:00,9.33000000,9.48000000,9.33000000,9.41000000,210454.40000000,1773129599999,2026-03-10 07:59:59,1976017.21270000,7470,98965.64000000,928934.07900000
1773129600000,2026-03-10 08:00:00,9.41000000,9.60000000,9.40000000,9.50000000,358109.29000000,1773143999999,2026-03-10 11:59:59,3406561.96590000,13549,149100.07000000,1418231.49290000
1773144000000,2026-03-10 12:00:00,9.49000000,9.81000000,9.31000000,9.77000000,1030932.53000000,1773158399999,2026-03-10 15:59:59,9930030.01020000,33998,493003.21000000,4749003.17220000
1773158400000,2026-03-10 16:00:00,9.77000000,9.96000000,9.55000000,9.60000000,1168767.48000000,1773172799999,2026-03-10 19:59:59,11471325.55210000,36018,552719.32000000,5424712.63370000
1773172800000,2026-03-10 20:00:00,9.60000000,9.66000000,9.49000000,9.53000000,273022.93000000,1773187199999,2026-03-10 23:59:59,2611335.00930000,8850,145954.71000000,1395254.86470000
1773187200000,2026-03-11 00:00:00,9.53000000,9.60000000,9.48000000,9.54000000,260087.53000000,1773201599999,2026-03-11 03:59:59,2481029.71290000,9159,142605.18000000,1360294.37200000
1773201600000,2026-03-11 04:00:00,9.55000000,9.74000000,9.49000000,9.51000000,276281.69000000,1773215999999,2026-03-11 07:59:59,2650268.08110000,9405,130656.98000000,1252996.16830000
1773216000000,2026-03-11 08:00:00,9.51000000,9.62000000,9.49000000,9.55000000,176297.21000000,1773230399999,2026-03-11 11:59:59,1683381.52610000,7201,91355.00000000,872068.85980000
1773230400000,2026-03-11 12:00:00,9.56000000,9.86000000,9.51000000,9.60000000,539051.01000000,1773244799999,2026-03-11 15:59:59,5212733.65730000,24239,271386.48000000,2623348.90030000
1773244800000,2026-03-11 16:00:00,9.60000000,9.76000000,9.57000000,9.70000000,431770.54000000,1773259199999,2026-03-11 19:59:59,4180663.81620000,16168,248175.34000000,2403812.89090000
1773259200000,2026-03-11 20:00:00,9.70000000,9.71000000,9.53000000,9.55000000,257196.55000000,1773273599999,2026-03-11 23:59:59,2475881.88220000,7476,107300.92000000,1032851.47300000
1773273600000,2026-03-12 00:00:00,9.56000000,9.57000000,9.43000000,9.49000000,262801.71000000,1773287999999,2026-03-12 03:59:59,2498017.58920000,7696,137564.71000000,1307468.31410000
1773288000000,2026-03-12 04:00:00,9.49000000,9.59000000,9.45000000,9.59000000,176773.96000000,1773302399999,2026-03-12 07:59:59,1681736.37750000,4864,91911.36000000,874708.17700000
1773302400000,2026-03-12 08:00:00,9.58000000,9.66000000,9.51000000,9.57000000,255346.09000000,1773316799999,2026-03-12 11:59:59,2449428.45710000,8409,132507.03000000,1270608.65500000
1773316800000,2026-03-12 12:00:00,9.58000000,9.65000000,9.44000000,9.59000000,405864.35000000,1773331199999,2026-03-12 15:59:59,3882712.87360000,16768,211381.72000000,2022135.01010000
1773331200000,2026-03-12 16:00:00,9.59000000,9.62000000,9.52000000,9.61000000,196741.10000000,1773345599999,2026-03-12 19:59:59,1885254.44800000,10166,88534.03000000,848346.35640000
1773345600000,2026-03-12 20:00:00,9.60000000,9.74000000,9.59000000,9.67000000,285521.25000000,1773359999999,2026-03-12 23:59:59,2760219.50850000,8392,142414.38000000,1377961.75540000
1773360000000,2026-03-13 00:00:00,9.67000000,10.01000000,9.65000000,9.95000000,894533.50000000,1773374399999,2026-03-13 03:59:59,8846517.43240000,27062,394683.81000000,3904420.77980000
1773374400000,2026-03-13 04:00:00,9.95000000,10.00000000,9.82000000,9.85000000,302882.43000000,1773388799999,2026-03-13 07:59:59,2999382.81110000,11585,146052.74000000,1446089.73960000
1773388800000,2026-03-13 08:00:00,9.86000000,10.04000000,9.80000000,10.01000000,342633.74000000,1773403199999,2026-03-13 11:59:59,3407263.89650000,11831,157731.92000000,1568962.55080000
1773403200000,2026-03-13 12:00:00,10.01000000,10.29000000,9.87000000,9.89000000,1357899.93000000,1773417599999,2026-03-13 15:59:59,13713717.06550000,34424,734468.06000000,7420623.21080000
1773417600000,2026-03-13 16:00:00,9.89000000,9.93000000,9.73000000,9.77000000,438625.96000000,1773431999999,2026-03-13 19:59:59,4307052.97730000,15638,232847.95000000,2285962.94930000
1773432000000,2026-03-13 20:00:00,9.78000000,9.83000000,9.67000000,9.72000000,270055.70000000,1773446399999,2026-03-13 23:59:59,2630386.86420000,8237,131288.98000000,1278897.80100000
1773446400000,2026-03-14 00:00:00,9.72000000,9.76000000,9.63000000,9.74000000,289401.23000000,1773460799999,2026-03-14 03:59:59,2806012.53660000,8903,124971.51000000,1211585.85810000
1773460800000,2026-03-14 04:00:00,9.74000000,9.78000000,9.58000000,9.59000000,283466.19000000,1773475199999,2026-03-14 07:59:59,2743215.06980000,8075,114984.40000000,1111732.43250000
1773475200000,2026-03-14 08:00:00,9.59000000,9.62000000,9.52000000,9.58000000,281089.69000000,1773489599999,2026-03-14 11:59:59,2687592.01910000,8248,149225.64000000,1427351.54950000
1773489600000,2026-03-14 12:00:00,9.57000000,9.59000000,9.54000000,9.56000000,139282.04000000,1773503999999,2026-03-14 15:59:59,1331887.75920000,4554,81820.93000000,782404.59080000
1773504000000,2026-03-14 16:00:00,9.56000000,9.61000000,9.55000000,9.57000000,74568.69000000,1773518399999,2026-03-14 19:59:59,714117.17200000,3065,41509.57000000,397628.38990000
1773518400000,2026-03-14 20:00:00,9.57000000,9.73000000,9.56000000,9.73000000,167567.04000000,1773532799999,2026-03-14 23:59:59,1615582.91140000,5299,95719.00000000,922979.14820000
1773532800000,2026-03-15 00:00:00,9.73000000,9.81000000,9.65000000,9.71000000,236932.85000000,1773547199999,2026-03-15 03:59:59,2306050.34200000,7820,100197.73000000,975506.95150000
1773547200000,2026-03-15 04:00:00,9.71000000,9.76000000,9.66000000,9.72000000,113449.97000000,1773561599999,2026-03-15 07:59:59,1101770.70320000,4910,52125.10000000,506342.42190000
1773561600000,2026-03-15 08:00:00,9.72000000,9.87000000,9.71000000,9.80000000,199981.83000000,1773575999999,2026-03-15 11:59:59,1960426.80870000,6669,93803.54000000,919490.36260000
1773576000000,2026-03-15 12:00:00,9.80000000,9.88000000,9.70000000,9.71000000,177285.08000000,1773590399999,2026-03-15 15:59:59,1731983.83290000,7921,82831.29000000,809256.64190000
1773590400000,2026-03-15 16:00:00,9.71000000,9.80000000,9.67000000,9.77000000,167939.33000000,1773604799999,2026-03-15 19:59:59,1635242.92340000,7253,82636.89000000,805071.26680000
1773604800000,2026-03-15 20:00:00,9.76000000,10.04000000,9.73000000,9.95000000,529783.75000000,1773619199999,2026-03-15 23:59:59,5251412.54400000,16953,278926.88000000,2764634.13520000
1773619200000,2026-03-16 00:00:00,9.94000000,10.41000000,9.88000000,10.26000000,840839.18000000,1773633599999,2026-03-16 03:59:59,8542872.26070000,29446,394294.39000000,4008779.31430000
1773633600000,2026-03-16 04:00:00,10.27000000,10.52000000,10.26000000,10.37000000,905231.90000000,1773647999999,2026-03-16 07:59:59,9420169.83860000,26697,403068.27000000,4194895.55520000
1773648000000,2026-03-16 08:00:00,10.37000000,10.45000000,10.18000000,10.22000000,487365.28000000,1773662399999,2026-03-16 11:59:59,5014008.92280000,14534,239394.34000000,2461386.53350000
1773662400000,2026-03-16 12:00:00,10.21000000,10.28000000,10.04000000,10.08000000,1088628.53000000,1773676799999,2026-03-16 15:59:59,11074710.84360000,27427,564433.67000000,5746390.15530000
1773676800000,2026-03-16 16:00:00,10.08000000,10.34000000,10.07000000,10.27000000,622984.81000000,1773691199999,2026-03-16 19:59:59,6388593.96600000,19538,373081.25000000,3825926.43400000
1773691200000,2026-03-16 20:00:00,10.28000000,10.51000000,10.26000000,10.49000000,621908.19000000,1773705599999,2026-03-16 23:59:59,6472805.99240000,15213,305131.23000000,3176536.68900000
1773705600000,2026-03-17 00:00:00,10.48000000,10.55000000,10.28000000,10.35000000,828785.96000000,1773719999999,2026-03-17 03:59:59,8668308.17820000,18961,457798.57000000,4789092.57350000
1773720000000,2026-03-17 04:00:00,10.35000000,10.39000000,10.24000000,10.31000000,421487.26000000,1773734399999,2026-03-17 07:59:59,4347640.11090000,10387,208267.70000000,2148163.39580000
1773734400000,2026-03-17 08:00:00,10.32000000,10.36000000,10.23000000,10.26000000,525183.86000000,1773748799999,2026-03-17 11:59:59,5398377.16640000,11089,260632.99000000,2679653.61080000
1773748800000,2026-03-17 12:00:00,10.26000000,10.34000000,10.21000000,10.27000000,641611.64000000,1773763199999,2026-03-17 15:59:59,6581232.41970000,14491,328157.12000000,3365751.35750000
1773763200000,2026-03-17 16:00:00,10.27000000,10.33000000,10.24000000,10.25000000,252758.99000000,1773777599999,2026-03-17 19:59:59,2599592.71840000,7083,121409.21000000,1248823.07590000
1773777600000,2026-03-17 20:00:00,10.25000000,10.34000000,10.18000000,10.20000000,290226.44000000,1773791999999,2026-03-17 23:59:59,2975229.45820000,6471,133652.54000000,1370683.84860000
1773792000000,2026-03-18 00:00:00,10.20000000,10.36000000,10.16000000,10.32000000,337107.18000000,1773806399999,2026-03-18 03:59:59,3450676.34610000,7695,166048.03000000,1700158.83720000
1773806400000,2026-03-18 04:00:00,10.32000000,10.33000000,10.22000000,10.25000000,155808.95000000,1773820799999,2026-03-18 07:59:59,1599561.82850000,5936,75854.32000000,778844.31950000
1773820800000,2026-03-18 08:00:00,10.25000000,10.29000000,9.93000000,9.98000000,510691.81000000,1773835199999,2026-03-18 11:59:59,5162267.18180000,14121,258963.85000000,2617511.02770000
1773835200000,2026-03-18 12:00:00,9.98000000,9.98000000,9.48000000,9.57000000,1274179.12000000,1773849599999,2026-03-18 15:59:59,12398793.66890000,35107,725662.10000000,7065587.71570000
1773849600000,2026-03-18 16:00:00,9.56000000,9.72000000,9.49000000,9.62000000,720188.46000000,1773863999999,2026-03-18 19:59:59,6919429.81620000,18372,372077.24000000,3575357.91610000
1773864000000,2026-03-18 20:00:00,9.62000000,9.74000000,9.54000000,9.69000000,289775.90000000,1773878399999,2026-03-18 23:59:59,2800253.78740000,7819,136004.16000000,1313927.28290000
1773878400000,2026-03-19 00:00:00,9.68000000,9.75000000,9.61000000,9.67000000,222971.83000000,1773892799999,2026-03-19 03:59:59,2155906.51800000,6935,120577.34000000,1165722.48550000
1773892800000,2026-03-19 04:00:00,9.66000000,9.67000000,9.44000000,9.51000000,248431.80000000,1773907199999,2026-03-19 07:59:59,2375502.96040000,8985,125758.23000000,1203472.96490000
1773907200000,2026-03-19 08:00:00,9.52000000,9.62000000,9.48000000,9.54000000,176135.34000000,1773921599999,2026-03-19 11:59:59,1681600.43130000,6940,106598.88000000,1017778.19910000
1773921600000,2026-03-19 12:00:00,9.55000000,9.55000000,9.33000000,9.40000000,356279.95000000,1773935999999,2026-03-19 15:59:59,3357753.94870000,15628,175395.99000000,1653184.23690000
1773936000000,2026-03-19 16:00:00,9.41000000,9.58000000,9.33000000,9.51000000,211891.82000000,1773950399999,2026-03-19 19:59:59,2003030.00800000,9621,114662.04000000,1084136.16030000
1773950400000,2026-03-19 20:00:00,9.51000000,9.55000000,9.42000000,9.48000000,146213.06000000,1773964799999,2026-03-19 23:59:59,1387930.95760000,4587,74709.94000000,709343.59500000
1773964800000,2026-03-20 00:00:00,9.48000000,9.60000000,9.46000000,9.57000000,124167.68000000,1773979199999,2026-03-20 03:59:59,1184328.10260000,5223,69218.48000000,660192.52600000
1773979200000,2026-03-20 04:00:00,9.57000000,9.60000000,9.45000000,9.53000000,115252.34000000,1773993599999,2026-03-20 07:59:59,1099346.12560000,4616,48282.33000000,460718.77840000
1773993600000,2026-03-20 08:00:00,9.53000000,9.61000000,9.49000000,9.52000000,204949.97000000,1774007999999,2026-03-20 11:59:59,1955939.81320000,7760,87934.55000000,839279.45990000
1774008000000,2026-03-20 12:00:00,9.52000000,9.55000000,9.42000000,9.49000000,243699.67000000,1774022399999,2026-03-20 15:59:59,2311029.01830000,11191,108580.61000000,1029632.83060000
1774022400000,2026-03-20 16:00:00,9.49000000,9.54000000,9.41000000,9.53000000,366997.49000000,1774036799999,2026-03-20 19:59:59,3481696.34150000,11726,205994.25000000,1954690.63630000
1774036800000,2026-03-20 20:00:00,9.54000000,9.65000000,9.45000000,9.56000000,314117.50000000,1774051199999,2026-03-20 23:59:59,3004394.75210000,7682,157819.71000000,1509571.52730000
1774051200000,2026-03-21 00:00:00,9.57000000,9.62000000,9.53000000,9.59000000,140945.78000000,1774065599999,2026-03-21 03:59:59,1349579.21420000,5082,67450.80000000,645964.17880000
1774065600000,2026-03-21 04:00:00,9.59000000,9.64000000,9.55000000,9.59000000,118840.87000000,1774079999999,2026-03-21 07:59:59,1140925.42320000,3336,49837.81000000,478351.12380000
1774080000000,2026-03-21 08:00:00,9.59000000,9.60000000,9.49000000,9.51000000,237398.50000000,1774094399999,2026-03-21 11:59:59,2267184.08300000,5649,98126.13000000,937068.10750000
1774094400000,2026-03-21 12:00:00,9.50000000,9.55000000,9.46000000,9.54000000,120689.92000000,1774108799999,2026-03-21 15:59:59,1146898.43830000,3765,59643.60000000,566865.45930000
1774108800000,2026-03-21 16:00:00,9.54000000,9.57000000,9.47000000,9.50000000,103017.27000000,1774123199999,2026-03-21 19:59:59,979393.20720000,3201,51102.46000000,485903.41350000
1774123200000,2026-03-21 20:00:00,9.50000000,9.53000000,9.15000000,9.21000000,322930.62000000,1774137599999,2026-03-21 23:59:59,3012317.95140000,11460,159864.68000000,1490517.27200000
1774137600000,2026-03-22 00:00:00,9.21000000,9.36000000,9.05000000,9.28000000,349358.59000000,1774151999999,2026-03-22 03:59:59,3214082.19630000,16666,187962.41000000,1730699.87240000
1774152000000,2026-03-22 04:00:00,9.28000000,9.32000000,9.19000000,9.19000000,161737.17000000,1774166399999,2026-03-22 07:59:59,1497948.19550000,5747,88710.20000000,821703.70320000
1774166400000,2026-03-22 08:00:00,9.19000000,9.19000000,9.06000000,9.07000000,225423.69000000,1774180799999,2026-03-22 11:59:59,2057459.58640000,7245,120148.46000000,1096672.63950000
1774180800000,2026-03-22 12:00:00,9.06000000,9.14000000,9.06000000,9.10000000,190815.34000000,1774195199999,2026-03-22 15:59:59,1737457.53610000,6042,116036.70000000,1056775.81830000
1774195200000,2026-03-22 16:00:00,9.10000000,9.11000000,8.95000000,8.98000000,263792.34000000,1774209599999,2026-03-22 19:59:59,2383451.72420000,8199,135426.26000000,1224165.12050000
1774209600000,2026-03-22 20:00:00,8.98000000,9.09000000,8.87000000,9.03000000,416910.43000000,1774223999999,2026-03-22 23:59:59,3750766.20600000,11947,201191.49000000,1809415.59370000
1774224000000,2026-03-23 00:00:00,9.03000000,9.19000000,8.99000000,9.10000000,181286.93000000,1774238399999,2026-03-23 03:59:59,1646230.97860000,7797,93491.18000000,848952.33770000
1774238400000,2026-03-23 04:00:00,9.11000000,9.18000000,8.95000000,9.02000000,189837.67000000,1774252799999,2026-03-23 07:59:59,1720820.46960000,7952,90791.60000000,823325.09890000
1774252800000,2026-03-23 08:00:00,9.03000000,9.59000000,8.92000000,9.38000000,1201070.28000000,1774267199999,2026-03-23 11:59:59,11195421.15690000,41703,662622.30000000,6175822.36690000
1774267200000,2026-03-23 12:00:00,9.39000000,9.76000000,9.34000000,9.42000000,887627.85000000,1774281599999,2026-03-23 15:59:59,8480625.71050000,32401,437565.34000000,4182474.30060000
1774281600000,2026-03-23 16:00:00,9.42000000,9.58000000,9.36000000,9.47000000,323017.61000000,1774295999999,2026-03-23 19:59:59,3062054.87030000,13510,161222.03000000,1528653.82520000
1774296000000,2026-03-23 20:00:00,9.46000000,9.58000000,9.44000000,9.56000000,222118.35000000,1774310399999,2026-03-23 23:59:59,2117314.46630000,6580,112486.99000000,1072324.94410000
1774310400000,2026-03-24 00:00:00,9.56000000,9.60000000,9.45000000,9.57000000,267347.77000000,1774324799999,2026-03-24 03:59:59,2548865.32200000,8733,122494.88000000,1167786.72870000
1774324800000,2026-03-24 04:00:00,9.58000000,9.62000000,9.47000000,9.60000000,216320.55000000,1774339199999,2026-03-24 07:59:59,2066121.35280000,9868,109328.75000000,1044264.93300000
1774339200000,2026-03-24 08:00:00,9.61000000,9.64000000,9.51000000,9.55000000,205314.00000000,1774353599999,2026-03-24 11:59:59,1965606.35210000,7255,110225.33000000,1055122.75170000
1774353600000,2026-03-24 12:00:00,9.55000000,9.56000000,9.39000000,9.44000000,357697.90000000,1774367999999,2026-03-24 15:59:59,3387492.03930000,14570,175116.22000000,1657791.72100000
1774368000000,2026-03-24 16:00:00,9.44000000,9.48000000,9.35000000,9.39000000,172298.43000000,1774382399999,2026-03-24 19:59:59,1620437.54810000,7393,85075.92000000,800453.83750000
1774382400000,2026-03-24 20:00:00,9.39000000,9.65000000,9.38000000,9.62000000,351044.58000000,1774396799999,2026-03-24 23:59:59,3355315.45320000,10664,134020.61000000,1281214.74790000
1774396800000,2026-03-25 00:00:00,9.63000000,9.66000000,9.56000000,9.62000000,244503.39000000,1774411199999,2026-03-25 03:59:59,2350687.02850000,6011,101488.82000000,975738.10640000
1774411200000,2026-03-25 04:00:00,9.62000000,9.71000000,9.60000000,9.64000000,301778.91000000,1774425599999,2026-03-25 07:59:59,2913578.82690000,6385,123840.18000000,1195509.22310000
1774425600000,2026-03-25 08:00:00,9.65000000,9.78000000,9.62000000,9.75000000,399275.22000000,1774439999999,2026-03-25 11:59:59,3877598.91270000,8686,188288.98000000,1829337.67210000
1774440000000,2026-03-25 12:00:00,9.75000000,9.80000000,9.59000000,9.67000000,425409.22000000,1774454399999,2026-03-25 15:59:59,4133380.08370000,12404,170727.33000000,1658565.53490000
1774454400000,2026-03-25 16:00:00,9.67000000,9.76000000,9.63000000,9.68000000,298298.30000000,1774468799999,2026-03-25 19:59:59,2890579.76190000,7926,145369.97000000,1408764.57500000
1774468800000,2026-03-25 20:00:00,9.68000000,9.73000000,9.61000000,9.68000000,146243.90000000,1774483199999,2026-03-25 23:59:59,1413381.01840000,4420,65226.24000000,630436.93590000
1774483200000,2026-03-26 00:00:00,9.69000000,9.69000000,9.54000000,9.57000000,152210.78000000,1774497599999,2026-03-26 03:59:59,1465093.10650000,5093,67689.41000000,651555.25340000
1774497600000,2026-03-26 04:00:00,9.57000000,9.57000000,9.41000000,9.44000000,272908.31000000,1774511999999,2026-03-26 07:59:59,2586460.34380000,7430,153130.26000000,1450398.75690000
1774512000000,2026-03-26 08:00:00,9.45000000,9.45000000,9.23000000,9.23000000,426057.50000000,1774526399999,2026-03-26 11:59:59,3968777.46570000,10367,211198.96000000,1968175.56900000
1774526400000,2026-03-26 12:00:00,9.23000000,9.34000000,9.13000000,9.18000000,370618.76000000,1774540799999,2026-03-26 15:59:59,3422371.53670000,11231,189939.45000000,1754035.81920000
1774540800000,2026-03-26 16:00:00,9.19000000,9.21000000,8.99000000,9.02000000,468148.89000000,1774555199999,2026-03-26 19:59:59,4244449.70720000,11055,221930.56000000,2011584.52020000
1774555200000,2026-03-26 20:00:00,9.01000000,9.15000000,9.00000000,9.11000000,373761.33000000,1774569599999,2026-03-26 23:59:59,3401090.86420000,8295,222094.49000000,2020603.44230000
1774569600000,2026-03-27 00:00:00,9.10000000,9.15000000,9.07000000,9.08000000,158354.00000000,1774583999999,2026-03-27 03:59:59,1441461.34190000,3939,83663.28000000,761665.47090000
1774584000000,2026-03-27 04:00:00,9.07000000,9.10000000,9.00000000,9.07000000,197343.69000000,1774598399999,2026-03-27 07:59:59,1787928.69210000,4994,115044.27000000,1042426.03470000
1774598400000,2026-03-27 08:00:00,9.07000000,9.08000000,8.66000000,8.76000000,809870.87000000,1774612799999,2026-03-27 11:59:59,7160565.52590000,18946,410558.28000000,3626791.30080000
1774612800000,2026-03-27 12:00:00,8.76000000,8.89000000,8.73000000,8.80000000,508115.12000000,1774627199999,2026-03-27 15:59:59,4464223.28660000,13835,262829.54000000,2309872.97220000
1774627200000,2026-03-27 16:00:00,8.81000000,8.82000000,8.66000000,8.77000000,296492.54000000,1774641599999,2026-03-27 19:59:59,2593743.18510000,8358,157651.62000000,1379195.67370000
1774641600000,2026-03-27 20:00:00,8.77000000,8.81000000,8.72000000,8.79000000,131014.78000000,1774655999999,2026-03-27 23:59:59,1148522.90490000,3765,72755.68000000,637727.94370000
1774656000000,2026-03-28 00:00:00,8.79000000,8.79000000,8.70000000,8.74000000,139417.37000000,1774670399999,2026-03-28 03:59:59,1220126.47830000,3904,82095.11000000,718555.05650000
1774670400000,2026-03-28 04:00:00,8.74000000,8.83000000,8.71000000,8.83000000,95241.03000000,1774684799999,2026-03-28 07:59:59,835290.08470000,3245,56546.79000000,496061.53900000
1774684800000,2026-03-28 08:00:00,8.84000000,8.85000000,8.77000000,8.82000000,108660.94000000,1774699199999,2026-03-28 11:59:59,957103.61450000,3232,54632.05000000,481300.79140000
1774699200000,2026-03-28 12:00:00,8.82000000,8.99000000,8.77000000,8.94000000,339442.38000000,1774713599999,2026-03-28 15:59:59,3016611.21470000,9454,172964.56000000,1536880.15550000
1774713600000,2026-03-28 16:00:00,8.94000000,8.95000000,8.86000000,8.89000000,110279.69000000,1774727999999,2026-03-28 19:59:59,981575.95220000,4098,47218.78000000,420231.87730000
1774728000000,2026-03-28 20:00:00,8.88000000,8.91000000,8.73000000,8.75000000,156810.79000000,1774742399999,2026-03-28 23:59:59,1382828.66630000,5421,76371.38000000,673672.90070000
1774742400000,2026-03-29 00:00:00,8.76000000,8.82000000,8.73000000,8.80000000,142707.13000000,1774756799999,2026-03-29 03:59:59,1251091.33050000,4270,75927.17000000,665736.88910000
1774756800000,2026-03-29 04:00:00,8.79000000,8.81000000,8.72000000,8.75000000,101906.48000000,1774771199999,2026-03-29 07:59:59,892703.58810000,3215,53551.54000000,469203.69340000
1774771200000,2026-03-29 08:00:00,8.75000000,8.76000000,8.67000000,8.73000000,94536.31000000,1774785599999,2026-03-29 11:59:59,824574.71550000,3605,51335.00000000,447840.99210000
1774785600000,2026-03-29 12:00:00,8.72000000,8.73000000,8.62000000,8.66000000,216006.39000000,1774799999999,2026-03-29 15:59:59,1872769.76130000,6023,128004.54000000,1109937.86190000
1774800000000,2026-03-29 16:00:00,8.66000000,8.68000000,8.57000000,8.61000000,150444.74000000,1774814399999,2026-03-29 19:59:59,1296886.85680000,4553,90736.48000000,782012.82560000
1774814400000,2026-03-29 20:00:00,8.61000000,8.68000000,8.37000000,8.60000000,411124.03000000,1774828799999,2026-03-29 23:59:59,3510554.34930000,14031,204770.36000000,1748183.31860000
1774828800000,2026-03-30 00:00:00,8.60000000,8.86000000,8.56000000,8.81000000,312908.80000000,1774843199999,2026-03-30 03:59:59,2733954.29570000,13978,177850.48000000,1553667.44310000
1774843200000,2026-03-30 04:00:00,8.81000000,8.92000000,8.80000000,8.92000000,183467.23000000,1774857599999,2026-03-30 07:59:59,1624015.12550000,8007,92804.94000000,821861.84820000
1774857600000,2026-03-30 08:00:00,8.92000000,9.08000000,8.89000000,8.99000000,430031.23000000,1774871999999,2026-03-30 11:59:59,3865711.33510000,11940,195145.14000000,1755019.04340000
1774872000000,2026-03-30 12:00:00,8.99000000,9.03000000,8.87000000,8.94000000,258326.03000000,1774886399999,2026-03-30 15:59:59,2314752.95640000,11259,124484.61000000,1115692.24130000
1774886400000,2026-03-30 16:00:00,8.95000000,8.96000000,8.74000000,8.80000000,298087.02000000,1774900799999,2026-03-30 19:59:59,2639193.66090000,10230,129818.86000000,1148335.05660000
1774900800000,2026-03-30 20:00:00,8.80000000,8.88000000,8.76000000,8.81000000,130481.61000000,1774915199999,2026-03-30 23:59:59,1150071.19230000,5903,63988.34000000,563898.17210000
1774915200000,2026-03-31 00:00:00,8.81000000,9.07000000,8.79000000,8.97000000,220616.23000000,1774929599999,2026-03-31 03:59:59,1974392.35240000,10095,120436.57000000,1077526.14810000
1774929600000,2026-03-31 04:00:00,8.98000000,9.00000000,8.88000000,8.92000000,109997.78000000,1774943999999,2026-03-31 07:59:59,982865.54400000,5312,46117.02000000,412111.33400000
1774944000000,2026-03-31 08:00:00,8.92000000,8.92000000,8.69000000,8.77000000,259982.48000000,1774958399999,2026-03-31 11:59:59,2280960.05200000,10191,123897.08000000,1086570.90810000
1774958400000,2026-03-31 12:00:00,8.77000000,8.96000000,8.74000000,8.74000000,370883.58000000,1774972799999,2026-03-31 15:59:59,3271391.60140000,13406,203899.58000000,1799138.77600000
1774972800000,2026-03-31 16:00:00,8.75000000,8.96000000,8.72000000,8.91000000,368726.03000000,1774987199999,2026-03-31 19:59:59,3267196.54550000,14578,202076.07000000,1790307.25050000
1774987200000,2026-03-31 20:00:00,8.90000000,8.96000000,8.85000000,8.91000000,306731.42000000,1775001599999,2026-03-31 23:59:59,2732244.79120000,6747,158656.23000000,1413314.91730000
1775001600000,2026-04-01 00:00:00,8.91000000,8.99000000,8.87000000,8.96000000,175486.34000000,1775015999999,2026-04-01 03:59:59,1567298.55160000,6541,86184.82000000,769911.13710000
1775016000000,2026-04-01 04:00:00,8.96000000,9.48000000,8.95000000,9.34000000,1414735.22000000,1775030399999,2026-04-01 07:59:59,13150212.03240000,25294,719003.06000000,6679833.10790000
1775030400000,2026-04-01 08:00:00,9.34000000,9.36000000,9.15000000,9.21000000,353903.02000000,1775044799999,2026-04-01 11:59:59,3267180.82220000,8619,179445.81000000,1655369.53140000
1775044800000,2026-04-01 12:00:00,9.20000000,9.31000000,9.14000000,9.22000000,465770.03000000,1775059199999,2026-04-01 15:59:59,4293670.83970000,14146,250493.53000000,2309065.92910000
1775059200000,2026-04-01 16:00:00,9.22000000,9.31000000,9.12000000,9.16000000,268581.08000000,1775073599999,2026-04-01 19:59:59,2474384.72270000,9176,134316.52000000,1236960.29720000
1775073600000,2026-04-01 20:00:00,9.17000000,9.21000000,9.09000000,9.13000000,218345.78000000,1775087999999,2026-04-01 23:59:59,1996865.84060000,6666,132542.23000000,1212511.50350000
1775088000000,2026-04-02 00:00:00,9.13000000,9.19000000,8.73000000,8.78000000,815152.59000000,1775102399999,2026-04-02 03:59:59,7278384.96000000,24424,435541.34000000,3889551.72630000
1775102400000,2026-04-02 04:00:00,8.77000000,8.79000000,8.66000000,8.75000000,487526.30000000,1775116799999,2026-04-02 07:59:59,4243107.10300000,11588,273548.11000000,2381400.46220000
1775116800000,2026-04-02 08:00:00,8.74000000,8.74000000,8.63000000,8.69000000,280003.77000000,1775131199999,2026-04-02 11:59:59,2429059.50350000,7533,143542.46000000,1245300.37070000
1775131200000,2026-04-02 12:00:00,8.68000000,8.85000000,8.62000000,8.73000000,514744.75000000,1775145599999,2026-04-02 15:59:59,4486122.85530000,17215,267768.74000000,2334842.07110000
1775145600000,2026-04-02 16:00:00,8.74000000,8.79000000,8.64000000,8.71000000,313364.88000000,1775159999999,2026-04-02 19:59:59,2728236.55340000,9460,182237.98000000,1586886.20200000
1775160000000,2026-04-02 20:00:00,8.70000000,8.77000000,8.67000000,8.75000000,201192.92000000,1775174399999,2026-04-02 23:59:59,1755190.01050000,5289,103684.20000000,904435.46710000
1775174400000,2026-04-03 00:00:00,8.75000000,8.82000000,8.73000000,8.81000000,182514.28000000,1775188799999,2026-04-03 03:59:59,1601197.34580000,5624,97112.07000000,851972.97700000
1775188800000,2026-04-03 04:00:00,8.81000000,8.95000000,8.77000000,8.90000000,287451.42000000,1775203199999,2026-04-03 07:59:59,2551707.80400000,8443,101033.72000000,897071.25280000
1775203200000,2026-04-03 08:00:00,8.90000000,8.97000000,8.88000000,8.96000000,151930.94000000,1775217599999,2026-04-03 11:59:59,1356088.94060000,5132,67824.48000000,605365.42230000
1775217600000,2026-04-03 12:00:00,8.96000000,9.07000000,8.93000000,9.01000000,400006.12000000,1775231999999,2026-04-03 15:59:59,3599924.38060000,11088,175139.29000000,1577374.90260000
1775232000000,2026-04-03 16:00:00,9.01000000,9.15000000,8.93000000,8.96000000,364487.15000000,1775246399999,2026-04-03 19:59:59,3298477.97330000,9993,161922.69000000,1465731.38640000
1775246400000,2026-04-03 20:00:00,8.96000000,8.99000000,8.87000000,8.91000000,153311.00000000,1775260799999,2026-04-03 23:59:59,1368935.91840000,4055,79547.65000000,710308.43480000
1775260800000,2026-04-04 00:00:00,8.91000000,8.92000000,8.85000000,8.90000000,73967.31000000,1775275199999,2026-04-04 03:59:59,657553.29450000,3017,44917.43000000,399345.85460000
1775275200000,2026-04-04 04:00:00,8.90000000,8.92000000,8.85000000,8.87000000,65163.05000000,1775289599999,2026-04-04 07:59:59,579077.24610000,2318,37280.54000000,331309.52440000
1775289600000,2026-04-04 08:00:00,8.88000000,8.91000000,8.84000000,8.89000000,74634.64000000,1775303999999,2026-04-04 11:59:59,662343.80730000,2762,40883.26000000,362909.94670000
1775304000000,2026-04-04 12:00:00,8.89000000,8.97000000,8.83000000,8.95000000,148991.15000000,1775318399999,2026-04-04 15:59:59,1327454.06380000,4625,85806.46000000,764695.77410000
1775318400000,2026-04-04 16:00:00,8.95000000,9.11000000,8.92000000,9.02000000,233010.91000000,1775332799999,2026-04-04 19:59:59,2099128.03750000,7314,98579.93000000,887970.37530000
1775332800000,2026-04-04 20:00:00,9.02000000,9.04000000,8.96000000,8.99000000,123287.64000000,1775347199999,2026-04-04 23:59:59,1109627.76210000,3488,56157.31000000,505588.26760000
1775347200000,2026-04-05 00:00:00,8.99000000,9.03000000,8.94000000,8.95000000,103428.93000000,1775361599999,2026-04-05 03:59:59,928733.54600000,3470,40608.90000000,364805.52710000
1775361600000,2026-04-05 04:00:00,8.95000000,8.96000000,8.78000000,8.80000000,123161.62000000,1775375999999,2026-04-05 07:59:59,1089493.19860000,4624,60215.40000000,532524.67190000
1775376000000,2026-04-05 08:00:00,8.80000000,8.86000000,8.79000000,8.82000000,86323.56000000,1775390399999,2026-04-05 11:59:59,761105.27890000,2909,49916.21000000,440249.56740000
1775390400000,2026-04-05 12:00:00,8.82000000,8.95000000,8.74000000,8.87000000,194121.44000000,1775404799999,2026-04-05 15:59:59,1716558.78180000,7157,113222.86000000,1001941.37690000
1775404800000,2026-04-05 16:00:00,8.88000000,8.89000000,8.81000000,8.85000000,109088.22000000,1775419199999,2026-04-05 19:59:59,965833.88020000,3964,65447.18000000,579482.72960000
1775419200000,2026-04-05 20:00:00,8.85000000,9.09000000,8.81000000,9.06000000,241752.24000000,1775433599999,2026-04-05 23:59:59,2163682.87410000,10217,115473.71000000,1034054.18270000
1775433600000,2026-04-06 00:00:00,9.07000000,9.66000000,9.07000000,9.45000000,1631821.22000000,1775447999999,2026-04-06 03:59:59,15430527.87290000,49960,768701.69000000,7264892.87940000
1775448000000,2026-04-06 04:00:00,9.45000000,9.54000000,9.37000000,9.39000000,490773.03000000,1775462399999,2026-04-06 07:59:59,4639195.94180000,14984,206223.27000000,1949466.73080000
1775462400000,2026-04-06 08:00:00,9.39000000,9.51000000,9.38000000,9.44000000,296235.21000000,1775476799999,2026-04-06 11:59:59,2797649.49870000,9279,142958.93000000,1350460.33010000
1775476800000,2026-04-06 12:00:00,9.45000000,9.46000000,9.33000000,9.39000000,288616.19000000,1775491199999,2026-04-06 15:59:59,2705516.04420000,9248,147592.64000000,1383412.88500000
1775491200000,2026-04-06 16:00:00,9.38000000,9.40000000,9.27000000,9.32000000,248263.88000000,1775505599999,2026-04-06 19:59:59,2315850.00170000,6414,152648.37000000,1423960.13890000
1775505600000,2026-04-06 20:00:00,9.32000000,9.36000000,8.81000000,8.91000000,888120.44000000,1775519999999,2026-04-06 23:59:59,7999602.64230000,24601,461988.95000000,4166555.81460000
1775520000000,2026-04-07 00:00:00,8.90000000,8.93000000,8.63000000,8.69000000,1178503.58000000,1775534399999,2026-04-07 03:59:59,10292481.95980000,28656,716751.54000000,6259406.93180000
1775534400000,2026-04-07 04:00:00,8.68000000,8.73000000,8.46000000,8.65000000,1608365.47000000,1775548799999,2026-04-07 07:59:59,13828356.24970000,27488,854064.93000000,7342370.39710000
1775548800000,2026-04-07 08:00:00,8.65000000,8.73000000,8.58000000,8.62000000,721608.06000000,1775563199999,2026-04-07 11:59:59,6247756.90620000,14474,398147.03000000,3448058.03130000
1775563200000,2026-04-07 12:00:00,8.61000000,8.69000000,8.52000000,8.59000000,799392.33000000,1775577599999,2026-04-07 15:59:59,6879605.38300000,17450,447090.74000000,3848573.72410000
1775577600000,2026-04-07 16:00:00,8.59000000,8.81000000,8.56000000,8.79000000,682295.89000000,1775591999999,2026-04-07 19:59:59,5911114.27050000,14123,386316.86000000,3346392.24380000
1775592000000,2026-04-07 20:00:00,8.80000000,9.62000000,8.74000000,9.43000000,1892303.88000000,1775606399999,2026-04-07 23:59:59,17412349.87700000,75351,981043.19000000,9024762.75720000
1775606400000,2026-04-08 00:00:00,9.43000000,9.52000000,9.32000000,9.44000000,720446.45000000,1775620799999,2026-04-08 03:59:59,6790282.05520000,37603,342980.90000000,3233821.90120000
1775620800000,2026-04-08 04:00:00,9.43000000,9.56000000,9.37000000,9.39000000,756279.55000000,1775635199999,2026-04-08 07:59:59,7156364.60460000,25146,383434.34000000,3629428.12990000
1775635200000,2026-04-08 08:00:00,9.40000000,9.41000000,9.28000000,9.30000000,360795.11000000,1775649599999,2026-04-08 11:59:59,3375406.38570000,9106,164487.51000000,1539304.85400000
1775649600000,2026-04-08 12:00:00,9.30000000,9.44000000,9.14000000,9.22000000,744451.88000000,1775663999999,2026-04-08 15:59:59,6911956.97120000,18112,354375.86000000,3289824.95740000
1775664000000,2026-04-08 16:00:00,9.21000000,9.29000000,9.12000000,9.19000000,319119.38000000,1775678399999,2026-04-08 19:59:59,2938738.00870000,9056,165428.04000000,1524246.85000000
1775678400000,2026-04-08 20:00:00,9.19000000,9.22000000,9.04000000,9.05000000,385201.30000000,1775692799999,2026-04-08 23:59:59,3516454.63970000,9141,181736.85000000,1658635.61080000
1775692800000,2026-04-09 00:00:00,9.05000000,9.06000000,8.92000000,9.03000000,413744.66000000,1775707199999,2026-04-09 03:59:59,3720415.12500000,13734,241528.29000000,2171391.59170000
1775707200000,2026-04-09 04:00:00,9.02000000,9.09000000,9.00000000,9.08000000,117495.47000000,1775721599999,2026-04-09 07:59:59,1063004.14020000,4530,54701.89000000,494888.38160000
1775721600000,2026-04-09 08:00:00,9.08000000,9.17000000,9.04000000,9.08000000,289502.48000000,1775735999999,2026-04-09 11:59:59,2637170.28470000,9349,126424.62000000,1151617.96340000
1775736000000,2026-04-09 12:00:00,9.09000000,9.37000000,9.06000000,9.34000000,472121.93000000,1775750399999,2026-04-09 15:59:59,4338055.92510000,17672,233656.96000000,2146774.54600000
1775750400000,2026-04-09 16:00:00,9.34000000,9.39000000,9.24000000,9.31000000,563440.52000000,1775764799999,2026-04-09 19:59:59,5248470.43740000,19461,264808.63000000,2466683.79240000
1775764800000,2026-04-09 20:00:00,9.31000000,9.70000000,9.28000000,9.37000000,1064413.14000000,1775779199999,2026-04-09 23:59:59,10082939.09130000,24778,530686.20000000,5025344.59300000
1775779200000,2026-04-10 00:00:00,9.37000000,9.42000000,9.27000000,9.31000000,333980.39000000,1775793599999,2026-04-10 03:59:59,3119627.39370000,9810,170205.63000000,1589924.37670000
1775793600000,2026-04-10 04:00:00,9.31000000,9.42000000,9.27000000,9.28000000,321270.11000000,1775807999999,2026-04-10 07:59:59,3000108.23230000,9525,169267.25000000,1579807.76850000
1775808000000,2026-04-10 08:00:00,9.28000000,9.34000000,9.25000000,9.30000000,249269.81000000,1775822399999,2026-04-10 11:59:59,2316485.25280000,6905,140318.43000000,1304122.33890000
1775822400000,2026-04-10 12:00:00,9.31000000,9.51000000,9.30000000,9.42000000,446743.14000000,1775836799999,2026-04-10 15:59:59,4199001.75800000,14123,242438.84000000,2278314.48430000
1775836800000,2026-04-10 16:00:00,9.42000000,9.56000000,9.35000000,9.53000000,378626.86000000,1775851199999,2026-04-10 19:59:59,3583417.55470000,10198,200106.41000000,1893386.84040000
1775851200000,2026-04-10 20:00:00,9.53000000,9.56000000,9.38000000,9.39000000,267911.78000000,1775865599999,2026-04-10 23:59:59,2533162.41530000,6905,119892.43000000,1133354.77450000
1775865600000,2026-04-11 00:00:00,9.39000000,9.40000000,9.31000000,9.33000000,250533.95000000,1775879999999,2026-04-11 03:59:59,2342756.72400000,5049,108745.84000000,1016967.20630000
1775880000000,2026-04-11 04:00:00,9.32000000,9.35000000,9.23000000,9.28000000,193060.85000000,1775894399999,2026-04-11 07:59:59,1792498.41190000,5399,108330.46000000,1005909.18090000
1775894400000,2026-04-11 08:00:00,9.29000000,9.32000000,9.25000000,9.28000000,157725.75000000,1775908799999,2026-04-11 11:59:59,1463948.33900000,4731,85404.94000000,792773.42180000
1775908800000,2026-04-11 12:00:00,9.28000000,9.34000000,9.19000000,9.34000000,199810.72000000,1775923199999,2026-04-11 15:59:59,1851414.17360000,5581,111768.90000000,1036001.54850000
1775923200000,2026-04-11 16:00:00,9.33000000,9.61000000,9.33000000,9.58000000,452810.06000000,1775937599999,2026-04-11 19:59:59,4287060.25740000,12619,233247.15000000,2206492.48250000
1775937600000,2026-04-11 20:00:00,9.58000000,9.61000000,9.33000000,9.38000000,385310.39000000,1775951999999,2026-04-11 23:59:59,3647293.82400000,9728,165381.15000000,1564448.73010000
1775952000000,2026-04-12 00:00:00,9.37000000,9.39000000,9.03000000,9.09000000,700182.39000000,1775966399999,2026-04-12 03:59:59,6405404.63660000,20017,379535.58000000,3471969.77710000
1775966400000,2026-04-12 04:00:00,9.08000000,9.10000000,9.00000000,9.02000000,343283.86000000,1775980799999,2026-04-12 07:59:59,3109668.54780000,7552,184092.19000000,1668470.19700000
1775980800000,2026-04-12 08:00:00,9.02000000,9.05000000,8.98000000,9.03000000,235652.40000000,1775995199999,2026-04-12 11:59:59,2126626.31270000,5329,133156.25000000,1202155.95630000
1775995200000,2026-04-12 12:00:00,9.03000000,9.06000000,8.92000000,8.96000000,344430.67000000,1776009599999,2026-04-12 15:59:59,3100031.39880000,8591,177889.95000000,1601234.74670000
1776009600000,2026-04-12 16:00:00,8.96000000,9.17000000,8.95000000,9.08000000,294484.16000000,1776023999999,2026-04-12 19:59:59,2671321.71920000,6422,157218.25000000,1425723.27120000
1776024000000,2026-04-12 20:00:00,9.09000000,9.17000000,9.01000000,9.03000000,323033.74000000,1776038399999,2026-04-12 23:59:59,2933745.79510000,8443,157152.06000000,1427368.16070000
1776038400000,2026-04-13 00:00:00,9.04000000,9.17000000,9.02000000,9.07000000,250185.98000000,1776052799999,2026-04-13 03:59:59,2274082.24830000,5939,121325.92000000,1102833.76020000
1776052800000,2026-04-13 04:00:00,9.07000000,9.20000000,9.01000000,9.06000000,291813.04000000,1776067199999,2026-04-13 07:59:59,2657551.35090000,7052,159940.90000000,1456706.73820000
1776067200000,2026-04-13 08:00:00,9.06000000,9.09000000,8.97000000,9.07000000,332606.55000000,1776081599999,2026-04-13 11:59:59,3005319.14770000,7223,154654.97000000,1397019.96030000
1776081600000,2026-04-13 12:00:00,9.06000000,9.33000000,9.03000000,9.21000000,786335.12000000,1776095999999,2026-04-13 15:59:59,7237922.75510000,18090,388573.53000000,3577630.60300000
1776096000000,2026-04-13 16:00:00,9.21000000,9.42000000,9.15000000,9.40000000,613361.25000000,1776110399999,2026-04-13 19:59:59,5698234.64220000,18456,300754.17000000,2793151.96710000
1776110400000,2026-04-13 20:00:00,9.41000000,9.71000000,9.25000000,9.66000000,1144922.26000000,1776124799999,2026-04-13 23:59:59,10909263.03180000,30468,530468.32000000,5056546.29800000
1776124800000,2026-04-14 00:00:00,9.66000000,9.71000000,9.43000000,9.46000000,518676.07000000,1776139199999,2026-04-14 03:59:59,4939992.34060000,10732,233278.38000000,2219484.64190000
1776139200000,2026-04-14 04:00:00,9.45000000,9.47000000,9.37000000,9.42000000,344368.96000000,1776153599999,2026-04-14 07:59:59,3244668.38630000,7166,185461.12000000,1747544.16490000
1776153600000,2026-04-14 08:00:00,9.42000000,9.46000000,9.38000000,9.39000000,332601.21000000,1776167999999,2026-04-14 11:59:59,3131192.47820000,6757,190225.72000000,1791104.51740000
1776168000000,2026-04-14 12:00:00,9.39000000,9.54000000,9.28000000,9.42000000,767516.98000000,1776182399999,2026-04-14 15:59:59,7224806.35500000,18112,446384.88000000,4202151.73850000
1776182400000,2026-04-14 16:00:00,9.42000000,9.49000000,9.21000000,9.35000000,647498.07000000,1776196799999,2026-04-14 19:59:59,6056470.16100000,15148,317553.74000000,2967458.31040000
1776196800000,2026-04-14 20:00:00,9.36000000,9.39000000,9.27000000,9.31000000,665379.69000000,1776211199999,2026-04-14 23:59:59,6221978.34190000,14727,382670.72000000,3578305.43250000
1776211200000,2026-04-15 00:00:00,9.30000000,9.39000000,9.28000000,9.35000000,268306.20000000,1776225599999,2026-04-15 03:59:59,2505556.01040000,6066,132337.02000000,1235898.75190000
1776225600000,2026-04-15 04:00:00,9.35000000,9.45000000,9.26000000,9.27000000,468143.65000000,1776239999999,2026-04-15 07:59:59,4380433.94850000,9376,233045.54000000,2180482.47020000
1776240000000,2026-04-15 08:00:00,9.27000000,9.46000000,9.26000000,9.43000000,308514.05000000,1776254399999,2026-04-15 11:59:59,2890338.68280000,8416,164828.97000000,1544806.04780000
1776254400000,2026-04-15 12:00:00,9.42000000,9.47000000,9.33000000,9.37000000,389826.17000000,1776268799999,2026-04-15 15:59:59,3666027.06520000,12202,179807.31000000,1690987.24420000
1776268800000,2026-04-15 16:00:00,9.36000000,9.57000000,9.36000000,9.53000000,424386.39000000,1776283199999,2026-04-15 19:59:59,4021464.21860000,11410,221924.29000000,2103414.98460000
1776283200000,2026-04-15 20:00:00,9.53000000,9.56000000,9.39000000,9.43000000,321269.91000000,1776297599999,2026-04-15 23:59:59,3045049.87830000,8551,138511.42000000,1312505.34990000
1776297600000,2026-04-16 00:00:00,9.44000000,9.51000000,9.35000000,9.49000000,391935.22000000,1776311999999,2026-04-16 03:59:59,3694444.06130000,8992,180515.44000000,1701803.51720000
1776312000000,2026-04-16 04:00:00,9.49000000,9.62000000,9.46000000,9.51000000,427036.45000000,1776326399999,2026-04-16 07:59:59,4071855.96210000,11378,187728.13000000,1789906.50560000
1776326400000,2026-04-16 08:00:00,9.51000000,9.52000000,9.35000000,9.46000000,335396.37000000,1776340799999,2026-04-16 11:59:59,3164543.09790000,8538,174168.51000000,1642814.28430000
1776340800000,2026-04-16 12:00:00,9.47000000,9.62000000,9.26000000,9.58000000,1006594.01000000,1776355199999,2026-04-16 15:59:59,9531652.70280000,26395,430587.95000000,4077058.98540000
1776355200000,2026-04-16 16:00:00,9.59000000,9.87000000,9.41000000,9.86000000,1254077.65000000,1776369599999,2026-04-16 19:59:59,12106117.77690000,34139,663308.90000000,6406918.26220000
1776369600000,2026-04-16 20:00:00,9.85000000,9.89000000,9.65000000,9.73000000,496573.20000000,1776383999999,2026-04-16 23:59:59,4835133.69910000,13553,250153.32000000,2436210.83190000
1776384000000,2026-04-17 00:00:00,9.72000000,9.75000000,9.54000000,9.55000000,367478.56000000,1776398399999,2026-04-17 03:59:59,3540778.85340000,9672,178614.02000000,1721002.36140000
1776398400000,2026-04-17 04:00:00,9.55000000,9.63000000,9.45000000,9.62000000,346042.75000000,1776412799999,2026-04-17 07:59:59,3297964.88570000,9416,191943.09000000,1829036.99020000
1776412800000,2026-04-17 08:00:00,9.63000000,9.74000000,9.50000000,9.65000000,491752.14000000,1776427199999,2026-04-17 11:59:59,4736972.00960000,14072,258579.94000000,2491956.10450000
1776427200000,2026-04-17 12:00:00,9.66000000,10.01000000,9.61000000,9.82000000,1133632.78000000,1776441599999,2026-04-17 15:59:59,11162474.40370000,30230,522870.19000000,5150026.78690000
1776441600000,2026-04-17 16:00:00,9.81000000,9.95000000,9.74000000,9.79000000,614139.08000000,1776455999999,2026-04-17 19:59:59,6040483.93240000,15043,308502.89000000,3033836.92940000
1776456000000,2026-04-17 20:00:00,9.79000000,9.85000000,9.69000000,9.72000000,284445.79000000,1776470399999,2026-04-17 23:59:59,2780608.00080000,7454,156506.64000000,1529981.07010000
1776470400000,2026-04-18 00:00:00,9.72000000,9.79000000,9.63000000,9.64000000,221051.26000000,1776484799999,2026-04-18 03:59:59,2146119.85640000,7226,112234.55000000,1090144.84200000
1776484800000,2026-04-18 04:00:00,9.65000000,9.74000000,9.62000000,9.70000000,257884.09000000,1776499199999,2026-04-18 07:59:59,2496629.68710000,6079,146419.31000000,1417338.05240000
1776499200000,2026-04-18 08:00:00,9.70000000,9.71000000,9.35000000,9.40000000,599938.24000000,1776513599999,2026-04-18 11:59:59,5693783.77470000,18181,297937.58000000,2827510.97520000
1776513600000,2026-04-18 12:00:00,9.39000000,9.45000000,9.33000000,9.40000000,324438.68000000,1776527999999,2026-04-18 15:59:59,3050807.68050000,8115,190512.92000000,1791927.51890000
1776528000000,2026-04-18 16:00:00,9.41000000,9.44000000,9.30000000,9.38000000,355516.75000000,1776542399999,2026-04-18 19:59:59,3332183.69460000,9289,210395.87000000,1972116.06570000
1776542400000,2026-04-18 20:00:00,9.38000000,9.42000000,9.32000000,9.33000000,226597.99000000,1776556799999,2026-04-18 23:59:59,2124563.57570000,4318,119634.09000000,1121750.75080000
1776556800000,2026-04-19 00:00:00,9.33000000,9.34000000,9.21000000,9.30000000,370155.38000000,1776571199999,2026-04-19 03:59:59,3433860.29390000,7619,202145.37000000,1875364.09320000
1776571200000,2026-04-19 04:00:00,9.29000000,9.33000000,9.13000000,9.22000000,409467.66000000,1776585599999,2026-04-19 07:59:59,3777461.06120000,7924,227676.34000000,2099609.08800000
1776585600000,2026-04-19 08:00:00,9.21000000,9.28000000,9.15000000,9.25000000,312096.34000000,1776599999999,2026-04-19 11:59:59,2873299.05340000,6319,170801.75000000,1572391.44270000
1776600000000,2026-04-19 12:00:00,9.25000000,9.36000000,9.20000000,9.28000000,409424.84000000,1776614399999,2026-04-19 15:59:59,3802170.60410000,9825,201696.04000000,1873225.36280000
1776614400000,2026-04-19 16:00:00,9.29000000,9.29000000,9.13000000,9.20000000,475932.32000000,1776628799999,2026-04-19 19:59:59,4379643.67890000,10099,244663.84000000,2251619.19550000
1776628800000,2026-04-19 20:00:00,9.19000000,9.20000000,8.96000000,9.00000000,804856.23000000,1776643199999,2026-04-19 23:59:59,7281805.12080000,14205,406387.85000000,3676039.26890000
1776643200000,2026-04-20 00:00:00,9.00000000,9.17000000,8.98000000,9.15000000,432640.99000000,1776657599999,2026-04-20 03:59:59,3930328.95490000,6427,224691.48000000,2041358.13140000
1776657600000,2026-04-20 04:00:00,9.16000000,9.33000000,9.05000000,9.22000000,503836.21000000,1776671999999,2026-04-20 07:59:59,4621465.78950000,8312,275201.39000000,2524620.02490000
1776672000000,2026-04-20 08:00:00,9.23000000,9.28000000,9.16000000,9.22000000,549074.85000000,1776686399999,2026-04-20 11:59:59,5058068.98560000,7140,266445.55000000,2454513.90280000
1776686400000,2026-04-20 12:00:00,9.22000000,9.30000000,9.15000000,9.23000000,871272.06000000,1776700799999,2026-04-20 15:59:59,8037103.88270000,15769,433015.97000000,3996152.32810000
1776700800000,2026-04-20 16:00:00,9.23000000,9.36000000,9.16000000,9.31000000,489265.34000000,1776715199999,2026-04-20 19:59:59,4537238.30150000,8505,227130.18000000,2106862.36530000
1776715200000,2026-04-20 20:00:00,9.32000000,9.44000000,9.26000000,9.27000000,494824.39000000,1776729599999,2026-04-20 23:59:59,4633718.39500000,8758,221459.39000000,2073940.99570000
1776729600000,2026-04-21 00:00:00,9.27000000,9.37000000,9.25000000,9.29000000,245479.09000000,1776743999999,2026-04-21 03:59:59,2283591.64420000,4987,109499.34000000,1018657.25570000
1776744000000,2026-04-21 04:00:00,9.28000000,9.38000000,9.26000000,9.34000000,308898.57000000,1776758399999,2026-04-21 07:59:59,2884290.78790000,6024,154816.35000000,1445737.08440000
1776758400000,2026-04-21 08:00:00,9.34000000,9.53000000,9.33000000,9.44000000,500829.88000000,1776772799999,2026-04-21 11:59:59,4717233.48290000,9986,246359.62000000,2321334.80260000
1776772800000,2026-04-21 12:00:00,9.44000000,9.47000000,9.32000000,9.39000000,602384.68000000,1776787199999,2026-04-21 15:59:59,5652612.89030000,14111,286923.23000000,2692314.50300000
1776787200000,2026-04-21 16:00:00,9.39000000,9.44000000,9.17000000,9.20000000,539748.05000000,1776801599999,2026-04-21 19:59:59,5020307.83480000,15066,237024.23000000,2205555.02650000
1776801600000,2026-04-21 20:00:00,9.21000000,9.40000000,9.20000000,9.39000000,328827.58000000,1776815999999,2026-04-21 23:59:59,3060021.33500000,8090,182387.33000000,1696439.07600000
1776816000000,2026-04-22 00:00:00,9.40000000,9.61000000,9.36000000,9.56000000,663438.17000000,1776830399999,2026-04-22 03:59:59,6298172.85970000,15339,403568.24000000,3830838.45400000
1776830400000,2026-04-22 04:00:00,9.57000000,9.68000000,9.53000000,9.57000000,547261.25000000,1776844799999,2026-04-22 07:59:59,5255507.55260000,10158,264156.65000000,2537504.62560000
1776844800000,2026-04-22 08:00:00,9.58000000,9.64000000,9.53000000,9.58000000,467621.74000000,1776859199999,2026-04-22 11:59:59,4485384.21760000,7733,213313.63000000,2047050.25570000
1776859200000,2026-04-22 12:00:00,9.57000000,9.60000000,9.49000000,9.54000000,406560.64000000,1776873599999,2026-04-22 15:59:59,3884153.22030000,9191,201111.58000000,1921556.24220000
1776873600000,2026-04-22 16:00:00,9.55000000,9.58000000,9.43000000,9.48000000,249218.82000000,1776887999999,2026-04-22 19:59:59,2369734.57440000,5833,98404.20000000,936455.57740000
1776888000000,2026-04-22 20:00:00,9.48000000,9.49000000,9.33000000,9.33000000,298601.21000000,1776902399999,2026-04-22 23:59:59,2815508.85230000,5450,133459.84000000,1259377.30620000
1776902400000,2026-04-23 00:00:00,9.33000000,9.36000000,9.21000000,9.27000000,585427.00000000,1776916799999,2026-04-23 03:59:59,5441847.96540000,11912,265620.30000000,2469754.57680000
1776916800000,2026-04-23 04:00:00,9.27000000,9.35000000,9.25000000,9.28000000,452555.90000000,1776931199999,2026-04-23 07:59:59,4209375.98730000,7065,226397.18000000,2106906.77370000
1776931200000,2026-04-23 08:00:00,9.29000000,9.30000000,9.19000000,9.27000000,285609.05000000,1776945599999,2026-04-23 11:59:59,2641698.52250000,6700,147202.96000000,1362116.17590000
1776945600000,2026-04-23 12:00:00,9.28000000,9.45000000,9.24000000,9.40000000,374832.24000000,1776959999999,2026-04-23 15:59:59,3499064.06910000,8693,194152.41000000,1813106.98360000
1776960000000,2026-04-23 16:00:00,9.40000000,9.41000000,9.16000000,9.28000000,527311.06000000,1776974399999,2026-04-23 19:59:59,4891924.57610000,13687,244946.19000000,2272025.38420000
1776974400000,2026-04-23 20:00:00,9.27000000,9.41000000,9.27000000,9.38000000,216182.98000000,1776988799999,2026-04-23 23:59:59,2019728.96180000,4166,114146.97000000,1066343.96150000
1776988800000,2026-04-24 00:00:00,9.39000000,9.44000000,9.28000000,9.33000000,213378.12000000,1777003199999,2026-04-24 03:59:59,2002759.10830000,4698,103973.74000000,976146.08950000
1777003200000,2026-04-24 04:00:00,9.33000000,9.41000000,9.30000000,9.37000000,205156.89000000,1777017599999,2026-04-24 07:59:59,1918979.22270000,4350,88373.30000000,826707.93820000
1777017600000,2026-04-24 08:00:00,9.37000000,9.47000000,9.32000000,9.44000000,231740.45000000,1777031999999,2026-04-24 11:59:59,2176939.76930000,5677,120498.21000000,1132519.98520000
1777032000000,2026-04-24 12:00:00,9.44000000,9.47000000,9.34000000,9.46000000,218063.62000000,1777046399999,2026-04-24 15:59:59,2053302.80030000,6683,102172.57000000,962757.94120000
1777046400000,2026-04-24 16:00:00,9.46000000,9.48000000,9.38000000,9.44000000,187387.22000000,1777060799999,2026-04-24 19:59:59,1766287.86840000,4834,87178.84000000,821763.87490000
1777060800000,2026-04-24 20:00:00,9.44000000,9.48000000,9.37000000,9.40000000,230005.71000000,1777075199999,2026-04-24 23:59:59,2167768.27420000,4355,109415.91000000,1031056.46820000
1777075200000,2026-04-25 00:00:00,9.40000000,9.46000000,9.38000000,9.44000000,136271.12000000,1777089599999,2026-04-25 03:59:59,1283728.44700000,3212,67902.65000000,639877.00200000
1777089600000,2026-04-25 04:00:00,9.44000000,9.50000000,9.39000000,9.45000000,262005.30000000,1777103999999,2026-04-25 07:59:59,2474704.05530000,4129,140977.69000000,1332755.20690000
1777104000000,2026-04-25 08:00:00,9.45000000,9.49000000,9.38000000,9.40000000,207881.36000000,1777118399999,2026-04-25 11:59:59,1966759.63720000,3757,102833.99000000,973430.28760000
1777118400000,2026-04-25 12:00:00,9.40000000,9.44000000,9.32000000,9.34000000,120911.45000000,1777132799999,2026-04-25 15:59:59,1134955.64690000,3491,49148.41000000,461772.88100000
1777132800000,2026-04-25 16:00:00,9.34000000,9.37000000,9.28000000,9.30000000,152746.42000000,1777147199999,2026-04-25 19:59:59,1424172.66620000,3085,68818.31000000,641686.00650000
1777147200000,2026-04-25 20:00:00,9.31000000,9.37000000,9.29000000,9.36000000,108811.88000000,1777161599999,2026-04-25 23:59:59,1015653.55610000,2285,68060.29000000,635421.12560000
1777161600000,2026-04-26 00:00:00,9.36000000,9.37000000,9.31000000,9.34000000,108918.92000000,1777175999999,2026-04-26 03:59:59,1017610.00540000,2690,57313.55000000,535508.45030000
1777176000000,2026-04-26 04:00:00,9.35000000,9.44000000,9.32000000,9.43000000,200779.58000000,1777190399999,2026-04-26 07:59:59,1887850.97790000,3922,106152.25000000,998268.68990000
1777190400000,2026-04-26 08:00:00,9.43000000,9.53000000,9.41000000,9.48000000,181710.33000000,1777204799999,2026-04-26 11:59:59,1718915.81830000,3674,84379.90000000,798406.46610000
1777204800000,2026-04-26 12:00:00,9.49000000,9.50000000,9.40000000,9.49000000,152527.06000000,1777219199999,2026-04-26 15:59:59,1442876.38160000,3977,67059.26000000,634495.88930000
1777219200000,2026-04-26 16:00:00,9.48000000,9.55000000,9.40000000,9.48000000,473625.41000000,1777233599999,2026-04-26 19:59:59,4487265.26100000,8518,225242.80000000,2135375.41980000
1777233600000,2026-04-26 20:00:00,9.48000000,9.51000000,9.39000000,9.45000000,304535.59000000,1777247999999,2026-04-26 23:59:59,2878675.84280000,6609,151880.61000000,1436181.76180000
1777248000000,2026-04-27 00:00:00,9.46000000,9.57000000,9.42000000,9.51000000,290874.28000000,1777262399999,2026-04-27 03:59:59,2768605.05320000,7040,158290.43000000,1506597.81610000
1777262400000,2026-04-27 04:00:00,9.51000000,9.54000000,9.21000000,9.23000000,559460.09000000,1777276799999,2026-04-27 07:59:59,5214184.28650000,14537,214749.12000000,2000008.42550000
1777276800000,2026-04-27 08:00:00,9.23000000,9.28000000,9.22000000,9.27000000,204730.97000000,1777291199999,2026-04-27 11:59:59,1894001.90660000,5994,103549.15000000,958057.38790000
1777291200000,2026-04-27 12:00:00,9.26000000,9.32000000,9.08000000,9.13000000,562791.09000000,1777305599999,2026-04-27 15:59:59,5180474.99340000,11392,233651.12000000,2151789.63640000
1777305600000,2026-04-27 16:00:00,9.13000000,9.21000000,9.10000000,9.18000000,200981.64000000,1777319999999,2026-04-27 19:59:59,1840871.43030000,4928,99163.60000000,908272.01080000
1777320000000,2026-04-27 20:00:00,9.17000000,9.28000000,9.16000000,9.27000000,140931.41000000,1777334399999,2026-04-27 23:59:59,1298666.76940000,2935,68286.13000000,629283.90800000
1777334400000,2026-04-28 00:00:00,9.26000000,9.28000000,9.20000000,9.22000000,158813.51000000,1777348799999,2026-04-28 03:59:59,1467347.09990000,4210,65102.01000000,601509.35630000
1777348800000,2026-04-28 04:00:00,9.22000000,9.26000000,9.14000000,9.18000000,120506.89000000,1777363199999,2026-04-28 07:59:59,1108633.82280000,3044,53118.85000000,488611.44310000
1777363200000,2026-04-28 08:00:00,9.17000000,9.23000000,9.12000000,9.15000000,342760.18000000,1777377599999,2026-04-28 11:59:59,3140828.02250000,6038,149461.73000000,1369975.22660000
1777377600000,2026-04-28 12:00:00,9.16000000,9.23000000,9.11000000,9.17000000,292469.41000000,1777391999999,2026-04-28 15:59:59,2680178.37040000,7235,140156.82000000,1284386.38280000
1777392000000,2026-04-28 16:00:00,9.16000000,9.20000000,9.12000000,9.18000000,190113.93000000,1777406399999,2026-04-28 19:59:59,1741486.00590000,5014,79886.07000000,731895.52870000
1777406400000,2026-04-28 20:00:00,9.19000000,9.21000000,9.15000000,9.17000000,133916.98000000,1777420799999,2026-04-28 23:59:59,1228879.33880000,2938,64064.23000000,587995.75160000
1777420800000,2026-04-29 00:00:00,9.17000000,9.26000000,9.14000000,9.26000000,162824.84000000,1777435199999,2026-04-29 03:59:59,1497199.97980000,3282,84254.38000000,775233.75990000
1777435200000,2026-04-29 04:00:00,9.26000000,9.35000000,9.24000000,9.30000000,255561.62000000,1777449599999,2026-04-29 07:59:59,2380513.79620000,6085,121288.24000000,1129907.23990000
1777449600000,2026-04-29 08:00:00,9.30000000,9.45000000,9.25000000,9.35000000,358531.59000000,1777463999999,2026-04-29 11:59:59,3357163.47260000,8623,191530.02000000,1793852.97260000
1777464000000,2026-04-29 12:00:00,9.34000000,9.35000000,9.08000000,9.12000000,486467.94000000,1777478399999,2026-04-29 15:59:59,4477176.90010000,12774,197614.80000000,1816846.85970000
1777478400000,2026-04-29 16:00:00,9.12000000,9.19000000,8.92000000,9.06000000,751889.29000000,1777492799999,2026-04-29 19:59:59,6791239.19350000,17749,359396.94000000,3246160.87250000
1777492800000,2026-04-29 20:00:00,9.06000000,9.16000000,9.05000000,9.12000000,228994.10000000,1777507199999,2026-04-29 23:59:59,2085220.54380000,5313,117289.73000000,1067671.95800000
1777507200000,2026-04-30 00:00:00,9.12000000,9.23000000,9.09000000,9.16000000,264957.05000000,1777521599999,2026-04-30 03:59:59,2428799.26810000,6560,119389.19000000,1095249.03730000
1777521600000,2026-04-30 04:00:00,9.17000000,9.17000000,9.05000000,9.15000000,171504.91000000,1777535999999,2026-04-30 07:59:59,1562298.94050000,4474,77893.24000000,709682.92850000
1777536000000,2026-04-30 08:00:00,9.16000000,9.23000000,9.11000000,9.14000000,233586.99000000,1777550399999,2026-04-30 11:59:59,2140282.19910000,4546,118042.21000000,1081838.84910000
1777550400000,2026-04-30 12:00:00,9.15000000,9.18000000,9.08000000,9.13000000,263421.86000000,1777564799999,2026-04-30 15:59:59,2404501.26490000,6322,131685.53000000,1202322.56240000
1777564800000,2026-04-30 16:00:00,9.14000000,9.14000000,9.07000000,9.10000000,116346.77000000,1777579199999,2026-04-30 19:59:59,1059495.01770000,3897,46089.61000000,419705.47200000
1777579200000,2026-04-30 20:00:00,9.11000000,9.12000000,9.06000000,9.09000000,114662.93000000,1777593599999,2026-04-30 23:59:59,1042404.62870000,2711,49835.68000000,453043.91770000
1777593600000,2026-05-01 00:00:00,9.10000000,9.21000000,9.09000000,9.15000000,129330.59000000,1777607999999,2026-05-01 03:59:59,1182298.19470000,3442,70014.21000000,640329.02720000
1777608000000,2026-05-01 04:00:00,9.16000000,9.18000000,9.06000000,9.10000000,127984.54000000,1777622399999,2026-05-01 07:59:59,1167437.55590000,3364,68056.79000000,620992.53910000
1777622400000,2026-05-01 08:00:00,9.10000000,9.15000000,9.06000000,9.13000000,144824.50000000,1777636799999,2026-05-01 11:59:59,1319704.30420000,4324,67658.31000000,616711.51160000
1777636800000,2026-05-01 12:00:00,9.12000000,9.27000000,9.11000000,9.20000000,398940.63000000,1777651199999,2026-05-01 15:59:59,3669471.86250000,10064,189304.83000000,1741829.75740000
1777651200000,2026-05-01 16:00:00,9.20000000,9.22000000,9.13000000,9.16000000,206573.75000000,1777665599999,2026-05-01 19:59:59,1893679.66720000,5756,108274.91000000,992882.02790000
1777665600000,2026-05-01 20:00:00,9.15000000,9.16000000,9.06000000,9.08000000,177342.32000000,1777679999999,2026-05-01 23:59:59,1613926.92040000,4657,77349.37000000,703944.90760000
1777680000000,2026-05-02 00:00:00,9.09000000,9.14000000,9.07000000,9.12000000,102492.19000000,1777694399999,2026-05-02 03:59:59,932978.81770000,2784,52740.33000000,480184.20460000
1777694400000,2026-05-02 04:00:00,9.13000000,9.13000000,9.06000000,9.10000000,78470.08000000,1777708799999,2026-05-02 07:59:59,713111.02360000,1885,35208.22000000,320052.61460000
1777708800000,2026-05-02 08:00:00,9.09000000,9.13000000,9.07000000,9.08000000,74889.50000000,1777723199999,2026-05-02 11:59:59,681595.80030000,1936,38955.31000000,354640.86610000
1777723200000,2026-05-02 12:00:00,9.09000000,9.16000000,9.08000000,9.15000000,100322.01000000,1777737599999,2026-05-02 15:59:59,914214.61210000,2227,58888.43000000,536677.42480000
1777737600000,2026-05-02 16:00:00,9.15000000,9.18000000,9.10000000,9.17000000,160254.22000000,1777751999999,2026-05-02 19:59:59,1465971.58920000,3199,79490.20000000,727198.53390000
1777752000000,2026-05-02 20:00:00,9.17000000,9.25000000,9.15000000,9.18000000,302304.77000000,1777766399999,2026-05-02 23:59:59,2781532.62630000,5956,131387.27000000,1208808.80550000
1777766400000,2026-05-03 00:00:00,9.19000000,9.20000000,9.02000000,9.05000000,217780.15000000,1777780799999,2026-05-03 03:59:59,1977915.67590000,5591,91146.14000000,827223.09560000
1777780800000,2026-05-03 04:00:00,9.04000000,9.08000000,9.00000000,9.06000000,208737.96000000,1777795199999,2026-05-03 07:59:59,1886572.13210000,4205,116104.33000000,1049681.46180000
1777795200000,2026-05-03 08:00:00,9.05000000,9.11000000,8.97000000,9.08000000,296294.02000000,1777809599999,2026-05-03 11:59:59,2678131.33890000,6382,155765.86000000,1408092.18220000
1777809600000,2026-05-03 12:00:00,9.08000000,9.13000000,9.05000000,9.11000000,208293.69000000,1777823999999,2026-05-03 15:59:59,1893692.90050000,4316,104964.54000000,954404.53190000
1777824000000,2026-05-03 16:00:00,9.11000000,9.14000000,9.07000000,9.13000000,105337.81000000,1777838399999,2026-05-03 19:59:59,958525.17020000,2557,41699.76000000,379658.84340000
1777838400000,2026-05-03 20:00:00,9.13000000,9.20000000,9.06000000,9.08000000,264755.41000000,1777852799999,2026-05-03 23:59:59,2417901.26740000,6416,141649.28000000,1293967.54160000
1777852800000,2026-05-04 00:00:00,9.08000000,9.34000000,8.99000000,9.29000000,538744.81000000,1777867199999,2026-05-04 03:59:59,4949660.97810000,14951,294538.46000000,2706020.57560000
1777867200000,2026-05-04 04:00:00,9.29000000,9.38000000,9.21000000,9.24000000,286321.39000000,1777881599999,2026-05-04 07:59:59,2661559.27630000,8897,134779.13000000,1253214.03380000
1777881600000,2026-05-04 08:00:00,9.23000000,9.32000000,9.03000000,9.14000000,678478.73000000,1777895999999,2026-05-04 11:59:59,6209859.56830000,16496,350308.55000000,3208736.84090000
1777896000000,2026-05-04 12:00:00,9.14000000,9.28000000,9.07000000,9.14000000,463400.27000000,1777910399999,2026-05-04 15:59:59,4240982.14130000,13315,255669.24000000,2340795.04430000
1777910400000,2026-05-04 16:00:00,9.14000000,9.30000000,9.09000000,9.23000000,398850.80000000,1777924799999,2026-05-04 19:59:59,3675229.11460000,9685,201445.14000000,1856106.99840000
1777924800000,2026-05-04 20:00:00,9.23000000,9.26000000,9.13000000,9.18000000,285302.82000000,1777939199999,2026-05-04 23:59:59,2621841.67830000,5613,128877.56000000,1184624.56470000
1777939200000,2026-05-05 00:00:00,9.18000000,9.32000000,9.17000000,9.28000000,350442.62000000,1777953599999,2026-05-05 03:59:59,3240602.46580000,5841,166154.60000000,1537110.11150000
1777953600000,2026-05-05 04:00:00,9.29000000,9.38000000,9.26000000,9.33000000,198758.03000000,1777967999999,2026-05-05 07:59:59,1850255.98470000,5552,92032.80000000,857374.01600000
1777968000000,2026-05-05 08:00:00,9.33000000,9.43000000,9.31000000,9.39000000,321002.02000000,1777982399999,2026-05-05 11:59:59,3006562.06460000,7169,153235.21000000,1436500.73270000
1777982400000,2026-05-05 12:00:00,9.39000000,9.52000000,9.38000000,9.41000000,505103.51000000,1777996799999,2026-05-05 15:59:59,4773373.30280000,11307,232821.11000000,2201016.75600000
1777996800000,2026-05-05 16:00:00,9.41000000,9.43000000,9.33000000,9.40000000,220716.92000000,1778011199999,2026-05-05 19:59:59,2071268.56850000,4419,99897.26000000,937613.87370000
1778011200000,2026-05-05 20:00:00,9.41000000,9.49000000,9.36000000,9.40000000,345414.33000000,1778025599999,2026-05-05 23:59:59,3258538.32840000,7205,185348.67000000,1748933.55270000
1778025600000,2026-05-06 00:00:00,9.40000000,9.58000000,9.37000000,9.56000000,415081.97000000,1778039999999,2026-05-06 03:59:59,3939771.12660000,8697,249083.59000000,2365921.77200000
1778040000000,2026-05-06 04:00:00,9.57000000,9.59000000,9.49000000,9.56000000,441687.33000000,1778054399999,2026-05-06 07:59:59,4213673.73710000,7726,214734.96000000,2049091.24340000
1778054400000,2026-05-06 08:00:00,9.56000000,9.76000000,9.56000000,9.74000000,839531.47000000,1778068799999,2026-05-06 11:59:59,8147538.13790000,15042,492939.28000000,4784841.01300000
1778068800000,2026-05-06 12:00:00,9.75000000,9.78000000,9.46000000,9.62000000,814912.98000000,1778083199999,2026-05-06 15:59:59,7834495.14080000,17179,436674.24000000,4199381.60720000
1778083200000,2026-05-06 16:00:00,9.62000000,9.67000000,9.56000000,9.61000000,364476.34000000,1778097599999,2026-05-06 19:59:59,3503449.18760000,7948,196068.66000000,1885092.35750000
1778097600000,2026-05-06 20:00:00,9.60000000,9.67000000,9.52000000,9.61000000,267255.17000000,1778111999999,2026-05-06 23:59:59,2568839.45180000,5787,135266.62000000,1300564.43690000
1778112000000,2026-05-07 00:00:00,9.61000000,9.63000000,9.45000000,9.47000000,339346.80000000,1778126399999,2026-05-07 03:59:59,3230317.32120000,8035,168746.52000000,1606802.72730000
1778126400000,2026-05-07 04:00:00,9.46000000,9.70000000,9.46000000,9.68000000,338774.97000000,1778140799999,2026-05-07 07:59:59,3254483.73820000,8180,192449.81000000,1849895.09470000
1778140800000,2026-05-07 08:00:00,9.69000000,9.69000000,9.52000000,9.57000000,291086.91000000,1778155199999,2026-05-07 11:59:59,2796730.08250000,7617,165864.65000000,1594608.41190000
1778155200000,2026-05-07 12:00:00,9.58000000,9.65000000,9.37000000,9.41000000,641857.96000000,1778169599999,2026-05-07 15:59:59,6098520.24470000,14752,304725.16000000,2899649.25690000
1778169600000,2026-05-07 16:00:00,9.42000000,9.55000000,9.40000000,9.47000000,376799.32000000,1778183999999,2026-05-07 19:59:59,3569657.98150000,9563,209026.65000000,1980785.85110000
1778184000000,2026-05-07 20:00:00,9.47000000,9.53000000,9.41000000,9.50000000,257428.09000000,1778198399999,2026-05-07 23:59:59,2436289.17810000,6012,123672.43000000,1171011.12080000
1778198400000,2026-05-08 00:00:00,9.51000000,9.54000000,9.43000000,9.49000000,255447.75000000,1778212799999,2026-05-08 03:59:59,2423857.96020000,7294,146481.53000000,1390253.31380000
1778212800000,2026-05-08 04:00:00,9.49000000,9.53000000,9.44000000,9.52000000,271432.17000000,1778227199999,2026-05-08 07:59:59,2576069.39640000,8940,131093.94000000,1245000.54190000
1778227200000,2026-05-08 08:00:00,9.51000000,9.63000000,9.51000000,9.59000000,437369.23000000,1778241599999,2026-05-08 11:59:59,4187472.53540000,11223,229625.91000000,2198798.56310000
1778241600000,2026-05-08 12:00:00,9.59000000,9.78000000,9.50000000,9.78000000,567289.75000000,1778255999999,2026-05-08 15:59:59,5470815.00030000,17481,288885.03000000,2787415.40580000
1778256000000,2026-05-08 16:00:00,9.78000000,9.96000000,9.70000000,9.91000000,751289.35000000,1778270399999,2026-05-08 19:59:59,7401981.92300000,18604,410021.95000000,4039765.01080000
1778270400000,2026-05-08 20:00:00,9.91000000,10.02000000,9.86000000,9.91000000,479914.90000000,1778284799999,2026-05-08 23:59:59,4765584.70220000,10284,285860.90000000,2840213.68750000
1778284800000,2026-05-09 00:00:00,9.91000000,10.12000000,9.89000000,9.98000000,523159.68000000,1778299199999,2026-05-09 03:59:59,5241322.79280000,11333,312510.05000000,3131204.73530000
1778299200000,2026-05-09 04:00:00,9.99000000,10.04000000,9.93000000,9.95000000,210175.53000000,1778313599999,2026-05-09 07:59:59,2096586.68210000,6360,100492.05000000,1002698.09820000
1778313600000,2026-05-09 08:00:00,9.95000000,10.00000000,9.86000000,9.93000000,213623.68000000,1778327999999,2026-05-09 11:59:59,2121497.53430000,5792,97883.11000000,972267.73150000
1778328000000,2026-05-09 12:00:00,9.94000000,9.98000000,9.80000000,9.83000000,498969.38000000,1778342399999,2026-05-09 15:59:59,4938722.75730000,10566,252818.70000000,2504174.30880000
1778342400000,2026-05-09 16:00:00,9.84000000,10.00000000,9.81000000,10.00000000,252257.24000000,1778356799999,2026-05-09 19:59:59,2504724.71860000,6280,143600.38000000,1425973.62560000
1778356800000,2026-05-09 20:00:00,10.00000000,10.01000000,9.93000000,9.97000000,153961.34000000,1778371199999,2026-05-09 23:59:59,1534076.08330000,4330,67839.74000000,676122.69240000
1778371200000,2026-05-10 00:00:00,9.96000000,10.00000000,9.85000000,9.91000000,194377.95000000,1778385599999,2026-05-10 03:59:59,1928816.26230000,6908,96778.04000000,960300.95010000
1778385600000,2026-05-10 04:00:00,9.91000000,10.02000000,9.89000000,9.92000000,189414.21000000,1778399999999,2026-05-10 07:59:59,1883683.09060000,6198,83000.26000000,825562.28720000
1778400000000,2026-05-10 08:00:00,9.92000000,10.07000000,9.91000000,9.98000000,381695.40000000,1778414399999,2026-05-10 11:59:59,3817303.25380000,10272,196575.25000000,1966126.22930000
1778414400000,2026-05-10 12:00:00,9.99000000,10.17000000,9.95000000,10.15000000,525960.74000000,1778428799999,2026-05-10 15:59:59,5298148.34470000,12672,357834.17000000,3605736.50760000
1778428800000,2026-05-10 16:00:00,10.16000000,10.49000000,10.14000000,10.41000000,680264.75000000,1778443199999,2026-05-10 19:59:59,7023838.77970000,20617,374969.39000000,3871686.85770000
1778443200000,2026-05-10 20:00:00,10.41000000,10.47000000,9.95000000,10.23000000,795639.02000000,1778457599999,2026-05-10 23:59:59,8109889.81740000,28972,332408.79000000,3390485.27870000
1778457600000,2026-05-11 00:00:00,10.23000000,10.26000000,9.97000000,10.03000000,444016.32000000,1778471999999,2026-05-11 03:59:59,4487396.47670000,16056,215507.25000000,2177250.54510000
1778472000000,2026-05-11 04:00:00,10.03000000,10.15000000,9.98000000,10.09000000,279809.48000000,1778486399999,2026-05-11 07:59:59,2818656.13290000,8658,169404.74000000,1706876.69080000
1778486400000,2026-05-11 08:00:00,10.09000000,10.21000000,10.02000000,10.12000000,261084.10000000,1778500799999,2026-05-11 11:59:59,2641149.60910000,8701,129178.72000000,1307341.87130000
1778500800000,2026-05-11 12:00:00,10.13000000,10.25000000,10.00000000,10.24000000,417100.63000000,1778515199999,2026-05-11 15:59:59,4216439.30720000,15987,185476.24000000,1877291.98020000
1778515200000,2026-05-11 16:00:00,10.24000000,10.27000000,10.14000000,10.21000000,275627.34000000,1778529599999,2026-05-11 19:59:59,2809844.09290000,9373,139351.21000000,1421062.73210000
1778529600000,2026-05-11 20:00:00,10.21000000,10.23000000,10.11000000,10.14000000,179475.50000000,1778543999999,2026-05-11 23:59:59,1824564.61640000,6158,85304.99000000,867246.15360000
1778544000000,2026-05-12 00:00:00,10.14000000,10.17000000,9.98000000,10.02000000,305648.75000000,1778558399999,2026-05-12 03:59:59,3078146.32160000,9441,145664.63000000,1467908.85620000
1778558400000,2026-05-12 04:00:00,10.01000000,10.08000000,9.94000000,10.02000000,202143.84000000,1778572799999,2026-05-12 07:59:59,2025995.33890000,6781,84784.16000000,849857.81030000
1778572800000,2026-05-12 08:00:00,10.01000000,10.02000000,9.81000000,9.87000000,358261.56000000,1778587199999,2026-05-12 11:59:59,3550587.85820000,10807,131573.52000000,1304109.95730000
1778587200000,2026-05-12 12:00:00,9.87000000,9.93000000,9.66000000,9.74000000,584319.60000000,1778601599999,2026-05-12 15:59:59,5714455.55010000,18115,231290.33000000,2264732.29220000
1778601600000,2026-05-12 16:00:00,9.73000000,9.89000000,9.68000000,9.87000000,247120.63000000,1778615999999,2026-05-12 19:59:59,2416491.62540000,8031,128350.08000000,1255886.17960000
1778616000000,2026-05-12 20:00:00,9.87000000,9.90000000,9.83000000,9.83000000,152402.63000000,1778630399999,2026-05-12 23:59:59,1503760.24370000,4212,74692.21000000,737019.33860000
1778630400000,2026-05-13 00:00:00,9.83000000,10.05000000,9.82000000,10.03000000,256983.42000000,1778644799999,2026-05-13 03:59:59,2557707.67660000,11317,137242.34000000,1367075.36750000
1778644800000,2026-05-13 04:00:00,10.04000000,10.06000000,9.96000000,10.00000000,195417.84000000,1778659199999,2026-05-13 07:59:59,1957667.93970000,6757,102846.74000000,1030585.90290000
1778659200000,2026-05-13 08:00:00,10.00000000,10.16000000,9.94000000,9.95000000,316590.40000000,1778673599999,2026-05-13 11:59:59,3188203.84230000,10797,178155.15000000,1794564.73010000
1778673600000,2026-05-13 12:00:00,9.95000000,9.98000000,9.62000000,9.64000000,632558.14000000,1778687999999,2026-05-13 15:59:59,6196469.90690000,21116,253464.12000000,2484374.66450000
1778688000000,2026-05-13 16:00:00,9.64000000,9.82000000,9.63000000,9.74000000,278803.34000000,1778702399999,2026-05-13 19:59:59,2715342.89470000,10263,135502.22000000,1320470.40010000
1778702400000,2026-05-13 20:00:00,9.73000000,9.80000000,9.69000000,9.76000000,182114.00000000,1778716799999,2026-05-13 23:59:59,1774600.64810000,4817,104162.97000000,1015093.90680000
1778716800000,2026-05-14 00:00:00,9.76000000,9.82000000,9.63000000,9.65000000,256426.55000000,1778731199999,2026-05-14 03:59:59,2496383.81920000,7471,115881.67000000,1129341.12660000
1778731200000,2026-05-14 04:00:00,9.66000000,9.80000000,9.64000000,9.71000000,227592.12000000,1778745599999,2026-05-14 07:59:59,2213964.79910000,6075,121870.69000000,1185091.34670000
1778745600000,2026-05-14 08:00:00,9.71000000,9.73000000,9.63000000,9.68000000,235759.92000000,1778759999999,2026-05-14 11:59:59,2284140.61650000,6323,102491.14000000,993262.78810000
1778760000000,2026-05-14 12:00:00,9.67000000,10.07000000,9.66000000,10.05000000,485981.54000000,1778774399999,2026-05-14 15:59:59,4820561.93770000,17048,272996.12000000,2709328.54200000
1778774400000,2026-05-14 16:00:00,10.06000000,10.14000000,9.93000000,10.02000000,550148.73000000,1778788799999,2026-05-14 19:59:59,5528245.16680000,16212,254229.86000000,2556714.91370000
1778788800000,2026-05-14 20:00:00,10.01000000,10.03000000,9.89000000,9.91000000,162161.68000000,1778803199999,2026-05-14 23:59:59,1616085.00780000,6688,69091.42000000,689089.17820000
1778803200000,2026-05-15 00:00:00,9.90000000,9.97000000,9.82000000,9.88000000,187535.27000000,1778817599999,2026-05-15 03:59:59,1854305.75580000,8534,98376.84000000,973138.25830000
1778817600000,2026-05-15 04:00:00,9.88000000,9.88000000,9.68000000,9.82000000,236383.54000000,1778831999999,2026-05-15 07:59:59,2309355.23560000,11480,91362.74000000,892873.05200000
1778832000000,2026-05-15 08:00:00,9.82000000,9.83000000,9.73000000,9.79000000,132137.30000000,1778846399999,2026-05-15 11:59:59,1291940.86830000,5830,54904.40000000,537067.11290000
1778846400000,2026-05-15 12:00:00,9.78000000,9.79000000,9.41000000,9.48000000,642293.01000000,1778860799999,2026-05-15 15:59:59,6120110.32020000,28621,221596.08000000,2110672.38870000
1778860800000,2026-05-15 16:00:00,9.49000000,9.61000000,9.47000000,9.55000000,178177.47000000,1778875199999,2026-05-15 19:59:59,1703062.06460000,7902,84063.86000000,803719.03390000
1778875200000,2026-05-15 20:00:00,9.54000000,9.57000000,9.50000000,9.54000000,153937.37000000,1778889599999,2026-05-15 23:59:59,1466970.13370000,3926,59394.84000000,566144.30280000
1778889600000,2026-05-16 00:00:00,9.53000000,9.58000000,9.51000000,9.53000000,78900.93000000,1778903999999,2026-05-16 03:59:59,752669.47940000,2629,40558.91000000,386940.89220000
1778904000000,2026-05-16 04:00:00,9.54000000,9.54000000,9.22000000,9.34000000,482030.88000000,1778918399999,2026-05-16 07:59:59,4517382.31380000,11854,144545.84000000,1355082.06030000
1778918400000,2026-05-16 08:00:00,9.35000000,9.38000000,9.19000000,9.26000000,345925.42000000,1778932799999,2026-05-16 11:59:59,3201782.57520000,9364,128091.38000000,1186687.92900000
1778932800000,2026-05-16 12:00:00,9.26000000,9.34000000,9.24000000,9.32000000,165033.93000000,1778947199999,2026-05-16 15:59:59,1533297.54070000,4380,69245.63000000,643317.31240000
1778947200000,2026-05-16 16:00:00,9.32000000,9.38000000,9.31000000,9.31000000,109868.54000000,1778961599999,2026-05-16 19:59:59,1026403.05660000,3300,58277.04000000,544507.23090000
1778961600000,2026-05-16 20:00:00,9.32000000,9.34000000,9.28000000,9.29000000,71724.09000000,1778975999999,2026-05-16 23:59:59,667528.40290000,2764,31563.26000000,293864.24980000
1778976000000,2026-05-17 00:00:00,9.30000000,9.31000000,9.18000000,9.27000000,192423.39000000,1778990399999,2026-05-17 03:59:59,1777225.01100000,5707,102931.66000000,950676.25150000
1778990400000,2026-05-17 04:00:00,9.27000000,9.36000000,9.27000000,9.32000000,144238.38000000,1779004799999,2026-05-17 07:59:59,1344425.12030000,4106,63546.15000000,592400.79320000
1779004800000,2026-05-17 08:00:00,9.32000000,9.42000000,9.29000000,9.36000000,153262.46000000,1779019199999,2026-05-17 11:59:59,1433687.95130000,4461,89576.84000000,838027.69560000
1779019200000,2026-05-17 12:00:00,9.36000000,9.40000000,9.26000000,9.30000000,109120.86000000,1779033599999,2026-05-17 15:59:59,1016433.02550000,4766,45687.23000000,425642.72860000
1779033600000,2026-05-17 16:00:00,9.30000000,9.33000000,9.23000000,9.31000000,113330.59000000,1779047999999,2026-05-17 19:59:59,1051394.14460000,3991,59488.91000000,552090.67310000
1779048000000,2026-05-17 20:00:00,9.32000000,9.35000000,8.96000000,9.20000000,738195.99000000,1779062399999,2026-05-17 23:59:59,6738585.97560000,18798,350406.99000000,3197005.03510000
1779062400000,2026-05-18 00:00:00,9.19000000,9.24000000,9.11000000,9.20000000,289656.05000000,1779076799999,2026-05-18 03:59:59,2657261.79940000,10843,128252.20000000,1176634.67700000
1779076800000,2026-05-18 04:00:00,9.20000000,9.23000000,9.06000000,9.11000000,320640.98000000,1779091199999,2026-05-18 07:59:59,2929053.81460000,8459,127119.52000000,1161577.00870000
1779091200000,2026-05-18 08:00:00,9.12000000,9.21000000,9.04000000,9.16000000,190861.71000000,1779105599999,2026-05-18 11:59:59,1738372.70240000,6791,90942.56000000,827983.20340000
1779105600000,2026-05-18 12:00:00,9.16000000,9.23000000,9.01000000,9.09000000,278256.93000000,1779119999999,2026-05-18 15:59:59,2535006.00040000,15178,130896.10000000,1193639.45730000
1779120000000,2026-05-18 16:00:00,9.09000000,9.20000000,9.01000000,9.18000000,270767.35000000,1779134399999,2026-05-18 19:59:59,2467207.18610000,11463,150368.09000000,1371037.48690000
1779134400000,2026-05-18 20:00:00,9.18000000,9.27000000,9.15000000,9.24000000,202435.43000000,1779148799999,2026-05-18 23:59:59,1867365.08920000,6279,124692.74000000,1150370.86380000
1779148800000,2026-05-19 00:00:00,9.25000000,9.32000000,9.19000000,9.24000000,216523.30000000,1779163199999,2026-05-19 03:59:59,2002657.54630000,7408,118241.77000000,1093792.22890000
1779163200000,2026-05-19 04:00:00,9.24000000,9.30000000,9.19000000,9.28000000,201005.99000000,1779177599999,2026-05-19 07:59:59,1859687.44400000,6939,93877.28000000,868808.34270000
1779177600000,2026-05-19 08:00:00,9.28000000,9.28000000,9.08000000,9.10000000,158473.19000000,1779191999999,2026-05-19 11:59:59,1455929.17290000,5571,74868.84000000,688126.72820000
1779192000000,2026-05-19 12:00:00,9.10000000,9.16000000,9.02000000,9.10000000,238616.25000000,1779206399999,2026-05-19 15:59:59,2172199.73590000,7636,144226.55000000,1313371.69940000
1779206400000,2026-05-19 16:00:00,9.10000000,9.19000000,9.08000000,9.11000000,137350.51000000,1779220799999,2026-05-19 19:59:59,1255479.69270000,4836,68363.51000000,625064.33810000
1779220800000,2026-05-19 20:00:00,9.12000000,9.15000000,9.06000000,9.11000000,86753.02000000,1779235199999,2026-05-19 23:59:59,790259.86800000,3032,43725.26000000,398250.33470000
1779235200000,2026-05-20 00:00:00,9.10000000,9.14000000,9.06000000,9.12000000,95255.93000000,1779249599999,2026-05-20 03:59:59,866561.25540000,4627,44614.38000000,405941.58150000
1779249600000,2026-05-20 04:00:00,9.12000000,9.24500000,9.09000000,9.20700000,168386.91000000,1779263999999,2026-05-20 07:59:59,1548404.99277000,8418,87500.89000000,804334.89838000
1779264000000,2026-05-20 08:00:00,9.20800000,9.26700000,9.18500000,9.20500000,158701.86000000,1779278399999,2026-05-20 11:59:59,1464347.72199000,15238,92751.36000000,855888.40497000
1779278400000,2026-05-20 12:00:00,9.20400000,9.36800000,9.15300000,9.34000000,432357.37000000,1779292799999,2026-05-20 15:59:59,4011603.50638000,41171,254811.38000000,2366254.04336000
1779292800000,2026-05-20 16:00:00,9.34100000,9.40000000,9.27100000,9.31800000,350374.87000000,1779307199999,2026-05-20 19:59:59,3272606.31645000,28884,206196.78000000,1927013.60402000
1779307200000,2026-05-20 20:00:00,9.31700000,9.33600000,9.22000000,9.29800000,183107.81000000,1779321599999,2026-05-20 23:59:59,1699558.56866000,16630,88444.15000000,821061.98884000
1779321600000,2026-05-21 00:00:00,9.29700000,9.39200000,9.29200000,9.38300000,291519.85000000,1779335999999,2026-05-21 03:59:59,2726790.09183000,19122,160467.35000000,1501051.41443000
1779336000000,2026-05-21 04:00:00,9.38400000,9.48500000,9.30400000,9.47100000,733465.89000000,1779350399999,2026-05-21 07:59:59,6890648.49880000,35247,506166.37000000,4756182.45165000
1779350400000,2026-05-21 08:00:00,9.47200000,9.51700000,9.28400000,9.29600000,769668.43000000,1779364799999,2026-05-21 11:59:59,7239216.62322000,53189,256513.43000000,2415307.00926000
1779364800000,2026-05-21 12:00:00,9.29700000,9.40500000,9.25000000,9.37600000,341018.18000000,1779379199999,2026-05-21 15:59:59,3179654.44214000,59494,178181.23000000,1662908.51260000
1779379200000,2026-05-21 16:00:00,9.37700000,9.51600000,9.29800000,9.49300000,600939.13000000,1779393599999,2026-05-21 19:59:59,5676836.48137000,69057,317623.59000000,3005083.24001000
1779393600000,2026-05-21 20:00:00,9.49300000,9.50500000,9.42800000,9.45300000,211608.44000000,1779407999999,2026-05-21 23:59:59,2004968.94200000,28123,116209.86000000,1101509.69586000
1779408000000,2026-05-22 00:00:00,9.45300000,9.50700000,9.38400000,9.50300000,207185.46000000,1779422399999,2026-05-22 03:59:59,1958955.78227000,26312,123079.00000000,1164122.94030000
1779422400000,2026-05-22 04:00:00,9.50400000,9.57500000,9.45800000,9.51000000,316491.87000000,1779436799999,2026-05-22 07:59:59,3013778.36470000,41583,185291.90000000,1765224.02916000
1779436800000,2026-05-22 08:00:00,9.51000000,9.56600000,9.45900000,9.53100000,280877.46000000,1779451199999,2026-05-22 11:59:59,2672633.91178000,34350,174322.79000000,1659567.48676000
1779451200000,2026-05-22 12:00:00,9.53100000,9.60200000,9.37300000,9.43300000,508221.85000000,1779465599999,2026-05-22 15:59:59,4824883.74025000,62382,207896.15000000,1978124.63627000
1779465600000,2026-05-22 16:00:00,9.43300000,9.46600000,9.14800000,9.22000000,659398.17000000,1779479999999,2026-05-22 19:59:59,6126280.06049000,77287,238283.94000000,2214133.01741000
1779480000000,2026-05-22 20:00:00,9.22000000,9.28500000,9.09900000,9.15400000,339632.80000000,1779494399999,2026-05-22 23:59:59,3126225.54500000,39707,117715.34000000,1084306.04192000
1779494400000,2026-05-23 00:00:00,9.15500000,9.21500000,9.10900000,9.20100000,198259.10000000,1779508799999,2026-05-23 03:59:59,1816386.41001000,27843,91824.57000000,841265.44559000
1779508800000,2026-05-23 04:00:00,9.20000000,9.20100000,8.84200000,8.92000000,670251.33000000,1779523199999,2026-05-23 07:59:59,6044603.75670000,43377,249957.59000000,2251644.72930000
1779523200000,2026-05-23 08:00:00,8.92000000,8.93000000,8.83400000,8.90000000,721869.47000000,1779537599999,2026-05-23 11:59:59,6417093.96108000,38506,264872.15000000,2354542.77744000
1779537600000,2026-05-23 12:00:00,8.90100000,9.16900000,8.87700000,9.13400000,437605.29000000,1779551999999,2026-05-23 15:59:59,3933395.01790000,36464,213250.32000000,1920672.63134000
1779552000000,2026-05-23 16:00:00,9.13500000,9.33400000,9.11000000,9.28500000,391600.06000000,1779566399999,2026-05-23 19:59:59,3619141.18344000,41893,214838.66000000,1986060.96430000
1779566400000,2026-05-23 20:00:00,9.28600000,9.59000000,9.26900000,9.39000000,857525.51000000,1779580799999,2026-05-23 23:59:59,8106292.02282000,79278,493468.61000000,4665610.88575000
1779580800000,2026-05-24 00:00:00,9.39100000,9.42900000,9.32000000,9.33000000,170694.98000000,1779595199999,2026-05-24 03:59:59,1601200.51891000,24788,78344.80000000,735441.45394000
1779595200000,2026-05-24 04:00:00,9.33100000,9.37400000,9.32200000,9.32700000,96808.48000000,1779609599999,2026-05-24 07:59:59,904680.93374000,16870,46359.54000000,433359.87709000
1779609600000,2026-05-24 08:00:00,9.32800000,9.38500000,9.31600000,9.35200000,165428.96000000,1779623999999,2026-05-24 11:59:59,1546800.11100000,17588,76297.87000000,713575.61612000
1779624000000,2026-05-24 12:00:00,9.35300000,9.35400000,9.13800000,9.23700000,271012.00000000,1779638399999,2026-05-24 15:59:59,2507848.03019000,37231,95629.18000000,884463.42347000
1779638400000,2026-05-24 16:00:00,9.23600000,9.27200000,9.21000000,9.23500000,111938.75000000,1779652799999,2026-05-24 19:59:59,1034362.78214000,17081,51737.07000000,478130.00548000
1779652800000,2026-05-24 20:00:00,9.23600000,9.24100000,9.06900000,9.21200000,325268.50000000,1779667199999,2026-05-24 23:59:59,2979690.56246000,38004,127023.36000000,1163904.19329000
1779667200000,2026-05-25 00:00:00,9.21200000,9.24000000,9.15300000,9.17000000,156418.34000000,1779681599999,2026-05-25 03:59:59,1439425.26264000,19717,67106.32000000,617606.36239000
1779681600000,2026-05-25 04:00:00,9.17000000,9.36000000,9.16100000,9.34200000,243338.04000000,1779695999999,2026-05-25 07:59:59,2260705.90988000,27998,166145.14000000,1543842.74424000
1779696000000,2026-05-25 08:00:00,9.34300000,9.42200000,9.32500000,9.37700000,235181.03000000,1779710399999,2026-05-25 11:59:59,2206756.13030000,24386,149851.05000000,1406165.54414000
1779710400000,2026-05-25 12:00:00,9.37800000,9.50600000,9.36500000,9.43300000,318183.17000000,1779724799999,2026-05-25 15:59:59,3003719.33189000,37748,206555.74000000,1950420.60341000
1779724800000,2026-05-25 16:00:00,9.43300000,9.48400000,9.36300000,9.38600000,140454.61000000,1779739199999,2026-05-25 19:59:59,1324637.72951000,21192,69550.03000000,656375.46771000
1779739200000,2026-05-25 20:00:00,9.38500000,9.40100000,9.27400000,9.31000000,182066.90000000,1779753599999,2026-05-25 23:59:59,1698843.88674000,24817,84793.15000000,790989.24214000
1779753600000,2026-05-26 00:00:00,9.31000000,9.31300000,9.16800000,9.22500000,303668.00000000,1779767999999,2026-05-26 03:59:59,2805867.62536000,37296,95992.71000000,887769.25238000
1779768000000,2026-05-26 04:00:00,9.22600000,9.33200000,9.21100000,9.27000000,169529.50000000,1779782399999,2026-05-26 07:59:59,1572291.45209000,22171,84339.76000000,782331.09330000
1779782400000,2026-05-26 08:00:00,9.26900000,9.46300000,9.26200000,9.38200000,264302.47000000,1779796799999,2026-05-26 11:59:59,2476335.80232000,34912,156807.96000000,1470056.28429000
1779796800000,2026-05-26 12:00:00,9.38200000,9.49000000,9.23500000,9.29100000,432155.17000000,1779811199999,2026-05-26 15:59:59,4048173.23564000,52970,230717.04000000,2164150.29340000
1779811200000,2026-05-26 16:00:00,9.29100000,9.29100000,9.12000000,9.17300000,385402.81000000,1779825599999,2026-05-26 19:59:59,3544519.19478000,50839,160038.70000000,1471563.49018000
1779825600000,2026-05-26 20:00:00,9.17400000,9.18900000,9.11900000,9.14000000,161828.92000000,1779839999999,2026-05-26 23:59:59,1480980.19915000,20249,57548.31000000,526811.00126000
1779840000000,2026-05-27 00:00:00,9.14000000,9.20200000,9.11400000,9.14200000,170609.83000000,1779854399999,2026-05-27 03:59:59,1562400.52118000,22469,80177.33000000,734416.40226000
1779854400000,2026-05-27 04:00:00,9.14100000,9.21500000,9.04500000,9.19600000,239553.97000000,1779868799999,2026-05-27 07:59:59,2189442.13915000,26300,110315.07000000,1009891.85928000
1779868800000,2026-05-27 08:00:00,9.19500000,9.22700000,9.12600000,9.15300000,176344.48000000,1779883199999,2026-05-27 11:59:59,1616571.56460000,21580,87891.73000000,805953.91235000
1779883200000,2026-05-27 12:00:00,9.15300000,9.29100000,9.08100000,9.24200000,415757.39000000,1779897599999,2026-05-27 15:59:59,3814105.11833000,66109,208171.86000000,1911974.15895000
1779897600000,2026-05-27 16:00:00,9.24200000,9.25400000,9.07900000,9.19000000,193105.97000000,1779911999999,2026-05-27 19:59:59,1768135.13949000,35714,90448.71000000,828504.84103000
1779912000000,2026-05-27 20:00:00,9.19000000,9.22200000,8.99400000,9.04300000,439836.52000000,1779926399999,2026-05-27 23:59:59,3992038.24516000,55191,192281.70000000,1747546.94650000
1779926400000,2026-05-28 00:00:00,9.04200000,9.07100000,8.86000000,8.88000000,463246.42000000,1779940799999,2026-05-28 03:59:59,4160123.72971000,65102,217982.13000000,1958296.91763000
1779940800000,2026-05-28 04:00:00,8.87900000,8.87900000,8.71500000,8.84700000,615610.09000000,1779955199999,2026-05-28 07:59:59,5411001.26679000,64976,297715.35000000,2616639.12827000
1779955200000,2026-05-28 08:00:00,8.84700000,8.88500000,8.79200000,8.81900000,227908.62000000,1779969599999,2026-05-28 11:59:59,2012510.70047000,31870,87414.57000000,772218.58225000
1779969600000,2026-05-28 12:00:00,8.81800000,8.92500000,8.74600000,8.85200000,394132.66000000,1779983999999,2026-05-28 15:59:59,3482451.79521000,70272,199004.36000000,1759004.90712000
1779984000000,2026-05-28 16:00:00,8.85100000,9.07400000,8.81500000,8.91600000,410051.56000000,1779998399999,2026-05-28 19:59:59,3676655.17883000,50944,224289.87000000,2011273.78585000
1779998400000,2026-05-28 20:00:00,8.91600000,8.99400000,8.88800000,8.92800000,142645.41000000,1780012799999,2026-05-28 23:59:59,1276058.89782000,23290,81953.15000000,733410.21012000
1780012800000,2026-05-29 00:00:00,8.92800000,8.97400000,8.86900000,8.88200000,130991.51000000,1780027199999,2026-05-29 03:59:59,1169813.03557000,23165,68802.50000000,614777.58924000
1780027200000,2026-05-29 04:00:00,8.88200000,8.98200000,8.83400000,8.92600000,147760.72000000,1780041599999,2026-05-29 07:59:59,1318407.65329000,22329,59992.99000000,535510.35283000
1780041600000,2026-05-29 08:00:00,8.92600000,8.97700000,8.83600000,8.87400000,142318.36000000,1780055999999,2026-05-29 11:59:59,1269432.25194000,21898,67884.23000000,605620.38056000
1780056000000,2026-05-29 12:00:00,8.87300000,9.00300000,8.65600000,8.92500000,610084.54000000,1780070399999,2026-05-29 15:59:59,5376058.94261000,82968,309893.03000000,2733558.28241000
1780070400000,2026-05-29 16:00:00,8.92500000,8.98800000,8.77400000,8.83700000,339979.57000000,1780084799999,2026-05-29 19:59:59,3030649.66485000,55212,163455.68000000,1458022.19063000
1780084800000,2026-05-29 20:00:00,8.83700000,8.87900000,8.78700000,8.82700000,132115.48000000,1780099199999,2026-05-29 23:59:59,1165938.53834000,20554,58920.50000000,520144.89450000
1780099200000,2026-05-30 00:00:00,8.82700000,9.04900000,8.81200000,8.97300000,287235.17000000,1780113599999,2026-05-30 03:59:59,2570265.36405000,30252,171602.51000000,1535453.12239000
1780113600000,2026-05-30 04:00:00,8.97300000,8.99600000,8.82100000,8.91600000,217281.22000000,1780127999999,2026-05-30 07:59:59,1933913.44145000,28567,101698.79000000,905486.27774000
1780128000000,2026-05-30 08:00:00,8.91600000,8.94200000,8.88500000,8.92100000,110908.07000000,1780142399999,2026-05-30 11:59:59,989223.59580000,13752,62847.54000000,560542.14171000
1780142400000,2026-05-30 12:00:00,8.92100000,8.99400000,8.90800000,8.96500000,117249.21000000,1780156799999,2026-05-30 15:59:59,1049225.35606000,19140,65307.78000000,584568.06530000
1780156800000,2026-05-30 16:00:00,8.96400000,9.00900000,8.94200000,8.99100000,96952.55000000,1780171199999,2026-05-30 19:59:59,870624.66924000,16196,53329.40000000,479012.02344000
1780171200000,2026-05-30 20:00:00,8.99100000,9.01600000,8.91600000,8.94600000,102023.66000000,1780185599999,2026-05-30 23:59:59,915275.73132000,15207,52819.45000000,474113.18566000
1780185600000,2026-05-31 00:00:00,8.94700000,9.04000000,8.93300000,9.01100000,114497.61000000,1780199999999,2026-05-31 03:59:59,1029506.91441000,17765,68168.17000000,613037.55506000
1780200000000,2026-05-31 04:00:00,9.01200000,9.08400000,8.97300000,8.99100000,170689.31000000,1780214399999,2026-05-31 07:59:59,1542181.72255000,17170,88674.11000000,801426.02675000
1780214400000,2026-05-31 08:00:00,8.99000000,9.03800000,8.95700000,9.01600000,89864.45000000,1780228799999,2026-05-31 11:59:59,808673.98185000,16054,43599.35000000,392484.80495000
1780228800000,2026-05-31 12:00:00,9.01600000,9.05000000,8.85000000,8.88400000,318631.30000000,1780243199999,2026-05-31 15:59:59,2850138.50753000,37105,153862.46000000,1377323.21384000
1780243200000,2026-05-31 16:00:00,8.88400000,8.89800000,8.80000000,8.83900000,187794.93000000,1780257599999,2026-05-31 19:59:59,1660587.49597000,26756,67585.40000000,597610.34066000
1780257600000,2026-05-31 20:00:00,8.83900000,9.02900000,8.83900000,8.98300000,178618.92000000,1780271999999,2026-05-31 23:59:59,1595341.47314000,32731,93664.62000000,836676.32247000
1780272000000,2026-06-01 00:00:00,8.98300000,9.07400000,8.86800000,9.02000000,301478.63000000,1780286399999,2026-06-01 03:59:59,2715654.23530000,56668,165902.85000000,1495807.56755000
1780286400000,2026-06-01 04:00:00,9.02000000,9.04400000,8.78000000,8.79200000,205603.25000000,1780300799999,2026-06-01 07:59:59,1825108.36488000,42772,92102.17000000,818311.28726000
1780300800000,2026-06-01 08:00:00,8.79300000,8.89300000,8.76100000,8.83200000,265704.48000000,1780315199999,2026-06-01 11:59:59,2349629.30166000,41925,117103.50000000,1035269.34702000
1780315200000,2026-06-01 12:00:00,8.83300000,8.87800000,8.67700000,8.73200000,491396.37000000,1780329599999,2026-06-01 15:59:59,4312064.95331000,72390,228518.61000000,2005554.04913000
1780329600000,2026-06-01 16:00:00,8.73100000,8.96900000,8.68600000,8.95900000,370230.97000000,1780343999999,2026-06-01 19:59:59,3286720.29103000,33871,206605.85000000,1834376.02026000
1780344000000,2026-06-01 20:00:00,8.95900000,8.98600000,8.83000000,8.93600000,258631.34000000,1780358399999,2026-06-01 23:59:59,2305145.16444000,29284,166192.85000000,1481264.87456000
1780358400000,2026-06-02 00:00:00,8.93600000,8.94400000,8.67500000,8.88400000,225373.86000000,1780372799999,2026-06-02 03:59:59,1985313.05619000,29499,100258.32000000,883560.52335000
1780372800000,2026-06-02 04:00:00,8.88400000,8.89500000,8.66300000,8.71700000,409441.48000000,1780387199999,2026-06-02 07:59:59,3579096.69813000,36300,175281.54000000,1534237.37975000
1780387200000,2026-06-02 08:00:00,8.71800000,8.74400000,8.66000000,8.68300000,187613.84000000,1780401599999,2026-06-02 11:59:59,1632715.62872000,21209,87713.07000000,763398.72394000
1780401600000,2026-06-02 12:00:00,8.68300000,8.72200000,8.27300000,8.36600000,762194.23000000,1780415999999,2026-06-02 15:59:59,6473031.66633000,85147,320076.24000000,2720307.28667000
1780416000000,2026-06-02 16:00:00,8.36600000,8.50900000,8.17600000,8.33200000,455433.27000000,1780430399999,2026-06-02 19:59:59,3808673.76872000,57608,215801.77000000,1805863.98121000
1780430400000,2026-06-02 20:00:00,8.33300000,8.39100000,8.02900000,8.18000000,674654.78000000,1780444799999,2026-06-02 23:59:59,5538198.43911000,70453,281955.26000000,2318676.71238000
1780444800000,2026-06-03 00:00:00,8.18100000,8.26600000,7.99300000,8.05200000,358605.92000000,1780459199999,2026-06-03 03:59:59,2926480.74234000,44498,158778.84000000,1295605.68449000
1780459200000,2026-06-03 04:00:00,8.05100000,8.34500000,8.05100000,8.32100000,760418.16000000,1780473599999,2026-06-03 07:59:59,6288546.27516000,47745,476085.61000000,3936559.41282000
1780473600000,2026-06-03 08:00:00,8.32000000,8.37200000,8.24400000,8.30200000,421138.11000000,1780487999999,2026-06-03 11:59:59,3500904.04684000,33898,206728.14000000,1719047.85074000
1780488000000,2026-06-03 12:00:00,8.30200000,8.34600000,8.17900000,8.19100000,538495.64000000,1780502399999,2026-06-03 15:59:59,4453391.63261000,67026,258070.41000000,2135316.27806000
1780502400000,2026-06-03 16:00:00,8.19200000,8.19800000,8.02900000,8.04400000,718691.07000000,1780516799999,2026-06-03 19:59:59,5832130.75679000,72086,331866.35000000,2693522.98945000
1780516800000,2026-06-03 20:00:00,8.04300000,8.19100000,7.90900000,8.04900000,748299.85000000,1780531199999,2026-06-03 23:59:59,6025300.71156000,68409,390719.13000000,3147696.95367000
1780531200000,2026-06-04 00:00:00,8.04800000,8.11700000,7.51900000,8.03500000,1710403.28000000,1780545599999,2026-06-04 03:59:59,13371560.45183000,131455,849820.20000000,6649191.75207000
1780545600000,2026-06-04 04:00:00,8.03600000,8.07700000,7.81900000,7.82400000,479586.43000000,1780559999999,2026-06-04 07:59:59,3800752.70430000,32865,225932.55000000,1792386.18201000
1780560000000,2026-06-04 08:00:00,7.82500000,7.85000000,7.54300000,7.66300000,1099356.57000000,1780574399999,2026-06-04 11:59:59,8422295.09092000,95072,509898.66000000,3906647.31672000
1780574400000,2026-06-04 12:00:00,7.66300000,7.85800000,7.61600000,7.76200000,691285.31000000,1780588799999,2026-06-04 15:59:59,5365848.31471000,71238,361338.05000000,2804660.12953000
1780588800000,2026-06-04 16:00:00,7.76400000,7.84700000,7.67200000,7.78000000,382145.05000000,1780603199999,2026-06-04 19:59:59,2966671.33310000,39062,191365.01000000,1486390.55747000
1780603200000,2026-06-04 20:00:00,7.77900000,7.78100000,7.56700000,7.70700000,475905.08000000,1780617599999,2026-06-04 23:59:59,3643257.01917000,51359,221789.45000000,1697958.07643000
1780617600000,2026-06-05 00:00:00,7.70600000,7.72400000,7.31300000,7.31700000,792371.09000000,1780631999999,2026-06-05 03:59:59,5964576.85716000,77538,356529.88000000,2684718.38922000
1780632000000,2026-06-05 04:00:00,7.31800000,7.50900000,7.00500000,7.30500000,1433772.38000000,1780646399999,2026-06-05 07:59:59,10389231.85815000,157642,675800.47000000,4901519.15344000
1780646400000,2026-06-05 08:00:00,7.30600000,7.30700000,7.06300000,7.07700000,648931.16000000,1780660799999,2026-06-05 11:59:59,4657364.52568000,62228,352609.02000000,2529870.11832000
1780660800000,2026-06-05 12:00:00,7.07600000,7.22300000,6.85100000,6.90400000,1293699.40000000,1780675199999,2026-06-05 15:59:59,9088381.37334000,139689,647205.77000000,4547378.57828000
1780675200000,2026-06-05 16:00:00,6.90300000,7.10900000,6.58400000,6.70000000,1496999.45000000,1780689599999,2026-06-05 19:59:59,10247440.74178000,151558,730716.19000000,4997742.73383000
1780689600000,2026-06-05 20:00:00,6.69700000,7.01000000,6.61300000,6.72900000,907568.50000000,1780703999999,2026-06-05 23:59:59,6196258.72867000,78747,449521.23000000,3068570.85200000
1780704000000,2026-06-06 00:00:00,6.73000000,6.93300000,6.51500000,6.52600000,453414.45000000,1780718399999,2026-06-06 03:59:59,3044397.67722000,50134,219337.28000000,1472625.50007000
1780718400000,2026-06-06 04:00:00,6.52600000,6.71600000,6.22400000,6.67600000,969084.99000000,1780732799999,2026-06-06 07:59:59,6234868.55012000,97033,497411.02000000,3197836.73604000
1780732800000,2026-06-06 08:00:00,6.67700000,6.83800000,6.57100000,6.68300000,549920.95000000,1780747199999,2026-06-06 11:59:59,3677539.98486000,69243,276798.85000000,1851293.03958000
1780747200000,2026-06-06 12:00:00,6.68300000,6.82800000,6.60200000,6.69300000,485991.39000000,1780761599999,2026-06-06 15:59:59,3272262.54212000,57619,229343.37000000,1543280.69177000
1780761600000,2026-06-06 16:00:00,6.69200000,6.71500000,6.59600000,6.60800000,345629.49000000,1780775999999,2026-06-06 19:59:59,2299711.14248000,36041,173001.42000000,1151211.99790000
1780776000000,2026-06-06 20:00:00,6.60800000,6.68900000,6.56700000,6.66400000,282829.46000000,1780790399999,2026-06-06 23:59:59,1874191.85260000,26635,147061.99000000,974588.56497000
1780790400000,2026-06-07 00:00:00,6.66500000,6.84100000,6.65200000,6.75700000,374782.72000000,1780804799999,2026-06-07 03:59:59,2532997.62829000,35123,207310.96000000,1401170.22608000
1780804800000,2026-06-07 04:00:00,6.75600000,6.83500000,6.69000000,6.82500000,416657.69000000,1780819199999,2026-06-07 07:59:59,2827281.40075000,34118,230353.74000000,1563307.48570000
1780819200000,2026-06-07 08:00:00,6.82500000,6.88600000,6.69500000,6.72900000,529343.07000000,1780833599999,2026-06-07 11:59:59,3593177.13911000,43885,264395.36000000,1794735.93519000
1780833600000,2026-06-07 12:00:00,6.73000000,6.77700000,6.59300000,6.71000000,563694.18000000,1780847999999,2026-06-07 15:59:59,3760042.19930000,56089,263598.68000000,1758780.78811000
1780848000000,2026-06-07 16:00:00,6.71000000,6.74300000,6.50800000,6.54100000,464873.80000000,1780862399999,2026-06-07 19:59:59,3084074.81459000,42706,202222.02000000,1341617.05934000
1780862400000,2026-06-07 20:00:00,6.54000000,6.96400000,6.51900000,6.81900000,647639.13000000,1780876799999,2026-06-07 23:59:59,4371387.60518000,69272,308860.18000000,2085244.77290000
1780876800000,2026-06-08 00:00:00,6.81800000,6.86400000,6.63600000,6.66800000,474804.02000000,1780891199999,2026-06-08 03:59:59,3192614.44278000,52999,217868.32000000,1465835.48732000
1780891200000,2026-06-08 04:00:00,6.66900000,6.70500000,6.53800000,6.70300000,397946.27000000,1780905599999,2026-06-08 07:59:59,2633908.37565000,39132,195998.44000000,1297513.30132000
1780905600000,2026-06-08 08:00:00,6.70300000,6.82400000,6.62100000,6.78500000,474312.94000000,1780919999999,2026-06-08 11:59:59,3181917.49672000,38979,233733.99000000,1568308.04240000
1780920000000,2026-06-08 12:00:00,6.78500000,6.88000000,6.70100000,6.80900000,643051.30000000,1780934399999,2026-06-08 15:59:59,4358527.29680000,63386,322948.53000000,2190187.55263000
1780934400000,2026-06-08 16:00:00,6.81000000,6.86400000,6.77100000,6.82200000,367336.44000000,1780948799999,2026-06-08 19:59:59,2504428.46302000,33176,190727.57000000,1300641.87232000
1780948800000,2026-06-08 20:00:00,6.82300000,6.88200000,6.74500000,6.76600000,369689.12000000,1780963199999,2026-06-08 23:59:59,2514961.21725000,26503,176119.37000000,1198627.51456000
1780963200000,2026-06-09 00:00:00,6.76700000,6.77700000,6.59300000,6.67000000,555335.80000000,1780977599999,2026-06-09 03:59:59,3700559.32701000,33230,239941.04000000,1599161.13420000
1780977600000,2026-06-09 04:00:00,6.67000000,6.79300000,6.64500000,6.74800000,341408.90000000,1780991999999,2026-06-09 07:59:59,2298920.16168000,25322,171946.28000000,1157911.61889000
1780992000000,2026-06-09 08:00:00,6.74900000,6.75100000,6.66000000,6.71100000,229445.63000000,1781006399999,2026-06-09 11:59:59,1536254.53899000,19856,91153.75000000,610501.50416000
1781006400000,2026-06-09 12:00:00,6.71000000,6.74800000,6.51800000,6.52600000,475432.40000000,1781020799999,2026-06-09 15:59:59,3150585.84132000,54639,228758.15000000,1517790.37434000
1781020800000,2026-06-09 16:00:00,6.52600000,6.68000000,6.44500000,6.65800000,461112.28000000,1781035199999,2026-06-09 19:59:59,3034840.48012000,52841,210087.26000000,1384115.69792000
1781035200000,2026-06-09 20:00:00,6.65900000,6.70000000,6.61100000,6.63900000,265928.05000000,1781049599999,2026-06-09 23:59:59,1768727.57314000,22462,107608.55000000,715993.97925000
1781049600000,2026-06-10 00:00:00,6.63900000,6.68000000,6.55600000,6.58300000,192221.26000000,1781063999999,2026-06-10 03:59:59,1273633.12184000,23204,87148.85000000,577994.06272000
1781064000000,2026-06-10 04:00:00,6.58300000,6.59300000,6.48900000,6.56300000,250858.70000000,1781078399999,2026-06-10 07:59:59,1639620.43743000,22063,119446.62000000,780962.39174000
1781078400000,2026-06-10 08:00:00,6.56400000,6.56400000,6.41900000,6.46200000,493297.02000000,1781092799999,2026-06-10 11:59:59,3193585.20853000,45591,216228.63000000,1400087.44038000
1781092800000,2026-06-10 12:00:00,6.46200000,6.66400000,6.43900000,6.58000000,721777.58000000,1781107199999,2026-06-10 15:59:59,4734373.62590000,74338,350155.70000000,2296739.09811000
1781107200000,2026-06-10 16:00:00,6.58000000,6.58300000,6.42900000,6.46100000,676138.48000000,1781121599999,2026-06-10 19:59:59,4392178.91232000,64880,307186.27000000,1995817.39999000
1781121600000,2026-06-10 20:00:00,6.46200000,6.48400000,6.30100000,6.38300000,573953.36000000,1781135999999,2026-06-10 23:59:59,3660678.58618000,46127,238650.58000000,1522513.40878000
1781136000000,2026-06-11 00:00:00,6.38200000,6.64000000,6.38100000,6.59700000,375233.45000000,1781150399999,2026-06-11 03:59:59,2438419.13245000,25512,204621.54000000,1330512.61188000
1781150400000,2026-06-11 04:00:00,6.59700000,6.63000000,6.54900000,6.59300000,369139.19000000,1781164799999,2026-06-11 07:59:59,2432454.74638000,25610,187127.68000000,1233554.12671000
1781164800000,2026-06-11 08:00:00,6.59300000,6.64200000,6.54000000,6.59800000,369166.11000000,1781179199999,2026-06-11 11:59:59,2430069.06836000,23664,191866.81000000,1262864.00874000
1781179200000,2026-06-11 12:00:00,6.59900000,6.61100000,6.50100000,6.54400000,487316.76000000,1781193599999,2026-06-11 15:59:59,3193539.96740000,40677,239963.91000000,1572717.53479000
1781193600000,2026-06-11 16:00:00,6.54500000,6.70700000,6.47600000,6.66700000,569656.61000000,1781207999999,2026-06-11 19:59:59,3766381.06345000,36434,304355.61000000,2014579.60585000
1781208000000,2026-06-11 20:00:00,6.66800000,6.67800000,6.60700000,6.64800000,228885.41000000,1781222399999,2026-06-11 23:59:59,1521011.24110000,12436,130968.73000000,870566.94468000
1781222400000,2026-06-12 00:00:00,6.64800000,6.67700000,6.60100000,6.65900000,137175.19000000,1781236799999,2026-06-12 03:59:59,911495.33882000,9457,68691.17000000,456783.70478000
1781236800000,2026-06-12 04:00:00,6.65900000,6.69000000,6.52700000,6.57100000,230054.16000000,1781251199999,2026-06-12 07:59:59,1518209.15029000,13218,97718.40000000,645045.85506000
1781251200000,2026-06-12 08:00:00,6.57200000,6.66800000,6.56800000,6.63800000,169170.63000000,1781265599999,2026-06-12 11:59:59,1122548.43849000,14220,88262.65000000,585831.22472000
1781265600000,2026-06-12 12:00:00,6.63700000,6.70000000,6.52000000,6.55400000,473191.52000000,1781279999999,2026-06-12 15:59:59,3128087.96228000,38760,225822.02000000,1493849.48630000
1781280000000,2026-06-12 16:00:00,6.55200000,6.65400000,6.52300000,6.58600000,247220.43000000,1781294399999,2026-06-12 19:59:59,1629258.34111000,22627,120787.00000000,796271.88069000
1781294400000,2026-06-12 20:00:00,6.58700000,6.60600000,6.54000000,6.57100000,146905.99000000,1781308799999,2026-06-12 23:59:59,965679.27256000,10855,66229.70000000,435477.00258000
1781308800000,2026-06-13 00:00:00,6.57000000,6.63500000,6.55700000,6.59700000,102111.38000000,1781323199999,2026-06-13 03:59:59,673946.68342000,11074,55122.93000000,363885.99454000
1781323200000,2026-06-13 04:00:00,6.59800000,6.68600000,6.56900000,6.66600000,168657.39000000,1781337599999,2026-06-13 07:59:59,1117955.11307000,13585,94869.31000000,628935.72165000
1781337600000,2026-06-13 08:00:00,6.66700000,6.68300000,6.63000000,6.67400000,119322.69000000,1781351999999,2026-06-13 11:59:59,794694.23391000,11112,62915.49000000,419088.19326000
1781352000000,2026-06-13 12:00:00,6.67400000,6.76000000,6.66000000,6.75400000,253008.22000000,1781366399999,2026-06-13 15:59:59,1697321.51792000,15778,156702.54000000,1051467.36785000
1781366400000,2026-06-13 16:00:00,6.75400000,6.76900000,6.67900000,6.71500000,215367.87000000,1781380799999,2026-06-13 19:59:59,1445679.83909000,17459,105958.68000000,711495.06931000
1781380800000,2026-06-13 20:00:00,6.71500000,6.77600000,6.69900000,6.71900000,90896.10000000,1781395199999,2026-06-13 23:59:59,612247.76189000,8630,50964.46000000,343323.34984000
1781395200000,2026-06-14 00:00:00,6.71800000,6.73500000,6.69000000,6.72200000,105790.08000000,1781409599999,2026-06-14 03:59:59,710094.11136000,9368,45347.91000000,304427.92834000
1781409600000,2026-06-14 04:00:00,6.72300000,6.72400000,6.64200000,6.65800000,102213.04000000,1781423999999,2026-06-14 07:59:59,681869.95827000,9498,35970.81000000,239986.41577000
1781424000000,2026-06-14 08:00:00,6.65700000,6.68300000,6.62400000,6.64600000,110064.51000000,1781438399999,2026-06-14 11:59:59,732624.87717000,10447,42804.47000000,285023.50168000
1781438400000,2026-06-14 12:00:00,6.64600000,6.65200000,6.49500000,6.53100000,300068.21000000,1781452799999,2026-06-14 15:59:59,1966559.60392000,23551,104516.79000000,684703.96376000
1781452800000,2026-06-14 16:00:00,6.53000000,6.55200000,6.37600000,6.43400000,502422.46000000,1781467199999,2026-06-14 19:59:59,3239342.59279000,29623,201882.53000000,1300497.83879000
1781467200000,2026-06-14 20:00:00,6.43400000,6.79100000,6.41300000,6.79000000,721573.32000000,1781481599999,2026-06-14 23:59:59,4808821.14894000,53410,428978.39000000,2860316.04296000
1781481600000,2026-06-15 00:00:00,6.78900000,6.80500000,6.70000000,6.76400000,315955.51000000,1781495999999,2026-06-15 03:59:59,2134412.81006000,30225,173111.94000000,1169571.17287000
1781496000000,2026-06-15 04:00:00,6.76400000,6.80600000,6.73500000,6.75800000,245841.76000000,1781510399999,2026-06-15 07:59:59,1665852.38289000,17448,120377.45000000,815856.15810000
1781510400000,2026-06-15 08:00:00,6.75800000,6.95300000,6.74000000,6.90900000,511847.25000000,1781524799999,2026-06-15 11:59:59,3497306.45105000,37087,279746.65000000,1912791.96414000
1781524800000,2026-06-15 12:00:00,6.90900000,7.03500000,6.87700000,7.03500000,798981.83000000,1781539199999,2026-06-15 15:59:59,5558888.18153000,42847,428982.96000000,2985195.62651000
1781539200000,2026-06-15 16:00:00,7.03600000,7.07900000,6.88300000,6.89700000,555628.00000000,1781553599999,2026-06-15 19:59:59,3888583.39749000,34064,282149.06000000,1976155.09357000
1781553600000,2026-06-15 20:00:00,6.89700000,6.92600000,6.80300000,6.84000000,385997.88000000,1781567999999,2026-06-15 23:59:59,2647864.73105000,21657,166929.69000000,1145623.57531000
1781568000000,2026-06-16 00:00:00,6.83900000,6.87400000,6.74600000,6.83500000,257665.88000000,1781582399999,2026-06-16 03:59:59,1756278.17870000,15335,124876.36000000,851891.52154000
1781582400000,2026-06-16 04:00:00,6.83400000,6.92800000,6.76000000,6.92400000,185292.04000000,1781596799999,2026-06-16 07:59:59,1268251.07356000,10680,108687.41000000,744801.25472000
1781596800000,2026-06-16 08:00:00,6.92300000,7.05000000,6.91500000,6.95100000,331362.57000000,1781611199999,2026-06-16 11:59:59,2309732.66255000,27927,174094.38000000,1213843.54355000
1781611200000,2026-06-16 12:00:00,6.95100000,7.00100000,6.71400000,6.79000000,616952.98000000,1781625599999,2026-06-16 15:59:59,4219888.88844000,46656,268145.07000000,1836393.13852000
1781625600000,2026-06-16 16:00:00,6.79000000,6.91000000,6.76700000,6.86400000,340577.37000000,1781639999999,2026-06-16 19:59:59,2332387.72670000,21874,181117.96000000,1240543.38101000
1781640000000,2026-06-16 20:00:00,6.86400000,6.95100000,6.84700000,6.88000000,304569.55000000,1781654399999,2026-06-16 23:59:59,2104453.90787000,21386,132189.25000000,913642.75513000
1781654400000,2026-06-17 00:00:00,6.88100000,7.02200000,6.87100000,6.95400000,327180.73000000,1781668799999,2026-06-17 03:59:59,2274049.80919000,25972,157035.88000000,1091961.54151000
1781668800000,2026-06-17 04:00:00,6.95500000,6.98700000,6.87000000,6.89900000,362495.28000000,1781683199999,2026-06-17 07:59:59,2511304.92312000,21793,153925.73000000,1066670.24194000
1781683200000,2026-06-17 08:00:00,6.90000000,6.90300000,6.77400000,6.80600000,301353.01000000,1781697599999,2026-06-17 11:59:59,2057698.64544000,23496,127853.09000000,873118.23977000
1781697600000,2026-06-17 12:00:00,6.80600000,6.97100000,6.76800000,6.96800000,503465.96000000,1781711999999,2026-06-17 15:59:59,3453707.53243000,36031,286701.73000000,1969848.21114000
1781712000000,2026-06-17 16:00:00,6.96800000,7.01800000,6.70300000,6.73700000,996801.69000000,1781726399999,2026-06-17 19:59:59,6838523.89954000,90005,462725.93000000,3180211.16246000
1781726400000,2026-06-17 20:00:00,6.73600000,6.79600000,6.65300000,6.76600000,354097.79000000,1781740799999,2026-06-17 23:59:59,2387038.79728000,35186,186218.44000000,1256028.52265000
1781740800000,2026-06-18 00:00:00,6.76600000,6.80400000,6.70300000,6.71200000,184556.12000000,1781755199999,2026-06-18 03:59:59,1247814.90899000,17135,80045.19000000,541681.59240000
1781755200000,2026-06-18 04:00:00,6.71300000,6.71400000,6.57500000,6.67600000,488723.60000000,1781769599999,2026-06-18 07:59:59,3243210.60044000,39712,192663.54000000,1278822.99660000
1781769600000,2026-06-18 08:00:00,6.67700000,6.69800000,6.60700000,6.62000000,314475.63000000,1781783999999,2026-06-18 11:59:59,2093283.77574000,20978,140123.07000000,933166.70218000
1781784000000,2026-06-18 12:00:00,6.62100000,6.68000000,6.21400000,6.24500000,1455559.98000000,1781798399999,2026-06-18 15:59:59,9331068.52617000,91152,718490.71000000,4609939.21775000
1781798400000,2026-06-18 16:00:00,6.24400000,6.36800000,6.22800000,6.35600000,753976.37000000,1781812799999,2026-06-18 19:59:59,4749482.93817000,55015,395187.46000000,2489444.92062000
1781812800000,2026-06-18 20:00:00,6.35700000,6.38600000,6.27500000,6.31800000,457165.18000000,1781827199999,2026-06-18 23:59:59,2888828.80683000,26135,217596.94000000,1375127.67343000
1781827200000,2026-06-19 00:00:00,6.31700000,6.32400000,6.11100000,6.15000000,624588.52000000,1781841599999,2026-06-19 03:59:59,3890021.99876000,39354,272166.55000000,1695091.45693000
1781841600000,2026-06-19 04:00:00,6.15000000,6.15000000,5.96800000,5.99200000,1337374.69000000,1781855999999,2026-06-19 07:59:59,8078972.82365000,64554,629145.25000000,3798474.15073000
1781856000000,2026-06-19 08:00:00,5.99200000,6.10200000,5.98700000,6.04700000,816134.04000000,1781870399999,2026-06-19 11:59:59,4931277.61506000,39791,402979.35000000,2434913.09124000
1781870400000,2026-06-19 12:00:00,6.04700000,6.19300000,6.03500000,6.12200000,650834.23000000,1781884799999,2026-06-19 15:59:59,3981689.12796000,37391,324363.64000000,1984873.53108000
1781884800000,2026-06-19 16:00:00,6.12300000,6.15700000,5.68100000,5.87900000,3611683.45000000,1781899199999,2026-06-19 19:59:59,21249027.43090000,153760,1658396.39000000,9752599.78239000
1781899200000,2026-06-19 20:00:00,5.88000000,5.97500000,5.80200000,5.89600000,873141.36000000,1781913599999,2026-06-19 23:59:59,5154940.65124000,53044,401442.51000000,2368592.07188000
1781913600000,2026-06-20 00:00:00,5.89600000,5.97500000,5.88300000,5.95000000,603807.49000000,1781927999999,2026-06-20 03:59:59,3583169.88733000,34268,338659.93000000,2009483.30057000
1781928000000,2026-06-20 04:00:00,5.94900000,6.25900000,5.81900000,6.14800000,2893149.49000000,1781942399999,2026-06-20 07:59:59,17352858.36626000,116514,1534974.29000000,9201844.93556000
1781942400000,2026-06-20 08:00:00,6.14900000,6.22100000,6.09800000,6.16200000,596767.74000000,1781956799999,2026-06-20 11:59:59,3680154.17343000,47878,315116.73000000,1943616.18199000
1781956800000,2026-06-20 12:00:00,6.16300000,6.18800000,6.02700000,6.15000000,1651972.39000000,1781971199999,2026-06-20 15:59:59,10063296.86363000,85974,775975.35000000,4723462.04429000
1781971200000,2026-06-20 16:00:00,6.15100000,6.15200000,6.06800000,6.11600000,326340.88000000,1781985599999,2026-06-20 19:59:59,1992444.09306000,19330,181412.48000000,1107765.11313000
1781985600000,2026-06-20 20:00:00,6.11700000,6.26300000,6.10600000,6.23900000,712244.20000000,1781999999999,2026-06-20 23:59:59,4413812.92554000,38801,390427.08000000,2419977.45643000
1782000000000,2026-06-21 00:00:00,6.24000000,6.29200000,6.21600000,6.26300000,445651.57000000,1782014399999,2026-06-21 03:59:59,2787692.12035000,29410,219206.26000000,1371606.36705000
1782014400000,2026-06-21 04:00:00,6.26300000,6.34500000,6.20400000,6.28700000,325558.31000000,1782028799999,2026-06-21 07:59:59,2038167.21991000,24911,169728.10000000,1062984.21012000
1782028800000,2026-06-21 08:00:00,6.28800000,6.34200000,6.23500000,6.26700000,501504.58000000,1782043199999,2026-06-21 11:59:59,3158626.55463000,41847,251203.98000000,1582268.07158000
1782043200000,2026-06-21 12:00:00,6.26700000,6.37200000,6.24000000,6.33100000,342068.24000000,1782057599999,2026-06-21 15:59:59,2155461.59934000,26666,188696.63000000,1189245.79100000
1782057600000,2026-06-21 16:00:00,6.33100000,6.33500000,6.22800000,6.26300000,250685.66000000,1782071999999,2026-06-21 19:59:59,1571264.15907000,21513,130327.42000000,816747.53393000
1782072000000,2026-06-21 20:00:00,6.26300000,6.26800000,6.09700000,6.11300000,336904.40000000,1782086399999,2026-06-21 23:59:59,2077122.57120000,28308,146299.71000000,902039.72959000
1782086400000,2026-06-22 00:00:00,6.11300000,6.33600000,6.11300000,6.23000000,400626.25000000,1782100799999,2026-06-22 03:59:59,2498584.82581000,33013,243013.59000000,1515281.13663000
1782100800000,2026-06-22 04:00:00,6.23000000,6.32000000,6.19600000,6.28600000,670311.29000000,1782115199999,2026-06-22 07:59:59,4187168.38728000,42263,421144.22000000,2628700.61694000
1782115200000,2026-06-22 08:00:00,6.28600000,6.37900000,6.22000000,6.36500000,369217.34000000,1782129599999,2026-06-22 11:59:59,2319262.72421000,33282,199970.39000000,1257009.04540000
1782129600000,2026-06-22 12:00:00,6.36500000,6.47200000,6.28300000,6.30700000,573252.14000000,1782143999999,2026-06-22 15:59:59,3655346.58262000,56337,319216.03000000,2035566.11227000
1782144000000,2026-06-22 16:00:00,6.30700000,6.33600000,6.23400000,6.27100000,335046.78000000,1782158399999,2026-06-22 19:59:59,2109523.75597000,27682,174076.99000000,1096529.18789000
1782158400000,2026-06-22 20:00:00,6.27200000,6.29700000,6.16600000,6.24100000,228000.96000000,1782172799999,2026-06-22 23:59:59,1419977.73952000,19162,120988.74000000,753355.05610000
1782172800000,2026-06-23 00:00:00,6.24100000,6.31300000,6.21400000,6.31300000,266567.80000000,1782187199999,2026-06-23 03:59:59,1671728.52017000,20201,162752.92000000,1020538.18293000
1782187200000,2026-06-23 04:00:00,6.31400000,6.33400000,6.06500000,6.15700000,1042247.04000000,1782201599999,2026-06-23 07:59:59,6399246.12095000,59241,616085.11000000,3773952.03921000
1782201600000,2026-06-23 08:00:00,6.15700000,6.25800000,6.01300000,6.25700000,743697.69000000,1782215999999,2026-06-23 11:59:59,4585192.06483000,56309,386393.42000000,2381191.20758000
1782216000000,2026-06-23 12:00:00,6.25800000,6.45600000,6.21700000,6.37100000,999241.73000000,1782230399999,2026-06-23 15:59:59,6310155.52570000,80557,500958.90000000,3163849.28648000
1782230400000,2026-06-23 16:00:00,6.37200000,6.40800000,6.27100000,6.34000000,580484.08000000,1782244799999,2026-06-23 19:59:59,3673604.25925000,41797,330745.89000000,2093817.84112000
1782244800000,2026-06-23 20:00:00,6.34100000,6.52700000,6.34100000,6.48400000,741069.52000000,1782259199999,2026-06-23 23:59:59,4778417.62251000,49926,426558.73000000,2750828.92018000
1782259200000,2026-06-24 00:00:00,6.48400000,6.54400000,6.40700000,6.41700000,503947.17000000,1782273599999,2026-06-24 03:59:59,3266026.22222000,34786,247609.26000000,1605158.77274000
1782273600000,2026-06-24 04:00:00,6.41700000,6.45800000,6.35600000,6.39500000,350959.31000000,1782287999999,2026-06-24 07:59:59,2249654.05264000,20646,177787.98000000,1139831.85446000
1782288000000,2026-06-24 08:00:00,6.39400000,6.49600000,6.37100000,6.44700000,336325.35000000,1782302399999,2026-06-24 11:59:59,2155506.46390000,29006,166442.20000000,1067193.42997000
1782302400000,2026-06-24 12:00:00,6.44700000,6.45000000,6.20600000,6.23400000,819302.98000000,1782316799999,2026-06-24 15:59:59,5180109.83410000,74370,375246.56000000,2373544.47476000
1782316800000,2026-06-24 16:00:00,6.23300000,6.30600000,5.99800000,6.14400000,788864.75000000,1782331199999,2026-06-24 19:59:59,4834123.88031000,67560,381099.82000000,2335828.72888000
1782331200000,2026-06-24 20:00:00,6.14300000,6.49200000,6.11900000,6.44400000,741476.80000000,1782345599999,2026-06-24 23:59:59,4717324.94116000,52320,419061.72000000,2665179.89279000
1782345600000,2026-06-25 00:00:00,6.44400000,6.48300000,6.39000000,6.41400000,353534.86000000,1782359999999,2026-06-25 03:59:59,2271751.11501000,30999,194027.55000000,1246610.90991000
1782360000000,2026-06-25 04:00:00,6.41400000,6.64000000,6.38900000,6.53100000,811192.98000000,1782374399999,2026-06-25 07:59:59,5315984.95521000,60243,459474.28000000,3011969.12411000
1782374400000,2026-06-25 08:00:00,6.53100000,6.53400000,6.38500000,6.40400000,437699.89000000,1782388799999,2026-06-25 11:59:59,2825821.70279000,27544,165609.18000000,1069192.68491000
1782388800000,2026-06-25 12:00:00,6.40400000,6.44700000,5.95400000,6.11800000,1501476.45000000,1782403199999,2026-06-25 15:59:59,9232774.47858000,141843,727529.01000000,4475086.07676000
1782403200000,2026-06-25 16:00:00,6.11900000,6.26000000,6.04600000,6.10900000,602452.67000000,1782417599999,2026-06-25 19:59:59,3711785.31141000,60492,295378.19000000,1820065.55707000
1782417600000,2026-06-25 20:00:00,6.11000000,6.26900000,6.11000000,6.23500000,294685.21000000,1782431999999,2026-06-25 23:59:59,1826570.16647000,28149,144152.05000000,893508.36560000
1782432000000,2026-06-26 00:00:00,6.23500000,6.24900000,5.96300000,6.14300000,456570.67000000,1782446399999,2026-06-26 03:59:59,2775127.67322000,50675,228560.64000000,1389651.56341000
1782446400000,2026-06-26 04:00:00,6.14400000,6.33500000,6.07200000,6.31200000,433671.17000000,1782460799999,2026-06-26 07:59:59,2690611.64917000,53724,206442.33000000,1281749.80095000
1782460800000,2026-06-26 08:00:00,6.31200000,6.32200000,6.10500000,6.13600000,315359.26000000,1782475199999,2026-06-26 11:59:59,1957304.61514000,37600,155310.91000000,964559.48708000
1782475200000,2026-06-26 12:00:00,6.13600000,6.37700000,6.04300000,6.37300000,672037.19000000,1782489599999,2026-06-26 15:59:59,4179634.78608000,74129,344643.27000000,2145001.30319000
1782489600000,2026-06-26 16:00:00,6.37400000,6.52300000,6.34300000,6.38300000,795817.73000000,1782503999999,2026-06-26 19:59:59,5122366.27170000,75247,407032.02000000,2620232.07266000
1782504000000,2026-06-26 20:00:00,6.38300000,6.63400000,6.32000000,6.63300000,638909.53000000,1782518399999,2026-06-26 23:59:59,4137528.15009000,49865,335719.04000000,2176418.63837000
1782518400000,2026-06-27 00:00:00,6.63300000,6.67100000,6.49900000,6.54900000,592689.23000000,1782532799999,2026-06-27 03:59:59,3906034.59398000,46525,307018.02000000,2023658.24357000
1782532800000,2026-06-27 04:00:00,6.55000000,6.63700000,6.52100000,6.56300000,367642.81000000,1782547199999,2026-06-27 07:59:59,2415595.58037000,26782,218670.01000000,1436382.39213000
1782547200000,2026-06-27 08:00:00,6.56200000,6.58400000,6.45000000,6.57900000,373814.28000000,1782561599999,2026-06-27 11:59:59,2438090.68295000,28603,183234.54000000,1195802.38891000
1782561600000,2026-06-27 12:00:00,6.58000000,6.67600000,6.52100000,6.63700000,354784.22000000,1782575999999,2026-06-27 15:59:59,2341321.42911000,31766,190519.08000000,1257637.43842000
1782576000000,2026-06-27 16:00:00,6.63800000,6.65300000,6.40000000,6.43100000,413147.75000000,1782590399999,2026-06-27 19:59:59,2697474.97923000,33595,200577.49000000,1310777.18458000
1782590400000,2026-06-27 20:00:00,6.43100000,6.46400000,6.33600000,6.43300000,264334.79000000,1782604799999,2026-06-27 23:59:59,1695490.43969000,26487,130600.83000000,838637.77998000
1782604800000,2026-06-28 00:00:00,6.43300000,6.44300000,6.36600000,6.40600000,197022.86000000,1782619199999,2026-06-28 03:59:59,1261678.72291000,16051,99711.47000000,638556.28000000
1782619200000,2026-06-28 04:00:00,6.40500000,6.41000000,6.30200000,6.34100000,189267.35000000,1782633599999,2026-06-28 07:59:59,1202778.55890000,18722,88493.88000000,562187.48534000
1782633600000,2026-06-28 08:00:00,6.34100000,6.39500000,6.30700000,6.35800000,226916.36000000,1782647999999,2026-06-28 11:59:59,1441082.10041000,23899,122448.71000000,777875.87835000
1782648000000,2026-06-28 12:00:00,6.35700000,6.35700000,6.28000000,6.32700000,191265.96000000,1782662399999,2026-06-28 15:59:59,1208594.47459000,20536,86098.17000000,544126.15029000
1782662400000,2026-06-28 16:00:00,6.32700000,6.36900000,6.27000000,6.33500000,254211.33000000,1782676799999,2026-06-28 19:59:59,1604517.13312000,24660,151029.34000000,953125.17871000
1782676800000,2026-06-28 20:00:00,6.33400000,6.48700000,6.29900000,6.44800000,394968.46000000,1782691199999,2026-06-28 23:59:59,2529575.34691000,43959,206931.11000000,1325857.49236000
1782691200000,2026-06-29 00:00:00,6.45000000,6.66300000,6.36400000,6.61700000,471696.22000000,1782705599999,2026-06-29 03:59:59,3075122.48639000,55605,251740.44000000,1642131.84494000
1782705600000,2026-06-29 04:00:00,6.61800000,6.65000000,6.50000000,6.55000000,556201.35000000,1782719999999,2026-06-29 07:59:59,3659402.51709000,47612,275616.79000000,1814156.89544000
1782720000000,2026-06-29 08:00:00,6.55100000,6.63000000,6.50000000,6.57400000,442857.18000000,1782734399999,2026-06-29 11:59:59,2909362.58527000,44983,220910.42000000,1451257.37309000
1782734400000,2026-06-29 12:00:00,6.57400000,6.71400000,6.44800000,6.65900000,744539.63000000,1782748799999,2026-06-29 15:59:59,4900619.64940000,83246,384869.30000000,2535829.79071000
1782748800000,2026-06-29 16:00:00,6.66000000,6.82200000,6.62600000,6.72500000,692116.69000000,1782763199999,2026-06-29 19:59:59,4660943.79288000,60415,375931.98000000,2531356.94647000
1782763200000,2026-06-29 20:00:00,6.72500000,6.73600000,6.66100000,6.67900000,244885.05000000,1782777599999,2026-06-29 23:59:59,1640297.47017000,21287,106236.25000000,711676.93445000
1782777600000,2026-06-30 00:00:00,6.67800000,6.68100000,6.61100000,6.62900000,197253.09000000,1782791999999,2026-06-30 03:59:59,1311780.52726000,20814,98053.30000000,652317.38329000
1782792000000,2026-06-30 04:00:00,6.62900000,6.64000000,6.56800000,6.57900000,198544.18000000,1782806399999,2026-06-30 07:59:59,1310509.92352000,16648,82207.89000000,542785.06657000
1782806400000,2026-06-30 08:00:00,6.57900000,6.65500000,6.52500000,6.53500000,368302.23000000,1782820799999,2026-06-30 11:59:59,2431546.68090000,25651,195311.02000000,1290081.11277000
1782820800000,2026-06-30 12:00:00,6.53400000,6.53400000,6.38500000,6.49900000,511631.60000000,1782835199999,2026-06-30 15:59:59,3299741.46296000,57519,224602.01000000,1449772.79032000
1782835200000,2026-06-30 16:00:00,6.50000000,6.59800000,6.46600000,6.57500000,261854.68000000,1782849599999,2026-06-30 19:59:59,1711585.03633000,26322,126502.51000000,827394.83848000
1782849600000,2026-06-30 20:00:00,6.57500000,6.59400000,6.50800000,6.53800000,126843.91000000,1782863999999,2026-06-30 23:59:59,830248.47000000,12495,68121.15000000,445834.71195000
1782864000000,2026-07-01 00:00:00,6.53900000,6.72700000,6.42700000,6.70400000,339779.21000000,1782878399999,2026-07-01 03:59:59,2244580.51237000,36095,187734.98000000,1242027.20770000
1782878400000,2026-07-01 04:00:00,6.70500000,6.72300000,6.60500000,6.65400000,302705.89000000,1782892799999,2026-07-01 07:59:59,2019249.46854000,29300,141724.75000000,945536.08076000
1782892800000,2026-07-01 08:00:00,6.65400000,6.69700000,6.61700000,6.65900000,338378.53000000,1782907199999,2026-07-01 11:59:59,2253998.94368000,39778,193322.67000000,1288172.68653000
1782907200000,2026-07-01 12:00:00,6.66000000,6.74800000,6.56100000,6.73000000,446802.59000000,1782921599999,2026-07-01 15:59:59,2975688.85264000,57557,221212.16000000,1473909.63702000
1782921600000,2026-07-01 16:00:00,6.73000000,6.75800000,6.66700000,6.69500000,316188.03000000,1782935999999,2026-07-01 19:59:59,2124462.87154000,29662,144919.07000000,974194.24303000
1782936000000,2026-07-01 20:00:00,6.69500000,6.81400000,6.66300000,6.66600000,437794.89000000,1782950399999,2026-07-01 23:59:59,2950837.52409000,42039,216217.80000000,1458624.83851000
1782950400000,2026-07-02 00:00:00,6.66700000,6.72900000,6.61300000,6.71600000,339299.14000000,1782964799999,2026-07-02 03:59:59,2263876.39370000,37175,150076.66000000,1001484.17431000
1782964800000,2026-07-02 04:00:00,6.71500000,6.73500000,6.66300000,6.67100000,216440.51000000,1782979199999,2026-07-02 07:59:59,1449621.50618000,22399,103319.51000000,692109.25813000
1782979200000,2026-07-02 08:00:00,6.67200000,6.81400000,6.66600000,6.78200000,378928.01000000,1782993599999,2026-07-02 11:59:59,2560816.67663000,33522,188145.84000000,1271373.47670000
1782993600000,2026-07-02 12:00:00,6.78100000,6.88000000,6.74000000,6.77700000,620454.11000000,1783007999999,2026-07-02 15:59:59,4223478.43655000,63544,279958.36000000,1906416.60622000
1783008000000,2026-07-02 16:00:00,6.77700000,6.79000000,6.71700000,6.74400000,227166.40000000,1783022399999,2026-07-02 19:59:59,1534978.06431000,26385,108302.27000000,731973.92934000
1783022400000,2026-07-02 20:00:00,6.74500000,6.82300000,6.72300000,6.80000000,302421.71000000,1783036799999,2026-07-02 23:59:59,2050976.26177000,24185,149345.31000000,1012547.82884000
1783036800000,2026-07-03 00:00:00,6.80100000,6.88000000,6.78300000,6.85000000,362102.00000000,1783051199999,2026-07-03 03:59:59,2474972.30225000,32421,152001.29000000,1039212.72477000
1783051200000,2026-07-03 04:00:00,6.85100000,6.87800000,6.81200000,6.83800000,296602.08000000,1783065599999,2026-07-03 07:59:59,2029381.98887000,23183,108128.16000000,739783.37572000
1783065600000,2026-07-03 08:00:00,6.83900000,6.91300000,6.82600000,6.90100000,364094.56000000,1783079999999,2026-07-03 11:59:59,2499276.67653000,28594,185260.31000000,1272032.08768000
1783080000000,2026-07-03 12:00:00,6.90000000,6.92400000,6.80700000,6.83000000,277053.66000000,1783094399999,2026-07-03 15:59:59,1900646.29535000,26299,119258.78000000,818601.62079000
1783094400000,2026-07-03 16:00:00,6.83000000,6.93700000,6.79200000,6.91500000,410984.76000000,1783108799999,2026-07-03 19:59:59,2824074.89464000,24687,204276.53000000,1404782.44558000
1783108800000,2026-07-03 20:00:00,6.91600000,7.03500000,6.91200000,6.94800000,398510.33000000,1783123199999,2026-07-03 23:59:59,2778270.33145000,36503,205063.54000000,1429950.52434000
1783123200000,2026-07-04 00:00:00,6.94900000,6.97200000,6.86500000,6.93300000,226633.70000000,1783137599999,2026-07-04 03:59:59,1566193.15541000,24046,92476.03000000,639040.82332000
1783137600000,2026-07-04 04:00:00,6.93400000,6.94900000,6.84100000,6.86700000,205714.59000000,1783151999999,2026-07-04 07:59:59,1417968.85557000,20926,69354.45000000,478372.52162000
1783152000000,2026-07-04 08:00:00,6.86800000,6.87700000,6.81700000,6.85800000,142019.06000000,1783166399999,2026-07-04 11:59:59,972238.12446000,14802,55901.44000000,382880.54811000
1783166400000,2026-07-04 12:00:00,6.85800000,7.00700000,6.85700000,6.98700000,206378.30000000,1783180799999,2026-07-04 15:59:59,1433242.78862000,20948,122519.43000000,851036.49816000
1783180800000,2026-07-04 16:00:00,6.98800000,7.11500000,6.94100000,7.01200000,288175.86000000,1783195199999,2026-07-04 19:59:59,2027147.79072000,30387,147456.46000000,1037027.73714000
1783195200000,2026-07-04 20:00:00,7.01200000,7.02800000,6.91900000,6.96800000,142557.82000000,1783209599999,2026-07-04 23:59:59,995841.63411000,14404,47139.16000000,329185.22876000
1783209600000,2026-07-05 00:00:00,6.96700000,6.97100000,6.78600000,6.80600000,253704.46000000,1783223999999,2026-07-05 03:59:59,1740300.20600000,24768,93868.09000000,643476.37814000
1783224000000,2026-07-05 04:00:00,6.80600000,6.83000000,6.75300000,6.81800000,245207.54000000,1783238399999,2026-07-05 07:59:59,1665079.35113000,18557,118763.62000000,806776.16300000
1783238400000,2026-07-05 08:00:00,6.81700000,6.89200000,6.77300000,6.88000000,270075.26000000,1783252799999,2026-07-05 11:59:59,1842814.03973000,26050,122346.29000000,835936.52991000
1783252800000,2026-07-05 12:00:00,6.88000000,6.94900000,6.85400000,6.92800000,198910.58000000,1783267199999,2026-07-05 15:59:59,1373254.98534000,18635,94897.24000000,655374.39675000
1783267200000,2026-07-05 16:00:00,6.92900000,6.97700000,6.90300000,6.91800000,220913.71000000,1783281599999,2026-07-05 19:59:59,1531516.01967000,17646,107175.69000000,743249.13645000
1783281600000,2026-07-05 20:00:00,6.91800000,7.00800000,6.88200000,6.92400000,277352.57000000,1783295999999,2026-07-05 23:59:59,1925536.30307000,26003,123791.79000000,859908.41076000
1783296000000,2026-07-06 00:00:00,6.92500000,6.95400000,6.85000000,6.91800000,157934.77000000,1783310399999,2026-07-06 03:59:59,1090085.41102000,22395,77091.11000000,532258.67999000
1783310400000,2026-07-06 04:00:00,6.91800000,6.96700000,6.83200000,6.93200000,191381.01000000,1783324799999,2026-07-06 07:59:59,1320680.57132000,19968,103049.15000000,711303.04645000
1783324800000,2026-07-06 08:00:00,6.93100000,6.94000000,6.81800000,6.81800000,178069.56000000,1783339199999,2026-07-06 11:59:59,1221327.75698000,17198,81848.58000000,561559.30913000
1783339200000,2026-07-06 12:00:00,6.81800000,6.92400000,6.71400000,6.91900000,556075.92000000,1783353599999,2026-07-06 15:59:59,3774898.96110000,61758,247075.04000000,1677638.57827000
1783353600000,2026-07-06 16:00:00,6.92000000,6.99300000,6.89600000,6.96000000,337763.47000000,1783367999999,2026-07-06 19:59:59,2349707.28144000,32163,165163.16000000,1148980.61848000
1783368000000,2026-07-06 20:00:00,6.96000000,7.08800000,6.89100000,6.93000000,480440.35000000,1783382399999,2026-07-06 23:59:59,3347981.00756000,40703,228605.14000000,1595488.82480000
1783382400000,2026-07-07 00:00:00,6.92900000,6.94900000,6.78200000,6.80400000,201643.00000000,1783396799999,2026-07-07 03:59:59,1379901.98324000,22288,86767.49000000,594016.06492000
1783396800000,2026-07-07 04:00:00,6.80500000,6.81800000,6.69800000,6.76400000,564635.69000000,1783411199999,2026-07-07 07:59:59,3822928.59847000,29062,273936.72000000,1853405.37796000
1783411200000,2026-07-07 08:00:00,6.76500000,6.80200000,6.73600000,6.79500000,202901.84000000,1783425599999,2026-07-07 11:59:59,1373367.32512000,18417,107096.19000000,724966.76717000
1783425600000,2026-07-07 12:00:00,6.79500000,6.82300000,6.65000000,6.77000000,376596.86000000,1783439999999,2026-07-07 15:59:59,2538863.11850000,49907,178542.38000000,1204030.89420000
1783440000000,2026-07-07 16:00:00,6.77000000,6.80900000,6.69500000,6.75800000,244759.72000000,1783454399999,2026-07-07 19:59:59,1655805.22867000,30523,113567.27000000,768644.59727000
1783454400000,2026-07-07 20:00:00,6.75900000,6.77300000,6.66000000,6.68900000,160855.45000000,1783468799999,2026-07-07 23:59:59,1081047.60637000,12887,66957.13000000,450389.14687000
1783468800000,2026-07-08 00:00:00,6.68900000,6.69800000,6.35100000,6.39400000,613065.28000000,1783483199999,2026-07-08 03:59:59,3971547.96789000,73769,268027.51000000,1733881.78444000
1783483200000,2026-07-08 04:00:00,6.39400000,6.45800000,6.36800000,6.44800000,307734.06000000,1783497599999,2026-07-08 07:59:59,1973524.57915000,30529,174544.94000000,1119131.14000000
1783497600000,2026-07-08 08:00:00,6.44800000,6.45500000,6.31700000,6.44100000,455677.50000000,1783511999999,2026-07-08 11:59:59,2911077.40121000,43611,201830.20000000,1288808.74418000
1783512000000,2026-07-08 12:00:00,6.44100000,6.47600000,6.34800000,6.38200000,351444.13000000,1783526399999,2026-07-08 15:59:59,2253961.33166000,35000,160840.01000000,1031812.72278000
1783526400000,2026-07-08 16:00:00,6.38200000,6.48300000,6.38000000,6.45600000,163194.88000000,1783540799999,2026-07-08 19:59:59,1049061.94797000,21174,76087.29000000,489066.39145000
1783540800000,2026-07-08 20:00:00,6.45700000,6.47600000,6.41700000,6.47500000,94114.98000000,1783555199999,2026-07-08 23:59:59,607347.47443000,13062,41392.50000000,267161.81964000
1783555200000,2026-07-09 00:00:00,6.47400000,6.54700000,6.42800000,6.46500000,378132.71000000,1783569599999,2026-07-09 03:59:59,2453592.87971000,25706,193811.40000000,1257515.63068000
1783569600000,2026-07-09 04:00:00,6.46600000,6.81300000,6.46300000,6.74600000,635457.10000000,1783583999999,2026-07-09 07:59:59,4250327.09883000,53809,348865.39000000,2331387.50543000
1783584000000,2026-07-09 08:00:00,6.74600000,6.76800000,6.66500000,6.70900000,308695.28000000,1783598399999,2026-07-09 11:59:59,2074712.67262000,30735,122139.14000000,820753.61978000
1783598400000,2026-07-09 12:00:00,6.71000000,6.79000000,6.68600000,6.75300000,322963.21000000,1783612799999,2026-07-09 15:59:59,2175741.97543000,40776,158370.92000000,1067063.21273000
1783612800000,2026-07-09 16:00:00,6.75300000,6.77800000,6.69600000,6.72500000,151187.60000000,1783627199999,2026-07-09 19:59:59,1018590.61656000,17703,77852.58000000,524657.40414000
1783627200000,2026-07-09 20:00:00,6.72500000,6.73500000,6.67900000,6.67900000,117692.70000000,1783641599999,2026-07-09 23:59:59,789117.89888000,12353,61227.62000000,410499.54436000
1783641600000,2026-07-10 00:00:00,6.67900000,6.81500000,6.66800000,6.77900000,208135.22000000,1783655999999,2026-07-10 03:59:59,1406195.60225000,19308,129993.47000000,878332.72973000
1783656000000,2026-07-10 04:00:00,6.77900000,6.83400000,6.74000000,6.75200000,163200.98000000,1783670399999,2026-07-10 07:59:59,1106589.74409000,16684,74546.46000000,505659.24858000
1783670400000,2026-07-10 08:00:00,6.75300000,6.81500000,6.73700000,6.75200000,193410.42000000,1783684799999,2026-07-10 11:59:59,1309520.11804000,18231,109526.34000000,741489.10011000
1783684800000,2026-07-10 12:00:00,6.75100000,6.78600000,6.64900000,6.74300000,286645.06000000,1783699199999,2026-07-10 15:59:59,1924072.40201000,34977,145291.63000000,974892.11204000
1783699200000,2026-07-10 16:00:00,6.74300000,6.77200000,6.70800000,6.74200000,100385.60000000,1783713599999,2026-07-10 19:59:59,677276.50650000,13254,52264.20000000,352666.89408000
1783713600000,2026-07-10 20:00:00,6.74300000,6.76700000,6.73000000,6.73900000,69509.45000000,1783727999999,2026-07-10 23:59:59,469163.84579000,8955,32437.07000000,218946.12765000
1783728000000,2026-07-11 00:00:00,6.74000000,6.75600000,6.70700000,6.72500000,86659.83000000,1783742399999,2026-07-11 03:59:59,583021.92303000,8462,43548.03000000,292987.62543000
1783742400000,2026-07-11 04:00:00,6.72400000,6.73800000,6.69800000,6.71000000,82084.46000000,1783756799999,2026-07-11 07:59:59,551208.63802000,7053,37894.83000000,254484.14162000
1783756800000,2026-07-11 08:00:00,6.70900000,6.73900000,6.68800000,6.72000000,100710.72000000,1783771199999,2026-07-11 11:59:59,675784.89005000,8797,49564.43000000,332557.07317000
1783771200000,2026-07-11 12:00:00,6.71900000,6.79100000,6.71900000,6.75200000,153601.30000000,1783785599999,2026-07-11 15:59:59,1037475.22758000,16909,77604.48000000,524232.15399000
1783785600000,2026-07-11 16:00:00,6.75100000,6.78700000,6.72900000,6.75200000,90706.06000000,1783799999999,2026-07-11 19:59:59,613032.03517000,9843,46550.13000000,314654.70349000
1783800000000,2026-07-11 20:00:00,6.75100000,6.76100000,6.54200000,6.55200000,340463.81000000,1783814399999,2026-07-11 23:59:59,2259924.16897000,26638,142779.43000000,947257.82735000
1783814400000,2026-07-12 00:00:00,6.55100000,6.55100000,6.42600000,6.52700000,413541.94000000,1783828799999,2026-07-12 03:59:59,2681377.85727000,41091,214074.41000000,1387876.63513000
1783828800000,2026-07-12 04:00:00,6.52600000,6.54100000,6.28200000,6.37900000,725454.80000000,1783843199999,2026-07-12 07:59:59,4636434.33563000,78630,323531.92000000,2066650.08232000
1783843200000,2026-07-12 08:00:00,6.37900000,6.44900000,6.37100000,6.43300000,190700.55000000,1783857599999,2026-07-12 11:59:59,1221148.24314000,19966,118834.88000000,761181.18974000
1783857600000,2026-07-12 12:00:00,6.43200000,6.48100000,6.42000000,6.44100000,174824.98000000,1783871999999,2026-07-12 15:59:59,1127281.62450000,18748,96655.91000000,623389.33932000
1783872000000,2026-07-12 16:00:00,6.44000000,6.48000000,6.39200000,6.47200000,170082.27000000,1783886399999,2026-07-12 19:59:59,1093633.82852000,17709,67655.33000000,435104.45372000
1783886400000,2026-07-12 20:00:00,6.47200000,6.48300000,6.37300000,6.40700000,203305.79000000,1783900799999,2026-07-12 23:59:59,1306035.48991000,18190,91516.72000000,587865.41588000
1783900800000,2026-07-13 00:00:00,6.40700000,6.56200000,6.40300000,6.49000000,390582.32000000,1783915199999,2026-07-13 03:59:59,2526558.32575000,51489,166471.10000000,1077645.74593000
1783915200000,2026-07-13 04:00:00,6.49000000,6.52800000,6.45600000,6.50900000,221565.99000000,1783929599999,2026-07-13 07:59:59,1438674.21421000,26560,112742.33000000,732162.21256000
1783929600000,2026-07-13 08:00:00,6.50900000,6.67200000,6.49200000,6.64600000,463578.00000000,1783943999999,2026-07-13 11:59:59,3069046.79178000,52077,236663.39000000,1566956.98176000
1783944000000,2026-07-13 12:00:00,6.64600000,6.68300000,6.53100000,6.56300000,746028.22000000,1783958399999,2026-07-13 15:59:59,4933182.02534000,79042,377759.22000000,2497906.34846000
1783958400000,2026-07-13 16:00:00,6.56300000,6.58500000,6.42200000,6.47600000,326173.34000000,1783972799999,2026-07-13 19:59:59,2115907.67121000,29732,149052.34000000,966136.77165000
1783972800000,2026-07-13 20:00:00,6.47600000,6.49000000,6.33800000,6.45200000,207164.55000000,1783987199999,2026-07-13 23:59:59,1328317.34726000,16402,99200.91000000,636387.66296000
1783987200000,2026-07-14 00:00:00,6.45200000,6.50200000,6.42000000,6.44300000,135700.70000000,1784001599999,2026-07-14 03:59:59,877599.99396000,14668,61538.49000000,398028.38484000
1784001600000,2026-07-14 04:00:00,6.44400000,6.51600000,6.44100000,6.48100000,136490.76000000,1784015999999,2026-07-14 07:59:59,885809.80454000,10973,63070.05000000,409384.65714000
1784016000000,2026-07-14 08:00:00,6.48000000,6.53700000,6.43900000,6.44000000,180504.63000000,1784030399999,2026-07-14 11:59:59,1169110.50326000,16035,78379.24000000,507767.93557000
1784030400000,2026-07-14 12:00:00,6.44000000,6.71200000,6.42200000,6.65600000,751042.05000000,1784044799999,2026-07-14 15:59:59,4960613.87084000,78868,413005.82000000,2729936.98860000
1784044800000,2026-07-14 16:00:00,6.65600000,6.68800000,6.60400000,6.67400000,240300.62000000,1784059199999,2026-07-14 19:59:59,1599907.14288000,24958,114798.53000000,764583.55799000
1784059200000,2026-07-14 20:00:00,6.67400000,6.71200000,6.62500000,6.71200000,159509.56000000,1784073599999,2026-07-14 23:59:59,1062667.08513000,18235,90412.60000000,602598.96269000
1784073600000,2026-07-15 00:00:00,6.71300000,6.75700000,6.60600000,6.65800000,221614.18000000,1784087999999,2026-07-15 03:59:59,1478743.30705000,16332,105181.45000000,702631.49178000
1784088000000,2026-07-15 04:00:00,6.65700000,6.73400000,6.60900000,6.62100000,170184.13000000,1784102399999,2026-07-15 07:59:59,1136255.01370000,15750,91734.04000000,612734.85785000
1784102400000,2026-07-15 08:00:00,6.62200000,6.68900000,6.61400000,6.66900000,126056.93000000,1784116799999,2026-07-15 11:59:59,838822.54977000,11880,64233.25000000,427588.50603000
1784116800000,2026-07-15 12:00:00,6.66900000,6.77300000,6.65800000,6.72800000,406324.59000000,1784131199999,2026-07-15 15:59:59,2730852.81550000,38507,226656.43000000,1523854.91657000
1784131200000,2026-07-15 16:00:00,6.72800000,6.74900000,6.64700000,6.69600000,280096.77000000,1784145599999,2026-07-15 19:59:59,1878869.99437000,24094,135174.13000000,906737.54967000
1784145600000,2026-07-15 20:00:00,6.69600000,6.73700000,6.67500000,6.70200000,124119.72000000,1784159999999,2026-07-15 23:59:59,831373.01671000,11720,66392.44000000,444790.85611000
1784160000000,2026-07-16 00:00:00,6.70100000,6.73100000,6.66100000,6.71200000,104887.68000000,1784174399999,2026-07-16 03:59:59,703219.09731000,14723,55539.15000000,372519.78642000
1784174400000,2026-07-16 04:00:00,6.71300000,6.73900000,6.61200000,6.62800000,163089.80000000,1784188799999,2026-07-16 07:59:59,1090189.63901000,14901,79066.80000000,528888.75865000
1784188800000,2026-07-16 08:00:00,6.62800000,6.63100000,6.54600000,6.57800000,316160.52000000,1784203199999,2026-07-16 11:59:59,2081332.94029000,22058,162025.61000000,1066707.58458000
1784203200000,2026-07-16 12:00:00,6.57800000,6.65700000,6.51300000,6.62800000,253363.40000000,1784217599999,2026-07-16 15:59:59,1669331.14461000,30976,119866.64000000,790389.29779000
1784217600000,2026-07-16 16:00:00,6.62900000,6.64000000,6.52300000,6.59800000,240409.75000000,1784231999999,2026-07-16 19:59:59,1582273.89941000,18598,127161.48000000,837561.52823000
1784232000000,2026-07-16 20:00:00,6.59800000,6.63200000,6.48100000,6.51400000,237198.37000000,1784246399999,2026-07-16 23:59:59,1558375.78293000,16916,110806.89000000,728862.98166000
1784246400000,2026-07-17 00:00:00,6.51400000,6.55300000,6.43700000,6.52800000,258807.01000000,1784260799999,2026-07-17 03:59:59,1678968.33344000,25704,130892.34000000,849633.93345000
1784260800000,2026-07-17 04:00:00,6.52800000,6.53200000,6.44200000,6.47900000,177793.14000000,1784275199999,2026-07-17 07:59:59,1152919.51118000,19745,93006.04000000,603159.82252000
1784275200000,2026-07-17 08:00:00,6.47900000,6.51000000,6.42300000,6.48800000,113447.03000000,1784289599999,2026-07-17 11:59:59,735473.45234000,10591,68395.65000000,443460.38629000
1784289600000,2026-07-17 12:00:00,6.48800000,6.51500000,6.37300000,6.48200000,295306.65000000,1784303999999,2026-07-17 15:59:59,1901535.45131000,28614,142414.31000000,917608.59699000
1784304000000,2026-07-17 16:00:00,6.48200000,6.65100000,6.46400000,6.57400000,312342.01000000,1784318399999,2026-07-17 19:59:59,2056883.44537000,24791,147125.89000000,969416.82392000
1784318400000,2026-07-17 20:00:00,6.57400000,6.59100000,6.54100000,6.59100000,97900.22000000,1784332799999,2026-07-17 23:59:59,642765.00787000,7851,51177.10000000,336064.54741000
1784332800000,2026-07-18 00:00:00,6.59000000,6.65800000,6.57800000,6.64400000,135488.28000000,1784347199999,2026-07-18 03:59:59,897628.80657000,10012,73214.07000000,485002.19960000
1784347200000,2026-07-18 04:00:00,6.64400000,6.66400000,6.59100000,6.60900000,133141.47000000,1784361599999,2026-07-18 07:59:59,880854.77836000,9397,61675.93000000,408190.82781000
1784361600000,2026-07-18 08:00:00,6.60800000,6.62000000,6.52800000,6.54600000,121618.70000000,1784375999999,2026-07-18 11:59:59,798112.52922000,8373,52086.23000000,341976.96485000
1784376000000,2026-07-18 12:00:00,6.54600000,6.57700000,6.51400000,6.54300000,112814.88000000,1784390399999,2026-07-18 15:59:59,739050.12559000,10345,62625.03000000,410396.44193000
1784390400000,2026-07-18 16:00:00,6.54300000,6.60000000,6.52500000,6.57400000,97506.89000000,1784404799999,2026-07-18 19:59:59,639901.28840000,9616,49950.76000000,327759.73168000
1784404800000,2026-07-18 20:00:00,6.57400000,6.60500000,6.56500000,6.57400000,85780.70000000,1784419199999,2026-07-18 23:59:59,564756.32186000,7884,43956.69000000,289459.76183000
1784419200000,2026-07-19 00:00:00,6.57300000,6.63700000,6.57300000,6.58500000,95366.14000000,1784433599999,2026-07-19 03:59:59,628956.00033000,9213,46603.78000000,307347.93538000
1784433600000,2026-07-19 04:00:00,6.58500000,6.59600000,6.55400000,6.55700000,95118.31000000,1784447999999,2026-07-19 07:59:59,625155.85945000,6497,42673.52000000,280474.14702000
1784448000000,2026-07-19 08:00:00,6.55800000,6.57000000,6.47600000,6.48500000,199941.72000000,1784462399999,2026-07-19 11:59:59,1301817.95999000,15901,82798.86000000,539146.57334000
1784462400000,2026-07-19 12:00:00,6.48600000,6.48700000,6.40600000,6.45500000,302419.35000000,1784476799999,2026-07-19 15:59:59,1947638.43788000,24291,155976.67000000,1004497.32949000
1784476800000,2026-07-19 16:00:00,6.45600000,6.49700000,6.39200000,6.43700000,153175.69000000,1784491199999,2026-07-19 19:59:59,986042.89755000,16929,77085.68000000,496113.29963000
1784491200000,2026-07-19 20:00:00,6.43700000,6.49000000,6.40900000,6.46500000,132180.49000000,1784505599999,2026-07-19 23:59:59,852113.08032000,18902,68308.39000000,440309.44427000
1784505600000,2026-07-20 00:00:00,6.46600000,6.65000000,6.44400000,6.59900000,332053.56000000,1784519999999,2026-07-20 03:59:59,2180592.20057000,46612,165246.31000000,1085473.04150000
1784520000000,2026-07-20 04:00:00,6.59900000,6.60200000,6.44600000,6.54700000,211869.52000000,1784534399999,2026-07-20 07:59:59,1379176.10290000,28467,103554.67000000,674100.58295000
1784534400000,2026-07-20 08:00:00,6.54700000,6.63500000,6.49200000,6.63000000,185765.02000000,1784548799999,2026-07-20 11:59:59,1217886.64147000,23230,89035.26000000,584051.50088000
1784548800000,2026-07-20 12:00:00,6.62800000,6.63400000,6.48000000,6.61200000,270430.25000000,1784563199999,2026-07-20 15:59:59,1775423.08423000,33120,125669.85000000,826117.47455000
1784563200000,2026-07-20 16:00:00,6.61200000,6.62800000,6.54600000,6.56700000,193443.76000000,1784577599999,2026-07-20 19:59:59,1273344.35782000,16065,90689.55000000,597105.05676000
1784577600000,2026-07-20 20:00:00,6.56700000,6.62400000,6.55100000,6.57900000,160315.14000000,1784591999999,2026-07-20 23:59:59,1056734.34839000,12870,77058.64000000,507896.33854000
1784592000000,2026-07-21 00:00:00,6.57900000,6.66600000,6.56700000,6.64200000,142236.36000000,1784606399999,2026-07-21 03:59:59,941675.52804000,15149,82063.15000000,543191.32565000
1784606400000,2026-07-21 04:00:00,6.64200000,6.68800000,6.60400000,6.67700000,163895.73000000,1784620799999,2026-07-21 07:59:59,1089996.54937000,15307,84771.43000000,563631.67752000
1784620800000,2026-07-21 08:00:00,6.67600000,6.68700000,6.61500000,6.63800000,211180.71000000,1784635199999,2026-07-21 11:59:59,1404479.03559000,15646,92240.48000000,613555.32411000
1784635200000,2026-07-21 12:00:00,6.63900000,6.66000000,6.57800000,6.62000000,262612.48000000,1784649599999,2026-07-21 15:59:59,1739320.37129000,24035,139835.40000000,926355.60246000
1784649600000,2026-07-21 16:00:00,6.61900000,6.64100000,6.58100000,6.61400000,161924.46000000,1784663999999,2026-07-21 19:59:59,1071653.93393000,16887,90693.50000000,600235.31573000
1784664000000,2026-07-21 20:00:00,6.61400000,6.61500000,6.52400000,6.57100000,149701.96000000,1784678399999,2026-07-21 23:59:59,982186.25556000,13953,72862.35000000,477894.16914000
1784678400000,2026-07-22 00:00:00,6.57200000,6.61500000,6.54500000,6.54900000,190054.03000000,1784692799999,2026-07-22 03:59:59,1252156.41540000,13916,85140.63000000,561180.86019000
1784692800000,2026-07-22 04:00:00,6.54800000,6.58300000,6.46400000,6.50200000,195316.19000000,1784707199999,2026-07-22 07:59:59,1270923.04961000,19509,88709.95000000,577229.05946000
1784707200000,2026-07-22 08:00:00,6.50300000,6.53100000,6.48500000,6.51600000,145272.32000000,1784721599999,2026-07-22 11:59:59,946473.61958000,8682,68995.38000000,449524.99535000
1784721600000,2026-07-22 12:00:00,6.51700000,6.65400000,6.49000000,6.63700000,226003.99000000,1784735999999,2026-07-22 15:59:59,1487592.97161000,22166,118749.44000000,781674.34611000
1784736000000,2026-07-22 16:00:00,6.63800000,6.65700000,6.56800000,6.60000000,184041.20000000,1784750399999,2026-07-22 19:59:59,1218419.09655000,19937,106687.15000000,706350.15516000
1784750400000,2026-07-22 20:00:00,6.59900000,6.66400000,6.57600000,6.62600000,145453.23000000,1784764799999,2026-07-22 23:59:59,963383.66039000,15391,76293.74000000,505346.90991000
1784764800000,2026-07-23 00:00:00,6.62600000,6.65500000,6.52400000,6.53100000,114670.54000000,1784779199999,2026-07-23 03:59:59,755594.48086000,14075,50545.02000000,333322.50878000
1784779200000,2026-07-23 04:00:00,6.53100000,6.58700000,6.52100000,6.56100000,101744.49000000,1784793599999,2026-07-23 07:59:59,666908.27153000,11789,43970.04000000,288174.37362000
1784793600000,2026-07-23 08:00:00,6.56000000,6.61200000,6.55100000,6.58500000,106483.20000000,1784807999999,2026-07-23 11:59:59,701563.20897000,8556,57296.61000000,377539.90384000
1784808000000,2026-07-23 12:00:00,6.58500000,6.58900000,6.39300000,6.45100000,411578.88000000,1784822399999,2026-07-23 15:59:59,2659405.67922000,30531,190163.91000000,1228630.85792000
1784822400000,2026-07-23 16:00:00,6.45100000,6.45100000,6.19700000,6.28500000,727079.03000000,1784836799999,2026-07-23 19:59:59,4575792.20854000,42005,337972.97000000,2123490.83503000
1784836800000,2026-07-23 20:00:00,6.28500000,6.32700000,6.26000000,6.26800000,202568.82000000,1784851199999,2026-07-23 23:59:59,1276951.00559000,16290,98239.28000000,619279.77887000
1784851200000,2026-07-24 00:00:00,6.26800000,6.28900000,6.21200000,6.27000000,300333.97000000,1784865599999,2026-07-24 03:59:59,1877352.71415000,28658,99930.13000000,624672.17308000
1784865600000,2026-07-24 04:00:00,6.27100000,6.32000000,6.23300000,6.28200000,293438.81000000,1784879999999,2026-07-24 07:59:59,1840908.65709000,18680,141611.84000000,888395.09991000
1784880000000,2026-07-24 08:00:00,6.28300000,6.28700000,6.22500000,6.25900000,241628.08000000,1784894399999,2026-07-24 11:59:59,1512982.74301000,18556,108046.94000000,676789.59220000
1784894400000,2026-07-24 12:00:00,6.25800000,6.26000000,6.13700000,6.20200000,331556.21000000,1784908799999,2026-07-24 15:59:59,2053723.04303000,29478,147992.14000000,916507.10750000
1784908800000,2026-07-24 16:00:00,6.20200000,6.24400000,6.17500000,6.23400000,276073.88000000,1784923199999,2026-07-24 19:59:59,1716213.23065000,14950,85357.05000000,530782.07319000
1784923200000,2026-07-24 20:00:00,6.23500000,6.31500000,6.22600000,6.30400000,180191.00000000,1784937599999,2026-07-24 23:59:59,1128979.62810000,12245,94594.92000000,592712.08291000
1784937600000,2026-07-25 00:00:00,6.30400000,6.31700000,6.23900000,6.24700000,124609.25000000,1784951999999,2026-07-25 03:59:59,781507.78180000,10375,57020.60000000,357515.01389000
1784952000000,2026-07-25 04:00:00,6.24700000,6.28300000,6.24000000,6.24500000,109812.22000000,1784966399999,2026-07-25 07:59:59,687426.60216000,6996,57906.22000000,362593.40629000
1784966400000,2026-07-25 08:00:00,6.24600000,6.30200000,6.23100000,6.28900000,140882.40000000,1784980799999,2026-07-25 11:59:59,882860.79761000,9870,78023.27000000,489009.80598000
1784980800000,2026-07-25 12:00:00,6.29000000,6.60000000,6.27900000,6.58000000,1307610.46000000,1784995199999,2026-07-25 15:59:59,8496964.53426000,98697,756053.07000000,4914092.47582000
1784995200000,2026-07-25 16:00:00,6.58000000,6.73500000,6.57500000,6.71300000,990511.92000000,1785009599999,2026-07-25 19:59:59,6603658.34732000,91519,519551.74000000,3463859.98487000
1785009600000,2026-07-25 20:00:00,6.71300000,6.84500000,6.67700000,6.77700000,1194144.26000000,1785023999999,2026-07-25 23:59:59,8078684.03891000,86316,695597.40000000,4706035.59851000
1785024000000,2026-07-26 00:00:00,6.77700000,6.81500000,6.73300000,6.76400000,352927.44000000,1785038399999,2026-07-26 03:59:59,2390605.27509000,31622,192769.98000000,1306274.24448000
1785038400000,2026-07-26 04:00:00,6.76400000,6.83100000,6.74000000,6.78400000,400748.65000000,1785052799999,2026-07-26 07:59:59,2718553.05869000,32164,226546.43000000,1537233.32555000
1785052800000,2026-07-26 08:00:00,6.78300000,6.78600000,6.69400000,6.70000000,309593.44000000,1785067199999,2026-07-26 11:59:59,2084095.36591000,19862,134712.54000000,907244.07319000
1785067200000,2026-07-26 12:00:00,6.70100000,6.72200000,6.64500000,6.69500000,270649.21000000,1785081599999,2026-07-26 15:59:59,1809235.54326000,21778,141817.63000000,948579.75230000
1785081600000,2026-07-26 16:00:00,6.69400000,6.72500000,6.66200000,6.66900000,136869.28000000,1785095999999,2026-07-26 19:59:59,914935.07712000,10590,58397.05000000,390433.56410000
1785096000000,2026-07-26 20:00:00,6.66900000,6.75600000,6.66600000,6.74600000,160020.46000000,1785110399999,2026-07-26 23:59:59,1074315.68090000,16956,96642.96000000,648976.09775000
1785110400000,2026-07-27 00:00:00,6.74600000,6.74700000,6.67700000,6.69000000,121904.02000000,1785124799999,2026-07-27 03:59:59,817998.37850000,14556,60279.29000000,404671.59858000
1785124800000,2026-07-27 04:00:00,6.69000000,6.74600000,6.66900000,6.68200000,199947.99000000,1785139199999,2026-07-27 07:59:59,1339445.53057000,13556,84328.85000000,565248.16163000
1785139200000,2026-07-27 08:00:00,6.68300000,6.68500000,6.59700000,6.66900000,421233.08000000,1785153599999,2026-07-27 11:59:59,2795587.41428000,21714,170214.14000000,1130491.80339000
1785153600000,2026-07-27 12:00:00,6.66800000,6.69500000,6.48100000,6.54400000,520485.77000000,1785167999999,2026-07-27 15:59:59,3427943.67241000,54220,195924.79000000,1292174.07133000
1785168000000,2026-07-27 16:00:00,6.54400000,6.63300000,6.53200000,6.61400000,282160.74000000,1785182399999,2026-07-27 19:59:59,1858071.98919000,20394,142149.10000000,935657.47161000
1785182400000,2026-07-27 20:00:00,6.61400000,6.62100000,6.37600000,6.40800000,409527.27000000,1785196799999,2026-07-27 23:59:59,2649225.13549000,36091,144895.41000000,937510.82892000
1785196800000,2026-07-28 00:00:00,6.40700000,6.45100000,6.35800000,6.43400000,212614.80000000,1785211199999,2026-07-28 03:59:59,1361850.91596000,23507,94662.34000000,606841.43883000
1785211200000,2026-07-28 04:00:00,6.43400000,6.46900000,6.40300000,6.44700000,130538.63000000,1785225599999,2026-07-28 07:59:59,840425.53922000,11175,60601.90000000,390293.67205000
1785225600000,2026-07-28 08:00:00,6.44600000,6.48400000,6.42000000,6.46100000,111832.89000000,1785239999999,2026-07-28 11:59:59,721429.87667000,10671,57623.93000000,371779.22311000
1785240000000,2026-07-28 12:00:00,6.46100000,6.59000000,6.37300000,6.57300000,307567.27000000,1785254399999,2026-07-28 15:59:59,1988124.59183000,27080,148502.75000000,960847.66724000
1785254400000,2026-07-28 16:00:00,6.57400000,6.60700000,6.50200000,6.59500000,192640.26000000,1785268799999,2026-07-28 19:59:59,1261599.49697000,17471,85040.82000000,557338.95353000
1785268800000,2026-07-28 20:00:00,6.59500000,6.62900000,6.52500000,6.57700000,164269.89000000,1785283199999,2026-07-28 23:59:59,1082052.85355000,13421,73564.14000000,484694.94769000
1785283200000,2026-07-29 00:00:00,6.57800000,6.63800000,6.41100000,6.41200000,179758.52000000,1785297599999,2026-07-29 03:59:59,1172710.74509000,19200,74126.87000000,485437.23832000
1785297600000,2026-07-29 04:00:00,6.41300000,6.45400000,6.30800000,6.42700000,342271.57000000,1785311999999,2026-07-29 07:59:59,2186137.04396000,32274,131421.57000000,840142.76901000
1785312000000,2026-07-29 08:00:00,6.42800000,6.43400000,6.37600000,6.41500000,179140.17000000,1785326399999,2026-07-29 11:59:59,1148194.63805000,14019,93831.60000000,601548.87269000
1785326400000,2026-07-29 12:00:00,6.41600000,6.41600000,6.35900000,6.38400000,174551.90000000,1785340799999,2026-07-29 15:59:59,1115217.21820000,19465,82127.00000000,524842.84273000
1785340800000,2026-07-29 16:00:00,6.38300000,6.49700000,6.34100000,6.36400000,236757.93000000,1785355199999,2026-07-29 19:59:59,1522092.41460000,28515,115052.69000000,740309.90080000
1785355200000,2026-07-29 20:00:00,6.36400000,6.43800000,6.31200000,6.43200000,180733.64000000,1785369599999,2026-07-29 23:59:59,1151808.18002000,24360,86523.38000000,551517.06212000
1785369600000,2026-07-30 00:00:00,6.43200000,6.52700000,6.39100000,6.48700000,168134.26000000,1785383999999,2026-07-30 03:59:59,1090387.24224000,15810,96322.80000000,624674.16810000
1785384000000,2026-07-30 04:00:00,6.48700000,6.49100000,6.41800000,6.42400000,87822.85000000,1785398399999,2026-07-30 07:59:59,566314.53580000,9200,34040.02000000,219519.04108000
1785398400000,2026-07-30 08:00:00,6.42300000,6.50800000,6.41900000,6.49500000,118835.82000000,1785412799999,2026-07-30 11:59:59,767620.07482000,8907,47918.80000000,310043.97444000
1785412800000,2026-07-30 12:00:00,6.49600000,6.51200000,6.41900000,6.45500000,175724.37000000,1785427199999,2026-07-30 15:59:59,1136982.21072000,14614,84178.57000000,544892.56960000
1785427200000,2026-07-30 16:00:00,6.45500000,6.50100000,6.45000000,6.47300000,128156.49000000,1785441599999,2026-07-30 19:59:59,830519.33052000,9905,63678.35000000,412758.74843000
1785441600000,2026-07-30 20:00:00,6.47400000,6.49100000,6.43400000,6.43400000,93160.34000000,1785455999999,2026-07-30 23:59:59,601925.39631000,8605,47701.38000000,308320.20652000
1785456000000,2026-07-31 00:00:00,6.43500000,6.54400000,6.39700000,6.45500000,134037.05000000,1785470399999,2026-07-31 03:59:59,867513.42560000,14932,61052.01000000,395176.41746000
1785470400000,2026-07-31 04:00:00,6.45400000,6.48300000,6.39200000,6.45600000,107761.10000000,1785484799999,2026-07-31 07:59:59,694501.36079000,12341,49130.80000000,316695.17844000
1785484800000,2026-07-31 08:00:00,6.45600000,6.52400000,6.40400000,6.46200000,109866.46000000,1785499199999,2026-07-31 11:59:59,710070.60100000,13404,51257.18000000,331480.09837000
1785499200000,2026-07-31 12:00:00,6.46300000,6.50600000,6.33100000,6.40300000,305353.24000000,1785513599999,2026-07-31 15:59:59,1957315.35889000,29918,142214.23000000,911208.49359000
1785513600000,2026-07-31 16:00:00,6.40400000,6.47700000,6.40300000,6.42400000,93256.08000000,1785527999999,2026-07-31 19:59:59,600336.22800000,10895,46183.88000000,297429.56032000
1785528000000,2026-07-31 20:00:00,6.42400000,6.45300000,6.38200000,6.38600000,69546.09000000,1785542399999,2026-07-31 23:59:59,445505.70849000,7797,25617.99000000,164119.88697000
1785542400000,2026-08-01 00:00:00,6.38700000,6.42400000,6.38100000,6.40900000,71570.24000000,1785556799999,2026-08-01 03:59:59,458245.59629000,6753,33466.16000000,214196.30246000
1785556800000,2026-08-01 04:00:00,6.40900000,6.45300000,6.37300000,6.37900000,88603.08000000,1785571199999,2026-08-01 07:59:59,568429.81734000,7682,44899.23000000,288098.26246000
1785571200000,2026-08-01 08:00:00,6.37900000,6.38400000,6.32300000,6.33400000,127147.98000000,1785585599999,2026-08-01 11:59:59,807483.10454000,9075,50486.68000000,320754.90150000
1785585600000,2026-08-01 12:00:00,6.33400000,6.37900000,6.32500000,6.37500000,58384.78000000,1785599999999,2026-08-01 15:59:59,370996.60417000,7244,30407.16000000,193242.71908000
1785600000000,2026-08-01 16:00:00,6.37400000,6.38800000,6.04000000,6.13200000,575643.07000000,1785614399999,2026-08-01 19:59:59,3551153.88211000,81861,247554.46000000,1526026.78970000
1785614400000,2026-08-01 20:00:00,6.13200000,6.21100000,6.10800000,6.19100000,245687.96000000,1785628799999,2026-08-01 23:59:59,1514218.03699000,27020,153629.65000000,947134.26658000
1785628800000,2026-08-02 00:00:00,6.19100000,6.34900000,6.18500000,6.32100000,179163.62000000,1785643199999,2026-08-02 03:59:59,1123848.46612000,16166,101049.04000000,633882.08343000
1785643200000,2026-08-02 04:00:00,6.32200000,6.68700000,6.32200000,6.61100000,1032337.44000000,1785657599999,2026-08-02 07:59:59,6779148.93051000,109394,561137.54000000,3683795.38219000
1785657600000,2026-08-02 08:00:00,6.61200000,6.65600000,6.55400000,6.59600000,574179.60000000,1785671999999,2026-08-02 11:59:59,3793047.88302000,54636,317697.90000000,2099219.98497000
1785672000000,2026-08-02 12:00:00,6.59600000,6.61400000,6.55600000,6.59600000,240769.96000000,1785686399999,2026-08-02 15:59:59,1585486.99863000,29181,105859.27000000,697478.53920000
1785686400000,2026-08-02 16:00:00,6.59600000,6.67400000,6.56400000,6.60200000,264754.93000000,1785700799999,2026-08-02 19:59:59,1749742.03690000,25197,151474.72000000,1001258.00682000
1785700800000,2026-08-02 20:00:00,6.60100000,6.67100000,6.53000000,6.55300000,226576.16000000,1785715199999,2026-08-02 23:59:59,1492925.65802000,16416,89567.70000000,590494.20683000
1785715200000,2026-08-03 00:00:00,6.55200000,6.56400000,6.39200000,6.42700000,314069.76000000,1785729599999,2026-08-03 03:59:59,2036744.75298000,21841,123894.69000000,803837.39354000
1785729600000,2026-08-03 04:00:00,6.42700000,6.45100000,6.38200000,6.40200000,191605.06000000,1785743999999,2026-08-03 07:59:59,1228744.42603000,16629,82780.74000000,530964.13563000
1785744000000,2026-08-03 08:00:00,6.40100000,6.46200000,6.36900000,6.44300000,148691.36000000,1785758399999,2026-08-03 11:59:59,954538.01739000,11549,73084.72000000,469247.44921000
1785758400000,2026-08-03 12:00:00,6.44300000,6.55100000,6.41900000,6.51300000,248510.19000000,1785772799999,2026-08-03 15:59:59,1614209.98243000,24139,126291.75000000,820365.20421000
1785772800000,2026-08-03 16:00:00,6.51300000,6.59800000,6.51300000,6.57700000,227629.42000000,1785787199999,2026-08-03 19:59:59,1491778.46848000,15460,116051.97000000,760900.13307000
1785787200000,2026-08-03 20:00:00,6.57800000,6.59300000,6.54800000,6.57500000,136836.09000000,1785801599999,2026-08-03 23:59:59,899075.35594000,14037,83207.94000000,546749.86184000
1785801600000,2026-08-04 00:00:00,6.57400000,6.98700000,6.56300000,6.86500000,1220665.50000000,1785815999999,2026-08-04 03:59:59,8328252.18809000,159663,730669.38000000,4983816.32460000
1785816000000,2026-08-04 04:00:00,6.86600000,6.91800000,6.76800000,6.83300000,434958.28000000,1785830399999,2026-08-04 07:59:59,2977050.54207000,50225,225824.02000000,1547326.04691000
1785830400000,2026-08-04 08:00:00,6.83300000,6.85000000,6.76100000,6.81900000,305013.88000000,1785844799999,2026-08-04 11:59:59,2071533.90992000,23451,136964.65000000,930461.22968000
1785844800000,2026-08-04 12:00:00,6.81800000,6.83700000,6.68600000,6.75700000,434241.23000000,1785859199999,2026-08-04 15:59:59,2933895.00381000,34222,202844.90000000,1370961.02359000
1785859200000,2026-08-04 16:00:00,6.75900000,6.76000000,6.69900000,6.73200000,123135.82000000,1785873599999,2026-08-04 19:59:59,828174.36991000,11068,65182.77000000,438508.23659000
1785873600000,2026-08-04 20:00:00,6.73100000,6.73900000,6.63700000,6.68800000,213755.71000000,1785887999999,2026-08-04 23:59:59,1430496.09384000,15986,105904.47000000,708599.27996000
1785888000000,2026-08-05 00:00:00,6.68800000,6.70800000,6.60000000,6.62600000,261478.07000000,1785902399999,2026-08-05 03:59:59,1739539.46562000,21502,99072.16000000,659169.05611000
1785902400000,2026-08-05 04:00:00,6.62700000,6.72100000,6.62700000,6.68400000,153301.87000000,1785916799999,2026-08-05 07:59:59,1023501.10124000,12783,78052.62000000,521209.93063000
1785916800000,2026-08-05 08:00:00,6.68300000,6.70400000,6.65500000,6.66100000,149488.71000000,1785931199999,2026-08-05 11:59:59,998089.63667000,13753,77702.16000000,518988.49998000
1785931200000,2026-08-05 12:00:00,6.66100000,6.72000000,6.53100000,6.64700000,402405.19000000,1785945599999,2026-08-05 15:59:59,2665332.25198000,32630,184547.71000000,1223593.76815000
1785945600000,2026-08-05 16:00:00,6.64700000,6.70000000,6.64400000,6.66500000,244584.62000000,1785959999999,2026-08-05 19:59:59,1633262.68065000,16820,108985.27000000,727853.97187000
1785960000000,2026-08-05 20:00:00,6.66500000,6.70600000,6.64200000,6.66100000,109341.35000000,1785974399999,2026-08-05 23:59:59,729232.78664000,10647,56664.03000000,378018.70905000
1785974400000,2026-08-06 00:00:00,6.66200000,6.68100000,6.61400000,6.67000000,102474.68000000,1785988799999,2026-08-06 03:59:59,680936.66497000,11511,48393.48000000,321703.67442000
1785988800000,2026-08-06 04:00:00,6.66900000,6.70300000,6.65200000,6.68700000,120649.71000000,1786003199999,2026-08-06 07:59:59,805815.23213000,9862,67132.93000000,448505.04677000
1786003200000,2026-08-06 08:00:00,6.68700000,6.69200000,6.35000000,6.44200000,1139547.29000000,1786017599999,2026-08-06 11:59:59,7368327.13697000,98233,480869.55000000,3106351.88980000
1786017600000,2026-08-06 12:00:00,6.44200000,6.47900000,6.39600000,6.47000000,420089.64000000,1786031999999,2026-08-06 15:59:59,2701066.69244000,46714,175521.26000000,1129059.67070000
1786032000000,2026-08-06 16:00:00,6.47200000,6.50800000,6.43800000,6.44900000,255592.13000000,1786046399999,2026-08-06 19:59:59,1653216.41041000,15987,112394.80000000,727032.62082000
1786046400000,2026-08-06 20:00:00,6.44900000,6.47700000,6.41000000,6.44100000,96862.46000000,1786060799999,2026-08-06 23:59:59,624677.12148000,8477,45085.61000000,290978.67979000
1786060800000,2026-08-07 00:00:00,6.44000000,6.44800000,6.39400000,6.40800000,136501.98000000,1786075199999,2026-08-07 03:59:59,876562.69271000,14134,69818.93000000,448331.50212000
1786075200000,2026-08-07 04:00:00,6.40700000,6.43500000,6.37200000,6.41500000,142152.36000000,1786089599999,2026-08-07 07:59:59,910340.39870000,13562,75734.33000000,485064.80188000
1786089600000,2026-08-07 08:00:00,6.41400000,6.48000000,6.40900000,6.46600000,226539.31000000,1786103999999,2026-08-07 11:59:59,1460305.97213000,14280,108908.14000000,702320.16620000
1786104000000,2026-08-07 12:00:00,6.46700000,6.52600000,6.40700000,6.44000000,267318.56000000,1786118399999,2026-08-07 15:59:59,1730005.07560000,25939,133225.37000000,862588.52692000
1786118400000,2026-08-07 16:00:00,6.44100000,6.46200000,6.36100000,6.44600000,172521.67000000,1786132799999,2026-08-07 19:59:59,1105744.89468000,18859,79648.49000000,510535.02776000
1786132800000,2026-08-07 20:00:00,6.44600000,6.47800000,6.42200000,6.43500000,59907.98000000,1786147199999,2026-08-07 23:59:59,386338.24306000,5600,29623.93000000,191127.67615000
1786147200000,2026-08-08 00:00:00,6.43400000,6.59500000,6.41900000,6.52500000,175508.19000000,1786161599999,2026-08-08 03:59:59,1147128.36473000,17710,81884.38000000,535326.85911000
1786161600000,2026-08-08 04:00:00,6.52600000,6.55200000,6.50600000,6.52100000,81912.98000000,1786175999999,2026-08-08 07:59:59,534975.34503000,7780,38715.28000000,252830.41387000
1786176000000,2026-08-08 08:00:00,6.52100000,6.58000000,6.50300000,6.55100000,240264.03000000,1786190399999,2026-08-08 11:59:59,1571420.91065000,15821,111358.66000000,729184.71512000
1786190400000,2026-08-08 12:00:00,6.55100000,6.56700000,6.51600000,6.54400000,148301.13000000,1786204799999,2026-08-08 15:59:59,969444.88200000,12648,80752.54000000,527753.87691000
1786204800000,2026-08-08 16:00:00,6.54500000,6.56100000,6.52000000,6.52500000,87804.45000000,1786219199999,2026-08-08 19:59:59,574431.25330000,6319,37599.20000000,245937.27091000
1786219200000,2026-08-08 20:00:00,6.52500000,6.53100000,6.46100000,6.48200000,121212.69000000,1786233599999,2026-08-08 23:59:59,787358.16706000,7980,62974.17000000,409107.79454000
1786233600000,2026-08-09 00:00:00,6.48100000,6.49300000,6.43900000,6.46200000,112802.13000000,1786247999999,2026-08-09 03:59:59,729871.54139000,5948,58626.17000000,379336.32731000
1786248000000,2026-08-09 04:00:00,6.46100000,6.49700000,6.43300000,6.48400000,92527.01000000,1786262399999,2026-08-09 07:59:59,598694.71269000,5874,39657.20000000,256744.68841000
1786262400000,2026-08-09 08:00:00,6.48500000,6.50300000,6.46300000,6.47600000,68409.13000000,1786276799999,2026-08-09 11:59:59,443342.44011000,5735,35006.11000000,226891.20242000
1786276800000,2026-08-09 12:00:00,6.47500000,6.55600000,6.45400000,6.55000000,150218.21000000,1786291199999,2026-08-09 15:59:59,973993.62934000,11126,51136.30000000,332397.12668000
1786291200000,2026-08-09 16:00:00,6.55100000,6.59500000,6.52900000,6.56500000,272451.43000000,1786305599999,2026-08-09 19:59:59,1786526.16496000,16898,151594.87000000,994461.83830000
1786305600000,2026-08-09 20:00:00,6.56600000,6.58900000,6.38600000,6.42100000,244021.89000000,1786319999999,2026-08-09 23:59:59,1586133.56169000,22507,85016.41000000,552004.89532000
1786320000000,2026-08-10 00:00:00,6.42100000,6.53900000,6.37600000,6.48600000,133031.26000000,1786334399999,2026-08-10 03:59:59,859061.25676000,20422,75537.68000000,487773.15717000
1786334400000,2026-08-10 04:00:00,6.48500000,6.57500000,6.48500000,6.53700000,125372.49000000,1786348799999,2026-08-10 07:59:59,818860.23645000,14825,60240.38000000,393563.10638000
1786348800000,2026-08-10 08:00:00,6.53700000,6.54900000,6.49700000,6.54900000,109531.03000000,1786363199999,2026-08-10 11:59:59,714371.17302000,9860,45422.22000000,296159.72627000
1786363200000,2026-08-10 12:00:00,6.55000000,6.58200000,6.47200000,6.48900000,237151.15000000,1786377599999,2026-08-10 15:59:59,1549367.93352000,24225,126431.41000000,826324.68299000
1786377600000,2026-08-10 16:00:00,6.48800000,6.50200000,6.41900000,6.47300000,198639.94000000,1786391999999,2026-08-10 19:59:59,1284145.81001000,16498,103345.00000000,668102.03647000
1786392000000,2026-08-10 20:00:00,6.47300000,6.47300000,6.41300000,6.43600000,74876.74000000,1786406399999,2026-08-10 23:59:59,481857.25273000,7061,32274.88000000,207703.50275000
1786406400000,2026-08-11 00:00:00,6.43600000,6.55600000,6.43200000,6.54100000,147314.18000000,1786420799999,2026-08-11 03:59:59,959892.52314000,12702,85039.74000000,554184.75076000
1786420800000,2026-08-11 04:00:00,6.54000000,6.54800000,6.47100000,6.48400000,110163.15000000,1786435199999,2026-08-11 07:59:59,716537.72749000,8359,61291.69000000,398647.35307000
1786435200000,2026-08-11 08:00:00,6.48500000,6.52700000,6.46000000,6.50800000,133177.07000000,1786449599999,2026-08-11 11:59:59,865320.50944000,12292,73169.92000000,475371.41724000
1786449600000,2026-08-11 12:00:00,6.50900000,6.51400000,6.11000000,6.21700000,1057432.24000000,1786463999999,2026-08-11 15:59:59,6632391.58252000,111096,495431.95000000,3103551.97807000
1786464000000,2026-08-11 16:00:00,6.21700000,6.27900000,6.18900000,6.27900000,353098.04000000,1786478399999,2026-08-11 19:59:59,2199676.70542000,50187,162873.29000000,1014764.16559000
1786478400000,2026-08-11 20:00:00,6.27900000,6.33500000,6.27500000,6.32200000,161550.78000000,1786492799999,2026-08-11 23:59:59,1019791.57935000,14580,80037.41000000,505231.86316000
1786492800000,2026-08-12 00:00:00,6.32400000,6.32700000,6.26400000,6.28700000,185971.93000000,1786507199999,2026-08-12 03:59:59,1171085.69832000,15660,90353.68000000,569024.50352000
1786507200000,2026-08-12 04:00:00,6.28600000,6.31600000,6.21000000,6.23700000,311006.55000000,1786521599999,2026-08-12 07:59:59,1945101.67606000,15248,111487.86000000,697329.01297000
1786521600000,2026-08-12 08:00:00,6.23600000,6.31400000,6.21600000,6.31000000,256079.05000000,1786535999999,2026-08-12 11:59:59,1602498.93972000,21701,121262.91000000,758899.81429000
1786536000000,2026-08-12 12:00:00,6.31100000,6.54600000,6.28200000,6.37700000,890505.58000000,1786550399999,2026-08-12 15:59:59,5708110.88255000,74798,438207.81000000,2808324.66306000
1786550400000,2026-08-12 16:00:00,6.37700000,6.40000000,6.32400000,6.35700000,301331.29000000,1786564799999,2026-08-12 19:59:59,1918167.42804000,22061,153651.47000000,978217.97609000
1786564800000,2026-08-12 20:00:00,6.35600000,6.42500000,6.29800000,6.32000000,228140.19000000,1786579199999,2026-08-12 23:59:59,1451358.08689000,21630,123521.51000000,785921.81368000
1786579200000,2026-08-13 00:00:00,6.31900000,6.52600000,6.31700000,6.51200000,349036.29000000,1786593599999,2026-08-13 03:59:59,2247711.40887000,26036,204668.78000000,1317820.90619000
1786593600000,2026-08-13 04:00:00,6.51200000,6.55000000,6.48700000,6.51900000,517844.92000000,1786607999999,2026-08-13 07:59:59,3376853.23220000,41231,302274.12000000,1971393.91504000
1786608000000,2026-08-13 08:00:00,6.51900000,6.53600000,6.47600000,6.50500000,278331.28000000,1786622399999,2026-08-13 11:59:59,1810531.61302000,21400,132297.13000000,860554.28753000
1786622400000,2026-08-13 12:00:00,6.50500000,6.55000000,6.41100000,6.41200000,367821.28000000,1786636799999,2026-08-13 15:59:59,2389066.67078000,26483,193900.72000000,1259894.50237000
1786636800000,2026-08-13 16:00:00,6.41100000,6.44300000,6.36600000,6.42300000,258052.83000000,1786651199999,2026-08-13 19:59:59,1651264.09318000,16949,153624.01000000,982990.75532000
1786651200000,2026-08-13 20:00:00,6.42400000,6.45800000,6.40800000,6.45700000,57835.39000000,1786665599999,2026-08-13 23:59:59,372028.17136000,5157,33362.09000000,214585.10080000
1786665600000,2026-08-14 00:00:00,6.45700000,6.49000000,6.41100000,6.41700000,144944.08000000,1786679999999,2026-08-14 03:59:59,935777.35833000,9982,72151.98000000,466281.33226000
1786680000000,2026-08-14 04:00:00,6.41700000,6.43700000,6.37200000,6.37700000,130901.10000000,1786694399999,2026-08-14 07:59:59,837698.06531000,6930,60017.18000000,384163.91169000
1786694400000,2026-08-14 08:00:00,6.37800000,6.40700000,6.35100000,6.36200000,117924.20000000,1786708799999,2026-08-14 11:59:59,751781.02213000,8173,49385.70000000,314726.50569000
1786708800000,2026-08-14 12:00:00,6.36200000,6.45100000,6.34800000,6.43900000,161363.68000000,1786723199999,2026-08-14 15:59:59,1031314.30214000,11751,79463.53000000,507990.24523000
1786723200000,2026-08-14 16:00:00,6.44000000,6.49400000,6.40200000,6.43200000,134480.59000000,1786737599999,2026-08-14 19:59:59,866400.52469000,11651,65452.38000000,421658.82076000
1786737600000,2026-08-14 20:00:00,6.43300000,6.49500000,6.39000000,6.47600000,117345.74000000,1786751999999,2026-08-14 23:59:59,754509.64587000,7077,59590.02000000,383195.12842000
1786752000000,2026-08-15 00:00:00,6.47700000,6.87700000,6.47700000,6.77000000,1319764.98000000,1786766399999,2026-08-15 03:59:59,8862349.08498000,107529,688797.71000000,4617980.75970000
1786766400000,2026-08-15 04:00:00,6.77000000,6.79300000,6.59700000,6.62000000,575505.92000000,1786780799999,2026-08-15 07:59:59,3850608.56474000,48626,255213.25000000,1708317.46235000
1786780800000,2026-08-15 08:00:00,6.62100000,6.63200000,6.56900000,6.57300000,246616.25000000,1786795199999,2026-08-15 11:59:59,1627826.38228000,16354,101993.80000000,673293.96552000
1786795200000,2026-08-15 12:00:00,6.57300000,6.59900000,6.54000000,6.56300000,146142.64000000,1786809599999,2026-08-15 15:59:59,960198.87969000,10187,66870.27000000,439505.33492000
1786809600000,2026-08-15 16:00:00,6.56300000,6.56400000,6.47800000,6.50700000,246977.81000000,1786823999999,2026-08-15 19:59:59,1607504.06228000,14403,113026.43000000,735663.77178000
1786824000000,2026-08-15 20:00:00,6.50600000,6.50700000,6.30100000,6.33300000,588839.35000000,1786838399999,2026-08-15 23:59:59,3758010.90654000,38211,225167.64000000,1436788.50170000
1786838400000,2026-08-16 00:00:00,6.33300000,6.37000000,6.22000000,6.35300000,596412.84000000,1786852799999,2026-08-16 03:59:59,3757186.69430000,39607,296524.41000000,1866226.94696000
1786852800000,2026-08-16 04:00:00,6.35300000,6.35800000,6.32000000,6.33500000,169129.30000000,1786867199999,2026-08-16 07:59:59,1071789.63132000,11740,77675.61000000,492274.20396000
1786867200000,2026-08-16 08:00:00,6.33500000,6.38600000,6.32400000,6.36100000,142284.67000000,1786881599999,2026-08-16 11:59:59,903695.82590000,10418,77058.03000000,489506.79693000
1786881600000,2026-08-16 12:00:00,6.36100000,6.43600000,6.35500000,6.43100000,141168.56000000,1786895999999,2026-08-16 15:59:59,903224.71308000,10219,79954.20000000,511384.47977000
1786896000000,2026-08-16 16:00:00,6.43200000,6.43700000,6.33600000,6.34600000,183051.37000000,1786910399999,2026-08-16 19:59:59,1166603.89656000,12667,74744.20000000,476421.18889000
1786910400000,2026-08-16 20:00:00,6.34600000,6.35100000,6.27700000,6.33000000,202154.34000000,1786924799999,2026-08-16 23:59:59,1276794.61953000,15777,98104.57000000,619861.58347000
1786924800000,2026-08-17 00:00:00,6.33000000,6.38700000,6.29200000,6.36700000,177382.86000000,1786939199999,2026-08-17 03:59:59,1125568.30623000,14413,93878.49000000,595576.66286000
1786939200000,2026-08-17 04:00:00,6.36700000,6.40300000,6.34200000,6.36300000,143813.47000000,1786953599999,2026-08-17 07:59:59,916417.76429000,9962,92836.27000000,591781.13964000
1786953600000,2026-08-17 08:00:00,6.36400000,6.36600000,6.31000000,6.32900000,168528.91000000,1786967999999,2026-08-17 11:59:59,1067194.81212000,11622,85798.00000000,543342.55122000
1786968000000,2026-08-17 12:00:00,6.32800000,6.34700000,6.29300000,6.32700000,279094.31000000,1786982399999,2026-08-17 15:59:59,1762423.55078000,18758,129922.92000000,820468.64508000
1786982400000,2026-08-17 16:00:00,6.32800000,6.35800000,6.29700000,6.34200000,176935.55000000,1786996799999,2026-08-17 19:59:59,1119534.79586000,13123,74458.58000000,471321.91119000
1786996800000,2026-08-17 20:00:00,6.34300000,6.36800000,6.31400000,6.35200000,130568.27000000,1787011199999,2026-08-17 23:59:59,827760.56711000,8194,65733.23000000,416745.47202000
1787011200000,2026-08-18 00:00:00,6.35200000,6.45500000,6.23700000,6.27800000,386415.94000000,1787025599999,2026-08-18 03:59:59,2439450.41573000,27501,165694.52000000,1046647.30875000
1787025600000,2026-08-18 04:00:00,6.27800000,6.37000000,6.27100000,6.31300000,157478.58000000,1787039999999,2026-08-18 07:59:59,995717.92740000,9901,69234.53000000,437800.77112000
1787040000000,2026-08-18 08:00:00,6.31300000,6.34800000,6.29600000,6.33200000,195662.04000000,1787054399999,2026-08-18 11:59:59,1236092.29301000,9589,57977.65000000,366470.39788000
1787054400000,2026-08-18 12:00:00,6.33200000,6.40000000,6.31300000,6.37600000,212750.62000000,1787068799999,2026-08-18 15:59:59,1351993.99957000,13481,98834.34000000,628100.50465000
1787068800000,2026-08-18 16:00:00,6.37600000,6.38200000,6.32100000,6.34900000,173714.21000000,1787083199999,2026-08-18 19:59:59,1102390.98397000,9010,69406.80000000,440574.63380000
1787083200000,2026-08-18 20:00:00,6.34900000,6.35800000,6.30400000,6.33400000,83300.40000000,1787097599999,2026-08-18 23:59:59,526683.72490000,5370,36835.71000000,232907.03262000
1787097600000,2026-08-19 00:00:00,6.33500000,6.37400000,6.31800000,6.36400000,85551.38000000,1787111999999,2026-08-19 03:59:59,542704.47269000,6323,42334.76000000,268583.49028000
1787112000000,2026-08-19 04:00:00,6.36400000,6.37300000,6.33600000,6.35000000,78337.70000000,1787126399999,2026-08-19 07:59:59,497865.12056000,5847,35503.78000000,225701.31716000
1787126400000,2026-08-19 08:00:00,6.35100000,6.39300000,6.30600000,6.31400000,231091.52000000,1787140799999,2026-08-19 11:59:59,1468019.37159000,12742,110123.84000000,699368.66084000
1787140800000,2026-08-19 12:00:00,6.31400000,6.72900000,6.29100000,6.56000000,1189208.10000000,1787155199999,2026-08-19 15:59:59,7730797.70803000,95108,597851.87000000,3883433.41977000
1787155200000,2026-08-19 16:00:00,6.55900000,6.64300000,6.50000000,6.58600000,713261.60000000,1787169599999,2026-08-19 19:59:59,4689187.99113000,65165,379584.66000000,2495106.63645000
1787169600000,2026-08-19 20:00:00,6.58600000,6.87900000,6.58600000,6.77800000,1501778.03000000,1787183999999,2026-08-19 23:59:59,10178129.09297000,153249,814392.40000000,5515595.34263000
1787184000000,2026-08-20 00:00:00,6.77800000,6.82300000,6.69100000,6.75400000,419094.60000000,1787198399999,2026-08-20 03:59:59,2839105.62509000,36373,222067.91000000,1505291.39571000
1787198400000,2026-08-20 04:00:00,6.75400000,6.82900000,6.72800000,6.80800000,270297.37000000,1787212799999,2026-08-20 07:59:59,1832639.78700000,20240,169074.62000000,1146562.49370000
1787212800000,2026-08-20 08:00:00,6.80800000,6.96400000,6.79700000,6.88900000,650949.40000000,1787227199999,2026-08-20 11:59:59,4492371.47344000,71374,367008.19000000,2532858.39780000
1787227200000,2026-08-20 12:00:00,6.88900000,7.13700000,6.73000000,7.05600000,1146168.29000000,1787241599999,2026-08-20 15:59:59,7961001.79715000,104627,642940.77000000,4471210.57735000
1787241600000,2026-08-20 16:00:00,7.05700000,7.32200000,7.04700000,7.14200000,1114700.05000000,1787255999999,2026-08-20 19:59:59,8028448.25737000,110537,623957.05000000,4494929.42321000
1787256000000,2026-08-20 20:00:00,7.14200000,7.30900000,7.11900000,7.29100000,463608.01000000,1787270399999,2026-08-20 23:59:59,3337508.68199000,37900,234738.94000000,1691327.76162000
1787270400000,2026-08-21 00:00:00,7.29100000,7.35600000,7.27000000,7.35600000,61462.18000000,1787284799999,2026-08-21 03:59:59,449377.90455000,7101,30920.84000000,226105.17733000
