fundingTime,fundingTime_dt,fundingRate,markPrice
1725897600001,2024-09-09 16:00:00,-0.00121746,11.55410523
1725912000000,2024-09-09 20:00:00,0.00005000,11.84378104
1725926400000,2024-09-10 00:00:00,0.00005000,11.64069965
1725940800000,2024-09-10 04:00:00,0.00005000,11.59676184
1725955200000,2024-09-10 08:00:00,0.00005000,11.72602275
1725969600000,2024-09-10 12:00:00,0.00005000,11.75758204
1725984000000,2024-09-10 16:00:00,0.00005000,11.42801322
1725998400000,2024-09-10 20:00:00,0.00005000,11.27559404
1726012800000,2024-09-11 00:00:00,0.00005000,11.26588916
1726027200000,2024-09-11 04:00:00,0.00005000,10.72534051
1726041600000,2024-09-11 08:00:00,0.00005000,10.69769625
1726056000000,2024-09-11 12:00:00,0.00005000,10.45000000
1726070400000,2024-09-11 16:00:00,0.00001741,10.19846112
1726084800000,2024-09-11 20:00:00,0.00005000,10.19971930
1726099200000,2024-09-12 00:00:00,-0.00003510,10.14000000
1726113600001,2024-09-12 04:00:00,0.00005000,10.23000000
1726128000000,2024-09-12 08:00:00,0.00005000,10.16000000
1726142400000,2024-09-12 12:00:00,-0.00000679,10.21000000
1726156800000,2024-09-12 16:00:00,0.00005000,10.03739979
1726171200000,2024-09-12 20:00:00,0.00005000,10.20928538
1726185600000,2024-09-13 00:00:00,0.00005000,10.23000000
1726200000000,2024-09-13 04:00:00,0.00005000,10.13459054
1726214400001,2024-09-13 08:00:00,0.00005000,10.13232895
1726228800000,2024-09-13 12:00:00,0.00005000,10.08904757
1726243200001,2024-09-13 16:00:00,0.00005000,10.24705469
1726257600000,2024-09-13 20:00:00,0.00005000,10.33048459
1726272000000,2024-09-14 00:00:00,0.00005000,10.28000000
1726286400000,2024-09-14 04:00:00,0.00005000,10.43820175
1726300800000,2024-09-14 08:00:00,0.00005000,10.34448412
1726315200000,2024-09-14 12:00:00,0.00005000,10.24781316
1726329600001,2024-09-14 16:00:00,0.00005000,10.24613421
1726344000000,2024-09-14 20:00:00,0.00005000,10.15481684
1726358400000,2024-09-15 00:00:00,0.00005000,10.26095089
1726372800000,2024-09-15 04:00:00,0.00005000,10.30044474
1726387200000,2024-09-15 08:00:00,0.00005000,10.23681488
1726401600000,2024-09-15 12:00:00,0.00005000,10.19972970
1726416000000,2024-09-15 16:00:00,0.00005000,10.30229561
1726430400000,2024-09-15 20:00:00,0.00005000,10.18421842
1726444800000,2024-09-16 00:00:00,0.00005000,9.86000000
1726459200000,2024-09-16 04:00:00,0.00005000,9.62796224
1726473600001,2024-09-16 08:00:00,0.00005000,9.73670351
1726488000000,2024-09-16 12:00:00,0.00005000,9.58274885
1726502400000,2024-09-16 16:00:00,0.00005000,9.40121786
1726516800000,2024-09-16 20:00:00,-0.00008775,9.23413944
1726531200001,2024-09-17 00:00:00,0.00005000,9.37000000
1726545600000,2024-09-17 04:00:00,0.00005000,9.45062005
1726560000000,2024-09-17 08:00:00,0.00005000,9.55369582
1726574400000,2024-09-17 12:00:00,0.00005000,9.53000000
1726588800000,2024-09-17 16:00:00,0.00005000,9.74906378
1726603200000,2024-09-17 20:00:00,0.00005000,9.54000000
1726617600000,2024-09-18 00:00:00,0.00005000,9.64370250
1726632000000,2024-09-18 04:00:00,0.00005000,9.70725502
1726646400000,2024-09-18 08:00:00,0.00005000,9.66000000
1726660800000,2024-09-18 12:00:00,0.00005000,9.50000000
1726675200004,2024-09-18 16:00:00,0.00005000,9.33141423
1726689600000,2024-09-18 20:00:00,0.00005000,9.56459083
1726704000000,2024-09-19 00:00:00,0.00005000,9.84428639
1726718400000,2024-09-19 04:00:00,0.00005000,10.05663105
1726732800000,2024-09-19 08:00:00,0.00002548,10.00091755
1726747200000,2024-09-19 12:00:00,0.00005000,10.03134310
1726761600001,2024-09-19 16:00:00,0.00005000,10.08000000
1726776000001,2024-09-19 20:00:00,0.00005000,10.27000000
1726790400000,2024-09-20 00:00:00,0.00005000,10.30379729
1726804800000,2024-09-20 04:00:00,0.00005000,10.61602485
1726819200001,2024-09-20 08:00:00,0.00005000,10.62214813
1726833600000,2024-09-20 12:00:00,0.00005000,10.53611241
1726848000000,2024-09-20 16:00:00,0.00005000,10.67083210
1726862400001,2024-09-20 20:00:00,0.00005000,10.70831579
1726876800001,2024-09-21 00:00:00,0.00005000,10.79870854
1726891200000,2024-09-21 04:00:00,0.00005000,10.41467368
1726905600000,2024-09-21 08:00:00,0.00005000,10.45900000
1726920000000,2024-09-21 12:00:00,0.00005000,10.40265351
1726934400000,2024-09-21 16:00:00,0.00001953,10.44000000
1726948800000,2024-09-21 20:00:00,0.00004107,10.51557623
1726963200000,2024-09-22 00:00:00,0.00005000,10.62900000
1726977600000,2024-09-22 04:00:00,-0.00025303,10.37377368
1726992000000,2024-09-22 08:00:00,0.00005000,10.53531151
1727006400000,2024-09-22 12:00:00,0.00005000,10.73600000
1727020800000,2024-09-22 16:00:00,0.00005000,10.73900000
1727035200000,2024-09-22 20:00:00,-0.00019743,11.29075131
1727049600000,2024-09-23 00:00:00,0.00002945,11.26400000
1727064000000,2024-09-23 04:00:00,0.00002906,11.47400565
1727078400000,2024-09-23 08:00:00,-0.00001942,11.09964524
1727092800001,2024-09-23 12:00:00,0.00005000,10.86300000
1727107200000,2024-09-23 16:00:00,0.00005000,11.08990473
1727121600001,2024-09-23 20:00:00,0.00001443,11.07432895
1727136000000,2024-09-24 00:00:00,-0.00002299,11.01400000
1727150400000,2024-09-24 04:00:00,0.00005000,10.88933247
1727164800000,2024-09-24 08:00:00,0.00005000,11.03500000
1727179200001,2024-09-24 12:00:00,0.00005000,11.01310327
1727193600001,2024-09-24 16:00:00,0.00005000,10.77673175
1727208000006,2024-09-24 20:00:00,0.00005000,11.03100000
1727222400000,2024-09-25 00:00:00,0.00005000,11.18412368
1727236800015,2024-09-25 04:00:00,0.00005000,11.16095082
1727251200003,2024-09-25 08:00:00,0.00005000,10.85895236
1727265600002,2024-09-25 12:00:00,0.00005000,11.09023221
1727280000000,2024-09-25 16:00:00,-0.00005533,10.98800000
1727294400000,2024-09-25 20:00:00,0.00005000,11.05516851
1727308800005,2024-09-26 00:00:00,0.00005000,10.94800000
1727323200000,2024-09-26 04:00:00,0.00005000,11.22418888
1727337600000,2024-09-26 08:00:00,0.00005000,11.34336066
1727352000005,2024-09-26 12:00:00,-0.00007001,11.29100000
1727366400000,2024-09-26 16:00:00,0.00005000,11.30700000
1727380800000,2024-09-26 20:00:00,0.00005000,11.38800000
1727395200000,2024-09-27 00:00:00,0.00005000,11.42715000
1727409600000,2024-09-27 04:00:00,0.00005000,11.53629003
1727424000000,2024-09-27 08:00:00,0.00005000,11.68101361
1727438400000,2024-09-27 12:00:00,0.00005000,11.54996842
1727452800000,2024-09-27 16:00:00,0.00005000,11.86200000
1727467200000,2024-09-27 20:00:00,0.00005000,11.94780233
1727481600000,2024-09-28 00:00:00,0.00005000,12.19400000
1727496000001,2024-09-28 04:00:00,0.00005000,12.25330254
1727510400001,2024-09-28 08:00:00,0.00005000,11.93230265
1727524800000,2024-09-28 12:00:00,0.00005000,11.75920033
1727539200000,2024-09-28 16:00:00,0.00005000,11.69100000
1727553600000,2024-09-28 20:00:00,0.00005000,11.52900000
1727568000001,2024-09-29 00:00:00,0.00005000,11.45600000
1727582400000,2024-09-29 04:00:00,0.00005000,11.58084132
1727596800000,2024-09-29 08:00:00,-0.00009019,11.32500000
1727611200000,2024-09-29 12:00:00,0.00005000,11.54600000
1727625600000,2024-09-29 16:00:00,0.00005000,11.56100000
1727640000000,2024-09-29 20:00:00,0.00001538,11.76033914
1727654400000,2024-09-30 00:00:00,-0.00003219,11.59094474
1727668800001,2024-09-30 04:00:00,0.00005000,11.44600000
1727683200001,2024-09-30 08:00:00,0.00005000,11.50862351
1727697600000,2024-09-30 12:00:00,0.00005000,11.48000000
1727712000000,2024-09-30 16:00:00,-0.00042093,11.63600000
1727726400000,2024-09-30 20:00:00,0.00005000,11.61100000
1727740800000,2024-10-01 00:00:00,0.00005000,11.20343052
1727755200001,2024-10-01 04:00:00,0.00005000,11.49291502
1727769600000,2024-10-01 08:00:00,0.00005000,11.51100000
1727784000000,2024-10-01 12:00:00,0.00005000,11.46344035
1727798400001,2024-10-01 16:00:00,-0.00005380,10.75633815
1727812800000,2024-10-01 20:00:00,-0.00007078,10.30100000
1727827200000,2024-10-02 00:00:00,0.00005000,10.16921107
1727841600000,2024-10-02 04:00:00,0.00005000,10.36600000
1727856000000,2024-10-02 08:00:00,0.00005000,10.39500000
1727870400000,2024-10-02 12:00:00,-0.00016352,10.23714386
1727884800000,2024-10-02 16:00:00,-0.00001984,10.20200000
1727899200000,2024-10-02 20:00:00,0.00002000,9.78089039
1727913600000,2024-10-03 00:00:00,-0.00008376,9.84900000
1727928000000,2024-10-03 04:00:00,-0.00017408,10.03100000
1727942400000,2024-10-03 08:00:00,-0.00022421,9.80663907
1727956800000,2024-10-03 12:00:00,-0.00002969,9.59500000
1727971200000,2024-10-03 16:00:00,0.00001049,9.52057105
1727985600000,2024-10-03 20:00:00,0.00005000,9.58800000
1728000000000,2024-10-04 00:00:00,0.00005000,9.61176413
1728014400000,2024-10-04 04:00:00,-0.00030753,9.66900000
1728028800000,2024-10-04 08:00:00,0.00005000,9.83689886
1728043200000,2024-10-04 12:00:00,-0.00021880,9.78074211
1728057600001,2024-10-04 16:00:00,0.00005000,9.92300000
1728072000000,2024-10-04 20:00:00,0.00004169,10.26156995
1728086400000,2024-10-05 00:00:00,0.00002941,10.15894952
1728100800000,2024-10-05 04:00:00,0.00005000,10.02500000
1728115200000,2024-10-05 08:00:00,0.00005000,10.22800000
1728129600000,2024-10-05 12:00:00,0.00005000,10.27172632
1728144000000,2024-10-05 16:00:00,0.00005000,10.20347944
1728158400000,2024-10-05 20:00:00,0.00005000,10.08899737
1728172800000,2024-10-06 00:00:00,0.00004378,10.09236228
1728187200001,2024-10-06 04:00:00,0.00005000,10.05673070
1728201600001,2024-10-06 08:00:00,0.00005000,10.17785000
1728216000000,2024-10-06 12:00:00,0.00005000,10.29400000
1728230400000,2024-10-06 16:00:00,-0.00001705,10.40249401
1728244800000,2024-10-06 20:00:00,-0.00001410,10.27300000
1728259200000,2024-10-07 00:00:00,0.00005000,10.44700000
1728273600000,2024-10-07 04:00:00,0.00005000,10.65984694
1728288000000,2024-10-07 08:00:00,0.00005000,10.60300000
1728302400000,2024-10-07 12:00:00,0.00005000,10.50555409
1728316800001,2024-10-07 16:00:00,0.00005000,10.60600000
1728331200000,2024-10-07 20:00:00,0.00005000,10.73820441
1728345600000,2024-10-08 00:00:00,0.00005000,10.65278351
1728360000000,2024-10-08 04:00:00,0.00004580,10.75000000
1728374400000,2024-10-08 08:00:00,0.00005000,10.56200000
1728388800000,2024-10-08 12:00:00,0.00005000,10.73300789
1728403200000,2024-10-08 16:00:00,0.00005000,10.42652463
1728417600000,2024-10-08 20:00:00,0.00005000,10.55857264
1728432000000,2024-10-09 00:00:00,0.00005000,10.56139430
1728446400000,2024-10-09 04:00:00,0.00005000,10.59231930
1728460800000,2024-10-09 08:00:00,0.00005000,10.51096228
1728475200000,2024-10-09 12:00:00,0.00005000,10.37737413
1728489600000,2024-10-09 16:00:00,0.00005000,10.31300000
1728504000000,2024-10-09 20:00:00,0.00005000,10.08900000
1728518400000,2024-10-10 00:00:00,0.00005000,9.97700000
1728532800000,2024-10-10 04:00:00,0.00005000,10.08253421
1728547200000,2024-10-10 08:00:00,0.00005000,10.04800000
1728561600000,2024-10-10 12:00:00,0.00005000,10.10020298
1728576000000,2024-10-10 16:00:00,0.00005000,10.02900000
1728590400000,2024-10-10 20:00:00,0.00005000,9.97219160
1728604800000,2024-10-11 00:00:00,0.00005000,10.16300000
1728619200000,2024-10-11 04:00:00,0.00005000,10.17236606
1728633600000,2024-10-11 08:00:00,0.00005000,10.17200000
1728648000000,2024-10-11 12:00:00,0.00005000,10.43100000
1728662400001,2024-10-11 16:00:00,0.00005000,10.41591140
1728676800000,2024-10-11 20:00:00,0.00005000,10.49617895
1728691200000,2024-10-12 00:00:00,0.00005000,10.50143421
1728705600001,2024-10-12 04:00:00,0.00005000,10.51015154
1728720000001,2024-10-12 08:00:00,0.00005000,10.68897298
1728734400000,2024-10-12 12:00:00,0.00005000,10.65500000
1728748800000,2024-10-12 16:00:00,0.00005000,10.75300000
1728763200000,2024-10-12 20:00:00,0.00005000,10.68252361
1728777600000,2024-10-13 00:00:00,0.00005000,10.66600000
1728792000001,2024-10-13 04:00:00,0.00003453,10.52533303
1728806400000,2024-10-13 08:00:00,0.00005000,10.73700000
1728820800000,2024-10-13 12:00:00,-0.00005821,10.59500000
1728835200000,2024-10-13 16:00:00,-0.00002995,10.49519313
1728849600000,2024-10-13 20:00:00,0.00005000,10.62783935
1728864000000,2024-10-14 00:00:00,0.00005000,10.73480439
1728878400000,2024-10-14 04:00:00,0.00005000,10.89900000
1728892800000,2024-10-14 08:00:00,0.00005000,10.98764979
1728907200000,2024-10-14 12:00:00,0.00005000,10.99878947
1728921600000,2024-10-14 16:00:00,0.00005000,11.27880964
1728936000000,2024-10-14 20:00:00,0.00005000,11.27200000
1728950400000,2024-10-15 00:00:00,0.00005000,11.34474211
1728964800000,2024-10-15 04:00:00,0.00005000,11.22900000
1728979200000,2024-10-15 08:00:00,0.00005000,11.21300000
1728993600000,2024-10-15 12:00:00,0.00005000,11.10180269
1729008000000,2024-10-15 16:00:00,0.00005000,11.05643413
1729022400000,2024-10-15 20:00:00,0.00005000,11.26762228
1729036800000,2024-10-16 00:00:00,0.00005000,11.45419784
1729051200000,2024-10-16 04:00:00,0.00005000,11.28700000
1729065600001,2024-10-16 08:00:00,0.00005000,11.07100000
1729080000000,2024-10-16 12:00:00,0.00005000,11.32799491
1729094400000,2024-10-16 16:00:00,0.00005000,11.15521316
1729108800000,2024-10-16 20:00:00,0.00005000,11.10295263
1729123200000,2024-10-17 00:00:00,0.00005000,11.06800000
1729137600001,2024-10-17 04:00:00,0.00005000,11.19677105
1729152000000,2024-10-17 08:00:00,0.00005000,11.00700000
1729166400000,2024-10-17 12:00:00,0.00005000,10.83517675
1729180800001,2024-10-17 16:00:00,0.00005000,11.09800000
1729195200007,2024-10-17 20:00:00,0.00005000,10.95900000
1729209600010,2024-10-18 00:00:00,0.00005000,11.17204295
1729224000000,2024-10-18 04:00:00,0.00005000,11.27036228
1729238400001,2024-10-18 08:00:00,0.00005000,11.57380592
1729252800000,2024-10-18 12:00:00,-0.00017555,11.13547031
1729267200000,2024-10-18 16:00:00,0.00005000,11.40513070
1729281600000,2024-10-18 20:00:00,0.00005000,11.83101132
1729296000000,2024-10-19 00:00:00,0.00005000,11.75680965
1729310400000,2024-10-19 04:00:00,0.00005000,11.83200000
1729324800000,2024-10-19 08:00:00,0.00005000,11.65400000
1729339200000,2024-10-19 12:00:00,0.00005000,11.37510965
1729353600000,2024-10-19 16:00:00,0.00005000,11.44200000
1729368000000,2024-10-19 20:00:00,0.00005000,11.40206406
1729382400000,2024-10-20 00:00:00,0.00005000,11.49700000
1729396800000,2024-10-20 04:00:00,0.00005000,11.41825263
1729411200000,2024-10-20 08:00:00,0.00005000,11.52800000
1729425600000,2024-10-20 12:00:00,0.00005000,11.71950348
1729440000000,2024-10-20 16:00:00,0.00005000,12.06300000
1729454400000,2024-10-20 20:00:00,0.00005000,11.92561842
1729468800000,2024-10-21 00:00:00,0.00005000,12.12501440
1729483200000,2024-10-21 04:00:00,0.00005000,12.28907327
1729497600000,2024-10-21 08:00:00,0.00005000,12.13590263
1729512000000,2024-10-21 12:00:00,0.00005000,12.04246484
1729526400000,2024-10-21 16:00:00,0.00005000,11.75300000
1729540800000,2024-10-21 20:00:00,0.00005000,11.87472777
1729555200000,2024-10-22 00:00:00,0.00005000,11.79057211
1729569600000,2024-10-22 04:00:00,0.00005000,11.81521994
1729584000000,2024-10-22 08:00:00,0.00005000,11.77800000
1729598400000,2024-10-22 12:00:00,0.00005000,11.54294814
1729612800000,2024-10-22 16:00:00,0.00005000,11.48700000
1729627200000,2024-10-22 20:00:00,0.00005000,11.43000000
1729641600000,2024-10-23 00:00:00,0.00005000,11.51257982
1729656000000,2024-10-23 04:00:00,0.00005000,11.39500000
1729670400000,2024-10-23 08:00:00,0.00005000,11.15201637
1729684800000,2024-10-23 12:00:00,0.00005000,11.04300000
1729699200000,2024-10-23 16:00:00,0.00005000,10.95600000
1729713600001,2024-10-23 20:00:00,0.00005000,10.71474985
1729728000000,2024-10-24 00:00:00,0.00005000,10.81840614
1729742400001,2024-10-24 04:00:00,0.00005000,10.89433085
1729756800000,2024-10-24 08:00:00,0.00005000,10.93500000
1729771200000,2024-10-24 12:00:00,0.00005000,10.93100000
1729785600000,2024-10-24 16:00:00,0.00005000,11.02162798
1729800000000,2024-10-24 20:00:00,0.00005000,11.11600000
1729814400000,2024-10-25 00:00:00,0.00005000,11.12800000
1729828800001,2024-10-25 04:00:00,0.00005000,11.04000000
1729843200000,2024-10-25 08:00:00,0.00005000,10.90100000
1729857600000,2024-10-25 12:00:00,0.00005000,11.08990526
1729872000000,2024-10-25 16:00:00,0.00005000,10.96000000
1729886400000,2024-10-25 20:00:00,0.00005000,10.69201467
1729900800000,2024-10-26 00:00:00,0.00005000,10.25382850
1729915200001,2024-10-26 04:00:00,0.00005000,10.42600000
1729929600001,2024-10-26 08:00:00,0.00005000,10.36800000
1729944000000,2024-10-26 12:00:00,0.00005000,10.43664035
1729958400000,2024-10-26 16:00:00,0.00005000,10.17700000
1729972800001,2024-10-26 20:00:00,0.00005000,10.38300000
1729987200000,2024-10-27 00:00:00,0.00005000,10.36800000
1730001600000,2024-10-27 04:00:00,0.00005000,10.41566579
1730016000000,2024-10-27 08:00:00,0.00005000,10.33848947
1730030400000,2024-10-27 12:00:00,-0.00001135,10.23000000
1730044800000,2024-10-27 16:00:00,0.00005000,10.42000000
1730059200000,2024-10-27 20:00:00,0.00005000,10.39806888
1730073600000,2024-10-28 00:00:00,0.00005000,10.45000000
1730088000000,2024-10-28 04:00:00,-0.00011935,10.21200000
1730102400001,2024-10-28 08:00:00,0.00005000,10.43800000
1730116800001,2024-10-28 12:00:00,0.00000861,10.37831509
1730131200000,2024-10-28 16:00:00,0.00005000,10.12991754
1730145600000,2024-10-28 20:00:00,0.00005000,10.24600000
1730160000000,2024-10-29 00:00:00,-0.00002170,10.44400000
1730174400000,2024-10-29 04:00:00,0.00005000,10.80358711
1730188800000,2024-10-29 08:00:00,0.00005000,10.81600000
1730203200001,2024-10-29 12:00:00,0.00005000,10.94152368
1730217600004,2024-10-29 16:00:00,0.00005000,10.92822368
1730232000000,2024-10-29 20:00:00,0.00005000,10.89320523
1730246400000,2024-10-30 00:00:00,0.00005000,11.01852632
1730260800000,2024-10-30 04:00:00,0.00005000,11.05504149
1730275200000,2024-10-30 08:00:00,0.00005000,11.07593807
1730289600006,2024-10-30 12:00:00,0.00005000,10.84800000
1730304000013,2024-10-30 16:00:00,0.00005000,10.83700000
1730318400000,2024-10-30 20:00:00,0.00005000,10.83382123
1730332800000,2024-10-31 00:00:00,0.00005000,10.87315053
1730347200000,2024-10-31 04:00:00,0.00005000,10.68200000
1730361600000,2024-10-31 08:00:00,0.00005000,10.61754386
1730376000000,2024-10-31 12:00:00,0.00005000,10.58978246
1730390400000,2024-10-31 16:00:00,0.00005000,10.42628158
1730404800000,2024-10-31 20:00:00,0.00005000,10.16400000
1730419200000,2024-11-01 00:00:00,0.00005000,10.15100000
1730433600000,2024-11-01 04:00:00,0.00005000,10.13617456
1730448000000,2024-11-01 08:00:00,0.00005000,10.02717368
1730462400000,2024-11-01 12:00:00,0.00005000,10.21001361
1730476800000,2024-11-01 16:00:00,0.00005000,10.07000000
1730491200001,2024-11-01 20:00:00,0.00003042,10.03200000
1730505600000,2024-11-02 00:00:00,0.00005000,10.03075789
1730520000000,2024-11-02 04:00:00,0.00005000,10.00200000
1730534400000,2024-11-02 08:00:00,0.00005000,9.97271429
1730548800000,2024-11-02 12:00:00,0.00005000,9.89719294
1730563200000,2024-11-02 16:00:00,0.00005000,9.71908421
1730577600001,2024-11-02 20:00:00,0.00005000,9.68300000
1730592000000,2024-11-03 00:00:00,0.00005000,9.69317605
1730606400000,2024-11-03 04:00:00,0.00004890,9.40726491
1730620800000,2024-11-03 08:00:00,-0.00032225,9.52000000
1730635200000,2024-11-03 12:00:00,-0.00017122,9.38200000
1730649600000,2024-11-03 16:00:00,-0.00019503,9.25891990
1730664000000,2024-11-03 20:00:00,0.00005000,9.31018860
1730678400000,2024-11-04 00:00:00,0.00005000,9.36000000
1730692800000,2024-11-04 04:00:00,-0.00001451,9.41100000
1730707200000,2024-11-04 08:00:00,-0.00015305,9.30406619
1730721600000,2024-11-04 12:00:00,-0.00005623,9.41200000
1730736000000,2024-11-04 16:00:00,0.00003036,9.24046579
1730750400000,2024-11-04 20:00:00,0.00005000,9.17838553
1730764800000,2024-11-05 00:00:00,0.00000330,8.88802544
1730779200000,2024-11-05 04:00:00,0.00005000,8.73409366
1730793600003,2024-11-05 08:00:00,-0.00002686,8.79755789
1730808000001,2024-11-05 12:00:00,-0.00013296,8.75422146
1730822400001,2024-11-05 16:00:00,0.00005000,8.81924956
1730836800000,2024-11-05 20:00:00,0.00005000,8.71800000
1730851200000,2024-11-06 00:00:00,0.00005000,8.79765179
1730865600000,2024-11-06 04:00:00,0.00005000,9.35533758
1730880000000,2024-11-06 08:00:00,0.00005000,9.46287370
1730894400001,2024-11-06 12:00:00,0.00005000,9.69500000
1730908800000,2024-11-06 16:00:00,0.00005000,9.67292474
1730923200001,2024-11-06 20:00:00,0.00005000,9.78549787
1730937600000,2024-11-07 00:00:00,0.00005000,10.17800000
1730952000000,2024-11-07 04:00:00,0.00005000,10.65000000
1730966400000,2024-11-07 08:00:00,0.00005000,10.30007105
1730980800000,2024-11-07 12:00:00,0.00005000,10.12100342
1730995200000,2024-11-07 16:00:00,0.00005000,10.31000000
1731009600000,2024-11-07 20:00:00,0.00005000,10.35500000
1731024000000,2024-11-08 00:00:00,0.00005000,10.25388947
1731038400000,2024-11-08 04:00:00,0.00005000,10.29469615
1731052800000,2024-11-08 08:00:00,0.00005000,10.31900000
1731067200000,2024-11-08 12:00:00,0.00005000,10.45600000
1731081600000,2024-11-08 16:00:00,0.00005000,10.57167402
1731096000000,2024-11-08 20:00:00,0.00005000,10.65892068
1731110400000,2024-11-09 00:00:00,0.00005000,10.66100000
1731124800000,2024-11-09 04:00:00,0.00005000,10.54148421
1731139200000,2024-11-09 08:00:00,0.00005000,11.22800000
1731153600000,2024-11-09 12:00:00,0.00005000,11.17600000
1731168000000,2024-11-09 16:00:00,0.00005000,11.01209474
1731182400000,2024-11-09 20:00:00,0.00005000,10.99191502
1731196800000,2024-11-10 00:00:00,0.00005000,11.16021896
1731211200000,2024-11-10 04:00:00,0.00005000,11.25300000
1731225600000,2024-11-10 08:00:00,0.00014076,11.72279497
1731240000000,2024-11-10 12:00:00,0.00006362,11.85600000
1731254400000,2024-11-10 16:00:00,0.00018673,12.23609310
1731268800000,2024-11-10 20:00:00,0.00017159,12.18251485
1731283200001,2024-11-11 00:00:00,0.00006194,12.15784831
1731297600000,2024-11-11 04:00:00,0.00024112,12.36200000
1731312000000,2024-11-11 08:00:00,0.00005000,11.69400000
1731326400000,2024-11-11 12:00:00,0.00005000,11.83900000
1731340800000,2024-11-11 16:00:00,0.00005000,11.67445056
1731355200000,2024-11-11 20:00:00,0.00005000,11.74200000
1731369600002,2024-11-12 00:00:00,0.00025360,12.06600000
1731384000000,2024-11-12 04:00:00,0.00027728,11.95386726
1731398400000,2024-11-12 08:00:00,0.00014420,12.05200000
1731412800000,2024-11-12 12:00:00,0.00012640,11.10300000
1731427200000,2024-11-12 16:00:00,0.00005000,10.75300250
1731441600000,2024-11-12 20:00:00,0.00026268,11.02675614
1731456000000,2024-11-13 00:00:00,0.00019081,11.05020526
1731470400000,2024-11-13 04:00:00,0.00005000,10.51800000
1731484800010,2024-11-13 08:00:00,0.00005000,10.43400000
1731499200001,2024-11-13 12:00:00,0.00005000,10.40600000
1731513600000,2024-11-13 16:00:00,0.00005000,10.85466900
1731528000000,2024-11-13 20:00:00,0.00011737,10.31400000
1731542400001,2024-11-14 00:00:00,0.00005000,10.45393416
1731556800000,2024-11-14 04:00:00,0.00034891,10.57767513
1731571200000,2024-11-14 08:00:00,0.00011353,10.59663238
1731585600001,2024-11-14 12:00:00,0.00005000,10.25439258
1731600000000,2024-11-14 16:00:00,0.00005000,9.90500000
1731614400000,2024-11-14 20:00:00,0.00005000,10.07859480
1731628800000,2024-11-15 00:00:00,0.00005000,9.78000000
1731643200001,2024-11-15 04:00:00,0.00005000,9.79342857
1731657600000,2024-11-15 08:00:00,0.00005000,9.42520006
1731672000000,2024-11-15 12:00:00,0.00005000,9.67500000
1731686400000,2024-11-15 16:00:00,0.00005000,9.37856550
1731700800000,2024-11-15 20:00:00,0.00005000,9.71614286
1731715200001,2024-11-16 00:00:00,0.00005000,10.09105360
1731729600001,2024-11-16 04:00:00,0.00005000,10.08995333
1731744000001,2024-11-16 08:00:00,0.00005000,9.82100000
1731758400000,2024-11-16 12:00:00,0.00005000,10.05400000
1731772800000,2024-11-16 16:00:00,0.00005000,9.81880768
1731787200000,2024-11-16 20:00:00,0.00005000,10.12800000
1731801600000,2024-11-17 00:00:00,0.00005000,10.28216164
1731816000000,2024-11-17 04:00:00,0.00005000,9.95435661
1731830400000,2024-11-17 08:00:00,0.00005000,10.06469070
1731844800000,2024-11-17 12:00:00,0.00005000,10.14181644
1731859200001,2024-11-17 16:00:00,0.00005000,10.21474178
1731873600001,2024-11-17 20:00:00,0.00005000,10.06471319
1731888000000,2024-11-18 00:00:00,0.00005000,9.98500000
1731902400000,2024-11-18 04:00:00,0.00005000,10.10282143
1731916800000,2024-11-18 08:00:00,0.00007298,10.25176696
1731931200000,2024-11-18 12:00:00,0.00005000,9.96117077
1731945600000,2024-11-18 16:00:00,0.00016881,10.19400000
1731960000000,2024-11-18 20:00:00,0.00005000,9.88727352
1731974400000,2024-11-19 00:00:00,0.00015918,10.46885653
1731988800000,2024-11-19 04:00:00,0.00010594,10.21157619
1732003200000,2024-11-19 08:00:00,0.00010344,10.10145714
1732017600000,2024-11-19 12:00:00,0.00006007,10.08413156
1732032000000,2024-11-19 16:00:00,0.00005000,9.91623865
1732046400001,2024-11-19 20:00:00,0.00005000,9.99308811
1732060800003,2024-11-20 00:00:00,0.00012068,9.88917360
1732075200000,2024-11-20 04:00:00,0.00005000,9.76400000
1732089600000,2024-11-20 08:00:00,0.00005000,9.75200000
1732104000000,2024-11-20 12:00:00,0.00005000,9.85527569
1732118400000,2024-11-20 16:00:00,0.00005000,9.89900000
1732132800000,2024-11-20 20:00:00,0.00005000,9.38887740
1732147200001,2024-11-21 00:00:00,0.00005000,9.36998709
1732161600000,2024-11-21 04:00:00,0.00005000,9.28804810
1732176000000,2024-11-21 08:00:00,0.00005000,9.69363810
1732190400000,2024-11-21 12:00:00,0.00005000,9.58800000
1732204800001,2024-11-21 16:00:00,0.00005000,9.93174878
1732219200000,2024-11-21 20:00:00,0.00005000,10.10919079
1732233600000,2024-11-22 00:00:00,0.00005000,10.23538183
1732248000000,2024-11-22 04:00:00,0.00005000,10.25800000
1732262400000,2024-11-22 08:00:00,0.00005000,10.18113371
1732276800000,2024-11-22 12:00:00,0.00005000,10.22900000
1732291200001,2024-11-22 16:00:00,0.00005000,10.05775991
1732305600000,2024-11-22 20:00:00,0.00005000,9.91346053
1732320000000,2024-11-23 00:00:00,0.00016652,10.23500560
1732334400000,2024-11-23 04:00:00,0.00007496,10.41100000
1732348800000,2024-11-23 08:00:00,0.00005000,10.88200000
1732363200000,2024-11-23 12:00:00,0.00019698,10.92642116
1732377600000,2024-11-23 16:00:00,0.00005000,11.44926880
1732392000000,2024-11-23 20:00:00,0.00007638,11.70711142
1732406400001,2024-11-24 00:00:00,0.00010782,11.76240944
1732420800000,2024-11-24 04:00:00,0.00005000,12.34052691
1732435200000,2024-11-24 08:00:00,0.00021057,12.13800000
1732449600000,2024-11-24 12:00:00,0.00007771,11.36500000
1732464000000,2024-11-24 16:00:00,0.00005000,11.06700000
1732478400000,2024-11-24 20:00:00,0.00005000,11.45925263
1732492800000,2024-11-25 00:00:00,0.00005000,11.94500000
1732507200000,2024-11-25 04:00:00,0.00005000,11.80200000
1732521600000,2024-11-25 08:00:00,0.00008599,12.13000000
1732536000008,2024-11-25 12:00:00,0.00015703,12.40600000
1732550400000,2024-11-25 16:00:00,0.00015849,12.81470502
1732564800000,2024-11-25 20:00:00,0.00005000,13.05279412
1732579200000,2024-11-26 00:00:00,0.00010664,13.13429981
1732593600000,2024-11-26 04:00:00,0.00005000,13.06000000
1732608000000,2024-11-26 08:00:00,0.00005000,14.23500000
1732622400000,2024-11-26 12:00:00,0.00012017,12.80700000
1732636800000,2024-11-26 16:00:00,0.00005000,13.13500000
1732651200000,2024-11-26 20:00:00,0.00008661,13.12341780
1732665600000,2024-11-27 00:00:00,0.00015455,13.39000000
1732680000000,2024-11-27 04:00:00,0.00007808,13.41689301
1732694400000,2024-11-27 08:00:00,0.00012183,13.91433700
1732708800000,2024-11-27 12:00:00,0.00005000,13.78710632
1732723200001,2024-11-27 16:00:00,0.00019438,14.49844549
1732737600000,2024-11-27 20:00:00,0.00012469,14.33500000
1732752000000,2024-11-28 00:00:00,0.00021252,14.03938312
1732766400000,2024-11-28 04:00:00,0.00011193,13.46876138
1732780800000,2024-11-28 08:00:00,0.00005000,13.58556915
1732795200000,2024-11-28 12:00:00,0.00005427,13.68800000
1732809600000,2024-11-28 16:00:00,0.00007247,13.27600000
1732824000000,2024-11-28 20:00:00,0.00005000,14.21218827
1732838400000,2024-11-29 00:00:00,0.00018852,14.18085877
1732852800000,2024-11-29 04:00:00,0.00008485,13.91271536
1732867200000,2024-11-29 08:00:00,0.00020253,13.58659724
1732881600000,2024-11-29 12:00:00,0.00018982,14.30214053
1732896000000,2024-11-29 16:00:00,0.00022596,13.88517466
1732910400000,2024-11-29 20:00:00,0.00018365,13.90400000
1732924800000,2024-11-30 00:00:00,0.00007029,13.96900000
1732939200000,2024-11-30 04:00:00,0.00020461,14.81969022
1732953600000,2024-11-30 08:00:00,0.00020025,14.72955722
1732968000001,2024-11-30 12:00:00,0.00023572,14.52300000
1732982400000,2024-11-30 16:00:00,0.00013595,14.45900000
1732996800000,2024-11-30 20:00:00,0.00016765,14.77273953
1733011200000,2024-12-01 00:00:00,0.00016432,14.74544572
1733025600000,2024-12-01 04:00:00,0.00020890,14.66925680
1733040000000,2024-12-01 08:00:00,0.00016531,14.65200000
1733054400000,2024-12-01 12:00:00,0.00006653,14.54004317
1733068800000,2024-12-01 16:00:00,0.00014151,14.70429373
1733083200000,2024-12-01 20:00:00,0.00006943,14.33567627
1733097600001,2024-12-02 00:00:00,0.00028374,14.47981246
1733112000000,2024-12-02 04:00:00,0.00009307,14.00100000
1733126400001,2024-12-02 08:00:00,0.00005000,13.97400000
1733140800000,2024-12-02 12:00:00,0.00006415,13.34021210
1733155200000,2024-12-02 16:00:00,0.00014650,14.11500000
1733169600001,2024-12-02 20:00:00,0.00016872,13.66200000
1733184000000,2024-12-03 00:00:00,0.00033302,14.26700000
1733198400000,2024-12-03 04:00:00,0.00046142,14.39500000
1733212800000,2024-12-03 08:00:00,0.00022412,14.59365263
1733227200001,2024-12-03 12:00:00,0.00024153,15.43836691
1733241600000,2024-12-03 16:00:00,0.00020733,14.80822149
1733256000000,2024-12-03 20:00:00,0.00023911,15.26800000
1733270400000,2024-12-04 00:00:00,0.00032908,16.28700000
1733284800000,2024-12-04 04:00:00,0.00029110,16.36644701
1733299200000,2024-12-04 08:00:00,0.00023630,18.54382804
1733313600000,2024-12-04 12:00:00,0.00041210,18.85300000
1733328000000,2024-12-04 16:00:00,0.00025798,18.13340137
1733342400000,2024-12-04 20:00:00,0.00016481,17.72947532
1733356800001,2024-12-05 00:00:00,0.00016342,17.53400000
1733371200000,2024-12-05 04:00:00,0.00022952,16.85557320
1733385600000,2024-12-05 08:00:00,0.00047345,17.32856176
1733400000000,2024-12-05 12:00:00,0.00031534,17.37154436
1733414400000,2024-12-05 16:00:00,0.00044025,17.30347981
1733428800000,2024-12-05 20:00:00,0.00025691,16.99300000
1733443200000,2024-12-06 00:00:00,0.00026139,16.99800000
1733457600001,2024-12-06 04:00:00,0.00029562,17.93100000
1733472000000,2024-12-06 08:00:00,0.00031233,17.66824123
1733486400001,2024-12-06 12:00:00,0.00016534,16.94000000
1733500800000,2024-12-06 16:00:00,0.00007957,17.86241068
1733515200001,2024-12-06 20:00:00,0.00005486,18.13200000
1733529600000,2024-12-07 00:00:00,0.00005000,17.56514204
1733544000000,2024-12-07 04:00:00,0.00022123,17.59500000
1733558400000,2024-12-07 08:00:00,0.00005000,17.40800000
1733572800000,2024-12-07 12:00:00,0.00023511,17.31500000
1733587200000,2024-12-07 16:00:00,0.00010506,17.36800000
1733601600000,2024-12-07 20:00:00,0.00009348,16.90427006
1733616000000,2024-12-08 00:00:00,0.00018743,16.92094032
1733630400000,2024-12-08 04:00:00,0.00020581,16.85621667
1733644800000,2024-12-08 08:00:00,0.00030750,16.82400000
1733659200001,2024-12-08 12:00:00,0.00032027,16.68000000
1733673600000,2024-12-08 16:00:00,0.00022994,17.18551204
1733688000000,2024-12-08 20:00:00,0.00017621,17.12200000
1733702400000,2024-12-09 00:00:00,0.00035764,17.15035361
1733716800000,2024-12-09 04:00:00,0.00016072,16.40000000
1733731200000,2024-12-09 08:00:00,0.00014091,16.18589737
1733745600000,2024-12-09 12:00:00,0.00005000,15.51466947
1733760000001,2024-12-09 16:00:00,0.00005000,15.68900000
1733774400012,2024-12-09 20:00:00,0.00005000,15.49400000
1733788800007,2024-12-10 00:00:00,0.00005000,13.93691932
1733803200002,2024-12-10 04:00:00,0.00005000,13.41021053
1733817600000,2024-12-10 08:00:00,0.00005000,13.90400000
1733832000000,2024-12-10 12:00:00,0.00005000,13.87915728
1733846400000,2024-12-10 16:00:00,0.00005000,12.48300000
1733860800001,2024-12-10 20:00:00,0.00005000,12.84440567
1733875200000,2024-12-11 00:00:00,0.00005000,13.33966053
1733889600000,2024-12-11 04:00:00,0.00005000,13.46400000
1733904000000,2024-12-11 08:00:00,0.00005000,13.28200000
1733918400000,2024-12-11 12:00:00,0.00005000,13.61816067
1733932800001,2024-12-11 16:00:00,0.00005000,14.27600000
1733947200000,2024-12-11 20:00:00,0.00005000,13.87200000
1733961600001,2024-12-12 00:00:00,0.00005000,14.15339904
1733976000000,2024-12-12 04:00:00,0.00005000,14.83400000
1733990400000,2024-12-12 08:00:00,0.00005000,14.89600000
1734004800000,2024-12-12 12:00:00,0.00005000,14.56200000
1734019200001,2024-12-12 16:00:00,0.00005000,15.61859944
1734033600000,2024-12-12 20:00:00,0.00005000,15.43162862
1734048000000,2024-12-13 00:00:00,0.00005000,15.77700000
1734062400000,2024-12-13 04:00:00,0.00005000,15.63961958
1734076800000,2024-12-13 08:00:00,0.00005000,15.10000000
1734091200000,2024-12-13 12:00:00,0.00005000,15.56609344
1734105600001,2024-12-13 16:00:00,0.00005000,15.31401139
1734120000001,2024-12-13 20:00:00,0.00005000,15.62600544
1734134400000,2024-12-14 00:00:00,0.00005000,15.96300000
1734148800000,2024-12-14 04:00:00,0.00002544,15.92823596
1734163200000,2024-12-14 08:00:00,0.00005000,15.70500000
1734177600000,2024-12-14 12:00:00,0.00005000,15.35218428
1734192000000,2024-12-14 16:00:00,0.00005000,14.94638668
1734206400000,2024-12-14 20:00:00,0.00005000,14.70877914
1734220800000,2024-12-15 00:00:00,0.00005000,14.81586053
1734235200000,2024-12-15 04:00:00,0.00005000,14.64600000
1734249600000,2024-12-15 08:00:00,0.00005000,14.42042263
1734264000000,2024-12-15 12:00:00,0.00005000,14.46800000
1734278400000,2024-12-15 16:00:00,0.00005000,14.96900000
1734292800001,2024-12-15 20:00:00,0.00005000,14.94700000
1734307200000,2024-12-16 00:00:00,0.00005000,15.26769294
1734321600000,2024-12-16 04:00:00,0.00005000,15.12100000
1734336000001,2024-12-16 08:00:00,0.00005000,15.03133485
1734350400000,2024-12-16 12:00:00,0.00005000,14.29200000
1734364800000,2024-12-16 16:00:00,0.00005000,14.52400000
1734379200000,2024-12-16 20:00:00,0.00005000,14.85158088
1734393600000,2024-12-17 00:00:00,0.00005000,14.91061462
1734408000000,2024-12-17 04:00:00,0.00005000,14.75130819
1734422400000,2024-12-17 08:00:00,0.00005000,14.52524674
1734436800000,2024-12-17 12:00:00,0.00005000,15.09100000
1734451200000,2024-12-17 16:00:00,0.00005000,14.43900000
1734465600000,2024-12-17 20:00:00,0.00005000,14.45784474
1734480000000,2024-12-18 00:00:00,-0.00004582,14.08400000
1734494400000,2024-12-18 04:00:00,0.00005000,14.01470439
1734508800000,2024-12-18 08:00:00,0.00005000,13.85083527
1734523200000,2024-12-18 12:00:00,0.00005000,13.85100000
1734537600000,2024-12-18 16:00:00,0.00005000,13.58900000
1734552000000,2024-12-18 20:00:00,0.00005000,13.38417539
1734566400000,2024-12-19 00:00:00,0.00005000,12.80145490
1734580800000,2024-12-19 04:00:00,0.00005000,13.25656660
1734595200000,2024-12-19 08:00:00,0.00005000,13.06058760
1734609600000,2024-12-19 12:00:00,-0.00004260,13.30990775
1734624000000,2024-12-19 16:00:00,0.00005000,12.75801842
1734638400000,2024-12-19 20:00:00,0.00005000,11.85932186
1734652800000,2024-12-20 00:00:00,0.00005000,11.79600000
1734667200001,2024-12-20 04:00:00,0.00005000,11.96100000
1734681600001,2024-12-20 08:00:00,0.00005000,11.53100000
1734696000000,2024-12-20 12:00:00,0.00005000,10.16595106
1734710400014,2024-12-20 16:00:00,-0.00000173,11.36700000
1734724800000,2024-12-20 20:00:00,0.00005000,11.78023866
1734739200000,2024-12-21 00:00:00,0.00005000,11.92485858
1734753600000,2024-12-21 04:00:00,0.00005000,11.81527982
1734768000000,2024-12-21 08:00:00,0.00005000,12.45907719
1734782400000,2024-12-21 12:00:00,0.00005000,11.96600000
1734796800001,2024-12-21 16:00:00,0.00005000,11.48023594
1734811200000,2024-12-21 20:00:00,0.00005000,11.12792584
1734825600000,2024-12-22 00:00:00,0.00005000,11.07307105
1734840000000,2024-12-22 04:00:00,0.00005000,11.15365874
1734854400000,2024-12-22 08:00:00,0.00005000,11.06200000
1734868800000,2024-12-22 12:00:00,0.00005000,11.26192363
1734883200000,2024-12-22 16:00:00,0.00005000,11.12800000
1734897600000,2024-12-22 20:00:00,-0.00003465,10.91463102
1734912000000,2024-12-23 00:00:00,0.00005000,11.02250789
1734926400000,2024-12-23 04:00:00,0.00005000,11.51300000
1734940800000,2024-12-23 08:00:00,0.00005000,11.25158421
1734955200000,2024-12-23 12:00:00,0.00005000,11.37200000
1734969600001,2024-12-23 16:00:00,0.00005000,11.19990000
1734984000000,2024-12-23 20:00:00,0.00005000,11.60428085
1734998400000,2024-12-24 00:00:00,0.00005000,12.11900000
1735012800000,2024-12-24 04:00:00,0.00005000,11.95300000
1735027200000,2024-12-24 08:00:00,0.00005000,12.03000000
1735041600000,2024-12-24 12:00:00,0.00005000,12.18300000
1735056000001,2024-12-24 16:00:00,0.00005000,12.55816682
1735070400000,2024-12-24 20:00:00,0.00005000,12.34398258
1735084800001,2024-12-25 00:00:00,0.00005000,12.53213854
1735099200001,2024-12-25 04:00:00,0.00005000,12.28665263
1735113600000,2024-12-25 08:00:00,0.00005000,12.16600000
1735128000000,2024-12-25 12:00:00,0.00005000,12.13772399
1735142400000,2024-12-25 16:00:00,0.00005000,12.10100000
1735156800000,2024-12-25 20:00:00,0.00005000,12.15900000
1735171200000,2024-12-26 00:00:00,0.00005000,12.13704649
1735185600001,2024-12-26 04:00:00,0.00005000,11.87843394
1735200000000,2024-12-26 08:00:00,0.00005000,11.64100000
1735214400000,2024-12-26 12:00:00,0.00005000,11.46468158
1735228800000,2024-12-26 16:00:00,0.00005000,11.38386140
1735243200001,2024-12-26 20:00:00,0.00005000,11.29500000
1735257600000,2024-12-27 00:00:00,0.00005000,11.29184298
1735272000000,2024-12-27 04:00:00,0.00005000,11.43700000
1735286400000,2024-12-27 08:00:00,0.00005000,11.48375439
1735300800000,2024-12-27 12:00:00,0.00005000,12.14100000
1735315200000,2024-12-27 16:00:00,0.00005000,11.73859931
1735329600001,2024-12-27 20:00:00,0.00005000,12.06557211
1735344000001,2024-12-28 00:00:00,0.00005000,11.79567807
1735358400000,2024-12-28 04:00:00,0.00005000,11.89839627
1735372800000,2024-12-28 08:00:00,0.00005000,11.61500000
1735387200000,2024-12-28 12:00:00,0.00005000,11.84700000
1735401600000,2024-12-28 16:00:00,0.00005000,11.99860502
1735416000000,2024-12-28 20:00:00,0.00005000,12.15639737
1735430400000,2024-12-29 00:00:00,0.00000189,12.24627751
1735444800000,2024-12-29 04:00:00,0.00005000,12.25844474
1735459200000,2024-12-29 08:00:00,0.00005000,12.21600000
1735473600000,2024-12-29 12:00:00,0.00005000,12.33400000
1735488000000,2024-12-29 16:00:00,0.00005000,11.99500000
1735502400000,2024-12-29 20:00:00,0.00005000,11.88731293
1735516800000,2024-12-30 00:00:00,0.00005000,11.76000000
1735531200001,2024-12-30 04:00:00,-0.00000415,12.01853203
1735545600001,2024-12-30 08:00:00,0.00005000,12.00035325
1735560000000,2024-12-30 12:00:00,0.00005000,11.87400000
1735574400000,2024-12-30 16:00:00,0.00005000,11.42275424
1735588800000,2024-12-30 20:00:00,0.00005000,11.97318158
1735603200000,2024-12-31 00:00:00,0.00005000,11.71400000
1735617600000,2024-12-31 04:00:00,0.00005000,11.41114211
1735632000000,2024-12-31 08:00:00,0.00005000,11.48000000
1735646400001,2024-12-31 12:00:00,0.00005000,11.71100000
1735660800000,2024-12-31 16:00:00,0.00005000,11.79600000
1735675200000,2024-12-31 20:00:00,0.00005000,11.48327719
1735689600015,2025-01-01 00:00:00,0.00005000,11.36300000
1735704000004,2025-01-01 04:00:00,0.00005000,11.28200000
1735718400000,2025-01-01 08:00:00,0.00005000,11.19797953
1735732800002,2025-01-01 12:00:00,0.00005000,11.10350502
1735747200001,2025-01-01 16:00:00,0.00005000,11.37393829
1735761600000,2025-01-01 20:00:00,0.00005000,11.56574211
1735776000000,2025-01-02 00:00:00,0.00005000,11.62127193
1735790400000,2025-01-02 04:00:00,0.00005000,11.87200000
1735804800006,2025-01-02 08:00:00,0.00005000,11.97000000
1735819200007,2025-01-02 12:00:00,0.00005000,12.07100000
1735833600000,2025-01-02 16:00:00,0.00005000,12.00367281
1735848000001,2025-01-02 20:00:00,0.00005000,11.94341579
1735862400000,2025-01-03 00:00:00,0.00005000,11.96665614
1735876800001,2025-01-03 04:00:00,0.00005000,11.85100000
1735891200000,2025-01-03 08:00:00,0.00005000,11.63000000
1735905600000,2025-01-03 12:00:00,0.00005000,12.00972966
1735920000000,2025-01-03 16:00:00,0.00005000,12.29324954
1735934400001,2025-01-03 20:00:00,0.00005000,12.35018125
1735948800000,2025-01-04 00:00:00,0.00005000,12.36900000
1735963200000,2025-01-04 04:00:00,0.00005000,12.35576152
1735977600000,2025-01-04 08:00:00,0.00005000,12.54900000
1735992000000,2025-01-04 12:00:00,0.00005000,12.37900000
1736006400000,2025-01-04 16:00:00,0.00005000,12.32142544
1736020800001,2025-01-04 20:00:00,0.00005000,12.42800000
1736035200000,2025-01-05 00:00:00,0.00005000,12.43700000
1736049600000,2025-01-05 04:00:00,0.00005000,12.38119825
1736064000000,2025-01-05 08:00:00,0.00005000,12.38700000
1736078400000,2025-01-05 12:00:00,0.00005000,12.25594737
1736092800000,2025-01-05 16:00:00,0.00005000,12.25200000
1736107200000,2025-01-05 20:00:00,0.00005000,12.33130877
1736121600000,2025-01-06 00:00:00,0.00005000,12.39800000
1736136000000,2025-01-06 04:00:00,0.00005000,12.45700000
1736150400001,2025-01-06 08:00:00,0.00005000,12.41183772
1736164800000,2025-01-06 12:00:00,0.00005000,12.44703053
1736179200000,2025-01-06 16:00:00,0.00005000,12.66324773
1736193600000,2025-01-06 20:00:00,0.00005000,12.51530439
1736208000000,2025-01-07 00:00:00,0.00005000,12.33684211
1736222400000,2025-01-07 04:00:00,0.00005000,12.18091842
1736236800000,2025-01-07 08:00:00,0.00005000,12.24300000
1736251200001,2025-01-07 12:00:00,0.00005000,12.18257895
1736265600008,2025-01-07 16:00:00,0.00005000,11.58552807
1736280000000,2025-01-07 20:00:00,0.00005000,11.20782632
1736294400001,2025-01-08 00:00:00,0.00005000,11.06610000
1736308800006,2025-01-08 04:00:00,0.00005000,10.83400000
1736323200000,2025-01-08 08:00:00,0.00005000,10.62600000
1736337600000,2025-01-08 12:00:00,0.00002688,10.55200000
1736352000000,2025-01-08 16:00:00,0.00005000,10.65221037
1736366400000,2025-01-08 20:00:00,0.00005000,10.58221140
1736380800000,2025-01-09 00:00:00,-0.00002737,10.76100000
1736395200001,2025-01-09 04:00:00,0.00005000,10.79066667
1736409600000,2025-01-09 08:00:00,-0.00018296,10.51700000
1736424000000,2025-01-09 12:00:00,0.00005000,10.68012895
1736438400000,2025-01-09 16:00:00,0.00005000,10.78300000
1736452800000,2025-01-09 20:00:00,0.00002579,10.19180235
1736467200000,2025-01-10 00:00:00,0.00005000,10.38181532
1736481600000,2025-01-10 04:00:00,0.00005000,10.58200000
1736496000000,2025-01-10 08:00:00,0.00005000,10.74970351
1736510400000,2025-01-10 12:00:00,0.00005000,10.63797544
1736524800000,2025-01-10 16:00:00,0.00005000,10.45200000
1736539200001,2025-01-10 20:00:00,0.00005000,10.60400000
1736553600000,2025-01-11 00:00:00,0.00005000,10.57727630
1736568000000,2025-01-11 04:00:00,0.00005000,10.44392105
1736582400000,2025-01-11 08:00:00,0.00005000,10.46013158
1736596800000,2025-01-11 12:00:00,0.00005000,10.59100000
1736611200000,2025-01-11 16:00:00,0.00005000,10.45100000
1736625600000,2025-01-11 20:00:00,0.00005000,10.37574047
1736640000000,2025-01-12 00:00:00,0.00005000,10.41412193
1736654400000,2025-01-12 04:00:00,0.00005000,10.46456300
1736668800000,2025-01-12 08:00:00,0.00005000,10.38999737
1736683200000,2025-01-12 12:00:00,0.00005000,10.38430789
1736697600000,2025-01-12 16:00:00,0.00005000,10.51000000
1736712000000,2025-01-12 20:00:00,0.00005000,10.40246391
1736726400000,2025-01-13 00:00:00,0.00005000,10.27893421
1736740800000,2025-01-13 04:00:00,0.00005000,10.05531579
1736755200000,2025-01-13 08:00:00,0.00005000,9.96586842
1736769600000,2025-01-13 12:00:00,-0.00005625,9.38500000
1736784000000,2025-01-13 16:00:00,0.00005000,9.77312266
1736798400000,2025-01-13 20:00:00,0.00005000,9.64062668
1736812800000,2025-01-14 00:00:00,0.00005000,10.01800000
1736827200000,2025-01-14 04:00:00,0.00005000,9.96700000
1736841600000,2025-01-14 08:00:00,0.00000509,9.93618442
1736856000000,2025-01-14 12:00:00,0.00002303,10.07459538
1736870400000,2025-01-14 16:00:00,0.00005000,10.01400000
1736884800000,2025-01-14 20:00:00,0.00005000,10.15100000
1736899200000,2025-01-15 00:00:00,0.00005000,10.25736532
1736913600000,2025-01-15 04:00:00,0.00005000,10.19091429
1736928000000,2025-01-15 08:00:00,0.00005000,10.19500000
1736942400000,2025-01-15 12:00:00,0.00005000,9.96299762
1736956800000,2025-01-15 16:00:00,0.00005000,10.47900000
1736971200000,2025-01-15 20:00:00,0.00005000,10.80653192
1736985600000,2025-01-16 00:00:00,0.00005000,10.85700000
1737000000000,2025-01-16 04:00:00,0.00005000,10.58262857
1737014400000,2025-01-16 08:00:00,0.00005000,10.62300000
1737028800000,2025-01-16 12:00:00,0.00005000,10.64100000
1737043200000,2025-01-16 16:00:00,0.00005000,10.58285352
1737057600000,2025-01-16 20:00:00,0.00005000,10.81305714
1737072000004,2025-01-17 00:00:00,0.00005000,10.53862857
1737086400000,2025-01-17 04:00:00,0.00005000,10.76800000
1737100800000,2025-01-17 08:00:00,0.00005000,10.73500000
1737115200013,2025-01-17 12:00:00,0.00005000,10.85676524
1737129600008,2025-01-17 16:00:00,-0.00003097,10.95800000
1737144000005,2025-01-17 20:00:00,0.00005000,11.00022476
1737158400000,2025-01-18 00:00:00,0.00005000,11.17888571
1737172800003,2025-01-18 04:00:00,0.00005000,10.76604633
1737187200007,2025-01-18 08:00:00,0.00005000,10.29287952
1737201600000,2025-01-18 12:00:00,0.00005000,10.46805000
1737216000000,2025-01-18 16:00:00,0.00005000,10.33219095
1737230400000,2025-01-18 20:00:00,0.00005000,10.21205411
1737244800000,2025-01-19 00:00:00,0.00005000,10.34842966
1737259200000,2025-01-19 04:00:00,0.00005000,10.45397508
1737273600000,2025-01-19 08:00:00,0.00005000,10.08200000
1737288000000,2025-01-19 12:00:00,0.00005000,9.45600000
1737302400000,2025-01-19 16:00:00,0.00005000,10.15262857
1737316800000,2025-01-19 20:00:00,0.00005000,10.31645429
1737331200000,2025-01-20 00:00:00,0.00005000,9.35300000
1737345600000,2025-01-20 04:00:00,0.00001477,9.28800000
1737360000009,2025-01-20 08:00:00,0.00005000,9.89900000
1737374400002,2025-01-20 12:00:00,0.00005000,9.85302227
1737388800000,2025-01-20 16:00:00,0.00005000,9.58400000
1737403200001,2025-01-20 20:00:00,0.00005000,9.41400000
1737417600000,2025-01-21 00:00:00,0.00005000,9.30400000
1737432000000,2025-01-21 04:00:00,0.00005000,9.01167333
1737446400000,2025-01-21 08:00:00,0.00005000,9.02938867
1737460800000,2025-01-21 12:00:00,0.00005000,9.33657635
1737475200000,2025-01-21 16:00:00,0.00005000,9.43500000
1737489600000,2025-01-21 20:00:00,0.00005000,9.63902315
1737504000000,2025-01-22 00:00:00,0.00005000,9.54521851
1737518400000,2025-01-22 04:00:00,0.00005000,9.56939881
1737532800000,2025-01-22 08:00:00,0.00005000,9.45106136
1737547200000,2025-01-22 12:00:00,0.00005000,9.52800000
1737561600000,2025-01-22 16:00:00,0.00005000,9.30730556
1737576000000,2025-01-22 20:00:00,0.00005000,9.23800000
1737590400001,2025-01-23 00:00:00,0.00005000,9.18160898
1737604800001,2025-01-23 04:00:00,0.00005000,9.02289907
1737619200000,2025-01-23 08:00:00,0.00005000,9.07583426
1737633600000,2025-01-23 12:00:00,0.00005000,8.85977928
1737648000000,2025-01-23 16:00:00,0.00005000,9.05022976
1737662400000,2025-01-23 20:00:00,0.00005000,8.81655556
1737676800000,2025-01-24 00:00:00,0.00005000,9.12800000
1737691200000,2025-01-24 04:00:00,0.00005000,8.95664259
1737705600000,2025-01-24 08:00:00,0.00005000,9.25900000
1737720000001,2025-01-24 12:00:00,0.00005000,9.41246274
1737734400000,2025-01-24 16:00:00,0.00005000,9.26300000
1737748800000,2025-01-24 20:00:00,0.00005000,9.09440741
1737763200000,2025-01-25 00:00:00,0.00005000,8.93886854
1737777600000,2025-01-25 04:00:00,0.00005000,9.00000000
1737792000000,2025-01-25 08:00:00,0.00005000,8.83069444
1737806400000,2025-01-25 12:00:00,0.00005000,8.96427829
1737820800001,2025-01-25 16:00:00,0.00005000,9.00084815
1737835200001,2025-01-25 20:00:00,0.00005000,9.02214167
1737849600000,2025-01-26 00:00:00,0.00005000,8.95300000
1737864000000,2025-01-26 04:00:00,0.00005000,9.09343077
1737878400000,2025-01-26 08:00:00,0.00005000,9.15051111
1737892800000,2025-01-26 12:00:00,0.00005000,9.13875989
1737907200000,2025-01-26 16:00:00,0.00005000,9.12400000
1737921600000,2025-01-26 20:00:00,0.00005000,9.21500000
1737936000000,2025-01-27 00:00:00,0.00005000,8.77810296
1737950400000,2025-01-27 04:00:00,0.00005000,8.45885833
1737964800000,2025-01-27 08:00:00,0.00005000,8.10612972
1737979200001,2025-01-27 12:00:00,0.00005000,8.03800000
1737993600000,2025-01-27 16:00:00,0.00005000,8.40800000
1738008000000,2025-01-27 20:00:00,0.00005000,8.26452562
1738022400000,2025-01-28 00:00:00,0.00005000,8.57563889
1738036800000,2025-01-28 04:00:00,0.00005000,8.68200000
1738051200000,2025-01-28 08:00:00,0.00005000,8.60013889
1738065600000,2025-01-28 12:00:00,-0.00004148,8.53856944
1738080000000,2025-01-28 16:00:00,0.00005000,8.23400000
1738094400000,2025-01-28 20:00:00,0.00005000,8.04710192
1738108800000,2025-01-29 00:00:00,0.00003662,7.70634122
1738123200001,2025-01-29 04:00:00,0.00005000,7.83800000
1738137600000,2025-01-29 08:00:00,0.00005000,8.11800000
1738152000000,2025-01-29 12:00:00,0.00005000,8.02026663
1738166400000,2025-01-29 16:00:00,0.00002539,7.87231199
1738180800000,2025-01-29 20:00:00,0.00005000,8.00746944
1738195200000,2025-01-30 00:00:00,0.00001822,7.95682130
1738209600000,2025-01-30 04:00:00,0.00005000,8.17466328
1738224000000,2025-01-30 08:00:00,0.00005000,8.20861583
1738238400000,2025-01-30 12:00:00,0.00005000,8.31376019
1738252800000,2025-01-30 16:00:00,0.00005000,8.43300000
1738267200000,2025-01-30 20:00:00,0.00005000,8.49770094
1738281600000,2025-01-31 00:00:00,0.00005000,8.40300000
1738296000000,2025-01-31 04:00:00,0.00005000,8.31441239
1738310400000,2025-01-31 08:00:00,0.00005000,8.39708519
1738324800001,2025-01-31 12:00:00,0.00005000,8.63258333
1738339200000,2025-01-31 16:00:00,0.00005000,8.87400000
1738353600000,2025-01-31 20:00:00,0.00005000,8.53920511
1738368000000,2025-02-01 00:00:00,0.00005000,8.44077778
1738382400000,2025-02-01 04:00:00,0.00005000,8.45575000
1738396800000,2025-02-01 08:00:00,0.00005000,8.45300000
1738411200000,2025-02-01 12:00:00,0.00005000,8.28795741
1738425600000,2025-02-01 16:00:00,0.00005000,8.18800000
1738440000000,2025-02-01 20:00:00,0.00003496,7.90139854
1738454400001,2025-02-02 00:00:00,0.00005000,7.66276800
1738468800000,2025-02-02 04:00:00,-0.00000807,7.44500000
1738483200000,2025-02-02 08:00:00,0.00005000,7.54900000
1738497600000,2025-02-02 12:00:00,0.00005000,7.39100000
1738512000000,2025-02-02 16:00:00,0.00005000,7.50900000
1738526400000,2025-02-02 20:00:00,0.00003437,6.89400000
1738540800000,2025-02-03 00:00:00,-0.00011787,6.72410153
1738555200000,2025-02-03 04:00:00,-0.00029172,5.55375560
1738569600000,2025-02-03 08:00:00,0.00005000,5.97539042
1738584000000,2025-02-03 12:00:00,0.00003089,5.92310463
1738598400000,2025-02-03 16:00:00,0.00005000,6.25200000
1738612800000,2025-02-03 20:00:00,0.00005000,6.51169043
1738627200000,2025-02-04 00:00:00,0.00005000,6.62900000
1738641600001,2025-02-04 04:00:00,0.00005000,6.42400000
1738656000001,2025-02-04 08:00:00,-0.00039848,6.06900000
1738670400001,2025-02-04 12:00:00,-0.00017479,6.25800000
1738684800000,2025-02-04 16:00:00,-0.00005271,6.41885322
1738699200000,2025-02-04 20:00:00,0.00005000,6.28600000
1738713600001,2025-02-05 00:00:00,0.00005000,6.29652037
1738728000000,2025-02-05 04:00:00,0.00005000,6.25400000
1738742400001,2025-02-05 08:00:00,0.00005000,6.29800000
1738756800000,2025-02-05 12:00:00,0.00005000,6.40044444
1738771200000,2025-02-05 16:00:00,0.00005000,6.35000000
1738785600000,2025-02-05 20:00:00,0.00005000,6.26202590
1738800000001,2025-02-06 00:00:00,0.00005000,6.10400000
1738814400001,2025-02-06 04:00:00,-0.00008744,6.18380774
1738828800001,2025-02-06 08:00:00,-0.00018219,6.19636111
1738843200000,2025-02-06 12:00:00,0.00005000,6.15700000
1738857600000,2025-02-06 16:00:00,-0.00016446,5.82873363
1738872000000,2025-02-06 20:00:00,-0.00004042,5.79722256
1738886400000,2025-02-07 00:00:00,-0.00004103,5.76800000
1738900800000,2025-02-07 04:00:00,0.00001213,5.87586132
1738915200000,2025-02-07 08:00:00,0.00005000,5.84600000
1738929600000,2025-02-07 12:00:00,0.00005000,5.98282130
1738944000000,2025-02-07 16:00:00,0.00001104,6.04861111
1738958400000,2025-02-07 20:00:00,0.00005000,5.90563683
1738972800000,2025-02-08 00:00:00,0.00005000,5.70458333
1738987200000,2025-02-08 04:00:00,0.00005000,5.69434507
1739001600000,2025-02-08 08:00:00,0.00005000,5.71400000
1739016000000,2025-02-08 12:00:00,0.00005000,5.66938889
1739030400000,2025-02-08 16:00:00,0.00005000,5.78604178
1739044800000,2025-02-08 20:00:00,0.00005000,6.17358205
1739059200000,2025-02-09 00:00:00,0.00005000,6.11957500
1739073600000,2025-02-09 04:00:00,-0.00164342,7.79527916
1739088000000,2025-02-09 08:00:00,-0.00277101,8.01648898
1739102400000,2025-02-09 12:00:00,-0.00100226,7.62674161
1739116800000,2025-02-09 16:00:00,-0.00097795,7.52321885
1739131200007,2025-02-09 20:00:00,-0.00274311,7.81400000
1739145600000,2025-02-10 00:00:00,-0.00383965,8.04800000
1739160000000,2025-02-10 04:00:00,-0.00094930,7.50504492
1739174400000,2025-02-10 08:00:00,-0.00084872,7.54392845
1739188800000,2025-02-10 12:00:00,-0.00022829,7.51488856
1739203200000,2025-02-10 16:00:00,-0.00089538,7.64800000
1739217600001,2025-02-10 20:00:00,0.00002092,7.81894731
1739232000000,2025-02-11 00:00:00,0.00005000,8.38044987
1739246400000,2025-02-11 04:00:00,0.00005000,9.54400000
1739260800000,2025-02-11 08:00:00,-0.00043512,11.27927204
1739275200000,2025-02-11 12:00:00,-0.00022095,11.34342678
1739289600000,2025-02-11 16:00:00,-0.00046536,11.49300000
1739304000000,2025-02-11 20:00:00,-0.00122793,9.06626385
1739318400000,2025-02-12 00:00:00,-0.00180717,9.15600000
1739332800000,2025-02-12 04:00:00,-0.00128105,8.95826379
1739347200000,2025-02-12 08:00:00,-0.00180731,8.87700000
1739361600001,2025-02-12 12:00:00,-0.00207205,8.77700000
1739376000001,2025-02-12 16:00:00,-0.00125212,8.83500000
1739390400000,2025-02-12 20:00:00,-0.00089204,9.25542839
1739404800001,2025-02-13 00:00:00,-0.00048583,9.23000000
1739419200000,2025-02-13 04:00:00,-0.00011380,9.11000000
1739433600000,2025-02-13 08:00:00,0.00004482,8.52700000
1739448000000,2025-02-13 12:00:00,0.00004508,8.38048572
1739462400001,2025-02-13 16:00:00,-0.00031322,8.00927487
1739476800000,2025-02-13 20:00:00,-0.00079803,8.14600000
1739491200000,2025-02-14 00:00:00,-0.00046262,8.30200000
1739505600000,2025-02-14 04:00:00,-0.00046376,8.52928603
1739520000001,2025-02-14 08:00:00,0.00003825,8.23476667
1739534400000,2025-02-14 12:00:00,-0.00004111,8.18800000
1739548800000,2025-02-14 16:00:00,-0.00016987,8.26782096
1739563200000,2025-02-14 20:00:00,0.00005000,8.20874358
1739577600000,2025-02-15 00:00:00,0.00005000,8.11500000
1739592000000,2025-02-15 04:00:00,0.00005000,8.07500000
1739606400000,2025-02-15 08:00:00,-0.00003927,7.92900000
1739620800000,2025-02-15 12:00:00,0.00003127,7.87095620
1739635200000,2025-02-15 16:00:00,0.00005000,7.80850510
1739649600001,2025-02-15 20:00:00,0.00005000,7.70929889
1739664000000,2025-02-16 00:00:00,-0.00000490,7.74296552
1739678400000,2025-02-16 04:00:00,0.00000469,7.75922785
1739692800000,2025-02-16 08:00:00,-0.00004563,7.88741029
1739707200000,2025-02-16 12:00:00,0.00005000,7.92895335
1739721600000,2025-02-16 16:00:00,0.00005000,7.81843482
1739736000000,2025-02-16 20:00:00,0.00005000,7.75547241
1739750400000,2025-02-17 00:00:00,0.00005000,7.77631538
1739764800001,2025-02-17 04:00:00,0.00005000,7.75956043
1739779200000,2025-02-17 08:00:00,0.00005000,7.73478680
1739793600004,2025-02-17 12:00:00,-0.00007372,7.95894276
1739808000000,2025-02-17 16:00:00,-0.00006891,7.96719069
1739822400001,2025-02-17 20:00:00,0.00003095,7.76458227
1739836800000,2025-02-18 00:00:00,-0.00006275,7.82500000
1739851200000,2025-02-18 04:00:00,0.00005000,7.78340329
1739865600000,2025-02-18 08:00:00,-0.00002168,7.41881265
1739880000000,2025-02-18 12:00:00,0.00005000,7.38058875
1739894400000,2025-02-18 16:00:00,0.00005000,7.13532141
1739908800000,2025-02-18 20:00:00,0.00005000,7.12200000
1739923200000,2025-02-19 00:00:00,0.00005000,7.29880281
1739937600000,2025-02-19 04:00:00,0.00005000,7.19408507
1739952000000,2025-02-19 08:00:00,0.00005000,7.41272222
1739966400000,2025-02-19 12:00:00,0.00005000,7.41300000
1739980800000,2025-02-19 16:00:00,-0.00000044,7.31200000
1739995200000,2025-02-19 20:00:00,0.00005000,7.28519444
1740009600000,2025-02-20 00:00:00,0.00005000,7.30320537
1740024000000,2025-02-20 04:00:00,0.00005000,7.52401574
1740038400000,2025-02-20 08:00:00,0.00005000,7.40673926
1740052800000,2025-02-20 12:00:00,0.00005000,7.48686204
1740067200000,2025-02-20 16:00:00,0.00005000,7.33378988
1740081600000,2025-02-20 20:00:00,0.00005000,7.52209278
1740096000001,2025-02-21 00:00:00,0.00005000,7.51082447
1740110400000,2025-02-21 04:00:00,0.00005000,7.30500000
1740124800000,2025-02-21 08:00:00,0.00005000,7.38200000
1740139200000,2025-02-21 12:00:00,0.00005000,7.47400000
1740153600000,2025-02-21 16:00:00,0.00005000,7.09900000
1740168000000,2025-02-21 20:00:00,0.00005000,6.80613371
1740182400000,2025-02-22 00:00:00,0.00005000,6.87075000
1740196800000,2025-02-22 04:00:00,0.00005000,6.81700000
1740211200000,2025-02-22 08:00:00,0.00005000,6.81500000
1740225600000,2025-02-22 12:00:00,0.00005000,6.98137001
1740240000000,2025-02-22 16:00:00,0.00005000,7.07083383
1740254400000,2025-02-22 20:00:00,0.00005000,7.14143645
1740268800000,2025-02-23 00:00:00,0.00005000,7.23800000
1740283200000,2025-02-23 04:00:00,0.00005000,7.08400000
1740297600000,2025-02-23 08:00:00,0.00005000,7.25184036
1740312000000,2025-02-23 12:00:00,0.00005000,7.05877827
1740326400000,2025-02-23 16:00:00,0.00005000,6.90500000
1740340800000,2025-02-23 20:00:00,0.00005000,6.99644722
1740355200000,2025-02-24 00:00:00,-0.00013139,7.07797375
1740369600000,2025-02-24 04:00:00,0.00002220,6.77160869
1740384000000,2025-02-24 08:00:00,0.00005000,6.81734145
1740398400001,2025-02-24 12:00:00,0.00005000,6.78889804
1740412800000,2025-02-24 16:00:00,0.00005000,6.69415947
1740427200000,2025-02-24 20:00:00,-0.00003186,6.59037084
1740441600000,2025-02-25 00:00:00,0.00005000,6.35200000
1740456000000,2025-02-25 04:00:00,0.00005000,6.29400000
1740470400000,2025-02-25 08:00:00,0.00005000,6.16114323
1740484800000,2025-02-25 12:00:00,0.00005000,6.35300000
1740499200000,2025-02-25 16:00:00,0.00005000,6.30927376
1740513600000,2025-02-25 20:00:00,0.00005000,6.44925576
1740528000000,2025-02-26 00:00:00,0.00005000,6.42900000
1740542400000,2025-02-26 04:00:00,0.00005000,6.49500000
1740556800000,2025-02-26 08:00:00,0.00005000,6.46569444
1740571200001,2025-02-26 12:00:00,-0.00006353,6.41800000
1740585600000,2025-02-26 16:00:00,0.00005000,6.50982650
1740600000000,2025-02-26 20:00:00,0.00002613,6.28000000
1740614400001,2025-02-27 00:00:00,0.00005000,6.53822222
1740628800001,2025-02-27 04:00:00,-0.00001327,6.58055515
1740643200000,2025-02-27 08:00:00,0.00005000,6.64140446
1740657600006,2025-02-27 12:00:00,0.00005000,6.54000000
1740672000000,2025-02-27 16:00:00,0.00005000,6.48840183
1740686400001,2025-02-27 20:00:00,-0.00010766,6.39624457
1740700800001,2025-02-28 00:00:00,0.00005000,6.46840532
1740715200000,2025-02-28 04:00:00,-0.00028995,6.10700000
1740729600000,2025-02-28 08:00:00,0.00003343,6.15700853
1740744000000,2025-02-28 12:00:00,0.00005000,6.13911111
1740758400000,2025-02-28 16:00:00,0.00005000,6.49000000
1740772800000,2025-02-28 20:00:00,0.00005000,6.55439259
1740787200000,2025-03-01 00:00:00,0.00005000,6.55447032
1740801600000,2025-03-01 04:00:00,0.00005000,6.49200000
1740816000000,2025-03-01 08:00:00,-0.00041212,6.32100000
1740830400001,2025-03-01 12:00:00,-0.00017193,6.20800000
1740844800001,2025-03-01 16:00:00,-0.00000376,6.20269540
1740859200000,2025-03-01 20:00:00,0.00005000,6.18288519
1740873600000,2025-03-02 00:00:00,0.00005000,6.28967222
1740888000000,2025-03-02 04:00:00,0.00003547,6.25961157
1740902400000,2025-03-02 08:00:00,-0.00001531,6.21287502
1740916800000,2025-03-02 12:00:00,0.00005000,6.33100000
1740931200000,2025-03-02 16:00:00,-0.00000254,6.43059844
1740945600000,2025-03-02 20:00:00,0.00005000,6.78554918
1740960000001,2025-03-03 00:00:00,0.00005000,6.76317486
1740974400000,2025-03-03 04:00:00,0.00005000,6.41390132
1740988800000,2025-03-03 08:00:00,0.00005000,6.28820185
1741003200001,2025-03-03 12:00:00,-0.00000724,6.16600000
1741017600000,2025-03-03 16:00:00,0.00004491,6.09500000
1741032000000,2025-03-03 20:00:00,-0.00036410,5.71100000
1741046400001,2025-03-04 00:00:00,-0.00019726,5.66600000
1741060800000,2025-03-04 04:00:00,-0.00020423,5.48632148
1741075200005,2025-03-04 08:00:00,-0.00009447,5.54100000
1741089600000,2025-03-04 12:00:00,0.00001499,5.56211529
1741104000000,2025-03-04 16:00:00,-0.00002572,5.61200000
1741118400000,2025-03-04 20:00:00,0.00005000,5.90100000
1741132800000,2025-03-05 00:00:00,-0.00003244,5.90900000
1741147200000,2025-03-05 04:00:00,-0.00037818,5.78966129
1741161600000,2025-03-05 08:00:00,0.00005000,5.96105370
1741176000000,2025-03-05 12:00:00,-0.00019900,5.96900000
1741190400000,2025-03-05 16:00:00,-0.00006027,5.97555741
1741204800000,2025-03-05 20:00:00,0.00005000,6.05632151
1741219200000,2025-03-06 00:00:00,0.00005000,6.06700000
1741233600000,2025-03-06 04:00:00,-0.00018186,6.10477130
1741248000001,2025-03-06 08:00:00,-0.00017512,6.08200000
1741262400001,2025-03-06 12:00:00,0.00003178,6.17200000
1741276800000,2025-03-06 16:00:00,-0.00005705,6.06100000
1741291200000,2025-03-06 20:00:00,-0.00038685,5.90900000
1741305600000,2025-03-07 00:00:00,0.00005000,5.94200000
1741320000000,2025-03-07 04:00:00,0.00005000,5.82600000
1741334400001,2025-03-07 08:00:00,0.00000360,5.85814167
1741348800000,2025-03-07 12:00:00,0.00005000,5.83754311
1741363200000,2025-03-07 16:00:00,0.00005000,5.97400000
1741377600000,2025-03-07 20:00:00,0.00005000,5.92469444
1741392000000,2025-03-08 00:00:00,0.00001239,5.75900000
1741406400000,2025-03-08 04:00:00,0.00004073,5.76083333
1741420800001,2025-03-08 08:00:00,-0.00017292,5.67837565
1741435200001,2025-03-08 12:00:00,-0.00001699,5.60928879
1741449600001,2025-03-08 16:00:00,0.00005000,5.65773611
1741464000001,2025-03-08 20:00:00,0.00005000,5.68499259
1741478400001,2025-03-09 00:00:00,0.00005000,5.65256204
1741492800000,2025-03-09 04:00:00,-0.00011724,5.63100000
1741507200000,2025-03-09 08:00:00,0.00005000,5.65600000
1741521600000,2025-03-09 12:00:00,-0.00016568,5.52340128
1741536000000,2025-03-09 16:00:00,-0.00004542,5.42845853
1741550400000,2025-03-09 20:00:00,-0.00004733,5.14031654
1741564800000,2025-03-10 00:00:00,-0.00002414,5.09324815
1741579200000,2025-03-10 04:00:00,0.00004871,5.15700000
1741593600000,2025-03-10 08:00:00,0.00005000,5.21905556
1741608000000,2025-03-10 12:00:00,-0.00003547,5.33877037
1741622400000,2025-03-10 16:00:00,0.00001272,5.16200000
1741636800000,2025-03-10 20:00:00,-0.00026698,4.86887526
1741651200000,2025-03-11 00:00:00,0.00005000,4.89187953
1741665600000,2025-03-11 04:00:00,0.00005000,4.75200000
1741680000000,2025-03-11 08:00:00,-0.00002689,4.91900000
1741694400000,2025-03-11 12:00:00,-0.00005215,4.94802912
1741708800001,2025-03-11 16:00:00,-0.00005868,5.26305133
1741723200001,2025-03-11 20:00:00,-0.00006477,5.12341342
1741737600000,2025-03-12 00:00:00,-0.00017735,5.05034973
1741752000001,2025-03-12 04:00:00,-0.00040095,4.99300000
1741766400000,2025-03-12 08:00:00,0.00005000,5.10716636
1741780800000,2025-03-12 12:00:00,-0.00000653,5.18722414
1741795200001,2025-03-12 16:00:00,-0.00015243,5.17029858
1741809600000,2025-03-12 20:00:00,0.00001936,5.28125185
1741824000000,2025-03-13 00:00:00,0.00005000,5.28100000
1741838400000,2025-03-13 04:00:00,-0.00024734,5.26325978
1741852800000,2025-03-13 08:00:00,0.00005000,5.19200000
1741867200000,2025-03-13 12:00:00,0.00005000,5.28900000
1741881600000,2025-03-13 16:00:00,-0.00024514,5.15809537
1741896000000,2025-03-13 20:00:00,-0.00000907,5.03700000
1741910400000,2025-03-14 00:00:00,0.00005000,5.10800000
1741924800000,2025-03-14 04:00:00,0.00003074,5.11500000
1741939200000,2025-03-14 08:00:00,0.00005000,5.13600000
1741953600000,2025-03-14 12:00:00,0.00005000,5.17119722
1741968000000,2025-03-14 16:00:00,0.00005000,5.29300000
1741982400000,2025-03-14 20:00:00,0.00005000,5.25592037
1741996800000,2025-03-15 00:00:00,0.00005000,5.19219444
1742011200000,2025-03-15 04:00:00,0.00005000,5.23200000
1742025600000,2025-03-15 08:00:00,-0.00008509,5.18529444
1742040000000,2025-03-15 12:00:00,0.00005000,5.27200000
1742054400000,2025-03-15 16:00:00,0.00005000,5.28700000
1742068800000,2025-03-15 20:00:00,0.00005000,5.29508333
1742083200000,2025-03-16 00:00:00,0.00005000,5.30300000
1742097600000,2025-03-16 04:00:00,0.00005000,5.28100000
1742112000000,2025-03-16 08:00:00,0.00005000,5.27400000
1742126400000,2025-03-16 12:00:00,-0.00017362,5.10667570
1742140800000,2025-03-16 16:00:00,0.00005000,5.09200000
1742155200000,2025-03-16 20:00:00,-0.00011659,4.92800000
1742169600000,2025-03-17 00:00:00,0.00005000,4.98153081
1742184000000,2025-03-17 04:00:00,0.00005000,5.10475078
1742198400000,2025-03-17 08:00:00,-0.00004406,5.05827273
1742212800000,2025-03-17 12:00:00,0.00005000,5.07258426
1742227200000,2025-03-17 16:00:00,-0.00002600,5.10448685
1742241600000,2025-03-17 20:00:00,0.00005000,5.18171463
1742256000000,2025-03-18 00:00:00,0.00005000,5.23044828
1742270400000,2025-03-18 04:00:00,0.00005000,5.07292379
1742284800000,2025-03-18 08:00:00,0.00001511,5.07200000
1742299200001,2025-03-18 12:00:00,-0.00007937,5.08246296
1742313600000,2025-03-18 16:00:00,0.00005000,4.93600000
1742328000000,2025-03-18 20:00:00,0.00004419,5.01177778
1742342400000,2025-03-19 00:00:00,0.00005000,5.08454167
1742356800000,2025-03-19 04:00:00,0.00005000,5.11467993
1742371200000,2025-03-19 08:00:00,0.00005000,5.10000000
1742385600000,2025-03-19 12:00:00,0.00005000,5.32359008
1742400000000,2025-03-19 16:00:00,0.00005000,5.27657714
1742414400000,2025-03-19 20:00:00,0.00005000,5.30956759
1742428800000,2025-03-20 00:00:00,0.00005000,5.39800463
1742443200000,2025-03-20 04:00:00,-0.00023311,5.21531275
1742457600000,2025-03-20 08:00:00,0.00005000,5.24562435
1742472000000,2025-03-20 12:00:00,0.00005000,5.14400000
1742486400000,2025-03-20 16:00:00,0.00004891,5.15298553
1742500800000,2025-03-20 20:00:00,0.00005000,5.11800000
1742515200000,2025-03-21 00:00:00,0.00005000,5.12800000
1742529600000,2025-03-21 04:00:00,0.00005000,5.07202778
1742544000000,2025-03-21 08:00:00,0.00005000,5.03300000
1742558400000,2025-03-21 12:00:00,0.00004503,4.98691092
1742572800000,2025-03-21 16:00:00,0.00005000,5.01543820
1742587200000,2025-03-21 20:00:00,0.00005000,5.09300000
1742601600000,2025-03-22 00:00:00,0.00005000,5.05666667
1742616000001,2025-03-22 04:00:00,0.00005000,5.14400000
1742630400004,2025-03-22 08:00:00,0.00005000,5.30705556
1742644800013,2025-03-22 12:00:00,0.00005000,5.28155556
1742659200000,2025-03-22 16:00:00,0.00005000,5.21200000
1742673600001,2025-03-22 20:00:00,0.00005000,5.24000000
1742688000000,2025-03-23 00:00:00,0.00005000,5.15700000
1742702400000,2025-03-23 04:00:00,0.00005000,5.21200000
1742716800000,2025-03-23 08:00:00,0.00005000,5.18756574
1742731200000,2025-03-23 12:00:00,0.00005000,5.29200000
1742745600000,2025-03-23 16:00:00,-0.00004340,5.18126944
1742760000000,2025-03-23 20:00:00,0.00005000,5.14972222
1742774400000,2025-03-24 00:00:00,0.00005000,5.21265926
1742788800000,2025-03-24 04:00:00,0.00005000,5.25781240
1742803200000,2025-03-24 08:00:00,0.00005000,5.40700000
1742817600000,2025-03-24 12:00:00,0.00005000,5.47302778
1742832000000,2025-03-24 16:00:00,0.00005000,5.46453611
1742846400004,2025-03-24 20:00:00,0.00005000,5.44016454
1742860800001,2025-03-25 00:00:00,0.00005000,5.48724722
1742875200000,2025-03-25 04:00:00,-0.00000360,5.35155185
1742889600000,2025-03-25 08:00:00,0.00005000,5.38900000
1742904000000,2025-03-25 12:00:00,0.00005000,5.53133056
1742918400000,2025-03-25 16:00:00,0.00005000,5.46750192
1742932800000,2025-03-25 20:00:00,0.00005000,5.53300000
1742947200000,2025-03-26 00:00:00,0.00005000,5.54721111
1742961600001,2025-03-26 04:00:00,0.00005000,5.43434444
1742976000000,2025-03-26 08:00:00,0.00005000,5.58817778
1742990400000,2025-03-26 12:00:00,0.00005000,5.57708970
1743004800001,2025-03-26 16:00:00,0.00005000,5.41500000
1743019200000,2025-03-26 20:00:00,0.00005000,5.35930556
1743033600001,2025-03-27 00:00:00,0.00005000,5.32882268
1743048000000,2025-03-27 04:00:00,0.00005000,5.46100000
1743062400001,2025-03-27 08:00:00,0.00005000,5.42248981
1743076800000,2025-03-27 12:00:00,-0.00015336,5.33886015
1743091200002,2025-03-27 16:00:00,0.00005000,5.43800000
1743105600000,2025-03-27 20:00:00,0.00005000,5.37300000
1743120000001,2025-03-28 00:00:00,0.00005000,5.33911019
1743134400000,2025-03-28 04:00:00,0.00005000,5.22303889
1743148800001,2025-03-28 08:00:00,0.00004971,4.95400000
1743163200000,2025-03-28 12:00:00,0.00005000,5.00051482
1743177600000,2025-03-28 16:00:00,0.00005000,4.92070651
1743192000000,2025-03-28 20:00:00,0.00003453,4.84770556
1743206400000,2025-03-29 00:00:00,0.00005000,4.95149863
1743220800001,2025-03-29 04:00:00,-0.00010689,4.86600000
1743235200000,2025-03-29 08:00:00,-0.00008293,4.70445093
1743249600000,2025-03-29 12:00:00,-0.00000151,4.68060648
1743264000000,2025-03-29 16:00:00,0.00004850,4.62300000
1743278400000,2025-03-29 20:00:00,0.00000217,4.60073061
1743292800000,2025-03-30 00:00:00,0.00005000,4.59300000
1743307200000,2025-03-30 04:00:00,0.00005000,4.62000000
1743321600000,2025-03-30 08:00:00,0.00005000,4.65912778
1743336000000,2025-03-30 12:00:00,0.00001480,4.63011498
1743350400000,2025-03-30 16:00:00,0.00002480,4.58700000
1743364800000,2025-03-30 20:00:00,0.00005000,4.64300000
1743379200000,2025-03-31 00:00:00,-0.00006474,4.55850000
1743393600000,2025-03-31 04:00:00,0.00002362,4.54900000
1743408000000,2025-03-31 08:00:00,-0.00018199,4.46919444
1743422400000,2025-03-31 12:00:00,0.00005000,4.45100000
1743436800000,2025-03-31 16:00:00,0.00005000,4.45942951
1743451200000,2025-03-31 20:00:00,0.00005000,4.38827500
1743465600000,2025-04-01 00:00:00,0.00005000,4.36713333
1743480000001,2025-04-01 04:00:00,0.00005000,4.45900000
1743494400001,2025-04-01 08:00:00,0.00005000,4.49400000
1743508800000,2025-04-01 12:00:00,-0.00019436,4.43662500
1743523200000,2025-04-01 16:00:00,0.00005000,4.60296667
1743537600003,2025-04-01 20:00:00,-0.00027293,4.45263426
1743552000001,2025-04-02 00:00:00,-0.00002687,4.45284393
1743566400001,2025-04-02 04:00:00,0.00005000,4.31213056
1743580800000,2025-04-02 08:00:00,0.00003585,4.23050000
1743595200002,2025-04-02 12:00:00,0.00003443,4.20594444
1743609600000,2025-04-02 16:00:00,0.00005000,4.29639907
1743624000000,2025-04-02 20:00:00,0.00005000,4.27073056
1743638400000,2025-04-03 00:00:00,0.00002990,3.97300000
1743652800000,2025-04-03 04:00:00,0.00005000,4.03200000
1743667200000,2025-04-03 08:00:00,-0.00014502,3.91624399
1743681600000,2025-04-03 12:00:00,-0.00004938,3.87714652
1743696000000,2025-04-03 16:00:00,0.00005000,3.81983056
1743710400000,2025-04-03 20:00:00,0.00005000,3.83800000
1743724800000,2025-04-04 00:00:00,0.00005000,3.85602284
1743739200000,2025-04-04 04:00:00,0.00004827,3.85100000
1743753600000,2025-04-04 08:00:00,0.00005000,3.86542315
1743768000000,2025-04-04 12:00:00,0.00005000,3.76059221
1743782400000,2025-04-04 16:00:00,0.00001839,3.84679815
1743796800001,2025-04-04 20:00:00,0.00005000,3.88000000
1743811200000,2025-04-05 00:00:00,0.00005000,3.98830747
1743825600000,2025-04-05 04:00:00,0.00005000,4.00300000
1743840000000,2025-04-05 08:00:00,0.00005000,4.04684866
1743854400000,2025-04-05 12:00:00,0.00003714,3.97420926
1743868800000,2025-04-05 16:00:00,-0.00007539,3.87543774
1743883200000,2025-04-05 20:00:00,0.00005000,3.85000000
1743897600000,2025-04-06 00:00:00,0.00005000,3.92628268
1743912000000,2025-04-06 04:00:00,-0.00007892,3.90094352
1743926400000,2025-04-06 08:00:00,0.00005000,3.92367902
1743940800001,2025-04-06 12:00:00,-0.00016491,3.90200000
1743955200002,2025-04-06 16:00:00,0.00005000,3.80192169
1743969600001,2025-04-06 20:00:00,-0.00000006,3.50700000
1743984000000,2025-04-07 00:00:00,0.00005000,3.48238082
1743998400000,2025-04-07 04:00:00,-0.00025190,3.39578110
1744012800000,2025-04-07 08:00:00,0.00000748,3.30848387
1744027200000,2025-04-07 12:00:00,-0.00004273,3.43718127
1744041600000,2025-04-07 16:00:00,-0.00004707,3.61182222
1744056000000,2025-04-07 20:00:00,0.00000005,3.57900000
1744070400000,2025-04-08 00:00:00,0.00005000,3.61436759
1744084800000,2025-04-08 04:00:00,0.00005000,3.63608333
1744099200000,2025-04-08 08:00:00,0.00002040,3.58698100
1744113600000,2025-04-08 12:00:00,0.00005000,3.68221591
1744128000000,2025-04-08 16:00:00,-0.00011899,3.60306111
1744142400000,2025-04-08 20:00:00,-0.00001569,3.43877778
1744156800000,2025-04-09 00:00:00,0.00005000,3.42738889
1744171200000,2025-04-09 04:00:00,0.00005000,3.41900000
1744185600001,2025-04-09 08:00:00,0.00005000,3.54900000
1744200000000,2025-04-09 12:00:00,-0.00007427,3.51564139
1744214400000,2025-04-09 16:00:00,0.00005000,3.60845278
1744228800000,2025-04-09 20:00:00,0.00005000,3.86200000
1744243200000,2025-04-10 00:00:00,0.00005000,3.86958333
1744257600000,2025-04-10 04:00:00,0.00005000,3.74950000
1744272000000,2025-04-10 08:00:00,0.00005000,3.75088889
1744286400000,2025-04-10 12:00:00,0.00004047,3.72150000
1744300800000,2025-04-10 16:00:00,-0.00005104,3.61200000
1744315200000,2025-04-10 20:00:00,0.00005000,3.64486111
1744329600001,2025-04-11 00:00:00,0.00005000,3.67022222
1744344000001,2025-04-11 04:00:00,0.00005000,3.74204722
1744358400000,2025-04-11 08:00:00,0.00005000,3.72700000
1744372800000,2025-04-11 12:00:00,0.00002303,3.73000000
1744387200000,2025-04-11 16:00:00,0.00005000,3.79700210
1744401600001,2025-04-11 20:00:00,-0.00012324,3.82122862
1744416000000,2025-04-12 00:00:00,0.00005000,3.78100000
1744430400000,2025-04-12 04:00:00,0.00005000,3.74800000
1744444800001,2025-04-12 08:00:00,0.00005000,3.81200000
1744459200001,2025-04-12 12:00:00,0.00005000,3.83246667
1744473600000,2025-04-12 16:00:00,0.00005000,3.96100000
1744488000000,2025-04-12 20:00:00,0.00001314,3.91387222
1744502400000,2025-04-13 00:00:00,0.00005000,3.93100000
1744516800000,2025-04-13 04:00:00,0.00005000,3.86300000
1744531200000,2025-04-13 08:00:00,0.00005000,3.79787685
1744545600000,2025-04-13 12:00:00,0.00005000,3.81243103
1744560000000,2025-04-13 16:00:00,0.00005000,3.73466944
1744574400000,2025-04-13 20:00:00,0.00005000,3.61202778
1744588800000,2025-04-14 00:00:00,0.00005000,3.55300000
1744603200000,2025-04-14 04:00:00,-0.00006762,3.60180556
1744617600000,2025-04-14 08:00:00,0.00005000,3.57400000
1744632000002,2025-04-14 12:00:00,0.00005000,3.68900000
1744646400000,2025-04-14 16:00:00,-0.00005305,3.53849566
1744660800000,2025-04-14 20:00:00,0.00005000,3.61033550
1744675200000,2025-04-15 00:00:00,0.00005000,3.59597222
1744689600001,2025-04-15 04:00:00,0.00005000,3.62062500
1744704000000,2025-04-15 08:00:00,0.00005000,3.63900000
1744718400000,2025-04-15 12:00:00,0.00005000,3.66379062
1744732800001,2025-04-15 16:00:00,0.00005000,3.63148034
1744747200000,2025-04-15 20:00:00,-0.00005115,3.55391336
1744761600000,2025-04-16 00:00:00,0.00005000,3.53600000
1744776000000,2025-04-16 04:00:00,0.00003408,3.53111296
1744790400000,2025-04-16 08:00:00,-0.00012030,3.46067911
1744804800000,2025-04-16 12:00:00,0.00005000,3.48600000
1744819200000,2025-04-16 16:00:00,-0.00026192,3.45490695
1744833600000,2025-04-16 20:00:00,0.00005000,3.51500000
1744848000001,2025-04-17 00:00:00,-0.00007158,3.45400000
1744862400000,2025-04-17 04:00:00,0.00005000,3.42322222
1744876800000,2025-04-17 08:00:00,0.00005000,3.50227778
1744891200000,2025-04-17 12:00:00,-0.00007106,3.44500000
1744905600001,2025-04-17 16:00:00,0.00005000,3.46100000
1744920000001,2025-04-17 20:00:00,-0.00001703,3.48482834
1744934400000,2025-04-18 00:00:00,0.00005000,3.47300000
1744948800000,2025-04-18 04:00:00,0.00003959,3.48600000
1744963200000,2025-04-18 08:00:00,0.00005000,3.58313889
1744977600000,2025-04-18 12:00:00,0.00005000,3.60400000
1744992000000,2025-04-18 16:00:00,0.00005000,3.59304612
1745006400000,2025-04-18 20:00:00,0.00005000,3.65700000
1745020800000,2025-04-19 00:00:00,0.00005000,3.65600000
1745035200000,2025-04-19 04:00:00,-0.00001774,3.85957836
1745049600000,2025-04-19 08:00:00,-0.00008858,3.98074435
1745064000000,2025-04-19 12:00:00,-0.00011221,4.06537692
1745078400000,2025-04-19 16:00:00,0.00005000,4.10200000
1745092800000,2025-04-19 20:00:00,-0.00007602,4.15064723
1745107200000,2025-04-20 00:00:00,0.00000604,4.25518906
1745121600000,2025-04-20 04:00:00,0.00005000,4.31400000
1745136000000,2025-04-20 08:00:00,0.00005000,4.32099630
1745150400001,2025-04-20 12:00:00,0.00005000,4.15611759
1745164800000,2025-04-20 16:00:00,0.00005000,4.20200000
1745179200000,2025-04-20 20:00:00,0.00005000,4.18691639
1745193600000,2025-04-21 00:00:00,0.00005000,4.15365485
1745208000000,2025-04-21 04:00:00,0.00005000,4.17105556
1745222400005,2025-04-21 08:00:00,0.00005000,4.32329820
1745236800002,2025-04-21 12:00:00,0.00005000,4.22271209
1745251200003,2025-04-21 16:00:00,0.00005000,4.17644444
1745265600006,2025-04-21 20:00:00,0.00005000,4.12200000
1745280000008,2025-04-22 00:00:00,0.00005000,4.08143611
1745294400000,2025-04-22 04:00:00,0.00005000,4.01245954
1745308800000,2025-04-22 08:00:00,0.00005000,4.05762593
1745323200001,2025-04-22 12:00:00,0.00005000,4.11438796
1745337600000,2025-04-22 16:00:00,0.00005000,4.45947420
1745352000004,2025-04-22 20:00:00,0.00005000,4.34233333
1745366400000,2025-04-23 00:00:00,0.00005000,4.45252778
1745380800000,2025-04-23 04:00:00,0.00005000,4.59902778
1745395200002,2025-04-23 08:00:00,0.00005000,4.55786111
1745409600005,2025-04-23 12:00:00,0.00005000,4.49159322
1745424000000,2025-04-23 16:00:00,0.00005000,4.46375499
1745438400001,2025-04-23 20:00:00,0.00005000,4.48469153
1745452800000,2025-04-24 00:00:00,0.00005000,4.46378906
1745467200003,2025-04-24 04:00:00,-0.00000434,4.27305367
1745481600001,2025-04-24 08:00:00,0.00005000,4.31800000
1745496000001,2025-04-24 12:00:00,0.00005000,4.41459322
1745510400001,2025-04-24 16:00:00,0.00005000,4.48867424
1745524800006,2025-04-24 20:00:00,0.00005000,4.45700000
1745539200007,2025-04-25 00:00:00,0.00005000,4.58000000
1745553600001,2025-04-25 04:00:00,0.00005000,4.55000876
1745568000002,2025-04-25 08:00:00,0.00005000,4.73500000
1745582400000,2025-04-25 12:00:00,0.00005000,4.73503925
1745596800003,2025-04-25 16:00:00,0.00005000,4.54737132
1745611200001,2025-04-25 20:00:00,0.00005000,4.50100000
1745625600002,2025-04-26 00:00:00,0.00005000,4.49499086
1745640000001,2025-04-26 04:00:00,0.00005000,4.61800000
1745654400000,2025-04-26 08:00:00,0.00005000,4.62151774
1745668800000,2025-04-26 12:00:00,0.00000080,4.48725914
1745683200002,2025-04-26 16:00:00,0.00005000,4.55738172
1745697600000,2025-04-26 20:00:00,0.00005000,4.55048387
1745712000001,2025-04-27 00:00:00,0.00005000,4.55482527
1745726400001,2025-04-27 04:00:00,0.00005000,4.38700000
1745740800000,2025-04-27 08:00:00,0.00004508,4.34795323
1745755200000,2025-04-27 12:00:00,0.00005000,4.37500000
1745769600000,2025-04-27 16:00:00,0.00005000,4.35300000
1745784000003,2025-04-27 20:00:00,0.00005000,4.45141935
1745798400001,2025-04-28 00:00:00,0.00005000,4.34000000
1745812800001,2025-04-28 04:00:00,0.00005000,4.37178602
1745827200003,2025-04-28 08:00:00,0.00005000,4.49674301
1745841600000,2025-04-28 12:00:00,0.00005000,4.47300000
1745856000005,2025-04-28 16:00:00,0.00005000,4.27727027
1745870400002,2025-04-28 20:00:00,0.00005000,4.43832838
1745884800000,2025-04-29 00:00:00,0.00005000,4.42273378
1745899200000,2025-04-29 04:00:00,0.00005000,4.46368091
1745913600000,2025-04-29 08:00:00,0.00005000,4.49707209
1745928000001,2025-04-29 12:00:00,0.00005000,4.44439685
1745942400010,2025-04-29 16:00:00,0.00005000,4.41221622
1745956800002,2025-04-29 20:00:00,0.00005000,4.39711224
1745971200001,2025-04-30 00:00:00,0.00005000,4.28500000
1745985600001,2025-04-30 04:00:00,0.00005000,4.33000000
1746000000000,2025-04-30 08:00:00,0.00005000,4.35320676
1746014400001,2025-04-30 12:00:00,0.00005000,4.65480132
1746028800003,2025-04-30 16:00:00,0.00005000,4.56600000
1746043200002,2025-04-30 20:00:00,0.00005000,4.47935135
1746057600000,2025-05-01 00:00:00,0.00005000,4.50470270
1746072000008,2025-05-01 04:00:00,0.00005000,4.45785461
1746086400000,2025-05-01 08:00:00,0.00005000,4.51959520
1746100800001,2025-05-01 12:00:00,0.00005000,4.58300000
1746115200001,2025-05-01 16:00:00,0.00005000,4.54200000
1746129600000,2025-05-01 20:00:00,0.00005000,4.54218108
1746144000000,2025-05-02 00:00:00,0.00005000,4.49781081
1746158400000,2025-05-02 04:00:00,0.00005000,4.48300000
1746172800000,2025-05-02 08:00:00,0.00005000,4.40597928
1746187200005,2025-05-02 12:00:00,0.00005000,4.43500000
1746201600003,2025-05-02 16:00:00,0.00005000,4.48803649
1746216000003,2025-05-02 20:00:00,0.00005000,4.47091892
1746230400000,2025-05-03 00:00:00,0.00005000,4.52325163
1746244800001,2025-05-03 04:00:00,0.00005000,4.47527477
1746259200000,2025-05-03 08:00:00,0.00005000,4.42300000
1746273600006,2025-05-03 12:00:00,0.00005000,4.28712793
1746288000000,2025-05-03 16:00:00,0.00005000,4.28670896
1746302400000,2025-05-03 20:00:00,0.00005000,4.21078378
1746316800001,2025-05-04 00:00:00,0.00005000,4.11100000
1746331200004,2025-05-04 04:00:00,0.00005000,4.07300000
1746345600001,2025-05-04 08:00:00,0.00005000,4.07564440
1746360000006,2025-05-04 12:00:00,0.00005000,4.04896441
1746374400002,2025-05-04 16:00:00,0.00005000,4.02147126
1746388800000,2025-05-04 20:00:00,0.00005000,3.99200000
1746403200000,2025-05-05 00:00:00,0.00005000,4.00046362
1746417600000,2025-05-05 04:00:00,0.00005000,4.08300000
1746432000000,2025-05-05 08:00:00,0.00005000,4.16520067
1746446400000,2025-05-05 12:00:00,0.00005000,4.21531231
1746460800006,2025-05-05 16:00:00,0.00005000,4.18000000
1746475200000,2025-05-05 20:00:00,0.00005000,4.34543472
1746489600002,2025-05-06 00:00:00,0.00005000,4.20200000
1746504000000,2025-05-06 04:00:00,0.00005000,4.17136239
1746518400005,2025-05-06 08:00:00,0.00005000,4.14025811
1746532800000,2025-05-06 12:00:00,0.00005000,3.96785856
1746547200000,2025-05-06 16:00:00,-0.00007898,3.97500000
1746561600000,2025-05-06 20:00:00,0.00005000,3.98500000
1746576000002,2025-05-07 00:00:00,0.00005000,4.02400000
1746590400004,2025-05-07 04:00:00,0.00005000,4.00219361
1746604800000,2025-05-07 08:00:00,0.00004283,3.98600000
1746619200000,2025-05-07 12:00:00,0.00005000,4.02880068
1746633600006,2025-05-07 16:00:00,0.00005000,3.96800000
1746648000000,2025-05-07 20:00:00,0.00001596,3.98262703
1746662400000,2025-05-08 00:00:00,0.00005000,4.06400000
1746676800005,2025-05-08 04:00:00,0.00005000,4.17100000
1746691200001,2025-05-08 08:00:00,0.00005000,4.24650856
1746705600000,2025-05-08 12:00:00,0.00005000,4.28778195
1746720000002,2025-05-08 16:00:00,-0.00010503,4.43200379
1746734400006,2025-05-08 20:00:00,0.00004989,4.52100000
1746748800001,2025-05-09 00:00:00,0.00001951,4.73225603
1746763200000,2025-05-09 04:00:00,0.00005000,4.80900000
1746777600006,2025-05-09 08:00:00,-0.00003051,4.96000000
1746792000000,2025-05-09 12:00:00,0.00005000,4.87900000
1746806400000,2025-05-09 16:00:00,0.00005000,4.90414978
1746820800000,2025-05-09 20:00:00,0.00005000,4.95300000
1746835200001,2025-05-10 00:00:00,0.00005000,5.05800000
1746849600003,2025-05-10 04:00:00,0.00005000,4.99300000
1746864000000,2025-05-10 08:00:00,0.00005000,5.01600000
1746878400000,2025-05-10 12:00:00,0.00005000,4.97991911
1746892800001,2025-05-10 16:00:00,0.00005000,5.00874437
1746907200000,2025-05-10 20:00:00,0.00005000,5.18323760
1746921600000,2025-05-11 00:00:00,0.00005000,5.64416370
1746936000000,2025-05-11 04:00:00,-0.00128243,7.17500000
1746950400001,2025-05-11 08:00:00,-0.00088884,6.11583316
1746964800001,2025-05-11 12:00:00,-0.00040669,5.94277280
1746979200001,2025-05-11 16:00:00,-0.00068293,5.87288518
1746993600000,2025-05-11 20:00:00,-0.00382252,6.29700000
1747008000004,2025-05-12 00:00:00,-0.00078082,6.31726275
1747022400003,2025-05-12 04:00:00,-0.00023943,6.22964448
1747036800000,2025-05-12 08:00:00,-0.00030795,6.35700000
1747051200000,2025-05-12 12:00:00,-0.00021452,6.17600000
1747065600000,2025-05-12 16:00:00,-0.00010237,6.13600000
1747080000004,2025-05-12 20:00:00,-0.00006993,6.07628882
1747094400000,2025-05-13 00:00:00,0.00005000,6.11003446
1747108800000,2025-05-13 04:00:00,0.00005000,5.67983243
1747123200008,2025-05-13 08:00:00,0.00005000,5.82300000
1747137600000,2025-05-13 12:00:00,0.00005000,5.89065027
1747152000001,2025-05-13 16:00:00,0.00005000,5.92140971
1747166400006,2025-05-13 20:00:00,0.00005000,6.28433718
1747180800007,2025-05-14 00:00:00,0.00005000,6.20700000
1747195200000,2025-05-14 04:00:00,0.00005000,6.22800000
1747209600000,2025-05-14 08:00:00,0.00005000,6.11700000
1747224000000,2025-05-14 12:00:00,0.00005000,6.01633320
1747238400002,2025-05-14 16:00:00,0.00005000,5.88700000
1747252800007,2025-05-14 20:00:00,0.00005000,5.87700000
1747267200000,2025-05-15 00:00:00,0.00005000,5.82500000
1747281600000,2025-05-15 04:00:00,0.00005000,5.70623501
1747296000003,2025-05-15 08:00:00,0.00005000,5.42600000
1747310400000,2025-05-15 12:00:00,0.00005000,5.48193176
1747324800000,2025-05-15 16:00:00,0.00005000,5.64705606
1747339200001,2025-05-15 20:00:00,0.00005000,5.53900000
1747353600001,2025-05-16 00:00:00,0.00005000,5.51600000
1747368000001,2025-05-16 04:00:00,0.00005000,5.53800000
1747382400000,2025-05-16 08:00:00,0.00005000,5.54800000
1747396800006,2025-05-16 12:00:00,0.00005000,5.54900000
1747411200000,2025-05-16 16:00:00,0.00005000,5.45000000
1747425600002,2025-05-16 20:00:00,0.00005000,5.32761248
1747440000000,2025-05-17 00:00:00,0.00005000,5.16343243
1747454400000,2025-05-17 04:00:00,0.00005000,5.03700000
1747468800001,2025-05-17 08:00:00,0.00005000,4.94772973
1747483200002,2025-05-17 12:00:00,0.00005000,5.00104684
1747497600004,2025-05-17 16:00:00,0.00005000,4.94700000
1747512000003,2025-05-17 20:00:00,0.00005000,4.89000000
1747526400000,2025-05-18 00:00:00,0.00005000,4.91200000
1747540800003,2025-05-18 04:00:00,0.00005000,4.91629054
1747555200000,2025-05-18 08:00:00,0.00005000,5.06855923
1747569600010,2025-05-18 12:00:00,0.00005000,5.00900000
1747584000000,2025-05-18 16:00:00,0.00005000,5.33416600
1747598400001,2025-05-18 20:00:00,0.00005000,5.01454404
1747612800000,2025-05-19 00:00:00,0.00005000,5.27700000
1747627200004,2025-05-19 04:00:00,0.00005000,4.96210780
1747641600006,2025-05-19 08:00:00,0.00005000,4.93050270
1747656000000,2025-05-19 12:00:00,0.00005000,4.83857698
1747670400010,2025-05-19 16:00:00,0.00005000,4.93821085
1747684800000,2025-05-19 20:00:00,0.00005000,4.92748921
1747699200000,2025-05-20 00:00:00,0.00005000,4.97521997
1747713600000,2025-05-20 04:00:00,0.00005000,5.12900000
1747728000002,2025-05-20 08:00:00,0.00005000,4.96600000
1747742400003,2025-05-20 12:00:00,-0.00000024,4.88500000
1747756800000,2025-05-20 16:00:00,-0.00001386,4.92251359
1747771200000,2025-05-20 20:00:00,0.00005000,5.03913773
1747785600000,2025-05-21 00:00:00,-0.00010666,5.11300000
1747800000000,2025-05-21 04:00:00,0.00005000,5.16000000
1747814400001,2025-05-21 08:00:00,0.00005000,5.02141712
1747828800007,2025-05-21 12:00:00,0.00005000,4.98824392
1747843200004,2025-05-21 16:00:00,0.00005000,5.06509414
1747857600001,2025-05-21 20:00:00,0.00005000,5.07900000
1747872000001,2025-05-22 00:00:00,0.00005000,5.08700000
1747886400000,2025-05-22 04:00:00,0.00005000,5.27485523
1747900800000,2025-05-22 08:00:00,0.00005000,5.29593018
1747915200000,2025-05-22 12:00:00,0.00005000,5.35346261
1747929600002,2025-05-22 16:00:00,-0.00018438,5.45710194
1747944000001,2025-05-22 20:00:00,0.00005000,5.44185086
1747958400006,2025-05-23 00:00:00,0.00005000,5.43365902
1747972800000,2025-05-23 04:00:00,0.00005000,5.51584816
1747987200000,2025-05-23 08:00:00,0.00005000,5.27291892
1748001600003,2025-05-23 12:00:00,0.00005000,5.03353359
1748016000007,2025-05-23 16:00:00,0.00005000,5.06846912
1748030400006,2025-05-23 20:00:00,0.00005000,5.05900000
1748044800010,2025-05-24 00:00:00,0.00005000,4.85000000
1748059200000,2025-05-24 04:00:00,0.00005000,4.93200000
1748073600000,2025-05-24 08:00:00,0.00005000,4.87500000
1748088000007,2025-05-24 12:00:00,0.00005000,4.94100000
1748102400003,2025-05-24 16:00:00,0.00005000,4.96435135
1748116800000,2025-05-24 20:00:00,0.00005000,4.88600000
1748131200004,2025-05-25 00:00:00,0.00005000,4.85207883
1748145600001,2025-05-25 04:00:00,0.00005000,4.77000000
1748160000000,2025-05-25 08:00:00,0.00005000,4.71086486
1748174400000,2025-05-25 12:00:00,0.00005000,4.62789189
1748188800000,2025-05-25 16:00:00,0.00005000,4.60920626
1748203200010,2025-05-25 20:00:00,0.00005000,4.64103978
1748217600000,2025-05-26 00:00:00,0.00005000,4.80604689
1748232000000,2025-05-26 04:00:00,0.00005000,4.86283784
1748246400000,2025-05-26 08:00:00,0.00005000,4.88417500
1748260800000,2025-05-26 12:00:00,0.00005000,4.83000000
1748275200002,2025-05-26 16:00:00,0.00005000,4.79863972
1748289600000,2025-05-26 20:00:00,0.00005000,4.70146914
1748304000003,2025-05-27 00:00:00,0.00005000,4.73300000
1748318400000,2025-05-27 04:00:00,0.00005000,4.72300000
1748332800001,2025-05-27 08:00:00,0.00005000,4.78000000
1748347200005,2025-05-27 12:00:00,0.00005000,4.87600000
1748361600005,2025-05-27 16:00:00,0.00005000,4.97581193
1748376000005,2025-05-27 20:00:00,0.00005000,5.01418072
1748390400002,2025-05-28 00:00:00,0.00005000,4.96077185
1748404800010,2025-05-28 04:00:00,0.00005000,4.91700000
1748419200003,2025-05-28 08:00:00,0.00005000,4.87997297
1748433600000,2025-05-28 12:00:00,0.00005000,4.99200000
1748448000002,2025-05-28 16:00:00,0.00005000,4.81936441
1748462400000,2025-05-28 20:00:00,-0.00002219,4.72600000
1748476800000,2025-05-29 00:00:00,0.00005000,4.93781944
1748491200000,2025-05-29 04:00:00,0.00005000,5.14800000
1748505600006,2025-05-29 08:00:00,0.00005000,4.99900000
1748520000001,2025-05-29 12:00:00,-0.00012201,5.17438658
1748534400000,2025-05-29 16:00:00,-0.00008782,5.02400000
1748548800010,2025-05-29 20:00:00,-0.00008985,4.86618863
1748563200003,2025-05-30 00:00:00,0.00002746,4.82000000
1748577600000,2025-05-30 04:00:00,-0.00008245,4.73900000
1748592000003,2025-05-30 08:00:00,-0.00022720,4.89989506
1748606400006,2025-05-30 12:00:00,-0.00231209,5.45437354
1748620800000,2025-05-30 16:00:00,-0.00134680,5.18501994
1748635200005,2025-05-30 20:00:00,-0.00039932,5.18400000
1748649600000,2025-05-31 00:00:00,-0.00021432,4.83048058
1748664000004,2025-05-31 04:00:00,-0.00061661,4.66000000
1748678400000,2025-05-31 08:00:00,-0.00144128,4.95900000
1748692800000,2025-05-31 12:00:00,-0.00130707,4.66800000
1748707200000,2025-05-31 16:00:00,-0.00134481,4.72700000
1748721600004,2025-05-31 20:00:00,-0.00026021,4.81000000
1748736000001,2025-06-01 00:00:00,-0.00034743,4.75943243
1748750400001,2025-06-01 04:00:00,-0.00045816,4.60515613
1748764800002,2025-06-01 08:00:00,-0.00019615,4.69963761
1748779200008,2025-06-01 12:00:00,0.00001632,4.78787369
1748793600000,2025-06-01 16:00:00,-0.00011696,4.82900000
1748808000003,2025-06-01 20:00:00,0.00005000,4.84906464
1748822400001,2025-06-02 00:00:00,-0.00003532,4.93106464
1748836800004,2025-06-02 04:00:00,-0.00005328,4.88900000
1748851200000,2025-06-02 08:00:00,-0.00011878,4.86960000
1748865600002,2025-06-02 12:00:00,0.00001381,4.73571613
1748880000000,2025-06-02 16:00:00,0.00005000,4.81900000
1748894400002,2025-06-02 20:00:00,-0.00009076,4.86850897
1748908800000,2025-06-03 00:00:00,-0.00023500,5.34300000
1748923200001,2025-06-03 04:00:00,-0.00217071,6.08357688
1748937600000,2025-06-03 08:00:00,-0.00193752,6.12173101
1748952000000,2025-06-03 12:00:00,-0.00395497,6.37854164
1748966400001,2025-06-03 16:00:00,-0.00097650,6.47500000
1748980800000,2025-06-03 20:00:00,-0.00058096,6.13006528
1748995200000,2025-06-04 00:00:00,-0.00045524,6.05233924
1749009600001,2025-06-04 04:00:00,-0.00059950,6.10200000
1749024000000,2025-06-04 08:00:00,-0.00017661,6.02319225
1749038400000,2025-06-04 12:00:00,-0.00030103,6.03100000
1749052800000,2025-06-04 16:00:00,-0.00063694,6.25359300
1749067200001,2025-06-04 20:00:00,-0.00032883,6.27783968
1749081600016,2025-06-05 00:00:00,-0.00107794,6.63200000
1749096000001,2025-06-05 04:00:00,-0.00028519,6.40750289
1749110400000,2025-06-05 08:00:00,-0.00024474,6.14900000
1749124800003,2025-06-05 12:00:00,-0.00000091,5.85900000
1749139200000,2025-06-05 16:00:00,-0.00035393,5.91500000
1749153600002,2025-06-05 20:00:00,0.00002249,5.89006252
1749168000002,2025-06-06 00:00:00,-0.00005735,5.57217185
1749182400000,2025-06-06 04:00:00,0.00000254,5.67700000
1749196800000,2025-06-06 08:00:00,-0.00016151,5.59700000
1749211200002,2025-06-06 12:00:00,0.00000878,5.53593671
1749225600006,2025-06-06 16:00:00,-0.00008919,5.74969354
1749240000000,2025-06-06 20:00:00,0.00002349,5.53900000
1749254400000,2025-06-07 00:00:00,-0.00013720,5.54035135
1749268800000,2025-06-07 04:00:00,-0.00014164,5.53905996
1749283200000,2025-06-07 08:00:00,0.00005000,5.55776194
1749297600000,2025-06-07 12:00:00,0.00005000,5.48803046
1749312000002,2025-06-07 16:00:00,-0.00005361,5.43600000
1749326400002,2025-06-07 20:00:00,-0.00009913,5.36901088
1749340800000,2025-06-08 00:00:00,0.00004991,5.40064865
1749355200000,2025-06-08 04:00:00,0.00000932,5.36200150
1749369600000,2025-06-08 08:00:00,-0.00004774,5.32264865
1749384000020,2025-06-08 12:00:00,0.00002428,5.30300000
1749398400000,2025-06-08 16:00:00,0.00005000,5.31000000
1749412800001,2025-06-08 20:00:00,-0.00014601,5.28600000
1749427200000,2025-06-09 00:00:00,-0.00003354,5.27000000
1749441600003,2025-06-09 04:00:00,0.00003979,5.28737805
1749456000001,2025-06-09 08:00:00,0.00005000,5.19300000
1749470400000,2025-06-09 12:00:00,0.00005000,5.46800000
1749484800001,2025-06-09 16:00:00,0.00001426,5.45100000
1749499200012,2025-06-09 20:00:00,0.00005000,5.58989189
1749513600000,2025-06-10 00:00:00,0.00005000,5.82234247
1749528000000,2025-06-10 04:00:00,0.00005000,5.61500000
1749542400001,2025-06-10 08:00:00,0.00005000,5.62267568
1749556800005,2025-06-10 12:00:00,0.00005000,5.85724314
1749571200003,2025-06-10 16:00:00,-0.00001138,5.98200000
1749585600010,2025-06-10 20:00:00,-0.00000870,6.22300000
1749600000000,2025-06-11 00:00:00,-0.00085986,7.00866541
1749614400006,2025-06-11 04:00:00,-0.00090010,7.15400000
1749628800000,2025-06-11 08:00:00,-0.00035397,7.30736597
1749643200007,2025-06-11 12:00:00,-0.00025488,7.14461808
1749657600010,2025-06-11 16:00:00,-0.00015029,6.94525872
1749672000012,2025-06-11 20:00:00,0.00005000,6.90100000
1749686400002,2025-06-12 00:00:00,0.00005000,7.05008421
1749700800000,2025-06-12 04:00:00,0.00005000,7.00726616
1749715200003,2025-06-12 08:00:00,0.00004320,6.69200000
1749729600001,2025-06-12 12:00:00,0.00005000,6.32648689
1749744000001,2025-06-12 16:00:00,-0.00004192,6.40600000
1749758400003,2025-06-12 20:00:00,0.00005000,6.44642798
1749772800000,2025-06-13 00:00:00,0.00005000,6.18000000
1749787200002,2025-06-13 04:00:00,-0.00006129,5.87322241
1749801600001,2025-06-13 08:00:00,-0.00005407,5.90700000
1749816000000,2025-06-13 12:00:00,0.00005000,6.03089180
1749830400004,2025-06-13 16:00:00,0.00005000,6.03095638
1749844800001,2025-06-13 20:00:00,0.00005000,6.04696329
1749859200000,2025-06-14 00:00:00,0.00000118,6.42200000
1749873600000,2025-06-14 04:00:00,0.00000071,6.19836001
1749888000000,2025-06-14 08:00:00,0.00005000,6.02960718
1749902400007,2025-06-14 12:00:00,-0.00001487,6.03641285
1749916800000,2025-06-14 16:00:00,-0.00010326,5.98500000
1749931200005,2025-06-14 20:00:00,0.00000773,5.91343243
1749945600005,2025-06-15 00:00:00,-0.00014673,6.07700000
1749960000004,2025-06-15 04:00:00,-0.00018257,6.62802784
1749974400009,2025-06-15 08:00:00,-0.00018484,6.36600000
1749988800000,2025-06-15 12:00:00,-0.00005715,6.45509557
1750003200000,2025-06-15 16:00:00,-0.00006071,6.42000000
1750017600000,2025-06-15 20:00:00,-0.00000544,6.31779190
1750032000000,2025-06-16 00:00:00,0.00005000,6.33000000
1750046400009,2025-06-16 04:00:00,-0.00008044,6.27700000
1750060800000,2025-06-16 08:00:00,0.00005000,6.62000000
1750075200000,2025-06-16 12:00:00,0.00005000,6.44400000
1750089600003,2025-06-16 16:00:00,0.00005000,6.52306746
1750104000000,2025-06-16 20:00:00,-0.00001247,6.57000000
1750118400000,2025-06-17 00:00:00,-0.00003419,6.21053234
1750132800000,2025-06-17 04:00:00,0.00005000,6.35978378
1750147200006,2025-06-17 08:00:00,0.00005000,6.25800000
1750161600001,2025-06-17 12:00:00,0.00005000,6.12100000
1750176000001,2025-06-17 16:00:00,0.00005000,5.99972108
1750190400000,2025-06-17 20:00:00,0.00004182,5.97958016
1750204800001,2025-06-18 00:00:00,-0.00000615,5.79100000
1750219200001,2025-06-18 04:00:00,0.00005000,5.88107829
1750233600001,2025-06-18 08:00:00,-0.00003461,5.83700000
1750248000003,2025-06-18 12:00:00,0.00000819,5.76269012
1750262400001,2025-06-18 16:00:00,0.00004696,5.81689020
1750276800000,2025-06-18 20:00:00,-0.00011775,5.51962636
1750291200005,2025-06-19 00:00:00,-0.00007903,5.62972327
1750305600005,2025-06-19 04:00:00,-0.00001419,5.63918919
1750320000003,2025-06-19 08:00:00,-0.00004245,5.57900000
1750334400000,2025-06-19 12:00:00,-0.00000540,5.55900000
1750348800000,2025-06-19 16:00:00,0.00003485,5.41200000
1750363200000,2025-06-19 20:00:00,-0.00013811,5.44100000
1750377600000,2025-06-20 00:00:00,0.00005000,5.48100000
1750392000017,2025-06-20 04:00:00,-0.00013808,5.46335589
1750406400002,2025-06-20 08:00:00,0.00005000,5.57300000
1750420800002,2025-06-20 12:00:00,-0.00002776,5.58183784
1750435200001,2025-06-20 16:00:00,0.00003956,5.40673488
1750449600000,2025-06-20 20:00:00,-0.00005912,5.29113132
1750464000002,2025-06-21 00:00:00,-0.00009320,5.19900000
1750478400003,2025-06-21 04:00:00,0.00005000,5.24377943
1750492800005,2025-06-21 08:00:00,-0.00000177,5.23500000
1750507200000,2025-06-21 12:00:00,0.00005000,5.20500000
1750521600000,2025-06-21 16:00:00,0.00002911,5.12806919
1750536000002,2025-06-21 20:00:00,-0.00001234,5.01000000
1750550400005,2025-06-22 00:00:00,0.00000211,4.91106106
1750564800000,2025-06-22 04:00:00,-0.00017068,4.86927027
1750579200000,2025-06-22 08:00:00,0.00004469,4.91600000
1750593600003,2025-06-22 12:00:00,-0.00004809,4.87900000
1750608000003,2025-06-22 16:00:00,0.00002681,4.73111446
1750622400005,2025-06-22 20:00:00,-0.00002055,4.70021622
1750636800000,2025-06-23 00:00:00,0.00001059,4.78989795
1750651200007,2025-06-23 04:00:00,-0.00025262,4.87100000
1750665600004,2025-06-23 08:00:00,-0.00013604,4.96100000
1750680000001,2025-06-23 12:00:00,0.00005000,4.90844718
1750694400013,2025-06-23 16:00:00,-0.00020267,4.88331540
1750708800000,2025-06-23 20:00:00,-0.00017003,5.22200000
1750723200003,2025-06-24 00:00:00,-0.00000404,5.50200000
1750737600001,2025-06-24 04:00:00,0.00005000,5.33400000
1750752000000,2025-06-24 08:00:00,0.00005000,5.32400000
1750766400001,2025-06-24 12:00:00,0.00002488,5.29300000
1750780800000,2025-06-24 16:00:00,-0.00008896,5.25500000
1750795200000,2025-06-24 20:00:00,0.00003351,5.21914497
1750809600005,2025-06-25 00:00:00,0.00005000,5.22309842
1750824000000,2025-06-25 04:00:00,0.00002783,5.14248173
1750838400000,2025-06-25 08:00:00,0.00005000,5.15738960
1750852800003,2025-06-25 12:00:00,0.00005000,5.09400000
1750867200005,2025-06-25 16:00:00,0.00002939,4.97327329
1750881600002,2025-06-25 20:00:00,0.00001107,4.97269707
1750896000000,2025-06-26 00:00:00,0.00005000,4.94231729
1750910400000,2025-06-26 04:00:00,0.00001728,5.07400000
1750924800006,2025-06-26 08:00:00,0.00005000,5.11800000
1750939200005,2025-06-26 12:00:00,0.00005000,4.99927541
1750953600007,2025-06-26 16:00:00,0.00005000,4.89418450
1750968000000,2025-06-26 20:00:00,0.00005000,4.91200000
1750982400000,2025-06-27 00:00:00,0.00005000,4.84200000
1750996800001,2025-06-27 04:00:00,0.00003035,4.84046104
1751011200000,2025-06-27 08:00:00,-0.00002597,4.82226464
1751025600003,2025-06-27 12:00:00,0.00001639,4.86189189
1751040000009,2025-06-27 16:00:00,0.00004905,4.96500000
1751054400002,2025-06-27 20:00:00,-0.00023415,4.78294932
1751068800001,2025-06-28 00:00:00,-0.00013606,4.87200000
1751083200000,2025-06-28 04:00:00,-0.00015110,4.85400000
1751097600002,2025-06-28 08:00:00,0.00001074,4.91954403
1751112000000,2025-06-28 12:00:00,-0.00015133,4.92502460
1751126400000,2025-06-28 16:00:00,-0.00005216,4.97200000
1751140800007,2025-06-28 20:00:00,-0.00017092,5.02070293
1751155200004,2025-06-29 00:00:00,0.00001983,5.03600000
1751169600003,2025-06-29 04:00:00,0.00005000,4.98748784
1751184000001,2025-06-29 08:00:00,0.00005000,5.10746959
1751198400003,2025-06-29 12:00:00,-0.00001848,5.09600000
1751212800001,2025-06-29 16:00:00,-0.00019195,5.00247309
1751227200003,2025-06-29 20:00:00,0.00002785,5.12100000
1751241600000,2025-06-30 00:00:00,0.00005000,5.29300000
1751256000003,2025-06-30 04:00:00,-0.00016251,5.15652252
1751270400005,2025-06-30 08:00:00,0.00005000,5.09000000
1751284800000,2025-06-30 12:00:00,-0.00011830,5.07356143
1751299200002,2025-06-30 16:00:00,0.00000559,5.02300000
1751313600000,2025-06-30 20:00:00,0.00005000,5.13700000
1751328000007,2025-07-01 00:00:00,0.00005000,5.02495676
1751342400000,2025-07-01 04:00:00,0.00005000,4.91404482
1751356800002,2025-07-01 08:00:00,-0.00003242,4.90342703
1751371200000,2025-07-01 12:00:00,-0.00014405,4.85500000
1751385600000,2025-07-01 16:00:00,-0.00004737,4.85861173
1751400000000,2025-07-01 20:00:00,-0.00028974,4.80557523
1751414400001,2025-07-02 00:00:00,-0.00058394,4.82709414
1751428800001,2025-07-02 04:00:00,-0.00030839,4.79290631
1751443200000,2025-07-02 08:00:00,-0.00048403,5.01503980
1751457600001,2025-07-02 12:00:00,-0.00051995,4.94720090
1751472000003,2025-07-02 16:00:00,0.00005000,5.05944617
1751486400000,2025-07-02 20:00:00,0.00005000,5.22277126
1751500800006,2025-07-03 00:00:00,0.00005000,5.19164189
1751515200002,2025-07-03 04:00:00,0.00005000,5.17292027
1751529600003,2025-07-03 08:00:00,0.00005000,5.26187609
1751544000001,2025-07-03 12:00:00,0.00005000,5.19026284
1751558400003,2025-07-03 16:00:00,0.00005000,5.08435135
1751572800000,2025-07-03 20:00:00,0.00005000,5.10300000
1751587200005,2025-07-04 00:00:00,0.00005000,5.10800000
1751601600002,2025-07-04 04:00:00,0.00003580,4.97649482
1751616000003,2025-07-04 08:00:00,0.00000103,4.83700000
1751630400000,2025-07-04 12:00:00,-0.00008263,4.84900000
1751644800001,2025-07-04 16:00:00,-0.00024751,4.75400000
1751659200000,2025-07-04 20:00:00,-0.00030048,4.74789441
1751673600004,2025-07-05 00:00:00,-0.00016513,4.81254257
1751688000005,2025-07-05 04:00:00,0.00000592,4.84741892
1751702400009,2025-07-05 08:00:00,-0.00009346,4.85163423
1751716800000,2025-07-05 12:00:00,0.00005000,4.80000000
1751731200006,2025-07-05 16:00:00,0.00005000,4.77500000
1751745600000,2025-07-05 20:00:00,0.00005000,4.77537883
1751760000001,2025-07-06 00:00:00,-0.00017799,4.81858603
1751774400000,2025-07-06 04:00:00,0.00001125,4.79300000
1751788800002,2025-07-06 08:00:00,-0.00015596,4.81512973
1751803200001,2025-07-06 12:00:00,0.00005000,4.82800000
1751817600004,2025-07-06 16:00:00,0.00005000,4.90650361
1751832000006,2025-07-06 20:00:00,0.00005000,4.91168234
1751846400000,2025-07-07 00:00:00,0.00001239,4.89112879
1751860800000,2025-07-07 04:00:00,0.00000718,4.90431171
1751875200007,2025-07-07 08:00:00,0.00005000,4.90900000
1751889600000,2025-07-07 12:00:00,-0.00006819,4.85916577
1751904000000,2025-07-07 16:00:00,0.00005000,4.82900000
1751918400013,2025-07-07 20:00:00,0.00004697,4.90700000
1751932800010,2025-07-08 00:00:00,-0.00002690,4.89020714
1751947200000,2025-07-08 04:00:00,-0.00013009,4.80853108
1751961600003,2025-07-08 08:00:00,-0.00025521,4.90600000
1751976000004,2025-07-08 12:00:00,-0.00070880,4.95435653
1751990400000,2025-07-08 16:00:00,-0.00033501,4.94000000
1752004800002,2025-07-08 20:00:00,-0.00010618,5.01100000
1752019200002,2025-07-09 00:00:00,-0.00012506,5.02000000
1752033600010,2025-07-09 04:00:00,0.00005000,4.96000000
1752048000006,2025-07-09 08:00:00,-0.00009158,5.14313579
1752062400000,2025-07-09 12:00:00,-0.00000762,5.15100000
1752076800001,2025-07-09 16:00:00,0.00005000,5.15600000
1752091200007,2025-07-09 20:00:00,0.00005000,5.26335659
1752105600003,2025-07-10 00:00:00,0.00005000,5.31629001
1752120000001,2025-07-10 04:00:00,0.00005000,5.32318909
1752134400000,2025-07-10 08:00:00,0.00005000,5.33360052
1752148800001,2025-07-10 12:00:00,0.00005000,5.31421649
1752163200004,2025-07-10 16:00:00,0.00005000,5.25300000
1752177600000,2025-07-10 20:00:00,0.00005000,5.40933000
1752192000004,2025-07-11 00:00:00,0.00005000,5.76200000
1752206400001,2025-07-11 04:00:00,0.00005000,6.02454381
1752220800007,2025-07-11 08:00:00,0.00005000,5.98152321
1752235200000,2025-07-11 12:00:00,0.00005000,6.07141050
1752249600001,2025-07-11 16:00:00,0.00005000,6.03881727
1752264000006,2025-07-11 20:00:00,0.00005000,6.30789189
1752278400000,2025-07-12 00:00:00,0.00005000,6.02800000
1752292800005,2025-07-12 04:00:00,0.00005000,6.07440637
1752307200001,2025-07-12 08:00:00,0.00005000,6.05800000
1752321600007,2025-07-12 12:00:00,0.00005000,6.00527095
1752336000002,2025-07-12 16:00:00,0.00005000,5.64408671
1752350400003,2025-07-12 20:00:00,0.00005000,5.76983739
1752364800006,2025-07-13 00:00:00,0.00005000,5.74700000
1752379200001,2025-07-13 04:00:00,0.00005000,5.74466599
1752393600001,2025-07-13 08:00:00,0.00005000,5.89100000
1752408000003,2025-07-13 12:00:00,0.00005000,5.89805405
1752422400003,2025-07-13 16:00:00,0.00005000,5.97700000
1752436800008,2025-07-13 20:00:00,0.00005000,5.95000000
1752451200000,2025-07-14 00:00:00,0.00005000,5.87800000
1752465600000,2025-07-14 04:00:00,0.00005000,6.11140169
1752480000000,2025-07-14 08:00:00,0.00005000,6.10700000
1752494400001,2025-07-14 12:00:00,0.00005000,6.05582091
1752508800000,2025-07-14 16:00:00,0.00005000,5.90495788
1752523200003,2025-07-14 20:00:00,0.00005000,5.76000000
1752537600002,2025-07-15 00:00:00,0.00005000,5.76494009
1752552000008,2025-07-15 04:00:00,0.00005000,5.59618919
1752566400000,2025-07-15 08:00:00,0.00005000,5.65000000
1752580800000,2025-07-15 12:00:00,0.00002732,5.71193739
1752595200000,2025-07-15 16:00:00,0.00005000,5.96366390
1752609600005,2025-07-15 20:00:00,0.00005000,5.90000000
1752624000000,2025-07-16 00:00:00,0.00005000,6.22047796
1752638400000,2025-07-16 04:00:00,0.00005000,6.15032432
1752652800000,2025-07-16 08:00:00,0.00005000,6.34200000
1752667200005,2025-07-16 12:00:00,0.00005000,6.23475687
1752681600008,2025-07-16 16:00:00,0.00005000,6.41103953
1752696000000,2025-07-16 20:00:00,0.00005000,6.53200000
1752710400003,2025-07-17 00:00:00,0.00005000,6.45940405
1752724800000,2025-07-17 04:00:00,0.00005000,6.20800000
1752739200000,2025-07-17 08:00:00,0.00005000,6.57612399
1752753600000,2025-07-17 12:00:00,0.00005000,6.73300000
1752768000000,2025-07-17 16:00:00,0.00005000,6.56401560
1752782400000,2025-07-17 20:00:00,0.00005000,7.04415365
1752796800004,2025-07-18 00:00:00,0.00005000,7.10141788
1752811200000,2025-07-18 04:00:00,-0.00218129,8.28258645
1752825600000,2025-07-18 08:00:00,0.00005000,7.80300000
1752840000000,2025-07-18 12:00:00,0.00005000,7.95369015
1752854400000,2025-07-18 16:00:00,0.00005000,7.36100000
1752868800010,2025-07-18 20:00:00,0.00005000,7.37070270
1752883200009,2025-07-19 00:00:00,0.00005000,7.27024148
1752897600000,2025-07-19 04:00:00,0.00005000,7.76800000
1752912000000,2025-07-19 08:00:00,0.00005000,7.46726066
1752926400000,2025-07-19 12:00:00,0.00005000,7.49398971
1752940800002,2025-07-19 16:00:00,0.00005000,7.51980420
1752955200002,2025-07-19 20:00:00,0.00005000,7.64000000
1752969600000,2025-07-20 00:00:00,0.00005000,7.51358615
1752984000007,2025-07-20 04:00:00,0.00005000,7.66100000
1752998400000,2025-07-20 08:00:00,0.00005000,7.61400000
1753012800003,2025-07-20 12:00:00,0.00005000,8.01309998
1753027200000,2025-07-20 16:00:00,0.00005000,8.09911487
1753041600013,2025-07-20 20:00:00,0.00005000,8.23904512
1753056000001,2025-07-21 00:00:00,0.00005000,8.05638683
1753070400001,2025-07-21 04:00:00,0.00005000,8.03600000
1753084800000,2025-07-21 08:00:00,0.00005000,7.94084380
1753099200001,2025-07-21 12:00:00,0.00005000,8.02781315
1753113600001,2025-07-21 16:00:00,0.00005000,7.85603196
1753128000003,2025-07-21 20:00:00,0.00005000,7.69200000
1753142400000,2025-07-22 00:00:00,0.00005000,7.69557905
1753156800001,2025-07-22 04:00:00,0.00005000,7.49029436
1753171200010,2025-07-22 08:00:00,0.00005000,7.39900000
1753185600001,2025-07-22 12:00:00,0.00005000,7.45800000
1753200000007,2025-07-22 16:00:00,0.00005000,7.33106866
1753214400001,2025-07-22 20:00:00,0.00005000,7.20100000
1753228800000,2025-07-23 00:00:00,0.00005000,7.38800000
1753243200010,2025-07-23 04:00:00,0.00005000,7.29300000
1753257600004,2025-07-23 08:00:00,0.00005000,7.13500000
1753272000002,2025-07-23 12:00:00,0.00005000,7.17527477
1753286400002,2025-07-23 16:00:00,0.00005000,6.98000000
1753300800005,2025-07-23 20:00:00,0.00005000,6.87000000
1753315200000,2025-07-24 00:00:00,0.00005000,6.81300000
1753329600001,2025-07-24 04:00:00,0.00005000,6.96808615
1753344000001,2025-07-24 08:00:00,0.00005000,6.66200000
1753358400000,2025-07-24 12:00:00,0.00005000,6.88747609
1753372800000,2025-07-24 16:00:00,0.00005000,6.91716029
1753387200001,2025-07-24 20:00:00,0.00005000,6.82700000
1753401600000,2025-07-25 00:00:00,0.00005000,6.71500000
1753416000001,2025-07-25 04:00:00,0.00005000,6.54700000
1753430400000,2025-07-25 08:00:00,0.00005000,6.58217263
1753444800000,2025-07-25 12:00:00,0.00005000,6.84994595
1753459200000,2025-07-25 16:00:00,0.00005000,6.65100000
1753473600000,2025-07-25 20:00:00,0.00005000,6.63436193
1753488000001,2025-07-26 00:00:00,0.00005000,6.90747538
1753502400001,2025-07-26 04:00:00,0.00005000,6.88901464
1753516800005,2025-07-26 08:00:00,0.00005000,6.84200000
1753531200004,2025-07-26 12:00:00,0.00005000,6.82427365
1753545600001,2025-07-26 16:00:00,0.00005000,6.85900000
1753560000000,2025-07-26 20:00:00,0.00005000,6.88705895
1753574400001,2025-07-27 00:00:00,0.00000835,6.74003430
1753588800000,2025-07-27 04:00:00,0.00005000,6.90800000
1753603200000,2025-07-27 08:00:00,0.00004745,6.94598232
1753617600000,2025-07-27 12:00:00,0.00005000,7.05500000
1753632000008,2025-07-27 16:00:00,0.00005000,7.43088556
1753646400002,2025-07-27 20:00:00,0.00005000,7.38700000
1753660800005,2025-07-28 00:00:00,0.00005000,7.78236179
1753675200001,2025-07-28 04:00:00,0.00005000,7.62500000
1753689600000,2025-07-28 08:00:00,0.00005000,7.59923437
1753704000000,2025-07-28 12:00:00,0.00005000,7.45500000
1753718400000,2025-07-28 16:00:00,0.00005000,7.13581081
1753732800005,2025-07-28 20:00:00,0.00005000,7.03464865
1753747200001,2025-07-29 00:00:00,0.00005000,6.89400000
1753761600001,2025-07-29 04:00:00,0.00005000,6.81700000
1753776000000,2025-07-29 08:00:00,0.00005000,7.15608979
1753790400001,2025-07-29 12:00:00,0.00005000,7.15000000
1753804800000,2025-07-29 16:00:00,0.00005000,7.21300000
1753819200000,2025-07-29 20:00:00,0.00005000,7.40568803
1753833600011,2025-07-30 00:00:00,0.00005000,7.30996148
1753848000000,2025-07-30 04:00:00,0.00005000,7.34100000
1753862400000,2025-07-30 08:00:00,0.00005000,7.25000000
1753876800003,2025-07-30 12:00:00,0.00004337,7.06935450
1753891200008,2025-07-30 16:00:00,0.00005000,7.16800000
1753905600000,2025-07-30 20:00:00,0.00005000,7.43900000
1753920000000,2025-07-31 00:00:00,0.00005000,7.74403311
1753934400010,2025-07-31 04:00:00,0.00005000,8.03356732
1753948800009,2025-07-31 08:00:00,0.00005000,7.92727027
1753963200003,2025-07-31 12:00:00,0.00005000,8.06871187
1753977600000,2025-07-31 16:00:00,0.00005000,7.98200000
1753992000000,2025-07-31 20:00:00,0.00005000,7.61995637
1754006400001,2025-08-01 00:00:00,0.00005000,7.27600000
1754020800000,2025-08-01 04:00:00,0.00005000,7.36148649
1754035200003,2025-08-01 08:00:00,0.00005000,7.15100000
1754049600001,2025-08-01 12:00:00,0.00005000,7.11394994
1754064000000,2025-08-01 16:00:00,0.00003148,7.15700000
1754078400004,2025-08-01 20:00:00,0.00005000,7.03700000
1754092800004,2025-08-02 00:00:00,-0.00008146,6.60400000
1754107200000,2025-08-02 04:00:00,0.00005000,6.66698288
1754121600000,2025-08-02 08:00:00,0.00005000,6.59264865
1754136000005,2025-08-02 12:00:00,-0.00000611,6.54767593
1754150400000,2025-08-02 16:00:00,-0.00006305,6.35200000
1754164800001,2025-08-02 20:00:00,-0.00002086,6.23911548
1754179200000,2025-08-03 00:00:00,0.00005000,6.28371362
1754193600000,2025-08-03 04:00:00,0.00005000,6.36775923
1754208000000,2025-08-03 08:00:00,0.00005000,6.46208108
1754222400001,2025-08-03 12:00:00,0.00005000,6.48983103
1754236800003,2025-08-03 16:00:00,0.00000270,6.42471885
1754251200002,2025-08-03 20:00:00,0.00005000,6.49800000
1754265600004,2025-08-04 00:00:00,0.00003387,6.47740450
1754280000000,2025-08-04 04:00:00,0.00003330,6.74246217
1754294400000,2025-08-04 08:00:00,0.00005000,6.77600000
1754308800006,2025-08-04 12:00:00,-0.00023591,6.68600000
1754323200002,2025-08-04 16:00:00,0.00005000,6.83700000
1754337600007,2025-08-04 20:00:00,0.00005000,6.91200000
1754352000000,2025-08-05 00:00:00,0.00005000,6.89100000
1754366400000,2025-08-05 04:00:00,0.00005000,6.78046024
1754380800000,2025-08-05 08:00:00,0.00005000,6.67800000
1754395200004,2025-08-05 12:00:00,0.00005000,7.08818824
1754409600000,2025-08-05 16:00:00,0.00005000,6.65041056
1754424000003,2025-08-05 20:00:00,0.00005000,6.71800000
1754438400005,2025-08-06 00:00:00,0.00005000,6.86636944
1754452800000,2025-08-06 04:00:00,0.00005000,6.59781194
1754467200000,2025-08-06 08:00:00,-0.00005507,7.27108272
1754481600000,2025-08-06 12:00:00,-0.00005906,7.33800000
1754496000000,2025-08-06 16:00:00,-0.00000013,7.55513257
1754510400000,2025-08-06 20:00:00,0.00005000,7.74454755
1754524800003,2025-08-07 00:00:00,0.00005000,7.71400000
1754539200004,2025-08-07 04:00:00,0.00005000,7.95300000
1754553600002,2025-08-07 08:00:00,0.00005000,7.82374537
1754568000001,2025-08-07 12:00:00,0.00005000,7.90208276
1754582400002,2025-08-07 16:00:00,0.00005000,7.89561021
1754596800001,2025-08-07 20:00:00,0.00005000,8.04200000
1754611200002,2025-08-08 00:00:00,0.00005000,8.00626659
1754625600010,2025-08-08 04:00:00,0.00005000,8.02556348
1754640000004,2025-08-08 08:00:00,0.00005000,8.05435697
1754654400003,2025-08-08 12:00:00,0.00005000,8.12933978
1754668800000,2025-08-08 16:00:00,0.00005000,7.96500000
1754683200004,2025-08-08 20:00:00,0.00005000,8.16500000
1754697600005,2025-08-09 00:00:00,0.00005000,8.08300000
1754712000015,2025-08-09 04:00:00,0.00005000,8.07078741
1754726400000,2025-08-09 08:00:00,0.00005000,8.36803226
1754740800003,2025-08-09 12:00:00,0.00005000,8.26181747
1754755200007,2025-08-09 16:00:00,0.00005000,8.46045581
1754769600000,2025-08-09 20:00:00,0.00005000,8.60900000
1754784000003,2025-08-10 00:00:00,0.00005000,9.09413624
1754798400006,2025-08-10 04:00:00,0.00005000,8.56500000
1754812800005,2025-08-10 08:00:00,0.00005000,8.30300000
1754827200006,2025-08-10 12:00:00,0.00005000,8.16900000
1754841600002,2025-08-10 16:00:00,0.00005000,8.53624164
1754856000000,2025-08-10 20:00:00,0.00005000,8.70034866
1754870400000,2025-08-11 00:00:00,0.00005000,8.64300000
1754884800000,2025-08-11 04:00:00,0.00005000,8.90900000
1754899200000,2025-08-11 08:00:00,0.00005000,8.79300000
1754913600000,2025-08-11 12:00:00,0.00005000,8.44600000
1754928000000,2025-08-11 16:00:00,0.00005000,8.74100000
1754942400000,2025-08-11 20:00:00,0.00004093,8.50566661
1754956800000,2025-08-12 00:00:00,0.00005000,8.19400000
1754971200001,2025-08-12 04:00:00,0.00001812,8.18500000
1754985600001,2025-08-12 08:00:00,0.00005000,8.21900000
1755000000000,2025-08-12 12:00:00,0.00005000,8.19591184
1755014400005,2025-08-12 16:00:00,0.00005000,8.74883027
1755028800000,2025-08-12 20:00:00,0.00005000,8.74875814
1755043200000,2025-08-13 00:00:00,0.00005000,8.79000000
1755057600000,2025-08-13 04:00:00,0.00005000,8.73717511
1755072000002,2025-08-13 08:00:00,0.00005000,8.55300000
1755086400000,2025-08-13 12:00:00,0.00005000,8.82400000
1755100800006,2025-08-13 16:00:00,0.00005000,8.75764266
1755115200001,2025-08-13 20:00:00,0.00005000,8.70581335
1755129600002,2025-08-14 00:00:00,0.00005000,8.81200000
1755144000009,2025-08-14 04:00:00,0.00005000,8.71834248
1755158400003,2025-08-14 08:00:00,0.00005000,8.33753559
1755172800001,2025-08-14 12:00:00,0.00005000,8.15423994
1755187200000,2025-08-14 16:00:00,0.00002223,7.80600000
1755201600002,2025-08-14 20:00:00,0.00005000,7.73300000
1755216000000,2025-08-15 00:00:00,0.00001708,7.71317752
1755230400000,2025-08-15 04:00:00,0.00005000,7.84700000
1755244800000,2025-08-15 08:00:00,0.00005000,7.86600000
1755259200001,2025-08-15 12:00:00,0.00005000,7.80064595
1755273600000,2025-08-15 16:00:00,0.00005000,7.52200000
1755288000007,2025-08-15 20:00:00,0.00002254,7.61399587
1755302400004,2025-08-16 00:00:00,0.00005000,7.70423172
1755316800000,2025-08-16 04:00:00,0.00005000,7.70200000
1755331200000,2025-08-16 08:00:00,0.00005000,7.74137715
1755345600004,2025-08-16 12:00:00,0.00005000,7.62500000
1755360000002,2025-08-16 16:00:00,0.00005000,7.68046640
1755374400006,2025-08-16 20:00:00,0.00005000,7.66300000
1755388800000,2025-08-17 00:00:00,0.00005000,7.69408940
1755403200000,2025-08-17 04:00:00,0.00005000,7.71700000
1755417600001,2025-08-17 08:00:00,0.00005000,7.91536590
1755432000002,2025-08-17 12:00:00,0.00005000,8.01507629
1755446400007,2025-08-17 16:00:00,0.00005000,8.09400000
1755460800001,2025-08-17 20:00:00,0.00005000,7.81800000
1755475200000,2025-08-18 00:00:00,0.00005000,7.77200000
1755489600010,2025-08-18 04:00:00,0.00005000,7.46432785
1755504000001,2025-08-18 08:00:00,0.00005000,7.33734086
1755518400002,2025-08-18 12:00:00,0.00005000,7.29700000
1755532800002,2025-08-18 16:00:00,0.00005000,7.38564437
1755547200007,2025-08-18 20:00:00,0.00005000,7.35000000
1755561600000,2025-08-19 00:00:00,0.00005000,7.30074886
1755576000000,2025-08-19 04:00:00,0.00005000,7.13835135
1755590400001,2025-08-19 08:00:00,0.00005000,7.24308583
1755604800001,2025-08-19 12:00:00,0.00005000,7.45441925
1755619200000,2025-08-19 16:00:00,0.00005000,7.15300000
1755633600000,2025-08-19 20:00:00,0.00005000,7.07500000
1755648000000,2025-08-20 00:00:00,0.00005000,6.99800000
1755662400000,2025-08-20 04:00:00,0.00005000,7.09100045
1755676800000,2025-08-20 08:00:00,0.00005000,7.15100000
1755691200002,2025-08-20 12:00:00,0.00005000,7.14895023
1755705600000,2025-08-20 16:00:00,0.00005000,7.23000000
1755720000001,2025-08-20 20:00:00,0.00005000,7.40714360
1755734400006,2025-08-21 00:00:00,0.00005000,7.41161667
1755748800003,2025-08-21 04:00:00,0.00005000,7.35200000
1755763200000,2025-08-21 08:00:00,0.00005000,7.37264521
1755777600009,2025-08-21 12:00:00,0.00005000,7.25700000
1755792000003,2025-08-21 16:00:00,0.00005000,7.14408108
1755806400000,2025-08-21 20:00:00,0.00005000,7.12200000
1755820800010,2025-08-22 00:00:00,0.00005000,7.12194595
1755835200003,2025-08-22 04:00:00,0.00005000,7.13220362
1755849600007,2025-08-22 08:00:00,0.00005000,7.18465227
1755864000001,2025-08-22 12:00:00,0.00005000,7.02400000
1755878400001,2025-08-22 16:00:00,0.00005000,7.95636909
1755892800004,2025-08-22 20:00:00,0.00005000,8.44100000
1755907200004,2025-08-23 00:00:00,0.00005000,8.29664932
1755921600000,2025-08-23 04:00:00,0.00005000,8.06400000
1755936000006,2025-08-23 08:00:00,0.00005000,8.04500000
1755950400000,2025-08-23 12:00:00,0.00005000,7.94288685
1755964800000,2025-08-23 16:00:00,0.00005000,8.04300000
1755979200005,2025-08-23 20:00:00,0.00005000,8.06791384
1755993600001,2025-08-24 00:00:00,0.00005000,7.99917090
1756008000000,2025-08-24 04:00:00,0.00005000,7.99503504
1756022400002,2025-08-24 08:00:00,0.00005000,7.70631155
1756036800003,2025-08-24 12:00:00,0.00005000,7.62100219
1756051200001,2025-08-24 16:00:00,0.00005000,7.73200000
1756065600008,2025-08-24 20:00:00,0.00005000,7.89500000
1756080000000,2025-08-25 00:00:00,0.00005000,7.77108108
1756094400001,2025-08-25 04:00:00,0.00005000,7.72192949
1756108800002,2025-08-25 08:00:00,0.00005000,7.38124324
1756123200000,2025-08-25 12:00:00,0.00005000,7.31600000
1756137600002,2025-08-25 16:00:00,0.00005000,7.52133091
1756152000003,2025-08-25 20:00:00,0.00005000,7.19400010
1756166400000,2025-08-26 00:00:00,0.00000820,7.02506036
1756180800007,2025-08-26 04:00:00,0.00005000,7.10500000
1756195200000,2025-08-26 08:00:00,0.00005000,7.18600000
1756209600001,2025-08-26 12:00:00,0.00005000,7.13900000
1756224000000,2025-08-26 16:00:00,0.00005000,7.27791622
1756238400000,2025-08-26 20:00:00,0.00005000,7.48064914
1756252800003,2025-08-27 00:00:00,-0.00000311,7.42357683
1756267200000,2025-08-27 04:00:00,0.00005000,7.33838470
1756281600000,2025-08-27 08:00:00,0.00005000,7.25086486
1756296000003,2025-08-27 12:00:00,0.00005000,7.30763471
1756310400009,2025-08-27 16:00:00,0.00005000,7.39501261
1756324800001,2025-08-27 20:00:00,0.00005000,7.28528346
1756339200000,2025-08-28 00:00:00,0.00005000,7.24851842
1756353600000,2025-08-28 04:00:00,0.00005000,7.30900000
1756368000005,2025-08-28 08:00:00,0.00005000,7.50400000
1756382400000,2025-08-28 12:00:00,0.00005000,7.47588602
1756396800004,2025-08-28 16:00:00,0.00005000,7.38366924
1756411200003,2025-08-28 20:00:00,0.00005000,7.28668564
1756425600000,2025-08-29 00:00:00,0.00005000,7.45200000
1756440000008,2025-08-29 04:00:00,0.00005000,7.34800000
1756454400000,2025-08-29 08:00:00,0.00005000,7.03264944
1756468800010,2025-08-29 12:00:00,0.00005000,7.04504122
1756483200005,2025-08-29 16:00:00,0.00002074,6.93800000
1756497600000,2025-08-29 20:00:00,0.00000200,6.89900000
1756512000000,2025-08-30 00:00:00,0.00005000,6.98200000
1756526400000,2025-08-30 04:00:00,0.00005000,7.01949640
1756540800002,2025-08-30 08:00:00,0.00005000,7.16200000
1756555200006,2025-08-30 12:00:00,0.00005000,7.19300000
1756569600003,2025-08-30 16:00:00,0.00005000,7.20371509
1756584000000,2025-08-30 20:00:00,0.00005000,7.12700000
1756598400016,2025-08-31 00:00:00,0.00005000,7.14000000
1756612800000,2025-08-31 04:00:00,0.00005000,7.33642724
1756627200000,2025-08-31 08:00:00,0.00005000,7.22307928
1756641600003,2025-08-31 12:00:00,0.00005000,7.27200000
1756656000001,2025-08-31 16:00:00,0.00005000,7.17564529
1756670400000,2025-08-31 20:00:00,0.00005000,7.16300000
1756684800000,2025-09-01 00:00:00,0.00005000,6.99781644
1756699200005,2025-09-01 04:00:00,0.00005000,6.86556084
1756713600000,2025-09-01 08:00:00,0.00005000,7.05900000
1756728000014,2025-09-01 12:00:00,0.00005000,6.94600000
1756742400001,2025-09-01 16:00:00,0.00005000,6.81800000
1756756800008,2025-09-01 20:00:00,0.00005000,6.78500000
1756771200000,2025-09-02 00:00:00,0.00005000,6.58756757
1756785600009,2025-09-02 04:00:00,0.00005000,6.76100000
1756800000005,2025-09-02 08:00:00,0.00005000,6.74400000
1756814400003,2025-09-02 12:00:00,0.00005000,6.63200000
1756828800007,2025-09-02 16:00:00,0.00005000,6.48900000
1756843200001,2025-09-02 20:00:00,0.00005000,6.50800000
1756857600006,2025-09-03 00:00:00,0.00005000,6.64259459
1756872000003,2025-09-03 04:00:00,0.00005000,6.69055788
1756886400002,2025-09-03 08:00:00,0.00005000,6.61559459
1756900800000,2025-09-03 12:00:00,0.00005000,6.64100000
1756915200002,2025-09-03 16:00:00,0.00005000,6.77195438
1756929600006,2025-09-03 20:00:00,0.00005000,6.78372304
1756944000002,2025-09-04 00:00:00,0.00005000,6.69916712
1756958400000,2025-09-04 04:00:00,0.00005000,6.57399131
1756972800000,2025-09-04 08:00:00,0.00005000,6.47432658
1756987200002,2025-09-04 12:00:00,0.00005000,6.48541697
1757001600000,2025-09-04 16:00:00,0.00005000,6.37088780
1757016000000,2025-09-04 20:00:00,0.00002951,6.37500000
1757030400001,2025-09-05 00:00:00,0.00005000,6.42200000
1757044800000,2025-09-05 04:00:00,0.00005000,6.50836239
1757059200006,2025-09-05 08:00:00,0.00005000,6.59954002
1757073600001,2025-09-05 12:00:00,0.00005000,6.54600000
1757088000000,2025-09-05 16:00:00,0.00005000,6.39289212
1757102400000,2025-09-05 20:00:00,0.00005000,6.46637838
1757116800000,2025-09-06 00:00:00,0.00005000,6.46400000
1757131200000,2025-09-06 04:00:00,0.00005000,6.45400000
1757145600005,2025-09-06 08:00:00,0.00005000,6.40700000
1757160000000,2025-09-06 12:00:00,0.00005000,6.38700000
1757174400000,2025-09-06 16:00:00,0.00005000,6.33119306
1757188800001,2025-09-06 20:00:00,0.00005000,6.25500000
1757203200000,2025-09-07 00:00:00,0.00005000,6.25724777
1757217600008,2025-09-07 04:00:00,0.00005000,6.33700000
1757232000000,2025-09-07 08:00:00,0.00005000,6.24551473
1757246400000,2025-09-07 12:00:00,0.00005000,6.29699664
1757260800000,2025-09-07 16:00:00,0.00005000,6.25400000
1757275200003,2025-09-07 20:00:00,0.00005000,6.11100000
1757289600007,2025-09-08 00:00:00,0.00005000,6.17300000
1757304000008,2025-09-08 04:00:00,0.00005000,6.22000000
1757318400000,2025-09-08 08:00:00,0.00005000,6.12464264
1757332800005,2025-09-08 12:00:00,0.00005000,6.27324357
1757347200000,2025-09-08 16:00:00,0.00005000,6.38189155
1757361600001,2025-09-08 20:00:00,0.00003228,6.34900000
1757376000000,2025-09-09 00:00:00,0.00005000,6.38174099
1757390400000,2025-09-09 04:00:00,0.00005000,6.32675354
1757404800000,2025-09-09 08:00:00,0.00005000,6.50429712
1757419200004,2025-09-09 12:00:00,0.00005000,6.44900000
1757433600000,2025-09-09 16:00:00,0.00005000,6.10700000
1757448000000,2025-09-09 20:00:00,0.00005000,6.17100000
1757462400000,2025-09-10 00:00:00,0.00005000,6.17800000
1757476800001,2025-09-10 04:00:00,0.00005000,6.29100000
1757491200002,2025-09-10 08:00:00,0.00005000,6.29481081
1757505600004,2025-09-10 12:00:00,0.00005000,6.29475225
1757520000000,2025-09-10 16:00:00,0.00005000,6.41200000
1757534400007,2025-09-10 20:00:00,0.00005000,6.22000000
1757548800000,2025-09-11 00:00:00,0.00005000,6.26400000
1757563200003,2025-09-11 04:00:00,0.00005000,6.49700000
1757577600000,2025-09-11 08:00:00,0.00005000,6.47124620
1757592000005,2025-09-11 12:00:00,0.00005000,6.30609425
1757606400001,2025-09-11 16:00:00,0.00005000,6.26100000
1757620800001,2025-09-11 20:00:00,0.00005000,6.33820029
1757635200002,2025-09-12 00:00:00,0.00005000,6.43636239
1757649600004,2025-09-12 04:00:00,0.00005000,6.43882703
1757664000001,2025-09-12 08:00:00,0.00005000,6.44280321
1757678400001,2025-09-12 12:00:00,0.00005000,6.34312234
1757692800005,2025-09-12 16:00:00,0.00005000,6.43100000
1757707200000,2025-09-12 20:00:00,0.00005000,6.60706223
1757721600005,2025-09-13 00:00:00,0.00005000,6.81733642
1757736000002,2025-09-13 04:00:00,0.00005000,6.93426567
1757750400002,2025-09-13 08:00:00,0.00005000,6.88522455
1757764800005,2025-09-13 12:00:00,0.00005000,6.89200000
1757779200000,2025-09-13 16:00:00,0.00005000,6.90177847
1757793600001,2025-09-13 20:00:00,0.00005000,6.85900000
1757808000006,2025-09-14 00:00:00,0.00005000,6.92106081
1757822400001,2025-09-14 04:00:00,0.00005000,6.74200000
1757836800000,2025-09-14 08:00:00,0.00005000,6.75300000
1757851200004,2025-09-14 12:00:00,0.00005000,6.62807610
1757865600001,2025-09-14 16:00:00,0.00005000,6.47710255
1757880000000,2025-09-14 20:00:00,0.00005000,6.49800000
1757894400006,2025-09-15 00:00:00,0.00005000,6.51400000
1757908800000,2025-09-15 04:00:00,0.00005000,6.68179574
1757923200002,2025-09-15 08:00:00,0.00005000,6.83100000
1757937600003,2025-09-15 12:00:00,0.00005000,6.66500000
1757952000001,2025-09-15 16:00:00,0.00005000,6.52186563
1757966400001,2025-09-15 20:00:00,0.00005000,6.41559910
1757980800001,2025-09-16 00:00:00,0.00005000,6.39415939
1757995200000,2025-09-16 04:00:00,0.00005000,6.29700000
1758009600000,2025-09-16 08:00:00,0.00005000,6.38200000
1758024000002,2025-09-16 12:00:00,0.00005000,6.36190248
1758038400000,2025-09-16 16:00:00,0.00005000,6.37411929
1758052800004,2025-09-16 20:00:00,0.00005000,6.44270495
1758067200001,2025-09-17 00:00:00,-0.00008321,6.38261171
1758081600004,2025-09-17 04:00:00,0.00005000,6.43609640
1758096000000,2025-09-17 08:00:00,0.00005000,6.39900000
1758110400000,2025-09-17 12:00:00,0.00005000,6.27999794
1758124800003,2025-09-17 16:00:00,0.00005000,6.23001351
1758139200000,2025-09-17 20:00:00,0.00005000,6.47300000
1758153600006,2025-09-18 00:00:00,0.00005000,6.62500000
1758168000001,2025-09-18 04:00:00,0.00005000,6.66106419
1758182400002,2025-09-18 08:00:00,0.00005000,6.63115090
1758196800000,2025-09-18 12:00:00,0.00005000,6.67800000
1758211200000,2025-09-18 16:00:00,0.00005000,6.77551993
1758225600008,2025-09-18 20:00:00,0.00005000,6.82732558
1758240000000,2025-09-19 00:00:00,0.00005000,6.73657829
1758254400003,2025-09-19 04:00:00,0.00005000,6.61900000
1758268800005,2025-09-19 08:00:00,0.00005000,6.52800000
1758283200000,2025-09-19 12:00:00,0.00005000,6.34589189
1758297600000,2025-09-19 16:00:00,0.00005000,6.32200000
1758312000004,2025-09-19 20:00:00,0.00005000,6.26213153
1758326400000,2025-09-20 00:00:00,0.00005000,6.24200000
1758340800000,2025-09-20 04:00:00,0.00005000,6.23200000
1758355200000,2025-09-20 08:00:00,0.00005000,6.33161306
1758369600008,2025-09-20 12:00:00,0.00005000,6.21000000
1758384000002,2025-09-20 16:00:00,0.00005000,6.28300000
1758398400000,2025-09-20 20:00:00,0.00005000,6.21475676
1758412800000,2025-09-21 00:00:00,0.00005000,6.20300000
1758427200002,2025-09-21 04:00:00,0.00005000,6.21463933
1758441600000,2025-09-21 08:00:00,0.00005000,6.20000000
1758456000002,2025-09-21 12:00:00,0.00005000,6.04800000
1758470400000,2025-09-21 16:00:00,0.00005000,6.07282117
1758484800000,2025-09-21 20:00:00,0.00005000,6.07400000
1758499200005,2025-09-22 00:00:00,0.00005000,6.00468197
1758513600000,2025-09-22 04:00:00,-0.00001375,5.73300000
1758528000003,2025-09-22 08:00:00,0.00005000,5.37088555
1758542400005,2025-09-22 12:00:00,-0.00002555,5.30666389
1758556800000,2025-09-22 16:00:00,-0.00011737,5.24206703
1758571200001,2025-09-22 20:00:00,-0.00005604,5.21876181
1758585600000,2025-09-23 00:00:00,0.00003312,5.35231626
1758600000012,2025-09-23 04:00:00,-0.00005899,5.34907685
1758614400001,2025-09-23 08:00:00,-0.00007185,5.38600000
1758628800000,2025-09-23 12:00:00,-0.00001455,5.39696057
1758643200000,2025-09-23 16:00:00,-0.00007084,5.49322617
1758657600001,2025-09-23 20:00:00,-0.00008705,5.36630310
1758672000003,2025-09-24 00:00:00,0.00002604,5.40600000
1758686400000,2025-09-24 04:00:00,-0.00016461,5.38963108
1758700800001,2025-09-24 08:00:00,0.00005000,5.48100000
1758715200001,2025-09-24 12:00:00,0.00005000,5.55547468
1758729600002,2025-09-24 16:00:00,0.00005000,5.50300000
1758744000001,2025-09-24 20:00:00,0.00002807,5.53200000
1758758400000,2025-09-25 00:00:00,0.00005000,5.48561129
1758772800000,2025-09-25 04:00:00,0.00000270,5.38100000
1758787200001,2025-09-25 08:00:00,0.00000960,5.27400000
1758801600000,2025-09-25 12:00:00,0.00005000,5.22978378
1758816000000,2025-09-25 16:00:00,0.00004273,5.16793816
1758830400000,2025-09-25 20:00:00,0.00005000,4.87369521
1758844800000,2025-09-26 00:00:00,0.00005000,4.77724821
1758859200002,2025-09-26 04:00:00,0.00005000,4.89404955
1758873600000,2025-09-26 08:00:00,0.00005000,4.86327348
1758888000000,2025-09-26 12:00:00,0.00005000,4.82241154
1758902400008,2025-09-26 16:00:00,0.00005000,4.87079948
1758916800005,2025-09-26 20:00:00,0.00005000,4.88861306
1758931200000,2025-09-27 00:00:00,0.00005000,4.92200000
1758945600000,2025-09-27 04:00:00,0.00005000,4.85281036
1758960000010,2025-09-27 08:00:00,0.00005000,4.82100000
1758974400003,2025-09-27 12:00:00,0.00005000,4.85300000
1758988800003,2025-09-27 16:00:00,0.00005000,4.88500000
1759003200002,2025-09-27 20:00:00,0.00005000,4.84400000
1759017600000,2025-09-28 00:00:00,0.00005000,4.85110811
1759032000002,2025-09-28 04:00:00,0.00005000,4.79737978
1759046400000,2025-09-28 08:00:00,0.00005000,4.75900000
1759060800000,2025-09-28 12:00:00,0.00005000,4.68100000
1759075200000,2025-09-28 16:00:00,0.00005000,4.78622761
1759089600004,2025-09-28 20:00:00,0.00005000,4.82339207
1759104000000,2025-09-29 00:00:00,0.00005000,4.91554189
1759118400000,2025-09-29 04:00:00,-0.00006210,4.85165529
1759132800002,2025-09-29 08:00:00,0.00005000,4.79300000
1759147200000,2025-09-29 12:00:00,0.00000671,4.77099680
1759161600001,2025-09-29 16:00:00,0.00005000,4.77000000
1759176000000,2025-09-29 20:00:00,0.00005000,4.76600000
1759190400002,2025-09-30 00:00:00,0.00005000,4.77200000
1759204800000,2025-09-30 04:00:00,0.00005000,4.71533327
1759219200005,2025-09-30 08:00:00,0.00005000,4.70500000
1759233600000,2025-09-30 12:00:00,0.00005000,4.69760641
1759248000000,2025-09-30 16:00:00,0.00005000,4.57700000
1759262400000,2025-09-30 20:00:00,0.00005000,4.67677297
1759276800000,2025-10-01 00:00:00,0.00005000,4.70224324
1759291200008,2025-10-01 04:00:00,0.00005000,4.64483333
1759305600000,2025-10-01 08:00:00,0.00005000,4.67386486
1759320000007,2025-10-01 12:00:00,0.00005000,4.89100000
1759334400000,2025-10-01 16:00:00,0.00005000,4.90300000
1759348800001,2025-10-01 20:00:00,0.00005000,4.95600000
1759363200000,2025-10-02 00:00:00,0.00005000,4.97100000
1759377600001,2025-10-02 04:00:00,0.00005000,5.14939640
1759392000013,2025-10-02 08:00:00,0.00005000,5.14135241
1759406400000,2025-10-02 12:00:00,0.00005000,5.14504848
1759420800000,2025-10-02 16:00:00,0.00005000,5.11200000
1759435200000,2025-10-02 20:00:00,0.00005000,5.41700000
1759449600006,2025-10-03 00:00:00,0.00005000,5.39100000
1759464000000,2025-10-03 04:00:00,0.00005000,5.25300000
1759478400006,2025-10-03 08:00:00,0.00005000,5.16406622
1759492800000,2025-10-03 12:00:00,0.00005000,5.20400000
1759507200000,2025-10-03 16:00:00,0.00005000,5.32982347
1759521600002,2025-10-03 20:00:00,0.00005000,5.29681427
1759536000001,2025-10-04 00:00:00,0.00005000,5.26000000
1759550400006,2025-10-04 04:00:00,0.00005000,5.20400000
1759564800000,2025-10-04 08:00:00,0.00005000,5.16100000
1759579200000,2025-10-04 12:00:00,0.00005000,5.06740721
1759593600000,2025-10-04 16:00:00,0.00005000,4.95900000
1759608000003,2025-10-04 20:00:00,0.00005000,5.00688378
1759622400000,2025-10-05 00:00:00,0.00005000,4.97500000
1759636800000,2025-10-05 04:00:00,0.00005000,5.07600000
1759651200003,2025-10-05 08:00:00,0.00005000,5.19800000
1759665600000,2025-10-05 12:00:00,0.00005000,5.12638257
1759680000009,2025-10-05 16:00:00,0.00005000,5.09148136
1759694400004,2025-10-05 20:00:00,0.00005000,4.93087700
1759708800004,2025-10-06 00:00:00,0.00005000,4.94800000
1759723200003,2025-10-06 04:00:00,0.00005000,4.99400000
1759737600002,2025-10-06 08:00:00,0.00005000,5.00994234
1759752000000,2025-10-06 12:00:00,0.00005000,5.10126898
1759766400004,2025-10-06 16:00:00,0.00005000,5.31053005
1759780800002,2025-10-06 20:00:00,0.00005000,5.28700000
1759795200000,2025-10-07 00:00:00,0.00005000,5.20500000
1759809600001,2025-10-07 04:00:00,0.00005000,5.17800000
1759824000003,2025-10-07 08:00:00,0.00005000,5.13200000
1759838400005,2025-10-07 12:00:00,0.00005000,5.19573468
1759852800000,2025-10-07 16:00:00,0.00005000,4.90400000
1759867200002,2025-10-07 20:00:00,-0.00002952,4.87267838
1759881600000,2025-10-08 00:00:00,-0.00004024,4.88005946
1759896000002,2025-10-08 04:00:00,0.00005000,4.83689189
1759910400006,2025-10-08 08:00:00,0.00005000,4.90278378
1759924800003,2025-10-08 12:00:00,0.00005000,4.91500000
1759939200002,2025-10-08 16:00:00,0.00005000,4.95307973
1759953600000,2025-10-08 20:00:00,0.00005000,5.05500000
1759968000001,2025-10-09 00:00:00,0.00005000,5.05571577
1759982400003,2025-10-09 04:00:00,0.00005000,4.95600000
1759996800000,2025-10-09 08:00:00,0.00005000,4.87100000
1760011200002,2025-10-09 12:00:00,0.00005000,4.84100000
1760025600000,2025-10-09 16:00:00,0.00005000,4.78099009
1760040000010,2025-10-09 20:00:00,0.00005000,4.84194595
1760054400005,2025-10-10 00:00:00,0.00005000,4.87934324
1760068800001,2025-10-10 04:00:00,0.00005000,5.08765018
1760083200002,2025-10-10 08:00:00,0.00005000,5.00798186
1760097600004,2025-10-10 12:00:00,0.00005000,5.08600000
1760112000014,2025-10-10 16:00:00,0.00005000,4.73067568
1760126400003,2025-10-10 20:00:00,0.00005000,4.54160000
1760140800000,2025-10-11 00:00:00,0.00005000,3.41900000
1760155200000,2025-10-11 04:00:00,-0.00045318,3.23700000
1760169600003,2025-10-11 08:00:00,0.00002842,3.43000000
1760184000003,2025-10-11 12:00:00,-0.00002049,3.55300000
1760198400000,2025-10-11 16:00:00,-0.00004454,3.58712179
1760212800001,2025-10-11 20:00:00,-0.00019416,3.46200000
1760227200004,2025-10-12 00:00:00,-0.00000157,3.54297417
1760241600001,2025-10-12 04:00:00,-0.00008212,3.50300000
1760256000002,2025-10-12 08:00:00,-0.00008623,3.58600000
1760270400001,2025-10-12 12:00:00,-0.00020695,3.57796982
1760284800000,2025-10-12 16:00:00,-0.00006469,3.79419888
1760299200000,2025-10-12 20:00:00,-0.00001532,3.89083933
1760313600003,2025-10-13 00:00:00,0.00005000,3.81400000
1760328000000,2025-10-13 04:00:00,0.00003255,3.83400000
1760342400002,2025-10-13 08:00:00,0.00005000,3.90400000
1760356800001,2025-10-13 12:00:00,0.00005000,3.82600000
1760371200003,2025-10-13 16:00:00,0.00001170,3.90198964
1760385600002,2025-10-13 20:00:00,0.00004379,4.07100000
1760400000000,2025-10-14 00:00:00,0.00005000,4.02300000
1760414400000,2025-10-14 04:00:00,0.00000749,3.87977613
1760428800000,2025-10-14 08:00:00,0.00001280,3.67137272
1760443200000,2025-10-14 12:00:00,-0.00005440,3.66837698
1760457600000,2025-10-14 16:00:00,-0.00006466,3.78330064
1760472000000,2025-10-14 20:00:00,0.00005000,3.80306012
1760486400006,2025-10-15 00:00:00,0.00005000,3.82200000
1760500800001,2025-10-15 04:00:00,0.00005000,3.82587618
1760515200002,2025-10-15 08:00:00,0.00005000,3.90123173
1760529600005,2025-10-15 12:00:00,0.00005000,3.80374377
1760544000000,2025-10-15 16:00:00,0.00000489,3.63778146
1760558400004,2025-10-15 20:00:00,0.00002023,3.59000000
1760572800000,2025-10-16 00:00:00,0.00005000,3.60096366
1760587200000,2025-10-16 04:00:00,0.00000052,3.60900000
1760601600003,2025-10-16 08:00:00,0.00005000,3.66500000
1760616000000,2025-10-16 12:00:00,0.00005000,3.70400000
1760630400002,2025-10-16 16:00:00,0.00005000,3.48699778
1760644800003,2025-10-16 20:00:00,-0.00003277,3.47858964
1760659200001,2025-10-17 00:00:00,0.00005000,3.48551351
1760673600001,2025-10-17 04:00:00,-0.00009980,3.51114179
1760688000005,2025-10-17 08:00:00,-0.00007326,3.22200000
1760702400000,2025-10-17 12:00:00,-0.00003414,3.35918919
1760716800003,2025-10-17 16:00:00,0.00000323,3.36864242
1760731200004,2025-10-17 20:00:00,0.00004450,3.36803333
1760745600000,2025-10-18 00:00:00,-0.00005922,3.37000000
1760760000000,2025-10-18 04:00:00,0.00005000,3.38798759
1760774400002,2025-10-18 08:00:00,0.00005000,3.38793018
1760788800007,2025-10-18 12:00:00,0.00005000,3.40726794
1760803200001,2025-10-18 16:00:00,0.00005000,3.34700000
1760817600000,2025-10-18 20:00:00,0.00005000,3.38110000
1760832000001,2025-10-19 00:00:00,0.00005000,3.41100000
1760846400000,2025-10-19 04:00:00,0.00005000,3.44900000
1760860800001,2025-10-19 08:00:00,0.00002431,3.41300000
1760875200000,2025-10-19 12:00:00,0.00005000,3.49900000
1760889600001,2025-10-19 16:00:00,0.00005000,3.59500000
1760904000000,2025-10-19 20:00:00,0.00005000,3.57200000
1760918400004,2025-10-20 00:00:00,0.00005000,3.49300000
1760932800000,2025-10-20 04:00:00,0.00004869,3.56386135
1760947200001,2025-10-20 08:00:00,0.00005000,3.59030290
1760961600000,2025-10-20 12:00:00,0.00005000,3.60644009
1760976000000,2025-10-20 16:00:00,0.00003755,3.52432699
1760990400000,2025-10-20 20:00:00,0.00005000,3.51100000
1761004800009,2025-10-21 00:00:00,0.00005000,3.48124414
1761019200003,2025-10-21 04:00:00,0.00004407,3.39800000
1761033600000,2025-10-21 08:00:00,0.00005000,3.38300000
1761048000000,2025-10-21 12:00:00,-0.00001168,3.41237745
1761062400000,2025-10-21 16:00:00,0.00005000,3.61100000
1761076800001,2025-10-21 20:00:00,0.00005000,3.54322367
1761091200004,2025-10-22 00:00:00,-0.00008411,3.34709150
1761105600000,2025-10-22 04:00:00,0.00001240,3.34100000
1761120000000,2025-10-22 08:00:00,0.00005000,3.34035851
1761134400000,2025-10-22 12:00:00,0.00001759,3.31409820
1761148800000,2025-10-22 16:00:00,0.00005000,3.30500000
1761163200004,2025-10-22 20:00:00,-0.00001597,3.26828951
1761177600000,2025-10-23 00:00:00,0.00005000,3.27199459
1761192000000,2025-10-23 04:00:00,0.00005000,3.24464865
1761206400001,2025-10-23 08:00:00,0.00005000,3.30300000
1761220800000,2025-10-23 12:00:00,-0.00009606,3.26937838
1761235200004,2025-10-23 16:00:00,0.00005000,3.29900000
1761249600000,2025-10-23 20:00:00,0.00005000,3.30460856
1761264000000,2025-10-24 00:00:00,0.00005000,3.29591892
1761278400002,2025-10-24 04:00:00,0.00004013,3.31050000
1761292800000,2025-10-24 08:00:00,0.00005000,3.35797297
1761307200002,2025-10-24 12:00:00,0.00002986,3.32100000
1761321600009,2025-10-24 16:00:00,0.00002516,3.28500000
1761336000000,2025-10-24 20:00:00,0.00005000,3.33226667
1761350400000,2025-10-25 00:00:00,0.00005000,3.37509234
1761364800000,2025-10-25 04:00:00,0.00002703,3.32844967
1761379200001,2025-10-25 08:00:00,-0.00000662,3.30600000
1761393600000,2025-10-25 12:00:00,0.00005000,3.33200000
1761408000001,2025-10-25 16:00:00,0.00005000,3.34231667
1761422400002,2025-10-25 20:00:00,0.00005000,3.37300000
1761436800001,2025-10-26 00:00:00,0.00005000,3.35533602
1761451200000,2025-10-26 04:00:00,0.00005000,3.32900000
1761465600001,2025-10-26 08:00:00,0.00005000,3.38449065
1761480000002,2025-10-26 12:00:00,0.00005000,3.59170181
1761494400000,2025-10-26 16:00:00,0.00005000,3.53900000
1761508800000,2025-10-26 20:00:00,0.00005000,3.54758243
1761523200000,2025-10-27 00:00:00,0.00005000,3.60900000
1761537600000,2025-10-27 04:00:00,0.00005000,3.59435000
1761552000005,2025-10-27 08:00:00,0.00005000,3.54400000
1761566400003,2025-10-27 12:00:00,0.00005000,3.49469505
1761580800000,2025-10-27 16:00:00,0.00005000,3.47300000
1761595200001,2025-10-27 20:00:00,0.00005000,3.47960029
1761609600000,2025-10-28 00:00:00,0.00005000,3.43213514
1761624000004,2025-10-28 04:00:00,0.00005000,3.41700000
1761638400000,2025-10-28 08:00:00,0.00005000,3.44150000
1761652800000,2025-10-28 12:00:00,0.00000968,3.42913333
1761667200004,2025-10-28 16:00:00,0.00005000,3.45400000
1761681600004,2025-10-28 20:00:00,0.00001649,3.39054054
1761696000004,2025-10-29 00:00:00,0.00001558,3.32200000
1761710400005,2025-10-29 04:00:00,0.00005000,3.33100000
1761724800005,2025-10-29 08:00:00,-0.00010271,3.34058108
1761739200011,2025-10-29 12:00:00,0.00005000,3.39076712
1761753600000,2025-10-29 16:00:00,-0.00014573,3.29828423
1761768000008,2025-10-29 20:00:00,0.00005000,3.37415301
1761782400004,2025-10-30 00:00:00,-0.00010683,3.33400000
1761796800001,2025-10-30 04:00:00,-0.00001390,3.33845033
1761811200008,2025-10-30 08:00:00,-0.00001436,3.31700000
1761825600006,2025-10-30 12:00:00,-0.00013728,3.24886036
1761840000001,2025-10-30 16:00:00,-0.00028831,3.12300000
1761854400000,2025-10-30 20:00:00,-0.00024172,3.07200000
1761868800000,2025-10-31 00:00:00,-0.00008386,3.18095045
1761883200000,2025-10-31 04:00:00,-0.00008853,3.23823514
1761897600008,2025-10-31 08:00:00,-0.00028308,3.20240000
1761912000008,2025-10-31 12:00:00,-0.00014843,3.23503428
1761926400007,2025-10-31 16:00:00,-0.00015708,3.25700000
1761940800001,2025-10-31 20:00:00,-0.00006402,3.26700000
1761955200001,2025-11-01 00:00:00,0.00005000,3.25700000
1761969600000,2025-11-01 04:00:00,-0.00000922,3.25974564
1761984000000,2025-11-01 08:00:00,0.00005000,3.31000000
1761998400000,2025-11-01 12:00:00,0.00001710,3.35300000
1762012800000,2025-11-01 16:00:00,0.00002876,3.38800000
1762027200003,2025-11-01 20:00:00,0.00004030,3.38500000
1762041600007,2025-11-02 00:00:00,0.00002991,3.35579730
1762056000002,2025-11-02 04:00:00,-0.00028888,3.29071802
1762070400000,2025-11-02 08:00:00,-0.00013991,3.34100000
1762084800001,2025-11-02 12:00:00,-0.00013046,3.30550721
1762099200001,2025-11-02 16:00:00,-0.00005821,3.19963333
1762113600001,2025-11-02 20:00:00,-0.00013831,3.22200000
1762128000000,2025-11-03 00:00:00,-0.00006218,3.26700000
1762142400003,2025-11-03 04:00:00,-0.00044148,3.04800000
1762156800010,2025-11-03 08:00:00,-0.00022263,3.01089562
1762171200002,2025-11-03 12:00:00,-0.00020186,2.90400000
1762185600000,2025-11-03 16:00:00,-0.00019375,2.73300000
1762200000008,2025-11-03 20:00:00,-0.00022144,2.77700000
1762214400002,2025-11-04 00:00:00,-0.00002894,2.75007117
1762228800000,2025-11-04 04:00:00,-0.00009347,2.79900000
1762243200004,2025-11-04 08:00:00,-0.00026220,2.68808108
1762257600000,2025-11-04 12:00:00,-0.00000970,2.78364772
1762272000000,2025-11-04 16:00:00,0.00005000,2.80500000
1762286400001,2025-11-04 20:00:00,-0.00000120,2.71100000
1762300800000,2025-11-05 00:00:00,0.00005000,2.77721819
1762315200005,2025-11-05 04:00:00,-0.00003096,2.76400000
1762329600000,2025-11-05 08:00:00,-0.00014316,2.79300000
1762344000000,2025-11-05 12:00:00,-0.00007307,2.78800000
1762358400004,2025-11-05 16:00:00,-0.00013804,2.85351351
1762372800001,2025-11-05 20:00:00,-0.00007532,2.95056441
1762387200001,2025-11-06 00:00:00,-0.00038197,2.97500000
1762401600009,2025-11-06 04:00:00,-0.00008494,3.07700000
1762416000000,2025-11-06 08:00:00,-0.00001467,3.04173713
1762430400001,2025-11-06 12:00:00,-0.00014054,3.03052759
1762444800001,2025-11-06 16:00:00,-0.00000212,2.90002703
1762459200006,2025-11-06 20:00:00,0.00001931,2.95250045
1762473600005,2025-11-07 00:00:00,-0.00003961,2.94289927
1762488000000,2025-11-07 04:00:00,0.00002917,3.07147027
1762502400003,2025-11-07 08:00:00,0.00005000,3.17046306
1762516800005,2025-11-07 12:00:00,0.00005000,3.04770270
1762531200005,2025-11-07 16:00:00,0.00005000,3.16200000
1762545600000,2025-11-07 20:00:00,0.00005000,3.43400000
1762560000011,2025-11-08 00:00:00,0.00005000,3.31759459
1762574400001,2025-11-08 04:00:00,0.00005000,3.24683138
1762588800015,2025-11-08 08:00:00,0.00005000,3.23374459
1762603200000,2025-11-08 12:00:00,0.00005000,3.26382477
1762617600001,2025-11-08 16:00:00,0.00005000,3.22900000
1762632000006,2025-11-08 20:00:00,0.00005000,3.45700000
1762646400004,2025-11-09 00:00:00,0.00005000,3.53798637
1762660800000,2025-11-09 04:00:00,0.00005000,3.20400000
1762675200000,2025-11-09 08:00:00,0.00005000,3.26421712
1762689600000,2025-11-09 12:00:00,0.00005000,3.28606577
1762704000005,2025-11-09 16:00:00,0.00005000,3.39463076
1762718400010,2025-11-09 20:00:00,0.00005000,3.42289897
1762732800000,2025-11-10 00:00:00,0.00005000,3.38914099
1762747200005,2025-11-10 04:00:00,0.00005000,3.39700000
1762761600000,2025-11-10 08:00:00,0.00005000,3.40243103
1762776000003,2025-11-10 12:00:00,0.00005000,3.41500000
1762790400003,2025-11-10 16:00:00,0.00005000,3.37992387
1762804800000,2025-11-10 20:00:00,0.00005000,3.44100000
1762819200007,2025-11-11 00:00:00,0.00005000,3.60600000
1762833600003,2025-11-11 04:00:00,0.00005000,3.55100000
1762848000000,2025-11-11 08:00:00,0.00005000,3.33400000
1762862400002,2025-11-11 12:00:00,0.00005000,3.36900000
1762876800009,2025-11-11 16:00:00,0.00005000,3.32962162
1762891200000,2025-11-11 20:00:00,0.00005000,3.22600000
1762905600000,2025-11-12 00:00:00,0.00005000,3.21200000
1762920000000,2025-11-12 04:00:00,0.00005000,3.28800000
1762934400002,2025-11-12 08:00:00,0.00005000,3.30109580
1762948800000,2025-11-12 12:00:00,0.00005000,3.39031441
1762963200000,2025-11-12 16:00:00,-0.00000234,3.24300000
1762977600001,2025-11-12 20:00:00,0.00003447,3.17419350
1762992000002,2025-11-13 00:00:00,0.00005000,3.30503270
1763006400000,2025-11-13 04:00:00,0.00005000,3.32227512
1763020800000,2025-11-13 08:00:00,-0.00006830,3.33685749
1763035200001,2025-11-13 12:00:00,0.00005000,3.30619595
1763049600001,2025-11-13 16:00:00,-0.00014671,3.23929189
1763064000004,2025-11-13 20:00:00,-0.00007348,3.03400000
1763078400000,2025-11-14 00:00:00,-0.00000759,3.12517162
1763092800000,2025-11-14 04:00:00,-0.00026385,3.10400000
1763107200000,2025-11-14 08:00:00,-0.00008705,3.11071712
1763121600001,2025-11-14 12:00:00,-0.00018397,3.03684014
1763136000001,2025-11-14 16:00:00,-0.00006751,3.07800000
1763150400000,2025-11-14 20:00:00,-0.00000739,3.07634505
1763164800005,2025-11-15 00:00:00,-0.00005819,2.97553293
1763179200015,2025-11-15 04:00:00,0.00005000,3.07300000
1763193600000,2025-11-15 08:00:00,0.00005000,3.07825541
1763208000008,2025-11-15 12:00:00,-0.00004202,3.06100000
1763222400001,2025-11-15 16:00:00,-0.00003057,3.09900000
1763236800003,2025-11-15 20:00:00,0.00005000,3.12950000
1763251200001,2025-11-16 00:00:00,-0.00005701,3.10342731
1763265600003,2025-11-16 04:00:00,0.00005000,3.11254279
1763280000000,2025-11-16 08:00:00,0.00005000,3.10300000
1763294400003,2025-11-16 12:00:00,-0.00008041,3.02804144
1763308800000,2025-11-16 16:00:00,0.00005000,2.95600000
1763323200000,2025-11-16 20:00:00,0.00003066,2.91625541
1763337600003,2025-11-17 00:00:00,0.00005000,2.96100000
1763352000001,2025-11-17 04:00:00,0.00005000,2.98599414
1763366400003,2025-11-17 08:00:00,0.00005000,2.97700000
1763380800000,2025-11-17 12:00:00,0.00005000,2.98200000
1763395200000,2025-11-17 16:00:00,0.00003308,2.91000000
1763409600003,2025-11-17 20:00:00,-0.00007115,2.81100000
1763424000002,2025-11-18 00:00:00,0.00003779,2.84000000
1763438400000,2025-11-18 04:00:00,-0.00001404,2.87200000
1763452800004,2025-11-18 08:00:00,0.00003379,2.83415475
1763467200000,2025-11-18 12:00:00,0.00001729,2.80800000
1763481600000,2025-11-18 16:00:00,0.00005000,2.87041261
1763496000002,2025-11-18 20:00:00,0.00005000,2.92300000
1763510400000,2025-11-19 00:00:00,0.00005000,2.89400000
1763524800000,2025-11-19 04:00:00,0.00005000,2.83900000
1763539200000,2025-11-19 08:00:00,0.00005000,2.85991036
1763553600000,2025-11-19 12:00:00,0.00005000,2.81172973
1763568000008,2025-11-19 16:00:00,0.00005000,2.74774978
1763582400000,2025-11-19 20:00:00,-0.00000569,2.69017487
1763596800000,2025-11-20 00:00:00,0.00005000,2.82200000
1763611200006,2025-11-20 04:00:00,0.00005000,2.82300000
1763625600000,2025-11-20 08:00:00,0.00005000,2.85100000
1763640000003,2025-11-20 12:00:00,0.00005000,2.89000000
1763654400000,2025-11-20 16:00:00,0.00005000,2.88400000
1763668800002,2025-11-20 20:00:00,0.00005000,2.73386667
1763683200001,2025-11-21 00:00:00,0.00000419,2.72600000
1763697600000,2025-11-21 04:00:00,0.00003149,2.69113225
1763712000000,2025-11-21 08:00:00,0.00005000,2.56056216
1763726400001,2025-11-21 12:00:00,0.00001531,2.50400000
1763740800001,2025-11-21 16:00:00,0.00004174,2.49822539
1763755200000,2025-11-21 20:00:00,0.00000058,2.50281045
1763769600004,2025-11-22 00:00:00,-0.00010435,2.49300000
1763784000000,2025-11-22 04:00:00,-0.00004248,2.49078243
1763798400000,2025-11-22 08:00:00,0.00000052,2.44300000
1763812800000,2025-11-22 12:00:00,-0.00010377,2.45540634
1763827200000,2025-11-22 16:00:00,-0.00000837,2.47400000
1763841600001,2025-11-22 20:00:00,-0.00003976,2.50543980
1763856000000,2025-11-23 00:00:00,0.00005000,2.53000000
1763870400000,2025-11-23 04:00:00,-0.00018166,2.54912342
1763884800008,2025-11-23 08:00:00,-0.00000944,2.57324838
1763899200000,2025-11-23 12:00:00,-0.00002857,2.57200000
1763913600003,2025-11-23 16:00:00,-0.00006287,2.55800000
1763928000003,2025-11-23 20:00:00,0.00005000,2.56400000
1763942400004,2025-11-24 00:00:00,-0.00007776,2.53173333
1763956800000,2025-11-24 04:00:00,0.00005000,2.57237117
1763971200000,2025-11-24 08:00:00,0.00005000,2.56100000
1763985600000,2025-11-24 12:00:00,0.00005000,2.52600000
1764000000006,2025-11-24 16:00:00,0.00005000,2.56100000
1764014400003,2025-11-24 20:00:00,0.00005000,2.63900000
1764028800000,2025-11-25 00:00:00,0.00005000,2.61500000
1764043200000,2025-11-25 04:00:00,0.00000935,2.61289144
1764057600009,2025-11-25 08:00:00,0.00005000,2.59000000
1764072000002,2025-11-25 12:00:00,0.00005000,2.59601351
1764086400007,2025-11-25 16:00:00,0.00005000,2.58900000
1764100800009,2025-11-25 20:00:00,0.00005000,2.59200000
1764115200001,2025-11-26 00:00:00,0.00005000,2.62900000
1764129600006,2025-11-26 04:00:00,0.00005000,2.56585334
1764144000001,2025-11-26 08:00:00,0.00005000,2.59500000
1764158400001,2025-11-26 12:00:00,0.00005000,2.53300000
1764172800000,2025-11-26 16:00:00,0.00005000,2.52800000
1764187200001,2025-11-26 20:00:00,0.00005000,2.62800000
1764201600013,2025-11-27 00:00:00,0.00005000,2.63747613
1764216000007,2025-11-27 04:00:00,0.00005000,2.64012793
1764230400000,2025-11-27 08:00:00,0.00000487,2.64178694
1764244800002,2025-11-27 12:00:00,0.00005000,2.65048378
1764259200004,2025-11-27 16:00:00,0.00005000,2.65005000
1764273600004,2025-11-27 20:00:00,0.00005000,2.66700000
1764288000008,2025-11-28 00:00:00,0.00005000,2.63900000
1764302400000,2025-11-28 04:00:00,0.00005000,2.61200000
1764316800000,2025-11-28 08:00:00,0.00005000,2.58900000
1764331200004,2025-11-28 12:00:00,0.00005000,2.61080969
1764345600008,2025-11-28 16:00:00,0.00005000,2.61828457
1764360000010,2025-11-28 20:00:00,0.00005000,2.59800000
1764374400000,2025-11-29 00:00:00,0.00005000,2.58900000
1764388800002,2025-11-29 04:00:00,-0.00006991,2.59395676
1764403200005,2025-11-29 08:00:00,-0.00014680,2.57006667
1764417600003,2025-11-29 12:00:00,0.00003076,2.58343243
1764432000001,2025-11-29 16:00:00,-0.00011363,2.56508198
1764446400000,2025-11-29 20:00:00,-0.00014987,2.52900000
1764460800003,2025-11-30 00:00:00,-0.00004337,2.51800000
1764475200004,2025-11-30 04:00:00,-0.00011980,2.52184865
1764489600000,2025-11-30 08:00:00,0.00001216,2.52900000
1764504000000,2025-11-30 12:00:00,0.00005000,2.51478333
1764518400004,2025-11-30 16:00:00,0.00005000,2.54000000
1764532800006,2025-11-30 20:00:00,0.00005000,2.55453784
1764547200000,2025-12-01 00:00:00,-0.00028704,2.47600000
1764561600000,2025-12-01 04:00:00,-0.00006247,2.33203333
1764576000004,2025-12-01 08:00:00,-0.00000860,2.33812252
1764590400000,2025-12-01 12:00:00,-0.00026179,2.32621785
1764604800000,2025-12-01 16:00:00,-0.00005427,2.29900000
1764619200000,2025-12-01 20:00:00,-0.00018335,2.29300000
1764633600004,2025-12-02 00:00:00,-0.00007768,2.32982883
1764648000000,2025-12-02 04:00:00,-0.00003899,2.29905172
1764662400000,2025-12-02 08:00:00,-0.00014295,2.31208333
1764676800004,2025-12-02 12:00:00,0.00002997,2.32200000
1764691200000,2025-12-02 16:00:00,0.00005000,2.49149390
1764705600000,2025-12-02 20:00:00,0.00005000,2.50700000
1764720000000,2025-12-03 00:00:00,0.00005000,2.50500000
1764734400004,2025-12-03 04:00:00,0.00005000,2.51600000
1764748800000,2025-12-03 08:00:00,0.00005000,2.53900000
1764763200001,2025-12-03 12:00:00,0.00005000,2.53015000
1764777600005,2025-12-03 16:00:00,0.00005000,2.52357928
1764792000002,2025-12-03 20:00:00,0.00005000,2.54198043
1764806400012,2025-12-04 00:00:00,0.00005000,2.57308108
1764820800000,2025-12-04 04:00:00,-0.00004601,2.56500000
1764835200000,2025-12-04 08:00:00,0.00005000,2.57395586
1764849600005,2025-12-04 12:00:00,-0.00017517,2.56000000
1764864000011,2025-12-04 16:00:00,-0.00004809,2.55983333
1764878400000,2025-12-04 20:00:00,0.00000757,2.51545000
1764892800000,2025-12-05 00:00:00,-0.00016508,2.50212658
1764907200000,2025-12-05 04:00:00,-0.00007779,2.51894370
1764921600000,2025-12-05 08:00:00,0.00005000,2.54036067
1764936000001,2025-12-05 12:00:00,0.00003363,2.47957117
1764950400010,2025-12-05 16:00:00,0.00005000,2.45006169
1764964800001,2025-12-05 20:00:00,-0.00006301,2.36020000
1764979200001,2025-12-06 00:00:00,0.00005000,2.35700000
1764993600000,2025-12-06 04:00:00,0.00005000,2.36051351
1765008000001,2025-12-06 08:00:00,-0.00009559,2.37043694
1765022400000,2025-12-06 12:00:00,0.00005000,2.40900000
1765036800008,2025-12-06 16:00:00,0.00000815,2.42558947
1765051200000,2025-12-06 20:00:00,0.00005000,2.43848969
1765065600000,2025-12-07 00:00:00,0.00005000,2.46600000
1765080000000,2025-12-07 04:00:00,0.00005000,2.47213514
1765094400004,2025-12-07 08:00:00,0.00003112,2.44331642
1765108800004,2025-12-07 12:00:00,0.00005000,2.39098276
1765123200000,2025-12-07 16:00:00,0.00001649,2.38426144
1765137600000,2025-12-07 20:00:00,0.00005000,2.44400000
1765152000000,2025-12-08 00:00:00,0.00001320,2.36000000
1765166400000,2025-12-08 04:00:00,0.00005000,2.40900000
1765180800000,2025-12-08 08:00:00,0.00005000,2.41600000
1765195200001,2025-12-08 12:00:00,0.00005000,2.43488714
1765209600001,2025-12-08 16:00:00,0.00005000,2.40281667
1765224000000,2025-12-08 20:00:00,0.00005000,2.39801530
1765238400001,2025-12-09 00:00:00,0.00005000,2.41643108
1765252800004,2025-12-09 04:00:00,0.00005000,2.39199751
1765267200001,2025-12-09 08:00:00,0.00005000,2.35447297
1765281600000,2025-12-09 12:00:00,0.00005000,2.34597297
1765296000007,2025-12-09 16:00:00,0.00001847,2.41971799
1765310400001,2025-12-09 20:00:00,0.00005000,2.45800000
1765324800007,2025-12-10 00:00:00,-0.00007375,2.42406232
1765339200012,2025-12-10 04:00:00,0.00005000,2.40800000
1765353600002,2025-12-10 08:00:00,0.00003859,2.39500000
1765368000000,2025-12-10 12:00:00,0.00005000,2.35800000
1765382400012,2025-12-10 16:00:00,0.00005000,2.36783784
1765396800000,2025-12-10 20:00:00,0.00005000,2.41908333
1765411200001,2025-12-11 00:00:00,0.00005000,2.34529324
1765425600000,2025-12-11 04:00:00,-0.00004907,2.23100000
1765440000000,2025-12-11 08:00:00,-0.00004965,2.25785360
1765454400000,2025-12-11 12:00:00,0.00004668,2.23250000
1765468800000,2025-12-11 16:00:00,0.00005000,2.23402207
1765483200001,2025-12-11 20:00:00,0.00005000,2.25300000
1765497600005,2025-12-12 00:00:00,0.00005000,2.28770225
1765512000000,2025-12-12 04:00:00,0.00005000,2.28700000
1765526400007,2025-12-12 08:00:00,0.00005000,2.29346577
1765540800000,2025-12-12 12:00:00,0.00005000,2.30205676
1765555200002,2025-12-12 16:00:00,-0.00001554,2.16515577
1765569600004,2025-12-12 20:00:00,0.00005000,2.18321808
1765584000001,2025-12-13 00:00:00,0.00005000,2.22051351
1765598400006,2025-12-13 04:00:00,0.00005000,2.23341892
1765612800006,2025-12-13 08:00:00,0.00005000,2.21200000
1765627200002,2025-12-13 12:00:00,0.00005000,2.21600000
1765641600000,2025-12-13 16:00:00,0.00005000,2.21900000
1765656000000,2025-12-13 20:00:00,0.00005000,2.22050000
1765670400000,2025-12-14 00:00:00,0.00005000,2.22400000
1765684800001,2025-12-14 04:00:00,0.00005000,2.19800000
1765699200003,2025-12-14 08:00:00,0.00005000,2.15726701
1765713600000,2025-12-14 12:00:00,0.00005000,2.14208108
1765728000005,2025-12-14 16:00:00,0.00005000,2.11556261
1765742400000,2025-12-14 20:00:00,0.00005000,2.07212027
1765756800000,2025-12-15 00:00:00,0.00005000,2.03384820
1765771200001,2025-12-15 04:00:00,-0.00006425,2.06700000
1765785600000,2025-12-15 08:00:00,0.00005000,2.07414286
1765800000000,2025-12-15 12:00:00,0.00005000,2.07800000
1765814400000,2025-12-15 16:00:00,-0.00000107,2.00400000
1765828800000,2025-12-15 20:00:00,0.00005000,1.99069744
1765843200002,2025-12-16 00:00:00,0.00005000,2.03250000
1765857600000,2025-12-16 04:00:00,0.00005000,1.99800000
1765872000000,2025-12-16 08:00:00,-0.00000802,1.94100000
1765886400008,2025-12-16 12:00:00,0.00005000,1.95900000
1765900800002,2025-12-16 16:00:00,0.00002763,1.94168051
1765915200000,2025-12-16 20:00:00,0.00005000,1.98600000
1765929600004,2025-12-17 00:00:00,0.00005000,1.96753943
1765944000002,2025-12-17 04:00:00,0.00005000,1.93450000
1765958400000,2025-12-17 08:00:00,0.00005000,1.92300000
1765972800000,2025-12-17 12:00:00,0.00005000,1.90000000
1765987200000,2025-12-17 16:00:00,0.00005000,1.86158333
1766001600001,2025-12-17 20:00:00,0.00005000,1.79550000
1766016000005,2025-12-18 00:00:00,0.00003811,1.79221667
1766030400000,2025-12-18 04:00:00,-0.00002020,1.77738528
1766044800007,2025-12-18 08:00:00,0.00002937,1.79700000
1766059200000,2025-12-18 12:00:00,0.00005000,1.83550000
1766073600001,2025-12-18 16:00:00,0.00005000,1.94000000
1766088000000,2025-12-18 20:00:00,-0.00008148,1.74934573
1766102400000,2025-12-19 00:00:00,0.00002993,1.79200000
1766116800000,2025-12-19 04:00:00,0.00004395,1.82500000
1766131200001,2025-12-19 08:00:00,0.00005000,1.83800000
1766145600000,2025-12-19 12:00:00,0.00001339,1.84600000
1766160000000,2025-12-19 16:00:00,0.00000216,1.86063402
1766174400000,2025-12-19 20:00:00,0.00005000,2.00800000
1766188800005,2025-12-20 00:00:00,0.00005000,2.02300000
1766203200001,2025-12-20 04:00:00,0.00005000,1.96100000
1766217600000,2025-12-20 08:00:00,0.00005000,1.94100000
1766232000000,2025-12-20 12:00:00,0.00005000,1.93900000
1766246400002,2025-12-20 16:00:00,0.00005000,1.92200000
1766260800009,2025-12-20 20:00:00,0.00003756,1.92300000
1766275200000,2025-12-21 00:00:00,-0.00001483,1.91270270
1766289600003,2025-12-21 04:00:00,0.00005000,1.90900000
1766304000009,2025-12-21 08:00:00,0.00005000,1.89403333
1766318400000,2025-12-21 12:00:00,0.00004651,1.87049459
1766332800000,2025-12-21 16:00:00,0.00003388,1.82313333
1766347200009,2025-12-21 20:00:00,0.00005000,1.82718710
1766361600000,2025-12-22 00:00:00,0.00005000,1.85035586
1766376000000,2025-12-22 04:00:00,0.00005000,1.87528288
1766390400005,2025-12-22 08:00:00,0.00005000,1.88672973
1766404800002,2025-12-22 12:00:00,-0.00025328,1.89442162
1766419200009,2025-12-22 16:00:00,0.00005000,1.87049914
1766433600001,2025-12-22 20:00:00,0.00005000,1.82248841
1766448000000,2025-12-23 00:00:00,0.00005000,1.85063784
1766462400000,2025-12-23 04:00:00,0.00000205,1.83600000
1766476800000,2025-12-23 08:00:00,-0.00007596,1.81341667
1766491200000,2025-12-23 12:00:00,0.00005000,1.80000000
1766505600001,2025-12-23 16:00:00,-0.00002722,1.77426701
1766520000005,2025-12-23 20:00:00,-0.00000137,1.79400000
1766534400001,2025-12-24 00:00:00,0.00003041,1.80200000
1766548800000,2025-12-24 04:00:00,-0.00000216,1.77724123
1766563200001,2025-12-24 08:00:00,-0.00000055,1.75900000
1766577600002,2025-12-24 12:00:00,0.00005000,1.77300000
1766592000000,2025-12-24 16:00:00,0.00005000,1.83963333
1766606400003,2025-12-24 20:00:00,-0.00002688,1.83300000
1766620800000,2025-12-25 00:00:00,0.00005000,1.90500000
1766635200000,2025-12-25 04:00:00,-0.00010947,1.95427568
1766649600001,2025-12-25 08:00:00,0.00005000,1.91100000
1766664000008,2025-12-25 12:00:00,0.00005000,1.90300000
1766678400005,2025-12-25 16:00:00,-0.00010083,1.92400000
1766692800001,2025-12-25 20:00:00,0.00005000,1.91750203
1766707200004,2025-12-26 00:00:00,-0.00009064,1.84474800
1766721600005,2025-12-26 04:00:00,0.00005000,1.89955312
1766736000001,2025-12-26 08:00:00,-0.00007000,1.93411022
1766750400000,2025-12-26 12:00:00,-0.00035674,1.99054061
1766764800007,2025-12-26 16:00:00,0.00005000,1.95572778
1766779200000,2025-12-26 20:00:00,0.00002765,1.95705730
1766793600000,2025-12-27 00:00:00,-0.00023258,1.96050219
1766808000000,2025-12-27 04:00:00,-0.00000852,1.98100000
1766822400000,2025-12-27 08:00:00,-0.00014658,1.98600000
1766836800000,2025-12-27 12:00:00,0.00005000,1.99171841
1766851200011,2025-12-27 16:00:00,0.00003087,1.98745718
1766865600003,2025-12-27 20:00:00,-0.00010248,1.99228377
1766880000008,2025-12-28 00:00:00,-0.00000461,2.01442450
1766894400000,2025-12-28 04:00:00,0.00005000,2.01600000
1766908800000,2025-12-28 08:00:00,0.00005000,2.00578378
1766923200010,2025-12-28 12:00:00,0.00005000,1.99740774
1766937600000,2025-12-28 16:00:00,0.00005000,1.98000000
1766952000002,2025-12-28 20:00:00,0.00004339,1.94675816
1766966400016,2025-12-29 00:00:00,0.00005000,1.96200000
1766980800000,2025-12-29 04:00:00,0.00005000,2.05446013
1766995200001,2025-12-29 08:00:00,0.00005000,2.09605768
1767009600001,2025-12-29 12:00:00,0.00005000,2.03300000
1767024000000,2025-12-29 16:00:00,0.00005000,1.98700000
1767038400000,2025-12-29 20:00:00,0.00005000,1.94416168
1767052800005,2025-12-30 00:00:00,0.00005000,1.91757928
1767067200012,2025-12-30 04:00:00,0.00005000,1.91764537
1767081600001,2025-12-30 08:00:00,0.00005000,1.90510000
1767096000000,2025-12-30 12:00:00,0.00005000,1.94956667
1767110400003,2025-12-30 16:00:00,0.00005000,1.89694066
1767124800001,2025-12-30 20:00:00,0.00005000,1.88900000
1767139200004,2025-12-31 00:00:00,0.00005000,1.88514931
1767153600008,2025-12-31 04:00:00,0.00005000,1.89917988
1767168000001,2025-12-31 08:00:00,0.00005000,1.89338694
1767182400007,2025-12-31 12:00:00,0.00005000,1.92053497
1767196800001,2025-12-31 16:00:00,0.00005000,1.86888332
1767211200009,2025-12-31 20:00:00,0.00005000,1.85300000
1767225600008,2026-01-01 00:00:00,0.00005000,1.90482435
1767240000000,2026-01-01 04:00:00,0.00005000,2.00140458
1767254400002,2026-01-01 08:00:00,0.00005000,1.98556821
1767268800007,2026-01-01 12:00:00,-0.00000206,1.97600000
1767283200001,2026-01-01 16:00:00,0.00005000,2.08552538
1767297600005,2026-01-01 20:00:00,0.00005000,2.09099107
1767312000006,2026-01-02 00:00:00,-0.00013043,2.03224414
1767326400000,2026-01-02 04:00:00,0.00005000,2.00506923
1767340800007,2026-01-02 08:00:00,0.00005000,2.03746806
1767355200000,2026-01-02 12:00:00,0.00005000,2.05650286
1767369600000,2026-01-02 16:00:00,0.00005000,2.07600000
1767384000000,2026-01-02 20:00:00,-0.00002675,2.12549070
1767398400001,2026-01-03 00:00:00,0.00002143,2.11960345
1767412800000,2026-01-03 04:00:00,0.00005000,2.12648916
1767427200000,2026-01-03 08:00:00,0.00005000,2.04800000
1767441600008,2026-01-03 12:00:00,0.00005000,2.06300000
1767456000000,2026-01-03 16:00:00,0.00005000,2.07100000
1767470400001,2026-01-03 20:00:00,0.00005000,2.10300000
1767484800000,2026-01-04 00:00:00,0.00005000,2.11853113
1767499200000,2026-01-04 04:00:00,0.00005000,2.16800000
1767513600000,2026-01-04 08:00:00,0.00005000,2.14000000
1767528000001,2026-01-04 12:00:00,0.00005000,2.13947958
1767542400001,2026-01-04 16:00:00,0.00005000,2.16100000
1767556800002,2026-01-04 20:00:00,0.00005000,2.14200000
1767571200000,2026-01-05 00:00:00,0.00005000,2.15554054
1767585600001,2026-01-05 04:00:00,0.00005000,2.15700000
1767600000000,2026-01-05 08:00:00,0.00005000,2.14651622
1767614400000,2026-01-05 12:00:00,0.00005000,2.11834054
1767628800000,2026-01-05 16:00:00,0.00005000,2.13816667
1767643200000,2026-01-05 20:00:00,0.00005000,2.17474854
1767657600010,2026-01-06 00:00:00,0.00005000,2.20260688
1767672000000,2026-01-06 04:00:00,0.00005000,2.21162229
1767686400000,2026-01-06 08:00:00,-0.00006008,2.19845946
1767700800000,2026-01-06 12:00:00,0.00001645,2.22700000
1767715200000,2026-01-06 16:00:00,0.00005000,2.36900000
1767729600002,2026-01-06 20:00:00,0.00005000,2.20465799
1767744000001,2026-01-07 00:00:00,0.00005000,2.27892477
1767758400003,2026-01-07 04:00:00,0.00005000,2.21200000
1767772800001,2026-01-07 08:00:00,0.00005000,2.25716216
1767787200000,2026-01-07 12:00:00,0.00005000,2.24075676
1767801600001,2026-01-07 16:00:00,0.00005000,2.15492539
1767816000001,2026-01-07 20:00:00,0.00005000,2.16627838
1767830400001,2026-01-08 00:00:00,0.00005000,2.14636193
1767844800000,2026-01-08 04:00:00,0.00005000,2.12700000
1767859200000,2026-01-08 08:00:00,0.00005000,2.09700000
1767873600002,2026-01-08 12:00:00,0.00005000,2.09045946
1767888000000,2026-01-08 16:00:00,0.00005000,2.11929698
1767902400000,2026-01-08 20:00:00,0.00005000,2.09154311
1767916800003,2026-01-09 00:00:00,0.00005000,2.11654145
1767931200000,2026-01-09 04:00:00,0.00005000,2.12929369
1767945600000,2026-01-09 08:00:00,0.00005000,2.13200000
1767960000000,2026-01-09 12:00:00,0.00005000,2.10434769
1767974400001,2026-01-09 16:00:00,0.00005000,2.12456757
1767988800005,2026-01-09 20:00:00,0.00005000,2.08000000
1768003200000,2026-01-10 00:00:00,0.00005000,2.10500000
1768017600000,2026-01-10 04:00:00,0.00005000,2.06850135
1768032000002,2026-01-10 08:00:00,0.00005000,2.08040811
1768046400000,2026-01-10 12:00:00,0.00005000,2.08593694
1768060800001,2026-01-10 16:00:00,0.00005000,2.09000000
1768075200014,2026-01-10 20:00:00,0.00005000,2.11507290
1768089600003,2026-01-11 00:00:00,0.00005000,2.06100000
1768104000000,2026-01-11 04:00:00,0.00005000,2.06600000
1768118400006,2026-01-11 08:00:00,0.00005000,2.06500000
1768132800000,2026-01-11 12:00:00,0.00005000,2.06600000
1768147200000,2026-01-11 16:00:00,0.00005000,2.05051019
1768161600002,2026-01-11 20:00:00,0.00005000,2.06455131
1768176000005,2026-01-12 00:00:00,0.00005000,2.03100000
1768190400008,2026-01-12 04:00:00,0.00005000,2.04000000
1768204800000,2026-01-12 08:00:00,0.00004993,1.99903114
1768219200000,2026-01-12 12:00:00,0.00005000,1.99649635
1768233600000,2026-01-12 16:00:00,0.00005000,1.99650534
1768248000000,2026-01-12 20:00:00,0.00005000,1.98522533
1768262400007,2026-01-13 00:00:00,0.00005000,1.95200000
1768276800000,2026-01-13 04:00:00,0.00005000,1.97751622
1768291200009,2026-01-13 08:00:00,0.00005000,2.00200000
1768305600000,2026-01-13 12:00:00,0.00005000,2.02542117
1768320000002,2026-01-13 16:00:00,0.00005000,2.12800000
1768334400003,2026-01-13 20:00:00,0.00005000,2.16878324
1768348800000,2026-01-14 00:00:00,0.00005000,2.18951391
1768363200001,2026-01-14 04:00:00,-0.00008365,2.17400000
1768377600001,2026-01-14 08:00:00,0.00005000,2.23800000
1768392000000,2026-01-14 12:00:00,0.00003133,2.22754473
1768406400004,2026-01-14 16:00:00,0.00002314,2.22500000
1768420800007,2026-01-14 20:00:00,0.00005000,2.21200000
1768435200000,2026-01-15 00:00:00,-0.00005354,2.17984017
1768449600008,2026-01-15 04:00:00,-0.00005941,2.09300000
1768464000004,2026-01-15 08:00:00,0.00005000,2.14367376
1768478400000,2026-01-15 12:00:00,0.00005000,2.18268333
1768492800002,2026-01-15 16:00:00,0.00005000,2.15200000
1768507200000,2026-01-15 20:00:00,0.00001497,2.11900000
1768521600000,2026-01-16 00:00:00,0.00005000,2.15263514
1768536000000,2026-01-16 04:00:00,0.00002517,2.14809900
1768550400000,2026-01-16 08:00:00,0.00005000,2.17747522
1768564800001,2026-01-16 12:00:00,0.00005000,2.20272414
1768579200001,2026-01-16 16:00:00,0.00000470,2.15200000
1768593600003,2026-01-16 20:00:00,0.00005000,2.21274023
1768608000000,2026-01-17 00:00:00,0.00005000,2.23856757
1768622400000,2026-01-17 04:00:00,0.00005000,2.19672658
1768636800000,2026-01-17 08:00:00,0.00005000,2.20822072
1768651200000,2026-01-17 12:00:00,0.00005000,2.18742315
1768665600002,2026-01-17 16:00:00,0.00005000,2.26406775
1768680000002,2026-01-17 20:00:00,0.00005000,2.25438137
1768694400001,2026-01-18 00:00:00,0.00005000,2.25400000
1768708800002,2026-01-18 04:00:00,-0.00001350,2.24600000
1768723200000,2026-01-18 08:00:00,0.00004319,2.28806475
1768737600000,2026-01-18 12:00:00,-0.00016921,2.25700000
1768752000000,2026-01-18 16:00:00,0.00005000,2.25691075
1768766400011,2026-01-18 20:00:00,0.00005000,2.26000000
1768780800007,2026-01-19 00:00:00,-0.00003365,2.13407683
1768795200002,2026-01-19 04:00:00,0.00005000,2.04850000
1768809600007,2026-01-19 08:00:00,-0.00002645,2.04100000
1768824000000,2026-01-19 12:00:00,-0.00013909,2.04466216
1768838400007,2026-01-19 16:00:00,0.00005000,2.07100000
1768852800000,2026-01-19 20:00:00,0.00005000,2.19184967
1768867200005,2026-01-20 00:00:00,-0.00003959,2.23071922
1768881600008,2026-01-20 04:00:00,0.00002032,2.16200000
1768896000001,2026-01-20 08:00:00,0.00003194,2.10913333
1768910400007,2026-01-20 12:00:00,0.00005000,2.11264144
1768924800009,2026-01-20 16:00:00,0.00005000,2.11453874
1768939200002,2026-01-20 20:00:00,0.00005000,2.07621320
1768953600001,2026-01-21 00:00:00,0.00005000,2.04000000
1768968000009,2026-01-21 04:00:00,0.00005000,2.10300000
1768982400011,2026-01-21 08:00:00,0.00005000,2.08736163
1768996800000,2026-01-21 12:00:00,0.00005000,2.07191968
1769011200011,2026-01-21 16:00:00,0.00005000,2.10333850
1769025600000,2026-01-21 20:00:00,0.00005000,2.10001764
1769040000010,2026-01-22 00:00:00,0.00005000,2.07913579
1769054400011,2026-01-22 04:00:00,0.00005000,2.10549685
1769068800003,2026-01-22 08:00:00,0.00005000,2.07336667
1769083200000,2026-01-22 12:00:00,0.00005000,2.06000000
1769097600005,2026-01-22 16:00:00,0.00005000,2.00100000
1769112000000,2026-01-22 20:00:00,0.00005000,2.01550901
1769126400005,2026-01-23 00:00:00,0.00005000,2.00658993
1769140800000,2026-01-23 04:00:00,0.00005000,2.03400000
1769155200000,2026-01-23 08:00:00,0.00005000,2.01500000
1769169600002,2026-01-23 12:00:00,0.00005000,2.02200000
1769184000011,2026-01-23 16:00:00,0.00005000,2.03460103
1769198400000,2026-01-23 20:00:00,0.00005000,2.02700000
1769212800011,2026-01-24 00:00:00,0.00005000,2.02200000
1769227200008,2026-01-24 04:00:00,0.00005000,2.03800000
1769241600002,2026-01-24 08:00:00,0.00005000,2.04250000
1769256000000,2026-01-24 12:00:00,0.00005000,2.05400000
1769270400001,2026-01-24 16:00:00,0.00005000,2.04235135
1769284800008,2026-01-24 20:00:00,0.00005000,2.02149115
1769299200002,2026-01-25 00:00:00,-0.00006247,2.02960090
1769313600000,2026-01-25 04:00:00,0.00005000,2.00562069
1769328000011,2026-01-25 08:00:00,0.00002837,1.99600000
1769342400000,2026-01-25 12:00:00,0.00005000,2.00300000
1769356800005,2026-01-25 16:00:00,0.00005000,1.98200000
1769371200001,2026-01-25 20:00:00,-0.00007582,1.87149227
1769385600000,2026-01-26 00:00:00,0.00005000,1.90330591
1769400000000,2026-01-26 04:00:00,0.00005000,1.94800000
1769414400003,2026-01-26 08:00:00,0.00005000,1.95500000
1769428800000,2026-01-26 12:00:00,0.00005000,1.96400000
1769443200000,2026-01-26 16:00:00,0.00005000,1.99200000
1769457600000,2026-01-26 20:00:00,0.00005000,2.00100000
1769472000002,2026-01-27 00:00:00,0.00005000,2.01149505
1769486400002,2026-01-27 04:00:00,-0.00022064,2.00850000
1769500800000,2026-01-27 08:00:00,0.00005000,1.98067838
1769515200006,2026-01-27 12:00:00,0.00005000,1.97181847
1769529600000,2026-01-27 16:00:00,0.00005000,1.96800000
1769544000000,2026-01-27 20:00:00,0.00005000,1.98308108
1769558400000,2026-01-28 00:00:00,0.00005000,1.99967297
1769572800008,2026-01-28 04:00:00,0.00005000,1.98010811
1769587200000,2026-01-28 08:00:00,0.00005000,1.99091845
1769601600005,2026-01-28 12:00:00,0.00005000,2.00106667
1769616000000,2026-01-28 16:00:00,0.00005000,1.95800000
1769630400004,2026-01-28 20:00:00,0.00005000,1.97400000
1769644800000,2026-01-29 00:00:00,0.00001565,1.99211036
1769659200000,2026-01-29 04:00:00,0.00004394,1.93690315
1769673600009,2026-01-29 08:00:00,0.00005000,1.94700000
1769688000000,2026-01-29 12:00:00,0.00000607,1.92200000
1769702400000,2026-01-29 16:00:00,-0.00002423,1.90925315
1769716800004,2026-01-29 20:00:00,0.00001131,1.90581667
1769731200008,2026-01-30 00:00:00,0.00005000,1.93898333
1769745600005,2026-01-30 04:00:00,-0.00007659,1.87498276
1769760000000,2026-01-30 08:00:00,0.00005000,1.88740135
1769774400005,2026-01-30 12:00:00,0.00005000,1.89959692
1769788800001,2026-01-30 16:00:00,0.00003868,1.89500000
1769803200004,2026-01-30 20:00:00,0.00005000,1.90700000
1769817600000,2026-01-31 00:00:00,0.00005000,1.88462094
1769832000002,2026-01-31 04:00:00,0.00005000,1.88225901
1769846400001,2026-01-31 08:00:00,0.00005000,1.87100000
1769860800010,2026-01-31 12:00:00,-0.00002184,1.86494775
1769875200009,2026-01-31 16:00:00,-0.00007536,1.76700000
1769889600012,2026-01-31 20:00:00,0.00001968,1.71244550
1769904000001,2026-02-01 00:00:00,0.00005000,1.80029730
1769918400000,2026-02-01 04:00:00,0.00005000,1.79285811
1769932800004,2026-02-01 08:00:00,0.00005000,1.81100000
1769947200004,2026-02-01 12:00:00,-0.00006564,1.81195676
1769961600000,2026-02-01 16:00:00,0.00005000,1.75669143
1769976000004,2026-02-01 20:00:00,0.00005000,1.75327338
1769990400000,2026-02-02 00:00:00,0.00001181,1.73400000
1770004800000,2026-02-02 04:00:00,0.00001988,1.75500000
1770019200014,2026-02-02 08:00:00,0.00005000,1.73308378
1770033600009,2026-02-02 12:00:00,0.00005000,1.76100000
1770048000000,2026-02-02 16:00:00,0.00005000,1.79500000
1770062400000,2026-02-02 20:00:00,0.00002998,1.77566777
1770076800000,2026-02-03 00:00:00,0.00005000,1.77380225
1770091200001,2026-02-03 04:00:00,0.00005000,1.78500000
1770105600007,2026-02-03 08:00:00,0.00005000,1.80800000
1770120000006,2026-02-03 12:00:00,0.00005000,1.79929730
1770134400000,2026-02-03 16:00:00,0.00000740,1.81100000
1770148800009,2026-02-03 20:00:00,0.00003365,1.76858885
1770163200002,2026-02-04 00:00:00,0.00005000,1.77485655
1770177600004,2026-02-04 04:00:00,0.00005000,1.78700000
1770192000007,2026-02-04 08:00:00,0.00005000,1.77600000
1770206400010,2026-02-04 12:00:00,0.00005000,1.75700000
1770220800000,2026-02-04 16:00:00,0.00005000,1.68600000
1770235200001,2026-02-04 20:00:00,0.00005000,1.73900000
1770249600011,2026-02-05 00:00:00,0.00005000,1.74600000
1770264000001,2026-02-05 04:00:00,0.00005000,1.70474763
1770278400000,2026-02-05 08:00:00,0.00005000,1.68400000
1770292800006,2026-02-05 12:00:00,0.00005000,1.66500000
1770307200007,2026-02-05 16:00:00,0.00004742,1.58400000
1770321600000,2026-02-05 20:00:00,-0.00003257,1.54317392
1770336000000,2026-02-06 00:00:00,0.00004546,1.48217644
1770350400001,2026-02-06 04:00:00,0.00000473,1.47713919
1770364800001,2026-02-06 08:00:00,0.00003484,1.48569955
1770379200003,2026-02-06 12:00:00,0.00005000,1.55431892
1770393600000,2026-02-06 16:00:00,0.00005000,1.59500000
1770408000005,2026-02-06 20:00:00,0.00005000,1.63200000
1770422400003,2026-02-07 00:00:00,0.00005000,1.63300000
1770436800024,2026-02-07 04:00:00,0.00005000,1.63400000
1770451200000,2026-02-07 08:00:00,0.00005000,1.58533784
1770465600007,2026-02-07 12:00:00,0.00005000,1.58600000
1770480000010,2026-02-07 16:00:00,0.00005000,1.61493598
1770494400000,2026-02-07 20:00:00,0.00005000,1.62253686
1770508800003,2026-02-08 00:00:00,0.00005000,1.60600000
1770523200002,2026-02-08 04:00:00,0.00005000,1.57504131
1770537600000,2026-02-08 08:00:00,0.00005000,1.56800000
1770552000005,2026-02-08 12:00:00,0.00005000,1.58792342
1770566400000,2026-02-08 16:00:00,0.00005000,1.56740460
1770580800000,2026-02-08 20:00:00,0.00005000,1.56000000
1770595200002,2026-02-09 00:00:00,0.00005000,1.55100000
1770609600012,2026-02-09 04:00:00,0.00005000,1.58797883
1770624000001,2026-02-09 08:00:00,0.00005000,1.56200000
1770638400003,2026-02-09 12:00:00,0.00005000,1.51400000
1770652800007,2026-02-09 16:00:00,0.00005000,1.54789784
1770667200006,2026-02-09 20:00:00,0.00005000,1.57417928
1770681600000,2026-02-10 00:00:00,0.00005000,1.55341351
1770696000000,2026-02-10 04:00:00,0.00002873,1.53300000
1770710400007,2026-02-10 08:00:00,0.00005000,1.51500000
1770724800000,2026-02-10 12:00:00,0.00005000,1.52464414
1770739200000,2026-02-10 16:00:00,0.00005000,1.53200000
1770753600007,2026-02-10 20:00:00,0.00005000,1.51500000
1770768000000,2026-02-11 00:00:00,0.00005000,1.51500000
1770782400000,2026-02-11 04:00:00,-0.00010237,1.50400000
1770796800006,2026-02-11 08:00:00,0.00004805,1.46038739
1770811200000,2026-02-11 12:00:00,0.00005000,1.45700000
1770825600000,2026-02-11 16:00:00,0.00005000,1.47457602
1770840000003,2026-02-11 20:00:00,0.00005000,1.47291892
1770854400000,2026-02-12 00:00:00,0.00005000,1.50062162
1770868800000,2026-02-12 04:00:00,-0.00012752,1.52600000
1770883200001,2026-02-12 08:00:00,0.00005000,1.56978284
1770897600002,2026-02-12 12:00:00,0.00005000,1.57332429
1770912000001,2026-02-12 16:00:00,0.00005000,1.54200000
1770926400006,2026-02-12 20:00:00,0.00005000,1.55746804
1770940800007,2026-02-13 00:00:00,0.00005000,1.58521486
1770955200000,2026-02-13 04:00:00,0.00005000,1.55400000
1770969600003,2026-02-13 08:00:00,0.00005000,1.54503305
1770984000000,2026-02-13 12:00:00,0.00005000,1.54544865
1770998400005,2026-02-13 16:00:00,0.00005000,1.57688649
1771012800006,2026-02-13 20:00:00,0.00005000,1.61540665
1771027200002,2026-02-14 00:00:00,0.00005000,1.67256757
1771041600007,2026-02-14 04:00:00,0.00005000,1.70370991
1771056000004,2026-02-14 08:00:00,0.00005000,1.68554595
1771070400000,2026-02-14 12:00:00,-0.00000450,1.70637284
1771084800002,2026-02-14 16:00:00,-0.00001679,1.70450641
1771099200000,2026-02-14 20:00:00,0.00005000,1.74590250
1771113600000,2026-02-15 00:00:00,-0.00012983,1.74401084
1771128000000,2026-02-15 04:00:00,-0.00013974,1.73450000
1771142400002,2026-02-15 08:00:00,-0.00002053,1.77170270
1771156800005,2026-02-15 12:00:00,-0.00042449,1.78647342
1771171200000,2026-02-15 16:00:00,0.00000790,1.70005405
1771185600009,2026-02-15 20:00:00,-0.00003899,1.70600000
1771200000001,2026-02-16 00:00:00,0.00002954,1.71442703
1771214400004,2026-02-16 04:00:00,0.00004962,1.72374651
1771228800003,2026-02-16 08:00:00,-0.00000687,1.71650901
1771243200000,2026-02-16 12:00:00,-0.00004856,1.73159459
1771257600000,2026-02-16 16:00:00,-0.00007251,1.81800000
1771272000009,2026-02-16 20:00:00,-0.02000000,2.57386609
1771275600002,2026-02-16 21:00:00,-0.01072677,2.93500000
1771279200000,2026-02-16 22:00:00,-0.00551372,2.79700000
1771282800004,2026-02-16 23:00:00,-0.00484201,2.72800000
1771286400008,2026-02-17 00:00:00,-0.00455474,2.65900000
1771290000000,2026-02-17 01:00:00,-0.00193686,2.62146746
1771293600011,2026-02-17 02:00:00,-0.00148209,2.64389028
1771297200005,2026-02-17 03:00:00,-0.00264713,2.69712518
1771300800003,2026-02-17 04:00:00,-0.00270571,2.77814791
1771304400006,2026-02-17 05:00:00,-0.00249518,2.75900000
1771308000001,2026-02-17 06:00:00,-0.00145223,2.70241961
1771311600005,2026-02-17 07:00:00,-0.00170355,2.69400000
1771315200001,2026-02-17 08:00:00,-0.00146934,2.61500000
1771318800000,2026-02-17 09:00:00,-0.00119022,2.48200000
1771322400001,2026-02-17 10:00:00,-0.00124234,2.53600000
1771326000000,2026-02-17 11:00:00,-0.00184950,2.51237391
1771329600000,2026-02-17 12:00:00,-0.00158321,2.43900000
1771333200004,2026-02-17 13:00:00,-0.00114965,2.39700000
1771336800003,2026-02-17 14:00:00,-0.00065947,2.47100000
1771340400000,2026-02-17 15:00:00,-0.00291916,2.50300000
1771344000002,2026-02-17 16:00:00,-0.00142699,2.43300000
1771347600001,2026-02-17 17:00:00,-0.00102041,2.33500000
1771351200000,2026-02-17 18:00:00,-0.00106491,2.31732176
1771354800000,2026-02-17 19:00:00,-0.00068235,2.27600000
1771358400002,2026-02-17 20:00:00,-0.00075193,2.27221416
1771362000004,2026-02-17 21:00:00,-0.00083186,2.28841919
1771365600000,2026-02-17 22:00:00,-0.00078438,2.28900000
1771369200006,2026-02-17 23:00:00,-0.00068538,2.23200000
1771372800000,2026-02-18 00:00:00,-0.00063145,2.19050809
1771376400006,2026-02-18 01:00:00,-0.00068934,2.22413583
1771380000000,2026-02-18 02:00:00,-0.00071376,2.25700000
1771383600001,2026-02-18 03:00:00,-0.00081754,2.21000000
1771387200000,2026-02-18 04:00:00,-0.00074923,2.22500000
1771390800000,2026-02-18 05:00:00,-0.00063085,2.23200000
1771394400002,2026-02-18 06:00:00,-0.00040499,2.21994250
1771398000011,2026-02-18 07:00:00,-0.00029282,2.25505887
1771401600000,2026-02-18 08:00:00,-0.00040380,2.28813146
1771405200002,2026-02-18 09:00:00,-0.00037357,2.27160685
1771408800002,2026-02-18 10:00:00,-0.00054304,2.34217249
1771412400000,2026-02-18 11:00:00,-0.00063732,2.40807279
1771416000007,2026-02-18 12:00:00,-0.00073668,2.35700000
1771419600000,2026-02-18 13:00:00,-0.00032164,2.31200000
1771423200000,2026-02-18 14:00:00,-0.00024229,2.31200000
1771426800000,2026-02-18 15:00:00,-0.00036399,2.25900000
1771430400011,2026-02-18 16:00:00,-0.00037813,2.22000000
1771434000000,2026-02-18 17:00:00,-0.00024882,2.16761595
1771437600000,2026-02-18 18:00:00,-0.00016573,2.14300000
1771441200003,2026-02-18 19:00:00,-0.00026815,2.13500000
1771444800004,2026-02-18 20:00:00,-0.00019052,2.10730448
1771448400001,2026-02-18 21:00:00,-0.00020581,2.11800000
1771452000000,2026-02-18 22:00:00,-0.00031442,2.10200000
1771455600000,2026-02-18 23:00:00,-0.00030026,2.11864838
1771459200013,2026-02-19 00:00:00,-0.00050029,2.20671304
1771462800000,2026-02-19 01:00:00,-0.00061874,2.20500000
1771466400000,2026-02-19 02:00:00,-0.00036549,2.28413364
1771470000001,2026-02-19 03:00:00,-0.00060811,2.30400000
1771473600003,2026-02-19 04:00:00,-0.00075616,2.40500000
1771477200000,2026-02-19 05:00:00,-0.00164980,2.49200000
1771480800002,2026-02-19 06:00:00,-0.00111947,2.42400000
1771484400003,2026-02-19 07:00:00,-0.00086639,2.38600000
1771488000000,2026-02-19 08:00:00,-0.00061568,2.36200791
1771491600000,2026-02-19 09:00:00,-0.00030831,2.38100000
1771495200000,2026-02-19 10:00:00,-0.00027910,2.37778494
1771498800001,2026-02-19 11:00:00,-0.00024592,2.32040201
1771502400011,2026-02-19 12:00:00,-0.00014593,2.33007477
1771506000008,2026-02-19 13:00:00,-0.00017408,2.29200000
1771509600004,2026-02-19 14:00:00,-0.00026277,2.26045214
1771513200003,2026-02-19 15:00:00,-0.00024044,2.26900000
1771516800003,2026-02-19 16:00:00,-0.00030120,2.36670986
1771520400004,2026-02-19 17:00:00,-0.00036523,2.19711352
1771524000000,2026-02-19 18:00:00,-0.00031572,2.21700000
1771527600001,2026-02-19 19:00:00,-0.00010281,2.21997601
1771531200000,2026-02-19 20:00:00,-0.00023487,2.21700000
1771534800006,2026-02-19 21:00:00,-0.00020097,2.22559261
1771538400008,2026-02-19 22:00:00,-0.00026160,2.17800000
1771542000000,2026-02-19 23:00:00,-0.00027217,2.20400000
1771545600000,2026-02-20 00:00:00,-0.00017750,2.21400000
1771549200001,2026-02-20 01:00:00,-0.00034003,2.23500000
1771552800000,2026-02-20 02:00:00,-0.00030569,2.22900000
1771556400000,2026-02-20 03:00:00,-0.00030012,2.22505405
1771560000003,2026-02-20 04:00:00,-0.00038753,2.21700000
1771563600007,2026-02-20 05:00:00,-0.00037346,2.21500000
1771567200008,2026-02-20 06:00:00,-0.00036982,2.23500000
1771570800003,2026-02-20 07:00:00,-0.00026964,2.26149243
1771574400000,2026-02-20 08:00:00,-0.00011616,2.26266667
1771578000004,2026-02-20 09:00:00,-0.00006111,2.25585649
1771581600000,2026-02-20 10:00:00,-0.00102817,2.35604454
1771585200000,2026-02-20 11:00:00,-0.00060373,2.42159855
1771588800000,2026-02-20 12:00:00,-0.00199716,2.52200000
1771592400000,2026-02-20 13:00:00,-0.00089056,2.55700000
1771596000008,2026-02-20 14:00:00,-0.00079137,2.51400000
1771599600000,2026-02-20 15:00:00,-0.00057436,2.44600000
1771603200000,2026-02-20 16:00:00,-0.00038385,2.43100000
1771606800000,2026-02-20 17:00:00,-0.00036891,2.46983614
1771610400001,2026-02-20 18:00:00,-0.00049196,2.55544434
1771614000004,2026-02-20 19:00:00,-0.00066149,2.63723413
1771617600000,2026-02-20 20:00:00,-0.00109781,2.55522981
1771621200001,2026-02-20 21:00:00,-0.00026522,2.43763309
1771624800002,2026-02-20 22:00:00,-0.00020501,2.39800000
1771628400000,2026-02-20 23:00:00,-0.00026827,2.39984324
1771632000004,2026-02-21 00:00:00,-0.00024175,2.40800000
1771635600000,2026-02-21 01:00:00,-0.00030351,2.42100000
1771639200000,2026-02-21 02:00:00,-0.00050472,2.47046130
1771642800000,2026-02-21 03:00:00,-0.00061795,2.46400000
1771646400000,2026-02-21 04:00:00,-0.00022632,2.37662415
1771650000001,2026-02-21 05:00:00,-0.00013165,2.35948333
1771653600001,2026-02-21 06:00:00,-0.00009347,2.37400000
1771657200009,2026-02-21 07:00:00,-0.00013879,2.36344747
1771660800000,2026-02-21 08:00:00,-0.00007743,2.36151062
1771664400007,2026-02-21 09:00:00,-0.00015178,2.38200000
1771668000000,2026-02-21 10:00:00,-0.00004066,2.33181802
1771671600003,2026-02-21 11:00:00,-0.00018996,2.43700000
1771675200013,2026-02-21 12:00:00,-0.00054898,2.40748297
1771678800004,2026-02-21 13:00:00,-0.00019918,2.43600000
1771682400000,2026-02-21 14:00:00,-0.00013107,2.36500000
1771686000000,2026-02-21 15:00:00,-0.00007842,2.34900000
1771689600005,2026-02-21 16:00:00,-0.00010637,2.34938532
1771693200000,2026-02-21 17:00:00,-0.00021436,2.35800000
1771696800007,2026-02-21 18:00:00,-0.00024571,2.34700000
1771700400000,2026-02-21 19:00:00,-0.00014233,2.36200000
1771704000000,2026-02-21 20:00:00,-0.00014763,2.41000000
1771707600004,2026-02-21 21:00:00,-0.00025949,2.35138275
1771711200009,2026-02-21 22:00:00,-0.00002515,2.37041480
1771714800000,2026-02-21 23:00:00,-0.00010818,2.34900000
1771718400001,2026-02-22 00:00:00,-0.00007058,2.35025891
1771722000000,2026-02-22 01:00:00,-0.00006052,2.34004919
1771725600000,2026-02-22 02:00:00,-0.00006474,2.34000000
1771729200000,2026-02-22 03:00:00,-0.00014770,2.33438548
1771732800008,2026-02-22 04:00:00,-0.00010415,2.32139099
1771736400001,2026-02-22 05:00:00,-0.00006109,2.31856667
1771740000000,2026-02-22 06:00:00,-0.00002606,2.31451280
1771743600001,2026-02-22 07:00:00,-0.00005167,2.28673333
1771747200004,2026-02-22 08:00:00,-0.00009275,2.28141892
1771750800001,2026-02-22 09:00:00,-0.00009354,2.27375225
1771754400001,2026-02-22 10:00:00,-0.00008716,2.30300000
1771758000000,2026-02-22 11:00:00,-0.00007558,2.31800000
1771761600008,2026-02-22 12:00:00,-0.00007186,2.30931622
1771765200000,2026-02-22 13:00:00,-0.00012366,2.28200000
1771776000000,2026-02-22 16:00:00,-0.00025744,2.22100000
1771790400000,2026-02-22 20:00:00,-0.00051049,2.20000000
1771804800001,2026-02-23 00:00:00,-0.00057092,2.22594170
1771819200000,2026-02-23 04:00:00,-0.00019386,2.14100000
1771833600000,2026-02-23 08:00:00,-0.00023894,2.13049009
1771848000003,2026-02-23 12:00:00,-0.00009892,2.07400000
1771862400000,2026-02-23 16:00:00,-0.00014777,2.00300000
1771876800000,2026-02-23 20:00:00,-0.00055570,1.99430087
1771891200007,2026-02-24 00:00:00,-0.00031322,2.02300000
1771905600000,2026-02-24 04:00:00,-0.00010412,2.02249899
1771920000000,2026-02-24 08:00:00,-0.00002961,1.99400000
1771934400000,2026-02-24 12:00:00,-0.00017616,1.98100000
1771948800001,2026-02-24 16:00:00,-0.00031702,1.97500000
1771963200002,2026-02-24 20:00:00,-0.00036511,1.95076667
1771977600001,2026-02-25 00:00:00,-0.00021480,1.91349798
1771992000000,2026-02-25 04:00:00,-0.00038986,1.90206667
1772006400007,2026-02-25 08:00:00,-0.00009595,1.92500000
1772020800000,2026-02-25 12:00:00,-0.00052030,1.96400000
1772035200000,2026-02-25 16:00:00,-0.00022271,1.98522422
1772049600006,2026-02-25 20:00:00,-0.00017926,2.02157297
1772064000000,2026-02-26 00:00:00,-0.00002108,1.95600000
1772078400000,2026-02-26 04:00:00,-0.00030837,1.94748964
1772092800006,2026-02-26 08:00:00,-0.00008591,2.00760997
1772107200004,2026-02-26 12:00:00,-0.00007110,2.03888676
1772121600002,2026-02-26 16:00:00,0.00003416,1.97058130
1772136000001,2026-02-26 20:00:00,-0.00005000,1.92344803
1772150400007,2026-02-27 00:00:00,0.00005000,1.94000000
1772164800000,2026-02-27 04:00:00,0.00005000,1.93801483
1772179200000,2026-02-27 08:00:00,0.00005000,1.97700000
1772193600000,2026-02-27 12:00:00,-0.00012258,1.89220901
1772208000001,2026-02-27 16:00:00,-0.00007241,1.84800000
1772222400007,2026-02-27 20:00:00,-0.00019780,1.82657770
1772236800000,2026-02-28 00:00:00,0.00004289,1.83750000
1772251200002,2026-02-28 04:00:00,-0.00002631,1.82700000
1772265600000,2026-02-28 08:00:00,-0.00014667,1.77400000
1772280000001,2026-02-28 12:00:00,0.00003471,1.79600000
1772294400004,2026-02-28 16:00:00,-0.00003975,1.80700000
1772308800000,2026-02-28 20:00:00,0.00005000,1.84900000
1772323200005,2026-03-01 00:00:00,-0.00004992,1.86994144
1772337600000,2026-03-01 04:00:00,-0.00021853,1.87700000
1772352000000,2026-03-01 08:00:00,-0.00025731,1.89200000
1772366400000,2026-03-01 12:00:00,0.00005000,1.85859730
1772380800002,2026-03-01 16:00:00,-0.00013602,1.83600000
1772395200001,2026-03-01 20:00:00,-0.00013007,1.80062162
1772409600001,2026-03-02 00:00:00,-0.00003679,1.85400000
1772424000001,2026-03-02 04:00:00,-0.00004361,1.83400000
1772438400007,2026-03-02 08:00:00,-0.00017358,1.83000000
1772452800002,2026-03-02 12:00:00,-0.00017966,1.83850000
1772467200000,2026-03-02 16:00:00,-0.00220806,2.00514075
1772481600000,2026-03-02 20:00:00,-0.00063510,1.94000000
1772496000000,2026-03-03 00:00:00,-0.00054146,1.88500000
1772510400009,2026-03-03 04:00:00,-0.00014781,1.88172414
1772524800000,2026-03-03 08:00:00,-0.00043020,1.89594595
1772539200017,2026-03-03 12:00:00,-0.00047474,1.85300000
1772553600007,2026-03-03 16:00:00,-0.00061286,1.87110811
1772568000000,2026-03-03 20:00:00,-0.00006635,1.90046937
1772582400001,2026-03-04 00:00:00,-0.00006213,1.89200000
1772596800000,2026-03-04 04:00:00,-0.00036808,1.87600000
1772611200005,2026-03-04 08:00:00,-0.00007260,1.89159196
1772625600008,2026-03-04 12:00:00,-0.00040614,2.02100000
1772640000000,2026-03-04 16:00:00,-0.00027638,2.01900000
1772654400000,2026-03-04 20:00:00,-0.00029334,2.00900000
1772668800000,2026-03-05 00:00:00,-0.00028943,1.96620000
1772683200000,2026-03-05 04:00:00,-0.00026772,1.98626526
1772697600000,2026-03-05 08:00:00,-0.00155155,2.09500000
1772712000000,2026-03-05 12:00:00,-0.00013859,1.98896667
1772726400004,2026-03-05 16:00:00,-0.00022903,1.96600000
1772740800000,2026-03-05 20:00:00,-0.00004795,1.94123559
1772755200001,2026-03-06 00:00:00,-0.00012260,1.94100000
1772769600003,2026-03-06 04:00:00,-0.00019556,1.90920897
1772784000001,2026-03-06 08:00:00,-0.00017736,1.91661982
1772798400005,2026-03-06 12:00:00,-0.00012370,1.85420349
1772812800004,2026-03-06 16:00:00,-0.00021487,1.86700000
1772827200010,2026-03-06 20:00:00,-0.00019739,1.84800000
1772841600001,2026-03-07 00:00:00,0.00005000,1.83460811
1772856000006,2026-03-07 04:00:00,0.00005000,1.84300000
1772870400012,2026-03-07 08:00:00,-0.00025602,1.86200000
1772884800000,2026-03-07 12:00:00,-0.00010345,1.85500000
1772899200001,2026-03-07 16:00:00,-0.00005783,1.85300000
1772913600000,2026-03-07 20:00:00,-0.00047363,1.82461532
1772928000001,2026-03-08 00:00:00,-0.00050163,1.78150000
1772942400010,2026-03-08 04:00:00,-0.00035044,1.76856216
1772956800000,2026-03-08 08:00:00,-0.00026862,1.79449915
1772971200002,2026-03-08 12:00:00,-0.00008303,1.80800000
1772985600002,2026-03-08 16:00:00,-0.00060130,1.80000000
1773000000000,2026-03-08 20:00:00,-0.00011229,1.83300000
1773014400000,2026-03-09 00:00:00,-0.00050214,1.83056628
1773028800006,2026-03-09 04:00:00,-0.00047585,1.82616396
1773043200004,2026-03-09 08:00:00,-0.00036643,1.85000000
1773057600001,2026-03-09 12:00:00,-0.00026169,1.84000000
1773072000003,2026-03-09 16:00:00,-0.00013501,1.86558964
1773086400000,2026-03-09 20:00:00,-0.00032898,1.91045135
1773100800012,2026-03-10 00:00:00,-0.00017042,1.90100000
1773115200000,2026-03-10 04:00:00,-0.00032287,1.88338333
1773129600002,2026-03-10 08:00:00,-0.00003402,1.88975676
1773144000004,2026-03-10 12:00:00,-0.00001425,1.90535368
1773158400001,2026-03-10 16:00:00,0.00000228,1.90894595
1773172800004,2026-03-10 20:00:00,-0.00019590,1.89500000
1773187200000,2026-03-11 00:00:00,-0.00004162,1.90829954
1773201600000,2026-03-11 04:00:00,0.00005000,1.91714505
1773216000007,2026-03-11 08:00:00,-0.00005294,1.92800000
1773230400003,2026-03-11 12:00:00,-0.00016981,1.91237651
1773244800010,2026-03-11 16:00:00,-0.00030536,1.91800000
1773259200004,2026-03-11 20:00:00,-0.00001058,1.93200000
1773273600000,2026-03-12 00:00:00,0.00000528,1.96000000
1773288000001,2026-03-12 04:00:00,-0.00009644,1.92200000
1773302400000,2026-03-12 08:00:00,0.00005000,1.96200000
1773316800006,2026-03-12 12:00:00,0.00003895,1.95000000
1773331200000,2026-03-12 16:00:00,-0.00005630,1.98692669
1773345600006,2026-03-12 20:00:00,-0.00018603,1.98264865
1773360000006,2026-03-13 00:00:00,-0.00012112,1.97100000
1773374400005,2026-03-13 04:00:00,-0.00009192,1.99100000
1773388800001,2026-03-13 08:00:00,-0.00018825,1.97600000
1773403200003,2026-03-13 12:00:00,-0.00003775,1.97953780
1773417600000,2026-03-13 16:00:00,-0.00016850,2.04300000
1773432000000,2026-03-13 20:00:00,-0.00020611,2.03534865
1773446400001,2026-03-14 00:00:00,0.00005000,1.99422252
1773460800002,2026-03-14 04:00:00,0.00005000,2.02950876
1773475200000,2026-03-14 08:00:00,-0.00010123,1.98300000
1773489600000,2026-03-14 12:00:00,0.00005000,1.98004595
1773504000007,2026-03-14 16:00:00,-0.00000413,1.97084234
1773518400000,2026-03-14 20:00:00,0.00005000,1.98055871
1773532800000,2026-03-15 00:00:00,0.00005000,2.00458108
1773547200000,2026-03-15 04:00:00,0.00005000,2.02541982
1773561600000,2026-03-15 08:00:00,-0.00025351,1.99100000
1773576000002,2026-03-15 12:00:00,0.00005000,1.99900000
1773590400000,2026-03-15 16:00:00,-0.00030432,1.98950000
1773604800000,2026-03-15 20:00:00,-0.00073476,1.99100000
1773619200000,2026-03-16 00:00:00,-0.00019673,2.01162162
1773633600006,2026-03-16 04:00:00,-0.00047634,2.02900000
1773648000010,2026-03-16 08:00:00,-0.00015195,2.06575242
1773662400002,2026-03-16 12:00:00,-0.00018207,2.07849773
1773676800000,2026-03-16 16:00:00,-0.00015303,2.08000000
1773691200001,2026-03-16 20:00:00,-0.00028467,2.06458190
1773705600000,2026-03-17 00:00:00,-0.00011044,2.09100000
1773720000008,2026-03-17 04:00:00,-0.00055757,2.06442523
1773734400002,2026-03-17 08:00:00,-0.00007797,2.04900000
1773748800012,2026-03-17 12:00:00,0.00005000,2.05500000
1773763200011,2026-03-17 16:00:00,0.00005000,2.06700000
1773777600000,2026-03-17 20:00:00,0.00004341,2.06900000
1773792000002,2026-03-18 00:00:00,-0.00015589,2.05750000
1773806400000,2026-03-18 04:00:00,-0.00002136,2.05200000
1773820800002,2026-03-18 08:00:00,0.00001219,2.03544595
1773835200001,2026-03-18 12:00:00,-0.00000682,1.99821790
1773849600005,2026-03-18 16:00:00,-0.00017091,1.92600000
1773864000008,2026-03-18 20:00:00,-0.00027419,1.92358108
1773878400000,2026-03-19 00:00:00,0.00005000,1.96100000
1773892800000,2026-03-19 04:00:00,-0.00028427,1.92400000
1773907200003,2026-03-19 08:00:00,-0.00020905,1.88000000
1773921600002,2026-03-19 12:00:00,-0.00013319,1.89100000
1773936000003,2026-03-19 16:00:00,-0.00051169,1.86950000
1773950400000,2026-03-19 20:00:00,-0.00044231,1.86900000
1773964800002,2026-03-20 00:00:00,-0.00023764,1.87900000
1773979200008,2026-03-20 04:00:00,-0.00004281,1.83772027
1773993600000,2026-03-20 08:00:00,0.00001398,1.84066216
1774008000000,2026-03-20 12:00:00,-0.00016974,1.84944689
1774022400000,2026-03-20 16:00:00,0.00002248,1.84750000
1774036800007,2026-03-20 20:00:00,0.00000171,1.80000000
1774051200000,2026-03-21 00:00:00,-0.00012014,1.81600000
1774065600002,2026-03-21 04:00:00,0.00005000,1.82933271
1774080000000,2026-03-21 08:00:00,-0.00014966,1.83100000
1774094400003,2026-03-21 12:00:00,-0.00019763,1.81800000
1774108800014,2026-03-21 16:00:00,-0.00005382,1.82200000
1774123200000,2026-03-21 20:00:00,0.00001643,1.81237838
1774137600012,2026-03-22 00:00:00,-0.00033053,1.74992808
1774152000003,2026-03-22 04:00:00,-0.00023808,1.75300000
1774166400007,2026-03-22 08:00:00,-0.00025713,1.77062910
1774180800000,2026-03-22 12:00:00,-0.00039480,1.73622072
1774195200002,2026-03-22 16:00:00,-0.00009609,1.75053514
1774209600000,2026-03-22 20:00:00,-0.00021000,1.71700000
1774224000000,2026-03-23 00:00:00,-0.00029248,1.72447954
1774238400000,2026-03-23 04:00:00,-0.00044852,1.72332613
1774252800003,2026-03-23 08:00:00,-0.00017936,1.69600000
1774267200000,2026-03-23 12:00:00,-0.00002317,1.76620000
1774281600002,2026-03-23 16:00:00,-0.00023195,1.77481486
1774296000000,2026-03-23 20:00:00,-0.00027170,1.78026969
1774310400000,2026-03-24 00:00:00,-0.00018452,1.75450000
1774324800001,2026-03-24 04:00:00,-0.00014528,1.74035946
1774339200000,2026-03-24 08:00:00,-0.00012017,1.74700000
1774353600000,2026-03-24 12:00:00,0.00001791,1.72400000
1774368000003,2026-03-24 16:00:00,0.00004587,1.71500000
1774382400000,2026-03-24 20:00:00,0.00005000,1.70900000
1774396800000,2026-03-25 00:00:00,0.00005000,1.74700242
1774411200000,2026-03-25 04:00:00,0.00005000,1.75346757
1774425600000,2026-03-25 08:00:00,0.00005000,1.74700000
1774440000005,2026-03-25 12:00:00,0.00005000,1.74800000
1774454400013,2026-03-25 16:00:00,0.00002966,1.72800000
1774468800001,2026-03-25 20:00:00,-0.00016562,1.71922931
1774483200001,2026-03-26 00:00:00,0.00005000,1.72751081
1774497600002,2026-03-26 04:00:00,0.00005000,1.68603448
1774512000001,2026-03-26 08:00:00,0.00005000,1.65447297
1774526400000,2026-03-26 12:00:00,-0.00005753,1.63921081
1774540800000,2026-03-26 16:00:00,-0.00013653,1.64100000
1774555200003,2026-03-26 20:00:00,-0.00037459,1.62658220
1774569600006,2026-03-27 00:00:00,0.00001188,1.65700000
1774584000001,2026-03-27 04:00:00,-0.00030870,1.64913333
1774598400000,2026-03-27 08:00:00,-0.00013950,1.65240270
1774612800002,2026-03-27 12:00:00,-0.00015887,1.58849683
1774627200000,2026-03-27 16:00:00,-0.00019266,1.60178323
1774641600000,2026-03-27 20:00:00,-0.00003117,1.60018919
1774656000005,2026-03-28 00:00:00,-0.00020531,1.57300000
1774670400003,2026-03-28 04:00:00,-0.00006060,1.56750000
1774684800005,2026-03-28 08:00:00,0.00005000,1.58300000
1774699200006,2026-03-28 12:00:00,0.00000295,1.57164595
1774713600000,2026-03-28 16:00:00,-0.00051239,1.58066667
1774728000003,2026-03-28 20:00:00,-0.00050722,1.59300000
1774742400003,2026-03-29 00:00:00,-0.00034691,1.56451622
1774756800000,2026-03-29 04:00:00,-0.00027550,1.57550000
1774771200001,2026-03-29 08:00:00,-0.00012477,1.57600000
1774785600000,2026-03-29 12:00:00,-0.00041273,1.56950000
1774800000000,2026-03-29 16:00:00,-0.00049406,1.56544595
1774814400000,2026-03-29 20:00:00,-0.00011337,1.56786757
1774828800000,2026-03-30 00:00:00,-0.00023905,1.60750950
1774843200012,2026-03-30 04:00:00,-0.00017786,1.66812870
1774857600005,2026-03-30 08:00:00,-0.00063483,1.67936007
1774872000005,2026-03-30 12:00:00,0.00005000,1.66674138
1774886400000,2026-03-30 16:00:00,-0.00008410,1.69827391
1774900800000,2026-03-30 20:00:00,-0.00025071,1.64400000
1774915200000,2026-03-31 00:00:00,0.00005000,1.64800000
1774929600000,2026-03-31 04:00:00,-0.00001840,1.67900000
1774944000000,2026-03-31 08:00:00,-0.00001234,1.66600000
1774958400001,2026-03-31 12:00:00,-0.00025008,1.65600678
1774972800000,2026-03-31 16:00:00,0.00003759,1.66800000
1774987200002,2026-03-31 20:00:00,-0.00194353,1.74739879
1775001600000,2026-04-01 00:00:00,-0.00004248,1.78300000
1775016000004,2026-04-01 04:00:00,-0.00010588,1.75596521
1775030400000,2026-04-01 08:00:00,-0.00017670,1.76540270
1775044800000,2026-04-01 12:00:00,-0.00003537,1.75975000
1775059200000,2026-04-01 16:00:00,0.00005000,1.76150000
1775073600000,2026-04-01 20:00:00,0.00005000,1.77100000
1775088000003,2026-04-02 00:00:00,0.00005000,1.76200000
1775102400003,2026-04-02 04:00:00,-0.00031246,1.71744369
1775116800001,2026-04-02 08:00:00,0.00005000,1.76037931
1775131200003,2026-04-02 12:00:00,-0.00005992,1.75300000
1775145600001,2026-04-02 16:00:00,0.00005000,1.76925532
1775160000003,2026-04-02 20:00:00,-0.00008207,1.71400000
1775174400000,2026-04-03 00:00:00,0.00005000,1.72700000
1775188800000,2026-04-03 04:00:00,0.00005000,1.74140541
1775203200008,2026-04-03 08:00:00,-0.00003173,1.74800000
1775217600006,2026-04-03 12:00:00,0.00005000,1.76000000
1775232000008,2026-04-03 16:00:00,0.00003124,1.75300000
1775246400001,2026-04-03 20:00:00,-0.00014419,1.74400000
1775260800000,2026-04-04 00:00:00,0.00005000,1.74900000
1775275200001,2026-04-04 04:00:00,0.00005000,1.74900000
1775289600003,2026-04-04 08:00:00,-0.00014551,1.74000000
1775304000000,2026-04-04 12:00:00,0.00005000,1.73057568
1775318400000,2026-04-04 16:00:00,-0.00012019,1.72037916
1775332800000,2026-04-04 20:00:00,0.00005000,1.73200000
1775347200008,2026-04-05 00:00:00,0.00005000,1.72363420
1775361600002,2026-04-05 04:00:00,-0.00052196,1.70600000
1775376000000,2026-04-05 08:00:00,-0.00029072,1.66800000
1775390400003,2026-04-05 12:00:00,-0.00007486,1.69400000
1775404800001,2026-04-05 16:00:00,0.00001831,1.69600000
1775419200003,2026-04-05 20:00:00,-0.00009120,1.70737568
1775433600004,2026-04-06 00:00:00,0.00005000,1.74900000
1775448000005,2026-04-06 04:00:00,-0.00003904,1.74981081
1775462400001,2026-04-06 08:00:00,-0.00008963,1.74400000
1775476800002,2026-04-06 12:00:00,-0.00003258,1.75650000
1775491200003,2026-04-06 16:00:00,-0.00011183,1.76316667
1775505600000,2026-04-06 20:00:00,-0.00018878,1.75050270
1775520000000,2026-04-07 00:00:00,-0.00050259,1.72100000
1775534400003,2026-04-07 04:00:00,-0.00022770,1.72341261
1775548800000,2026-04-07 08:00:00,0.00005000,1.72100000
1775563200008,2026-04-07 12:00:00,-0.00019043,1.67525862
1775577600000,2026-04-07 16:00:00,0.00005000,1.67100000
1775592000000,2026-04-07 20:00:00,-0.00001354,1.67690541
1775606400000,2026-04-08 00:00:00,0.00005000,1.77200000
1775620800002,2026-04-08 04:00:00,0.00005000,1.76800000
1775635200000,2026-04-08 08:00:00,0.00004161,1.76471667
1775649600013,2026-04-08 12:00:00,-0.00007850,1.76100000
1775664000006,2026-04-08 16:00:00,-0.00004804,1.75130541
1775678400005,2026-04-08 20:00:00,-0.00006415,1.74300000
1775692800000,2026-04-09 00:00:00,0.00001755,1.71637931
1775707200005,2026-04-09 04:00:00,-0.00005729,1.71336952
1775721600010,2026-04-09 08:00:00,0.00005000,1.72150000
1775736000001,2026-04-09 12:00:00,-0.00008230,1.75020736
1775750400001,2026-04-09 16:00:00,0.00005000,1.75185537
1775764800001,2026-04-09 20:00:00,-0.00015130,1.74829414
1775779200000,2026-04-10 00:00:00,-0.00024290,1.73200000
1775793600000,2026-04-10 04:00:00,-0.00027569,1.72900000
1775808000005,2026-04-10 08:00:00,-0.00023731,1.72600000
1775822400000,2026-04-10 12:00:00,0.00005000,1.73881081
1775836800000,2026-04-10 16:00:00,-0.00000491,1.79786216
1775851200002,2026-04-10 20:00:00,-0.00004673,1.78208243
1775865600000,2026-04-11 00:00:00,-0.00016259,1.76144324
1775880000009,2026-04-11 04:00:00,-0.00003754,1.74400000
1775894400000,2026-04-11 08:00:00,-0.00010219,1.74100000
1775908800002,2026-04-11 12:00:00,0.00005000,1.73846103
1775923200003,2026-04-11 16:00:00,0.00005000,1.74600000
1775937600001,2026-04-11 20:00:00,-0.00000477,1.78000000
1775952000000,2026-04-12 00:00:00,0.00005000,1.75721062
1775966400000,2026-04-12 04:00:00,-0.00004600,1.71100000
1775980800000,2026-04-12 08:00:00,0.00001243,1.72300000
1775995200000,2026-04-12 12:00:00,-0.00032338,1.71300000
1776009600000,2026-04-12 16:00:00,-0.00010785,1.71064888
1776024000013,2026-04-12 20:00:00,0.00005000,1.74050000
1776038400011,2026-04-13 00:00:00,0.00005000,1.71732945
1776052800003,2026-04-13 04:00:00,0.00005000,1.72110180
1776067200006,2026-04-13 08:00:00,-0.00002650,1.70100000
1776081600010,2026-04-13 12:00:00,0.00002110,1.71450000
1776096000000,2026-04-13 16:00:00,0.00005000,1.74300000
1776110400000,2026-04-13 20:00:00,0.00005000,1.75254820
1776124800005,2026-04-14 00:00:00,0.00005000,1.81400000
1776139200000,2026-04-14 04:00:00,0.00005000,1.79000000
1776153600003,2026-04-14 08:00:00,0.00005000,1.78900000
1776168000000,2026-04-14 12:00:00,0.00005000,1.79100000
1776182400001,2026-04-14 16:00:00,0.00005000,1.81450360
1776196800009,2026-04-14 20:00:00,-0.00023891,1.78025676
1776211200000,2026-04-15 00:00:00,0.00005000,1.79600000
1776225600000,2026-04-15 04:00:00,-0.00000425,1.80500000
1776240000000,2026-04-15 08:00:00,-0.00006252,1.80400000
1776254400000,2026-04-15 12:00:00,-0.00013367,1.80800000
1776268800000,2026-04-15 16:00:00,-0.00009180,1.81500000
1776283200009,2026-04-15 20:00:00,-0.00002215,1.85400000
1776297600013,2026-04-16 00:00:00,-0.00039893,1.84550000
1776312000008,2026-04-16 04:00:00,0.00005000,1.88400000
1776326400000,2026-04-16 08:00:00,0.00005000,1.89500000
1776340800004,2026-04-16 12:00:00,-0.00002143,1.87400000
1776355200000,2026-04-16 16:00:00,0.00005000,1.90122901
1776369600000,2026-04-16 20:00:00,0.00005000,1.93450000
1776384000001,2026-04-17 00:00:00,0.00004947,1.93400000
1776398400003,2026-04-17 04:00:00,0.00005000,1.90200000
1776412800011,2026-04-17 08:00:00,-0.00002085,2.02300000
1776427200003,2026-04-17 12:00:00,-0.00013149,1.97800000
1776441600001,2026-04-17 16:00:00,0.00005000,1.96600000
1776456000005,2026-04-17 20:00:00,0.00005000,2.00000000
1776470400001,2026-04-18 00:00:00,0.00005000,1.97833333
1776484800003,2026-04-18 04:00:00,-0.00004141,1.97700000
1776499200006,2026-04-18 08:00:00,-0.00007358,2.01300000
1776513600000,2026-04-18 12:00:00,-0.00033152,1.92691892
1776528000000,2026-04-18 16:00:00,0.00005000,1.92258108
1776542400002,2026-04-18 20:00:00,0.00005000,1.88544865
1776556800002,2026-04-19 00:00:00,0.00005000,1.88900000
1776571200000,2026-04-19 04:00:00,0.00005000,1.89100000
1776585600010,2026-04-19 08:00:00,-0.00010528,1.88000000
1776600000003,2026-04-19 12:00:00,0.00004633,1.87094595
1776614400001,2026-04-19 16:00:00,0.00005000,1.88074429
1776628800005,2026-04-19 20:00:00,0.00005000,1.86550270
1776643200000,2026-04-20 00:00:00,0.00004178,1.80864818
1776657600001,2026-04-20 04:00:00,0.00005000,1.83150000
1776672000000,2026-04-20 08:00:00,0.00005000,1.85700000
1776686400009,2026-04-20 12:00:00,0.00005000,1.87500000
1776700800001,2026-04-20 16:00:00,0.00005000,1.86300000
1776715200000,2026-04-20 20:00:00,0.00005000,1.88100000
1776729600000,2026-04-21 00:00:00,0.00005000,1.88080225
1776744000000,2026-04-21 04:00:00,0.00003575,1.86300000
1776758400004,2026-04-21 08:00:00,0.00005000,1.86300000
1776772800000,2026-04-21 12:00:00,0.00005000,1.85503333
1776787200004,2026-04-21 16:00:00,0.00005000,1.85079360
1776801600003,2026-04-21 20:00:00,-0.00006147,1.83057829
1776816000004,2026-04-22 00:00:00,0.00005000,1.86700000
1776830400003,2026-04-22 04:00:00,0.00005000,1.91100000
1776844800000,2026-04-22 08:00:00,0.00005000,1.89954595
1776859200000,2026-04-22 12:00:00,0.00005000,1.92200000
1776873600000,2026-04-22 16:00:00,0.00005000,1.89858333
1776888000003,2026-04-22 20:00:00,0.00005000,1.89041724
1776902400000,2026-04-23 00:00:00,0.00002482,1.86567853
1776916800000,2026-04-23 04:00:00,0.00004344,1.83200000
1776931200000,2026-04-23 08:00:00,0.00005000,1.83250000
1776945600000,2026-04-23 12:00:00,0.00005000,1.83600000
1776960000004,2026-04-23 16:00:00,0.00005000,1.86600000
1776974400006,2026-04-23 20:00:00,0.00005000,1.83911532
1776988800006,2026-04-24 00:00:00,0.00005000,1.85500000
1777003200000,2026-04-24 04:00:00,0.00005000,1.84900000
1777017600000,2026-04-24 08:00:00,0.00005000,1.84450000
1777032000002,2026-04-24 12:00:00,0.00005000,1.86041306
1777046400000,2026-04-24 16:00:00,0.00005000,1.88309685
1777060800003,2026-04-24 20:00:00,0.00005000,1.87703514
1777075200000,2026-04-25 00:00:00,0.00005000,1.85157297
1777089600005,2026-04-25 04:00:00,0.00005000,1.89533143
1777104000002,2026-04-25 08:00:00,0.00005000,1.87969199
1777118400001,2026-04-25 12:00:00,0.00005000,1.87736126
1777132800002,2026-04-25 16:00:00,0.00005000,1.87833333
1777147200001,2026-04-25 20:00:00,0.00005000,1.87279009
1777161600003,2026-04-26 00:00:00,0.00005000,1.88077928
1777176000001,2026-04-26 04:00:00,0.00005000,1.86400000
1777190400007,2026-04-26 08:00:00,0.00005000,1.88907838
1777204800001,2026-04-26 12:00:00,0.00005000,1.90007905
1777219200004,2026-04-26 16:00:00,0.00005000,1.91477410
1777233600014,2026-04-26 20:00:00,-0.00001494,1.95400000
1777248000004,2026-04-27 00:00:00,0.00005000,1.95863850
1777262400000,2026-04-27 04:00:00,0.00005000,1.97800000
1777276800000,2026-04-27 08:00:00,-0.00045088,1.89901261
1777291200004,2026-04-27 12:00:00,0.00005000,1.92150000
1777305600002,2026-04-27 16:00:00,-0.00018616,1.92900000
1777320000000,2026-04-27 20:00:00,-0.00003866,1.93000000
1777334400001,2026-04-28 00:00:00,0.00005000,1.95000000
1777348800006,2026-04-28 04:00:00,-0.00007208,1.94746667
1777363200000,2026-04-28 08:00:00,0.00005000,1.93700000
1777377600000,2026-04-28 12:00:00,0.00005000,1.93050000
1777392000004,2026-04-28 16:00:00,0.00005000,1.92557297
1777406400001,2026-04-28 20:00:00,0.00005000,1.93265657
1777420800006,2026-04-29 00:00:00,0.00005000,1.92844595
1777435200003,2026-04-29 04:00:00,0.00005000,1.94211667
1777449600011,2026-04-29 08:00:00,0.00000615,1.90600000
1777464000000,2026-04-29 12:00:00,0.00005000,1.90300000
1777478400003,2026-04-29 16:00:00,0.00005000,1.82939189
1777492800004,2026-04-29 20:00:00,0.00005000,1.78414324
1777507200002,2026-04-30 00:00:00,0.00005000,1.82000000
1777521600000,2026-04-30 04:00:00,0.00005000,1.81600000
1777536000000,2026-04-30 08:00:00,0.00005000,1.81700000
1777550400000,2026-04-30 12:00:00,0.00005000,1.80800000
1777564800000,2026-04-30 16:00:00,0.00005000,1.81039573
1777579200002,2026-04-30 20:00:00,0.00005000,1.81942544
1777593600000,2026-05-01 00:00:00,0.00005000,1.81423333
1777608000003,2026-05-01 04:00:00,0.00005000,1.83849842
1777622400005,2026-05-01 08:00:00,0.00005000,1.82400000
1777636800000,2026-05-01 12:00:00,0.00005000,1.82440000
1777651200000,2026-05-01 16:00:00,0.00004762,1.85200000
1777665600009,2026-05-01 20:00:00,0.00005000,1.84163784
1777680000006,2026-05-02 00:00:00,-0.00005531,1.83346286
1777694400000,2026-05-02 04:00:00,0.00005000,1.82100000
1777708800000,2026-05-02 08:00:00,0.00005000,1.82400000
1777723200009,2026-05-02 12:00:00,0.00005000,1.82844292
1777737600010,2026-05-02 16:00:00,0.00005000,1.85800000
1777752000000,2026-05-02 20:00:00,0.00005000,1.84970156
1777766400005,2026-05-03 00:00:00,0.00005000,1.86979820
1777780800014,2026-05-03 04:00:00,0.00005000,1.85700000
1777795200003,2026-05-03 08:00:00,0.00005000,1.84850000
1777809600004,2026-05-03 12:00:00,-0.00003918,1.85050000
1777824000000,2026-05-03 16:00:00,0.00005000,1.86355592
1777838400000,2026-05-03 20:00:00,0.00005000,1.86300000
1777852800000,2026-05-04 00:00:00,0.00000454,1.85400000
1777867200003,2026-05-04 04:00:00,0.00005000,1.90100000
1777881600000,2026-05-04 08:00:00,0.00005000,1.89350000
1777896000000,2026-05-04 12:00:00,0.00005000,1.88100000
1777910400003,2026-05-04 16:00:00,0.00005000,1.88800000
1777924800007,2026-05-04 20:00:00,0.00005000,1.87750000
1777939200000,2026-05-05 00:00:00,0.00005000,1.87539935
1777953600000,2026-05-05 04:00:00,0.00005000,1.89953243
1777968000011,2026-05-05 08:00:00,0.00005000,1.90900000
1777982400006,2026-05-05 12:00:00,0.00005000,1.92000000
1777996800000,2026-05-05 16:00:00,0.00005000,1.90600000
1778011200000,2026-05-05 20:00:00,0.00005000,1.91704144
1778025600010,2026-05-06 00:00:00,0.00005000,1.93400000
1778040000000,2026-05-06 04:00:00,0.00005000,1.95347342
1778054400000,2026-05-06 08:00:00,0.00005000,1.96555312
1778068800000,2026-05-06 12:00:00,0.00005000,1.98900000
1778083200002,2026-05-06 16:00:00,0.00005000,1.97400000
1778097600000,2026-05-06 20:00:00,0.00005000,1.95800000
1778112000000,2026-05-07 00:00:00,0.00005000,1.95972799
1778126400001,2026-05-07 04:00:00,0.00005000,1.92960991
1778140800000,2026-05-07 08:00:00,0.00005000,1.96500000
1778155200000,2026-05-07 12:00:00,0.00005000,1.95400000
1778169600004,2026-05-07 16:00:00,0.00005000,1.92300000
1778184000005,2026-05-07 20:00:00,0.00005000,1.95037608
1778198400003,2026-05-08 00:00:00,0.00005000,1.94300000
1778212800000,2026-05-08 04:00:00,0.00005000,1.93400000
1778227200002,2026-05-08 08:00:00,0.00005000,1.93300000
1778241600000,2026-05-08 12:00:00,0.00005000,1.94322414
1778256000003,2026-05-08 16:00:00,0.00005000,1.98100000
1778270400000,2026-05-08 20:00:00,0.00005000,2.00400000
1778284800000,2026-05-09 00:00:00,0.00005000,2.03549988
1778299200000,2026-05-09 04:00:00,0.00003388,2.04500000
1778313600001,2026-05-09 08:00:00,0.00005000,2.03050000
1778328000000,2026-05-09 12:00:00,0.00005000,2.05000000
1778342400002,2026-05-09 16:00:00,0.00004920,2.01200000
1778356800000,2026-05-09 20:00:00,0.00005000,2.03200000
1778371200003,2026-05-10 00:00:00,0.00005000,2.02528288
1778385600005,2026-05-10 04:00:00,0.00005000,2.00552237
1778400000000,2026-05-10 08:00:00,0.00005000,2.03856216
1778414400007,2026-05-10 12:00:00,0.00005000,2.02700000
1778428800000,2026-05-10 16:00:00,0.00005000,2.07300000
1778443200002,2026-05-10 20:00:00,0.00005000,2.08900000
1778457600000,2026-05-11 00:00:00,0.00005000,2.06900000
1778472000000,2026-05-11 04:00:00,0.00005000,2.02379031
1778486400000,2026-05-11 08:00:00,0.00005000,2.03700000
1778500800001,2026-05-11 12:00:00,0.00005000,2.04573593
1778515200000,2026-05-11 16:00:00,0.00005000,2.10200000
1778529600014,2026-05-11 20:00:00,0.00005000,2.10300000
1778544000002,2026-05-12 00:00:00,0.00005000,2.09300000
1778558400000,2026-05-12 04:00:00,0.00005000,2.06039189
1778572800008,2026-05-12 08:00:00,0.00005000,2.07836667
1778587200003,2026-05-12 12:00:00,0.00005000,2.04100000
1778601600000,2026-05-12 16:00:00,0.00002403,2.00940090
1778616000000,2026-05-12 20:00:00,0.00005000,2.06000000
1778630400010,2026-05-13 00:00:00,0.00005000,2.04500946
1778644800003,2026-05-13 04:00:00,0.00005000,2.06913514
1778659200003,2026-05-13 08:00:00,0.00005000,2.05229595
1778673600004,2026-05-13 12:00:00,0.00005000,2.05180541
1778688000001,2026-05-13 16:00:00,-0.00001518,1.97947290
1778702400004,2026-05-13 20:00:00,-0.00004474,1.98700000
1778716800005,2026-05-14 00:00:00,0.00005000,1.98945676
1778731200005,2026-05-14 04:00:00,-0.00020293,1.95067934
1778745600000,2026-05-14 08:00:00,0.00005000,1.97511892
1778760000001,2026-05-14 12:00:00,0.00005000,1.97067883
1778774400000,2026-05-14 16:00:00,0.00005000,2.02839019
1778788800000,2026-05-14 20:00:00,-0.00003583,2.04200000
1778803200000,2026-05-15 00:00:00,0.00005000,2.01100000
1778817600006,2026-05-15 04:00:00,0.00005000,2.00400000
1778832000016,2026-05-15 08:00:00,0.00005000,1.96100000
1778846400001,2026-05-15 12:00:00,0.00002375,1.94943514
1778860800012,2026-05-15 16:00:00,0.00005000,1.87846317
1778875200001,2026-05-15 20:00:00,0.00002172,1.88800000
1778889600005,2026-05-16 00:00:00,0.00005000,1.87750000
1778904000000,2026-05-16 04:00:00,0.00002889,1.86804313
1778918400000,2026-05-16 08:00:00,-0.00003294,1.79132945
1778932800002,2026-05-16 12:00:00,0.00005000,1.78406667
1778947200005,2026-05-16 16:00:00,0.00005000,1.80700000
1778961600000,2026-05-16 20:00:00,0.00005000,1.79647568
1778976000000,2026-05-17 00:00:00,-0.00015439,1.78622231
1778990400012,2026-05-17 04:00:00,0.00005000,1.79500000
1779004800010,2026-05-17 08:00:00,0.00003430,1.79400000
1779019200014,2026-05-17 12:00:00,-0.00017429,1.79100000
1779033600009,2026-05-17 16:00:00,0.00001022,1.78839494
1779048000002,2026-05-17 20:00:00,0.00005000,1.78300000
1779062400007,2026-05-18 00:00:00,-0.00013605,1.73600000
1779076800000,2026-05-18 04:00:00,0.00005000,1.74200000
1779091200002,2026-05-18 08:00:00,0.00005000,1.72611532
1779105600001,2026-05-18 12:00:00,0.00005000,1.72400000
1779120000007,2026-05-18 16:00:00,0.00005000,1.70502037
1779134400000,2026-05-18 20:00:00,0.00005000,1.72847568
1779148800001,2026-05-19 00:00:00,0.00003731,1.75252703
1779163200003,2026-05-19 04:00:00,-0.00004061,1.72900000
1779177600001,2026-05-19 08:00:00,0.00005000,1.74450000
1779192000000,2026-05-19 12:00:00,-0.00006380,1.70800000
1779206400009,2026-05-19 16:00:00,0.00005000,1.70500000
1779220800001,2026-05-19 20:00:00,-0.00000124,1.71143333
1779235200001,2026-05-20 00:00:00,0.00005000,1.69800000
1779249600001,2026-05-20 04:00:00,0.00005000,1.70900000
1779264000006,2026-05-20 08:00:00,0.00005000,1.71803333
1779278400001,2026-05-20 12:00:00,0.00001329,1.70331847
1779292800000,2026-05-20 16:00:00,0.00005000,1.73100000
1779307200019,2026-05-20 20:00:00,0.00005000,1.74900000
1779321600001,2026-05-21 00:00:00,0.00005000,1.73244865
1779336000000,2026-05-21 04:00:00,0.00005000,1.74900000
1779350400000,2026-05-21 08:00:00,0.00005000,1.75244054
1779364800000,2026-05-21 12:00:00,0.00005000,1.72550000
1779379200000,2026-05-21 16:00:00,0.00005000,1.75023051
1779393600001,2026-05-21 20:00:00,0.00005000,1.78300000
1779408000000,2026-05-22 00:00:00,0.00005000,1.77200000
1779422400000,2026-05-22 04:00:00,0.00005000,1.77126205
1779436800004,2026-05-22 08:00:00,0.00005000,1.76029876
1779451200000,2026-05-22 12:00:00,0.00005000,1.75040000
1779465600001,2026-05-22 16:00:00,0.00005000,1.73348882
1779480000002,2026-05-22 20:00:00,-0.00008462,1.69400000
1779494400009,2026-05-23 00:00:00,-0.00003343,1.67700000
1779508800006,2026-05-23 04:00:00,0.00005000,1.70100000
1779523200001,2026-05-23 08:00:00,-0.00003082,1.64000000
1779537600000,2026-05-23 12:00:00,0.00005000,1.64218739
1779552000003,2026-05-23 16:00:00,0.00005000,1.68700000
1779566400007,2026-05-23 20:00:00,0.00005000,1.69500000
1779580800011,2026-05-24 00:00:00,0.00005000,1.71550000
1779595200001,2026-05-24 04:00:00,0.00005000,1.70443333
1779609600008,2026-05-24 08:00:00,0.00005000,1.70527550
1779624000001,2026-05-24 12:00:00,0.00005000,1.70348952
1779638400000,2026-05-24 16:00:00,0.00001900,1.69400000
1779652800002,2026-05-24 20:00:00,-0.00028774,1.68100000
1779667200001,2026-05-25 00:00:00,0.00001651,1.67466216
1779681600000,2026-05-25 04:00:00,0.00005000,1.67326667
1779696000001,2026-05-25 08:00:00,0.00005000,1.69700000
1779710400008,2026-05-25 12:00:00,0.00005000,1.69300000
1779724800001,2026-05-25 16:00:00,0.00005000,1.71700000
1779739200000,2026-05-25 20:00:00,0.00005000,1.71544054
1779753600000,2026-05-26 00:00:00,0.00005000,1.70010000
1779768000003,2026-05-26 04:00:00,0.00005000,1.69927329
1779782400003,2026-05-26 08:00:00,-0.00000665,1.70059036
1779796800000,2026-05-26 12:00:00,0.00005000,1.73823761
1779811200000,2026-05-26 16:00:00,-0.00001083,1.71586486
1779825600000,2026-05-26 20:00:00,0.00005000,1.69191987
1779840000000,2026-05-27 00:00:00,0.00005000,1.68543290
1779854400002,2026-05-27 04:00:00,-0.00011921,1.67150790
1779868800004,2026-05-27 08:00:00,0.00005000,1.69250000
1779883200007,2026-05-27 12:00:00,0.00001949,1.67900000
1779897600009,2026-05-27 16:00:00,0.00005000,1.70837477
1779912000001,2026-05-27 20:00:00,0.00004968,1.70300000
1779926400001,2026-05-28 00:00:00,-0.00007671,1.66200000
1779940800000,2026-05-28 04:00:00,0.00005000,1.60650279
1779955200000,2026-05-28 08:00:00,0.00005000,1.61500000
1779969600000,2026-05-28 12:00:00,0.00001424,1.60240811
1779984000001,2026-05-28 16:00:00,0.00005000,1.59063423
1779998400005,2026-05-28 20:00:00,0.00005000,1.62000000
1780012800000,2026-05-29 00:00:00,0.00005000,1.61241269
1780027200000,2026-05-29 04:00:00,-0.00003144,1.60545676
1780041600001,2026-05-29 08:00:00,-0.00003010,1.62300000
1780056000001,2026-05-29 12:00:00,-0.00006343,1.60739151
1780070400008,2026-05-29 16:00:00,0.00005000,1.62600000
1780084800000,2026-05-29 20:00:00,0.00005000,1.58135196
1780099200000,2026-05-30 00:00:00,0.00005000,1.59150000
1780113600004,2026-05-30 04:00:00,0.00005000,1.63144510
1780128000001,2026-05-30 08:00:00,0.00005000,1.63753235
1780142400000,2026-05-30 12:00:00,0.00005000,1.63100000
1780156800000,2026-05-30 16:00:00,0.00005000,1.62756471
1780171200000,2026-05-30 20:00:00,0.00005000,1.63379216
1780185600000,2026-05-31 00:00:00,0.00005000,1.61636342
1780200000006,2026-05-31 04:00:00,0.00005000,1.63350000
1780214400000,2026-05-31 08:00:00,0.00005000,1.62150000
1780228800005,2026-05-31 12:00:00,0.00005000,1.62546176
1780243200004,2026-05-31 16:00:00,0.00001734,1.60350000
1780257600010,2026-05-31 20:00:00,0.00005000,1.59400000
1780272000001,2026-06-01 00:00:00,0.00005000,1.62803137
1780286400006,2026-06-01 04:00:00,0.00005000,1.64800000
1780300800001,2026-06-01 08:00:00,0.00005000,1.60400000
1780315200000,2026-06-01 12:00:00,0.00005000,1.61500000
1780329600000,2026-06-01 16:00:00,0.00005000,1.61500000
1780344000000,2026-06-01 20:00:00,0.00005000,1.64921400
1780358400000,2026-06-02 00:00:00,0.00005000,1.63500000
1780372800008,2026-06-02 04:00:00,0.00005000,1.62400000
1780387200000,2026-06-02 08:00:00,0.00005000,1.59949584
1780401600002,2026-06-02 12:00:00,0.00005000,1.59625531
1780416000000,2026-06-02 16:00:00,0.00005000,1.53600000
1780430400000,2026-06-02 20:00:00,0.00005000,1.54100000
1780444800013,2026-06-03 00:00:00,0.00005000,1.51600000
1780459200000,2026-06-03 04:00:00,0.00005000,1.49700000
1780473600000,2026-06-03 08:00:00,0.00005000,1.56371667
1780488000000,2026-06-03 12:00:00,0.00005000,1.57600000
1780502400001,2026-06-03 16:00:00,0.00005000,1.56200000
1780516800002,2026-06-03 20:00:00,0.00005000,1.53902375
1780531200009,2026-06-04 00:00:00,0.00003336,1.53319168
1780545600000,2026-06-04 04:00:00,0.00005000,1.49300000
1780560000000,2026-06-04 08:00:00,0.00001808,1.44052843
1780574400002,2026-06-04 12:00:00,0.00005000,1.41676667
1780588800003,2026-06-04 16:00:00,0.00005000,1.46737647
1780603200001,2026-06-04 20:00:00,0.00004968,1.46200000
1780617600000,2026-06-05 00:00:00,0.00005000,1.43233773
1780632000001,2026-06-05 04:00:00,0.00005000,1.37300000
1780646400004,2026-06-05 08:00:00,0.00005000,1.35213789
1780660800000,2026-06-05 12:00:00,0.00002976,1.33931387
1780675200009,2026-06-05 16:00:00,-0.00004128,1.30025862
1780689600000,2026-06-05 20:00:00,0.00005000,1.29364558
1780704000000,2026-06-06 00:00:00,0.00005000,1.30864706
1780718400000,2026-06-06 04:00:00,-0.00018536,1.28500000
1780732800000,2026-06-06 08:00:00,0.00005000,1.29906275
1780747200002,2026-06-06 12:00:00,0.00003838,1.29308824
1780761600000,2026-06-06 16:00:00,0.00005000,1.30293333
1780776000003,2026-06-06 20:00:00,0.00003152,1.28500000
1780790400001,2026-06-07 00:00:00,0.00005000,1.30350000
1780804800000,2026-06-07 04:00:00,0.00005000,1.32428310
1780819200000,2026-06-07 08:00:00,0.00005000,1.34179412
1780833600000,2026-06-07 12:00:00,0.00005000,1.34055294
1780848000000,2026-06-07 16:00:00,0.00005000,1.32600000
1780862400000,2026-06-07 20:00:00,0.00005000,1.30000000
1780876800000,2026-06-08 00:00:00,0.00005000,1.34500000
1780891200009,2026-06-08 04:00:00,0.00005000,1.33800000
1780905600005,2026-06-08 08:00:00,0.00005000,1.33377059
1780920000001,2026-06-08 12:00:00,0.00005000,1.35642353
1780934400004,2026-06-08 16:00:00,0.00005000,1.35500000
1780948800000,2026-06-08 20:00:00,0.00000969,1.34661707
1780963200000,2026-06-09 00:00:00,0.00005000,1.33547353
1780977600003,2026-06-09 04:00:00,0.00005000,1.31405490
1780992000000,2026-06-09 08:00:00,0.00005000,1.32650000
1781006400000,2026-06-09 12:00:00,0.00005000,1.32200000
1781020800001,2026-06-09 16:00:00,0.00005000,1.29600000
1781035200000,2026-06-09 20:00:00,0.00005000,1.31900000
1781049600001,2026-06-10 00:00:00,0.00005000,1.30667647
1781064000002,2026-06-10 04:00:00,0.00005000,1.29105699
1781078400011,2026-06-10 08:00:00,0.00005000,1.29543824
1781092800002,2026-06-10 12:00:00,0.00005000,1.27400000
1781107200009,2026-06-10 16:00:00,0.00005000,1.31076667
1781121600003,2026-06-10 20:00:00,0.00005000,1.28300000
1781136000000,2026-06-11 00:00:00,0.00005000,1.28520196
1781150400000,2026-06-11 04:00:00,0.00005000,1.31486940
1781164800004,2026-06-11 08:00:00,0.00005000,1.31556667
1781179200005,2026-06-11 12:00:00,0.00005000,1.32450000
1781193600000,2026-06-11 16:00:00,0.00005000,1.32600000
1781208000014,2026-06-11 20:00:00,0.00005000,1.36849457
1781222400000,2026-06-12 00:00:00,-0.00001222,1.35835882
1781236800000,2026-06-12 04:00:00,0.00005000,1.36450000
1781251200000,2026-06-12 08:00:00,0.00001843,1.36300000
1781265600000,2026-06-12 12:00:00,0.00005000,1.36986062
1781280000000,2026-06-12 16:00:00,0.00005000,1.37700000
1781294400000,2026-06-12 20:00:00,0.00005000,1.38152160
1781308800000,2026-06-13 00:00:00,0.00003060,1.37261765
1781323200000,2026-06-13 04:00:00,0.00005000,1.38050000
1781337600007,2026-06-13 08:00:00,0.00005000,1.39000000
1781352000004,2026-06-13 12:00:00,0.00005000,1.39465000
1781366400002,2026-06-13 16:00:00,0.00005000,1.39750000
1781380800004,2026-06-13 20:00:00,0.00004514,1.39500000
1781395200005,2026-06-14 00:00:00,0.00005000,1.39748034
1781409600012,2026-06-14 04:00:00,0.00002920,1.39142353
1781424000009,2026-06-14 08:00:00,0.00005000,1.37700000
1781438400000,2026-06-14 12:00:00,0.00002910,1.36503333
1781452800000,2026-06-14 16:00:00,0.00005000,1.34531010
1781467200010,2026-06-14 20:00:00,0.00005000,1.35300000
1781481600013,2026-06-15 00:00:00,0.00005000,1.42467761
1781496000001,2026-06-15 04:00:00,0.00005000,1.41750000
1781510400013,2026-06-15 08:00:00,0.00005000,1.41500000
1781524800000,2026-06-15 12:00:00,0.00005000,1.44150000
1781539200004,2026-06-15 16:00:00,0.00005000,1.47200000
1781553600002,2026-06-15 20:00:00,0.00005000,1.43400000
1781568000000,2026-06-16 00:00:00,0.00005000,1.43381471
1781582400000,2026-06-16 04:00:00,0.00005000,1.42350000
1781596800000,2026-06-16 08:00:00,0.00005000,1.42042059
1781611200000,2026-06-16 12:00:00,0.00005000,1.42350000
1781625600001,2026-06-16 16:00:00,0.00005000,1.41061156
1781640000000,2026-06-16 20:00:00,0.00005000,1.41700000
1781654400012,2026-06-17 00:00:00,0.00003170,1.41332647
1781668800000,2026-06-17 04:00:00,0.00005000,1.42336667
1781683200000,2026-06-17 08:00:00,0.00002046,1.42064608
1781697600000,2026-06-17 12:00:00,0.00005000,1.39850000
1781712000000,2026-06-17 16:00:00,0.00005000,1.43100000
1781726400000,2026-06-17 20:00:00,-0.00005047,1.39300000
1781740800002,2026-06-18 00:00:00,0.00005000,1.40117255
1781755200000,2026-06-18 04:00:00,0.00005000,1.38417500
1781769600000,2026-06-18 08:00:00,0.00005000,1.38800000
1781784000004,2026-06-18 12:00:00,-0.00018291,1.37300000
1781798400001,2026-06-18 16:00:00,-0.00005255,1.33600000
1781812800000,2026-06-18 20:00:00,0.00005000,1.35425490
1781827200005,2026-06-19 00:00:00,-0.00006524,1.35865882
1781841600000,2026-06-19 04:00:00,0.00005000,1.34015962
1781856000001,2026-06-19 08:00:00,-0.00005789,1.32950000
1781870400000,2026-06-19 12:00:00,0.00005000,1.32600000
1781884800001,2026-06-19 16:00:00,0.00005000,1.34250000
1781899200000,2026-06-19 20:00:00,-0.00001502,1.33700000
1781913600001,2026-06-20 00:00:00,0.00005000,1.33316961
1781928000000,2026-06-20 04:00:00,-0.00009548,1.31734118
1781942400000,2026-06-20 08:00:00,0.00000644,1.33400000
1781956800001,2026-06-20 12:00:00,0.00005000,1.34148824
1781971200001,2026-06-20 16:00:00,0.00005000,1.35150000
1781985600000,2026-06-20 20:00:00,0.00005000,1.35250000
1782000000000,2026-06-21 00:00:00,0.00005000,1.36100000
1782014400000,2026-06-21 04:00:00,0.00005000,1.35849551
1782028800000,2026-06-21 08:00:00,-0.00004744,1.36561765
1782043200001,2026-06-21 12:00:00,0.00005000,1.35250000
1782057600000,2026-06-21 16:00:00,0.00005000,1.35600000
1782072000004,2026-06-21 20:00:00,-0.00017862,1.35600000
1782086400000,2026-06-22 00:00:00,0.00005000,1.32100000
1782100800000,2026-06-22 04:00:00,0.00005000,1.33950000
1782115200000,2026-06-22 08:00:00,0.00005000,1.34900000
1782129600000,2026-06-22 12:00:00,0.00005000,1.36098737
1782144000002,2026-06-22 16:00:00,0.00005000,1.35102745
1782158400000,2026-06-22 20:00:00,0.00005000,1.32750000
1782172800003,2026-06-23 00:00:00,-0.00001173,1.31058824
1782187200000,2026-06-23 04:00:00,0.00005000,1.32058529
1782201600005,2026-06-23 08:00:00,-0.00000041,1.28900000
1782216000000,2026-06-23 12:00:00,0.00005000,1.28400000
1782230400002,2026-06-23 16:00:00,0.00005000,1.28901373
1782244800000,2026-06-23 20:00:00,0.00005000,1.29000000
1782259200005,2026-06-24 00:00:00,0.00005000,1.29100000
1782288000005,2026-06-24 08:00:00,-0.00014083,1.28850000
1782302400005,2026-06-24 12:00:00,-0.00024760,1.29100000
1782316800003,2026-06-24 16:00:00,0.00005000,1.25904651
1782331200006,2026-06-24 20:00:00,0.00005000,1.23627297
1782345600000,2026-06-25 00:00:00,0.00005000,1.25950565
1782360000008,2026-06-25 04:00:00,-0.00002228,1.25800000
1782374400000,2026-06-25 08:00:00,0.00005000,1.27350000
1782388800006,2026-06-25 12:00:00,-0.00007205,1.27282353
1782403200000,2026-06-25 16:00:00,0.00005000,1.28400000
1782417600011,2026-06-25 20:00:00,0.00005000,1.28500000
1782432000010,2026-06-26 00:00:00,0.00005000,1.34600000
1782446400001,2026-06-26 04:00:00,-0.00231302,1.35900000
1782460800002,2026-06-26 08:00:00,-0.00074721,1.34000000
1782475200004,2026-06-26 12:00:00,-0.00002547,1.31100000
1782489600000,2026-06-26 16:00:00,-0.00012776,1.40000000
1782504000000,2026-06-26 20:00:00,-0.00007848,1.37293282
1782518400000,2026-06-27 00:00:00,0.00000525,1.37950850
1782532800000,2026-06-27 04:00:00,-0.00010118,1.42100000
1782547200000,2026-06-27 08:00:00,-0.00002141,1.42000000
1782561600001,2026-06-27 12:00:00,-0.00012485,1.42665227
1782576000009,2026-06-27 16:00:00,0.00005000,1.50565857
1782590400000,2026-06-27 20:00:00,0.00005000,1.51200000
1782604800000,2026-06-28 00:00:00,0.00005000,1.44910096
1782619200002,2026-06-28 04:00:00,0.00005000,1.45250261
1782633600013,2026-06-28 08:00:00,0.00002615,1.42100406
1782648000008,2026-06-28 12:00:00,0.00003655,1.39700000
1782662400000,2026-06-28 16:00:00,-0.00008438,1.38146176
1782676800003,2026-06-28 20:00:00,-0.00032065,1.37100000
1782691200006,2026-06-29 00:00:00,0.00005000,1.39400000
1782705600000,2026-06-29 04:00:00,0.00005000,1.41000000
1782720000013,2026-06-29 08:00:00,0.00005000,1.39600000
1782734400001,2026-06-29 12:00:00,0.00005000,1.39157573
1782748800004,2026-06-29 16:00:00,0.00005000,1.38450000
1782763200000,2026-06-29 20:00:00,0.00005000,1.39549845
1782777600000,2026-06-30 00:00:00,0.00005000,1.37353448
1782792000000,2026-06-30 04:00:00,0.00005000,1.36400000
1782806400000,2026-06-30 08:00:00,0.00005000,1.35100000
1782820800002,2026-06-30 12:00:00,-0.00012482,1.33500000
1782835200005,2026-06-30 16:00:00,0.00005000,1.33200000
1782849600003,2026-06-30 20:00:00,0.00005000,1.36000000
1782864000000,2026-07-01 00:00:00,0.00005000,1.37566559
1782878400001,2026-07-01 04:00:00,0.00005000,1.40700000
1782892800000,2026-07-01 08:00:00,0.00004883,1.43489289
1782907200000,2026-07-01 12:00:00,0.00005000,1.41700000
1782921600000,2026-07-01 16:00:00,0.00005000,1.44647470
1782936000000,2026-07-01 20:00:00,0.00002881,1.42963745
1782950400000,2026-07-02 00:00:00,0.00005000,1.48020732
1782964800003,2026-07-02 04:00:00,0.00005000,1.48400000
1782979200000,2026-07-02 08:00:00,0.00005000,1.48245392
1782993600005,2026-07-02 12:00:00,0.00005000,1.59800000
1783008000000,2026-07-02 16:00:00,0.00005000,1.59600000
1783022400008,2026-07-02 20:00:00,0.00005000,1.71044910
1783036800000,2026-07-03 00:00:00,-0.00364426,2.00400000
1783051200000,2026-07-03 04:00:00,-0.00141192,1.58343039
1783065600007,2026-07-03 08:00:00,-0.00757675,1.63900000
1783080000002,2026-07-03 12:00:00,-0.00235228,1.64400000
1783094400000,2026-07-03 16:00:00,-0.00036970,1.64361989
1783108800001,2026-07-03 20:00:00,-0.00021597,1.65150047
1783123200000,2026-07-04 00:00:00,-0.00017335,1.65200000
1783137600006,2026-07-04 04:00:00,-0.00014400,1.62255156
1783152000000,2026-07-04 08:00:00,-0.00001909,1.60900000
1783166400000,2026-07-04 12:00:00,0.00005000,1.71869502
1783180800007,2026-07-04 16:00:00,0.00005000,1.80283480
1783195200000,2026-07-04 20:00:00,-0.00033893,2.23004159
1783209600003,2026-07-05 00:00:00,-0.00070955,2.19070592
1783224000002,2026-07-05 04:00:00,-0.00252573,2.25110492
1783238400001,2026-07-05 08:00:00,-0.00244890,2.02100000
1783252800000,2026-07-05 12:00:00,-0.00214432,1.99483715
1783267200000,2026-07-05 16:00:00,-0.00228289,1.93500000
1783281600000,2026-07-05 20:00:00,-0.00182363,1.97400000
1783296000000,2026-07-06 00:00:00,-0.00200968,1.95897156
1783310400000,2026-07-06 04:00:00,-0.00207920,2.02400000
1783324800000,2026-07-06 08:00:00,-0.00229417,1.86919200
1783339200002,2026-07-06 12:00:00,-0.00161681,1.81645589
1783353600000,2026-07-06 16:00:00,-0.00165879,1.85700000
1783368000003,2026-07-06 20:00:00,-0.00116909,1.82200000
1783382400000,2026-07-07 00:00:00,-0.00128414,1.83500000
1783396800000,2026-07-07 04:00:00,-0.00038839,1.85900000
1783411200000,2026-07-07 08:00:00,-0.00022384,1.77751389
1783425600010,2026-07-07 12:00:00,-0.00037382,1.89231309
1783440000000,2026-07-07 16:00:00,-0.00032314,1.83265390
1783454400000,2026-07-07 20:00:00,-0.00034808,1.75510538
1783468800000,2026-07-08 00:00:00,-0.00024748,1.75100000
1783483200003,2026-07-08 04:00:00,-0.00014726,1.71800000
1783497600000,2026-07-08 08:00:00,-0.00020761,1.71848119
1783512000005,2026-07-08 12:00:00,0.00003060,1.77750613
1783526400000,2026-07-08 16:00:00,0.00005000,1.71500000
1783540800006,2026-07-08 20:00:00,0.00005000,1.82905685
1783555200000,2026-07-09 00:00:00,0.00001714,1.79800000
1783569600002,2026-07-09 04:00:00,0.00005000,1.73500000
1783584000001,2026-07-09 08:00:00,0.00005000,1.72400000
1783598400002,2026-07-09 12:00:00,-0.00002605,1.73000000
1783612800001,2026-07-09 16:00:00,-0.00021553,1.70141310
1783627200000,2026-07-09 20:00:00,-0.00045989,1.69600000
1783641600000,2026-07-10 00:00:00,-0.00007630,1.69903957
1783656000000,2026-07-10 04:00:00,-0.00000184,1.74144412
1783670400005,2026-07-10 08:00:00,-0.00010452,1.74354246
1783684800002,2026-07-10 12:00:00,0.00005000,1.73100000
1783699200005,2026-07-10 16:00:00,-0.00016335,1.71900000
1783713600000,2026-07-10 20:00:00,-0.00009815,1.71229058
1783728000000,2026-07-11 00:00:00,-0.00022334,1.72200000
1783742400000,2026-07-11 04:00:00,-0.00012989,1.70942852
1783756800000,2026-07-11 08:00:00,-0.00015143,1.71100000
1783771200008,2026-07-11 12:00:00,-0.00012924,1.74137255
1783785600000,2026-07-11 16:00:00,-0.00001029,1.76300000
1783800000000,2026-07-11 20:00:00,-0.00014688,1.73249540
1783814400000,2026-07-12 00:00:00,-0.00014748,1.71000000
1783828800000,2026-07-12 04:00:00,0.00001088,1.80600000
1783843200003,2026-07-12 08:00:00,-0.00023332,1.82600000
1783857600000,2026-07-12 12:00:00,-0.00008104,1.85553747
1783872000000,2026-07-12 16:00:00,-0.00004720,1.81772288
1783886400002,2026-07-12 20:00:00,0.00005000,1.78000000
1783900800000,2026-07-13 00:00:00,-0.00017140,1.76150519
1783915200000,2026-07-13 04:00:00,-0.00016863,1.73500000
1783929600001,2026-07-13 08:00:00,0.00005000,1.80200000
1783944000000,2026-07-13 12:00:00,0.00002750,1.81933264
1783958400004,2026-07-13 16:00:00,-0.00001564,1.79767387
1783972800000,2026-07-13 20:00:00,-0.00004455,1.84100000
1783987200000,2026-07-14 00:00:00,-0.00009529,1.77449332
1784001600000,2026-07-14 04:00:00,-0.00008911,1.75400000
1784016000002,2026-07-14 08:00:00,0.00005000,1.76200000
1784030400001,2026-07-14 12:00:00,0.00004523,1.74719536
1784044800001,2026-07-14 16:00:00,-0.00003955,1.76578725
1784059200000,2026-07-14 20:00:00,-0.00014104,1.74926064
1784073600005,2026-07-15 00:00:00,0.00004585,1.73400000
1784088000003,2026-07-15 04:00:00,0.00005000,1.78000000
1784102400002,2026-07-15 08:00:00,0.00005000,1.74100000
1784116800003,2026-07-15 12:00:00,0.00005000,1.76000000
1784131200000,2026-07-15 16:00:00,0.00005000,1.88311467
1784145600002,2026-07-15 20:00:00,0.00005000,1.86300000
1784160000000,2026-07-16 00:00:00,0.00005000,1.86728386
1784174400003,2026-07-16 04:00:00,0.00005000,1.89553106
1784188800003,2026-07-16 08:00:00,0.00005000,1.87400000
1784203200001,2026-07-16 12:00:00,0.00005000,1.85250742
1784217600002,2026-07-16 16:00:00,0.00001687,1.81045511
1784232000002,2026-07-16 20:00:00,0.00005000,1.78418295
1784246400000,2026-07-17 00:00:00,-0.00000120,1.76650000
1784260800000,2026-07-17 04:00:00,0.00005000,1.77500000
1784275200010,2026-07-17 08:00:00,0.00005000,1.77100000
1784289600004,2026-07-17 12:00:00,-0.00000257,1.79200000
1784304000004,2026-07-17 16:00:00,0.00005000,1.82438064
1784318400000,2026-07-17 20:00:00,0.00002641,1.81350000
1784332800000,2026-07-18 00:00:00,0.00005000,1.79300000
1784347200000,2026-07-18 04:00:00,0.00003226,1.76876930
1784361600000,2026-07-18 08:00:00,0.00000348,1.75039118
1784376000002,2026-07-18 12:00:00,0.00004095,1.75122059
1784390400001,2026-07-18 16:00:00,-0.00007944,1.76405098
1784404800004,2026-07-18 20:00:00,-0.00014526,1.75100000
1784419200003,2026-07-19 00:00:00,0.00005000,1.77600000
1784433600000,2026-07-19 04:00:00,-0.00007148,1.76350000
1784448000000,2026-07-19 08:00:00,0.00005000,1.81462164
1784462400000,2026-07-19 12:00:00,-0.00018448,1.77200000
1784476800001,2026-07-19 16:00:00,0.00005000,1.85940715
1784491200004,2026-07-19 20:00:00,-0.00000286,1.87051501
1784505600000,2026-07-20 00:00:00,0.00005000,1.83371504
1784520000000,2026-07-20 04:00:00,0.00004204,1.80711106
1784534400001,2026-07-20 08:00:00,0.00005000,1.80800000
1784548800000,2026-07-20 12:00:00,0.00001084,1.79440490
1784563200004,2026-07-20 16:00:00,0.00005000,1.82100000
1784577600002,2026-07-20 20:00:00,0.00005000,1.82200000
1784592000001,2026-07-21 00:00:00,0.00005000,1.79600000
1784606400000,2026-07-21 04:00:00,0.00005000,1.83002108
1784620800000,2026-07-21 08:00:00,0.00005000,1.81060784
1784635200000,2026-07-21 12:00:00,0.00005000,1.79322059
1784649600002,2026-07-21 16:00:00,-0.00003008,1.78000000
1784664000000,2026-07-21 20:00:00,0.00005000,1.78450264
1784678400000,2026-07-22 00:00:00,0.00002405,1.77048947
1784692800008,2026-07-22 04:00:00,0.00005000,1.80927856
1784707200000,2026-07-22 08:00:00,0.00004331,1.75870588
1784721600000,2026-07-22 12:00:00,0.00005000,1.74600000
1784736000001,2026-07-22 16:00:00,0.00005000,1.76045205
1784750400000,2026-07-22 20:00:00,0.00005000,1.76700000
1784764800000,2026-07-23 00:00:00,0.00005000,1.77640000
1784779200006,2026-07-23 04:00:00,0.00005000,1.77500000
1784793600000,2026-07-23 08:00:00,0.00005000,1.75300000
1784808000000,2026-07-23 12:00:00,0.00000853,1.74550000
1784822400000,2026-07-23 16:00:00,0.00005000,1.71023229
1784836800000,2026-07-23 20:00:00,-0.00000083,1.69702236
1784851200000,2026-07-24 00:00:00,0.00005000,1.69359128
1784865600001,2026-07-24 04:00:00,0.00005000,1.70000000
1784880000000,2026-07-24 08:00:00,0.00005000,1.71392636
1784894400000,2026-07-24 12:00:00,0.00003273,1.69844412
1784908800008,2026-07-24 16:00:00,0.00005000,1.70478092
1784923200001,2026-07-24 20:00:00,0.00005000,1.70600000
1784937600002,2026-07-25 00:00:00,0.00005000,1.71194887
1784952000000,2026-07-25 04:00:00,0.00005000,1.72982353
1784966400000,2026-07-25 08:00:00,0.00005000,1.68700000
1784980800000,2026-07-25 12:00:00,0.00005000,1.69214254
1784995200000,2026-07-25 16:00:00,0.00005000,1.68550000
1785009600003,2026-07-25 20:00:00,0.00002089,1.68917485
1785024000000,2026-07-26 00:00:00,-0.00000951,1.69967343
1785038400000,2026-07-26 04:00:00,0.00005000,1.68650000
1785052800002,2026-07-26 08:00:00,0.00005000,1.71052941
1785067200000,2026-07-26 12:00:00,0.00005000,1.70567647
1785081600000,2026-07-26 16:00:00,0.00005000,1.68554599
1785096000000,2026-07-26 20:00:00,0.00005000,1.67434118
1785110400010,2026-07-27 00:00:00,0.00003354,1.70066256
1785124800000,2026-07-27 04:00:00,-0.00011270,1.68800000
1785139200000,2026-07-27 08:00:00,0.00005000,1.70050638
1785153600000,2026-07-27 12:00:00,0.00005000,1.69829412
1785168000001,2026-07-27 16:00:00,0.00004577,1.60937295
1785182400004,2026-07-27 20:00:00,0.00005000,1.63400000
1785196800000,2026-07-28 00:00:00,0.00000901,1.58600000
1785211200012,2026-07-28 04:00:00,0.00005000,1.61070217
1785225600000,2026-07-28 08:00:00,0.00005000,1.59600000
1785240000001,2026-07-28 12:00:00,0.00005000,1.60800000
1785254400000,2026-07-28 16:00:00,0.00005000,1.61200000
1785268800000,2026-07-28 20:00:00,-0.00007129,1.60239992
1785283200000,2026-07-29 00:00:00,0.00005000,1.59000000
1785297600000,2026-07-29 04:00:00,-0.00018361,1.55600000
1785312000002,2026-07-29 08:00:00,0.00005000,1.57400000
1785326400007,2026-07-29 12:00:00,0.00005000,1.56300000
1785340800000,2026-07-29 16:00:00,-0.00003828,1.55000000
1785355200003,2026-07-29 20:00:00,0.00005000,1.54216633
1785369600000,2026-07-30 00:00:00,0.00005000,1.55700000
1785384000001,2026-07-30 04:00:00,-0.00004626,1.55800000
1785398400000,2026-07-30 08:00:00,-0.00038470,1.55360392
1785412800000,2026-07-30 12:00:00,0.00005000,1.57600000
1785427200000,2026-07-30 16:00:00,-0.00010461,1.57150000
1785441600003,2026-07-30 20:00:00,0.00005000,1.56684402
1785456000003,2026-07-31 00:00:00,-0.00072273,1.55700000
1785470400000,2026-07-31 04:00:00,0.00005000,1.56588725
1785484800000,2026-07-31 08:00:00,0.00005000,1.54854447
1785499200000,2026-07-31 12:00:00,0.00005000,1.54720000
1785513600000,2026-07-31 16:00:00,0.00005000,1.54558235
1785528000001,2026-07-31 20:00:00,-0.00004925,1.54942724
1785542400001,2026-08-01 00:00:00,-0.00027950,1.54800000
1785556800000,2026-08-01 04:00:00,-0.00012085,1.57500000
1785571200000,2026-08-01 08:00:00,0.00004822,1.56850324
1785585600000,2026-08-01 12:00:00,0.00005000,1.55550609
1785600000000,2026-08-01 16:00:00,-0.00015742,1.54649118
1785614400000,2026-08-01 20:00:00,0.00005000,1.53500000
1785628800000,2026-08-02 00:00:00,0.00005000,1.53150244
1785643200000,2026-08-02 04:00:00,0.00005000,1.55435774
1785657600000,2026-08-02 08:00:00,0.00005000,1.57976765
1785672000007,2026-08-02 12:00:00,0.00001335,1.57100000
1785686400000,2026-08-02 16:00:00,-0.00006096,1.55500000
1785700800002,2026-08-02 20:00:00,0.00005000,1.55167039
1785715200000,2026-08-03 00:00:00,0.00005000,1.54637059
1785729600000,2026-08-03 04:00:00,0.00005000,1.53068039
1785744000000,2026-08-03 08:00:00,0.00005000,1.53300000
1785758400000,2026-08-03 12:00:00,-0.00006399,1.53800000
1785772800000,2026-08-03 16:00:00,0.00005000,1.57700000
1785787200003,2026-08-03 20:00:00,-0.00007919,1.55149971
1785801600004,2026-08-04 00:00:00,0.00005000,1.54556177
1785816000002,2026-08-04 04:00:00,0.00005000,1.54500000
1785830400002,2026-08-04 08:00:00,-0.00022944,1.55144828
1785844800002,2026-08-04 12:00:00,0.00005000,1.54600000
1785859200000,2026-08-04 16:00:00,0.00005000,1.54100000
1785873600000,2026-08-04 20:00:00,0.00005000,1.55070588
1785888000003,2026-08-05 00:00:00,0.00005000,1.53400811
1785902400001,2026-08-05 04:00:00,0.00005000,1.53700000
1785916800004,2026-08-05 08:00:00,0.00005000,1.54700000
1785931200008,2026-08-05 12:00:00,0.00005000,1.54100000
1785945600000,2026-08-05 16:00:00,0.00005000,1.53577451
1785960000000,2026-08-05 20:00:00,0.00005000,1.54300000
1785974400002,2026-08-06 00:00:00,0.00005000,1.53384077
1785988800000,2026-08-06 04:00:00,0.00005000,1.52850000
1786003200000,2026-08-06 08:00:00,0.00005000,1.56779412
1786017600000,2026-08-06 12:00:00,0.00005000,1.54750000
1786032000000,2026-08-06 16:00:00,0.00005000,1.54157302
1786046400001,2026-08-06 20:00:00,0.00005000,1.53330826
1786060800000,2026-08-07 00:00:00,0.00005000,1.52800000
1786075200000,2026-08-07 04:00:00,0.00005000,1.53266430
1786089600000,2026-08-07 08:00:00,0.00005000,1.54700000
1786104000000,2026-08-07 12:00:00,0.00005000,1.54252941
1786118400000,2026-08-07 16:00:00,0.00005000,1.53566687
1786132800000,2026-08-07 20:00:00,0.00005000,1.52111765
1786147200001,2026-08-08 00:00:00,0.00005000,1.52152647
1786161600000,2026-08-08 04:00:00,0.00005000,1.51473529
1786176000000,2026-08-08 08:00:00,0.00005000,1.51946045
1786190400001,2026-08-08 12:00:00,-0.00010818,1.52350000
1786204800002,2026-08-08 16:00:00,0.00005000,1.57374011
1786219200000,2026-08-08 20:00:00,0.00001865,1.55076471
1786233600000,2026-08-09 00:00:00,-0.00012570,1.54100000
1786248000000,2026-08-09 04:00:00,-0.00003180,1.55153651
1786262400005,2026-08-09 08:00:00,0.00005000,1.54548824
1786276800000,2026-08-09 12:00:00,0.00005000,1.53400000
1786291200000,2026-08-09 16:00:00,0.00005000,1.54448723
1786305600000,2026-08-09 20:00:00,0.00005000,1.54453529
1786320000001,2026-08-10 00:00:00,0.00005000,1.52000000
1786334400000,2026-08-10 04:00:00,0.00005000,1.52400000
1786348800005,2026-08-10 08:00:00,0.00005000,1.52631471
1786363200000,2026-08-10 12:00:00,0.00005000,1.52455000
1786377600000,2026-08-10 16:00:00,0.00005000,1.50462353
1786392000000,2026-08-10 20:00:00,0.00005000,1.50450000
1786406400000,2026-08-11 00:00:00,-0.00003780,1.49450000
1786420800000,2026-08-11 04:00:00,0.00005000,1.52600000
1786435200006,2026-08-11 08:00:00,0.00005000,1.49000000
1786449600001,2026-08-11 12:00:00,0.00005000,1.49163996
1786464000000,2026-08-11 16:00:00,0.00005000,1.40345889
1786478400003,2026-08-11 20:00:00,0.00005000,1.46300000
1786492800001,2026-08-12 00:00:00,-0.00000412,1.44632353
1786507200000,2026-08-12 04:00:00,0.00005000,1.45600000
1786521600000,2026-08-12 08:00:00,0.00005000,1.44450545
1786536000000,2026-08-12 12:00:00,0.00005000,1.42600000
1786550400000,2026-08-12 16:00:00,0.00004808,1.41974713
1786564800001,2026-08-12 20:00:00,0.00005000,1.40537277
1786579200000,2026-08-13 00:00:00,0.00005000,1.39500000
1786593600000,2026-08-13 04:00:00,0.00005000,1.39443306
1786608000000,2026-08-13 08:00:00,0.00005000,1.39244118
1786622400000,2026-08-13 12:00:00,0.00005000,1.38714284
1786636800000,2026-08-13 16:00:00,0.00003662,1.37763674
1786651200002,2026-08-13 20:00:00,-0.00004192,1.36450000
1786665600000,2026-08-14 00:00:00,0.00005000,1.37754118
1786680000001,2026-08-14 04:00:00,0.00005000,1.37450000
1786694400001,2026-08-14 08:00:00,0.00005000,1.35500000
1786708800002,2026-08-14 12:00:00,0.00005000,1.34294118
1786723200001,2026-08-14 16:00:00,0.00005000,1.34810446
1786737600000,2026-08-14 20:00:00,0.00005000,1.37141204
1786752000003,2026-08-15 00:00:00,-0.00009725,1.36867059
1786766400000,2026-08-15 04:00:00,-0.00011442,1.37556867
1786780800002,2026-08-15 08:00:00,0.00005000,1.40249980
1786795200001,2026-08-15 12:00:00,0.00003576,1.38047601
1786809600000,2026-08-15 16:00:00,0.00005000,1.38439448
1786824000003,2026-08-15 20:00:00,-0.00023802,1.37250000
1786838400000,2026-08-16 00:00:00,-0.00023216,1.37340588
1786852800001,2026-08-16 04:00:00,0.00005000,1.36522549
1786867200002,2026-08-16 08:00:00,0.00005000,1.37300000
1786881600008,2026-08-16 12:00:00,0.00005000,1.37443235
1786896000000,2026-08-16 16:00:00,0.00005000,1.37700000
1786910400000,2026-08-16 20:00:00,-0.00013391,1.37300000
1786924800001,2026-08-17 00:00:00,0.00005000,1.35967647
1786939200001,2026-08-17 04:00:00,0.00005000,1.36450000
1786953600003,2026-08-17 08:00:00,0.00005000,1.36300000
1786968000002,2026-08-17 12:00:00,0.00005000,1.35300000
1786982400005,2026-08-17 16:00:00,0.00004120,1.35400000
1786996800000,2026-08-17 20:00:00,0.00005000,1.35850000
1787011200006,2026-08-18 00:00:00,-0.00014433,1.35930527
1787025600001,2026-08-18 04:00:00,0.00005000,1.32950000
1787040000001,2026-08-18 08:00:00,0.00005000,1.33500000
1787054400000,2026-08-18 12:00:00,0.00005000,1.34035882
1787068800003,2026-08-18 16:00:00,0.00005000,1.33937607
1787083200008,2026-08-18 20:00:00,-0.00019034,1.34200000
1787097600000,2026-08-19 00:00:00,0.00005000,1.35650000
1787112000001,2026-08-19 04:00:00,0.00003639,1.35337059
1787126400000,2026-08-19 08:00:00,0.00005000,1.35950000
1787140800000,2026-08-19 12:00:00,0.00005000,1.36700000
1787155200004,2026-08-19 16:00:00,0.00005000,1.43421928
1787169600009,2026-08-19 20:00:00,-0.00000587,1.46500000
1787184000001,2026-08-20 00:00:00,0.00005000,1.51800000
1787198400011,2026-08-20 04:00:00,0.00005000,1.52000000
1787212800000,2026-08-20 08:00:00,0.00005000,1.51900000
1787227200002,2026-08-20 12:00:00,0.00005000,1.55748071
1787241600005,2026-08-20 16:00:00,0.00005000,1.56809807
1787256000001,2026-08-20 20:00:00,0.00005000,1.56695490
1787270400004,2026-08-21 00:00:00,0.00005000,1.61900000
1787284800000,2026-08-21 04:00:00,0.00005000,1.62239655
1787299200000,2026-08-21 08:00:00,0.00005000,1.63442466
1787313600000,2026-08-21 12:00:00,0.00005000,1.69400000
1787328000001,2026-08-21 16:00:00,0.00005000,1.70400000
1787342400000,2026-08-21 20:00:00,0.00005000,1.67800000
1787356800000,2026-08-22 00:00:00,0.00005000,1.71800000
1787371200004,2026-08-22 04:00:00,0.00005000,1.78322843
1787385600000,2026-08-22 08:00:00,0.00005000,1.70001091
1787400000002,2026-08-22 12:00:00,0.00005000,1.67993333
1787414400000,2026-08-22 16:00:00,0.00005000,1.65300000
1787428800001,2026-08-22 20:00:00,0.00005000,1.67105193
