open_time,open_time_dt,open,high,low,close,volume,close_time,close_time_dt,quote_volume,trades_count,taker_buy_base,taker_buy_quote
1692576000000,2023-08-21 00:00:00,4.100000,5.119000,4.100000,4.892000,49343135.0,1692662399999,2023-08-21 23:59:59,230159520.2630000,1233934,24331731.8,113731047.1969000
1692662400000,2023-08-22 00:00:00,4.892000,5.539000,4.131000,4.310000,96640725.3,1692748799999,2023-08-22 23:59:59,459709627.8036000,2283233,47651068.9,227311161.4572000
1692748800000,2023-08-23 00:00:00,4.309000,4.467000,3.538000,4.110000,48553434.2,1692835199999,2023-08-23 23:59:59,196045983.8728000,1011884,23785832.4,96028819.1279000
1692835200000,2023-08-24 00:00:00,4.108000,4.110000,3.712000,3.884000,23531813.9,1692921599999,2023-08-24 23:59:59,92865603.7546000,440328,11443000.4,45186395.4803000
1692921600000,2023-08-25 00:00:00,3.884000,3.911000,3.501000,3.645000,17682532.2,1693007999999,2023-08-25 23:59:59,65378300.9769000,291037,8533634.5,31571119.8321000
1693008000000,2023-08-26 00:00:00,3.645000,3.846000,3.523000,3.699000,20072001.1,1693094399999,2023-08-26 23:59:59,73988147.5753000,308554,9817885.2,36216312.3116000
1693094400000,2023-08-27 00:00:00,3.699000,3.899000,3.664000,3.808000,29621067.5,1693180799999,2023-08-27 23:59:59,112482449.9993000,457614,14492842.3,55060920.8308000
1693180800000,2023-08-28 00:00:00,3.808000,3.809000,3.564000,3.652000,10663046.5,1693267199999,2023-08-28 23:59:59,39020596.9339000,190067,4992215.8,18272646.9495000
1693267200000,2023-08-29 00:00:00,3.652000,8.292000,3.575000,7.162000,260529413.0,1693353599999,2023-08-29 23:59:59,1435128541.2546000,5106248,134585935.2,741207252.0963000
1693353600000,2023-08-30 00:00:00,7.165000,8.870000,6.600000,8.547000,362414827.2,1693439999999,2023-08-30 23:59:59,2804766645.1101000,8973424,186123594.4,1441384455.2197000
1693440000000,2023-08-31 00:00:00,8.547000,9.700000,7.901000,8.561000,224638941.0,1693526399999,2023-08-31 23:59:59,1923716303.1096000,5809036,114702773.4,983464474.3929000
1693526400000,2023-09-01 00:00:00,8.560000,16.500000,8.369000,11.622000,470640363.8,1693612799999,2023-09-01 23:59:59,5313469357.2262000,13159391,240749358.5,2720386724.7437000
1693612800000,2023-09-02 00:00:00,11.630000,14.020000,6.525000,7.174000,417554069.3,1693699199999,2023-09-02 23:59:59,3928471288.4834000,12988524,205135535.3,1931547514.7338000
1693699200000,2023-09-03 00:00:00,7.174000,7.750000,6.620000,6.806000,73443743.7,1693785599999,2023-09-03 23:59:59,522280424.7338000,2457486,36175914.4,257455927.5742000
1693785600000,2023-09-04 00:00:00,6.806000,7.459000,6.020000,6.201000,55956396.7,1693871999999,2023-09-04 23:59:59,371820434.9569000,1629496,27523523.4,183026395.0790000
1693872000000,2023-09-05 00:00:00,6.202000,6.217000,5.614000,5.847000,39902910.2,1693958399999,2023-09-05 23:59:59,233744145.9332000,864829,19144504.1,112139722.5282000
1693958400000,2023-09-06 00:00:00,5.846000,6.467000,5.749000,6.068000,44040131.6,1694044799999,2023-09-06 23:59:59,266891212.0789000,1062534,22200231.3,134544938.1196000
1694044800000,2023-09-07 00:00:00,6.068000,6.235000,5.817000,5.920000,17884442.8,1694131199999,2023-09-07 23:59:59,106994694.7528000,455712,8587009.3,51397185.8576000
1694131200000,2023-09-08 00:00:00,5.920000,6.133000,5.200000,5.459000,21723690.6,1694217599999,2023-09-08 23:59:59,122114818.9818000,491041,10315240.4,58057336.2902000
1694217600000,2023-09-09 00:00:00,5.458000,5.545000,5.206000,5.247000,10691391.6,1694303999999,2023-09-09 23:59:59,57035997.3840000,261889,5006924.4,26715398.7477000
1694304000000,2023-09-10 00:00:00,5.246000,5.317000,4.786000,4.902000,19327129.2,1694390399999,2023-09-10 23:59:59,96636887.2384000,406029,9019417.1,45097996.7408000
1694390400000,2023-09-11 00:00:00,4.901000,5.720000,4.501000,5.461000,86612343.9,1694476799999,2023-09-11 23:59:59,452029818.5591000,1776099,43314696.9,226274583.0259000
1694476800000,2023-09-12 00:00:00,5.462000,5.630000,4.966000,4.993000,51152654.5,1694563199999,2023-09-12 23:59:59,268438440.3656000,1057498,25152987.6,132077482.3152000
1694563200000,2023-09-13 00:00:00,4.994000,5.100000,4.774000,4.937000,22784389.1,1694649599999,2023-09-13 23:59:59,111783227.1109000,525049,11381714.7,55865225.1064000
1694649600000,2023-09-14 00:00:00,4.937000,5.309000,4.818000,5.059000,26517783.1,1694735999999,2023-09-14 23:59:59,133482171.4423000,555266,13086013.5,65860700.4204000
1694736000000,2023-09-15 00:00:00,5.060000,5.529000,4.905000,5.479000,19982338.7,1694822399999,2023-09-15 23:59:59,102173138.7290000,435001,9880488.1,50588354.3809000
1694822400000,2023-09-16 00:00:00,5.478000,5.606000,5.195000,5.305000,23978098.2,1694908799999,2023-09-16 23:59:59,128551249.0245000,488666,11322329.8,60727237.3344000
1694908800000,2023-09-17 00:00:00,5.305000,5.308000,4.800000,4.919000,14317311.2,1694995199999,2023-09-17 23:59:59,71657709.2661000,289887,6494331.0,32492062.9033000
1694995200000,2023-09-18 00:00:00,4.919000,5.126000,4.765000,4.933000,17657149.5,1695081599999,2023-09-18 23:59:59,87691497.6177000,345855,8650286.1,42969986.3779000
1695081600000,2023-09-19 00:00:00,4.933000,5.218000,4.882000,5.138000,11821353.6,1695167999999,2023-09-19 23:59:59,60379325.8682000,296768,5632589.8,28779062.4445000
1695168000000,2023-09-20 00:00:00,5.138000,6.032000,5.089000,5.818000,71360003.8,1695254399999,2023-09-20 23:59:59,406721221.7591000,1504413,35267352.6,201026647.5721000
1695254400000,2023-09-21 00:00:00,5.818000,5.867000,5.051000,5.118000,28552998.8,1695340799999,2023-09-21 23:59:59,151669164.4041000,628808,13428430.6,71311765.1689000
1695340800000,2023-09-22 00:00:00,5.118000,5.229000,5,5.099000,11392315.6,1695427199999,2023-09-22 23:59:59,58417434.1734000,264258,5551055.6,28483969.9225000
1695427200000,2023-09-23 00:00:00,5.099000,5.178000,4.892000,5.050000,8643754.5,1695513599999,2023-09-23 23:59:59,43677162.0394000,196139,4035957.6,20402089.6149000
1695513600000,2023-09-24 00:00:00,5.051000,5.136000,4.981000,5.008000,9687707,1695599999999,2023-09-24 23:59:59,48946816.4595000,191426,4665479.6,23576385.5673000
1695600000000,2023-09-25 00:00:00,5.008000,5.110000,4.917000,5.042000,9163356.3,1695686399999,2023-09-25 23:59:59,46080227.2483000,205106,4401529.8,22136201.3595000
1695686400000,2023-09-26 00:00:00,5.042000,5.291000,5.001000,5.223000,15819084.2,1695772799999,2023-09-26 23:59:59,81700745.7555000,341222,7825045.3,40423188.9681000
1695772800000,2023-09-27 00:00:00,5.223000,5.280000,4.991000,5.085000,10541441.5,1695859199999,2023-09-27 23:59:59,53774433.7852000,227615,4851411.3,24751808.9942000
1695859200000,2023-09-28 00:00:00,5.085000,5.248000,5.037000,5.175000,8088192.2,1695945599999,2023-09-28 23:59:59,41458104.8294000,177622,3748067.1,19221613.1868000
1695945600000,2023-09-29 00:00:00,5.175000,5.227000,5.040000,5.123000,6153197.8,1696031999999,2023-09-29 23:59:59,31583430.8810000,142507,2816397.1,14461460.5741000
1696032000000,2023-09-30 00:00:00,5.123000,5.443000,5.104000,5.196000,9781104.9,1696118399999,2023-09-30 23:59:59,51372110.9536000,207319,4573735.9,24027433.0359000
1696118400000,2023-10-01 00:00:00,5.197000,5.459000,5.172000,5.417000,10640554.1,1696204799999,2023-10-01 23:59:59,56634926.1212000,215084,4935902,26267124.6934000
1696204800000,2023-10-02 00:00:00,5.418000,5.490000,4.863000,5.105000,10487326.2,1696291199999,2023-10-02 23:59:59,55445034.6416000,237191,4712389.2,24968564.0452000
1696291200000,2023-10-03 00:00:00,5.105000,5.148000,4.944000,5,4956331.9,1696377599999,2023-10-03 23:59:59,24913243.0260000,135236,2291995.9,11523722.8926000
1696377600000,2023-10-04 00:00:00,5.001000,5.001000,4.547000,4.886000,6564749.2,1696463999999,2023-10-04 23:59:59,31787988.7856000,165674,2932384.5,14215755.5223000
1696464000000,2023-10-05 00:00:00,4.886000,4.977000,4.791000,4.809000,6379073,1696550399999,2023-10-05 23:59:59,31072444.9238000,134105,2953092.1,14387666.4651000
1696550400000,2023-10-06 00:00:00,4.810000,4.953000,4.810000,4.905000,3546459.4,1696636799999,2023-10-06 23:59:59,17357081.9272000,97803,1771413.3,8670619.0669000
1696636800000,2023-10-07 00:00:00,4.905000,5.253000,4.903000,5.096000,15807292.5,1696723199999,2023-10-07 23:59:59,80994867.5543000,300038,7806239.9,40001826.0405000
1696723200000,2023-10-08 00:00:00,5.096000,5.180000,4.902000,4.942000,10244633.9,1696809599999,2023-10-08 23:59:59,51381852.4943000,215212,4738441.5,23778442.5088000
1696809600000,2023-10-09 00:00:00,4.943000,5.027000,4.550000,4.685000,8812869.8,1696895999999,2023-10-09 23:59:59,42095758.1129000,198386,3968863.7,18971767.7376000
1696896000000,2023-10-10 00:00:00,4.686000,4.707000,4.452000,4.538000,7567964.3,1696982399999,2023-10-10 23:59:59,34531089.8802000,152629,3603065.7,16439779.7447000
1696982400000,2023-10-11 00:00:00,4.537000,4.572000,4.310000,4.461000,6415256,1697068799999,2023-10-11 23:59:59,28476379.8421000,136613,3046885.3,13527599.2182000
1697068800000,2023-10-12 00:00:00,4.461000,4.654000,4.417000,4.562000,6820373.1,1697155199999,2023-10-12 23:59:59,30885415.8022000,158744,3243591.2,14694998.8927000
1697155200000,2023-10-13 00:00:00,4.563000,4.610000,4.483000,4.542000,3753543.8,1697241599999,2023-10-13 23:59:59,17055386.4661000,96362,1846665.7,8393741.8355000
1697241600000,2023-10-14 00:00:00,4.541000,4.610000,4.494000,4.508000,2306055.8,1697327999999,2023-10-14 23:59:59,10459197.3493000,62215,1116400.1,5064229.4148000
1697328000000,2023-10-15 00:00:00,4.508000,4.548000,4.409000,4.424000,3054776.6,1697414399999,2023-10-15 23:59:59,13736384.7786000,71921,1391081,6259570.6321000
1697414400000,2023-10-16 00:00:00,4.423000,4.688000,4.416000,4.547000,5660977.2,1697500799999,2023-10-16 23:59:59,25789488.2224000,130124,2749241.9,12526562.2234000
1697500800000,2023-10-17 00:00:00,4.547000,4.551000,4.095000,4.138000,5902409.6,1697587199999,2023-10-17 23:59:59,25295733.1654000,133288,2747252.9,11787099.9680000
1697587200000,2023-10-18 00:00:00,4.137000,4.308000,4.009000,4.180000,5433925.6,1697673599999,2023-10-18 23:59:59,22672136.3934000,127271,2665766.5,11132243.0152000
1697673600000,2023-10-19 00:00:00,4.180000,4.318000,4.014000,4.070000,5964715.4,1697759999999,2023-10-19 23:59:59,24504497.3038000,134814,2764274,11363657.9646000
1697760000000,2023-10-20 00:00:00,4.071000,4.228000,4.059000,4.185000,4605412.2,1697846399999,2023-10-20 23:59:59,19168990.0087000,106871,2193959,9131039.0671000
1697846400000,2023-10-21 00:00:00,4.185000,4.327000,4.183000,4.285000,3124376.8,1697932799999,2023-10-21 23:59:59,13299440.7564000,86859,1528904.5,6509466.9603000
1697932800000,2023-10-22 00:00:00,4.286000,4.374000,4.154000,4.267000,3306240.4,1698019199999,2023-10-22 23:59:59,14056059.0951000,83873,1515443.4,6443705.5896000
1698019200000,2023-10-23 00:00:00,4.267000,4.567000,4.242000,4.553000,7559908.5,1698105599999,2023-10-23 23:59:59,32949008.5417000,185951,3686599.3,16069396.3054000
1698105600000,2023-10-24 00:00:00,4.554000,4.959000,4.471000,4.773000,11628548.8,1698191999999,2023-10-24 23:59:59,54664515.0508000,355969,5598712.1,26351577.3547000
1698192000000,2023-10-25 00:00:00,4.772000,6.566000,4.702000,6.281000,92061943.2,1698278399999,2023-10-25 23:59:59,535993931.3825000,2294172,45459786.9,265064218.1407000
1698278400000,2023-10-26 00:00:00,6.282000,6.862000,5.752000,6.315000,49971260.5,1698364799999,2023-10-26 23:59:59,314902627.1234000,1619457,24505069.4,154545000.7883000
1698364800000,2023-10-27 00:00:00,6.315000,6.356000,5.858000,5.999000,15580408.4,1698451199999,2023-10-27 23:59:59,94699892.6207000,530758,7460175.3,45360315.2169000
1698451200000,2023-10-28 00:00:00,5.999000,6.495000,5.978000,6.087000,10677645.2,1698537599999,2023-10-28 23:59:59,66023941.5652000,392062,5208993.4,32205173.7897000
1698537600000,2023-10-29 00:00:00,6.088000,6.522000,6,6.087000,10507321.6,1698623999999,2023-10-29 23:59:59,65488294.0864000,367414,4904208,30589017.6132000
1698624000000,2023-10-30 00:00:00,6.087000,6.481000,6.044000,6.386000,11814202.8,1698710399999,2023-10-30 23:59:59,73894644.2213000,413830,5591318,34994806.6549000
1698710400000,2023-10-31 00:00:00,6.385000,7.700000,6.221000,7.131000,54449477.7,1698796799999,2023-10-31 23:59:59,387515714.7519000,1958680,26686746.6,190181008.3891000
1698796800000,2023-11-01 00:00:00,7.131000,7.194000,5.951000,6.418000,30235676,1698883199999,2023-11-01 23:59:59,191733269.6359000,1028475,14213275.7,90028290.9961000
1698883200000,2023-11-02 00:00:00,6.417000,6.881000,6.006000,6.129000,17326481.1,1698969599999,2023-11-02 23:59:59,110359290.8682000,646125,8155628.6,51957688.2714000
1698969600000,2023-11-03 00:00:00,6.130000,6.167000,5.651000,5.841000,10799298.4,1699055999999,2023-11-03 23:59:59,63076815.2532000,417895,5036335,29426802.3238000
1699056000000,2023-11-04 00:00:00,5.841000,6.162000,5.780000,6.039000,9436893.1,1699142399999,2023-11-04 23:59:59,56089529.6796000,363646,4475777.5,26609105.3477000
1699142400000,2023-11-05 00:00:00,6.039000,6.410000,5.856000,6.027000,10699282.7,1699228799999,2023-11-05 23:59:59,65426835.4553000,409830,4935048,30192680.9867000
1699228800000,2023-11-06 00:00:00,6.029000,6.280000,5.848000,6.193000,8035321.3,1699315199999,2023-11-06 23:59:59,48950493.7838000,339520,3766700.2,22957248.6100000
1699315200000,2023-11-07 00:00:00,6.192000,6.998000,6.011000,6.408000,28451789.6,1699401599999,2023-11-07 23:59:59,183110074.8526000,994099,13510382.2,87035137.9745000
1699401600000,2023-11-08 00:00:00,6.409000,7.149000,6.320000,6.829000,19855138.2,1699487999999,2023-11-08 23:59:59,134650166.4487000,781013,9589826.1,65040598.9053000
1699488000000,2023-11-09 00:00:00,6.829000,7.011000,5.110000,6.472000,16849498.9,1699574399999,2023-11-09 23:59:59,109927831.3432000,709684,7622837.3,49859180.4188000
1699574400000,2023-11-10 00:00:00,6.469000,6.727000,6.145000,6.597000,8068544.2,1699660799999,2023-11-10 23:59:59,52082908.0308000,418988,3875605.4,25031470.6727000
1699660800000,2023-11-11 00:00:00,6.597000,7.520000,6.370000,6.909000,16208941,1699747199999,2023-11-11 23:59:59,110722031.3988000,719825,7613478.6,51985597.5751000
1699747200000,2023-11-12 00:00:00,6.909000,6.982000,6.500000,6.668000,7938523.5,1699833599999,2023-11-12 23:59:59,53434142.9090000,408199,3737851.7,25171709.1397000
1699833600000,2023-11-13 00:00:00,6.668000,8.349000,6.468000,6.928000,33647547.4,1699919999999,2023-11-13 23:59:59,249791947.8482000,1543987,16083753.1,119575348.6381000
1699920000000,2023-11-14 00:00:00,6.929000,7.590000,6.600000,7.328000,19987914.7,1700006399999,2023-11-14 23:59:59,142841058.0623000,988649,9467980.4,67705459.9359000
1700006400000,2023-11-15 00:00:00,7.328000,7.922000,7.113000,7.615000,15405301,1700092799999,2023-11-15 23:59:59,116521939.4541000,761906,7581228,57370691.2140000
1700092800000,2023-11-16 00:00:00,7.615000,8.100000,6.782000,6.914000,13879554.4,1700179199999,2023-11-16 23:59:59,103280500.7850000,756084,6481106.8,48232901.6534000
1700179200000,2023-11-17 00:00:00,6.915000,7.190000,6.137000,6.422000,13763607.9,1700265599999,2023-11-17 23:59:59,90688104.4541000,566558,6523672.3,42978275.5859000
1700265600000,2023-11-18 00:00:00,6.421000,6.475000,5.851000,6.417000,8954183.1,1700351999999,2023-11-18 23:59:59,55494396.7881000,395477,4212756.8,26123899.6682000
1700352000000,2023-11-19 00:00:00,6.418000,6.656000,6.229000,6.516000,6647334.1,1700438399999,2023-11-19 23:59:59,42714629.8907000,319162,3110003.9,19995878.9337000
1700438400000,2023-11-20 00:00:00,6.517000,6.553000,6.104000,6.251000,5982937.9,1700524799999,2023-11-20 23:59:59,38230693.6883000,312286,2831140.9,18095216.6430000
1700524800000,2023-11-21 00:00:00,6.251000,6.486000,5.551000,5.631000,9343560.9,1700611199999,2023-11-21 23:59:59,56687558.0001000,453725,4302523.4,26145201.8187000
1700611200000,2023-11-22 00:00:00,5.629000,6.270000,5.599000,6.146000,5448046.3,1700697599999,2023-11-22 23:59:59,32622020.3266000,253420,2678558.6,16047573.0129000
1700697600000,2023-11-23 00:00:00,6.147000,6.452000,6.085000,6.206000,5644644.3,1700783999999,2023-11-23 23:59:59,35293507.7856000,245906,2645687.9,16551369.3492000
1700784000000,2023-11-24 00:00:00,6.206000,6.629000,6.182000,6.405000,6476282.2,1700870399999,2023-11-24 23:59:59,41629617.2352000,287066,3122250.6,20067819.7559000
1700870400000,2023-11-25 00:00:00,6.405000,6.554000,6.226000,6.432000,3754888.7,1700956799999,2023-11-25 23:59:59,24039420.6729000,186328,1766512.5,11314443.8612000
1700956800000,2023-11-26 00:00:00,6.432000,6.530000,6,6.246000,5173956.9,1701043199999,2023-11-26 23:59:59,32559691.5271000,230077,2321164.2,14608501.4192000
1701043200000,2023-11-27 00:00:00,6.24400000,6.29800000,5.76100000,5.94500000,2172229.71000000,1701129599999,2023-11-27 23:59:59,12913138.12879000,54277,1052153.16000000,6252758.32841000
1701129600000,2023-11-28 00:00:00,5.94400000,6.15000000,5.77600000,6.09500000,1764540.51000000,1701215999999,2023-11-28 23:59:59,10599808.76562000,45386,837545.77000000,5030462.13469000
1701216000000,2023-11-29 00:00:00,6.09700000,6.16100000,5.92200000,6.02800000,1550247.99000000,1701302399999,2023-11-29 23:59:59,9402119.43481000,38501,755065.60000000,4581809.97964000
1701302400000,2023-11-30 00:00:00,6.02800000,6.23700000,5.95900000,6.14600000,2073365.46000000,1701388799999,2023-11-30 23:59:59,12636887.32903000,56550,997839.19000000,6085083.48068000
1701388800000,2023-12-01 00:00:00,6.14700000,6.27900000,6.09300000,6.21900000,1310815.94000000,1701475199999,2023-12-01 23:59:59,8097977.35101000,34835,615362.20000000,3802942.22445000
1701475200000,2023-12-02 00:00:00,6.21900000,6.74000000,6.17900000,6.67700000,2426869.24000000,1701561599999,2023-12-02 23:59:59,15653762.05347000,68349,1234670.65000000,7968758.76991000
1701561600000,2023-12-03 00:00:00,6.67700000,6.87700000,6.36600000,6.51200000,3198030.76000000,1701647999999,2023-12-03 23:59:59,21002656.41230000,110631,1483578.18000000,9746403.71744000
1701648000000,2023-12-04 00:00:00,6.51100000,7.18000000,5.88000000,7.16000000,4453666.95000000,1701734399999,2023-12-04 23:59:59,29747994.60507000,152702,2193738.10000000,14672100.25682000
1701734400000,2023-12-05 00:00:00,7.16100000,7.38000000,6.90000000,7.20000000,4737484.00000000,1701820799999,2023-12-05 23:59:59,33559835.08879000,177016,2273306.65000000,16117153.52067000
1701820800000,2023-12-06 00:00:00,7.20000000,7.37000000,6.52200000,6.64600000,3581277.87000000,1701907199999,2023-12-06 23:59:59,24736896.23762000,127421,1732583.60000000,11976794.54766000
1701907200000,2023-12-07 00:00:00,6.64800000,7.10000000,6.46100000,6.85100000,2678739.97000000,1701993599999,2023-12-07 23:59:59,18282811.12836000,103373,1280396.71000000,8744017.87293000
1701993600000,2023-12-08 00:00:00,6.85300000,7.10000000,6.65700000,7.00100000,2418863.49000000,1702079999999,2023-12-08 23:59:59,16658727.74769000,81769,1207602.74000000,8306792.21530000
1702080000000,2023-12-09 00:00:00,7.00500000,7.14600000,6.53900000,6.65300000,2070317.50000000,1702166399999,2023-12-09 23:59:59,14272136.39152000,84158,1008736.11000000,6954705.71327000
1702166400000,2023-12-10 00:00:00,6.65500000,6.99600000,6.53900000,6.90600000,1297579.75000000,1702252799999,2023-12-10 23:59:59,8789476.94488000,54288,623407.56000000,4219866.20058000
1702252800000,2023-12-11 00:00:00,6.90500000,6.94100000,5.67200000,6.13600000,2769524.89000000,1702339199999,2023-12-11 23:59:59,17260238.84183000,106438,1267631.35000000,7900997.25468000
1702339200000,2023-12-12 00:00:00,6.13800000,6.44100000,6.08200000,6.31700000,1622477.14000000,1702425599999,2023-12-12 23:59:59,10161105.75664000,69230,794454.06000000,4978006.55798000
1702425600000,2023-12-13 00:00:00,6.31700000,6.44300000,5.94000000,6.39000000,1238245.03000000,1702511999999,2023-12-13 23:59:59,7665924.53638000,46371,602973.00000000,3734034.97933000
1702512000000,2023-12-14 00:00:00,6.39000000,6.68500000,6.06300000,6.60700000,2325358.77000000,1702598399999,2023-12-14 23:59:59,14963181.43689000,79066,1127430.61000000,7255663.60578000
1702598400000,2023-12-15 00:00:00,6.60700000,6.62200000,5.95500000,5.99400000,1824994.08000000,1702684799999,2023-12-15 23:59:59,11364795.07591000,65312,891609.42000000,5544767.08501000
1702684800000,2023-12-16 00:00:00,5.99500000,6.66700000,5.98600000,6.50300000,2957273.41000000,1702771199999,2023-12-16 23:59:59,18809197.99796000,97004,1490791.46000000,9486451.38119000
1702771200000,2023-12-17 00:00:00,6.50500000,6.64700000,6.10400000,6.14100000,2087339.64000000,1702857599999,2023-12-17 23:59:59,13276231.33827000,84962,1015370.52000000,6466312.20794000
1702857600000,2023-12-18 00:00:00,6.14000000,6.22500000,5.66200000,6.22400000,1871958.06000000,1702943999999,2023-12-18 23:59:59,11187709.13460000,75690,860965.86000000,5144003.31871000
1702944000000,2023-12-19 00:00:00,6.22500000,6.34700000,6.08400000,6.24400000,1762112.31000000,1703030399999,2023-12-19 23:59:59,10965447.57909000,62181,851692.83000000,5301674.73156000
1703030400000,2023-12-20 00:00:00,6.24300000,6.53300000,6.14100000,6.32100000,2055429.08000000,1703116799999,2023-12-20 23:59:59,13022087.62933000,69192,974756.78000000,6177734.82851000
1703116800000,2023-12-21 00:00:00,6.32100000,6.57100000,6.21000000,6.52300000,1743157.94000000,1703203199999,2023-12-21 23:59:59,11169411.32429000,66288,872589.88000000,5592582.79012000
1703203200000,2023-12-22 00:00:00,6.52300000,6.99600000,6.40000000,6.94900000,3206621.42000000,1703289599999,2023-12-22 23:59:59,21542342.26237000,127008,1631268.23000000,10963494.98521000
1703289600000,2023-12-23 00:00:00,6.95200000,7.11600000,6.58100000,6.76000000,2362952.71000000,1703375999999,2023-12-23 23:59:59,16120240.48106000,94034,1122441.22000000,7663604.06387000
1703376000000,2023-12-24 00:00:00,6.76000000,7.00000000,6.36000000,6.62900000,2374682.79000000,1703462399999,2023-12-24 23:59:59,16124490.54290000,101647,1154175.28000000,7843822.56494000
1703462400000,2023-12-25 00:00:00,6.63000000,7.87900000,6.63000000,7.19600000,5875264.58000000,1703548799999,2023-12-25 23:59:59,42886932.86055000,262284,2870849.95000000,20955399.40151000
1703548800000,2023-12-26 00:00:00,7.19800000,7.60000000,6.50000000,7.43400000,3872783.58000000,1703635199999,2023-12-26 23:59:59,27689569.20738000,190682,1903220.88000000,13617390.26388000
1703635200000,2023-12-27 00:00:00,7.43700000,7.78600000,7.06000000,7.36200000,4046330.08000000,1703721599999,2023-12-27 23:59:59,30243150.10176000,186363,1933038.49000000,14452539.41613000
1703721600000,2023-12-28 00:00:00,7.36200000,7.55500000,6.96200000,7.12200000,2555347.44000000,1703807999999,2023-12-28 23:59:59,18312012.56812000,123553,1253230.45000000,8981977.47994000
1703808000000,2023-12-29 00:00:00,7.12200000,7.24500000,6.65300000,6.84300000,1946690.81000000,1703894399999,2023-12-29 23:59:59,13603197.43813000,98851,897663.48000000,6275959.10561000
1703894400000,2023-12-30 00:00:00,6.84300000,6.98000000,6.67200000,6.85300000,1043216.32000000,1703980799999,2023-12-30 23:59:59,7131252.93090000,51166,529523.03000000,3619593.78023000
1703980800000,2023-12-31 00:00:00,6.85500000,7.15400000,6.66000000,6.79300000,1378689.01000000,1704067199999,2023-12-31 23:59:59,9548130.05184000,69144,648254.55000000,4492890.07100000
1704067200000,2024-01-01 00:00:00,6.79300000,7.14200000,6.57300000,7.13500000,1504787.83000000,1704153599999,2024-01-01 23:59:59,10366448.21128000,69984,738720.74000000,5095863.64713000
1704153600000,2024-01-02 00:00:00,7.13600000,7.46000000,6.98000000,7.12800000,2055986.85000000,1704239999999,2024-01-02 23:59:59,14878517.88221000,99163,1010475.36000000,7317991.60227000
1704240000000,2024-01-03 00:00:00,7.12700000,9.62600000,6.62500000,7.89500000,18863188.70000000,1704326399999,2024-01-03 23:59:59,158395232.88115000,989445,9271987.35000000,77931394.88854000
1704326400000,2024-01-04 00:00:00,7.89700000,8.60000000,7.60700000,7.98500000,6744897.19000000,1704412799999,2024-01-04 23:59:59,54305441.73332000,311437,3243535.02000000,26142243.67398000
1704412800000,2024-01-05 00:00:00,7.98500000,8.12100000,6.91000000,7.24200000,4053977.93000000,1704499199999,2024-01-05 23:59:59,29994353.80104000,220818,1914527.65000000,14160634.57238000
1704499200000,2024-01-06 00:00:00,7.24400000,7.54800000,6.56700000,7.32900000,3514801.90000000,1704585599999,2024-01-06 23:59:59,24953837.04762000,182459,1650640.73000000,11722017.32699000
1704585600000,2024-01-07 00:00:00,7.32800000,7.66800000,6.56100000,6.63900000,2869291.40000000,1704671999999,2024-01-07 23:59:59,20469846.83013000,163175,1356309.06000000,9687231.57112000
1704672000000,2024-01-08 00:00:00,6.64100000,7.19900000,6.14400000,7.01200000,3169423.81000000,1704758399999,2024-01-08 23:59:59,20931824.49988000,173420,1491103.04000000,9868420.17953000
1704758400000,2024-01-09 00:00:00,7.01300000,7.17900000,6.40500000,6.81200000,2286728.49000000,1704844799999,2024-01-09 23:59:59,15432784.11233000,143620,1142580.84000000,7715803.18986000
1704844800000,2024-01-10 00:00:00,6.81200000,7.38900000,6.52300000,7.18200000,1950002.88000000,1704931199999,2024-01-10 23:59:59,13401042.66108000,106679,973143.69000000,6692873.57770000
1704931200000,2024-01-11 00:00:00,7.18100000,7.80000000,7.11500000,7.73500000,2023092.85000000,1705017599999,2024-01-11 23:59:59,15150482.20430000,104141,965793.29000000,7237051.17777000
1705017600000,2024-01-12 00:00:00,7.73800000,8.34600000,7.50500000,7.96100000,3830039.48000000,1705103999999,2024-01-12 23:59:59,30334314.73710000,241243,1863700.68000000,14769987.60654000
1705104000000,2024-01-13 00:00:00,7.96400000,8.14200000,7.55600000,7.94400000,2233364.72000000,1705190399999,2024-01-13 23:59:59,17572681.47334000,130998,1010283.52000000,7955753.85397000
1705190400000,2024-01-14 00:00:00,7.94400000,8.05100000,7.55900000,7.60100000,1382448.87000000,1705276799999,2024-01-14 23:59:59,10751078.54131000,75886,652889.42000000,5080291.44410000
1705276800000,2024-01-15 00:00:00,7.59700000,9.30000000,7.56200000,9.01400000,6962234.99000000,1705363199999,2024-01-15 23:59:59,61159355.82837000,372937,3598518.40000000,31605412.08332000
1705363200000,2024-01-16 00:00:00,9.01400000,9.37700000,8.65000000,8.77200000,3599372.60000000,1705449599999,2024-01-16 23:59:59,32148237.86555000,212001,1707671.88000000,15264455.95275000
1705449600000,2024-01-17 00:00:00,8.77100000,8.92000000,8.26600000,8.51600000,1907986.48000000,1705535999999,2024-01-17 23:59:59,16412435.10414000,105171,823346.19000000,7086693.59658000
1705536000000,2024-01-18 00:00:00,8.51700000,8.65500000,7.74900000,7.95400000,1632127.28000000,1705622399999,2024-01-18 23:59:59,13352795.23545000,90750,747482.74000000,6120417.05070000
1705622400000,2024-01-19 00:00:00,7.95900000,7.99600000,7.22400000,7.69700000,1483996.64000000,1705708799999,2024-01-19 23:59:59,11314045.52999000,77113,714545.08000000,5437083.38803000
1705708800000,2024-01-20 00:00:00,7.69700000,7.97900000,7.59300000,7.78900000,900326.12000000,1705795199999,2024-01-20 23:59:59,7024988.43503000,52018,443891.95000000,3465117.85207000
1705795200000,2024-01-21 00:00:00,7.78600000,7.84700000,7.52800000,7.54800000,834605.43000000,1705881599999,2024-01-21 23:59:59,6405787.73532000,39808,408694.93000000,3139055.25355000
1705881600000,2024-01-22 00:00:00,7.54600000,7.68800000,6.90400000,7.02000000,1458686.01000000,1705967999999,2024-01-22 23:59:59,10548436.40684000,82940,695128.36000000,5024864.31534000
1705968000000,2024-01-23 00:00:00,7.01900000,7.28000000,6.52200000,6.95200000,1426832.78000000,1706054399999,2024-01-23 23:59:59,9760296.29725000,85787,692270.04000000,4736940.72008000
1706054400000,2024-01-24 00:00:00,6.95100000,7.08400000,6.78000000,7.03000000,768005.05000000,1706140799999,2024-01-24 23:59:59,5322094.18360000,43344,387218.10000000,2684920.19093000
1706140800000,2024-01-25 00:00:00,7.03100000,7.05100000,6.71300000,6.94800000,772008.75000000,1706227199999,2024-01-25 23:59:59,5323129.06888000,43921,378012.15000000,2608690.44174000
1706227200000,2024-01-26 00:00:00,6.94800000,7.26500000,6.86800000,7.23600000,861742.66000000,1706313599999,2024-01-26 23:59:59,6134829.40376000,44766,495637.05000000,3525325.13942000
1706313600000,2024-01-27 00:00:00,7.23500000,7.33400000,7.07600000,7.29500000,597547.96000000,1706399999999,2024-01-27 23:59:59,4313414.32274000,27569,291078.64000000,2101868.39676000
1706400000000,2024-01-28 00:00:00,7.29500000,7.38900000,6.93100000,7.01000000,667755.19000000,1706486399999,2024-01-28 23:59:59,4774810.66777000,34471,330120.18000000,2359922.71075000
1706486400000,2024-01-29 00:00:00,7.01200000,7.35000000,6.95900000,7.29200000,694010.60000000,1706572799999,2024-01-29 23:59:59,4984526.62760000,37679,346154.14000000,2487977.99539000
1706572800000,2024-01-30 00:00:00,7.29400000,7.35000000,7.01800000,7.09700000,943856.74000000,1706659199999,2024-01-30 23:59:59,6790843.49128000,43074,439632.34000000,3164177.28703000
1706659200000,2024-01-31 00:00:00,7.09800000,7.11700000,6.77000000,6.84000000,734718.05000000,1706745599999,2024-01-31 23:59:59,5108154.12393000,36751,349805.59000000,2432709.54785000
1706745600000,2024-02-01 00:00:00,6.84100000,7.31900000,6.73200000,7.12600000,1767190.13000000,1706831999999,2024-02-01 23:59:59,12505850.39615000,90067,818929.48000000,5804144.93873000
1706832000000,2024-02-02 00:00:00,7.12900000,7.21500000,6.91300000,7.08400000,546294.54000000,1706918399999,2024-02-02 23:59:59,3867013.79071000,29114,253823.26000000,1797429.59879000
1706918400000,2024-02-03 00:00:00,7.09100000,7.16600000,6.93000000,6.95200000,447142.08000000,1707004799999,2024-02-03 23:59:59,3145929.64641000,20364,200579.33000000,1411305.00708000
1707004800000,2024-02-04 00:00:00,6.95000000,6.95300000,6.77000000,6.82200000,448011.54000000,1707091199999,2024-02-04 23:59:59,3078159.91362000,21516,209876.60000000,1441495.26395000
1707091200000,2024-02-05 00:00:00,6.81800000,7.14600000,6.65800000,7.01400000,789925.26000000,1707177599999,2024-02-05 23:59:59,5510596.45808000,39415,401228.65000000,2800512.34901000
1707177600000,2024-02-06 00:00:00,7.01500000,7.10000000,6.89000000,6.99700000,461261.44000000,1707263999999,2024-02-06 23:59:59,3223950.24617000,26917,205127.63000000,1434261.46242000
1707264000000,2024-02-07 00:00:00,6.99900000,7.30000000,6.76000000,7.24600000,1093324.33000000,1707350399999,2024-02-07 23:59:59,7701969.49164000,53485,513594.83000000,3620507.44441000
1707350400000,2024-02-08 00:00:00,7.24100000,7.27500000,7.08100000,7.18400000,607964.00000000,1707436799999,2024-02-08 23:59:59,4372482.11855000,27734,264761.71000000,1904806.19843000
1707436800000,2024-02-09 00:00:00,7.18700000,7.80000000,7.18400000,7.60800000,1253666.55000000,1707523199999,2024-02-09 23:59:59,9501709.90969000,63829,628271.63000000,4758797.03869000
1707523200000,2024-02-10 00:00:00,7.61100000,7.73200000,7.42100000,7.60000000,618664.77000000,1707609599999,2024-02-10 23:59:59,4703256.04538000,36598,300360.27000000,2284452.26981000
1707609600000,2024-02-11 00:00:00,7.59800000,7.63500000,7.33500000,7.39300000,739591.36000000,1707695999999,2024-02-11 23:59:59,5564631.78423000,32037,371648.24000000,2796809.50076000
1707696000000,2024-02-12 00:00:00,7.39200000,7.77200000,7.15500000,7.65700000,843554.75000000,1707782399999,2024-02-12 23:59:59,6271621.25722000,45385,438332.68000000,3262169.12101000
1707782400000,2024-02-13 00:00:00,7.65800000,8.50000000,7.45700000,7.78700000,3071917.64000000,1707868799999,2024-02-13 23:59:59,24329714.10344000,159543,1522284.22000000,12078828.43077000
1707868800000,2024-02-14 00:00:00,7.78900000,8.71000000,7.71400000,8.19300000,3119723.45000000,1707955199999,2024-02-14 23:59:59,25450559.64190000,171889,1584601.11000000,12933706.93913000
1707955200000,2024-02-15 00:00:00,8.19200000,8.44400000,8.01600000,8.13900000,1446468.28000000,1708041599999,2024-02-15 23:59:59,11918154.58037000,87730,668546.01000000,5511892.98483000
1708041600000,2024-02-16 00:00:00,8.13700000,8.48900000,8.02300000,8.23600000,1444606.74000000,1708127999999,2024-02-16 23:59:59,11922276.33737000,85964,683331.66000000,5640970.71101000
1708128000000,2024-02-17 00:00:00,8.24100000,8.42400000,7.81400000,8.22700000,1248932.79000000,1708214399999,2024-02-17 23:59:59,10139986.62339000,66515,625206.67000000,5078608.01290000
1708214400000,2024-02-18 00:00:00,8.22700000,9.37900000,8.19000000,8.90800000,3508634.18000000,1708300799999,2024-02-18 23:59:59,31021491.12086000,211982,1785976.52000000,15789782.28869000
1708300800000,2024-02-19 00:00:00,8.90900000,10.21500000,8.88000000,9.21500000,3203286.01000000,1708387199999,2024-02-19 23:59:59,30116414.27102000,202506,1612382.55000000,15177307.35894000
1708387200000,2024-02-20 00:00:00,9.21500000,9.45700000,8.75000000,9.08200000,2509739.78000000,1708473599999,2024-02-20 23:59:59,22976854.40871000,197328,1194871.51000000,10953146.06444000
1708473600000,2024-02-21 00:00:00,9.07800000,9.08700000,8.20100000,8.67100000,1437980.78000000,1708559999999,2024-02-21 23:59:59,12287865.18643000,101939,674638.65000000,5754995.64847000
1708560000000,2024-02-22 00:00:00,8.67400000,9.03600000,8.41600000,8.53500000,1425326.26000000,1708646399999,2024-02-22 23:59:59,12413041.50886000,82128,679381.87000000,5917945.52990000
1708646400000,2024-02-23 00:00:00,8.54200000,8.78000000,8.27400000,8.45200000,880752.86000000,1708732799999,2024-02-23 23:59:59,7486750.38294000,63367,425706.91000000,3621137.58473000
1708732800000,2024-02-24 00:00:00,8.45300000,8.84100000,8.17700000,8.77300000,746003.94000000,1708819199999,2024-02-24 23:59:59,6435450.90977000,48456,376580.02000000,3250759.49729000
1708819200000,2024-02-25 00:00:00,8.77400000,8.96900000,8.52700000,8.79800000,718800.73000000,1708905599999,2024-02-25 23:59:59,6303964.05563000,47617,336968.08000000,2955764.47706000
1708905600000,2024-02-26 00:00:00,8.80100000,9.02300000,8.43600000,9.00100000,966651.90000000,1708991999999,2024-02-26 23:59:59,8469398.96521000,69627,478328.67000000,4186715.47940000
1708992000000,2024-02-27 00:00:00,9.00300000,9.41000000,8.65000000,8.85100000,1855951.29000000,1709078399999,2024-02-27 23:59:59,16664357.13080000,133602,854843.36000000,7687213.07864000
1709078400000,2024-02-28 00:00:00,8.85000000,9.09500000,7.53500000,8.46700000,2142744.82000000,1709164799999,2024-02-28 23:59:59,18375919.74402000,168268,1032764.87000000,8851688.08618000
1709164800000,2024-02-29 00:00:00,8.46700000,9.19800000,8.43200000,8.90000000,1896907.89000000,1709251199999,2024-02-29 23:59:59,16822029.27621000,126275,922288.24000000,8166598.78532000
1709251200000,2024-03-01 00:00:00,8.89900000,11.55000000,8.86200000,10.16900000,7913097.94000000,1709337599999,2024-03-01 23:59:59,83014189.85767000,580537,3998733.28000000,41904775.88072000
1709337600000,2024-03-02 00:00:00,10.17300000,10.49700000,9.88300000,10.24400000,1943191.21000000,1709423999999,2024-03-02 23:59:59,19769028.90276000,147251,883934.94000000,8998680.76976000
1709424000000,2024-03-03 00:00:00,10.24300000,10.29500000,8.54100000,9.92300000,1985077.17000000,1709510399999,2024-03-03 23:59:59,19359165.95048000,180489,989231.73000000,9648935.84896000
1709510400000,2024-03-04 00:00:00,9.92400000,10.47900000,9.30100000,9.60300000,1958157.43000000,1709596799999,2024-03-04 23:59:59,19308440.50553000,164903,961170.22000000,9484731.59804000
1709596800000,2024-03-05 00:00:00,9.60300000,10.31200000,8.11100000,9.50300000,3232467.01000000,1709683199999,2024-03-05 23:59:59,30761597.26727000,276883,1555660.73000000,14834887.24262000
1709683200000,2024-03-06 00:00:00,9.50200000,10.37800000,9.08500000,10.30000000,1940693.50000000,1709769599999,2024-03-06 23:59:59,19089041.86934000,163755,981864.10000000,9673415.43496000
1709769600000,2024-03-07 00:00:00,10.29900000,11.51600000,10.14300000,11.51000000,2172872.51000000,1709855999999,2024-03-07 23:59:59,23473407.05275000,217721,1166039.88000000,12621850.50997000
1709856000000,2024-03-08 00:00:00,11.51100000,14.44600000,11.20400000,12.15000000,5803758.86000000,1709942399999,2024-03-08 23:59:59,73031812.03466000,547495,2978105.67000000,37455993.06581000
1709942400000,2024-03-09 00:00:00,12.15600000,12.44700000,11.71900000,11.84000000,2091415.99000000,1710028799999,2024-03-09 23:59:59,25181139.95957000,225783,1029572.66000000,12403659.70979000
1710028800000,2024-03-10 00:00:00,11.84700000,11.85600000,10.66900000,11.44700000,2586998.38000000,1710115199999,2024-03-10 23:59:59,28960469.17268000,202131,1387035.57000000,15493859.48197000
1710115200000,2024-03-11 00:00:00,11.44900000,11.63000000,10.56800000,11.54500000,1682201.52000000,1710201599999,2024-03-11 23:59:59,19035404.73851000,163416,834864.96000000,9461297.24641000
1710201600000,2024-03-12 00:00:00,11.54700000,12.05600000,10.61100000,11.62600000,1824164.67000000,1710287999999,2024-03-12 23:59:59,20786888.15166000,182851,912225.02000000,10414337.91565000
1710288000000,2024-03-13 00:00:00,11.63000000,12.20000000,11.41900000,12.19000000,1128285.26000000,1710374399999,2024-03-13 23:59:59,13264231.73489000,112210,544792.94000000,6410331.55390000
1710374400000,2024-03-14 00:00:00,12.18900000,12.32700000,10.76000000,11.47300000,1463423.62000000,1710460799999,2024-03-14 23:59:59,16744201.12108000,137718,668908.28000000,7656063.16150000
1710460800000,2024-03-15 00:00:00,11.47300000,11.58800000,9.84000000,11.09200000,1946459.73000000,1710547199999,2024-03-15 23:59:59,20872494.09690000,199319,962685.07000000,10320054.35365000
1710547200000,2024-03-16 00:00:00,11.09300000,11.75400000,9.93300000,10.25700000,1598332.03000000,1710633599999,2024-03-16 23:59:59,17442479.99801000,160554,813630.02000000,8866881.97632000
1710633600000,2024-03-17 00:00:00,10.25400000,11.06900000,9.76000000,10.95600000,1062054.44000000,1710719999999,2024-03-17 23:59:59,11141750.23717000,114568,510589.71000000,5365506.65609000
1710720000000,2024-03-18 00:00:00,10.96000000,13.12700000,10.52700000,12.32900000,6250474.51000000,1710806399999,2024-03-18 23:59:59,76317296.91789000,735336,3154851.52000000,38569573.10220000
1710806400000,2024-03-19 00:00:00,12.32700000,13.43600000,11.23000000,11.92300000,5250071.65000000,1710892799999,2024-03-19 23:59:59,64552419.07062000,699842,2607917.92000000,32111622.10304000
1710892800000,2024-03-20 00:00:00,11.92400000,12.57000000,10.68600000,12.38200000,2258891.25000000,1710979199999,2024-03-20 23:59:59,25787493.79851000,212230,1124462.00000000,12858419.72604000
1710979200000,2024-03-21 00:00:00,12.38300000,14.14700000,12.37900000,13.68400000,3518257.74000000,1711065599999,2024-03-21 23:59:59,47521603.61927000,404489,1797626.44000000,24292272.74337000
1711065600000,2024-03-22 00:00:00,13.68900000,14.02400000,11.87300000,12.16000000,2588598.40000000,1711151999999,2024-03-22 23:59:59,32810728.68606000,253771,1335239.11000000,16915092.92132000
1711152000000,2024-03-23 00:00:00,12.15700000,12.84000000,11.80100000,12.45600000,960500.86000000,1711238399999,2024-03-23 23:59:59,11793355.04795000,99362,449776.84000000,5527391.67764000
1711238400000,2024-03-24 00:00:00,12.45600000,12.99000000,11.96000000,12.85600000,1296310.40000000,1711324799999,2024-03-24 23:59:59,16348952.60474000,121896,616771.70000000,7800295.12910000
1711324800000,2024-03-25 00:00:00,12.86000000,13.64700000,12.68800000,13.19400000,1097577.33000000,1711411199999,2024-03-25 23:59:59,14442200.04100000,102908,515929.10000000,6791762.61424000
1711411200000,2024-03-26 00:00:00,13.19200000,14.60000000,13.13500000,13.71200000,1686088.96000000,1711497599999,2024-03-26 23:59:59,23586675.29154000,176912,884902.67000000,12392392.52725000
1711497600000,2024-03-27 00:00:00,13.71200000,15.23900000,12.57700000,13.05000000,2175748.01000000,1711583999999,2024-03-27 23:59:59,29722324.12995000,215931,1087799.21000000,14939083.80605000
1711584000000,2024-03-28 00:00:00,13.05400000,13.38500000,12.71300000,12.82400000,909866.26000000,1711670399999,2024-03-28 23:59:59,11830619.72840000,68821,457335.98000000,5947915.69499000
1711670400000,2024-03-29 00:00:00,12.82900000,15.07700000,12.58500000,14.25800000,2779512.63000000,1711756799999,2024-03-29 23:59:59,38635128.78386000,254121,1363720.10000000,19002978.67127000
1711756800000,2024-03-30 00:00:00,14.25800000,14.38100000,13.78000000,13.93800000,1143567.23000000,1711843199999,2024-03-30 23:59:59,16066444.01651000,114602,561670.73000000,7895092.37479000
1711843200000,2024-03-31 00:00:00,13.94100000,14.48000000,13.76500000,14.34500000,555033.31000000,1711929599999,2024-03-31 23:59:59,7812602.09086000,50499,255328.36000000,3597852.36550000
1711929600000,2024-04-01 00:00:00,14.34600000,14.61700000,13.27400000,13.58300000,1261496.54000000,1712015999999,2024-04-01 23:59:59,17663064.64955000,119419,602962.30000000,8458301.41725000
1712016000000,2024-04-02 00:00:00,13.57100000,13.57100000,12.39000000,12.56500000,975465.66000000,1712102399999,2024-04-02 23:59:59,12471369.23314000,82446,434605.63000000,5554368.33746000
1712102400000,2024-04-03 00:00:00,12.57000000,14.07500000,12.10200000,13.11600000,1313155.42000000,1712188799999,2024-04-03 23:59:59,17350092.15555000,110357,641407.94000000,8492483.72837000
1712188800000,2024-04-04 00:00:00,13.11300000,13.80000000,12.60700000,13.23400000,762060.50000000,1712275199999,2024-04-04 23:59:59,10098005.12431000,78467,363694.06000000,4823326.77146000
1712275200000,2024-04-05 00:00:00,13.23400000,13.72000000,12.50000000,13.41400000,907816.42000000,1712361599999,2024-04-05 23:59:59,11880518.84993000,79037,455394.21000000,5964382.76443000
1712361600000,2024-04-06 00:00:00,13.41400000,14.23900000,13.16900000,13.61900000,666427.11000000,1712447999999,2024-04-06 23:59:59,9173679.31762000,68854,357381.92000000,4923128.70503000
1712448000000,2024-04-07 00:00:00,13.62200000,14.53000000,13.57900000,14.06000000,729425.26000000,1712534399999,2024-04-07 23:59:59,10346848.15407000,75721,397283.12000000,5634401.04746000
1712534400000,2024-04-08 00:00:00,14.06200000,14.56000000,13.68300000,14.25600000,548879.62000000,1712620799999,2024-04-08 23:59:59,7789507.69874000,48630,269784.01000000,3831169.74548000
1712620800000,2024-04-09 00:00:00,14.26000000,14.68000000,13.55700000,13.72600000,1006744.90000000,1712707199999,2024-04-09 23:59:59,14111663.87180000,82959,502535.71000000,7049319.88299000
1712707200000,2024-04-10 00:00:00,13.72600000,14.22600000,13.09000000,13.72700000,871401.79000000,1712793599999,2024-04-10 23:59:59,11882693.33703000,79134,410555.79000000,5601000.46428000
1712793600000,2024-04-11 00:00:00,13.72700000,13.99000000,13.35000000,13.40800000,370891.04000000,1712879999999,2024-04-11 23:59:59,5069725.48509000,38546,163912.21000000,2244158.27996000
1712880000000,2024-04-12 00:00:00,13.40700000,13.56000000,10.02000000,10.34900000,2015629.13000000,1712966399999,2024-04-12 23:59:59,23696850.67537000,179739,942485.68000000,11059815.06201000
1712966400000,2024-04-13 00:00:00,10.34900000,10.35000000,6.90300000,8.16300000,3656870.60000000,1713052799999,2024-04-13 23:59:59,32544536.67513000,328970,1753532.59000000,15599438.45594000
1713052800000,2024-04-14 00:00:00,8.16200000,9.14500000,7.83300000,8.96500000,1708721.79000000,1713139199999,2024-04-14 23:59:59,14489384.24555000,189808,867068.29000000,7350469.84285000
1713139200000,2024-04-15 00:00:00,8.96300000,9.28400000,7.99300000,8.31100000,959424.29000000,1713225599999,2024-04-15 23:59:59,8345773.81235000,102575,466363.00000000,4059510.68395000
1713225600000,2024-04-16 00:00:00,8.31500000,8.59200000,7.94700000,8.51000000,625205.91000000,1713311999999,2024-04-16 23:59:59,5187545.45095000,65738,307147.76000000,2548521.86374000
1713312000000,2024-04-17 00:00:00,8.50900000,8.61600000,7.92800000,8.26700000,722226.70000000,1713398399999,2024-04-17 23:59:59,5995053.80239000,76726,357940.18000000,2974220.84968000
1713398400000,2024-04-18 00:00:00,8.26500000,8.74000000,8.05100000,8.65800000,510501.82000000,1713484799999,2024-04-18 23:59:59,4277766.22924000,61189,254095.31000000,2130728.74997000
1713484800000,2024-04-19 00:00:00,8.65500000,9.08500000,7.95200000,8.76200000,642381.20000000,1713571199999,2024-04-19 23:59:59,5530099.55969000,75369,311088.92000000,2687742.06953000
1713571200000,2024-04-20 00:00:00,8.76300000,9.44500000,8.59100000,9.39800000,431819.65000000,1713657599999,2024-04-20 23:59:59,3898869.70980000,42825,229372.23000000,2071728.28838000
1713657600000,2024-04-21 00:00:00,9.40100000,9.40500000,8.88500000,9.07900000,350417.46000000,1713743999999,2024-04-21 23:59:59,3202366.88319000,35647,171905.10000000,1572010.64201000
1713744000000,2024-04-22 00:00:00,9.07900000,9.36400000,9.03600000,9.16500000,598548.76000000,1713830399999,2024-04-22 23:59:59,5488595.10209000,68043,300968.91000000,2759726.91543000
1713830400000,2024-04-23 00:00:00,9.16600000,9.29500000,8.95600000,9.12600000,544027.51000000,1713916799999,2024-04-23 23:59:59,4966880.48283000,51838,246455.93000000,2250808.74561000
1713916800000,2024-04-24 00:00:00,9.12400000,9.61000000,8.82600000,8.94200000,786780.58000000,1714003199999,2024-04-24 23:59:59,7256870.22950000,66730,397798.13000000,3673572.64369000
1714003200000,2024-04-25 00:00:00,8.95000000,9.23600000,8.58200000,9.07900000,430353.43000000,1714089599999,2024-04-25 23:59:59,3826369.33690000,38009,201102.59000000,1788472.00350000
1714089600000,2024-04-26 00:00:00,9.07900000,9.11100000,8.67100000,8.71800000,365669.01000000,1714175999999,2024-04-26 23:59:59,3237081.52394000,31530,183658.56000000,1626673.64693000
1714176000000,2024-04-27 00:00:00,8.72400000,9.11000000,8.38700000,8.97600000,541738.61000000,1714262399999,2024-04-27 23:59:59,4788616.70227000,43897,271892.28000000,2403514.01252000
1714262400000,2024-04-28 00:00:00,8.98100000,9.10000000,8.67200000,8.68500000,237892.25000000,1714348799999,2024-04-28 23:59:59,2125213.66582000,20754,126444.95000000,1130084.52822000
1714348800000,2024-04-29 00:00:00,8.68500000,8.82800000,8.40000000,8.77300000,333616.63000000,1714435199999,2024-04-29 23:59:59,2871334.82791000,32529,167172.37000000,1438670.65887000
1714435200000,2024-04-30 00:00:00,8.77400000,8.86300000,7.82500000,8.35400000,554958.82000000,1714521599999,2024-04-30 23:59:59,4550972.91421000,44759,241505.09000000,1981505.92105000
1714521600000,2024-05-01 00:00:00,8.35500000,8.45700000,7.75100000,8.37600000,665300.51000000,1714607999999,2024-05-01 23:59:59,5355906.39736000,61242,321164.21000000,2585258.26328000
1714608000000,2024-05-02 00:00:00,8.37500000,8.53900000,8.08600000,8.40300000,394349.38000000,1714694399999,2024-05-02 23:59:59,3280619.43834000,29726,204440.61000000,1700171.53179000
1714694400000,2024-05-03 00:00:00,8.40200000,9.49400000,8.32100000,8.77500000,1012286.59000000,1714780799999,2024-05-03 23:59:59,8933278.46699000,99136,507119.84000000,4476680.05386000
1714780800000,2024-05-04 00:00:00,8.77500000,8.88200000,8.63300000,8.64300000,356564.41000000,1714867199999,2024-05-04 23:59:59,3114302.31755000,27375,176164.85000000,1539028.40226000
1714867200000,2024-05-05 00:00:00,8.64600000,8.92300000,8.41700000,8.76500000,368764.27000000,1714953599999,2024-05-05 23:59:59,3186453.94400000,25698,174387.37000000,1506623.32241000
1714953600000,2024-05-06 00:00:00,8.77100000,9.09600000,8.58500000,8.64300000,499311.87000000,1715039999999,2024-05-06 23:59:59,4402009.53861000,43580,231962.57000000,2047043.28878000
1715040000000,2024-05-07 00:00:00,8.64500000,8.77400000,8.31300000,8.33200000,244510.22000000,1715126399999,2024-05-07 23:59:59,2099308.52609000,26790,111323.65000000,956240.43895000
1715126400000,2024-05-08 00:00:00,8.32300000,8.38500000,7.87700000,8.06100000,499004.11000000,1715212799999,2024-05-08 23:59:59,4034597.83103000,49236,252526.67000000,2041140.12912000
1715212800000,2024-05-09 00:00:00,8.06300000,8.32800000,7.89000000,8.27800000,290535.20000000,1715299199999,2024-05-09 23:59:59,2359470.54891000,27311,143466.21000000,1165120.02731000
1715299200000,2024-05-10 00:00:00,8.27800000,8.37600000,7.72800000,7.90600000,320619.25000000,1715385599999,2024-05-10 23:59:59,2573705.19438000,27659,158974.19000000,1275758.49770000
1715385600000,2024-05-11 00:00:00,7.90700000,8.03900000,7.70700000,7.73200000,206928.93000000,1715471999999,2024-05-11 23:59:59,1625653.57385000,20629,107558.78000000,844834.31404000
1715472000000,2024-05-12 00:00:00,7.72400000,8.02700000,7.66500000,7.77500000,235114.32000000,1715558399999,2024-05-12 23:59:59,1847588.09283000,25267,106379.92000000,836274.27345000
1715558400000,2024-05-13 00:00:00,7.77200000,7.83500000,7.29200000,7.59700000,379560.79000000,1715644799999,2024-05-13 23:59:59,2888338.32595000,38312,193471.01000000,1471251.76577000
1715644800000,2024-05-14 00:00:00,7.59900000,7.66800000,7.03500000,7.34900000,536814.73000000,1715731199999,2024-05-14 23:59:59,3935876.89505000,51158,276655.92000000,2026656.08106000
1715731200000,2024-05-15 00:00:00,7.34800000,8.23400000,7.33000000,7.83800000,2144252.38000000,1715817599999,2024-05-15 23:59:59,16900695.71354000,193735,1084211.40000000,8549665.03245000
1715817600000,2024-05-16 00:00:00,7.83700000,7.92900000,7.28500000,7.35800000,865860.69000000,1715903999999,2024-05-16 23:59:59,6555831.66388000,67985,422148.50000000,3200972.22288000
1715904000000,2024-05-17 00:00:00,7.35800000,7.76300000,7.22500000,7.60600000,1040026.57000000,1715990399999,2024-05-17 23:59:59,7731430.27409000,114898,528514.41000000,3932310.76930000
1715990400000,2024-05-18 00:00:00,7.60600000,7.95000000,7.58300000,7.86900000,399416.34000000,1716076799999,2024-05-18 23:59:59,3131123.93825000,29896,171378.80000000,1343076.44471000
1716076800000,2024-05-19 00:00:00,7.86600000,7.90000000,7.36000000,7.42800000,223514.43000000,1716163199999,2024-05-19 23:59:59,1706456.89179000,18698,102489.81000000,781580.21133000
1716163200000,2024-05-20 00:00:00,7.42600000,8.25100000,7.20000000,8.25000000,526252.37000000,1716249599999,2024-05-20 23:59:59,4038255.81673000,40708,249664.56000000,1919965.55944000
1716249600000,2024-05-21 00:00:00,8.24900000,9.15900000,8.18200000,8.99000000,1513521.33000000,1716335999999,2024-05-21 23:59:59,13297017.28236000,156154,821747.01000000,7224545.05114000
1716336000000,2024-05-22 00:00:00,8.98900000,9.64000000,8.80000000,9.45300000,1370478.10000000,1716422399999,2024-05-22 23:59:59,12735795.28418000,154333,724401.96000000,6735386.50567000
1716422400000,2024-05-23 00:00:00,9.45100000,9.76700000,8.46800000,8.64600000,1348598.25000000,1716508799999,2024-05-23 23:59:59,12167232.05652000,122312,647400.90000000,5858223.41043000
1716508800000,2024-05-24 00:00:00,8.64500000,9.09300000,8.55800000,8.78100000,396336.54000000,1716595199999,2024-05-24 23:59:59,3478608.16619000,30860,196924.62000000,1727651.32955000
1716595200000,2024-05-25 00:00:00,8.78100000,9.19600000,8.72000000,8.84100000,441524.79000000,1716681599999,2024-05-25 23:59:59,3984106.80055000,33857,215066.22000000,1939872.98263000
1716681600000,2024-05-26 00:00:00,8.83700000,9.61700000,8.68800000,9.58400000,724250.34000000,1716767999999,2024-05-26 23:59:59,6714833.31309000,55246,383833.74000000,3562735.87744000
1716768000000,2024-05-27 00:00:00,9.58400000,9.79000000,9.15100000,9.29500000,728698.98000000,1716854399999,2024-05-27 23:59:59,6874218.55919000,53262,313300.96000000,2961241.06533000
1716854400000,2024-05-28 00:00:00,9.29500000,9.44600000,8.86400000,9.13800000,549443.58000000,1716940799999,2024-05-28 23:59:59,5034553.70192000,58463,222748.06000000,2041172.05988000
1716940800000,2024-05-29 00:00:00,9.13300000,9.44300000,8.72000000,8.76200000,609825.99000000,1717027199999,2024-05-29 23:59:59,5546086.30591000,50725,302269.21000000,2747410.89688000
1717027200000,2024-05-30 00:00:00,8.76100000,8.98200000,8.29500000,8.93100000,556433.79000000,1717113599999,2024-05-30 23:59:59,4813960.48219000,41125,271531.06000000,2348275.36510000
1717113600000,2024-05-31 00:00:00,8.93100000,9.08200000,8.67800000,8.79700000,391100.54000000,1717199999999,2024-05-31 23:59:59,3452752.78187000,38508,174758.34000000,1543972.95860000
1717200000000,2024-06-01 00:00:00,8.79800000,9.00500000,8.68700000,8.89400000,197938.37000000,1717286399999,2024-06-01 23:59:59,1749687.02211000,16461,96260.09000000,851461.46262000
1717286400000,2024-06-02 00:00:00,8.89300000,9.05600000,8.62000000,8.77900000,283989.77000000,1717372799999,2024-06-02 23:59:59,2508367.57062000,28175,138862.55000000,1226359.51360000
1717372800000,2024-06-03 00:00:00,8.77100000,8.99900000,8.64000000,8.85900000,360397.20000000,1717459199999,2024-06-03 23:59:59,3178015.68010000,32304,173003.18000000,1526359.10467000
1717459200000,2024-06-04 00:00:00,8.85100000,9.36800000,8.79000000,9.10800000,465347.59000000,1717545599999,2024-06-04 23:59:59,4204875.91394000,37970,236139.19000000,2133077.32279000
1717545600000,2024-06-05 00:00:00,9.10900000,9.24800000,8.95100000,9.21900000,249233.14000000,1717631999999,2024-06-05 23:59:59,2270882.02680000,21351,107977.42000000,983990.03934000
1717632000000,2024-06-06 00:00:00,9.21600000,9.44000000,9.09400000,9.33000000,365717.34000000,1717718399999,2024-06-06 23:59:59,3388232.90287000,35971,165322.24000000,1532658.16229000
1717718400000,2024-06-07 00:00:00,9.33000000,9.37000000,7.49500000,8.35600000,642266.00000000,1717804799999,2024-06-07 23:59:59,5531829.42654000,64894,312981.87000000,2690799.70329000
1717804800000,2024-06-08 00:00:00,8.35400000,8.67300000,8.01100000,8.07400000,361876.04000000,1717891199999,2024-06-08 23:59:59,3007586.03391000,38093,182910.74000000,1519105.69598000
1717891200000,2024-06-09 00:00:00,8.07100000,8.36900000,8.00000000,8.23800000,202933.31000000,1717977599999,2024-06-09 23:59:59,1660545.35855000,19980,89276.76000000,731146.19287000
1717977600000,2024-06-10 00:00:00,8.24200000,8.24200000,7.83000000,7.90600000,255625.45000000,1718063999999,2024-06-10 23:59:59,2053636.82800000,20014,118546.41000000,952809.33353000
1718064000000,2024-06-11 00:00:00,7.90100000,7.93800000,7.38000000,7.50300000,355418.22000000,1718150399999,2024-06-11 23:59:59,2722576.84154000,26172,166104.31000000,1271443.62615000
1718150400000,2024-06-12 00:00:00,7.50800000,8.02700000,7.31200000,7.78300000,283444.61000000,1718236799999,2024-06-12 23:59:59,2192688.82546000,22273,145676.72000000,1126371.08493000
1718236800000,2024-06-13 00:00:00,7.79000000,7.83500000,7.25200000,7.31600000,310707.75000000,1718323199999,2024-06-13 23:59:59,2325551.88662000,23490,155098.19000000,1160253.07433000
1718323200000,2024-06-14 00:00:00,7.32200000,7.57000000,6.80000000,7.03100000,498257.05000000,1718409599999,2024-06-14 23:59:59,3561505.31009000,33018,239847.70000000,1722517.56223000
1718409600000,2024-06-15 00:00:00,7.03100000,7.23000000,6.99300000,7.06600000,184126.48000000,1718495999999,2024-06-15 23:59:59,1314035.11369000,16572,95828.02000000,684067.45939000
1718496000000,2024-06-16 00:00:00,7.07000000,7.13700000,6.87600000,7.07700000,211217.75000000,1718582399999,2024-06-16 23:59:59,1482335.84018000,16784,104271.65000000,731862.35433000
1718582400000,2024-06-17 00:00:00,7.07700000,7.11200000,6.15400000,6.17000000,685628.15000000,1718668799999,2024-06-17 23:59:59,4521204.26892000,43426,345108.11000000,2274774.56801000
1718668800000,2024-06-18 00:00:00,6.17000000,7.10000000,5.23000000,5.72200000,1988650.49000000,1718755199999,2024-06-18 23:59:59,11419693.64185000,168058,1038833.52000000,5968212.05740000
1718755200000,2024-06-19 00:00:00,5.72000000,5.92900000,5.38400000,5.47200000,796715.67000000,1718841599999,2024-06-19 23:59:59,4497490.50029000,63219,442382.32000000,2494402.32355000
1718841600000,2024-06-20 00:00:00,5.46900000,5.75700000,5.37900000,5.45900000,789008.21000000,1718927999999,2024-06-20 23:59:59,4397825.66079000,58208,407837.44000000,2273659.50096000
1718928000000,2024-06-21 00:00:00,5.45900000,5.58900000,5.29200000,5.30100000,590115.30000000,1719014399999,2024-06-21 23:59:59,3205064.70045000,43831,290019.02000000,1575567.85690000
1719014400000,2024-06-22 00:00:00,5.30000000,5.31500000,5.08800000,5.11800000,460671.08000000,1719100799999,2024-06-22 23:59:59,2399055.08666000,38985,202731.13000000,1056250.48069000
1719100800000,2024-06-23 00:00:00,5.12300000,5.35900000,4.98000000,5.05400000,443823.23000000,1719187199999,2024-06-23 23:59:59,2301291.08061000,25955,211548.82000000,1099196.19949000
1719187200000,2024-06-24 00:00:00,5.05900000,5.13200000,4.75100000,5.05500000,1133841.79000000,1719273599999,2024-06-24 23:59:59,5576207.89594000,56909,580003.11000000,2853655.17966000
1719273600000,2024-06-25 00:00:00,5.05400000,5.24900000,4.99600000,5.12700000,534017.50000000,1719359999999,2024-06-25 23:59:59,2742525.98569000,35272,237127.67000000,1217892.76671000
1719360000000,2024-06-26 00:00:00,5.12900000,5.19600000,4.85000000,4.89200000,444973.28000000,1719446399999,2024-06-26 23:59:59,2229423.77258000,23691,200220.46000000,1003562.91741000
1719446400000,2024-06-27 00:00:00,4.89000000,5.13900000,4.84600000,5.01200000,419772.61000000,1719532799999,2024-06-27 23:59:59,2104247.14451000,26777,197623.28000000,990121.20382000
1719532800000,2024-06-28 00:00:00,5.01000000,5.06800000,4.66000000,4.67900000,723622.24000000,1719619199999,2024-06-28 23:59:59,3516568.47589000,46426,327423.24000000,1591544.81721000
1719619200000,2024-06-29 00:00:00,4.68000000,4.83500000,4.64000000,4.65000000,259545.32000000,1719705599999,2024-06-29 23:59:59,1231179.99120000,14477,112076.60000000,531463.96552000
1719705600000,2024-06-30 00:00:00,4.65000000,4.89000000,4.62000000,4.87000000,274059.30000000,1719791999999,2024-06-30 23:59:59,1305449.67095000,16940,131620.61000000,627014.73386000
1719792000000,2024-07-01 00:00:00,4.87100000,4.94600000,4.54200000,4.63100000,978344.30000000,1719878399999,2024-07-01 23:59:59,4566380.61664000,56802,438999.94000000,2047887.58178000
1719878400000,2024-07-02 00:00:00,4.62800000,5.14300000,4.61300000,4.82200000,2241541.09000000,1719964799999,2024-07-02 23:59:59,10935912.21041000,114158,1083140.31000000,5293557.83900000
1719964800000,2024-07-03 00:00:00,4.82500000,4.98800000,4.44400000,4.46900000,1457122.99000000,1720051199999,2024-07-03 23:59:59,6879591.64701000,68304,622280.43000000,2947637.23243000
1720051200000,2024-07-04 00:00:00,4.46600000,4.51000000,4.00100000,4.03000000,1088385.48000000,1720137599999,2024-07-04 23:59:59,4673645.53077000,47771,528413.55000000,2270511.07924000
1720137600000,2024-07-05 00:00:00,4.02900000,4.03900000,3.41300000,3.90700000,1879286.05000000,1720223999999,2024-07-05 23:59:59,7042561.57125000,78706,911428.81000000,3409210.82457000
1720224000000,2024-07-06 00:00:00,3.90400000,4.28300000,3.83500000,4.24900000,613498.89000000,1720310399999,2024-07-06 23:59:59,2478446.45937000,40497,313144.19000000,1263247.68160000
1720310400000,2024-07-07 00:00:00,4.24800000,4.35500000,3.98300000,4.01000000,668621.74000000,1720396799999,2024-07-07 23:59:59,2798495.28066000,52117,306349.70000000,1283160.72863000
1720396800000,2024-07-08 00:00:00,4.01300000,4.39600000,3.84100000,4.13600000,788586.70000000,1720483199999,2024-07-08 23:59:59,3276465.07172000,52835,376544.54000000,1565480.02076000
1720483200000,2024-07-09 00:00:00,4.13500000,4.28200000,4.06800000,4.24800000,501910.70000000,1720569599999,2024-07-09 23:59:59,2089980.64012000,33991,253599.13000000,1056491.28590000
1720569600000,2024-07-10 00:00:00,4.25300000,4.31100000,4.11600000,4.15000000,435732.54000000,1720655999999,2024-07-10 23:59:59,1841677.65954000,26878,213489.58000000,903240.59528000
1720656000000,2024-07-11 00:00:00,4.15000000,4.32000000,4.09700000,4.12200000,564454.55000000,1720742399999,2024-07-11 23:59:59,2371061.14429000,35191,260817.52000000,1095866.56025000
1720742400000,2024-07-12 00:00:00,4.12400000,4.21800000,4.03200000,4.21200000,365359.62000000,1720828799999,2024-07-12 23:59:59,1518230.10264000,21610,168380.51000000,699989.52744000
1720828800000,2024-07-13 00:00:00,4.21200000,4.27500000,4.14000000,4.19100000,368531.71000000,1720915199999,2024-07-13 23:59:59,1550963.66440000,20976,179810.16000000,757018.67527000
1720915200000,2024-07-14 00:00:00,4.19200000,4.32600000,4.18300000,4.30300000,539101.22000000,1721001599999,2024-07-14 23:59:59,2302235.95002000,36935,336814.44000000,1438871.07344000
1721001600000,2024-07-15 00:00:00,4.30100000,4.60000000,4.27600000,4.55700000,909364.59000000,1721087999999,2024-07-15 23:59:59,4008737.82990000,42624,446013.20000000,1965547.20226000
1721088000000,2024-07-16 00:00:00,4.56100000,4.73500000,4.45900000,4.65300000,1855603.05000000,1721174399999,2024-07-16 23:59:59,8503450.85024000,79263,929167.79000000,4261299.19693000
1721174400000,2024-07-17 00:00:00,4.64800000,4.73500000,4.47200000,4.57700000,970949.42000000,1721260799999,2024-07-17 23:59:59,4507951.03231000,47290,464573.04000000,2158391.87249000
1721260800000,2024-07-18 00:00:00,4.58000000,4.78900000,4.38100000,4.50600000,743815.32000000,1721347199999,2024-07-18 23:59:59,3426288.44429000,42313,338579.02000000,1560167.65222000
1721347200000,2024-07-19 00:00:00,4.50600000,4.71500000,4.40300000,4.69900000,696091.90000000,1721433599999,2024-07-19 23:59:59,3200143.32267000,41093,336227.94000000,1546790.43011000
1721433600000,2024-07-20 00:00:00,4.69800000,4.80700000,4.55600000,4.79800000,482425.05000000,1721519999999,2024-07-20 23:59:59,2261055.12322000,29063,234831.42000000,1100497.62921000
1721520000000,2024-07-21 00:00:00,4.79800000,4.96700000,4.49500000,4.80200000,800160.01000000,1721606399999,2024-07-21 23:59:59,3797955.35974000,46970,389180.97000000,1848712.24467000
1721606400000,2024-07-22 00:00:00,4.80300000,4.87900000,4.42000000,4.47400000,670243.70000000,1721692799999,2024-07-22 23:59:59,3115439.78859000,37524,337432.24000000,1570505.00584000
1721692800000,2024-07-23 00:00:00,4.47200000,4.64500000,4.20900000,4.25200000,805250.75000000,1721779199999,2024-07-23 23:59:59,3561558.31736000,42682,367783.10000000,1628589.98991000
1721779200000,2024-07-24 00:00:00,4.24700000,4.45500000,4.08600000,4.12500000,482365.62000000,1721865599999,2024-07-24 23:59:59,2060477.71305000,24008,238162.78000000,1017880.46113000
1721865600000,2024-07-25 00:00:00,4.12800000,4.15300000,3.89100000,4.05300000,564689.18000000,1721951999999,2024-07-25 23:59:59,2260615.02033000,30052,256760.74000000,1029316.53054000
1721952000000,2024-07-26 00:00:00,4.05300000,4.37200000,4.04500000,4.35100000,418410.59000000,1722038399999,2024-07-26 23:59:59,1777297.59185000,21830,253023.22000000,1075522.10578000
1722038400000,2024-07-27 00:00:00,4.35500000,4.43500000,4.20100000,4.34500000,454228.65000000,1722124799999,2024-07-27 23:59:59,1970665.51335000,25507,224542.93000000,975217.75637000
1722124800000,2024-07-28 00:00:00,4.34500000,4.35400000,4.17300000,4.21900000,383603.49000000,1722211199999,2024-07-28 23:59:59,1639365.44228000,17157,210753.45000000,900911.21975000
1722211200000,2024-07-29 00:00:00,4.21600000,4.41300000,4.17300000,4.18800000,429584.05000000,1722297599999,2024-07-29 23:59:59,1844803.47295000,24379,192894.38000000,828338.29646000
1722297600000,2024-07-30 00:00:00,4.18700000,4.26700000,4.00500000,4.03400000,338817.18000000,1722383999999,2024-07-30 23:59:59,1404979.95287000,17941,153699.89000000,638216.85156000
1722384000000,2024-07-31 00:00:00,4.03600000,4.16400000,3.89200000,3.90900000,393415.80000000,1722470399999,2024-07-31 23:59:59,1589124.23036000,22452,190398.11000000,769756.60794000
1722470400000,2024-08-01 00:00:00,3.90800000,3.92900000,3.46700000,3.75900000,746608.21000000,1722556799999,2024-08-01 23:59:59,2777689.72063000,41012,352458.16000000,1310701.48045000
1722556800000,2024-08-02 00:00:00,3.75900000,3.80200000,3.33900000,3.38200000,808645.66000000,1722643199999,2024-08-02 23:59:59,2880065.61827000,43560,393542.01000000,1404851.67326000
1722643200000,2024-08-03 00:00:00,3.38000000,3.40900000,2.96800000,2.99700000,986180.61000000,1722729599999,2024-08-03 23:59:59,3151196.89616000,46224,508890.56000000,1630265.89516000
1722729600000,2024-08-04 00:00:00,2.99700000,3.11800000,2.67900000,2.74800000,1369610.27000000,1722815999999,2024-08-04 23:59:59,3960126.28532000,56805,697069.94000000,2015079.61822000
1722816000000,2024-08-05 00:00:00,2.74800000,2.78900000,2.22600000,2.60800000,2841828.22000000,1722902399999,2024-08-05 23:59:59,7164189.54789000,131130,1425484.06000000,3584124.80723000
1722902400000,2024-08-06 00:00:00,2.61000000,2.86100000,2.60700000,2.80800000,831147.31000000,1722988799999,2024-08-06 23:59:59,2308744.13490000,41792,393103.96000000,1091209.09906000
1722988800000,2024-08-07 00:00:00,2.80700000,2.92600000,2.65500000,2.71200000,700957.30000000,1723075199999,2024-08-07 23:59:59,1974436.26163000,37144,337649.01000000,952321.93758000
1723075200000,2024-08-08 00:00:00,2.71300000,3.06500000,2.66200000,3.05300000,621593.94000000,1723161599999,2024-08-08 23:59:59,1804371.49541000,29582,290919.90000000,845103.01555000
1723161600000,2024-08-09 00:00:00,3.05000000,3.05100000,2.91100000,2.99200000,390081.91000000,1723247999999,2024-08-09 23:59:59,1161769.26373000,17269,189310.62000000,563710.08977000
1723248000000,2024-08-10 00:00:00,2.99200000,3.13900000,2.92600000,3.05100000,600044.66000000,1723334399999,2024-08-10 23:59:59,1827407.80166000,25213,321291.98000000,979408.84009000
1723334400000,2024-08-11 00:00:00,3.04800000,3.24200000,2.82700000,2.83800000,942554.38000000,1723420799999,2024-08-11 23:59:59,2898526.75034000,32387,476408.35000000,1467706.34399000
1723420800000,2024-08-12 00:00:00,2.83900000,3.21400000,2.83900000,3.11200000,749739.38000000,1723507199999,2024-08-12 23:59:59,2298544.79770000,29845,372712.54000000,1141648.97954000
1723507200000,2024-08-13 00:00:00,3.10900000,3.16900000,2.99200000,3.10700000,339631.81000000,1723593599999,2024-08-13 23:59:59,1046606.44217000,16370,155709.29000000,480012.60304000
1723593600000,2024-08-14 00:00:00,3.10400000,3.18300000,2.95900000,3.02400000,593415.60000000,1723679999999,2024-08-14 23:59:59,1823058.01622000,23828,295431.80000000,908399.54831000
1723680000000,2024-08-15 00:00:00,3.02400000,3.06400000,2.81100000,2.87800000,666188.81000000,1723766399999,2024-08-15 23:59:59,1982429.67721000,24574,307909.19000000,915906.51929000
1723766400000,2024-08-16 00:00:00,2.88000000,2.91800000,2.75600000,2.85400000,420699.41000000,1723852799999,2024-08-16 23:59:59,1197114.75404000,18349,201452.15000000,572947.82998000
1723852800000,2024-08-17 00:00:00,2.85200000,2.97300000,2.82700000,2.97100000,420558.23000000,1723939199999,2024-08-17 23:59:59,1214684.39928000,14721,206690.87000000,597804.65550000
1723939200000,2024-08-18 00:00:00,2.97000000,3.11900000,2.92500000,3.00400000,616755.05000000,1724025599999,2024-08-18 23:59:59,1868531.65014000,19015,300302.62000000,910982.26469000
1724025600000,2024-08-19 00:00:00,3.00500000,3.11900000,2.93400000,3.11400000,675026.75000000,1724111999999,2024-08-19 23:59:59,2030229.17778000,22273,328773.21000000,990017.01316000
1724112000000,2024-08-20 00:00:00,3.11200000,3.20200000,3.07000000,3.14100000,518993.40000000,1724198399999,2024-08-20 23:59:59,1627635.16863000,20536,227079.17000000,712440.26617000
1724198400000,2024-08-21 00:00:00,3.14100000,3.26300000,3.07300000,3.25800000,610387.08000000,1724284799999,2024-08-21 23:59:59,1941529.38220000,21433,298951.64000000,951709.20818000
1724284800000,2024-08-22 00:00:00,3.25800000,3.53500000,3.19900000,3.39000000,956375.09000000,1724371199999,2024-08-22 23:59:59,3254843.89405000,34614,470425.59000000,1601197.42468000
1724371200000,2024-08-23 00:00:00,3.39000000,3.77500000,3.38300000,3.73800000,980177.65000000,1724457599999,2024-08-23 23:59:59,3481802.04920000,35528,514993.32000000,1829479.45607000
1724457600000,2024-08-24 00:00:00,3.73900000,4.90000000,3.70600000,4.40300000,5935531.74000000,1724543999999,2024-08-24 23:59:59,26534632.75717000,276202,3018861.23000000,13494615.95980000
1724544000000,2024-08-25 00:00:00,4.40300000,4.43000000,4.11600000,4.21900000,2042813.91000000,1724630399999,2024-08-25 23:59:59,8698654.64392000,89421,1005587.76000000,4284888.98106000
1724630400000,2024-08-26 00:00:00,4.21600000,4.22500000,3.68200000,3.71300000,1126537.45000000,1724716799999,2024-08-26 23:59:59,4462105.28146000,51719,542313.90000000,2148059.41643000
1724716800000,2024-08-27 00:00:00,3.71000000,3.87500000,3.52900000,3.61000000,1479677.71000000,1724803199999,2024-08-27 23:59:59,5552039.68533000,61489,732645.17000000,2755478.98871000
1724803200000,2024-08-28 00:00:00,3.60900000,3.68000000,3.35800000,3.51700000,786244.71000000,1724889599999,2024-08-28 23:59:59,2783537.23480000,43177,336544.18000000,1191928.27308000
1724889600000,2024-08-29 00:00:00,3.51600000,3.68600000,3.41700000,3.48700000,695489.12000000,1724975999999,2024-08-29 23:59:59,2477789.94366000,29885,338660.78000000,1209645.78910000
1724976000000,2024-08-30 00:00:00,3.48600000,3.51100000,3.21900000,3.42400000,707353.95000000,1725062399999,2024-08-30 23:59:59,2385622.50473000,35487,375133.36000000,1264830.35264000
1725062400000,2024-08-31 00:00:00,3.42500000,3.46000000,3.16900000,3.23600000,605726.24000000,1725148799999,2024-08-31 23:59:59,1978754.90436000,19681,240012.21000000,785263.82766000
1725148800000,2024-09-01 00:00:00,3.23400000,3.40900000,3.08700000,3.12800000,1464705.72000000,1725235199999,2024-09-01 23:59:59,4787054.69241000,52142,752237.02000000,2461349.43933000
1725235200000,2024-09-02 00:00:00,3.12500000,3.40700000,3.10900000,3.36000000,558058.45000000,1725321599999,2024-09-02 23:59:59,1824736.67856000,22448,265030.15000000,865010.99488000
1725321600000,2024-09-03 00:00:00,3.36200000,3.40900000,3.12000000,3.12400000,515444.69000000,1725407999999,2024-09-03 23:59:59,1682244.08405000,21027,240643.19000000,786295.46425000
1725408000000,2024-09-04 00:00:00,3.12700000,3.32700000,2.95100000,3.27000000,521338.84000000,1725494399999,2024-09-04 23:59:59,1654211.83192000,23272,267930.75000000,849314.97415000
1725494400000,2024-09-05 00:00:00,3.27100000,3.28800000,3.08900000,3.11600000,344826.10000000,1725580799999,2024-09-05 23:59:59,1092410.51560000,17338,162292.46000000,514126.58445000
1725580800000,2024-09-06 00:00:00,3.11600000,3.19700000,2.90900000,3.02800000,622896.39000000,1725667199999,2024-09-06 23:59:59,1914156.59697000,21520,289213.99000000,888630.09470000
1725667200000,2024-09-07 00:00:00,3.03100000,3.13400000,3.00000000,3.05500000,285549.84000000,1725753599999,2024-09-07 23:59:59,876442.51344000,9729,145588.64000000,447594.55289000
1725753600000,2024-09-08 00:00:00,3.05800000,3.19700000,3.03200000,3.14800000,407556.98000000,1725839999999,2024-09-08 23:59:59,1270034.98911000,13815,199639.83000000,622421.18433000
1725840000000,2024-09-09 00:00:00,3.14900000,3.37200000,3.11900000,3.31200000,717741.46000000,1725926399999,2024-09-09 23:59:59,2333403.74769000,23392,378830.35000000,1232003.08725000
1725926400000,2024-09-10 00:00:00,3.31100000,3.46700000,3.27900000,3.46700000,511573.58000000,1726012799999,2024-09-10 23:59:59,1721901.17628000,17278,275326.79000000,928440.26655000
1726012800000,2024-09-11 00:00:00,3.46300000,3.54400000,3.22900000,3.32600000,725358.68000000,1726099199999,2024-09-11 23:59:59,2431762.76207000,30275,334179.79000000,1122071.66647000
1726099200000,2024-09-12 00:00:00,3.32800000,3.46100000,3.32800000,3.42000000,468718.41000000,1726185599999,2024-09-12 23:59:59,1595737.80598000,17048,233016.37000000,793953.95544000
1726185600000,2024-09-13 00:00:00,3.42100000,3.51100000,3.33000000,3.47100000,633518.15000000,1726271999999,2024-09-13 23:59:59,2164941.41542000,26415,317968.49000000,1088014.05864000
1726272000000,2024-09-14 00:00:00,3.47400000,3.61900000,3.46000000,3.52000000,718633.82000000,1726358399999,2024-09-14 23:59:59,2539162.99632000,24288,363085.82000000,1282715.94527000
1726358400000,2024-09-15 00:00:00,3.51700000,3.55700000,3.29900000,3.32300000,505560.74000000,1726444799999,2024-09-15 23:59:59,1747705.41373000,17586,236925.66000000,819397.32028000
1726444800000,2024-09-16 00:00:00,3.32100000,3.40100000,3.08800000,3.14100000,835671.39000000,1726531199999,2024-09-16 23:59:59,2700017.64797000,27152,399615.02000000,1291655.06146000
1726531200000,2024-09-17 00:00:00,3.13900000,3.35400000,3.09800000,3.27800000,606334.33000000,1726617599999,2024-09-17 23:59:59,1972600.34533000,26673,312470.73000000,1016879.73066000
1726617600000,2024-09-18 00:00:00,3.28000000,3.46900000,3.10000000,3.46300000,794383.10000000,1726703999999,2024-09-18 23:59:59,2594015.92527000,32053,407683.78000000,1334407.31598000
1726704000000,2024-09-19 00:00:00,3.46300000,3.80000000,3.40400000,3.56500000,2001199.22000000,1726790399999,2024-09-19 23:59:59,7234915.90046000,79935,974846.20000000,3526251.50419000
1726790400000,2024-09-20 00:00:00,3.56700000,3.75900000,3.50500000,3.64400000,1889876.13000000,1726876799999,2024-09-20 23:59:59,6883803.91313000,84764,926232.85000000,3381858.40684000
1726876800000,2024-09-21 00:00:00,3.64300000,3.78200000,3.53600000,3.74800000,713342.00000000,1726963199999,2024-09-21 23:59:59,2614857.50497000,31226,374394.79000000,1371920.85911000
1726963200000,2024-09-22 00:00:00,3.74800000,3.76700000,3.43500000,3.55600000,877675.72000000,1727049599999,2024-09-22 23:59:59,3136896.72615000,43571,435753.57000000,1557308.48285000
1727049600000,2024-09-23 00:00:00,3.55800000,3.71800000,3.47400000,3.64900000,1263128.57000000,1727135999999,2024-09-23 23:59:59,4602436.38006000,56360,612156.30000000,2231030.05057000
1727136000000,2024-09-24 00:00:00,3.64900000,3.80000000,3.55100000,3.78900000,1402988.74000000,1727222399999,2024-09-24 23:59:59,5122632.63971000,42711,686931.82000000,2511902.67379000
1727222400000,2024-09-25 00:00:00,3.78900000,3.87600000,3.59000000,3.60700000,1577617.89000000,1727308799999,2024-09-25 23:59:59,5892117.51974000,36546,637341.81000000,2379922.17076000
1727308800000,2024-09-26 00:00:00,3.60800000,3.83000000,3.56600000,3.76100000,2391994.61000000,1727395199999,2024-09-26 23:59:59,8965114.25152000,63042,1046079.12000000,3921573.24990000
1727395200000,2024-09-27 00:00:00,3.76100000,4.03200000,3.71600000,3.97700000,2135895.20000000,1727481599999,2024-09-27 23:59:59,8270236.71462000,50448,1010515.67000000,3919007.08624000
1727481600000,2024-09-28 00:00:00,3.97700000,4.07900000,3.65200000,3.73800000,1810090.03000000,1727567999999,2024-09-28 23:59:59,6910757.14988000,45780,771665.41000000,2946353.00994000
1727568000000,2024-09-29 00:00:00,3.74100000,3.81500000,3.55500000,3.71500000,1556573.79000000,1727654399999,2024-09-29 23:59:59,5748897.30594000,40113,706340.78000000,2610177.54023000
1727654400000,2024-09-30 00:00:00,3.71700000,3.78000000,3.42800000,3.46100000,1307017.16000000,1727740799999,2024-09-30 23:59:59,4750069.62534000,39165,599785.53000000,2181538.87617000
1727740800000,2024-10-01 00:00:00,3.46000000,3.62800000,2.93000000,3.04900000,2422850.40000000,1727827199999,2024-10-01 23:59:59,7821125.46548000,66292,1135090.92000000,3656138.97437000
1727827200000,2024-10-02 00:00:00,3.04800000,3.15100000,2.70000000,2.91900000,1915276.66000000,1727913599999,2024-10-02 23:59:59,5783740.85658000,43661,912889.09000000,2758358.90618000
1727913600000,2024-10-03 00:00:00,2.91800000,2.95800000,2.70900000,2.77500000,1496462.20000000,1727999999999,2024-10-03 23:59:59,4216509.22016000,39382,719794.53000000,2026191.76501000
1728000000000,2024-10-04 00:00:00,2.77300000,2.95200000,2.75100000,2.91800000,958737.17000000,1728086399999,2024-10-04 23:59:59,2751433.47987000,22154,521271.62000000,1496318.16319000
1728086400000,2024-10-05 00:00:00,2.91800000,3.01800000,2.82000000,2.89500000,778239.21000000,1728172799999,2024-10-05 23:59:59,2286967.19148000,17290,383598.54000000,1127127.06454000
1728172800000,2024-10-06 00:00:00,2.89500000,2.98400000,2.86900000,2.96600000,584184.09000000,1728259199999,2024-10-06 23:59:59,1705924.77571000,13212,304742.61000000,890281.80881000
1728259200000,2024-10-07 00:00:00,2.96500000,3.07200000,2.90700000,2.93600000,1230856.09000000,1728345599999,2024-10-07 23:59:59,3691064.83973000,25741,612857.48000000,1837896.51324000
1728345600000,2024-10-08 00:00:00,2.93600000,3.00000000,2.82300000,2.85200000,1036455.31000000,1728431999999,2024-10-08 23:59:59,2999848.35886000,23165,535995.98000000,1552323.23059000
1728432000000,2024-10-09 00:00:00,2.85000000,2.89700000,2.68100000,2.74200000,1127431.32000000,1728518399999,2024-10-09 23:59:59,3151283.33720000,27111,595546.16000000,1666426.62605000
1728518400000,2024-10-10 00:00:00,2.74000000,3.01200000,2.72000000,2.91300000,2244982.53000000,1728604799999,2024-10-10 23:59:59,6463647.26877000,48948,1140932.79000000,3287903.30278000
1728604800000,2024-10-11 00:00:00,2.91400000,3.07200000,2.80300000,2.98800000,1622929.34000000,1728691199999,2024-10-11 23:59:59,4754382.59670000,31768,865649.20000000,2538007.39807000
1728691200000,2024-10-12 00:00:00,2.98900000,3.10000000,2.97300000,3.04700000,1145346.16000000,1728777599999,2024-10-12 23:59:59,3484053.62490000,22232,582010.37000000,1770939.32524000
1728777600000,2024-10-13 00:00:00,3.04700000,3.07900000,2.87400000,2.98800000,1053147.67000000,1728863999999,2024-10-13 23:59:59,3121766.08043000,28007,516984.58000000,1532350.92159000
1728864000000,2024-10-14 00:00:00,2.98700000,3.20700000,2.93700000,3.16500000,1933791.19000000,1728950399999,2024-10-14 23:59:59,5988115.50167000,53327,950495.32000000,2942578.24802000
1728950400000,2024-10-15 00:00:00,3.16500000,3.24300000,2.98000000,3.09700000,1990872.27000000,1729036799999,2024-10-15 23:59:59,6188953.71160000,70029,955713.49000000,2970948.15361000
1729036800000,2024-10-16 00:00:00,3.09700000,3.15600000,2.89000000,2.94100000,1555124.48000000,1729123199999,2024-10-16 23:59:59,4648011.78366000,46558,752815.52000000,2247805.64378000
1729123200000,2024-10-17 00:00:00,2.94100000,2.98100000,2.78000000,2.86700000,917151.53000000,1729209599999,2024-10-17 23:59:59,2640165.95829000,30071,455403.14000000,1311798.35984000
1729209600000,2024-10-18 00:00:00,2.86700000,2.95000000,2.85600000,2.93200000,945560.36000000,1729295999999,2024-10-18 23:59:59,2752877.15445000,24955,467162.03000000,1360768.68789000
1729296000000,2024-10-19 00:00:00,2.93300000,2.99400000,2.88300000,2.95200000,574781.77000000,1729382399999,2024-10-19 23:59:59,1691629.47456000,17357,284176.99000000,836749.62753000
1729382400000,2024-10-20 00:00:00,2.95300000,3.43000000,2.89200000,3.37400000,5672818.05000000,1729468799999,2024-10-20 23:59:59,18354065.67834000,150697,2928453.10000000,9475041.02956000
1729468800000,2024-10-21 00:00:00,3.37600000,3.58800000,3.05700000,3.11700000,2871594.58000000,1729555199999,2024-10-21 23:59:59,9419525.17597000,80200,1430585.78000000,4695967.66258000
1729555200000,2024-10-22 00:00:00,3.11600000,3.20600000,3.01000000,3.10600000,1396346.45000000,1729641599999,2024-10-22 23:59:59,4329448.55191000,39579,670590.41000000,2078573.50111000
1729641600000,2024-10-23 00:00:00,3.10700000,3.13700000,2.81000000,2.94500000,1323608.24000000,1729727999999,2024-10-23 23:59:59,3935791.88845000,33420,617663.39000000,1838309.61745000
1729728000000,2024-10-24 00:00:00,2.94600000,3.05900000,2.90200000,3.01200000,1142403.76000000,1729814399999,2024-10-24 23:59:59,3408883.29535000,29288,589746.34000000,1757820.50582000
1729814400000,2024-10-25 00:00:00,3.01300000,3.07500000,2.57700000,2.71200000,1574963.22000000,1729900799999,2024-10-25 23:59:59,4556788.44462000,46753,780742.55000000,2260344.31887000
1729900800000,2024-10-26 00:00:00,2.71100000,2.77900000,2.64100000,2.73700000,1336874.07000000,1729987199999,2024-10-26 23:59:59,3638402.53178000,35125,673820.17000000,1833261.60682000
1729987200000,2024-10-27 00:00:00,2.73600000,2.91600000,2.71800000,2.86400000,1037452.67000000,1730073599999,2024-10-27 23:59:59,2923386.70947000,24598,514032.89000000,1449233.77133000
1730073600000,2024-10-28 00:00:00,2.86400000,3.01000000,2.73800000,2.92900000,2262542.89000000,1730159999999,2024-10-28 23:59:59,6507353.69817000,56703,1168289.23000000,3363229.08753000
1730160000000,2024-10-29 00:00:00,2.93000000,3.50900000,2.92800000,3.29400000,6674974.73000000,1730246399999,2024-10-29 23:59:59,21873394.60351000,153341,3432120.01000000,11255449.96997000
1730246400000,2024-10-30 00:00:00,3.29400000,3.44200000,3.23700000,3.28000000,3056965.28000000,1730332799999,2024-10-30 23:59:59,10198715.47670000,66085,1519054.21000000,5075015.62516000
1730332800000,2024-10-31 00:00:00,3.28100000,3.32300000,3.00200000,3.04100000,1412992.69000000,1730419199999,2024-10-31 23:59:59,4424335.63879000,31006,693064.60000000,2170062.44861000
1730419200000,2024-11-01 00:00:00,3.04300000,3.11000000,2.87400000,2.94700000,1285409.07000000,1730505599999,2024-11-01 23:59:59,3846119.76624000,28535,617605.17000000,1849028.91843000
1730505600000,2024-11-02 00:00:00,2.94600000,2.97800000,2.80500000,2.84200000,721276.74000000,1730591999999,2024-11-02 23:59:59,2081543.50448000,15411,376293.90000000,1087486.84657000
1730592000000,2024-11-03 00:00:00,2.84500000,2.85600000,2.63000000,2.73700000,1031492.06000000,1730678399999,2024-11-03 23:59:59,2816579.63794000,25716,508861.97000000,1388691.01194000
1730678400000,2024-11-04 00:00:00,2.73500000,2.81700000,2.61500000,2.68200000,990112.25000000,1730764799999,2024-11-04 23:59:59,2696311.46097000,23115,507492.27000000,1381991.50172000
1730764800000,2024-11-05 00:00:00,2.67900000,2.84300000,2.67600000,2.76600000,1034221.73000000,1730851199999,2024-11-05 23:59:59,2867757.18679000,21102,519290.00000000,1439807.03008000
1730851200000,2024-11-06 00:00:00,2.76800000,3.16000000,2.76800000,3.12200000,3038155.33000000,1730937599999,2024-11-06 23:59:59,9115328.18642000,61011,1568380.52000000,4711436.99898000
1730937600000,2024-11-07 00:00:00,3.12600000,3.30500000,3.12600000,3.23400000,2116546.96000000,1731023999999,2024-11-07 23:59:59,6803346.31349000,43645,1100545.77000000,3540084.05008000
1731024000000,2024-11-08 00:00:00,3.23800000,3.28200000,3.05100000,3.18000000,1366189.28000000,1731110399999,2024-11-08 23:59:59,4296772.84982000,31323,692859.17000000,2177774.78955000
1731110400000,2024-11-09 00:00:00,3.17900000,3.52800000,3.11700000,3.45300000,3166730.99000000,1731196799999,2024-11-09 23:59:59,10637273.52589000,76117,1652444.45000000,5552153.37465000
1731196800000,2024-11-10 00:00:00,3.45400000,3.80400000,3.37100000,3.70400000,3818879.81000000,1731283199999,2024-11-10 23:59:59,13910867.05225000,103039,1899457.67000000,6925328.93523000
1731283200000,2024-11-11 00:00:00,3.70600000,4.11300000,3.57900000,4.03600000,4591351.14000000,1731369599999,2024-11-11 23:59:59,17813788.91068000,129091,2406368.07000000,9344067.34476000
1731369600000,2024-11-12 00:00:00,4.03900000,4.05600000,3.50000000,3.73400000,3371523.83000000,1731455999999,2024-11-12 23:59:59,12742803.15421000,102947,1618423.18000000,6123980.71552000
1731456000000,2024-11-13 00:00:00,3.73400000,3.77100000,3.34300000,3.56600000,2756033.25000000,1731542399999,2024-11-13 23:59:59,9730901.54429000,92249,1322497.39000000,4673744.76544000
1731542400000,2024-11-14 00:00:00,3.56700000,3.88500000,3.42800000,3.50600000,2528469.39000000,1731628799999,2024-11-14 23:59:59,9247233.39811000,81866,1235929.70000000,4515567.80839000
1731628800000,2024-11-15 00:00:00,3.50400000,3.57400000,3.35000000,3.53900000,1452626.62000000,1731715199999,2024-11-15 23:59:59,5051867.29514000,39634,649053.47000000,2257159.53247000
1731715200000,2024-11-16 00:00:00,3.53600000,3.78900000,3.49800000,3.75300000,1711147.30000000,1731801599999,2024-11-16 23:59:59,6212275.92769000,48449,836322.89000000,3039405.31514000
1731801600000,2024-11-17 00:00:00,3.75200000,3.80400000,3.49300000,3.59700000,1727365.59000000,1731887999999,2024-11-17 23:59:59,6322166.52501000,52475,798058.50000000,2924000.88790000
1731888000000,2024-11-18 00:00:00,3.59900000,3.97700000,3.54700000,3.78700000,2529306.78000000,1731974399999,2024-11-18 23:59:59,9584319.22075000,76845,1307787.06000000,4960640.79682000
1731974400000,2024-11-19 00:00:00,3.78600000,3.78800000,3.47900000,3.59800000,1359151.27000000,1732060799999,2024-11-19 23:59:59,4965472.14242000,48505,669901.40000000,2450173.75334000
1732060800000,2024-11-20 00:00:00,3.59900000,3.59900000,3.31300000,3.38800000,1076674.46000000,1732147199999,2024-11-20 23:59:59,3731963.21422000,37169,535475.18000000,1854987.55667000
1732147200000,2024-11-21 00:00:00,3.38700000,3.83500000,3.28300000,3.80600000,2015084.26000000,1732233599999,2024-11-21 23:59:59,7337777.71187000,61189,986556.71000000,3593499.08661000
1732233600000,2024-11-22 00:00:00,3.80800000,3.89600000,3.66400000,3.82900000,1421425.21000000,1732319999999,2024-11-22 23:59:59,5381403.62772000,52718,698448.58000000,2644898.26529000
1732320000000,2024-11-23 00:00:00,3.82900000,4.18800000,3.77700000,4.12900000,3069760.09000000,1732406399999,2024-11-23 23:59:59,12299149.57882000,102082,1537369.03000000,6162071.63719000
1732406400000,2024-11-24 00:00:00,4.13000000,4.34800000,3.85300000,4.27800000,2740026.11000000,1732492799999,2024-11-24 23:59:59,11266825.49496000,100925,1309553.67000000,5388972.68644000
1732492800000,2024-11-25 00:00:00,4.28000000,4.33600000,3.95100000,4.06200000,2275601.08000000,1732579199999,2024-11-25 23:59:59,9504897.04201000,91872,1087571.52000000,4542380.17052000
1732579200000,2024-11-26 00:00:00,4.06100000,4.29700000,3.76600000,4.06600000,2047407.86000000,1732665599999,2024-11-26 23:59:59,8164298.87363000,90878,1013054.73000000,4039040.25560000
1732665600000,2024-11-27 00:00:00,4.06600000,4.44100000,4.00000000,4.41000000,1793598.81000000,1732751999999,2024-11-27 23:59:59,7618026.67252000,67957,924330.51000000,3926999.30261000
1732752000000,2024-11-28 00:00:00,4.41000000,4.48200000,4.22100000,4.39700000,1311512.16000000,1732838399999,2024-11-28 23:59:59,5695109.21839000,49234,683363.81000000,2965664.27860000
1732838400000,2024-11-29 00:00:00,4.39700000,4.49800000,4.29700000,4.42900000,1255150.18000000,1732924799999,2024-11-29 23:59:59,5516434.78308000,40508,618663.70000000,2721210.41535000
1732924800000,2024-11-30 00:00:00,4.42800000,4.83000000,4.36100000,4.71200000,1747301.11000000,1733011199999,2024-11-30 23:59:59,8055439.60625000,63357,912508.03000000,4207689.24153000
1733011200000,2024-12-01 00:00:00,4.71000000,4.97900000,4.52200000,4.74600000,2389449.94000000,1733097599999,2024-12-01 23:59:59,11448202.28308000,83738,1188934.84000000,5698225.10179000
1733097600000,2024-12-02 00:00:00,4.74800000,4.81800000,4.36500000,4.79900000,2549093.04000000,1733183999999,2024-12-02 23:59:59,11804446.87378000,111768,1217987.03000000,5636176.59704000
1733184000000,2024-12-03 00:00:00,4.80000000,5.28200000,4.55400000,5.26900000,3903861.55000000,1733270399999,2024-12-03 23:59:59,19285083.08059000,160111,2012243.21000000,9947686.19365000
1733270400000,2024-12-04 00:00:00,5.27200000,5.56400000,5.11000000,5.24600000,2865791.05000000,1733356799999,2024-12-04 23:59:59,15289552.66773000,111886,1399678.52000000,7468533.40975000
1733356800000,2024-12-05 00:00:00,5.24600000,5.32900000,4.81000000,5.08200000,2021034.36000000,1733443199999,2024-12-05 23:59:59,10411587.27754000,88162,985450.22000000,5081244.76568000
1733443200000,2024-12-06 00:00:00,5.08200000,5.44100000,5.00000000,5.31400000,1867936.12000000,1733529599999,2024-12-06 23:59:59,9846734.23761000,76335,933668.83000000,4927952.99629000
1733529600000,2024-12-07 00:00:00,5.31600000,5.66900000,5.26400000,5.49600000,1924408.54000000,1733615999999,2024-12-07 23:59:59,10575853.47016000,73594,1022653.69000000,5616989.99376000
1733616000000,2024-12-08 00:00:00,5.49700000,5.68600000,5.25100000,5.38900000,1563031.41000000,1733702399999,2024-12-08 23:59:59,8449419.65558000,60551,748488.74000000,4052926.81759000
1733702400000,2024-12-09 00:00:00,5.38500000,5.38900000,3.76000000,4.28700000,2919530.09000000,1733788799999,2024-12-09 23:59:59,13744355.39437000,125293,1419177.66000000,6681081.19223000
1733788800000,2024-12-10 00:00:00,4.28700000,4.55000000,3.89200000,4.27600000,2844807.36000000,1733875199999,2024-12-10 23:59:59,12062366.22082000,121197,1433266.98000000,6085814.76940000
1733875200000,2024-12-11 00:00:00,4.27600000,4.82100000,4.14300000,4.76100000,1867385.53000000,1733961599999,2024-12-11 23:59:59,8385383.67394000,71828,941125.38000000,4233173.90039000
1733961600000,2024-12-12 00:00:00,4.76200000,5.04300000,4.70800000,4.86700000,1436391.37000000,1734047999999,2024-12-12 23:59:59,7028622.54160000,68236,704218.84000000,3446535.84153000
1734048000000,2024-12-13 00:00:00,4.86800000,5.20000000,4.73700000,4.90400000,1864889.06000000,1734134399999,2024-12-13 23:59:59,9260542.20940000,73952,921147.58000000,4582790.17057000
1734134400000,2024-12-14 00:00:00,4.90500000,4.96300000,4.50500000,4.61300000,883631.87000000,1734220799999,2024-12-14 23:59:59,4162358.01501000,39704,411967.42000000,1943636.82544000
1734220800000,2024-12-15 00:00:00,4.61400000,4.91000000,4.42400000,4.88900000,892892.13000000,1734307199999,2024-12-15 23:59:59,4204516.49526000,40517,447794.12000000,2108597.88305000
1734307200000,2024-12-16 00:00:00,4.89100000,5.01800000,4.63200000,4.78500000,1078219.85000000,1734393599999,2024-12-16 23:59:59,5183533.71468000,45798,536596.02000000,2582032.07783000
1734393600000,2024-12-17 00:00:00,4.78700000,4.79500000,4.39400000,4.42800000,793666.38000000,1734479999999,2024-12-17 23:59:59,3650602.00909000,33110,380323.32000000,1750647.24375000
1734480000000,2024-12-18 00:00:00,4.43600000,4.50300000,3.95900000,3.99300000,1119959.69000000,1734566399999,2024-12-18 23:59:59,4759357.34690000,43205,537945.39000000,2286804.16759000
1734566400000,2024-12-19 00:00:00,3.99100000,4.07300000,3.46600000,3.61800000,1636088.54000000,1734652799999,2024-12-19 23:59:59,6199187.94097000,52120,772318.79000000,2931820.79947000
1734652800000,2024-12-20 00:00:00,3.61800000,3.79200000,3.09600000,3.69900000,2250842.18000000,1734739199999,2024-12-20 23:59:59,7752445.97692000,92186,1147141.78000000,3947658.25658000
1734739200000,2024-12-21 00:00:00,3.70000000,3.94600000,3.29200000,3.35500000,1231862.76000000,1734825599999,2024-12-21 23:59:59,4390520.17515000,48377,543940.40000000,1940315.59573000
1734825600000,2024-12-22 00:00:00,3.35700000,3.45300000,3.20700000,3.31400000,1234530.40000000,1734911999999,2024-12-22 23:59:59,4112924.24194000,51139,567829.84000000,1895202.16389000
1734912000000,2024-12-23 00:00:00,3.31500000,3.61900000,3.23400000,3.56700000,1003234.59000000,1734998399999,2024-12-23 23:59:59,3417726.93275000,40610,510804.75000000,1741454.31646000
1734998400000,2024-12-24 00:00:00,3.56600000,3.74000000,3.46300000,3.65300000,548577.03000000,1735084799999,2024-12-24 23:59:59,1980107.94262000,24024,303314.45000000,1096018.97442000
1735084800000,2024-12-25 00:00:00,3.65200000,3.71200000,3.45200000,3.49700000,636756.60000000,1735171199999,2024-12-25 23:59:59,2284609.76251000,23813,301182.87000000,1081640.81635000
1735171200000,2024-12-26 00:00:00,3.50000000,3.53300000,3.19200000,3.26100000,698771.69000000,1735257599999,2024-12-26 23:59:59,2322267.46264000,23806,327430.08000000,1088013.46597000
1735257600000,2024-12-27 00:00:00,3.26300000,3.49200000,3.23900000,3.36400000,796226.28000000,1735343999999,2024-12-27 23:59:59,2690939.28393000,25950,432204.31000000,1459817.24046000
1735344000000,2024-12-28 00:00:00,3.36400000,3.55300000,3.32400000,3.48800000,649369.24000000,1735430399999,2024-12-28 23:59:59,2234297.10465000,20399,326010.90000000,1120721.21332000
1735430400000,2024-12-29 00:00:00,3.49000000,3.49900000,3.27600000,3.32000000,529308.81000000,1735516799999,2024-12-29 23:59:59,1805223.58294000,16690,236667.95000000,806881.68112000
1735516800000,2024-12-30 00:00:00,3.31700000,3.44400000,3.19800000,3.30800000,736342.63000000,1735603199999,2024-12-30 23:59:59,2456231.26340000,24183,369720.82000000,1233971.51081000
1735603200000,2024-12-31 00:00:00,3.30900000,3.37600000,3.20400000,3.21900000,682267.58000000,1735689599999,2024-12-31 23:59:59,2238495.75311000,26340,341435.51000000,1120535.09658000
1735689600000,2025-01-01 00:00:00,3.21900000,3.37500000,3.16300000,3.34500000,553796.46000000,1735775999999,2025-01-01 23:59:59,1805184.77838000,21788,293237.12000000,954465.30349000
1735776000000,2025-01-02 00:00:00,3.34600000,3.52900000,3.33300000,3.42000000,730835.96000000,1735862399999,2025-01-02 23:59:59,2516137.03184000,27784,381185.78000000,1313727.33024000
1735862400000,2025-01-03 00:00:00,3.42100000,3.61900000,3.31200000,3.59800000,680947.95000000,1735948799999,2025-01-03 23:59:59,2369304.76712000,29093,359005.09000000,1251309.64860000
1735948800000,2025-01-04 00:00:00,3.60100000,3.71500000,3.54000000,3.65200000,758858.15000000,1736035199999,2025-01-04 23:59:59,2744923.52356000,31205,404396.86000000,1464220.28950000
1736035200000,2025-01-05 00:00:00,3.65300000,3.69800000,3.52300000,3.67200000,592653.38000000,1736121599999,2025-01-05 23:59:59,2133634.07741000,28071,263837.90000000,950437.80522000
1736121600000,2025-01-06 00:00:00,3.67200000,3.75600000,3.56100000,3.63900000,683888.44000000,1736207999999,2025-01-06 23:59:59,2495716.63859000,29736,330341.38000000,1204826.77831000
1736208000000,2025-01-07 00:00:00,3.63900000,3.66300000,3.21700000,3.21900000,1010007.35000000,1736294399999,2025-01-07 23:59:59,3486483.37827000,42971,506074.26000000,1746729.17942000
1736294400000,2025-01-08 00:00:00,3.21800000,3.25800000,2.93300000,3.12500000,996339.69000000,1736380799999,2025-01-08 23:59:59,3093176.19791000,35938,516003.71000000,1603715.51239000
1736380800000,2025-01-09 00:00:00,3.12400000,3.20200000,2.96600000,3.05400000,861851.51000000,1736467199999,2025-01-09 23:59:59,2673219.32698000,29470,399533.86000000,1241803.38167000
1736467200000,2025-01-10 00:00:00,3.05400000,3.19700000,3.03100000,3.15000000,665080.09000000,1736553599999,2025-01-10 23:59:59,2070520.72904000,19819,340765.30000000,1060611.17261000
1736553600000,2025-01-11 00:00:00,3.14800000,3.17300000,3.05900000,3.10100000,409064.23000000,1736639999999,2025-01-11 23:59:59,1270106.13270000,15595,183608.65000000,569502.09587000
1736640000000,2025-01-12 00:00:00,3.10100000,3.10700000,2.97600000,3.01800000,435511.07000000,1736726399999,2025-01-12 23:59:59,1332229.23051000,15169,209636.32000000,641889.61368000
1736726400000,2025-01-13 00:00:00,3.01800000,3.11800000,2.63300000,2.86300000,1744506.96000000,1736812799999,2025-01-13 23:59:59,4841125.90440000,51566,849228.68000000,2356315.41754000
1736812800000,2025-01-14 00:00:00,2.86400000,3.00800000,2.84000000,3.00600000,701495.43000000,1736899199999,2025-01-14 23:59:59,2055969.32199000,24726,373095.02000000,1094108.93890000
1736899200000,2025-01-15 00:00:00,3.00700000,3.20000000,2.91900000,3.18500000,1045123.58000000,1736985599999,2025-01-15 23:59:59,3181762.66912000,36839,517151.26000000,1574085.80719000
1736985600000,2025-01-16 00:00:00,3.18600000,3.22100000,3.05800000,3.12700000,925612.22000000,1737071999999,2025-01-16 23:59:59,2912862.98416000,30290,467250.00000000,1471518.62499000
1737072000000,2025-01-17 00:00:00,3.12800000,3.42200000,3.12200000,3.40300000,1174943.37000000,1737158399999,2025-01-17 23:59:59,3851922.59723000,59162,663640.56000000,2173611.36641000
1737158400000,2025-01-18 00:00:00,3.40300000,3.44000000,2.99800000,3.07100000,1221047.51000000,1737244799999,2025-01-18 23:59:59,3866256.35205000,31538,580385.45000000,1837731.39775000
1737244800000,2025-01-19 00:00:00,3.07000000,3.19200000,2.73100000,2.77700000,2544540.50000000,1737331199999,2025-01-19 23:59:59,7479231.56682000,71573,1187875.03000000,3493165.66124000
1737331200000,2025-01-20 00:00:00,2.77500000,3.06600000,2.62900000,2.87500000,3129494.64000000,1737417599999,2025-01-20 23:59:59,9024455.87043000,98863,1603432.31000000,4620632.93575000
1737417600000,2025-01-21 00:00:00,2.87600000,3.04400000,2.73800000,2.96500000,1288845.39000000,1737503999999,2025-01-21 23:59:59,3719160.87494000,32768,604520.80000000,1744199.80280000
1737504000000,2025-01-22 00:00:00,2.96300000,2.98800000,2.85500000,2.88100000,653976.55000000,1737590399999,2025-01-22 23:59:59,1912767.24537000,17785,332134.52000000,971880.49502000
1737590400000,2025-01-23 00:00:00,2.88000000,2.89800000,2.72700000,2.82600000,1213563.19000000,1737676799999,2025-01-23 23:59:59,3410577.17683000,26450,612083.49000000,1719578.63433000
1737676800000,2025-01-24 00:00:00,2.82600000,2.98100000,2.71600000,2.77300000,1143520.58000000,1737763199999,2025-01-24 23:59:59,3288102.04356000,28599,576760.88000000,1657661.57357000
1737763200000,2025-01-25 00:00:00,2.76100000,2.83200000,2.72000000,2.80100000,621366.45000000,1737849599999,2025-01-25 23:59:59,1722008.39508000,13851,313562.65000000,869111.97965000
1737849600000,2025-01-26 00:00:00,2.80200000,2.88600000,2.67700000,2.68300000,814762.59000000,1737935999999,2025-01-26 23:59:59,2285933.70560000,16565,401763.89000000,1127105.28143000
1737936000000,2025-01-27 00:00:00,2.68200000,2.68200000,2.35100000,2.58100000,2235255.96000000,1738022399999,2025-01-27 23:59:59,5555043.37671000,42173,1160227.56000000,2886325.75372000
1738022400000,2025-01-28 00:00:00,2.58100000,2.61500000,2.27700000,2.32500000,942612.43000000,1738108799999,2025-01-28 23:59:59,2296818.90589000,22021,447238.32000000,1086999.80888000
1738108800000,2025-01-29 00:00:00,2.32300000,2.49300000,2.30000000,2.40200000,1088343.95000000,1738195199999,2025-01-29 23:59:59,2614183.12768000,22833,528128.95000000,1270076.32786000
1738195200000,2025-01-30 00:00:00,2.40200000,2.57900000,2.37400000,2.53300000,1014414.80000000,1738281599999,2025-01-30 23:59:59,2546893.50771000,18688,550407.10000000,1383580.68398000
1738281600000,2025-01-31 00:00:00,2.53300000,2.69600000,2.49700000,2.56500000,765162.23000000,1738367999999,2025-01-31 23:59:59,1977065.10127000,16434,387017.31000000,1000200.83061000
1738368000000,2025-02-01 00:00:00,2.56300000,2.61800000,2.28600000,2.29800000,597252.48000000,1738454399999,2025-02-01 23:59:59,1461018.53656000,15414,251489.12000000,616803.36059000
1738454400000,2025-02-02 00:00:00,2.29900000,2.35200000,1.81300000,1.93900000,2370639.46000000,1738540799999,2025-02-02 23:59:59,5021482.17665000,58192,1180102.95000000,2501992.66667000
1738540800000,2025-02-03 00:00:00,1.94000000,1.98400000,1.40200000,1.95000000,4558508.31000000,1738627199999,2025-02-03 23:59:59,7830189.62220000,92280,2264529.79000000,3888094.27503000
1738627200000,2025-02-04 00:00:00,1.95000000,1.96900000,1.72200000,1.79400000,1535130.07000000,1738713599999,2025-02-04 23:59:59,2785471.20451000,26149,737094.59000000,1337429.72868000
1738713600000,2025-02-05 00:00:00,1.79600000,1.84400000,1.73000000,1.75900000,633899.02000000,1738799999999,2025-02-05 23:59:59,1135441.62079000,11213,288833.25000000,517490.14620000
1738800000000,2025-02-06 00:00:00,1.75700000,1.80500000,1.60600000,1.62600000,902902.18000000,1738886399999,2025-02-06 23:59:59,1535666.39273000,13813,402314.24000000,686203.00008000
1738886400000,2025-02-07 00:00:00,1.62500000,1.73900000,1.53600000,1.59400000,1167443.64000000,1738972799999,2025-02-07 23:59:59,1928063.16231000,18330,561021.25000000,927175.15987000
1738972800000,2025-02-08 00:00:00,1.59300000,1.74900000,1.58200000,1.72700000,795466.10000000,1739059199999,2025-02-08 23:59:59,1316777.00574000,14013,413572.94000000,683385.03933000
1739059200000,2025-02-09 00:00:00,1.72700000,1.79200000,1.58200000,1.67000000,756383.00000000,1739145599999,2025-02-09 23:59:59,1294394.40815000,12709,338312.12000000,580226.54235000
1739145600000,2025-02-10 00:00:00,1.66900000,2.02000000,1.59700000,1.84600000,2034009.06000000,1739231999999,2025-02-10 23:59:59,3707389.53476000,34162,1108268.37000000,2022417.29771000
1739232000000,2025-02-11 00:00:00,1.84700000,1.95000000,1.77100000,1.82800000,2033854.44000000,1739318399999,2025-02-11 23:59:59,3792236.61226000,34747,986552.89000000,1838300.18033000
1739318400000,2025-02-12 00:00:00,1.82400000,2.15300000,1.80800000,2.09800000,2810745.79000000,1739404799999,2025-02-12 23:59:59,5542957.14391000,48262,1394835.54000000,2753960.37168000
1739404800000,2025-02-13 00:00:00,2.09700000,2.18200000,1.95100000,2.00900000,1533055.05000000,1739491199999,2025-02-13 23:59:59,3152221.67127000,41014,709268.19000000,1458669.50538000
1739491200000,2025-02-14 00:00:00,2.01100000,2.13900000,1.95500000,2.00800000,1967620.76000000,1739577599999,2025-02-14 23:59:59,3993700.21179000,35512,984786.98000000,2002076.60771000
1739577600000,2025-02-15 00:00:00,2.00700000,2.04200000,1.84100000,1.86300000,1516077.43000000,1739663999999,2025-02-15 23:59:59,2955401.83694000,23859,701957.42000000,1367895.12296000
1739664000000,2025-02-16 00:00:00,1.86300000,1.92500000,1.82800000,1.87200000,969116.55000000,1739750399999,2025-02-16 23:59:59,1809546.25663000,18240,456695.31000000,854787.15745000
1739750400000,2025-02-17 00:00:00,1.86800000,1.92500000,1.72200000,1.77700000,1758107.05000000,1739836799999,2025-02-17 23:59:59,3234125.52868000,42428,837807.15000000,1541615.22566000
1739836800000,2025-02-18 00:00:00,1.77600000,1.81400000,1.56900000,1.69200000,3124275.10000000,1739923199999,2025-02-18 23:59:59,5182025.66500000,56983,1448065.18000000,2403382.22528000
1739923200000,2025-02-19 00:00:00,1.69300000,1.81200000,1.65300000,1.68400000,2113869.59000000,1740009599999,2025-02-19 23:59:59,3645848.29770000,36120,999768.77000000,1728004.52881000
1740009600000,2025-02-20 00:00:00,1.68600000,1.77200000,1.68000000,1.75600000,1585110.12000000,1740095999999,2025-02-20 23:59:59,2736461.96245000,32588,761576.63000000,1316588.17794000
1740096000000,2025-02-21 00:00:00,1.75600000,1.89600000,1.65800000,1.70100000,1956438.29000000,1740182399999,2025-02-21 23:59:59,3474881.14393000,42435,937247.74000000,1665595.84076000
1740182400000,2025-02-22 00:00:00,1.70100000,1.77400000,1.67000000,1.75200000,1300372.50000000,1740268799999,2025-02-22 23:59:59,2238913.72689000,27972,594899.61000000,1026210.54921000
1740268800000,2025-02-23 00:00:00,1.75200000,1.78800000,1.66600000,1.69200000,1017315.10000000,1740355199999,2025-02-23 23:59:59,1753387.80220000,24444,476223.24000000,820430.89169000
1740355200000,2025-02-24 00:00:00,1.69300000,1.70100000,1.45800000,1.48000000,1893190.79000000,1740441599999,2025-02-24 23:59:59,2997929.05839000,27606,941262.46000000,1491380.77588000
1740441600000,2025-02-25 00:00:00,1.48100000,1.52400000,1.37300000,1.49400000,2098014.77000000,1740527999999,2025-02-25 23:59:59,3052243.89179000,32373,1057795.31000000,1540499.89024000
1740528000000,2025-02-26 00:00:00,1.49400000,1.58000000,1.44900000,1.55000000,1501876.45000000,1740614399999,2025-02-26 23:59:59,2258094.69447000,19553,669612.37000000,1008262.96118000
1740614400000,2025-02-27 00:00:00,1.55000000,1.61200000,1.48400000,1.53300000,1697940.58000000,1740700799999,2025-02-27 23:59:59,2651249.37213000,21960,778381.48000000,1217115.05704000
1740700800000,2025-02-28 00:00:00,1.53400000,1.55100000,1.39500000,1.53300000,1774495.37000000,1740787199999,2025-02-28 23:59:59,2597382.66268000,25107,928758.14000000,1361511.96543000
1740787200000,2025-03-01 00:00:00,1.53400000,1.70000000,1.46500000,1.51300000,2416244.09000000,1740873599999,2025-03-01 23:59:59,3693235.52395000,34828,1159754.27000000,1774771.49376000
1740873600000,2025-03-02 00:00:00,1.51200000,1.69000000,1.48500000,1.68200000,2066999.19000000,1740959999999,2025-03-02 23:59:59,3263961.07446000,26350,1081373.01000000,1706529.80887000
1740960000000,2025-03-03 00:00:00,1.68400000,1.68500000,1.37500000,1.39600000,2287039.14000000,1741046399999,2025-03-03 23:59:59,3524930.71319000,41088,1083598.08000000,1672611.36421000
1741046400000,2025-03-04 00:00:00,1.39600000,1.41200000,1.24000000,1.35900000,2483808.53000000,1741132799999,2025-03-04 23:59:59,3284381.09072000,36646,1209644.89000000,1599430.15728000
1741132800000,2025-03-05 00:00:00,1.36000000,1.43300000,1.33800000,1.42000000,1042895.72000000,1741219199999,2025-03-05 23:59:59,1444761.54461000,12229,503021.78000000,696586.53629000
1741219200000,2025-03-06 00:00:00,1.42100000,1.47600000,1.36200000,1.38400000,1279559.88000000,1741305599999,2025-03-06 23:59:59,1827492.68106000,14472,588302.25000000,839474.11293000
1741305600000,2025-03-07 00:00:00,1.38400000,1.42300000,1.30600000,1.33900000,1878577.83000000,1741391999999,2025-03-07 23:59:59,2569520.27045000,19790,960783.30000000,1315283.47874000
1741392000000,2025-03-08 00:00:00,1.33900000,1.34500000,1.28800000,1.31400000,642979.91000000,1741478399999,2025-03-08 23:59:59,845969.75339000,8094,323830.02000000,426149.34329000
1741478400000,2025-03-09 00:00:00,1.31500000,1.32300000,1.14200000,1.17100000,1074308.57000000,1741564799999,2025-03-09 23:59:59,1309582.15310000,13975,526567.00000000,642674.82304000
1741564800000,2025-03-10 00:00:00,1.17200000,1.27300000,1.09000000,1.13500000,1477085.05000000,1741651199999,2025-03-10 23:59:59,1752846.12485000,16125,709289.92000000,841831.67286000
1741651200000,2025-03-11 00:00:00,1.13600000,1.22000000,1.03200000,1.20300000,1777350.53000000,1741737599999,2025-03-11 23:59:59,2040845.64847000,18671,856054.38000000,984497.19559000
1741737600000,2025-03-12 00:00:00,1.20300000,1.24300000,1.13400000,1.22500000,1263593.19000000,1741823999999,2025-03-12 23:59:59,1510067.09371000,13001,605567.58000000,724631.39662000
1741824000000,2025-03-13 00:00:00,1.22700000,1.24700000,1.16800000,1.20600000,1191085.58000000,1741910399999,2025-03-13 23:59:59,1449668.91052000,10205,564816.68000000,688327.73330000
1741910400000,2025-03-14 00:00:00,1.20600000,1.27600000,1.20000000,1.25700000,1267882.95000000,1741996799999,2025-03-14 23:59:59,1582221.61488000,10867,641178.25000000,800441.71121000
1741996800000,2025-03-15 00:00:00,1.25700000,1.31300000,1.24100000,1.30200000,845947.85000000,1742083199999,2025-03-15 23:59:59,1074978.98646000,8584,468209.64000000,595873.54923000
1742083200000,2025-03-16 00:00:00,1.30200000,1.31100000,1.20800000,1.21400000,917516.57000000,1742169599999,2025-03-16 23:59:59,1160225.42909000,10689,462917.05000000,585764.08078000
1742169600000,2025-03-17 00:00:00,1.21300000,1.37200000,1.21200000,1.34500000,2142944.40000000,1742255999999,2025-03-17 23:59:59,2768935.72986000,20840,1067832.25000000,1382835.21702000
1742256000000,2025-03-18 00:00:00,1.34300000,1.64000000,1.27400000,1.39400000,9023576.41000000,1742342399999,2025-03-18 23:59:59,12882184.17439000,67701,4436365.72000000,6322765.56969000
1742342400000,2025-03-19 00:00:00,1.39500000,1.47100000,1.37800000,1.43500000,5412484.39000000,1742428799999,2025-03-19 23:59:59,7712874.24529000,40648,2698878.72000000,3846000.97456000
1742428800000,2025-03-20 00:00:00,1.43600000,1.44200000,1.36200000,1.36900000,1647614.90000000,1742515199999,2025-03-20 23:59:59,2309712.04723000,13718,740302.93000000,1038965.67375000
1742515200000,2025-03-21 00:00:00,1.36900000,1.38600000,1.28600000,1.33300000,1454024.21000000,1742601599999,2025-03-21 23:59:59,1937240.66169000,13853,703814.27000000,937418.52389000
1742601600000,2025-03-22 00:00:00,1.33300000,1.69800000,1.32100000,1.48100000,7087084.62000000,1742687999999,2025-03-22 23:59:59,10860632.81634000,70006,3532844.37000000,5408858.10550000
1742688000000,2025-03-23 00:00:00,1.48100000,1.61000000,1.45700000,1.51900000,7531809.94000000,1742774399999,2025-03-23 23:59:59,11535669.46505000,61361,3647164.97000000,5587159.74532000
1742774400000,2025-03-24 00:00:00,1.51900000,1.55100000,1.46600000,1.55100000,2178608.38000000,1742860799999,2025-03-24 23:59:59,3315440.57943000,19495,1083794.46000000,1650794.61409000
1742860800000,2025-03-25 00:00:00,1.55100000,1.55800000,1.50000000,1.53900000,1237920.14000000,1742947199999,2025-03-25 23:59:59,1895545.22948000,11589,582882.40000000,893069.17811000
1742947200000,2025-03-26 00:00:00,1.53900000,1.57200000,1.45800000,1.48100000,1282928.17000000,1743033599999,2025-03-26 23:59:59,1953194.68360000,10741,611698.30000000,933583.22700000
1743033600000,2025-03-27 00:00:00,1.48100000,1.53500000,1.46700000,1.48300000,725413.26000000,1743119999999,2025-03-27 23:59:59,1088265.99638000,7401,367593.38000000,551072.79527000
1743120000000,2025-03-28 00:00:00,1.48300000,1.48700000,1.30500000,1.33400000,1507920.19000000,1743206399999,2025-03-28 23:59:59,2070982.00236000,14783,675387.92000000,922785.67297000
1743206400000,2025-03-29 00:00:00,1.33300000,1.35100000,1.21300000,1.25500000,980962.68000000,1743292799999,2025-03-29 23:59:59,1243641.39680000,10863,488675.48000000,619358.21070000
1743292800000,2025-03-30 00:00:00,1.25400000,1.29100000,1.23100000,1.25500000,722583.98000000,1743379199999,2025-03-30 23:59:59,913932.89654000,7933,347105.06000000,439060.84202000
1743379200000,2025-03-31 00:00:00,1.25600000,1.27900000,1.21200000,1.25500000,863822.69000000,1743465599999,2025-03-31 23:59:59,1078510.46831000,10281,412339.07000000,515009.37388000
1743465600000,2025-04-01 00:00:00,1.25500000,1.31300000,1.17100000,1.19200000,1737940.48000000,1743551999999,2025-04-01 23:59:59,2150083.58345000,15722,913533.36000000,1129850.93540000
1743552000000,2025-04-02 00:00:00,1.19100000,1.21800000,1.08000000,1.11500000,1917818.84000000,1743638399999,2025-04-02 23:59:59,2230393.43738000,19083,994103.32000000,1155673.17405000
1743638400000,2025-04-03 00:00:00,1.11500000,1.16000000,1.04300000,1.13000000,1602652.17000000,1743724799999,2025-04-03 23:59:59,1761210.60344000,19177,767940.40000000,846667.03093000
1743724800000,2025-04-04 00:00:00,1.13000000,1.16300000,1.08800000,1.12600000,1459640.16000000,1743811199999,2025-04-04 23:59:59,1644226.34651000,14075,709264.40000000,799474.55473000
1743811200000,2025-04-05 00:00:00,1.12700000,1.14600000,1.08500000,1.10600000,532506.47000000,1743897599999,2025-04-05 23:59:59,589912.94197000,5897,254239.02000000,281430.44402000
1743897600000,2025-04-06 00:00:00,1.10500000,1.11600000,0.95600000,0.98300000,1777525.22000000,1743983999999,2025-04-06 23:59:59,1803638.81784000,17324,834660.62000000,846125.62983000
1743984000000,2025-04-07 00:00:00,0.98400000,1.03700000,0.88200000,1.00200000,3033957.37000000,1744070399999,2025-04-07 23:59:59,2932178.12856000,29609,1452438.07000000,1405968.45689000
1744070400000,2025-04-08 00:00:00,1.00300000,1.04800000,0.92700000,0.93900000,1872975.50000000,1744156799999,2025-04-08 23:59:59,1849477.87320000,15622,891846.99000000,881836.51337000
1744156800000,2025-04-09 00:00:00,0.93900000,1.07800000,0.89900000,1.06200000,1949364.72000000,1744243199999,2025-04-09 23:59:59,1928662.96800000,16407,1028418.06000000,1018260.42845000
1744243200000,2025-04-10 00:00:00,1.06300000,1.06300000,0.98000000,1.01800000,1273384.85000000,1744329599999,2025-04-10 23:59:59,1296685.79001000,10587,620171.41000000,631937.58773000
1744329600000,2025-04-11 00:00:00,1.01800000,1.08300000,1.01100000,1.05700000,1411418.06000000,1744415999999,2025-04-11 23:59:59,1485893.12051000,10700,704426.52000000,741765.24937000
1744416000000,2025-04-12 00:00:00,1.05700000,1.10400000,1.04300000,1.09600000,1077089.10000000,1744502399999,2025-04-12 23:59:59,1161788.45824000,7972,513782.77000000,553702.14460000
1744502400000,2025-04-13 00:00:00,1.09600000,1.10100000,1.00000000,1.01800000,1168609.31000000,1744588799999,2025-04-13 23:59:59,1224029.95951000,9705,564440.38000000,591766.78408000
1744588800000,2025-04-14 00:00:00,1.01800000,1.05300000,0.99500000,1.00500000,1310623.31000000,1744675199999,2025-04-14 23:59:59,1339064.25069000,11929,664628.37000000,678824.29223000
1744675200000,2025-04-15 00:00:00,1.00400000,1.04500000,0.99600000,1.03400000,1280279.55000000,1744761599999,2025-04-15 23:59:59,1313009.81581000,12141,652373.58000000,669385.17447000
1744761600000,2025-04-16 00:00:00,1.03500000,1.11400000,1.02200000,1.04100000,2197841.42000000,1744847999999,2025-04-16 23:59:59,2335626.94668000,18663,1062118.37000000,1130698.44839000
1744848000000,2025-04-17 00:00:00,1.04000000,1.08200000,1.02100000,1.06800000,831685.17000000,1744934399999,2025-04-17 23:59:59,876662.69241000,6461,363397.97000000,383317.05432000
1744934400000,2025-04-18 00:00:00,1.06800000,1.15700000,1.05600000,1.11400000,1216574.45000000,1745020799999,2025-04-18 23:59:59,1358103.04347000,10910,631423.89000000,704984.59989000
1745020800000,2025-04-19 00:00:00,1.11400000,1.16900000,1.11400000,1.16300000,587118.39000000,1745107199999,2025-04-19 23:59:59,670732.76882000,5856,290837.82000000,332198.98337000
1745107200000,2025-04-20 00:00:00,1.16300000,1.22500000,1.14300000,1.20500000,1195835.56000000,1745193599999,2025-04-20 23:59:59,1416194.22466000,11715,579628.92000000,687225.09992000
1745193600000,2025-04-21 00:00:00,1.20300000,1.28500000,1.18500000,1.20300000,2050159.69000000,1745279999999,2025-04-21 23:59:59,2525479.70823000,22178,1026868.46000000,1266460.72944000
1745280000000,2025-04-22 00:00:00,1.20400000,1.27900000,1.17600000,1.27300000,998766.92000000,1745366399999,2025-04-22 23:59:59,1219919.50132000,9630,495428.52000000,605674.48869000
1745366400000,2025-04-23 00:00:00,1.27500000,1.32400000,1.25500000,1.31300000,1470502.84000000,1745452799999,2025-04-23 23:59:59,1897336.88762000,15990,673337.29000000,869369.82348000
1745452800000,2025-04-24 00:00:00,1.31200000,1.32800000,1.24500000,1.32600000,971741.07000000,1745539199999,2025-04-24 23:59:59,1248926.14017000,13802,495518.71000000,637046.55109000
1745539200000,2025-04-25 00:00:00,1.32700000,1.39100000,1.31400000,1.36100000,1009202.87000000,1745625599999,2025-04-25 23:59:59,1373532.82484000,9562,514894.93000000,701436.36974000
1745625600000,2025-04-26 00:00:00,1.36300000,1.43300000,1.36200000,1.40100000,914528.46000000,1745711999999,2025-04-26 23:59:59,1279626.36516000,12149,444908.93000000,622461.61172000
1745712000000,2025-04-27 00:00:00,1.40100000,1.41000000,1.30400000,1.31000000,850036.55000000,1745798399999,2025-04-27 23:59:59,1142349.73140000,12589,422461.60000000,568292.86812000
1745798400000,2025-04-28 00:00:00,1.31100000,1.38500000,1.26500000,1.37600000,888420.26000000,1745884799999,2025-04-28 23:59:59,1193399.59777000,11797,442030.18000000,594658.83209000
1745884800000,2025-04-29 00:00:00,1.37700000,1.40800000,1.29000000,1.30600000,838067.02000000,1745971199999,2025-04-29 23:59:59,1135950.05072000,19089,390714.12000000,530203.46986000
1745971200000,2025-04-30 00:00:00,1.30300000,1.35400000,1.26200000,1.33000000,690447.20000000,1746057599999,2025-04-30 23:59:59,905463.12083000,12079,340609.01000000,447024.07366000
1746057600000,2025-05-01 00:00:00,1.33200000,1.39100000,1.32600000,1.33700000,652467.76000000,1746143999999,2025-05-01 23:59:59,884795.56675000,8575,314999.76000000,427314.10999000
1746144000000,2025-05-02 00:00:00,1.33700000,1.34800000,1.29800000,1.30300000,457515.63000000,1746230399999,2025-05-02 23:59:59,603296.43446000,8450,247375.03000000,326284.33414000
1746230400000,2025-05-03 00:00:00,1.30300000,1.31000000,1.21900000,1.23500000,655258.07000000,1746316799999,2025-05-03 23:59:59,830551.17438000,11173,332718.77000000,422237.76781000
1746316800000,2025-05-04 00:00:00,1.23500000,1.23900000,1.19000000,1.20600000,545557.36000000,1746403199999,2025-05-04 23:59:59,660146.21936000,7890,245328.34000000,296894.08603000
1746403200000,2025-05-05 00:00:00,1.20500000,1.22100000,1.17800000,1.19600000,427789.51000000,1746489599999,2025-05-05 23:59:59,513896.25067000,6145,221998.59000000,266618.02241000
1746489600000,2025-05-06 00:00:00,1.19700000,1.21800000,1.12400000,1.18000000,551251.82000000,1746575999999,2025-05-06 23:59:59,645448.38992000,8094,266083.37000000,311480.53493000
1746576000000,2025-05-07 00:00:00,1.18000000,1.41100000,1.17500000,1.34300000,10762081.46000000,1746662399999,2025-05-07 23:59:59,14284568.13136000,88759,5685479.07000000,7542457.64756000
1746662400000,2025-05-08 00:00:00,1.34300000,1.42900000,1.29900000,1.40600000,4476974.44000000,1746748799999,2025-05-08 23:59:59,6066704.77615000,45139,2171926.36000000,2942812.46862000
1746748800000,2025-05-09 00:00:00,1.40600000,1.52000000,1.40600000,1.48600000,2835972.77000000,1746835199999,2025-05-09 23:59:59,4145634.00240000,39474,1423356.48000000,2082698.47624000
1746835200000,2025-05-10 00:00:00,1.48500000,1.61000000,1.45900000,1.59300000,2831396.35000000,1746921599999,2025-05-10 23:59:59,4309360.66751000,44901,1509845.18000000,2297849.16754000
1746921600000,2025-05-11 00:00:00,1.59300000,1.63600000,1.54100000,1.57900000,2357408.50000000,1747007999999,2025-05-11 23:59:59,3750808.36320000,36638,1147648.95000000,1825330.54463000
1747008000000,2025-05-12 00:00:00,1.57800000,1.64300000,1.47000000,1.57200000,2541940.59000000,1747094399999,2025-05-12 23:59:59,4032187.22037000,39902,1213057.44000000,1925675.05223000
1747094400000,2025-05-13 00:00:00,1.57100000,1.63000000,1.42800000,1.60800000,2050746.76000000,1747180799999,2025-05-13 23:59:59,3153033.96407000,33336,946961.28000000,1453412.81575000
1747180800000,2025-05-14 00:00:00,1.60900000,1.62900000,1.47700000,1.48800000,1686967.74000000,1747267199999,2025-05-14 23:59:59,2603152.60034000,21996,782867.94000000,1204699.38175000
1747267200000,2025-05-15 00:00:00,1.49000000,1.50300000,1.33900000,1.37200000,2288596.45000000,1747353599999,2025-05-15 23:59:59,3250522.03192000,31736,1049528.83000000,1491232.57314000
1747353600000,2025-05-16 00:00:00,1.37000000,1.41600000,1.32300000,1.34300000,1295926.81000000,1747439999999,2025-05-16 23:59:59,1791706.53122000,16661,668520.62000000,925228.98194000
1747440000000,2025-05-17 00:00:00,1.34400000,1.35000000,1.26500000,1.31300000,1647494.62000000,1747526399999,2025-05-17 23:59:59,2135980.09121000,22631,755939.58000000,981530.73284000
1747526400000,2025-05-18 00:00:00,1.31300000,1.46300000,1.30900000,1.40900000,2032850.99000000,1747612799999,2025-05-18 23:59:59,2820502.26598000,30931,1041549.78000000,1443400.50128000
1747612800000,2025-05-19 00:00:00,1.40900000,1.41600000,1.27800000,1.34100000,1194121.00000000,1747699199999,2025-05-19 23:59:59,1583736.05123000,16227,567865.25000000,753482.85053000
1747699200000,2025-05-20 00:00:00,1.34200000,1.38500000,1.27300000,1.32600000,1613655.06000000,1747785599999,2025-05-20 23:59:59,2134809.64521000,21769,737943.52000000,979190.00886000
1747785600000,2025-05-21 00:00:00,1.32600000,1.36600000,1.28500000,1.34100000,2376154.97000000,1747871999999,2025-05-21 23:59:59,3150995.75946000,34024,1222641.17000000,1621305.88797000
1747872000000,2025-05-22 00:00:00,1.34100000,1.48700000,1.33800000,1.47100000,2036041.48000000,1747958399999,2025-05-22 23:59:59,2846361.32763000,20428,993756.54000000,1390504.12570000
1747958400000,2025-05-23 00:00:00,1.47100000,1.50600000,1.30300000,1.31300000,1954003.64000000,1748044799999,2025-05-23 23:59:59,2774610.58427000,26920,944986.19000000,1342581.16001000
1748044800000,2025-05-24 00:00:00,1.31200000,1.41600000,1.30100000,1.39500000,1936404.66000000,1748131199999,2025-05-24 23:59:59,2630675.06690000,24582,918835.86000000,1248886.62067000
1748131200000,2025-05-25 00:00:00,1.39200000,1.43500000,1.28500000,1.35600000,2012591.40000000,1748217599999,2025-05-25 23:59:59,2734612.21750000,25065,944472.85000000,1283661.47085000
1748217600000,2025-05-26 00:00:00,1.35600000,1.39600000,1.31900000,1.33500000,958676.64000000,1748303999999,2025-05-26 23:59:59,1303096.46241000,13347,453724.28000000,616748.78097000
1748304000000,2025-05-27 00:00:00,1.33600000,1.47000000,1.30200000,1.45800000,1815914.16000000,1748390399999,2025-05-27 23:59:59,2572238.09338000,26780,839895.45000000,1190185.10610000
1748390400000,2025-05-28 00:00:00,1.45800000,1.55200000,1.39200000,1.46200000,2033474.02000000,1748476799999,2025-05-28 23:59:59,3001832.29072000,27588,994305.03000000,1469992.02976000
1748476800000,2025-05-29 00:00:00,1.46200000,1.50600000,1.39000000,1.39800000,1174268.34000000,1748563199999,2025-05-29 23:59:59,1698002.25606000,17706,552308.05000000,799946.23489000
1748563200000,2025-05-30 00:00:00,1.39700000,1.40500000,1.20800000,1.21700000,2392331.51000000,1748649599999,2025-05-30 23:59:59,3176597.45819000,38398,1210352.84000000,1611228.89027000
1748649600000,2025-05-31 00:00:00,1.21700000,1.24000000,1.13100000,1.20200000,1716349.47000000,1748735999999,2025-05-31 23:59:59,2047499.43975000,18505,850197.74000000,1014493.61396000
1748736000000,2025-06-01 00:00:00,1.20300000,1.25800000,1.16700000,1.24800000,896942.42000000,1748822399999,2025-06-01 23:59:59,1086629.80342000,12312,458902.46000000,556184.98536000
1748822400000,2025-06-02 00:00:00,1.24900000,1.25100000,1.17600000,1.23800000,903650.88000000,1748908799999,2025-06-02 23:59:59,1092231.60946000,9775,458045.23000000,553470.90892000
1748908800000,2025-06-03 00:00:00,1.23900000,1.27300000,1.22600000,1.23500000,749328.57000000,1748995199999,2025-06-03 23:59:59,936366.92595000,12038,353180.36000000,441541.21965000
1748995200000,2025-06-04 00:00:00,1.23600000,1.26300000,1.15600000,1.16800000,952564.44000000,1749081599999,2025-06-04 23:59:59,1145389.05033000,12126,434489.10000000,523785.44009000
1749081600000,2025-06-05 00:00:00,1.16800000,1.20400000,1.06700000,1.10700000,1695288.16000000,1749167999999,2025-06-05 23:59:59,1929723.89889000,19883,816895.78000000,930489.96877000
1749168000000,2025-06-06 00:00:00,1.10600000,1.16300000,1.08700000,1.09700000,1846416.90000000,1749254399999,2025-06-06 23:59:59,2088330.61610000,19734,774513.02000000,874408.29944000
1749254400000,2025-06-07 00:00:00,1.09700000,1.15800000,1.09100000,1.14000000,657863.89000000,1749340799999,2025-06-07 23:59:59,745560.37683000,8812,309518.10000000,350275.52891000
1749340800000,2025-06-08 00:00:00,1.14000000,1.15100000,1.11800000,1.12800000,750889.98000000,1749427199999,2025-06-08 23:59:59,851466.88644000,10487,337254.85000000,383031.11430000
1749427200000,2025-06-09 00:00:00,1.12900000,1.20000000,1.11300000,1.19700000,579101.58000000,1749513599999,2025-06-09 23:59:59,665694.61342000,8474,282528.38000000,324453.64765000
1749513600000,2025-06-10 00:00:00,1.19900000,1.31000000,1.18800000,1.30900000,1616191.07000000,1749599999999,2025-06-10 23:59:59,1996395.02673000,20351,867552.10000000,1071590.53589000
1749600000000,2025-06-11 00:00:00,1.31000000,1.43600000,1.27900000,1.36600000,7256413.46000000,1749686399999,2025-06-11 23:59:59,9985596.82351000,104722,3547119.16000000,4888103.85457000
1749686400000,2025-06-12 00:00:00,1.36700000,1.38300000,1.23600000,1.25600000,2639639.78000000,1749772799999,2025-06-12 23:59:59,3436479.17950000,38273,1318562.40000000,1714711.14994000
1749772800000,2025-06-13 00:00:00,1.25500000,1.29400000,1.17700000,1.26600000,2522906.55000000,1749859199999,2025-06-13 23:59:59,3102440.75978000,24825,1236256.40000000,1522250.96423000
1749859200000,2025-06-14 00:00:00,1.26500000,1.30900000,1.17100000,1.18300000,1590344.25000000,1749945599999,2025-06-14 23:59:59,1956187.65590000,15823,742543.31000000,917096.76276000
1749945600000,2025-06-15 00:00:00,1.18300000,1.23800000,1.18300000,1.22000000,774394.43000000,1750031999999,2025-06-15 23:59:59,939759.64470000,7403,404486.20000000,490676.62242000
1750032000000,2025-06-16 00:00:00,1.22000000,1.43900000,1.20100000,1.39000000,3877556.18000000,1750118399999,2025-06-16 23:59:59,5230965.36485000,37403,2035572.62000000,2746321.27678000
1750118400000,2025-06-17 00:00:00,1.39100000,1.42200000,1.30700000,1.32600000,5175214.81000000,1750204799999,2025-06-17 23:59:59,7098497.93068000,47897,2587570.10000000,3550058.97151000
1750204800000,2025-06-18 00:00:00,1.32600000,1.40100000,1.24300000,1.32200000,2388897.72000000,1750291199999,2025-06-18 23:59:59,3135241.58021000,28874,1199152.04000000,1574571.51247000
1750291200000,2025-06-19 00:00:00,1.32300000,1.37800000,1.28200000,1.32400000,2176975.90000000,1750377599999,2025-06-19 23:59:59,2885982.64354000,25747,1186536.37000000,1571925.87502000
1750377600000,2025-06-20 00:00:00,1.32400000,1.45500000,1.31300000,1.33200000,4016444.67000000,1750463999999,2025-06-20 23:59:59,5556269.40845000,55949,2049228.67000000,2836210.34622000
1750464000000,2025-06-21 00:00:00,1.33100000,1.35800000,1.15400000,1.19900000,1471716.78000000,1750550399999,2025-06-21 23:59:59,1856148.44419000,15895,676190.71000000,850443.93689000
1750550400000,2025-06-22 00:00:00,1.19900000,1.21700000,1.08800000,1.14000000,1325256.65000000,1750636799999,2025-06-22 23:59:59,1516658.69882000,14318,609920.65000000,699319.91967000
1750636800000,2025-06-23 00:00:00,1.13900000,1.25300000,1.13100000,1.25100000,1285138.17000000,1750723199999,2025-06-23 23:59:59,1519677.67486000,12697,655895.41000000,776905.65359000
1750723200000,2025-06-24 00:00:00,1.25100000,1.30400000,1.23600000,1.26800000,1021127.13000000,1750809599999,2025-06-24 23:59:59,1291410.21464000,11504,500873.24000000,633361.92343000
1750809600000,2025-06-25 00:00:00,1.26800000,1.29500000,1.21000000,1.22000000,804349.57000000,1750895999999,2025-06-25 23:59:59,1008003.00231000,8602,411651.24000000,515443.78779000
1750896000000,2025-06-26 00:00:00,1.21900000,1.25100000,1.15800000,1.17200000,1429330.52000000,1750982399999,2025-06-26 23:59:59,1715802.62947000,16576,807629.91000000,969135.38603000
1750982400000,2025-06-27 00:00:00,1.17400000,1.19900000,1.15000000,1.17500000,689321.23000000,1751068799999,2025-06-27 23:59:59,812349.61612000,6279,383996.72000000,453054.11027000
1751068800000,2025-06-28 00:00:00,1.17600000,1.19500000,1.15900000,1.18700000,456198.65000000,1751155199999,2025-06-28 23:59:59,536998.46697000,3887,231866.40000000,272938.01171000
1751155200000,2025-06-29 00:00:00,1.18700000,1.27300000,1.16400000,1.26700000,1089930.86000000,1751241599999,2025-06-29 23:59:59,1319685.79675000,9053,630686.08000000,766371.89072000
1751241600000,2025-06-30 00:00:00,1.26700000,1.29100000,1.21000000,1.22200000,1847745.65000000,1751327999999,2025-06-30 23:59:59,2298549.62608000,17956,884366.36000000,1103091.47973000
1751328000000,2025-07-01 00:00:00,1.22200000,1.22700000,1.16000000,1.17400000,798644.32000000,1751414399999,2025-07-01 23:59:59,949674.93814000,7745,431234.54000000,512939.43226000
1751414400000,2025-07-02 00:00:00,1.17300000,1.27700000,1.14100000,1.26100000,1305883.41000000,1751500799999,2025-07-02 23:59:59,1575965.06437000,15335,589810.59000000,711474.21732000
1751500800000,2025-07-03 00:00:00,1.26200000,1.29400000,1.23900000,1.26600000,927339.34000000,1751587199999,2025-07-03 23:59:59,1177910.75026000,14682,450222.63000000,571654.69336000
1751587200000,2025-07-04 00:00:00,1.26600000,1.27600000,1.15400000,1.16900000,793614.37000000,1751673599999,2025-07-04 23:59:59,944295.85163000,15063,430493.83000000,511357.04442000
1751673600000,2025-07-05 00:00:00,1.16800000,1.18900000,1.14200000,1.17100000,525405.14000000,1751759999999,2025-07-05 23:59:59,610917.44859000,5122,264633.13000000,308155.62445000
1751760000000,2025-07-06 00:00:00,1.17200000,1.20600000,1.15400000,1.18600000,579727.53000000,1751846399999,2025-07-06 23:59:59,682761.29045000,4645,307467.46000000,362293.44947000
1751846400000,2025-07-07 00:00:00,1.18600000,1.20900000,1.16900000,1.20100000,630385.17000000,1751932799999,2025-07-07 23:59:59,748917.96520000,7993,301554.91000000,358730.80848000
1751932800000,2025-07-08 00:00:00,1.20200000,1.25900000,1.18300000,1.22800000,1733084.27000000,1752019199999,2025-07-08 23:59:59,2122213.04732000,14700,927458.19000000,1136400.68978000
1752019200000,2025-07-09 00:00:00,1.22900000,1.32700000,1.20800000,1.31700000,1703386.75000000,1752105599999,2025-07-09 23:59:59,2155198.13238000,17380,966962.96000000,1222580.12760000
1752105600000,2025-07-10 00:00:00,1.31800000,1.47500000,1.28200000,1.46700000,2062875.44000000,1752191999999,2025-07-10 23:59:59,2780629.56056000,24203,1055430.77000000,1423877.97685000
1752192000000,2025-07-11 00:00:00,1.46700000,1.97200000,1.46300000,1.53200000,11406751.89000000,1752278399999,2025-07-11 23:59:59,19049989.69807000,175814,5445520.41000000,9113435.81522000
1752278400000,2025-07-12 00:00:00,1.53000000,1.54300000,1.44900000,1.48100000,1089353.28000000,1752364799999,2025-07-12 23:59:59,1628068.72929000,24032,464882.79000000,695864.20898000
1752364800000,2025-07-13 00:00:00,1.48000000,1.69200000,1.47000000,1.61900000,2911435.27000000,1752451199999,2025-07-13 23:59:59,4685380.13849000,57893,1475095.99000000,2375477.71367000
1752451200000,2025-07-14 00:00:00,1.61800000,1.65400000,1.52000000,1.55300000,1297292.11000000,1752537599999,2025-07-14 23:59:59,2065059.02408000,27193,599454.07000000,953953.65569000
1752537600000,2025-07-15 00:00:00,1.55000000,1.65400000,1.48800000,1.64400000,1360391.50000000,1752623999999,2025-07-15 23:59:59,2124329.30569000,25109,703987.96000000,1097318.26448000
1752624000000,2025-07-16 00:00:00,1.64300000,1.88300000,1.62500000,1.71700000,4521875.60000000,1752710399999,2025-07-16 23:59:59,7901115.27939000,70040,2189780.29000000,3834015.99831000
1752710400000,2025-07-17 00:00:00,1.71800000,1.98000000,1.71000000,1.76200000,5454490.36000000,1752796799999,2025-07-17 23:59:59,10017386.88343000,65270,2462051.36000000,4538317.43147000
1752796800000,2025-07-18 00:00:00,1.76300000,1.84900000,1.66100000,1.70000000,1987851.34000000,1752883199999,2025-07-18 23:59:59,3515549.04620000,29371,926155.54000000,1637701.74871000
1752883200000,2025-07-19 00:00:00,1.70000000,1.77000000,1.65200000,1.75200000,942269.59000000,1752969599999,2025-07-19 23:59:59,1620737.44951000,20209,475256.25000000,818096.90952000
1752969600000,2025-07-20 00:00:00,1.75100000,1.90100000,1.70700000,1.84700000,2469788.69000000,1753055999999,2025-07-20 23:59:59,4440848.36893000,29505,1168849.44000000,2102993.97743000
1753056000000,2025-07-21 00:00:00,1.84700000,1.89700000,1.77600000,1.81700000,1394009.06000000,1753142399999,2025-07-21 23:59:59,2556766.66932000,22542,706600.17000000,1296247.65147000
1753142400000,2025-07-22 00:00:00,1.81600000,1.81800000,1.67900000,1.77300000,1939923.22000000,1753228799999,2025-07-22 23:59:59,3372181.18731000,28218,952021.44000000,1654951.52136000
1753228800000,2025-07-23 00:00:00,1.77300000,1.79900000,1.55000000,1.59400000,2046845.77000000,1753315199999,2025-07-23 23:59:59,3411120.93425000,35558,954478.91000000,1589592.49702000
1753315200000,2025-07-24 00:00:00,1.59500000,1.61900000,1.44100000,1.55500000,1514976.99000000,1753401599999,2025-07-24 23:59:59,2347781.86601000,30201,706401.10000000,1096320.83341000
1753401600000,2025-07-25 00:00:00,1.55300000,1.64400000,1.50500000,1.62900000,1466526.89000000,1753487999999,2025-07-25 23:59:59,2327486.65400000,28960,758324.32000000,1203764.26910000
1753488000000,2025-07-26 00:00:00,1.62800000,1.63800000,1.59200000,1.59400000,491393.44000000,1753574399999,2025-07-26 23:59:59,796410.08913000,9744,231892.33000000,376078.40415000
1753574400000,2025-07-27 00:00:00,1.59500000,1.77600000,1.59300000,1.76800000,2291715.03000000,1753660799999,2025-07-27 23:59:59,3927776.81636000,31368,1106799.76000000,1895549.25156000
1753660800000,2025-07-28 00:00:00,1.76900000,1.80000000,1.61200000,1.62700000,1374564.00000000,1753747199999,2025-07-28 23:59:59,2367997.80858000,26210,632069.73000000,1087690.61611000
1753747200000,2025-07-29 00:00:00,1.62400000,1.94600000,1.59600000,1.81300000,7067035.57000000,1753833599999,2025-07-29 23:59:59,12669879.77806000,107525,3725160.51000000,6689823.17317000
1753833600000,2025-07-30 00:00:00,1.81300000,1.86100000,1.63300000,1.75500000,2796316.36000000,1753919999999,2025-07-30 23:59:59,4859960.03360000,48299,1332122.36000000,2317669.21857000
1753920000000,2025-07-31 00:00:00,1.75600000,1.99200000,1.67400000,1.68100000,3648405.25000000,1754006399999,2025-07-31 23:59:59,6754027.49084000,64309,1794035.45000000,3325406.61320000
1754006400000,2025-08-01 00:00:00,1.67900000,1.75700000,1.54800000,1.60800000,2192385.58000000,1754092799999,2025-08-01 23:59:59,3656162.79136000,35002,1033757.25000000,1722794.61804000
1754092800000,2025-08-02 00:00:00,1.60700000,1.62500000,1.50700000,1.53800000,934980.40000000,1754179199999,2025-08-02 23:59:59,1460395.93636000,15673,465908.54000000,727681.69582000
1754179200000,2025-08-03 00:00:00,1.53600000,1.62000000,1.51500000,1.60300000,467363.74000000,1754265599999,2025-08-03 23:59:59,739428.12495000,10034,238299.32000000,376988.03685000
1754265600000,2025-08-04 00:00:00,1.60200000,1.66600000,1.58600000,1.65700000,720877.73000000,1754351999999,2025-08-04 23:59:59,1173838.14045000,10963,331233.67000000,539474.53285000
1754352000000,2025-08-05 00:00:00,1.65900000,1.66000000,1.53000000,1.57700000,616725.02000000,1754438399999,2025-08-05 23:59:59,979977.65486000,9252,277380.35000000,440784.10461000
1754438400000,2025-08-06 00:00:00,1.57500000,1.62700000,1.51800000,1.59800000,707201.91000000,1754524799999,2025-08-06 23:59:59,1115304.78982000,11937,327389.28000000,516963.13381000
1754524800000,2025-08-07 00:00:00,1.59400000,1.73000000,1.58100000,1.71600000,1386886.41000000,1754611199999,2025-08-07 23:59:59,2287753.32142000,16713,676271.53000000,1114956.01078000
1754611200000,2025-08-08 00:00:00,1.71700000,1.78000000,1.67600000,1.75800000,718347.83000000,1754697599999,2025-08-08 23:59:59,1236970.59980000,16814,301924.21000000,519978.57444000
1754697600000,2025-08-09 00:00:00,1.75800000,1.87300000,1.75700000,1.84500000,1005265.57000000,1754783999999,2025-08-09 23:59:59,1834865.40651000,19512,562285.06000000,1027330.40289000
1754784000000,2025-08-10 00:00:00,1.84500000,2.09300000,1.77700000,1.98700000,3141301.89000000,1754870399999,2025-08-10 23:59:59,6139867.70876000,66367,1659388.74000000,3250667.79998000
1754870400000,2025-08-11 00:00:00,1.98900000,2.04300000,1.83000000,1.84900000,2261709.98000000,1754956799999,2025-08-11 23:59:59,4358449.65436000,44880,1091733.48000000,2104596.58598000
1754956800000,2025-08-12 00:00:00,1.85000000,5.33000000,1.84600000,2.99500000,56948132.28000000,1755043199999,2025-08-12 23:59:59,193824210.91263000,898666,30454889.83000000,103415238.10207000
1755043200000,2025-08-13 00:00:00,2.99200000,3.12600000,2.75200000,2.92400000,10802420.31000000,1755129599999,2025-08-13 23:59:59,31239196.33805000,193232,5279315.28000000,15269308.96714000
1755129600000,2025-08-14 00:00:00,2.92500000,2.97300000,2.50100000,2.57900000,5720417.63000000,1755215999999,2025-08-14 23:59:59,15531856.01092000,97757,2733421.37000000,7425670.04028000
1755216000000,2025-08-15 00:00:00,2.58000000,2.58700000,2.35000000,2.39600000,2850507.01000000,1755302399999,2025-08-15 23:59:59,7016023.81103000,49711,1353291.56000000,3332166.14289000
1755302400000,2025-08-16 00:00:00,2.39500000,2.45100000,2.35700000,2.42700000,2016913.38000000,1755388799999,2025-08-16 23:59:59,4849471.17184000,32467,1002366.01000000,2410667.41497000
1755388800000,2025-08-17 00:00:00,2.42700000,3.01000000,2.40100000,2.76500000,13426580.70000000,1755475199999,2025-08-17 23:59:59,37059088.14429000,199314,6822717.10000000,18822775.75959000
1755475200000,2025-08-18 00:00:00,2.76200000,2.88200000,2.48800000,2.51500000,4698834.10000000,1755561599999,2025-08-18 23:59:59,12476433.69838000,83072,2263534.48000000,6009060.85620000
1755561600000,2025-08-19 00:00:00,2.51500000,2.51500000,2.23000000,2.24000000,3189628.55000000,1755647999999,2025-08-19 23:59:59,7440032.49445000,45863,1372185.45000000,3196720.56157000
1755648000000,2025-08-20 00:00:00,2.23900000,2.32000000,2.17400000,2.28400000,2293473.99000000,1755734399999,2025-08-20 23:59:59,5161569.77325000,39757,1072541.71000000,2414867.57119000
1755734400000,2025-08-21 00:00:00,2.28500000,2.28500000,2.10100000,2.13300000,1962808.69000000,1755820799999,2025-08-21 23:59:59,4256658.80883000,26455,853402.23000000,1848328.44071000
1755820800000,2025-08-22 00:00:00,2.13300000,2.29700000,2.11000000,2.26300000,6835717.93000000,1755907199999,2025-08-22 23:59:59,15151053.21738000,86798,3408619.85000000,7551973.56451000
1755907200000,2025-08-23 00:00:00,2.26300000,2.49200000,2.25100000,2.29200000,5396137.24000000,1755993599999,2025-08-23 23:59:59,12687352.92573000,77798,2790034.17000000,6565174.79010000
1755993600000,2025-08-24 00:00:00,2.29200000,2.32400000,2.13400000,2.17300000,3722350.05000000,1756079999999,2025-08-24 23:59:59,8236880.52368000,43151,1829528.08000000,4050843.25175000
1756080000000,2025-08-25 00:00:00,2.17400000,2.17400000,1.92400000,1.97200000,2059428.59000000,1756166399999,2025-08-25 23:59:59,4192002.75707000,35218,891378.85000000,1815857.54673000
1756166400000,2025-08-26 00:00:00,1.97100000,2.17500000,1.95300000,2.03500000,4525120.99000000,1756252799999,2025-08-26 23:59:59,9374790.37016000,63296,2305104.06000000,4775125.82573000
1756252800000,2025-08-27 00:00:00,2.03400000,2.03900000,1.97000000,1.99200000,1706063.11000000,1756339199999,2025-08-27 23:59:59,3419936.58731000,21073,832121.07000000,1667500.57175000
1756339200000,2025-08-28 00:00:00,1.99100000,2.05200000,1.96200000,2.01200000,1486724.13000000,1756425599999,2025-08-28 23:59:59,2985962.17780000,22705,640178.98000000,1284991.02317000
1756425600000,2025-08-29 00:00:00,2.01200000,2.01600000,1.89100000,1.92600000,2125483.90000000,1756511999999,2025-08-29 23:59:59,4129016.66032000,25222,1023138.02000000,1987032.61438000
1756512000000,2025-08-30 00:00:00,1.92600000,2.10800000,1.89900000,2.01000000,4578226.85000000,1756598399999,2025-08-30 23:59:59,9177521.64837000,45517,2354377.85000000,4724846.42239000
1756598400000,2025-08-31 00:00:00,2.01000000,2.06400000,1.87300000,1.88200000,3322294.46000000,1756684799999,2025-08-31 23:59:59,6520458.12783000,30169,1676161.80000000,3287826.53671000
1756684800000,2025-09-01 00:00:00,1.88100000,1.89700000,1.69800000,1.74600000,4789928.51000000,1756771199999,2025-09-01 23:59:59,8611088.35620000,41490,2311755.23000000,4157031.82122000
1756771200000,2025-09-02 00:00:00,1.74700000,1.80000000,1.71200000,1.76100000,1617722.89000000,1756857599999,2025-09-02 23:59:59,2847113.69847000,22015,746517.06000000,1311810.63482000
1756857600000,2025-09-03 00:00:00,1.76100000,1.80600000,1.73000000,1.80200000,838970.20000000,1756943999999,2025-09-03 23:59:59,1483977.45064000,10917,380078.68000000,672823.68381000
1756944000000,2025-09-04 00:00:00,1.80300000,1.82000000,1.68600000,1.72600000,1429567.20000000,1757030399999,2025-09-04 23:59:59,2491207.64044000,21179,736332.16000000,1282150.27134000
1757030400000,2025-09-05 00:00:00,1.72500000,1.79200000,1.70800000,1.75200000,2485316.16000000,1757116799999,2025-09-05 23:59:59,4346989.59434000,34472,1326569.80000000,2321354.39824000
1757116800000,2025-09-06 00:00:00,1.75100000,1.81000000,1.73300000,1.80600000,2248079.48000000,1757203199999,2025-09-06 23:59:59,3984282.83631000,24902,1182360.78000000,2096286.77064000
1757203200000,2025-09-07 00:00:00,1.80500000,1.84300000,1.75600000,1.78900000,1818985.56000000,1757289599999,2025-09-07 23:59:59,3275910.94571000,19980,885135.16000000,1595428.54595000
1757289600000,2025-09-08 00:00:00,1.78800000,1.87700000,1.78100000,1.81900000,2853495.42000000,1757375999999,2025-09-08 23:59:59,5200634.12654000,37988,1451861.86000000,2649733.42881000
1757376000000,2025-09-09 00:00:00,1.81900000,1.84900000,1.75800000,1.80200000,2135654.09000000,1757462399999,2025-09-09 23:59:59,3853670.11859000,33356,970567.06000000,1750480.97087000
1757462400000,2025-09-10 00:00:00,1.80200000,1.86200000,1.77900000,1.83900000,1956624.48000000,1757548799999,2025-09-10 23:59:59,3574443.65121000,30923,929837.67000000,1698456.99387000
1757548800000,2025-09-11 00:00:00,1.83800000,1.88000000,1.78300000,1.84800000,1381839.60000000,1757635199999,2025-09-11 23:59:59,2528989.57107000,22953,731328.33000000,1340970.90871000
1757635200000,2025-09-12 00:00:00,1.84900000,1.87300000,1.80300000,1.87100000,1110931.07000000,1757721599999,2025-09-12 23:59:59,2048359.14869000,18293,567889.65000000,1046855.11028000
1757721600000,2025-09-13 00:00:00,1.87200000,1.89700000,1.83600000,1.88600000,1131724.76000000,1757807999999,2025-09-13 23:59:59,2117177.56666000,20337,516284.12000000,966124.55203000
1757808000000,2025-09-14 00:00:00,1.88600000,1.98300000,1.79800000,1.82400000,3455179.27000000,1757894399999,2025-09-14 23:59:59,6566036.52161000,55034,1776656.37000000,3380861.82776000
1757894400000,2025-09-15 00:00:00,1.82500000,1.85200000,1.70700000,1.74300000,1693880.71000000,1757980799999,2025-09-15 23:59:59,3003482.21277000,21712,894969.72000000,1584259.80807000
1757980800000,2025-09-16 00:00:00,1.74200000,1.77500000,1.68800000,1.76300000,1093475.33000000,1758067199999,2025-09-16 23:59:59,1898391.29076000,15561,526427.35000000,913735.80262000
1758067200000,2025-09-17 00:00:00,1.76300000,1.93200000,1.72800000,1.85100000,2839282.77000000,1758153599999,2025-09-17 23:59:59,5157335.22421000,36763,1484949.29000000,2697468.38922000
1758153600000,2025-09-18 00:00:00,1.85100000,1.86600000,1.82200000,1.84700000,982679.51000000,1758239999999,2025-09-18 23:59:59,1815462.82358000,15116,464304.81000000,858218.35670000
1758240000000,2025-09-19 00:00:00,1.84800000,1.86300000,1.73700000,1.74900000,1387021.49000000,1758326399999,2025-09-19 23:59:59,2508884.34144000,21677,591002.85000000,1066945.96978000
1758326400000,2025-09-20 00:00:00,1.74900000,1.78600000,1.73500000,1.77200000,612816.92000000,1758412799999,2025-09-20 23:59:59,1082764.41856000,11001,331047.62000000,584950.25360000
1758412800000,2025-09-21 00:00:00,1.77200000,1.93500000,1.77200000,1.87400000,4158586.18000000,1758499199999,2025-09-21 23:59:59,7719558.75704000,50902,2110992.37000000,3918667.68329000
1758499200000,2025-09-22 00:00:00,1.87400000,1.87500000,1.58300000,1.64000000,2989834.26000000,1758585599999,2025-09-22 23:59:59,5006880.47667000,41778,1483070.84000000,2479859.41944000
1758585600000,2025-09-23 00:00:00,1.64100000,1.66300000,1.54600000,1.57200000,1522354.63000000,1758671999999,2025-09-23 23:59:59,2424736.11133000,25036,732506.18000000,1166742.78347000
1758672000000,2025-09-24 00:00:00,1.57200000,1.62400000,1.51000000,1.59300000,1131297.97000000,1758758399999,2025-09-24 23:59:59,1788343.22581000,14102,586940.34000000,926929.85432000
1758758400000,2025-09-25 00:00:00,1.59300000,1.59900000,1.45900000,1.48900000,1529010.72000000,1758844799999,2025-09-25 23:59:59,2335680.40092000,18610,755017.09000000,1152688.64555000
1758844800000,2025-09-26 00:00:00,1.49000000,1.54700000,1.46000000,1.53300000,861981.38000000,1758931199999,2025-09-26 23:59:59,1291930.92239000,12737,408826.93000000,613034.23831000
1758931200000,2025-09-27 00:00:00,1.53300000,1.56000000,1.51900000,1.54200000,639885.22000000,1759017599999,2025-09-27 23:59:59,985710.33233000,8611,327529.77000000,504629.36700000
1759017600000,2025-09-28 00:00:00,1.54400000,1.57100000,1.49100000,1.56600000,611019.01000000,1759103999999,2025-09-28 23:59:59,932020.45400000,7246,294805.27000000,449541.81621000
1759104000000,2025-09-29 00:00:00,1.56700000,1.56700000,1.49500000,1.51600000,747402.99000000,1759190399999,2025-09-29 23:59:59,1143270.80833000,9445,335075.65000000,512420.88241000
1759190400000,2025-09-30 00:00:00,1.51600000,1.51900000,1.43700000,1.49700000,942795.85000000,1759276799999,2025-09-30 23:59:59,1389549.42727000,12155,446818.41000000,658578.10535000
1759276800000,2025-10-01 00:00:00,1.49800000,1.59000000,1.48000000,1.58400000,1003598.85000000,1759363199999,2025-10-01 23:59:59,1559236.06208000,15108,513120.65000000,796944.63629000
1759363200000,2025-10-02 00:00:00,1.58400000,1.66100000,1.55500000,1.65300000,1490252.91000000,1759449599999,2025-10-02 23:59:59,2398613.52914000,24961,746950.97000000,1204979.13846000
1759449600000,2025-10-03 00:00:00,1.65400000,1.78500000,1.61100000,1.72200000,4458726.89000000,1759535999999,2025-10-03 23:59:59,7512055.49403000,63825,2238528.05000000,3772701.21229000
1759536000000,2025-10-04 00:00:00,1.72300000,1.76900000,1.62200000,1.68200000,3385030.08000000,1759622399999,2025-10-04 23:59:59,5809839.88220000,44239,1724044.45000000,2961622.39817000
1759622400000,2025-10-05 00:00:00,1.68100000,1.71300000,1.61400000,1.62100000,1215822.01000000,1759708799999,2025-10-05 23:59:59,2031781.14605000,20090,573531.92000000,959146.51386000
1759708800000,2025-10-06 00:00:00,1.62100000,1.71800000,1.60600000,1.69400000,1271435.32000000,1759795199999,2025-10-06 23:59:59,2107091.05373000,20581,593002.74000000,983286.67751000
1759795200000,2025-10-07 00:00:00,1.69400000,1.71700000,1.56800000,1.57100000,1384636.86000000,1759881599999,2025-10-07 23:59:59,2269293.80574000,30721,640843.43000000,1049631.27992000
1759881600000,2025-10-08 00:00:00,1.57000000,1.64200000,1.53000000,1.62100000,1505116.88000000,1759967999999,2025-10-08 23:59:59,2369803.68883000,28415,725933.11000000,1143169.80750000
1759968000000,2025-10-09 00:00:00,1.62100000,1.62500000,1.48700000,1.53800000,1386537.19000000,1760054399999,2025-10-09 23:59:59,2144551.94971000,24250,679036.61000000,1051331.27244000
1760054400000,2025-10-10 00:00:00,1.53900000,1.58300000,0.26300000,0.99800000,5516188.26000000,1760140799999,2025-10-10 23:59:59,6042874.43732000,96777,2919443.27000000,3155125.08590000
1760140800000,2025-10-11 00:00:00,0.99900000,1.04600000,0.92600000,0.96700000,4069519.19000000,1760227199999,2025-10-11 23:59:59,4040173.85329000,57142,2116354.71000000,2100227.12071000
1760227200000,2025-10-12 00:00:00,0.96600000,1.13800000,0.94000000,1.11400000,2420338.66000000,1760313599999,2025-10-12 23:59:59,2526635.41606000,22370,1156848.76000000,1204770.48039000
1760313600000,2025-10-13 00:00:00,1.11400000,1.22800000,1.09200000,1.18600000,2103491.85000000,1760399999999,2025-10-13 23:59:59,2433021.72218000,18396,1029540.33000000,1191596.02050000
1760400000000,2025-10-14 00:00:00,1.18600000,1.18900000,1.04400000,1.12600000,1703758.13000000,1760486399999,2025-10-14 23:59:59,1870902.42125000,15679,848637.51000000,932872.97632000
1760486400000,2025-10-15 00:00:00,1.12700000,1.41500000,1.10500000,1.16200000,7971923.17000000,1760572799999,2025-10-15 23:59:59,9895191.32751000,67101,3807543.74000000,4719631.78132000
1760572800000,2025-10-16 00:00:00,1.16100000,1.18700000,1.04400000,1.08600000,3094020.61000000,1760659199999,2025-10-16 23:59:59,3436984.14533000,27482,1628217.56000000,1808141.87380000
1760659200000,2025-10-17 00:00:00,1.08600000,1.09800000,0.97700000,1.06100000,2538930.92000000,1760745599999,2025-10-17 23:59:59,2658238.77369000,21698,1407232.09000000,1473789.87642000
1760745600000,2025-10-18 00:00:00,1.06100000,1.13900000,1.05500000,1.08000000,1836905.68000000,1760831999999,2025-10-18 23:59:59,2002524.38651000,19563,989660.05000000,1079273.61783000
1760832000000,2025-10-19 00:00:00,1.08000000,1.12600000,1.05500000,1.09700000,1034296.13000000,1760918399999,2025-10-19 23:59:59,1130359.08004000,11403,530967.72000000,579888.87397000
1760918400000,2025-10-20 00:00:00,1.09800000,1.14500000,1.07200000,1.10400000,1114500.97000000,1761004799999,2025-10-20 23:59:59,1239795.56190000,10553,617666.82000000,687317.84145000
1761004800000,2025-10-21 00:00:00,1.10500000,1.15300000,1.05100000,1.06900000,1628718.20000000,1761091199999,2025-10-21 23:59:59,1799801.72090000,17359,847363.15000000,936403.83507000
1761091200000,2025-10-22 00:00:00,1.06800000,1.07500000,1.00100000,1.03900000,1095700.18000000,1761177599999,2025-10-22 23:59:59,1149665.74789000,17699,471369.24000000,494461.34588000
1761177600000,2025-10-23 00:00:00,1.03800000,1.09200000,1.03700000,1.07100000,1172027.07000000,1761263999999,2025-10-23 23:59:59,1248973.42740000,12346,618976.44000000,659935.90751000
1761264000000,2025-10-24 00:00:00,1.07200000,1.09600000,1.05200000,1.07600000,676737.38000000,1761350399999,2025-10-24 23:59:59,728101.95843000,7931,314589.61000000,338992.72347000
1761350400000,2025-10-25 00:00:00,1.07600000,1.11300000,1.06400000,1.08000000,1316401.99000000,1761436799999,2025-10-25 23:59:59,1426225.77447000,15151,635845.96000000,689763.38587000
1761436800000,2025-10-26 00:00:00,1.08000000,1.11200000,1.06200000,1.10800000,930992.06000000,1761523199999,2025-10-26 23:59:59,1014064.78926000,10441,516735.13000000,563196.35970000
1761523200000,2025-10-27 00:00:00,1.10800000,1.12500000,1.04500000,1.06100000,887789.23000000,1761609599999,2025-10-27 23:59:59,960071.30280000,9532,407578.06000000,440640.64968000
1761609600000,2025-10-28 00:00:00,1.06100000,1.08000000,1.00800000,1.02400000,680431.56000000,1761695999999,2025-10-28 23:59:59,715340.51199000,8961,303618.84000000,319348.62301000
1761696000000,2025-10-29 00:00:00,1.02400000,1.04900000,0.98600000,1.02100000,776869.42000000,1761782399999,2025-10-29 23:59:59,796451.16192000,8173,352728.01000000,361664.05170000
1761782400000,2025-10-30 00:00:00,1.02100000,1.03400000,0.90900000,0.94400000,925159.10000000,1761868799999,2025-10-30 23:59:59,893147.17089000,12058,455877.26000000,440709.65824000
1761868800000,2025-10-31 00:00:00,0.94400000,0.99800000,0.93700000,0.96000000,691480.13000000,1761955199999,2025-10-31 23:59:59,664363.50226000,11608,366034.07000000,352243.15705000
1761955200000,2025-11-01 00:00:00,0.96000000,1.01100000,0.95100000,1.00200000,637775.38000000,1762041599999,2025-11-01 23:59:59,627778.62374000,7877,336434.85000000,331532.97654000
1762041600000,2025-11-02 00:00:00,1.00300000,1.04900000,0.95900000,0.99200000,951505.73000000,1762127999999,2025-11-02 23:59:59,951994.92426000,11195,431130.95000000,432459.36724000
1762128000000,2025-11-03 00:00:00,0.99200000,0.99200000,0.81800000,0.85400000,1128517.60000000,1762214399999,2025-11-03 23:59:59,1000086.69132000,12780,524846.38000000,464551.03907000
1762214400000,2025-11-04 00:00:00,0.85500000,0.88100000,0.78300000,0.83800000,1430830.98000000,1762300799999,2025-11-04 23:59:59,1198691.49617000,15235,704940.45000000,591038.24776000
1762300800000,2025-11-05 00:00:00,0.83700000,0.89100000,0.79500000,0.88400000,947282.08000000,1762387199999,2025-11-05 23:59:59,813289.42028000,9149,472541.24000000,406113.17223000
1762387200000,2025-11-06 00:00:00,0.88400000,0.89000000,0.82900000,0.86400000,804344.55000000,1762473599999,2025-11-06 23:59:59,690459.95658000,11159,358075.50000000,307699.67478000
1762473600000,2025-11-07 00:00:00,0.86400000,1.04300000,0.85600000,0.99100000,2373637.50000000,1762559999999,2025-11-07 23:59:59,2292769.49082000,24007,1182333.80000000,1141149.20604000
1762560000000,2025-11-08 00:00:00,0.99000000,1.10000000,0.94100000,1.02700000,3492393.32000000,1762646399999,2025-11-08 23:59:59,3508648.09758000,32840,1735916.93000000,1747246.76357000
1762646400000,2025-11-09 00:00:00,1.02500000,1.02600000,0.95100000,0.99600000,1349529.73000000,1762732799999,2025-11-09 23:59:59,1337194.57471000,11641,669367.28000000,663526.78268000
1762732800000,2025-11-10 00:00:00,0.99600000,1.05300000,0.97500000,1.02300000,1205209.09000000,1762819199999,2025-11-10 23:59:59,1221266.42990000,13112,605518.11000000,613987.78787000
1762819200000,2025-11-11 00:00:00,1.02400000,1.04900000,0.93300000,0.93700000,1135074.34000000,1762905599999,2025-11-11 23:59:59,1122161.82427000,10939,535133.81000000,530609.08657000
1762905600000,2025-11-12 00:00:00,0.93800000,0.98900000,0.91000000,0.93700000,697644.14000000,1762991999999,2025-11-12 23:59:59,665104.77295000,8709,345093.58000000,328665.75703000
1762992000000,2025-11-13 00:00:00,0.93700000,0.96700000,0.86000000,0.89600000,760258.28000000,1763078399999,2025-11-13 23:59:59,698722.45256000,11573,344228.46000000,316448.38624000
1763078400000,2025-11-14 00:00:00,0.89500000,0.90400000,0.83600000,0.87100000,1015232.70000000,1763164799999,2025-11-14 23:59:59,886359.58617000,12125,488728.72000000,427172.76009000
1763164800000,2025-11-15 00:00:00,0.87100000,0.91000000,0.86000000,0.88000000,417326.00000000,1763251199999,2025-11-15 23:59:59,369972.92228000,5308,182896.07000000,162378.44937000
1763251200000,2025-11-16 00:00:00,0.88000000,0.89600000,0.82500000,0.85400000,594576.16000000,1763337599999,2025-11-16 23:59:59,512852.39025000,6121,271005.77000000,233456.68685000
1763337600000,2025-11-17 00:00:00,0.85500000,0.88300000,0.80500000,0.81900000,2530783.18000000,1763423999999,2025-11-17 23:59:59,2138351.61851000,16709,1220128.96000000,1030358.70472000
1763424000000,2025-11-18 00:00:00,0.81800000,0.86500000,0.80500000,0.85800000,731232.48000000,1763510399999,2025-11-18 23:59:59,610274.95896000,9275,376404.37000000,313973.59125000
1763510400000,2025-11-19 00:00:00,0.85700000,0.86300000,0.78600000,0.83000000,653809.94000000,1763596799999,2025-11-19 23:59:59,539558.31125000,9505,313560.84000000,258647.46669000
1763596800000,2025-11-20 00:00:00,0.83100000,1.08800000,0.83100000,0.89000000,13516433.77000000,1763683199999,2025-11-20 23:59:59,12961601.91935000,117505,7143765.80000000,6867290.34695000
1763683200000,2025-11-21 00:00:00,0.88900000,0.92300000,0.73000000,0.78500000,5312422.70000000,1763769599999,2025-11-21 23:59:59,4313390.72897000,46551,2711373.86000000,2203922.55343000
1763769600000,2025-11-22 00:00:00,0.78500000,0.83700000,0.73800000,0.78700000,2572317.03000000,1763855999999,2025-11-22 23:59:59,2001418.46559000,21830,1280848.30000000,997701.30991000
1763856000000,2025-11-23 00:00:00,0.78600000,0.78900000,0.76800000,0.77100000,1362305.95000000,1763942399999,2025-11-23 23:59:59,1062315.57770000,8928,777732.40000000,606312.19749000
1763942400000,2025-11-24 00:00:00,0.77100000,0.80700000,0.75300000,0.79700000,1402773.19000000,1764028799999,2025-11-24 23:59:59,1087276.55548000,11069,795817.72000000,617284.75558000
1764028800000,2025-11-25 00:00:00,0.79700000,0.79900000,0.76300000,0.79400000,925078.73000000,1764115199999,2025-11-25 23:59:59,722796.30775000,6122,483680.37000000,378090.55849000
1764115200000,2025-11-26 00:00:00,0.79400000,0.79900000,0.76100000,0.79100000,581149.87000000,1764201599999,2025-11-26 23:59:59,454356.56231000,4563,254489.53000000,199145.44139000
1764201600000,2025-11-27 00:00:00,0.79200000,0.90600000,0.79200000,0.82300000,6684290.55000000,1764287999999,2025-11-27 23:59:59,5639736.52219000,46038,3217656.83000000,2717908.36570000
1764288000000,2025-11-28 00:00:00,0.82200000,0.83100000,0.79300000,0.80800000,1310177.09000000,1764374399999,2025-11-28 23:59:59,1062120.98142000,11016,588353.82000000,477232.63578000
1764374400000,2025-11-29 00:00:00,0.80900000,0.95000000,0.80900000,0.91600000,6007022.08000000,1764460799999,2025-11-29 23:59:59,5278234.49201000,40376,2979360.49000000,2620915.56904000
1764460800000,2025-11-30 00:00:00,0.91600000,0.91600000,0.84500000,0.85800000,2851315.44000000,1764547199999,2025-11-30 23:59:59,2478744.48578000,21021,1295098.73000000,1125742.23411000
1764547200000,2025-12-01 00:00:00,0.85800000,0.93800000,0.77000000,0.91500000,5385557.95000000,1764633599999,2025-12-01 23:59:59,4602323.01870000,44859,2474600.30000000,2130287.60102000
1764633600000,2025-12-02 00:00:00,0.91500000,0.93800000,0.84400000,0.88500000,3208570.58000000,1764719999999,2025-12-02 23:59:59,2826220.87750000,24266,1430140.83000000,1260465.15838000
1764720000000,2025-12-03 00:00:00,0.88600000,0.95000000,0.85000000,0.90000000,2316334.72000000,1764806399999,2025-12-03 23:59:59,2067328.32957000,18743,968319.73000000,867569.71991000
1764806400000,2025-12-04 00:00:00,0.90000000,0.93000000,0.86100000,0.88000000,2885614.36000000,1764892799999,2025-12-04 23:59:59,2572241.77460000,21677,1263096.75000000,1126310.10588000
1764892800000,2025-12-05 00:00:00,0.88000000,0.89500000,0.82100000,0.85900000,2153613.51000000,1764979199999,2025-12-05 23:59:59,1842785.23394000,15925,1084887.15000000,929060.96413000
1764979200000,2025-12-06 00:00:00,0.86000000,0.90800000,0.84300000,0.86600000,1831770.08000000,1765065599999,2025-12-06 23:59:59,1607086.97515000,12311,850575.61000000,747375.83389000
1765065600000,2025-12-07 00:00:00,0.86600000,0.86800000,0.82300000,0.84000000,1925780.53000000,1765151999999,2025-12-07 23:59:59,1630814.22233000,11498,894087.63000000,756987.40937000
1765152000000,2025-12-08 00:00:00,0.84000000,0.86100000,0.81000000,0.82700000,1362139.31000000,1765238399999,2025-12-08 23:59:59,1138237.37024000,11476,630651.44000000,527653.79915000
1765238400000,2025-12-09 00:00:00,0.82600000,0.87200000,0.80500000,0.85000000,1124669.55000000,1765324799999,2025-12-09 23:59:59,941146.71119000,10356,544020.50000000,456450.98841000
1765324800000,2025-12-10 00:00:00,0.85100000,0.90000000,0.82400000,0.84100000,2452389.91000000,1765411199999,2025-12-10 23:59:59,2111531.30349000,20685,1120933.19000000,965512.23260000
1765411200000,2025-12-11 00:00:00,0.84100000,0.91700000,0.83000000,0.85200000,3173673.86000000,1765497599999,2025-12-11 23:59:59,2750992.25867000,33052,1635174.12000000,1415310.37276000
1765497600000,2025-12-12 00:00:00,0.85200000,0.85200000,0.78500000,0.80100000,1344212.55000000,1765583999999,2025-12-12 23:59:59,1096148.90802000,11730,577934.20000000,470816.58330000
1765584000000,2025-12-13 00:00:00,0.80100000,0.81400000,0.79700000,0.80300000,706986.97000000,1765670399999,2025-12-13 23:59:59,568756.72953000,6583,374820.92000000,301452.51456000
1765670400000,2025-12-14 00:00:00,0.80200000,0.80200000,0.75500000,0.76100000,650408.76000000,1765756799999,2025-12-14 23:59:59,507412.49881000,9896,338861.21000000,264395.30437000
1765756800000,2025-12-15 00:00:00,0.76100000,0.77800000,0.70100000,0.72700000,988158.38000000,1765843199999,2025-12-15 23:59:59,728802.47336000,7820,403806.10000000,297825.72881000
1765843200000,2025-12-16 00:00:00,0.72600000,0.72800000,0.70400000,0.72200000,513373.52000000,1765929599999,2025-12-16 23:59:59,368427.30977000,4920,270513.12000000,194114.23411000
1765929600000,2025-12-17 00:00:00,0.72200000,0.72200000,0.65900000,0.66300000,914725.71000000,1766015999999,2025-12-17 23:59:59,632603.11965000,9097,395364.89000000,273480.24352000
1766016000000,2025-12-18 00:00:00,0.66300000,0.67800000,0.61400000,0.63900000,1580549.05000000,1766102399999,2025-12-18 23:59:59,1031638.51340000,9849,722908.26000000,471697.03285000
1766102400000,2025-12-19 00:00:00,0.63900000,0.69100000,0.63100000,0.68700000,1009684.84000000,1766188799999,2025-12-19 23:59:59,674954.36620000,6410,489683.12000000,326959.10830000
1766188800000,2025-12-20 00:00:00,0.68700000,0.78000000,0.68100000,0.72200000,2290254.09000000,1766275199999,2025-12-20 23:59:59,1675782.08948000,14052,1196632.63000000,874941.66467000
1766275200000,2025-12-21 00:00:00,0.72300000,0.74700000,0.67200000,0.68600000,1203987.49000000,1766361599999,2025-12-21 23:59:59,844650.34721000,7440,567339.51000000,399336.12809000
1766361600000,2025-12-22 00:00:00,0.68700000,0.70300000,0.67900000,0.69500000,594337.55000000,1766447999999,2025-12-22 23:59:59,411965.07495000,3624,276011.77000000,191335.23635000
1766448000000,2025-12-23 00:00:00,0.69400000,0.70100000,0.67700000,0.69400000,695557.76000000,1766534399999,2025-12-23 23:59:59,478856.10731000,3839,311951.49000000,214585.09988000
1766534400000,2025-12-24 00:00:00,0.69400000,0.69800000,0.66300000,0.69600000,747807.75000000,1766620799999,2025-12-24 23:59:59,507516.38002000,5065,317885.47000000,215898.82203000
1766620800000,2025-12-25 00:00:00,0.69500000,0.72300000,0.68500000,0.68700000,712110.97000000,1766707199999,2025-12-25 23:59:59,504226.39530000,5902,368083.80000000,260753.99378000
1766707200000,2025-12-26 00:00:00,0.68700000,0.71500000,0.68100000,0.71300000,685547.67000000,1766793599999,2025-12-26 23:59:59,480867.33937000,4367,332886.04000000,233423.68183000
1766793600000,2025-12-27 00:00:00,0.71200000,0.73200000,0.70000000,0.72400000,681589.69000000,1766879999999,2025-12-27 23:59:59,489109.11221000,4106,292283.64000000,209958.83078000
1766880000000,2025-12-28 00:00:00,0.72400000,0.74400000,0.71200000,0.72300000,495115.74000000,1766966399999,2025-12-28 23:59:59,360609.19614000,3211,212670.22000000,154879.80125000
1766966400000,2025-12-29 00:00:00,0.72200000,0.74200000,0.70200000,0.70900000,665265.97000000,1767052799999,2025-12-29 23:59:59,480349.95474000,6017,324233.01000000,234380.74005000
1767052800000,2025-12-30 00:00:00,0.70900000,0.72300000,0.69000000,0.72200000,579164.53000000,1767139199999,2025-12-30 23:59:59,406736.87453000,6961,250415.73000000,175970.37318000
1767139200000,2025-12-31 00:00:00,0.72300000,0.92000000,0.72300000,0.80700000,17113974.98000000,1767225599999,2025-12-31 23:59:59,14407122.40244000,113593,8628545.91000000,7277316.37412000
1767225600000,2026-01-01 00:00:00,0.80600000,0.80600000,0.73900000,0.77300000,3726995.11000000,1767311999999,2026-01-01 23:59:59,2841350.86254000,26408,1718609.95000000,1311086.67962000
1767312000000,2026-01-02 00:00:00,0.77300000,0.79400000,0.74500000,0.78500000,2106903.38000000,1767398399999,2026-01-02 23:59:59,1609219.32692000,14330,1085037.62000000,829201.48403000
1767398400000,2026-01-03 00:00:00,0.78500000,0.80300000,0.76100000,0.78900000,1945039.64000000,1767484799999,2026-01-03 23:59:59,1519083.28306000,12829,1047606.60000000,818105.49997000
1767484800000,2026-01-04 00:00:00,0.78900000,0.79600000,0.77300000,0.78500000,1316533.43000000,1767571199999,2026-01-04 23:59:59,1032656.06614000,7402,661770.20000000,519446.04057000
1767571200000,2026-01-05 00:00:00,0.78500000,0.80100000,0.76100000,0.79500000,1379692.24000000,1767657599999,2026-01-05 23:59:59,1078335.06128000,12368,769876.93000000,602005.52773000
1767657600000,2026-01-06 00:00:00,0.79500000,0.81700000,0.76000000,0.81700000,1541407.34000000,1767743999999,2026-01-06 23:59:59,1223519.08584000,11771,747133.72000000,593283.94016000
1767744000000,2026-01-07 00:00:00,0.81600000,0.88800000,0.77300000,0.78400000,2712309.92000000,1767830399999,2026-01-07 23:59:59,2248578.77239000,18557,1445838.10000000,1202552.52695000
1767830400000,2026-01-08 00:00:00,0.78400000,0.79200000,0.74700000,0.76700000,840246.85000000,1767916799999,2026-01-08 23:59:59,646600.79251000,6596,380129.22000000,292474.11818000
1767916800000,2026-01-09 00:00:00,0.76600000,0.77500000,0.74700000,0.76700000,721077.93000000,1768003199999,2026-01-09 23:59:59,548906.22034000,5913,328152.96000000,249808.74338000
1768003200000,2026-01-10 00:00:00,0.76700000,0.77400000,0.75300000,0.76100000,468561.75000000,1768089599999,2026-01-10 23:59:59,359197.47178000,3150,213362.75000000,163501.82622000
1768089600000,2026-01-11 00:00:00,0.76100000,0.77100000,0.74400000,0.76000000,597466.40000000,1768175999999,2026-01-11 23:59:59,453849.02939000,3978,288993.20000000,219611.10184000
1768176000000,2026-01-12 00:00:00,0.76000000,0.80000000,0.72300000,0.73600000,1385770.35000000,1768262399999,2026-01-12 23:59:59,1042974.10484000,7529,708470.25000000,534168.74267000
1768262400000,2026-01-13 00:00:00,0.73700000,0.79200000,0.72900000,0.79200000,867944.55000000,1768348799999,2026-01-13 23:59:59,662747.22610000,6458,450813.67000000,343900.22806000
1768348800000,2026-01-14 00:00:00,0.79300000,0.82100000,0.76800000,0.77600000,1419891.09000000,1768435199999,2026-01-14 23:59:59,1117237.08023000,9620,624039.85000000,492035.69096000
1768435200000,2026-01-15 00:00:00,0.77600000,0.77800000,0.73300000,0.74700000,751144.71000000,1768521599999,2026-01-15 23:59:59,565724.31603000,6427,388414.81000000,292475.70482000
1768521600000,2026-01-16 00:00:00,0.74700000,0.76600000,0.73500000,0.76400000,516102.36000000,1768607999999,2026-01-16 23:59:59,386817.48398000,4912,225169.24000000,168750.19835000
1768608000000,2026-01-17 00:00:00,0.76500000,0.78800000,0.75600000,0.76400000,653461.38000000,1768694399999,2026-01-17 23:59:59,503624.17138000,5766,309799.93000000,238903.32456000
1768694400000,2026-01-18 00:00:00,0.76400000,0.77000000,0.73500000,0.73500000,787009.99000000,1768780799999,2026-01-18 23:59:59,595950.06175000,5175,374471.43000000,283628.67575000
1768780800000,2026-01-19 00:00:00,0.73400000,0.74400000,0.64600000,0.73900000,2084246.62000000,1768867199999,2026-01-19 23:59:59,1468435.08713000,19708,1119543.09000000,791195.01460000
1768867200000,2026-01-20 00:00:00,0.73900000,0.73900000,0.68400000,0.69000000,816670.79000000,1768953599999,2026-01-20 23:59:59,582465.77014000,7283,401459.90000000,286677.10604000
1768953600000,2026-01-21 00:00:00,0.69100000,0.73400000,0.69100000,0.72900000,575880.89000000,1769039999999,2026-01-21 23:59:59,411773.45223000,4949,265368.74000000,189596.86486000
1769040000000,2026-01-22 00:00:00,0.73000000,0.73800000,0.70200000,0.71100000,425111.72000000,1769126399999,2026-01-22 23:59:59,305130.39779000,3340,199677.44000000,143268.78548000
1769126400000,2026-01-23 00:00:00,0.71200000,0.76400000,0.71100000,0.74100000,1388729.16000000,1769212799999,2026-01-23 23:59:59,1029930.89165000,8934,709938.19000000,526459.10533000
1769212800000,2026-01-24 00:00:00,0.74100000,0.84500000,0.73400000,0.84300000,4691213.71000000,1769299199999,2026-01-24 23:59:59,3720966.93534000,31010,2485731.23000000,1969518.15077000
1769299200000,2026-01-25 00:00:00,0.84300000,0.86300000,0.75600000,0.80500000,4528991.44000000,1769385599999,2026-01-25 23:59:59,3630922.25570000,35296,2232519.44000000,1791879.66432000
1769385600000,2026-01-26 00:00:00,0.80500000,0.82500000,0.78400000,0.80200000,1491564.20000000,1769471999999,2026-01-26 23:59:59,1193102.77330000,17750,688951.77000000,551561.20471000
1769472000000,2026-01-27 00:00:00,0.80300000,0.83400000,0.75600000,0.83100000,1517656.18000000,1769558399999,2026-01-27 23:59:59,1189501.91067000,16829,760831.88000000,596434.25001000
1769558400000,2026-01-28 00:00:00,0.83100000,0.83600000,0.73500000,0.77800000,2046020.86000000,1769644799999,2026-01-28 23:59:59,1597326.85276000,19395,986482.63000000,769415.38557000
1769644800000,2026-01-29 00:00:00,0.77900000,0.77900000,0.66600000,0.67900000,1638827.14000000,1769731199999,2026-01-29 23:59:59,1165064.73041000,13981,842628.58000000,599835.46674000
1769731200000,2026-01-30 00:00:00,0.67900000,0.68900000,0.64200000,0.66100000,1459888.61000000,1769817599999,2026-01-30 23:59:59,967733.94821000,10182,691939.07000000,458945.04081000
1769817600000,2026-01-31 00:00:00,0.66100000,0.66200000,0.51400000,0.57300000,1781269.41000000,1769903999999,2026-01-31 23:59:59,1039528.89752000,14705,836152.09000000,487129.74554000
1769904000000,2026-02-01 00:00:00,0.57200000,0.62600000,0.55000000,0.55900000,1504273.46000000,1769990399999,2026-02-01 23:59:59,883703.62963000,9446,740055.69000000,435447.50754000
1769990400000,2026-02-02 00:00:00,0.55900000,0.58700000,0.54800000,0.58300000,893751.98000000,1770076799999,2026-02-02 23:59:59,510069.24727000,6492,448800.15000000,256209.57865000
1770076800000,2026-02-03 00:00:00,0.58400000,0.78300000,0.57000000,0.61200000,13715523.21000000,1770163199999,2026-02-03 23:59:59,9195222.48750000,80960,7111126.53000000,4779839.97767000
1770163200000,2026-02-04 00:00:00,0.61200000,0.61200000,0.53800000,0.55700000,4684208.92000000,1770249599999,2026-02-04 23:59:59,2646035.26534000,23721,2603907.44000000,1462675.94499000
1770249600000,2026-02-05 00:00:00,0.55700000,0.57400000,0.46500000,0.47100000,3275521.05000000,1770335999999,2026-02-05 23:59:59,1671665.45873000,21888,1757822.45000000,895243.28979000
1770336000000,2026-02-06 00:00:00,0.47200000,0.66100000,0.42400000,0.56700000,14164052.84000000,1770422399999,2026-02-06 23:59:59,8058469.78109000,76067,6934721.05000000,3962696.87359000
1770422400000,2026-02-07 00:00:00,0.56600000,0.65800000,0.52400000,0.53000000,5080197.14000000,1770508799999,2026-02-07 23:59:59,2933530.02661000,29626,2480562.45000000,1435076.99432000
1770508800000,2026-02-08 00:00:00,0.52800000,0.53900000,0.51100000,0.52600000,1647355.46000000,1770595199999,2026-02-08 23:59:59,863390.15408000,8551,817745.40000000,428572.55925000
1770595200000,2026-02-09 00:00:00,0.52500000,0.53700000,0.50500000,0.52800000,1036887.48000000,1770681599999,2026-02-09 23:59:59,542103.17825000,7222,539211.76000000,281977.52896000
1770681600000,2026-02-10 00:00:00,0.52900000,0.54000000,0.51600000,0.53800000,1198639.58000000,1770767999999,2026-02-10 23:59:59,633631.78876000,6187,594388.66000000,314088.56413000
1770768000000,2026-02-11 00:00:00,0.53800000,0.58900000,0.50700000,0.58100000,2944230.31000000,1770854399999,2026-02-11 23:59:59,1608953.07754000,14797,1543892.26000000,843344.97366000
1770854400000,2026-02-12 00:00:00,0.58100000,0.60700000,0.55900000,0.57200000,3166716.28000000,1770940799999,2026-02-12 23:59:59,1843886.06399000,16748,1455447.69000000,847856.43546000
1770940800000,2026-02-13 00:00:00,0.57200000,0.58600000,0.55200000,0.58500000,1026263.53000000,1771027199999,2026-02-13 23:59:59,580798.79451000,5815,509737.00000000,289707.05292000
1771027200000,2026-02-14 00:00:00,0.58500000,0.60500000,0.57800000,0.59900000,904200.62000000,1771113599999,2026-02-14 23:59:59,531929.05277000,4524,456708.92000000,268818.57460000
1771113600000,2026-02-15 00:00:00,0.59800000,0.59900000,0.55800000,0.57200000,857085.78000000,1771199999999,2026-02-15 23:59:59,494700.04266000,4419,373151.07000000,215488.27795000
1771200000000,2026-02-16 00:00:00,0.57200000,0.63200000,0.54600000,0.56800000,3075095.43000000,1771286399999,2026-02-16 23:59:59,1786645.00285000,13275,1492466.11000000,871686.30446000
1771286400000,2026-02-17 00:00:00,0.56800000,0.56800000,0.54800000,0.56300000,811831.84000000,1771372799999,2026-02-17 23:59:59,455373.05323000,4034,426469.33000000,239336.38580000
1771372800000,2026-02-18 00:00:00,0.56300000,0.80000000,0.56300000,0.63000000,29895568.41000000,1771459199999,2026-02-18 23:59:59,20904780.86311000,167343,15473329.61000000,10855287.71148000
1771459200000,2026-02-19 00:00:00,0.63000000,0.64500000,0.56600000,0.57100000,6232733.07000000,1771545599999,2026-02-19 23:59:59,3677242.09830000,25435,3038695.06000000,1791368.54619000
1771545600000,2026-02-20 00:00:00,0.57100000,0.58000000,0.55000000,0.56900000,6960808.18000000,1771631999999,2026-02-20 23:59:59,3936703.88606000,19097,3250020.07000000,1840526.95946000
1771632000000,2026-02-21 00:00:00,0.56800000,0.60300000,0.55600000,0.58100000,5615350.55000000,1771718399999,2026-02-21 23:59:59,3250639.28447000,16206,2570714.88000000,1490717.35367000
1771718400000,2026-02-22 00:00:00,0.58000000,0.68400000,0.57900000,0.59300000,15454338.25000000,1771804799999,2026-02-22 23:59:59,9840213.93965000,65427,7647738.98000000,4876813.71566000
1771804800000,2026-02-23 00:00:00,0.59300000,0.59300000,0.54100000,0.55400000,3237527.80000000,1771891199999,2026-02-23 23:59:59,1813197.41969000,12088,1534435.53000000,858605.28696000
1771891200000,2026-02-24 00:00:00,0.55300000,0.55400000,0.51800000,0.54200000,2368492.01000000,1771977599999,2026-02-24 23:59:59,1264424.11390000,9850,1235284.03000000,658406.81349000
1771977600000,2026-02-25 00:00:00,0.54200000,0.57600000,0.53300000,0.56100000,2353529.97000000,1772063999999,2026-02-25 23:59:59,1308487.15378000,7253,1191694.76000000,663231.71636000
1772064000000,2026-02-26 00:00:00,0.56100000,0.56500000,0.52300000,0.55200000,1521090.72000000,1772150399999,2026-02-26 23:59:59,825832.71918000,5978,775068.82000000,420310.59409000
1772150400000,2026-02-27 00:00:00,0.55100000,0.60700000,0.53300000,0.55400000,6019827.60000000,1772236799999,2026-02-27 23:59:59,3376297.86888000,17741,2928335.37000000,1640654.23284000
1772236800000,2026-02-28 00:00:00,0.55300000,0.55700000,0.50000000,0.53700000,5762478.50000000,1772323199999,2026-02-28 23:59:59,3023930.40307000,15345,2915630.29000000,1529805.05372000
1772323200000,2026-03-01 00:00:00,0.53700000,0.55200000,0.52000000,0.54600000,2864242.43000000,1772409599999,2026-03-01 23:59:59,1537597.16339000,10512,1401466.44000000,752396.34209000
1772409600000,2026-03-02 00:00:00,0.54500000,0.57300000,0.53200000,0.55300000,2907647.89000000,1772495999999,2026-03-02 23:59:59,1596200.45150000,8774,1397249.77000000,766055.36735000
1772496000000,2026-03-03 00:00:00,0.55300000,0.55800000,0.52600000,0.54100000,1208251.61000000,1772582399999,2026-03-03 23:59:59,655720.29468000,4905,579473.61000000,314911.75305000
1772582400000,2026-03-04 00:00:00,0.54100000,0.56500000,0.53100000,0.55900000,1475448.65000000,1772668799999,2026-03-04 23:59:59,811051.29742000,6192,787898.63000000,432562.20217000
1772668800000,2026-03-05 00:00:00,0.55900000,0.56500000,0.54200000,0.56000000,846099.11000000,1772755199999,2026-03-05 23:59:59,468949.64294000,3842,444627.11000000,246757.30561000
1772755200000,2026-03-06 00:00:00,0.56000000,0.57900000,0.52800000,0.54000000,2871992.00000000,1772841599999,2026-03-06 23:59:59,1596659.71731000,9095,1550929.08000000,863416.66882000
1772841600000,2026-03-07 00:00:00,0.53900000,0.53900000,0.50500000,0.51200000,954569.79000000,1772927999999,2026-03-07 23:59:59,498307.96626000,4672,510428.47000000,266087.77536000
1772928000000,2026-03-08 00:00:00,0.51100000,0.52800000,0.49700000,0.51800000,771141.79000000,1773014399999,2026-03-08 23:59:59,395866.17959000,3440,341094.45000000,174932.15096000
1773014400000,2026-03-09 00:00:00,0.51800000,0.53700000,0.51400000,0.52400000,993506.73000000,1773100799999,2026-03-09 23:59:59,524907.45176000,4238,429426.54000000,227216.83437000
1773100800000,2026-03-10 00:00:00,0.52400000,0.53900000,0.51900000,0.53300000,1166704.50000000,1773187199999,2026-03-10 23:59:59,618180.68489000,3640,513704.50000000,271986.80941000
1773187200000,2026-03-11 00:00:00,0.53300000,0.55900000,0.52400000,0.54300000,1327741.11000000,1773273599999,2026-03-11 23:59:59,717411.84804000,3938,660405.19000000,357985.50099000
1773273600000,2026-03-12 00:00:00,0.54400000,0.54800000,0.53200000,0.54100000,1063699.47000000,1773359999999,2026-03-12 23:59:59,574283.71746000,4753,520146.26000000,280995.18060000
1773360000000,2026-03-13 00:00:00,0.54100000,0.55900000,0.53800000,0.55700000,1423910.82000000,1773446399999,2026-03-13 23:59:59,781395.54900000,7825,767300.99000000,421431.54678000
1773446400000,2026-03-14 00:00:00,0.55800000,0.63000000,0.54700000,0.55600000,7569300.71000000,1773532799999,2026-03-14 23:59:59,4445506.62837000,24381,4234600.11000000,2484652.64191000
1773532800000,2026-03-15 00:00:00,0.55600000,0.56800000,0.54300000,0.55900000,2257314.04000000,1773619199999,2026-03-15 23:59:59,1254906.02747000,7014,1098228.02000000,610968.79087000
1773619200000,2026-03-16 00:00:00,0.55900000,0.58500000,0.55500000,0.57700000,3300590.50000000,1773705599999,2026-03-16 23:59:59,1889443.35255000,8265,1617645.71000000,926997.17980000
1773705600000,2026-03-17 00:00:00,0.57600000,0.59000000,0.56700000,0.57900000,2388963.48000000,1773791999999,2026-03-17 23:59:59,1384563.94708000,9307,1140852.41000000,661968.78836000
1773792000000,2026-03-18 00:00:00,0.57800000,0.57800000,0.54100000,0.54900000,1882877.43000000,1773878399999,2026-03-18 23:59:59,1055580.63001000,10886,922545.58000000,517402.87529000
1773878400000,2026-03-19 00:00:00,0.54900000,0.55100000,0.53200000,0.54800000,797273.54000000,1773964799999,2026-03-19 23:59:59,431888.55888000,4936,404362.92000000,219110.45234000
1773964800000,2026-03-20 00:00:00,0.54700000,0.55700000,0.53600000,0.55000000,926770.81000000,1774051199999,2026-03-20 23:59:59,508552.43298000,3655,455180.96000000,249747.68909000
1774051200000,2026-03-21 00:00:00,0.54900000,0.55200000,0.52600000,0.52900000,642785.21000000,1774137599999,2026-03-21 23:59:59,349038.67745000,3322,280361.42000000,152155.38020000
1774137600000,2026-03-22 00:00:00,0.52900000,0.53800000,0.50500000,0.51600000,995316.42000000,1774223999999,2026-03-22 23:59:59,519662.95951000,3307,410316.87000000,214985.17410000
1774224000000,2026-03-23 00:00:00,0.51600000,0.53900000,0.51000000,0.53900000,1042552.06000000,1774310399999,2026-03-23 23:59:59,547930.20977000,2523,567944.51000000,298806.70999000
1774310400000,2026-03-24 00:00:00,0.53900000,0.53900000,0.52200000,0.53500000,851029.13000000,1774396799999,2026-03-24 23:59:59,450993.93961000,2699,380011.72000000,201605.17020000
1774396800000,2026-03-25 00:00:00,0.53400000,0.54100000,0.52600000,0.54000000,955817.33000000,1774483199999,2026-03-25 23:59:59,510230.29164000,4579,524869.13000000,280406.34818000
1774483200000,2026-03-26 00:00:00,0.53900000,0.53900000,0.50800000,0.51700000,679418.36000000,1774569599999,2026-03-26 23:59:59,353710.84703000,2050,305390.20000000,159103.70811000
1774569600000,2026-03-27 00:00:00,0.51600000,0.52100000,0.49000000,0.49300000,849017.16000000,1774655999999,2026-03-27 23:59:59,425976.71164000,3248,422872.70000000,211981.72000000
1774656000000,2026-03-28 00:00:00,0.49300000,0.50000000,0.47800000,0.48400000,734924.30000000,1774742399999,2026-03-28 23:59:59,358924.40593000,2616,349025.04000000,170413.73367000
1774742400000,2026-03-29 00:00:00,0.48500000,0.49000000,0.47300000,0.48400000,648130.01000000,1774828799999,2026-03-29 23:59:59,312765.81589000,1937,346813.31000000,167457.64848000
1774828800000,2026-03-30 00:00:00,0.48400000,0.50300000,0.48000000,0.49000000,717932.26000000,1774915199999,2026-03-30 23:59:59,354561.13818000,2029,345580.32000000,170744.25503000
1774915200000,2026-03-31 00:00:00,0.49000000,0.51000000,0.48400000,0.49400000,3094180.09000000,1775001599999,2026-03-31 23:59:59,1529634.91925000,8458,1660519.87000000,822122.90240000
1775001600000,2026-04-01 00:00:00,0.49300000,0.50300000,0.48700000,0.49600000,1232784.21000000,1775087999999,2026-04-01 23:59:59,613624.70401000,3365,712132.19000000,354910.43771000
1775088000000,2026-04-02 00:00:00,0.49600000,0.49800000,0.47300000,0.48400000,1234576.36000000,1775174399999,2026-04-02 23:59:59,593903.14829000,3642,635354.32000000,305670.79759000
1775174400000,2026-04-03 00:00:00,0.48300000,0.49400000,0.47900000,0.48900000,783526.86000000,1775260799999,2026-04-03 23:59:59,380058.60055000,2007,389310.40000000,188968.21357000
1775260800000,2026-04-04 00:00:00,0.48800000,0.49400000,0.48300000,0.49200000,1019965.78000000,1775347199999,2026-04-04 23:59:59,499336.66323000,2803,518296.20000000,253841.19811000
1775347200000,2026-04-05 00:00:00,0.49200000,0.49500000,0.48000000,0.49500000,597228.60000000,1775433599999,2026-04-05 23:59:59,290315.03198000,1891,313686.47000000,152449.84351000
1775433600000,2026-04-06 00:00:00,0.49500000,0.51800000,0.49100000,0.50500000,1720286.87000000,1775519999999,2026-04-06 23:59:59,868339.17107000,6570,818334.17000000,413592.88465000
1775520000000,2026-04-07 00:00:00,0.50400000,0.52500000,0.48800000,0.52300000,1175804.72000000,1775606399999,2026-04-07 23:59:59,589572.74203000,3947,565502.46000000,283636.81816000
1775606400000,2026-04-08 00:00:00,0.52200000,0.52200000,0.50700000,0.50700000,657348.60000000,1775692799999,2026-04-08 23:59:59,338618.79708000,2364,329867.55000000,170006.78301000
1775692800000,2026-04-09 00:00:00,0.50800000,0.51200000,0.49400000,0.50700000,980606.90000000,1775779199999,2026-04-09 23:59:59,493369.20710000,3123,464615.88000000,234085.43486000
1775779200000,2026-04-10 00:00:00,0.50700000,0.51600000,0.50000000,0.51500000,922129.91000000,1775865599999,2026-04-10 23:59:59,468661.22774000,3301,493021.87000000,250791.41773000
1775865600000,2026-04-11 00:00:00,0.51500000,0.51700000,0.50000000,0.51200000,1057652.93000000,1775951999999,2026-04-11 23:59:59,539579.79639000,3682,507438.62000000,258762.69679000
1775952000000,2026-04-12 00:00:00,0.51100000,0.51300000,0.49100000,0.49400000,898567.76000000,1776038399999,2026-04-12 23:59:59,447544.60800000,2792,442009.32000000,220238.53153000
1776038400000,2026-04-13 00:00:00,0.49300000,0.51800000,0.48900000,0.51700000,1007648.61000000,1776124799999,2026-04-13 23:59:59,505954.46318000,3119,547705.97000000,275207.99104000
1776124800000,2026-04-14 00:00:00,0.51700000,0.51700000,0.49700000,0.50300000,901381.61000000,1776211199999,2026-04-14 23:59:59,457503.18075000,2300,440573.74000000,223475.96489000
1776211200000,2026-04-15 00:00:00,0.50300000,0.51900000,0.49900000,0.51700000,1004955.76000000,1776297599999,2026-04-15 23:59:59,509268.85742000,2966,484257.38000000,245631.60315000
1776297600000,2026-04-16 00:00:00,0.51700000,0.55600000,0.51400000,0.54900000,3024343.24000000,1776383999999,2026-04-16 23:59:59,1625621.93098000,7671,1654871.46000000,889872.25144000
1776384000000,2026-04-17 00:00:00,0.54800000,0.57500000,0.52900000,0.55000000,5671772.84000000,1776470399999,2026-04-17 23:59:59,3127359.52445000,14745,2847578.56000000,1573698.92302000
1776470400000,2026-04-18 00:00:00,0.54900000,0.60900000,0.53700000,0.54100000,8317476.64000000,1776556799999,2026-04-18 23:59:59,4661466.51044000,24643,4013254.85000000,2248046.95457000
1776556800000,2026-04-19 00:00:00,0.54000000,0.54400000,0.50900000,0.51400000,2452607.58000000,1776643199999,2026-04-19 23:59:59,1281559.03731000,8300,1233654.97000000,643989.75741000
1776643200000,2026-04-20 00:00:00,0.51500000,0.53700000,0.51400000,0.52900000,1798908.87000000,1776729599999,2026-04-20 23:59:59,949407.95284000,6082,901316.95000000,475778.14650000
1776729600000,2026-04-21 00:00:00,0.52900000,0.55700000,0.52000000,0.54200000,2866512.71000000,1776815999999,2026-04-21 23:59:59,1541673.82277000,13348,1421264.89000000,764475.35184000
1776816000000,2026-04-22 00:00:00,0.54200000,0.55500000,0.52800000,0.52900000,2220879.17000000,1776902399999,2026-04-22 23:59:59,1200902.30019000,8529,973048.08000000,526232.78994000
1776902400000,2026-04-23 00:00:00,0.52800000,0.53600000,0.51500000,0.53600000,1016030.95000000,1776988799999,2026-04-23 23:59:59,531823.88962000,7601,582634.82000000,305141.53625000
1776988800000,2026-04-24 00:00:00,0.53400000,0.54600000,0.52700000,0.53900000,1738015.10000000,1777075199999,2026-04-24 23:59:59,933827.86035000,10157,818762.24000000,439950.09040000
1777075200000,2026-04-25 00:00:00,0.54000000,0.58800000,0.53700000,0.54600000,5618638.85000000,1777161599999,2026-04-25 23:59:59,3152887.34980000,24304,3094930.11000000,1735386.21946000
1777161600000,2026-04-26 00:00:00,0.54600000,0.56400000,0.53400000,0.55900000,1572540.79000000,1777247999999,2026-04-26 23:59:59,863661.04434000,3934,699577.53000000,384701.43385000
1777248000000,2026-04-27 00:00:00,0.55900000,0.56300000,0.52400000,0.53400000,1178593.31000000,1777334399999,2026-04-27 23:59:59,638357.49981000,6176,470729.51000000,254226.03643000
1777334400000,2026-04-28 00:00:00,0.53300000,0.53800000,0.52400000,0.53800000,919042.71000000,1777420799999,2026-04-28 23:59:59,488164.21642000,4524,492696.03000000,261743.28846000
1777420800000,2026-04-29 00:00:00,0.53800000,0.54500000,0.50900000,0.52500000,1360330.85000000,1777507199999,2026-04-29 23:59:59,717929.59229000,5675,712897.43000000,376478.16453000
1777507200000,2026-04-30 00:00:00,0.52600000,0.52900000,0.51500000,0.52200000,1085971.27000000,1777593599999,2026-04-30 23:59:59,565289.19637000,3717,523892.87000000,272710.89424000
1777593600000,2026-05-01 00:00:00,0.52200000,0.53100000,0.52100000,0.52700000,690382.04000000,1777679999999,2026-05-01 23:59:59,363206.65586000,2380,339498.46000000,178644.80173000
1777680000000,2026-05-02 00:00:00,0.52700000,0.54100000,0.52300000,0.54100000,591581.34000000,1777766399999,2026-05-02 23:59:59,313568.68042000,2311,280924.13000000,148820.38003000
1777766400000,2026-05-03 00:00:00,0.54100000,0.59800000,0.52900000,0.53800000,4721521.22000000,1777852799999,2026-05-03 23:59:59,2656808.10033000,21302,2625553.15000000,1478573.81683000
1777852800000,2026-05-04 00:00:00,0.53800000,0.54800000,0.52900000,0.53500000,1279105.23000000,1777939199999,2026-05-04 23:59:59,688921.86774000,3996,592582.82000000,319478.41053000
1777939200000,2026-05-05 00:00:00,0.53600000,0.55100000,0.53300000,0.54900000,1255506.23000000,1778025599999,2026-05-05 23:59:59,684400.97766000,3641,557514.52000000,304032.39121000
1778025600000,2026-05-06 00:00:00,0.54900000,0.56600000,0.54500000,0.56100000,1417583.66000000,1778111999999,2026-05-06 23:59:59,788128.35859000,4980,699717.31000000,389354.85641000
1778112000000,2026-05-07 00:00:00,0.56100000,0.58300000,0.54900000,0.56900000,3260029.38000000,1778198399999,2026-05-07 23:59:59,1854349.71968000,12785,1557073.40000000,886059.32543000
1778198400000,2026-05-08 00:00:00,0.56900000,0.58200000,0.56000000,0.58000000,1513984.22000000,1778284799999,2026-05-08 23:59:59,861338.00611000,6502,757049.03000000,430910.86473000
1778284800000,2026-05-09 00:00:00,0.58000000,0.58700000,0.57200000,0.57500000,1008175.94000000,1778371199999,2026-05-09 23:59:59,583341.90547000,4545,456278.68000000,264006.60423000
1778371200000,2026-05-10 00:00:00,0.57500000,0.59200000,0.56300000,0.58200000,2727432.52000000,1778457599999,2026-05-10 23:59:59,1577135.58334000,10422,1499102.28000000,868352.66705000
1778457600000,2026-05-11 00:00:00,0.58200000,0.58600000,0.56600000,0.58100000,1768439.53000000,1778543999999,2026-05-11 23:59:59,1019687.72863000,7755,907773.82000000,523641.59165000
1778544000000,2026-05-12 00:00:00,0.58100000,0.58900000,0.55300000,0.55900000,3092617.02000000,1778630399999,2026-05-12 23:59:59,1756192.61114000,12623,1476231.21000000,838226.68235000
1778630400000,2026-05-13 00:00:00,0.56000000,0.57400000,0.53500000,0.53800000,1233246.50000000,1778716799999,2026-05-13 23:59:59,682834.81517000,4669,543546.01000000,301025.62717000
1778716800000,2026-05-14 00:00:00,0.53800000,0.55200000,0.53000000,0.54300000,1626610.07000000,1778803199999,2026-05-14 23:59:59,880610.45769000,5584,828735.03000000,448722.99360000
1778803200000,2026-05-15 00:00:00,0.54200000,0.54800000,0.50500000,0.51700000,1524041.69000000,1778889599999,2026-05-15 23:59:59,799716.16379000,3999,763989.57000000,401187.89044000
1778889600000,2026-05-16 00:00:00,0.51700000,0.52100000,0.49300000,0.50300000,1124550.10000000,1778975999999,2026-05-16 23:59:59,568810.83942000,2669,572780.36000000,289877.34130000
1778976000000,2026-05-17 00:00:00,0.50300000,0.50900000,0.47500000,0.48900000,1093133.28000000,1779062399999,2026-05-17 23:59:59,543878.66426000,2853,568295.64000000,282762.98502000
1779062400000,2026-05-18 00:00:00,0.48900000,0.48900000,0.47100000,0.48300000,3028391.80000000,1779148799999,2026-05-18 23:59:59,1455874.26836000,5484,1640288.67000000,788455.45480000
1779148800000,2026-05-19 00:00:00,0.48400000,0.48600000,0.46500000,0.46700000,723643.96000000,1779235199999,2026-05-19 23:59:59,344354.25590000,3214,319325.60000000,152004.70188000
1779235200000,2026-05-20 00:00:00,0.46800000,0.48400000,0.46500000,0.47600000,839776.86000000,1779321599999,2026-05-20 23:59:59,398851.78018000,4851,447304.90000000,212516.70562000
1779321600000,2026-05-21 00:00:00,0.47600000,0.49600000,0.47600000,0.49400000,1486880.60000000,1779407999999,2026-05-21 23:59:59,722953.32125000,6968,743013.32000000,361323.43875000
1779408000000,2026-05-22 00:00:00,0.49300000,0.50100000,0.46800000,0.46900000,1791407.85000000,1779494399999,2026-05-22 23:59:59,876424.18316000,7897,640923.20000000,312340.24268000
1779494400000,2026-05-23 00:00:00,0.47000000,0.48800000,0.45200000,0.48000000,1243197.21000000,1779580799999,2026-05-23 23:59:59,580799.12859000,6018,565026.77000000,264313.31267000
1779580800000,2026-05-24 00:00:00,0.48100000,0.48200000,0.45600000,0.46700000,835412.42000000,1779667199999,2026-05-24 23:59:59,393562.06892000,3578,437433.94000000,206197.70205000
1779667200000,2026-05-25 00:00:00,0.46700000,0.47900000,0.46200000,0.47300000,692635.57000000,1779753599999,2026-05-25 23:59:59,327359.57269000,3730,358630.37000000,169535.69616000
1779753600000,2026-05-26 00:00:00,0.47200000,0.47500000,0.45700000,0.46100000,896387.77000000,1779839999999,2026-05-26 23:59:59,417217.25956000,4368,392617.74000000,182769.09323000
1779840000000,2026-05-27 00:00:00,0.46100000,0.47100000,0.45000000,0.45300000,633066.68000000,1779926399999,2026-05-27 23:59:59,291495.70507000,3083,324779.95000000,149638.31565000
1779926400000,2026-05-28 00:00:00,0.45300000,0.45600000,0.42800000,0.44500000,885109.77000000,1780012799999,2026-05-28 23:59:59,388766.33163000,3879,396443.27000000,174077.72108000
1780012800000,2026-05-29 00:00:00,0.44500000,0.45300000,0.43500000,0.45100000,631754.41000000,1780099199999,2026-05-29 23:59:59,281521.35039000,3092,320465.94000000,142857.10347000
1780099200000,2026-05-30 00:00:00,0.45100000,0.46000000,0.45000000,0.45600000,366501.80000000,1780185599999,2026-05-30 23:59:59,167103.94554000,1919,180898.41000000,82505.18629000
1780185600000,2026-05-31 00:00:00,0.45600000,0.46300000,0.44800000,0.46200000,654329.78000000,1780271999999,2026-05-31 23:59:59,297791.99294000,2569,320731.56000000,145842.34443000
1780272000000,2026-06-01 00:00:00,0.46300000,0.47100000,0.45400000,0.46400000,1108636.34000000,1780358399999,2026-06-01 23:59:59,512980.31351000,4292,510191.46000000,236316.30292000
1780358400000,2026-06-02 00:00:00,0.46400000,0.46500000,0.42100000,0.42900000,844900.36000000,1780444799999,2026-06-02 23:59:59,373756.04225000,3865,398377.28000000,176364.84053000
1780444800000,2026-06-03 00:00:00,0.43000000,0.44800000,0.42400000,0.43800000,1063573.92000000,1780531199999,2026-06-03 23:59:59,464947.58048000,3653,550420.31000000,240816.61470000
1780531200000,2026-06-04 00:00:00,0.43800000,0.44100000,0.38900000,0.39800000,1792021.29000000,1780617599999,2026-06-04 23:59:59,727457.26243000,7124,850210.26000000,344594.72224000
1780617600000,2026-06-05 00:00:00,0.39900000,0.40100000,0.34200000,0.35700000,1963263.03000000,1780703999999,2026-06-05 23:59:59,717645.45409000,8248,941272.97000000,343882.31916000
1780704000000,2026-06-06 00:00:00,0.35800000,0.36200000,0.33000000,0.35500000,1368746.99000000,1780790399999,2026-06-06 23:59:59,478529.23295000,5158,727055.38000000,254555.12820000
1780790400000,2026-06-07 00:00:00,0.35500000,0.37300000,0.34900000,0.36500000,932610.54000000,1780876799999,2026-06-07 23:59:59,336543.35157000,4299,479070.90000000,172874.93993000
1780876800000,2026-06-08 00:00:00,0.36600000,0.37300000,0.35600000,0.36200000,731198.48000000,1780963199999,2026-06-08 23:59:59,266592.48117000,3208,355440.50000000,129668.68415000
1780963200000,2026-06-09 00:00:00,0.36200000,0.36200000,0.34100000,0.34700000,917582.79000000,1781049599999,2026-06-09 23:59:59,322755.60130000,3583,440645.38000000,154955.10130000
1781049600000,2026-06-10 00:00:00,0.34700000,0.34800000,0.32600000,0.33300000,1947554.89000000,1781135999999,2026-06-10 23:59:59,667062.88786000,6248,1016528.20000000,348105.19465000
1781136000000,2026-06-11 00:00:00,0.33400000,0.35500000,0.33300000,0.35000000,1189671.95000000,1781222399999,2026-06-11 23:59:59,410493.18154000,4675,631119.75000000,217604.97959000
1781222400000,2026-06-12 00:00:00,0.35000000,0.35400000,0.33900000,0.34200000,815979.66000000,1781308799999,2026-06-12 23:59:59,282768.07764000,2859,407510.76000000,141301.14724000
1781308800000,2026-06-13 00:00:00,0.34300000,0.35300000,0.33900000,0.34900000,1002870.53000000,1781395199999,2026-06-13 23:59:59,346828.08335000,3336,512502.50000000,177466.50519000
1781395200000,2026-06-14 00:00:00,0.34900000,0.35600000,0.33700000,0.35600000,1319262.19000000,1781481599999,2026-06-14 23:59:59,453394.50529000,3285,600217.00000000,206305.58846000
1781481600000,2026-06-15 00:00:00,0.35600000,0.37600000,0.35200000,0.36200000,3086310.67000000,1781567999999,2026-06-15 23:59:59,1119810.69127000,9703,1523040.05000000,553895.58495000
1781568000000,2026-06-16 00:00:00,0.36100000,0.36900000,0.35100000,0.36000000,803446.31000000,1781654399999,2026-06-16 23:59:59,288677.21229000,3018,421267.11000000,151460.82105000
1781654400000,2026-06-17 00:00:00,0.36000000,0.37300000,0.35600000,0.36400000,1317344.03000000,1781740799999,2026-06-17 23:59:59,480030.95285000,7101,721582.15000000,263021.13772000
1781740800000,2026-06-18 00:00:00,0.36400000,0.36800000,0.34100000,0.35800000,1262014.80000000,1781827199999,2026-06-18 23:59:59,449257.17746000,7271,614604.56000000,218416.26787000
1781827200000,2026-06-19 00:00:00,0.35800000,0.37400000,0.34700000,0.36200000,1122905.72000000,1781913599999,2026-06-19 23:59:59,404167.65818000,4390,565155.21000000,203235.54841000
1781913600000,2026-06-20 00:00:00,0.36100000,0.37000000,0.35200000,0.36700000,650293.21000000,1781999999999,2026-06-20 23:59:59,234658.68350000,2718,282080.00000000,101929.62725000
1782000000000,2026-06-21 00:00:00,0.36700000,0.37400000,0.36100000,0.36200000,636365.63000000,1782086399999,2026-06-21 23:59:59,234435.96311000,3549,314322.73000000,115943.30318000
1782086400000,2026-06-22 00:00:00,0.36300000,0.37600000,0.36100000,0.36600000,584204.01000000,1782172799999,2026-06-22 23:59:59,216070.12584000,2349,296934.07000000,109848.48742000
1782172800000,2026-06-23 00:00:00,0.36600000,0.39500000,0.34500000,0.35000000,2196452.39000000,1782259199999,2026-06-23 23:59:59,812650.14093000,7314,1210193.72000000,450443.91892000
1782259200000,2026-06-24 00:00:00,0.35000000,0.35900000,0.32500000,0.34100000,1389008.60000000,1782345599999,2026-06-24 23:59:59,477271.34608000,4985,608816.50000000,208982.41650000
1782345600000,2026-06-25 00:00:00,0.34100000,0.34600000,0.31800000,0.33500000,1119344.96000000,1782431999999,2026-06-25 23:59:59,374069.53214000,3746,484954.48000000,161984.47855000
1782432000000,2026-06-26 00:00:00,0.33600000,0.36500000,0.32400000,0.35500000,2658872.94000000,1782518399999,2026-06-26 23:59:59,935679.33347000,8102,1281170.26000000,451450.35335000
1782518400000,2026-06-27 00:00:00,0.35500000,0.36700000,0.34100000,0.34300000,1935052.52000000,1782604799999,2026-06-27 23:59:59,688633.04844000,5607,1040618.19000000,371958.81825000
1782604800000,2026-06-28 00:00:00,0.34300000,0.34600000,0.33400000,0.34000000,543957.02000000,1782691199999,2026-06-28 23:59:59,185566.49184000,2266,243178.47000000,82979.52508000
1782691200000,2026-06-29 00:00:00,0.34000000,0.35600000,0.33600000,0.34900000,996269.83000000,1782777599999,2026-06-29 23:59:59,343607.15191000,3930,468294.97000000,161806.12797000
1782777600000,2026-06-30 00:00:00,0.34900000,0.34900000,0.33000000,0.33400000,924814.35000000,1782863999999,2026-06-30 23:59:59,314242.06447000,3321,406768.35000000,138548.73337000
1782864000000,2026-07-01 00:00:00,0.33500000,0.34600000,0.32800000,0.34100000,593195.17000000,1782950399999,2026-07-01 23:59:59,199964.04689000,2157,238745.43000000,80649.32086000
1782950400000,2026-07-02 00:00:00,0.34100000,0.35400000,0.33900000,0.35100000,698474.75000000,1783036799999,2026-07-02 23:59:59,242472.36675000,3273,369315.94000000,128251.28333000
1783036800000,2026-07-03 00:00:00,0.35000000,0.36800000,0.34800000,0.36700000,559424.24000000,1783123199999,2026-07-03 23:59:59,200625.28160000,1797,242722.56000000,87241.64663000
1783123200000,2026-07-04 00:00:00,0.36600000,0.38300000,0.35900000,0.37900000,831410.90000000,1783209599999,2026-07-04 23:59:59,308964.45298000,2703,414682.67000000,154394.90529000
1783209600000,2026-07-05 00:00:00,0.37900000,0.38500000,0.36900000,0.37200000,1150579.48000000,1783295999999,2026-07-05 23:59:59,430640.14397000,2787,468218.10000000,175566.13065000
1783296000000,2026-07-06 00:00:00,0.37300000,0.38000000,0.35500000,0.36800000,1012561.03000000,1783382399999,2026-07-06 23:59:59,373440.36220000,2748,490997.24000000,181346.03460000
1783382400000,2026-07-07 00:00:00,0.36800000,0.37000000,0.35300000,0.35400000,485811.97000000,1783468799999,2026-07-07 23:59:59,175185.65408000,1254,248010.44000000,89471.77663000
1783468800000,2026-07-08 00:00:00,0.35400000,0.35600000,0.34200000,0.34900000,418473.33000000,1783555199999,2026-07-08 23:59:59,145593.06176000,1381,160438.21000000,55813.52159000
1783555200000,2026-07-09 00:00:00,0.34900000,0.35800000,0.34700000,0.35100000,334037.48000000,1783641599999,2026-07-09 23:59:59,117864.06286000,1448,205091.24000000,72453.20881000
1783641600000,2026-07-10 00:00:00,0.35200000,0.36000000,0.35000000,0.35300000,471203.56000000,1783727999999,2026-07-10 23:59:59,166938.40280000,2140,198287.88000000,70299.76821000
1783728000000,2026-07-11 00:00:00,0.35300000,0.38800000,0.35100000,0.37000000,1930958.17000000,1783814399999,2026-07-11 23:59:59,722208.40349000,9347,1016942.90000000,380803.22915000
1783814400000,2026-07-12 00:00:00,0.36900000,0.38400000,0.35200000,0.35400000,2851197.72000000,1783900799999,2026-07-12 23:59:59,1051455.27580000,7468,1526302.64000000,562256.37443000
1783900800000,2026-07-13 00:00:00,0.35300000,0.35800000,0.33600000,0.34200000,845873.59000000,1783987199999,2026-07-13 23:59:59,291865.53730000,2122,350336.14000000,120919.07568000
1783987200000,2026-07-14 00:00:00,0.34300000,0.35000000,0.33900000,0.34600000,619564.92000000,1784073599999,2026-07-14 23:59:59,213889.28224000,1714,314913.62000000,108729.52206000
1784073600000,2026-07-15 00:00:00,0.34700000,0.34900000,0.34200000,0.34300000,413347.76000000,1784159999999,2026-07-15 23:59:59,142690.52129000,1548,182210.62000000,62937.26215000
1784160000000,2026-07-16 00:00:00,0.34400000,0.34700000,0.33500000,0.33600000,436677.54000000,1784246399999,2026-07-16 23:59:59,149262.64112000,1379,200636.29000000,68621.05036000
1784246400000,2026-07-17 00:00:00,0.33700000,0.33900000,0.33000000,0.33500000,441912.30000000,1784332799999,2026-07-17 23:59:59,147492.79439000,1427,213696.60000000,71404.45990000
1784332800000,2026-07-18 00:00:00,0.33500000,0.34100000,0.32900000,0.33400000,775102.05000000,1784419199999,2026-07-18 23:59:59,259304.80376000,2150,346685.77000000,115749.58216000
1784419200000,2026-07-19 00:00:00,0.33400000,0.33600000,0.32800000,0.32900000,452299.32000000,1784505599999,2026-07-19 23:59:59,150009.98161000,1319,222885.09000000,73973.73298000
1784505600000,2026-07-20 00:00:00,0.32900000,0.33500000,0.32300000,0.33200000,671891.88000000,1784591999999,2026-07-20 23:59:59,221107.13687000,1958,320343.72000000,105480.70143000
1784592000000,2026-07-21 00:00:00,0.33200000,0.34200000,0.33100000,0.34200000,421632.41000000,1784678399999,2026-07-21 23:59:59,142401.95208000,1318,186907.91000000,63181.30669000
1784678400000,2026-07-22 00:00:00,0.34100000,0.34300000,0.33200000,0.33800000,455982.28000000,1784764799999,2026-07-22 23:59:59,153913.68797000,1415,201652.40000000,68117.20578000
1784764800000,2026-07-23 00:00:00,0.33700000,0.34000000,0.32500000,0.32700000,520629.82000000,1784851199999,2026-07-23 23:59:59,173781.26081000,1195,259417.00000000,86586.90770000
1784851200000,2026-07-24 00:00:00,0.32700000,0.33200000,0.32100000,0.32400000,687349.82000000,1784937599999,2026-07-24 23:59:59,224162.99623000,1750,333981.58000000,109024.76113000
1784937600000,2026-07-25 00:00:00,0.32500000,0.32700000,0.32000000,0.32400000,538499.42000000,1785023999999,2026-07-25 23:59:59,174276.94493000,1196,255105.28000000,82548.16873000
1785024000000,2026-07-26 00:00:00,0.32300000,0.33200000,0.32300000,0.33000000,839457.19000000,1785110399999,2026-07-26 23:59:59,275600.28352000,1794,483997.74000000,159012.23149000
1785110400000,2026-07-27 00:00:00,0.33000000,0.33100000,0.30900000,0.31200000,744877.92000000,1785196799999,2026-07-27 23:59:59,237569.59326000,2352,348108.88000000,111010.06406000
1785196800000,2026-07-28 00:00:00,0.31200000,0.31200000,0.30200000,0.30900000,632611.11000000,1785283199999,2026-07-28 23:59:59,194112.64400000,1717,306179.88000000,93906.84637000
1785283200000,2026-07-29 00:00:00,0.30800000,0.31000000,0.29200000,0.29700000,869031.77000000,1785369599999,2026-07-29 23:59:59,260208.64083000,2245,435296.40000000,130308.75852000
1785369600000,2026-07-30 00:00:00,0.29800000,0.30700000,0.29600000,0.30400000,733627.01000000,1785455999999,2026-07-30 23:59:59,222736.11989000,2081,366366.63000000,111262.86880000
1785456000000,2026-07-31 00:00:00,0.30400000,0.31000000,0.29800000,0.30300000,842837.62000000,1785542399999,2026-07-31 23:59:59,255392.46771000,2775,396727.83000000,120275.58571000
1785542400000,2026-08-01 00:00:00,0.30400000,0.30800000,0.29800000,0.30000000,342965.11000000,1785628799999,2026-08-01 23:59:59,104186.36521000,1345,173497.38000000,52757.54464000
1785628800000,2026-08-02 00:00:00,0.30100000,0.30600000,0.30000000,0.30300000,318133.29000000,1785715199999,2026-08-02 23:59:59,96368.46749000,1027,155548.65000000,47120.70377000
1785715200000,2026-08-03 00:00:00,0.30300000,0.30500000,0.29700000,0.30300000,292546.54000000,1785801599999,2026-08-03 23:59:59,87951.39797000,1052,137802.03000000,41422.61279000
1785801600000,2026-08-04 00:00:00,0.30300000,0.30600000,0.30000000,0.30300000,283666.36000000,1785887999999,2026-08-04 23:59:59,85835.37153000,976,152456.43000000,46155.85418000
1785888000000,2026-08-05 00:00:00,0.30300000,0.31100000,0.30100000,0.30500000,527296.81000000,1785974399999,2026-08-05 23:59:59,161911.07270000,1494,262364.88000000,80544.53059000
1785974400000,2026-08-06 00:00:00,0.30500000,0.31800000,0.30200000,0.31400000,558183.31000000,1786060799999,2026-08-06 23:59:59,173707.05758000,2161,303397.20000000,94362.51698000
1786060800000,2026-08-07 00:00:00,0.31400000,0.31600000,0.30800000,0.30800000,410803.18000000,1786147199999,2026-08-07 23:59:59,127988.54659000,1768,223817.60000000,69731.18426000
1786147200000,2026-08-08 00:00:00,0.30900000,0.31500000,0.30700000,0.31300000,352411.63000000,1786233599999,2026-08-08 23:59:59,109494.72255000,1736,150434.75000000,46774.02211000
1786233600000,2026-08-09 00:00:00,0.31300000,0.32100000,0.31200000,0.31500000,533704.39000000,1786319999999,2026-08-09 23:59:59,169249.53023000,2180,325244.29000000,103242.72934000
1786320000000,2026-08-10 00:00:00,0.31500000,0.32400000,0.31100000,0.31500000,883939.37000000,1786406399999,2026-08-10 23:59:59,280629.93046000,2629,421693.23000000,133800.16875000
1786406400000,2026-08-11 00:00:00,0.31500000,0.31600000,0.30300000,0.30600000,525203.57000000,1786492799999,2026-08-11 23:59:59,162774.12584000,1834,232906.10000000,72247.24095000
1786492800000,2026-08-12 00:00:00,0.30700000,0.31000000,0.29600000,0.29700000,466252.86000000,1786579199999,2026-08-12 23:59:59,142197.12317000,2327,198474.47000000,60711.19592000
1786579200000,2026-08-13 00:00:00,0.29700000,0.30200000,0.29300000,0.29800000,250492.64000000,1786665599999,2026-08-13 23:59:59,74818.94713000,1139,144145.00000000,43095.26904000
1786665600000,2026-08-14 00:00:00,0.29800000,0.29900000,0.29200000,0.29600000,274763.21000000,1786751999999,2026-08-14 23:59:59,81280.48191000,985,120890.98000000,35746.49044000
1786752000000,2026-08-15 00:00:00,0.29700000,0.30400000,0.29500000,0.30100000,350357.41000000,1786838399999,2026-08-15 23:59:59,105232.36160000,1341,200929.81000000,60430.27791000
1786838400000,2026-08-16 00:00:00,0.30000000,0.30000000,0.28500000,0.28800000,750047.04000000,1786924799999,2026-08-16 23:59:59,220455.18107000,2956,346270.00000000,101731.78446000
1786924800000,2026-08-17 00:00:00,0.28800000,0.29400000,0.28600000,0.29100000,467161.02000000,1787011199999,2026-08-17 23:59:59,135621.92613000,3049,206414.72000000,59982.39665000
1787011200000,2026-08-18 00:00:00,0.29000000,0.29100000,0.28200000,0.28800000,362886.38000000,1787097599999,2026-08-18 23:59:59,103680.70190000,1385,167226.21000000,47755.30587000
1787097600000,2026-08-19 00:00:00,0.28900000,0.31500000,0.28300000,0.30500000,4433905.47000000,1787183999999,2026-08-19 23:59:59,1320747.06868000,16682,2225062.04000000,664413.71789000
1787184000000,2026-08-20 00:00:00,0.30500000,0.32300000,0.30200000,0.32200000,1053209.59000000,1787270399999,2026-08-20 23:59:59,326844.10776000,3517,475843.55000000,147783.58014000
1787270400000,2026-08-21 00:00:00,0.32200000,0.35700000,0.32000000,0.35100000,1847089.04000000,1787356799999,2026-08-21 23:59:59,617802.27851000,5722,877078.85000000,294292.44559000
1787356800000,2026-08-22 00:00:00,0.35100000,0.37800000,0.33600000,0.35200000,2012550.95000000,1787443199999,2026-08-22 23:59:59,714850.83782000,6175,1054820.74000000,375344.84515000
