fundingTime,fundingTime_dt,fundingRate,markPrice
1623398400007,2021-06-11 08:00:00,-0.00519239,
1623427200006,2021-06-11 16:00:00,-0.00176058,
1623456000005,2021-06-12 00:00:00,-0.00026700,
1623484800000,2021-06-12 08:00:00,-0.00243864,
1623513600018,2021-06-12 16:00:00,-0.00227573,
1623542400002,2021-06-13 00:00:00,-0.00061432,
1623571200000,2021-06-13 08:00:00,-0.00027095,
1623600000003,2021-06-13 16:00:00,-0.00042002,
1623628800000,2021-06-14 00:00:00,-0.00026845,
1623657600015,2021-06-14 08:00:00,0.00010000,
1623686400000,2021-06-14 16:00:00,0.00010000,
1623715200000,2021-06-15 00:00:00,0.00010000,
1623744000000,2021-06-15 08:00:00,0.00010000,
1623772800004,2021-06-15 16:00:00,0.00010000,
1623801600004,2021-06-16 00:00:00,0.00010000,
1623830400001,2021-06-16 08:00:00,0.00010000,
1623859200000,2021-06-16 16:00:00,0.00010000,
1623888000004,2021-06-17 00:00:00,0.00010000,
1623916800000,2021-06-17 08:00:00,0.00010000,
1623945600002,2021-06-17 16:00:00,0.00010000,
1623974400009,2021-06-18 00:00:00,0.00010000,
1624003200014,2021-06-18 08:00:00,0.00010000,
1624032000007,2021-06-18 16:00:00,-0.00082174,
1624060800003,2021-06-19 00:00:00,0.00010000,
1624089600001,2021-06-19 08:00:00,0.00010000,
1624118400000,2021-06-19 16:00:00,0.00010000,
1624147200005,2021-06-20 00:00:00,0.00010000,
1624176000000,2021-06-20 08:00:00,0.00010000,
1624204800002,2021-06-20 16:00:00,0.00010000,
1624233600019,2021-06-21 00:00:00,0.00010000,
1624262400000,2021-06-21 08:00:00,0.00010000,
1624291200024,2021-06-21 16:00:00,0.00010000,
1624320000008,2021-06-22 00:00:00,0.00010000,
1624348800009,2021-06-22 08:00:00,-0.00007105,
1624377600001,2021-06-22 16:00:00,0.00010000,
1624406400003,2021-06-23 00:00:00,0.00003757,
1624435200000,2021-06-23 08:00:00,-0.00030531,
1624464000000,2021-06-23 16:00:00,-0.00030834,
1624492800009,2021-06-24 00:00:00,-0.00056592,
1624521600018,2021-06-24 08:00:00,0.00010000,
1624550400001,2021-06-24 16:00:00,-0.00022169,
1624579200009,2021-06-25 00:00:00,0.00010000,
1624608000004,2021-06-25 08:00:00,0.00003423,
1624636800000,2021-06-25 16:00:00,0.00004728,
1624665600007,2021-06-26 00:00:00,0.00010000,
1624694400000,2021-06-26 08:00:00,0.00010000,
1624723200002,2021-06-26 16:00:00,0.00010000,
1624752000005,2021-06-27 00:00:00,0.00010000,
1624780800010,2021-06-27 08:00:00,0.00010000,
1624809600001,2021-06-27 16:00:00,0.00010000,
1624838400025,2021-06-28 00:00:00,-0.00750000,
1624867200017,2021-06-28 08:00:00,-0.00750000,
1624896000007,2021-06-28 16:00:00,-0.00750000,
1624924800008,2021-06-29 00:00:00,-0.00193159,
1624953600000,2021-06-29 08:00:00,-0.00247919,
1624982400000,2021-06-29 16:00:00,-0.00171136,
1625011200011,2021-06-30 00:00:00,-0.00036883,
1625040000044,2021-06-30 08:00:00,-0.00034402,
1625068800005,2021-06-30 16:00:00,0.00010000,
1625097600000,2021-07-01 00:00:00,-0.00005846,
1625126400004,2021-07-01 08:00:00,-0.00033085,
1625155200028,2021-07-01 16:00:00,0.00010000,
1625184000002,2021-07-02 00:00:00,0.00010000,
1625212800016,2021-07-02 08:00:00,-0.00017771,
1625241600007,2021-07-02 16:00:00,-0.00066492,
1625270400008,2021-07-03 00:00:00,-0.00031758,
1625299200000,2021-07-03 08:00:00,-0.00168942,
1625328000004,2021-07-03 16:00:00,-0.00102720,
1625356800012,2021-07-04 00:00:00,-0.00047991,
1625385600002,2021-07-04 08:00:00,-0.00014158,
1625414400003,2021-07-04 16:00:00,0.00010000,
1625443200004,2021-07-05 00:00:00,0.00010000,
1625472000000,2021-07-05 08:00:00,0.00010000,
1625500800009,2021-07-05 16:00:00,0.00010000,
1625529600008,2021-07-06 00:00:00,0.00010000,
1625558400019,2021-07-06 08:00:00,0.00010000,
1625587200000,2021-07-06 16:00:00,0.00010000,
1625616000007,2021-07-07 00:00:00,0.00010000,
1625644800001,2021-07-07 08:00:00,0.00010000,
1625673600008,2021-07-07 16:00:00,0.00010000,
1625702400002,2021-07-08 00:00:00,0.00010000,
1625731200010,2021-07-08 08:00:00,0.00003459,
1625760000003,2021-07-08 16:00:00,0.00001550,
1625788800000,2021-07-09 00:00:00,-0.00047221,
1625817600006,2021-07-09 08:00:00,-0.00032537,
1625846400000,2021-07-09 16:00:00,0.00010000,
1625875200002,2021-07-10 00:00:00,0.00006864,
1625904000000,2021-07-10 08:00:00,-0.00014610,
1625932800001,2021-07-10 16:00:00,0.00010000,
1625961600001,2021-07-11 00:00:00,0.00010000,
1625990400025,2021-07-11 08:00:00,0.00010000,
1626019200006,2021-07-11 16:00:00,0.00010000,
1626048000000,2021-07-12 00:00:00,0.00010000,
1626076800021,2021-07-12 08:00:00,0.00010000,
1626105600000,2021-07-12 16:00:00,0.00010000,
1626134400000,2021-07-13 00:00:00,0.00010000,
1626163200013,2021-07-13 08:00:00,0.00010000,
1626192000005,2021-07-13 16:00:00,0.00010000,
1626220800000,2021-07-14 00:00:00,0.00010000,
1626249600000,2021-07-14 08:00:00,0.00010000,
1626278400005,2021-07-14 16:00:00,0.00010000,
1626307200005,2021-07-15 00:00:00,0.00010000,
1626336000001,2021-07-15 08:00:00,0.00010000,
1626364800000,2021-07-15 16:00:00,0.00010000,
1626393600000,2021-07-16 00:00:00,0.00010000,
1626422400000,2021-07-16 08:00:00,0.00010000,
1626451200001,2021-07-16 16:00:00,0.00010000,
1626480000004,2021-07-17 00:00:00,0.00010000,
1626508800009,2021-07-17 08:00:00,0.00010000,
1626537600006,2021-07-17 16:00:00,-0.00042329,
1626566400000,2021-07-18 00:00:00,-0.00087632,
1626595200001,2021-07-18 08:00:00,-0.00058017,
1626624000003,2021-07-18 16:00:00,-0.00029786,
1626652800002,2021-07-19 00:00:00,-0.00011516,
1626681600006,2021-07-19 08:00:00,-0.00017152,
1626710400006,2021-07-19 16:00:00,0.00010000,
1626739200002,2021-07-20 00:00:00,0.00010000,
1626768000011,2021-07-20 08:00:00,-0.00013457,
1626796800001,2021-07-20 16:00:00,-0.00043122,
1626825600022,2021-07-21 00:00:00,-0.00030660,
1626854400000,2021-07-21 08:00:00,-0.00007254,
1626883200018,2021-07-21 16:00:00,-0.00027639,
1626912000002,2021-07-22 00:00:00,-0.00020045,
1626940800006,2021-07-22 08:00:00,0.00001706,
1626969600010,2021-07-22 16:00:00,0.00010000,
1626998400013,2021-07-23 00:00:00,0.00004227,
1627027200000,2021-07-23 08:00:00,0.00010000,
1627056000005,2021-07-23 16:00:00,0.00010000,
1627084800000,2021-07-24 00:00:00,0.00010000,
1627113600002,2021-07-24 08:00:00,0.00009081,
1627142400001,2021-07-24 16:00:00,0.00010000,
1627171200003,2021-07-25 00:00:00,0.00010000,
1627200000015,2021-07-25 08:00:00,0.00010000,
1627228800000,2021-07-25 16:00:00,0.00010000,
1627257600000,2021-07-26 00:00:00,0.00007240,
1627286400000,2021-07-26 08:00:00,0.00010000,
1627315200000,2021-07-26 16:00:00,0.00010000,
1627344000046,2021-07-27 00:00:00,0.00010000,
1627372800014,2021-07-27 08:00:00,0.00010000,
1627401600007,2021-07-27 16:00:00,0.00010000,
1627430400000,2021-07-28 00:00:00,0.00010000,
1627459200002,2021-07-28 08:00:00,0.00010000,
1627488000005,2021-07-28 16:00:00,0.00010000,
1627516800004,2021-07-29 00:00:00,0.00010000,
1627545600000,2021-07-29 08:00:00,0.00010000,
1627574400007,2021-07-29 16:00:00,0.00010000,
1627603200004,2021-07-30 00:00:00,0.00010000,
1627632000000,2021-07-30 08:00:00,0.00010000,
1627660800000,2021-07-30 16:00:00,0.00010000,
1627689600000,2021-07-31 00:00:00,0.00010000,
1627718400014,2021-07-31 08:00:00,0.00010000,
1627747200003,2021-07-31 16:00:00,0.00010000,
1627776000005,2021-08-01 00:00:00,0.00010000,
1627804800016,2021-08-01 08:00:00,-0.00077509,
1627833600001,2021-08-01 16:00:00,0.00010000,
1627862400000,2021-08-02 00:00:00,0.00010000,
1627891200014,2021-08-02 08:00:00,0.00010000,
1627920000021,2021-08-02 16:00:00,0.00010000,
1627948800000,2021-08-03 00:00:00,0.00010000,
1627977600000,2021-08-03 08:00:00,0.00010000,
1628006400009,2021-08-03 16:00:00,0.00010000,
1628035200000,2021-08-04 00:00:00,0.00010000,
1628064000000,2021-08-04 08:00:00,0.00010000,
1628092800003,2021-08-04 16:00:00,0.00010000,
1628121600000,2021-08-05 00:00:00,0.00010000,
1628150400000,2021-08-05 08:00:00,0.00010000,
1628179200001,2021-08-05 16:00:00,0.00010000,
1628208000000,2021-08-06 00:00:00,0.00010000,
1628236800004,2021-08-06 08:00:00,0.00010000,
1628265600003,2021-08-06 16:00:00,0.00032942,
1628294400015,2021-08-07 00:00:00,0.00010644,
1628323200001,2021-08-07 08:00:00,0.00031396,
1628352000002,2021-08-07 16:00:00,0.00018041,
1628380800000,2021-08-08 00:00:00,0.00010000,
1628409600002,2021-08-08 08:00:00,0.00027362,
1628438400018,2021-08-08 16:00:00,0.00039036,
1628467200000,2021-08-09 00:00:00,0.00010000,
1628496000000,2021-08-09 08:00:00,0.00010000,
1628524800002,2021-08-09 16:00:00,0.00017837,
1628553600000,2021-08-10 00:00:00,0.00010000,
1628582400003,2021-08-10 08:00:00,0.00042289,
1628611200000,2021-08-10 16:00:00,0.00051284,
1628640000006,2021-08-11 00:00:00,0.00053043,
1628668800003,2021-08-11 08:00:00,0.00072359,
1628697600000,2021-08-11 16:00:00,0.00078472,
1628726400013,2021-08-12 00:00:00,0.00051044,
1628755200001,2021-08-12 08:00:00,0.00049908,
1628784000000,2021-08-12 16:00:00,0.00010000,
1628812800000,2021-08-13 00:00:00,0.00010000,
1628841600000,2021-08-13 08:00:00,0.00035616,
1628870400002,2021-08-13 16:00:00,0.00011776,
1628899200006,2021-08-14 00:00:00,0.00010000,
1628928000000,2021-08-14 08:00:00,0.00044249,
1628956800000,2021-08-14 16:00:00,0.00083218,
1628985600003,2021-08-15 00:00:00,0.00065564,
1629014400000,2021-08-15 08:00:00,0.00069804,
1629043200007,2021-08-15 16:00:00,0.00050364,
1629072000012,2021-08-16 00:00:00,0.00055600,
1629100800003,2021-08-16 08:00:00,0.00081616,
1629129600010,2021-08-16 16:00:00,0.00061922,
1629158400018,2021-08-17 00:00:00,0.00015492,
1629187200015,2021-08-17 08:00:00,0.00010000,
1629216000006,2021-08-17 16:00:00,0.00010000,
1629244800000,2021-08-18 00:00:00,0.00010000,
1629273600000,2021-08-18 08:00:00,0.00010000,
1629302400011,2021-08-18 16:00:00,0.00010000,
1629331200000,2021-08-19 00:00:00,0.00010000,
1629360000014,2021-08-19 08:00:00,0.00010000,
1629388800000,2021-08-19 16:00:00,0.00010000,
1629417600000,2021-08-20 00:00:00,0.00010000,
1629446400001,2021-08-20 08:00:00,0.00010000,
1629475200001,2021-08-20 16:00:00,0.00013538,
1629504000005,2021-08-21 00:00:00,0.00048057,
1629532800001,2021-08-21 08:00:00,0.00072939,
1629561600000,2021-08-21 16:00:00,0.00067786,
1629590400005,2021-08-22 00:00:00,0.00050684,
1629619200007,2021-08-22 08:00:00,0.00067062,
1629648000002,2021-08-22 16:00:00,0.00044403,
1629676800003,2021-08-23 00:00:00,0.00010000,
1629705600005,2021-08-23 08:00:00,0.00077588,
1629734400002,2021-08-23 16:00:00,0.00088171,
1629763200006,2021-08-24 00:00:00,0.00065776,
1629792000004,2021-08-24 08:00:00,0.00095971,
1629820800000,2021-08-24 16:00:00,0.00052437,
1629849600015,2021-08-25 00:00:00,0.00010000,
1629878400000,2021-08-25 08:00:00,0.00016163,
1629907200000,2021-08-25 16:00:00,0.00010000,
1629936000001,2021-08-26 00:00:00,-0.00052023,
1629964800016,2021-08-26 08:00:00,0.00010000,
1629993600004,2021-08-26 16:00:00,0.00010000,
1630022400013,2021-08-27 00:00:00,0.00010000,
1630051200001,2021-08-27 08:00:00,0.00010000,
1630080000004,2021-08-27 16:00:00,0.00010000,
1630108800000,2021-08-28 00:00:00,0.00010000,
1630137600000,2021-08-28 08:00:00,0.00028043,
1630166400000,2021-08-28 16:00:00,0.00010000,
1630195200000,2021-08-29 00:00:00,0.00010000,
1630224000002,2021-08-29 08:00:00,0.00010000,
1630252800005,2021-08-29 16:00:00,0.00037251,
1630281600013,2021-08-30 00:00:00,0.00062083,
1630310400008,2021-08-30 08:00:00,0.00071845,
1630339200000,2021-08-30 16:00:00,0.00058985,
1630368000000,2021-08-31 00:00:00,0.00043804,
1630396800007,2021-08-31 08:00:00,0.00015588,
1630425600003,2021-08-31 16:00:00,0.00016836,
1630454400000,2021-09-01 00:00:00,0.00010000,
1630483200006,2021-09-01 08:00:00,0.00053001,
1630512000000,2021-09-01 16:00:00,0.00057840,
1630540800009,2021-09-02 00:00:00,0.00064213,
1630569600006,2021-09-02 08:00:00,0.00070161,
1630598400007,2021-09-02 16:00:00,0.00108184,
1630627200011,2021-09-03 00:00:00,0.00083876,
1630656000000,2021-09-03 08:00:00,0.00109534,
1630684800002,2021-09-03 16:00:00,0.00057186,
1630713600003,2021-09-04 00:00:00,0.00070858,
1630742400008,2021-09-04 08:00:00,0.00097325,
1630771200009,2021-09-04 16:00:00,0.00095262,
1630800000002,2021-09-05 00:00:00,0.00100227,
1630828800002,2021-09-05 08:00:00,0.00102838,
1630857600000,2021-09-05 16:00:00,0.00097611,
1630886400003,2021-09-06 00:00:00,0.00102728,
1630915200008,2021-09-06 08:00:00,0.00142157,
1630944000009,2021-09-06 16:00:00,0.00050254,
1630972800004,2021-09-07 00:00:00,0.00052594,
1631001600002,2021-09-07 08:00:00,0.00065130,
1631030400001,2021-09-07 16:00:00,-0.00411387,
1631059200005,2021-09-08 00:00:00,0.00010000,
1631088000000,2021-09-08 08:00:00,0.00010000,
1631116800000,2021-09-08 16:00:00,0.00010000,
1631145600006,2021-09-09 00:00:00,0.00010000,
1631174400014,2021-09-09 08:00:00,0.00010000,
1631203200002,2021-09-09 16:00:00,0.00010000,
1631232000001,2021-09-10 00:00:00,0.00010000,
1631260800018,2021-09-10 08:00:00,0.00010000,
1631289600006,2021-09-10 16:00:00,0.00010000,
1631318400000,2021-09-11 00:00:00,0.00010000,
1631347200001,2021-09-11 08:00:00,0.00010000,
1631376000000,2021-09-11 16:00:00,0.00010000,
1631404800000,2021-09-12 00:00:00,0.00010000,
1631433600002,2021-09-12 08:00:00,0.00010000,
1631462400000,2021-09-12 16:00:00,0.00010000,
1631491200000,2021-09-13 00:00:00,0.00010000,
1631520000007,2021-09-13 08:00:00,0.00010000,
1631548800005,2021-09-13 16:00:00,0.00010000,
1631577600002,2021-09-14 00:00:00,0.00010000,
1631606400000,2021-09-14 08:00:00,0.00010000,
1631635200007,2021-09-14 16:00:00,0.00010000,
1631664000012,2021-09-15 00:00:00,0.00010000,
1631692800003,2021-09-15 08:00:00,0.00010000,
1631721600006,2021-09-15 16:00:00,0.00010000,
1631750400008,2021-09-16 00:00:00,0.00010000,
1631779200005,2021-09-16 08:00:00,0.00010000,
1631808000002,2021-09-16 16:00:00,0.00021637,
1631836800000,2021-09-17 00:00:00,0.00010000,
1631865600047,2021-09-17 08:00:00,0.00013382,
1631894400013,2021-09-17 16:00:00,0.00010000,
1631923200000,2021-09-18 00:00:00,0.00010000,
1631952000010,2021-09-18 08:00:00,0.00011793,
1631980800005,2021-09-18 16:00:00,0.00010000,
1632009600006,2021-09-19 00:00:00,0.00010000,
1632038400015,2021-09-19 08:00:00,0.00010000,
1632067200007,2021-09-19 16:00:00,0.00010000,
1632096000018,2021-09-20 00:00:00,0.00010000,
1632124800000,2021-09-20 08:00:00,0.00010000,
1632153600005,2021-09-20 16:00:00,0.00010000,
1632182400005,2021-09-21 00:00:00,0.00010000,
1632211200007,2021-09-21 08:00:00,0.00010000,
1632240000000,2021-09-21 16:00:00,0.00010000,
1632268800005,2021-09-22 00:00:00,0.00010000,
1632297600006,2021-09-22 08:00:00,0.00010000,
1632326400000,2021-09-22 16:00:00,0.00010000,
1632355200003,2021-09-23 00:00:00,0.00010000,
1632384000000,2021-09-23 08:00:00,0.00010000,
1632412800007,2021-09-23 16:00:00,0.00010000,
1632441600000,2021-09-24 00:00:00,0.00010000,
1632470400017,2021-09-24 08:00:00,0.00010000,
1632499200000,2021-09-24 16:00:00,0.00010000,
1632528000007,2021-09-25 00:00:00,0.00010000,
1632556800002,2021-09-25 08:00:00,0.00010000,
1632585600004,2021-09-25 16:00:00,0.00010000,
1632614400013,2021-09-26 00:00:00,0.00010000,
1632643200000,2021-09-26 08:00:00,0.00010000,
1632672000005,2021-09-26 16:00:00,0.00010000,
1632700800000,2021-09-27 00:00:00,0.00010000,
1632729600001,2021-09-27 08:00:00,0.00007861,
1632758400000,2021-09-27 16:00:00,0.00010000,
1632787200000,2021-09-28 00:00:00,0.00010000,
1632816000014,2021-09-28 08:00:00,0.00010000,
1632844800000,2021-09-28 16:00:00,0.00010000,
1632873600000,2021-09-29 00:00:00,0.00008819,
1632902400002,2021-09-29 08:00:00,0.00010000,
1632931200000,2021-09-29 16:00:00,0.00010000,
1632960000000,2021-09-30 00:00:00,0.00010000,
1632988800004,2021-09-30 08:00:00,0.00010000,
1633017600005,2021-09-30 16:00:00,0.00010000,
1633046400012,2021-10-01 00:00:00,0.00010000,
1633075200008,2021-10-01 08:00:00,0.00010000,
1633104000000,2021-10-01 16:00:00,0.00010000,
1633132800000,2021-10-02 00:00:00,0.00010000,
1633161600002,2021-10-02 08:00:00,0.00010000,
1633190400011,2021-10-02 16:00:00,0.00010000,
1633219200019,2021-10-03 00:00:00,0.00010000,
1633248000011,2021-10-03 08:00:00,0.00010000,
1633276800004,2021-10-03 16:00:00,0.00010000,
1633305600004,2021-10-04 00:00:00,0.00010000,
1633334400000,2021-10-04 08:00:00,0.00010000,
1633363200000,2021-10-04 16:00:00,0.00010000,
1633392000007,2021-10-05 00:00:00,0.00010000,
1633420800007,2021-10-05 08:00:00,0.00010000,
1633449600004,2021-10-05 16:00:00,0.00010000,
1633478400002,2021-10-06 00:00:00,0.00010000,
1633507200000,2021-10-06 08:00:00,0.00010000,
1633536000003,2021-10-06 16:00:00,0.00010000,
1633564800007,2021-10-07 00:00:00,0.00010000,
1633593600002,2021-10-07 08:00:00,0.00037553,
1633622400000,2021-10-07 16:00:00,0.00050240,
1633651200011,2021-10-08 00:00:00,0.00027966,
1633680000003,2021-10-08 08:00:00,0.00046720,
1633708800002,2021-10-08 16:00:00,0.00064309,
1633737600006,2021-10-09 00:00:00,0.00010000,
1633766400003,2021-10-09 08:00:00,0.00027932,
1633795200000,2021-10-09 16:00:00,0.00023724,
1633824000000,2021-10-10 00:00:00,0.00033852,
1633852800008,2021-10-10 08:00:00,0.00034101,
1633881600000,2021-10-10 16:00:00,0.00025995,
1633910400002,2021-10-11 00:00:00,0.00010000,
1633939200001,2021-10-11 08:00:00,0.00019689,
1633968000006,2021-10-11 16:00:00,0.00010000,
1633996800008,2021-10-12 00:00:00,0.00023737,
1634025600013,2021-10-12 08:00:00,0.00010000,
1634054400003,2021-10-12 16:00:00,0.00010000,
1634083200003,2021-10-13 00:00:00,0.00010000,
1634112000015,2021-10-13 08:00:00,0.00010000,
1634140800000,2021-10-13 16:00:00,0.00012488,
1634169600011,2021-10-14 00:00:00,0.00010000,
1634198400017,2021-10-14 08:00:00,0.00012596,
1634227200000,2021-10-14 16:00:00,0.00034626,
1634256000005,2021-10-15 00:00:00,0.00046188,
1634284800002,2021-10-15 08:00:00,0.00035898,
1634313600005,2021-10-15 16:00:00,0.00012287,
1634342400009,2021-10-16 00:00:00,0.00045302,
1634371200000,2021-10-16 08:00:00,0.00017518,
1634400000003,2021-10-16 16:00:00,0.00045586,
1634428800001,2021-10-17 00:00:00,0.00054431,
1634457600002,2021-10-17 08:00:00,0.00040079,
1634486400002,2021-10-17 16:00:00,0.00010574,
1634515200006,2021-10-18 00:00:00,0.00014629,
1634544000004,2021-10-18 08:00:00,0.00029010,
1634572800001,2021-10-18 16:00:00,0.00033852,
1634601600002,2021-10-19 00:00:00,0.00030467,
1634630400000,2021-10-19 08:00:00,0.00043753,
1634659200000,2021-10-19 16:00:00,0.00010059,
1634688000017,2021-10-20 00:00:00,0.00010000,
1634716800004,2021-10-20 08:00:00,0.00010000,
1634745600020,2021-10-20 16:00:00,0.00049392,
1634774400000,2021-10-21 00:00:00,0.00071504,
1634803200000,2021-10-21 08:00:00,0.00084301,
1634832000008,2021-10-21 16:00:00,0.00091663,
1634860800005,2021-10-22 00:00:00,0.00049465,
1634889600005,2021-10-22 08:00:00,0.00052954,
1634918400018,2021-10-22 16:00:00,0.00067295,
1634947200005,2021-10-23 00:00:00,0.00066400,
1634976000001,2021-10-23 08:00:00,0.00056208,
1635004800004,2021-10-23 16:00:00,0.00054678,
1635033600006,2021-10-24 00:00:00,0.00059130,
1635062400012,2021-10-24 08:00:00,0.00081633,
1635091200001,2021-10-24 16:00:00,0.00052615,
1635120000012,2021-10-25 00:00:00,0.00031122,
1635148800002,2021-10-25 08:00:00,0.00065403,
1635177600022,2021-10-25 16:00:00,0.00062019,
1635206400005,2021-10-26 00:00:00,0.00060381,
1635235200016,2021-10-26 08:00:00,0.00100726,
1635264000000,2021-10-26 16:00:00,0.00103709,
1635292800004,2021-10-27 00:00:00,0.00056278,
1635321600000,2021-10-27 08:00:00,0.00070827,
1635350400002,2021-10-27 16:00:00,0.00010000,
1635379200002,2021-10-28 00:00:00,0.00010000,
1635408000000,2021-10-28 08:00:00,0.00010000,
1635436800005,2021-10-28 16:00:00,0.00010000,
1635465600000,2021-10-29 00:00:00,0.00010000,
1635494400007,2021-10-29 08:00:00,0.00013340,
1635523200001,2021-10-29 16:00:00,0.00021270,
1635552000000,2021-10-30 00:00:00,0.00032651,
1635580800001,2021-10-30 08:00:00,0.00048736,
1635609600013,2021-10-30 16:00:00,0.00048023,
1635638400008,2021-10-31 00:00:00,0.00041172,
1635667200010,2021-10-31 08:00:00,0.00055120,
1635696000001,2021-10-31 16:00:00,0.00034963,
1635724800009,2021-11-01 00:00:00,0.00020299,
1635753600014,2021-11-01 08:00:00,0.00010000,
1635782400001,2021-11-01 16:00:00,0.00048322,
1635811200000,2021-11-02 00:00:00,0.00055266,
1635840000007,2021-11-02 08:00:00,0.00061698,
1635868800010,2021-11-02 16:00:00,0.00084283,
1635897600019,2021-11-03 00:00:00,0.00078296,
1635926400000,2021-11-03 08:00:00,0.00076606,
1635955200005,2021-11-03 16:00:00,0.00044537,
1635984000006,2021-11-04 00:00:00,0.00070645,
1636012800004,2021-11-04 08:00:00,0.00072951,
1636041600004,2021-11-04 16:00:00,0.00060842,
1636070400000,2021-11-05 00:00:00,0.00014923,
1636099200013,2021-11-05 08:00:00,0.00033370,
1636128000016,2021-11-05 16:00:00,0.00018494,
1636156800010,2021-11-06 00:00:00,0.00019355,
1636185600000,2021-11-06 08:00:00,0.00050518,
1636214400007,2021-11-06 16:00:00,0.00016456,
1636243200013,2021-11-07 00:00:00,0.00010000,
1636272000005,2021-11-07 08:00:00,0.00010000,
1636300800004,2021-11-07 16:00:00,0.00041163,
1636329600001,2021-11-08 00:00:00,0.00053135,
1636358400000,2021-11-08 08:00:00,0.00080455,
1636387200000,2021-11-08 16:00:00,0.00087634,
1636416000000,2021-11-09 00:00:00,0.00079397,
1636444800014,2021-11-09 08:00:00,0.00062690,
1636473600001,2021-11-09 16:00:00,0.00051261,
1636502400000,2021-11-10 00:00:00,0.00067292,
1636531200003,2021-11-10 08:00:00,0.00038310,
1636560000001,2021-11-10 16:00:00,0.00048856,
1636588800008,2021-11-11 00:00:00,0.00010000,
1636617600012,2021-11-11 08:00:00,0.00010000,
1636646400007,2021-11-11 16:00:00,0.00016758,
1636675200000,2021-11-12 00:00:00,0.00010000,
1636704000000,2021-11-12 08:00:00,0.00010000,
1636732800004,2021-11-12 16:00:00,0.00010000,
1636761600000,2021-11-13 00:00:00,0.00010000,
1636790400004,2021-11-13 08:00:00,0.00010000,
1636819200006,2021-11-13 16:00:00,0.00010000,
1636848000010,2021-11-14 00:00:00,0.00010000,
1636876800001,2021-11-14 08:00:00,0.00010000,
1636905600000,2021-11-14 16:00:00,0.00010000,
1636934400008,2021-11-15 00:00:00,0.00024153,
1636963200000,2021-11-15 08:00:00,0.00060408,
1636992000000,2021-11-15 16:00:00,0.00022667,
1637020800000,2021-11-16 00:00:00,0.00014578,
1637049600001,2021-11-16 08:00:00,0.00011693,
1637078400018,2021-11-16 16:00:00,0.00010000,
1637107200005,2021-11-17 00:00:00,0.00010000,
1637136000007,2021-11-17 08:00:00,0.00010000,
1637164800003,2021-11-17 16:00:00,0.00010000,
1637193600017,2021-11-18 00:00:00,0.00010000,
1637222400007,2021-11-18 08:00:00,0.00010000,
1637251200011,2021-11-18 16:00:00,0.00010000,
1637280000000,2021-11-19 00:00:00,0.00010000,
1637308800000,2021-11-19 08:00:00,0.00010000,
1637337600005,2021-11-19 16:00:00,0.00010000,
1637366400012,2021-11-20 00:00:00,0.00010000,
1637395200000,2021-11-20 08:00:00,0.00010000,
1637424000007,2021-11-20 16:00:00,0.00010000,
1637452800000,2021-11-21 00:00:00,0.00010000,
1637481600006,2021-11-21 08:00:00,0.00010000,
1637510400000,2021-11-21 16:00:00,0.00010000,
1637539200004,2021-11-22 00:00:00,0.00010000,
1637568000000,2021-11-22 08:00:00,0.00011803,
1637596800000,2021-11-22 16:00:00,0.00010000,
1637625600004,2021-11-23 00:00:00,0.00010000,
1637654400010,2021-11-23 08:00:00,0.00010000,
1637683200005,2021-11-23 16:00:00,0.00021581,
1637712000001,2021-11-24 00:00:00,0.00010000,
1637740800003,2021-11-24 08:00:00,0.00017193,
1637769600010,2021-11-24 16:00:00,0.00024511,
1637798400000,2021-11-25 00:00:00,0.00028387,
1637827200010,2021-11-25 08:00:00,0.00044454,
1637856000000,2021-11-25 16:00:00,0.00028322,
1637884800000,2021-11-26 00:00:00,0.00012651,
1637913600000,2021-11-26 08:00:00,0.00013025,
1637942400016,2021-11-26 16:00:00,0.00010000,
1637971200005,2021-11-27 00:00:00,-0.00048624,
1638000000008,2021-11-27 08:00:00,0.00010000,
1638028800007,2021-11-27 16:00:00,0.00010000,
1638057600018,2021-11-28 00:00:00,0.00010000,
1638086400000,2021-11-28 08:00:00,0.00010000,
1638115200004,2021-11-28 16:00:00,0.00017328,
1638144000002,2021-11-29 00:00:00,0.00010712,
1638172800004,2021-11-29 08:00:00,0.00010000,
1638201600000,2021-11-29 16:00:00,0.00012167,
1638230400000,2021-11-30 00:00:00,0.00010563,
1638259200006,2021-11-30 08:00:00,0.00018335,
1638288000000,2021-11-30 16:00:00,0.00015392,
1638316800000,2021-12-01 00:00:00,0.00035804,
1638345600000,2021-12-01 08:00:00,0.00020474,
1638374400001,2021-12-01 16:00:00,0.00013563,
1638403200000,2021-12-02 00:00:00,0.00020431,
1638432000007,2021-12-02 08:00:00,0.00016590,
1638460800008,2021-12-02 16:00:00,0.00010000,
1638489600004,2021-12-03 00:00:00,0.00018537,
1638518400002,2021-12-03 08:00:00,0.00010000,
1638547200006,2021-12-03 16:00:00,0.00024676,
1638576000006,2021-12-04 00:00:00,0.00010000,
1638604800004,2021-12-04 08:00:00,0.00010000,
1638633600000,2021-12-04 16:00:00,0.00010000,
1638662400003,2021-12-05 00:00:00,0.00010000,
1638691200008,2021-12-05 08:00:00,0.00010000,
1638720000007,2021-12-05 16:00:00,0.00010000,
1638748800009,2021-12-06 00:00:00,0.00010000,
1638777600001,2021-12-06 08:00:00,0.00010000,
1638806400000,2021-12-06 16:00:00,0.00010000,
1638835200018,2021-12-07 00:00:00,0.00010000,
1638864000000,2021-12-07 08:00:00,0.00010000,
1638892800000,2021-12-07 16:00:00,0.00010000,
1638921600000,2021-12-08 00:00:00,0.00010000,
1638950400018,2021-12-08 08:00:00,0.00010000,
1638979200010,2021-12-08 16:00:00,0.00010000,
1639008000010,2021-12-09 00:00:00,0.00010000,
1639036800000,2021-12-09 08:00:00,0.00010000,
1639065600000,2021-12-09 16:00:00,0.00010000,
1639094400000,2021-12-10 00:00:00,0.00010000,
1639123200008,2021-12-10 08:00:00,0.00010000,
1639152000012,2021-12-10 16:00:00,0.00010000,
1639180800009,2021-12-11 00:00:00,0.00010000,
1639209600008,2021-12-11 08:00:00,0.00010000,
1639238400000,2021-12-11 16:00:00,0.00010000,
1639267200001,2021-12-12 00:00:00,0.00010000,
1639296000015,2021-12-12 08:00:00,0.00010000,
1639324800011,2021-12-12 16:00:00,0.00010000,
1639353600006,2021-12-13 00:00:00,0.00010000,
1639382400019,2021-12-13 08:00:00,0.00010000,
1639411200000,2021-12-13 16:00:00,0.00010000,
1639440000004,2021-12-14 00:00:00,0.00010000,
1639468800000,2021-12-14 08:00:00,0.00010000,
1639497600015,2021-12-14 16:00:00,0.00010000,
1639526400000,2021-12-15 00:00:00,0.00010000,
1639555200008,2021-12-15 08:00:00,0.00010000,
1639584000005,2021-12-15 16:00:00,0.00010000,
1639612800006,2021-12-16 00:00:00,0.00010000,
1639641600009,2021-12-16 08:00:00,0.00010000,
1639670400000,2021-12-16 16:00:00,0.00010000,
1639699200000,2021-12-17 00:00:00,0.00008343,
1639728000005,2021-12-17 08:00:00,0.00010000,
1639756800006,2021-12-17 16:00:00,0.00010000,
1639785600014,2021-12-18 00:00:00,0.00010000,
1639814400012,2021-12-18 08:00:00,0.00010000,
1639843200000,2021-12-18 16:00:00,0.00010000,
1639872000031,2021-12-19 00:00:00,0.00010000,
1639900800000,2021-12-19 08:00:00,0.00010000,
1639929600003,2021-12-19 16:00:00,0.00010000,
1639958400015,2021-12-20 00:00:00,0.00010000,
1639987200007,2021-12-20 08:00:00,0.00010000,
1640016000005,2021-12-20 16:00:00,0.00010000,
1640044800003,2021-12-21 00:00:00,0.00010000,
1640073600012,2021-12-21 08:00:00,0.00010000,
1640102400005,2021-12-21 16:00:00,0.00010000,
1640131200000,2021-12-22 00:00:00,0.00010000,
1640160000001,2021-12-22 08:00:00,-0.00750000,
1640188800006,2021-12-22 16:00:00,0.00010000,
1640217600011,2021-12-23 00:00:00,0.00010000,
1640246400000,2021-12-23 08:00:00,0.00010000,
1640275200000,2021-12-23 16:00:00,0.00010000,
1640304000005,2021-12-24 00:00:00,0.00010000,
1640332800000,2021-12-24 08:00:00,0.00010000,
1640361600011,2021-12-24 16:00:00,0.00010000,
1640390400000,2021-12-25 00:00:00,0.00010000,
1640419200001,2021-12-25 08:00:00,-0.00258199,
1640448000005,2021-12-25 16:00:00,-0.00058586,
1640476800004,2021-12-26 00:00:00,0.00010000,
1640505600002,2021-12-26 08:00:00,0.00010000,
1640534400000,2021-12-26 16:00:00,0.00010000,
1640563200002,2021-12-27 00:00:00,0.00010000,
1640592000005,2021-12-27 08:00:00,0.00010000,
1640620800000,2021-12-27 16:00:00,0.00010000,
1640649600000,2021-12-28 00:00:00,0.00010000,
1640678400012,2021-12-28 08:00:00,0.00010000,
1640707200000,2021-12-28 16:00:00,0.00010000,
1640736000006,2021-12-29 00:00:00,0.00010000,
1640764800003,2021-12-29 08:00:00,0.00010000,
1640793600004,2021-12-29 16:00:00,0.00010000,
1640822400003,2021-12-30 00:00:00,0.00010000,
1640851200001,2021-12-30 08:00:00,0.00010000,
1640880000017,2021-12-30 16:00:00,0.00010000,
1640908800006,2021-12-31 00:00:00,0.00010000,
1640937600009,2021-12-31 08:00:00,0.00010000,
1640966400000,2021-12-31 16:00:00,0.00010000,
1640995200006,2022-01-01 00:00:00,0.00010000,
1641024000009,2022-01-01 08:00:00,0.00010000,
1641052800000,2022-01-01 16:00:00,0.00010000,
1641081600028,2022-01-02 00:00:00,0.00010000,
1641110400000,2022-01-02 08:00:00,0.00010000,
1641139200000,2022-01-02 16:00:00,0.00010000,
1641168000010,2022-01-03 00:00:00,0.00010000,
1641196800013,2022-01-03 08:00:00,0.00010000,
1641225600018,2022-01-03 16:00:00,0.00010000,
1641254400000,2022-01-04 00:00:00,0.00010000,
1641283200010,2022-01-04 08:00:00,0.00010000,
1641312000002,2022-01-04 16:00:00,0.00010000,
1641340800001,2022-01-05 00:00:00,0.00010000,
1641369600017,2022-01-05 08:00:00,0.00010000,
1641398400000,2022-01-05 16:00:00,0.00010000,
1641427200002,2022-01-06 00:00:00,0.00010000,
1641456000021,2022-01-06 08:00:00,0.00010000,
1641484800006,2022-01-06 16:00:00,0.00010000,
1641513600005,2022-01-07 00:00:00,0.00010000,
1641542400000,2022-01-07 08:00:00,0.00010000,
1641571200001,2022-01-07 16:00:00,0.00010000,
1641600000014,2022-01-08 00:00:00,0.00010000,
1641628800013,2022-01-08 08:00:00,0.00010000,
1641657600000,2022-01-08 16:00:00,0.00010000,
1641686400003,2022-01-09 00:00:00,0.00010000,
1641715200000,2022-01-09 08:00:00,0.00010000,
1641744000000,2022-01-09 16:00:00,0.00010000,
1641772800000,2022-01-10 00:00:00,0.00009504,
1641801600010,2022-01-10 08:00:00,0.00010000,
1641830400007,2022-01-10 16:00:00,0.00010000,
1641859200013,2022-01-11 00:00:00,0.00010000,
1641888000004,2022-01-11 08:00:00,0.00010000,
1641916800000,2022-01-11 16:00:00,0.00010000,
1641945600012,2022-01-12 00:00:00,0.00010000,
1641974400015,2022-01-12 08:00:00,0.00010000,
1642003200000,2022-01-12 16:00:00,0.00010000,
1642032000007,2022-01-13 00:00:00,0.00010000,
1642060800000,2022-01-13 08:00:00,0.00010000,
1642089600014,2022-01-13 16:00:00,0.00010000,
1642118400000,2022-01-14 00:00:00,0.00010000,
1642147200006,2022-01-14 08:00:00,0.00010000,
1642176000014,2022-01-14 16:00:00,0.00010000,
1642204800000,2022-01-15 00:00:00,0.00010000,
1642233600002,2022-01-15 08:00:00,0.00010000,
1642262400000,2022-01-15 16:00:00,0.00010000,
1642291200000,2022-01-16 00:00:00,0.00010000,
1642320000017,2022-01-16 08:00:00,0.00010000,
1642348800011,2022-01-16 16:00:00,0.00010000,
1642377600005,2022-01-17 00:00:00,0.00010000,
1642406400006,2022-01-17 08:00:00,-0.00000203,
1642435200012,2022-01-17 16:00:00,0.00005845,
1642464000020,2022-01-18 00:00:00,-0.00014847,
1642492800000,2022-01-18 08:00:00,0.00010000,
1642521600013,2022-01-18 16:00:00,0.00010000,
1642550400001,2022-01-19 00:00:00,0.00010000,
1642579200000,2022-01-19 08:00:00,0.00010000,
1642608000000,2022-01-19 16:00:00,0.00010000,
1642636800015,2022-01-20 00:00:00,0.00010000,
1642665600000,2022-01-20 08:00:00,0.00010000,
1642694400000,2022-01-20 16:00:00,0.00010000,
1642723200007,2022-01-21 00:00:00,0.00010000,
1642752000015,2022-01-21 08:00:00,0.00010000,
1642780800000,2022-01-21 16:00:00,0.00010000,
1642809600017,2022-01-22 00:00:00,0.00010000,
1642838400003,2022-01-22 08:00:00,0.00010000,
1642867200021,2022-01-22 16:00:00,0.00010000,
1642896000026,2022-01-23 00:00:00,0.00010000,
1642924800010,2022-01-23 08:00:00,0.00009285,
1642953600009,2022-01-23 16:00:00,0.00010000,
1642982400010,2022-01-24 00:00:00,0.00010000,
1643011200000,2022-01-24 08:00:00,-0.00002046,
1643040000021,2022-01-24 16:00:00,0.00010000,
1643068800000,2022-01-25 00:00:00,0.00010000,
1643097600000,2022-01-25 08:00:00,0.00010000,
1643126400012,2022-01-25 16:00:00,0.00010000,
1643155200000,2022-01-26 00:00:00,0.00010000,
1643184000001,2022-01-26 08:00:00,0.00006693,
1643212800005,2022-01-26 16:00:00,0.00010000,
1643241600004,2022-01-27 00:00:00,0.00010000,
1643270400004,2022-01-27 08:00:00,0.00008813,
1643299200019,2022-01-27 16:00:00,0.00002994,
1643328000000,2022-01-28 00:00:00,0.00002662,
1643356800000,2022-01-28 08:00:00,0.00002822,
1643385600025,2022-01-28 16:00:00,0.00010000,
1643414400017,2022-01-29 00:00:00,0.00006073,
1643443200000,2022-01-29 08:00:00,0.00009275,
1643472000013,2022-01-29 16:00:00,0.00009890,
1643500800025,2022-01-30 00:00:00,0.00003624,
1643529600009,2022-01-30 08:00:00,0.00003565,
1643558400000,2022-01-30 16:00:00,0.00003205,
1643587200000,2022-01-31 00:00:00,-0.00000566,
1643616000000,2022-01-31 08:00:00,0.00010000,
1643644800000,2022-01-31 16:00:00,0.00003996,
1643673600010,2022-02-01 00:00:00,-0.00006596,
1643702400000,2022-02-01 08:00:00,0.00009303,
1643731200004,2022-02-01 16:00:00,-0.00020553,
1643760000004,2022-02-02 00:00:00,0.00010000,
1643788800000,2022-02-02 08:00:00,0.00005449,
1643817600002,2022-02-02 16:00:00,0.00010000,
1643846400002,2022-02-03 00:00:00,0.00010000,
1643875200000,2022-02-03 08:00:00,0.00003845,
1643904000000,2022-02-03 16:00:00,0.00006668,
1643932800018,2022-02-04 00:00:00,0.00004098,
1643961600005,2022-02-04 08:00:00,-0.00005579,
1643990400010,2022-02-04 16:00:00,0.00010000,
1644019200014,2022-02-05 00:00:00,0.00010000,
1644048000000,2022-02-05 08:00:00,0.00010000,
1644076800000,2022-02-05 16:00:00,0.00010000,
1644105600000,2022-02-06 00:00:00,0.00010000,
1644134400000,2022-02-06 08:00:00,0.00010000,
1644163200000,2022-02-06 16:00:00,0.00010000,
1644192000003,2022-02-07 00:00:00,0.00010000,
1644220800014,2022-02-07 08:00:00,0.00010000,
1644249600003,2022-02-07 16:00:00,0.00009643,
1644278400001,2022-02-08 00:00:00,0.00010000,
1644307200003,2022-02-08 08:00:00,0.00010000,
1644336000002,2022-02-08 16:00:00,0.00010000,
1644364800000,2022-02-09 00:00:00,0.00010000,
1644393600005,2022-02-09 08:00:00,0.00010000,
1644422400001,2022-02-09 16:00:00,0.00010000,
1644451200012,2022-02-10 00:00:00,0.00010000,
1644480000000,2022-02-10 08:00:00,0.00010000,
1644508800006,2022-02-10 16:00:00,0.00010000,
1644537600000,2022-02-11 00:00:00,0.00006600,
1644566400009,2022-02-11 08:00:00,0.00010000,
1644595200015,2022-02-11 16:00:00,0.00010000,
1644624000020,2022-02-12 00:00:00,0.00010000,
1644652800001,2022-02-12 08:00:00,0.00010000,
1644681600007,2022-02-12 16:00:00,0.00010000,
1644710400022,2022-02-13 00:00:00,0.00006510,
1644739200001,2022-02-13 08:00:00,0.00010000,
1644768000007,2022-02-13 16:00:00,0.00010000,
1644796800005,2022-02-14 00:00:00,0.00010000,
1644825600013,2022-02-14 08:00:00,0.00010000,
1644854400019,2022-02-14 16:00:00,0.00010000,
1644883200012,2022-02-15 00:00:00,0.00007901,
1644912000005,2022-02-15 08:00:00,0.00008043,
1644940800011,2022-02-15 16:00:00,0.00010000,
1644969600009,2022-02-16 00:00:00,0.00010000,
1644998400001,2022-02-16 08:00:00,0.00002595,
1645027200014,2022-02-16 16:00:00,0.00007010,
1645056000018,2022-02-17 00:00:00,-0.00050289,
1645084800000,2022-02-17 08:00:00,0.00010000,
1645113600010,2022-02-17 16:00:00,0.00010000,
1645142400000,2022-02-18 00:00:00,-0.00017307,
1645171200002,2022-02-18 08:00:00,0.00009641,
1645200000000,2022-02-18 16:00:00,0.00000585,
1645228800007,2022-02-19 00:00:00,0.00003367,
1645257600000,2022-02-19 08:00:00,0.00006003,
1645286400023,2022-02-19 16:00:00,0.00010000,
1645315200001,2022-02-20 00:00:00,0.00003324,
1645344000003,2022-02-20 08:00:00,0.00010000,
1645372800001,2022-02-20 16:00:00,0.00003547,
1645401600000,2022-02-21 00:00:00,-0.00003295,
1645430400001,2022-02-21 08:00:00,0.00002730,
1645459200005,2022-02-21 16:00:00,-0.00008165,
1645488000005,2022-02-22 00:00:00,-0.00012243,
1645516800000,2022-02-22 08:00:00,0.00003692,
1645545600000,2022-02-22 16:00:00,0.00010000,
1645574400002,2022-02-23 00:00:00,0.00008179,
1645603200005,2022-02-23 08:00:00,0.00008565,
1645632000010,2022-02-23 16:00:00,0.00008617,
1645660800008,2022-02-24 00:00:00,-0.00016508,
1645689600003,2022-02-24 08:00:00,-0.00010376,
1645718400001,2022-02-24 16:00:00,-0.00016341,
1645747200000,2022-02-25 00:00:00,-0.00001193,
1645776000006,2022-02-25 08:00:00,0.00006812,
1645804800001,2022-02-25 16:00:00,-0.00001669,
1645833600004,2022-02-26 00:00:00,0.00010000,
1645862400004,2022-02-26 08:00:00,0.00006704,
1645891200007,2022-02-26 16:00:00,0.00003034,
1645920000012,2022-02-27 00:00:00,0.00010000,
1645948800000,2022-02-27 08:00:00,0.00004211,
1645977600000,2022-02-27 16:00:00,0.00010000,
1646006400000,2022-02-28 00:00:00,-0.00018346,
1646035200001,2022-02-28 08:00:00,0.00006639,
1646064000002,2022-02-28 16:00:00,0.00009280,
1646092800002,2022-03-01 00:00:00,0.00003303,
1646121600001,2022-03-01 08:00:00,0.00010000,
1646150400000,2022-03-01 16:00:00,0.00010000,
1646179200000,2022-03-02 00:00:00,-0.00004981,
1646208000000,2022-03-02 08:00:00,0.00002961,
1646236800002,2022-03-02 16:00:00,-0.00002147,
1646265600000,2022-03-03 00:00:00,0.00009702,
1646294400000,2022-03-03 08:00:00,0.00010000,
1646323200005,2022-03-03 16:00:00,-0.00023443,
1646352000018,2022-03-04 00:00:00,0.00000610,
1646380800000,2022-03-04 08:00:00,-0.00050646,
1646409600000,2022-03-04 16:00:00,-0.00005596,
1646438400006,2022-03-05 00:00:00,-0.00025435,
1646467200004,2022-03-05 08:00:00,0.00005224,
1646496000000,2022-03-05 16:00:00,0.00006212,
1646524800004,2022-03-06 00:00:00,0.00010000,
1646553600000,2022-03-06 08:00:00,0.00010000,
1646582400013,2022-03-06 16:00:00,0.00002342,
1646611200008,2022-03-07 00:00:00,0.00007494,
1646640000006,2022-03-07 08:00:00,0.00010000,
1646668800000,2022-03-07 16:00:00,0.00010000,
1646697600008,2022-03-08 00:00:00,0.00010000,
1646726400002,2022-03-08 08:00:00,0.00010000,
1646755200000,2022-03-08 16:00:00,0.00010000,
1646784000008,2022-03-09 00:00:00,0.00001972,
1646812800000,2022-03-09 08:00:00,-0.00003537,
1646841600004,2022-03-09 16:00:00,0.00010000,
1646870400000,2022-03-10 00:00:00,0.00010000,
1646899200017,2022-03-10 08:00:00,0.00010000,
1646928000000,2022-03-10 16:00:00,0.00007281,
1646956800008,2022-03-11 00:00:00,0.00003796,
1646985600000,2022-03-11 08:00:00,0.00008437,
1647014400001,2022-03-11 16:00:00,0.00010000,
1647043200010,2022-03-12 00:00:00,0.00010000,
1647072000001,2022-03-12 08:00:00,0.00010000,
1647100800002,2022-03-12 16:00:00,0.00010000,
1647129600008,2022-03-13 00:00:00,-0.00020123,
1647158400000,2022-03-13 08:00:00,-0.00074155,
1647187200002,2022-03-13 16:00:00,-0.00045043,
1647216000014,2022-03-14 00:00:00,-0.00060520,
1647244800005,2022-03-14 08:00:00,-0.00019660,
1647273600002,2022-03-14 16:00:00,-0.00036355,
1647302400008,2022-03-15 00:00:00,0.00010000,
1647331200000,2022-03-15 08:00:00,0.00010000,
1647360000006,2022-03-15 16:00:00,0.00010000,
1647388800013,2022-03-16 00:00:00,0.00010000,
1647417600000,2022-03-16 08:00:00,0.00002331,
1647446400008,2022-03-16 16:00:00,0.00010000,
1647475200004,2022-03-17 00:00:00,0.00010000,
1647504000000,2022-03-17 08:00:00,0.00010000,
1647532800004,2022-03-17 16:00:00,0.00010000,
1647561600000,2022-03-18 00:00:00,0.00010000,
1647590400000,2022-03-18 08:00:00,0.00010000,
1647619200017,2022-03-18 16:00:00,0.00010000,
1647648000008,2022-03-19 00:00:00,0.00010000,
1647676800015,2022-03-19 08:00:00,0.00010000,
1647705600000,2022-03-19 16:00:00,-0.00009574,
1647734400000,2022-03-20 00:00:00,0.00010000,
1647763200001,2022-03-20 08:00:00,0.00010000,
1647792000002,2022-03-20 16:00:00,0.00010000,
1647820800013,2022-03-21 00:00:00,0.00010000,
1647849600004,2022-03-21 08:00:00,0.00010000,
1647878400010,2022-03-21 16:00:00,0.00010000,
1647907200012,2022-03-22 00:00:00,0.00010000,
1647936000001,2022-03-22 08:00:00,0.00010000,
1647964800022,2022-03-22 16:00:00,0.00010000,
1647993600007,2022-03-23 00:00:00,0.00010000,
1648022400000,2022-03-23 08:00:00,0.00010000,
1648051200006,2022-03-23 16:00:00,0.00010000,
1648080000013,2022-03-24 00:00:00,0.00010000,
1648108800006,2022-03-24 08:00:00,0.00010000,
1648137600020,2022-03-24 16:00:00,0.00010000,
1648166400010,2022-03-25 00:00:00,0.00010000,
1648195200001,2022-03-25 08:00:00,0.00010000,
1648224000014,2022-03-25 16:00:00,0.00010000,
1648252800020,2022-03-26 00:00:00,0.00010000,
1648281600006,2022-03-26 08:00:00,0.00010000,
1648310400000,2022-03-26 16:00:00,0.00010000,
1648339200004,2022-03-27 00:00:00,0.00010000,
1648368000001,2022-03-27 08:00:00,0.00010000,
1648396800006,2022-03-27 16:00:00,0.00010000,
1648425600012,2022-03-28 00:00:00,0.00010000,
1648454400007,2022-03-28 08:00:00,0.00010000,
1648483200000,2022-03-28 16:00:00,0.00010000,
1648512000000,2022-03-29 00:00:00,0.00010000,
1648540800015,2022-03-29 08:00:00,0.00010000,
1648569600000,2022-03-29 16:00:00,0.00010000,
1648598400000,2022-03-30 00:00:00,0.00010000,
1648627200002,2022-03-30 08:00:00,0.00010000,
1648656000028,2022-03-30 16:00:00,0.00010000,
1648684800017,2022-03-31 00:00:00,0.00010000,
1648713600000,2022-03-31 08:00:00,0.00015645,
1648742400015,2022-03-31 16:00:00,0.00010000,
1648771200000,2022-04-01 00:00:00,0.00010000,
1648800000000,2022-04-01 08:00:00,0.00010000,
1648828800018,2022-04-01 16:00:00,0.00010000,
1648857600000,2022-04-02 00:00:00,0.00010000,
1648886400002,2022-04-02 08:00:00,0.00010000,
1648915200006,2022-04-02 16:00:00,0.00010000,
1648944000018,2022-04-03 00:00:00,0.00010000,
1648972800018,2022-04-03 08:00:00,0.00010000,
1649001600015,2022-04-03 16:00:00,0.00010000,
1649030400006,2022-04-04 00:00:00,0.00010000,
1649059200000,2022-04-04 08:00:00,0.00010000,
1649088000016,2022-04-04 16:00:00,0.00010000,
1649116800000,2022-04-05 00:00:00,0.00010000,
1649145600010,2022-04-05 08:00:00,0.00010000,
1649174400008,2022-04-05 16:00:00,0.00010000,
1649203200001,2022-04-06 00:00:00,0.00010000,
1649232000021,2022-04-06 08:00:00,0.00010000,
1649260800000,2022-04-06 16:00:00,0.00010000,
1649289600009,2022-04-07 00:00:00,0.00010000,
1649318400000,2022-04-07 08:00:00,0.00010000,
1649347200000,2022-04-07 16:00:00,0.00010000,
1649376000000,2022-04-08 00:00:00,0.00010000,
1649404800004,2022-04-08 08:00:00,0.00010000,
1649433600008,2022-04-08 16:00:00,0.00010000,
1649462400008,2022-04-09 00:00:00,0.00010000,
1649491200000,2022-04-09 08:00:00,0.00010000,
1649520000001,2022-04-09 16:00:00,0.00010000,
1649548800004,2022-04-10 00:00:00,0.00010000,
1649577600007,2022-04-10 08:00:00,0.00010000,
1649606400016,2022-04-10 16:00:00,0.00010000,
1649635200000,2022-04-11 00:00:00,0.00010000,
1649664000000,2022-04-11 08:00:00,0.00010000,
1649692800009,2022-04-11 16:00:00,0.00010000,
1649721600000,2022-04-12 00:00:00,0.00010000,
1649750400006,2022-04-12 08:00:00,0.00010000,
1649779200013,2022-04-12 16:00:00,0.00010000,
1649808000005,2022-04-13 00:00:00,0.00010000,
1649836800008,2022-04-13 08:00:00,0.00010000,
1649865600013,2022-04-13 16:00:00,0.00010000,
1649894400007,2022-04-14 00:00:00,0.00010000,
1649923200000,2022-04-14 08:00:00,0.00010000,
1649952000006,2022-04-14 16:00:00,0.00010000,
1649980800008,2022-04-15 00:00:00,0.00010000,
1650009600002,2022-04-15 08:00:00,0.00008892,
1650038400000,2022-04-15 16:00:00,0.00007963,
1650067200011,2022-04-16 00:00:00,0.00010000,
1650096000007,2022-04-16 08:00:00,0.00010000,
1650124800007,2022-04-16 16:00:00,0.00009570,
1650153600000,2022-04-17 00:00:00,0.00010000,
1650182400004,2022-04-17 08:00:00,0.00010000,
1650211200000,2022-04-17 16:00:00,0.00010000,
1650240000008,2022-04-18 00:00:00,0.00010000,
1650268800012,2022-04-18 08:00:00,0.00006268,
1650297600000,2022-04-18 16:00:00,0.00010000,
1650326400021,2022-04-19 00:00:00,0.00010000,
1650355200031,2022-04-19 08:00:00,0.00010000,
1650384000000,2022-04-19 16:00:00,0.00010000,
1650412800025,2022-04-20 00:00:00,0.00010000,
1650441600003,2022-04-20 08:00:00,0.00010000,
1650470400000,2022-04-20 16:00:00,0.00010000,
1650499200000,2022-04-21 00:00:00,0.00010000,
1650528000000,2022-04-21 08:00:00,0.00010000,
1650556800024,2022-04-21 16:00:00,0.00010000,
1650585600008,2022-04-22 00:00:00,0.00010000,
1650614400008,2022-04-22 08:00:00,0.00010000,
1650643200008,2022-04-22 16:00:00,0.00010000,
1650672000000,2022-04-23 00:00:00,0.00010000,
1650700800000,2022-04-23 08:00:00,0.00010000,
1650729600012,2022-04-23 16:00:00,0.00010000,
1650758400004,2022-04-24 00:00:00,0.00010000,
1650787200003,2022-04-24 08:00:00,0.00010000,
1650816000000,2022-04-24 16:00:00,0.00010000,
1650844800008,2022-04-25 00:00:00,0.00010000,
1650873600018,2022-04-25 08:00:00,0.00010000,
1650902400000,2022-04-25 16:00:00,0.00010000,
1650931200014,2022-04-26 00:00:00,0.00010000,
1650960000000,2022-04-26 08:00:00,0.00010000,
1650988800017,2022-04-26 16:00:00,0.00010000,
1651017600012,2022-04-27 00:00:00,0.00010000,
1651046400000,2022-04-27 08:00:00,0.00010000,
1651075200002,2022-04-27 16:00:00,0.00010000,
1651104000000,2022-04-28 00:00:00,0.00010000,
1651132800004,2022-04-28 08:00:00,0.00010000,
1651161600030,2022-04-28 16:00:00,0.00010000,
1651190400000,2022-04-29 00:00:00,0.00010000,
1651219200016,2022-04-29 08:00:00,0.00010000,
1651248000010,2022-04-29 16:00:00,0.00010000,
1651276800000,2022-04-30 00:00:00,0.00010000,
1651305600005,2022-04-30 08:00:00,0.00010000,
1651334400015,2022-04-30 16:00:00,0.00010000,
1651363200000,2022-05-01 00:00:00,0.00010000,
1651392000000,2022-05-01 08:00:00,0.00010000,
1651420800010,2022-05-01 16:00:00,0.00010000,
1651449600018,2022-05-02 00:00:00,-0.00006183,
1651478400007,2022-05-02 08:00:00,0.00003606,
1651507200000,2022-05-02 16:00:00,0.00006199,
1651536000006,2022-05-03 00:00:00,0.00009837,
1651564800000,2022-05-03 08:00:00,0.00010000,
1651593600021,2022-05-03 16:00:00,-0.00003335,
1651622400007,2022-05-04 00:00:00,-0.00012479,
1651651200011,2022-05-04 08:00:00,0.00001779,
1651680000000,2022-05-04 16:00:00,0.00006487,
1651708800005,2022-05-05 00:00:00,0.00010000,
1651737600019,2022-05-05 08:00:00,0.00010000,
1651766400005,2022-05-05 16:00:00,0.00001382,
1651795200005,2022-05-06 00:00:00,-0.00005755,
1651824000001,2022-05-06 08:00:00,-0.00022781,
1651852800010,2022-05-06 16:00:00,0.00008676,
1651881600004,2022-05-07 00:00:00,-0.00013666,
1651910400016,2022-05-07 08:00:00,0.00005677,
1651939200011,2022-05-07 16:00:00,-0.00004340,
1651968000000,2022-05-08 00:00:00,0.00001261,
1651996800007,2022-05-08 08:00:00,0.00003486,
1652025600015,2022-05-08 16:00:00,0.00005263,
1652054400000,2022-05-09 00:00:00,-0.00008214,
1652083200001,2022-05-09 08:00:00,-0.00000506,
1652112000000,2022-05-09 16:00:00,-0.00006794,
1652140800000,2022-05-10 00:00:00,-0.00003917,
1652169600007,2022-05-10 08:00:00,0.00009266,
1652198400008,2022-05-10 16:00:00,0.00009156,
1652227200004,2022-05-11 00:00:00,-0.00012687,
1652256000007,2022-05-11 08:00:00,-0.00001353,
1652284800008,2022-05-11 16:00:00,-0.00009403,
1652313600014,2022-05-12 00:00:00,-0.00017586,
1652342400000,2022-05-12 08:00:00,0.00002702,
1652371200007,2022-05-12 16:00:00,0.00010000,
1652400000014,2022-05-13 00:00:00,-0.00021729,
1652428800001,2022-05-13 08:00:00,0.00007472,
1652457600000,2022-05-13 16:00:00,-0.00001669,
1652486400000,2022-05-14 00:00:00,-0.00005035,
1652515200000,2022-05-14 08:00:00,-0.00000615,
1652544000001,2022-05-14 16:00:00,0.00010000,
1652572800000,2022-05-15 00:00:00,0.00010000,
1652601600000,2022-05-15 08:00:00,-0.00000115,
1652630400000,2022-05-15 16:00:00,0.00003771,
1652659200021,2022-05-16 00:00:00,-0.00003778,
1652688000013,2022-05-16 08:00:00,0.00000008,
1652716800006,2022-05-16 16:00:00,-0.00000190,
1652745600000,2022-05-17 00:00:00,-0.00006947,
1652774400010,2022-05-17 08:00:00,0.00009067,
1652803200023,2022-05-17 16:00:00,0.00000887,
1652832000003,2022-05-18 00:00:00,-0.00002361,
1652860800024,2022-05-18 08:00:00,-0.00003960,
1652889600014,2022-05-18 16:00:00,-0.00007558,
1652918400000,2022-05-19 00:00:00,-0.00009027,
1652947200008,2022-05-19 08:00:00,-0.00003152,
1652976000015,2022-05-19 16:00:00,0.00003309,
1653004800001,2022-05-20 00:00:00,-0.00015823,
1653033600003,2022-05-20 08:00:00,0.00006901,
1653062400012,2022-05-20 16:00:00,0.00005246,
1653091200008,2022-05-21 00:00:00,-0.00008226,
1653120000001,2022-05-21 08:00:00,-0.00010795,
1653148800007,2022-05-21 16:00:00,-0.00001405,
1653177600003,2022-05-22 00:00:00,-0.00013659,
1653206400016,2022-05-22 08:00:00,0.00004885,
1653235200000,2022-05-22 16:00:00,-0.00005818,
1653264000011,2022-05-23 00:00:00,-0.00002660,
1653292800000,2022-05-23 08:00:00,0.00002054,
1653321600023,2022-05-23 16:00:00,0.00010000,
1653350400011,2022-05-24 00:00:00,-0.00004274,
1653379200000,2022-05-24 08:00:00,0.00008542,
1653408000009,2022-05-24 16:00:00,0.00000478,
1653436800001,2022-05-25 00:00:00,0.00001724,
1653465600000,2022-05-25 08:00:00,-0.00008207,
1653494400015,2022-05-25 16:00:00,-0.00023085,
1653523200005,2022-05-26 00:00:00,0.00007972,
1653552000001,2022-05-26 08:00:00,-0.00018919,
1653580800000,2022-05-26 16:00:00,-0.00001675,
1653609600007,2022-05-27 00:00:00,-0.00012693,
1653638400008,2022-05-27 08:00:00,-0.00022513,
1653667200000,2022-05-27 16:00:00,-0.00015132,
1653696000018,2022-05-28 00:00:00,-0.00028163,
1653724800016,2022-05-28 08:00:00,-0.00010516,
1653753600013,2022-05-28 16:00:00,0.00003414,
1653782400000,2022-05-29 00:00:00,-0.00033443,
1653811200025,2022-05-29 08:00:00,0.00003512,
1653840000002,2022-05-29 16:00:00,-0.00006741,
1653868800000,2022-05-30 00:00:00,-0.00008549,
1653897600013,2022-05-30 08:00:00,0.00010000,
1653926400005,2022-05-30 16:00:00,0.00010000,
1653955200016,2022-05-31 00:00:00,0.00004202,
1653984000000,2022-05-31 08:00:00,0.00010000,
1654012800000,2022-05-31 16:00:00,-0.00004001,
1654041600000,2022-06-01 00:00:00,0.00002630,
1654070400011,2022-06-01 08:00:00,0.00008367,
1654099200000,2022-06-01 16:00:00,0.00007566,
1654128000000,2022-06-02 00:00:00,-0.00028106,
1654156800006,2022-06-02 08:00:00,-0.00015885,
1654185600021,2022-06-02 16:00:00,0.00002907,
1654214400016,2022-06-03 00:00:00,0.00001149,
1654243200016,2022-06-03 08:00:00,0.00005895,
1654272000012,2022-06-03 16:00:00,0.00004051,
1654300800005,2022-06-04 00:00:00,0.00001845,
1654329600000,2022-06-04 08:00:00,0.00009222,
1654358400007,2022-06-04 16:00:00,-0.00011032,
1654387200005,2022-06-05 00:00:00,0.00006157,
1654416000015,2022-06-05 08:00:00,0.00002265,
1654444800000,2022-06-05 16:00:00,-0.00005794,
1654473600000,2022-06-06 00:00:00,0.00005141,
1654502400017,2022-06-06 08:00:00,0.00010000,
1654531200000,2022-06-06 16:00:00,0.00010000,
1654560000000,2022-06-07 00:00:00,0.00010000,
1654588800011,2022-06-07 08:00:00,0.00010000,
1654617600000,2022-06-07 16:00:00,-0.00004957,
1654646400008,2022-06-08 00:00:00,0.00010000,
1654675200020,2022-06-08 08:00:00,0.00007840,
1654704000012,2022-06-08 16:00:00,-0.00004787,
1654732800000,2022-06-09 00:00:00,0.00007276,
1654761600000,2022-06-09 08:00:00,0.00010000,
1654790400000,2022-06-09 16:00:00,0.00010000,
1654819200009,2022-06-10 00:00:00,0.00010000,
1654848000000,2022-06-10 08:00:00,0.00008518,
1654876800006,2022-06-10 16:00:00,0.00010000,
1654905600018,2022-06-11 00:00:00,0.00009737,
1654934400014,2022-06-11 08:00:00,-0.00002610,
1654963200000,2022-06-11 16:00:00,-0.00007451,
1654992000015,2022-06-12 00:00:00,-0.00041935,
1655020800019,2022-06-12 08:00:00,-0.00012977,
1655049600010,2022-06-12 16:00:00,-0.00002456,
1655078400009,2022-06-13 00:00:00,-0.00000419,
1655107200000,2022-06-13 08:00:00,-0.00021504,
1655136000007,2022-06-13 16:00:00,-0.00004009,
1655164800013,2022-06-14 00:00:00,-0.00007288,
1655193600008,2022-06-14 08:00:00,0.00000468,
1655222400006,2022-06-14 16:00:00,-0.00005920,
1655251200000,2022-06-15 00:00:00,0.00001818,
1655280000016,2022-06-15 08:00:00,-0.00020093,
1655308800008,2022-06-15 16:00:00,0.00006008,
1655337600009,2022-06-16 00:00:00,0.00010000,
1655366400016,2022-06-16 08:00:00,-0.00042502,
1655395200000,2022-06-16 16:00:00,-0.00017142,
1655424000008,2022-06-17 00:00:00,0.00000703,
1655452800003,2022-06-17 08:00:00,-0.00010560,
1655481600000,2022-06-17 16:00:00,-0.00024814,
1655510400020,2022-06-18 00:00:00,-0.00011858,
1655539200025,2022-06-18 08:00:00,-0.00010840,
1655568000014,2022-06-18 16:00:00,0.00006170,
1655596800012,2022-06-19 00:00:00,0.00010000,
1655625600012,2022-06-19 08:00:00,0.00007694,
1655654400008,2022-06-19 16:00:00,0.00010000,
1655683200016,2022-06-20 00:00:00,0.00010000,
1655712000000,2022-06-20 08:00:00,0.00010000,
1655740800013,2022-06-20 16:00:00,0.00010000,
1655769600012,2022-06-21 00:00:00,0.00010000,
1655798400018,2022-06-21 08:00:00,0.00010000,
1655827200010,2022-06-21 16:00:00,0.00002209,
1655856000000,2022-06-22 00:00:00,0.00010000,
1655884800001,2022-06-22 08:00:00,-0.00000247,
1655913600012,2022-06-22 16:00:00,0.00002717,
1655942400000,2022-06-23 00:00:00,0.00005240,
1655971200000,2022-06-23 08:00:00,0.00010000,
1656000000016,2022-06-23 16:00:00,0.00010000,
1656028800005,2022-06-24 00:00:00,0.00010000,
1656057600004,2022-06-24 08:00:00,0.00004912,
1656086400018,2022-06-24 16:00:00,0.00010000,
1656115200001,2022-06-25 00:00:00,0.00010000,
1656144000010,2022-06-25 08:00:00,0.00010000,
1656172800000,2022-06-25 16:00:00,0.00010000,
1656201600002,2022-06-26 00:00:00,0.00004632,
1656230400016,2022-06-26 08:00:00,0.00010000,
1656259200006,2022-06-26 16:00:00,0.00004075,
1656288000008,2022-06-27 00:00:00,0.00010000,
1656316800000,2022-06-27 08:00:00,0.00010000,
1656345600016,2022-06-27 16:00:00,0.00010000,
1656374400016,2022-06-28 00:00:00,0.00006834,
1656403200001,2022-06-28 08:00:00,-0.00000701,
1656432000005,2022-06-28 16:00:00,-0.00015541,
1656460800000,2022-06-29 00:00:00,0.00010000,
1656489600013,2022-06-29 08:00:00,-0.00013871,
1656518400000,2022-06-29 16:00:00,0.00001403,
1656547200000,2022-06-30 00:00:00,-0.00003159,
1656576000000,2022-06-30 08:00:00,-0.00023187,
1656604800000,2022-06-30 16:00:00,-0.00025936,
1656633600001,2022-07-01 00:00:00,-0.00015804,
1656662400017,2022-07-01 08:00:00,0.00004033,
1656691200005,2022-07-01 16:00:00,0.00007893,
1656720000000,2022-07-02 00:00:00,-0.00021621,
1656748800000,2022-07-02 08:00:00,-0.00002626,
1656777600008,2022-07-02 16:00:00,-0.00011991,
1656806400015,2022-07-03 00:00:00,0.00001285,
1656835200004,2022-07-03 08:00:00,0.00002306,
1656864000005,2022-07-03 16:00:00,0.00001028,
1656892800021,2022-07-04 00:00:00,0.00010000,
1656921600001,2022-07-04 08:00:00,0.00000554,
1656950400000,2022-07-04 16:00:00,-0.00005793,
1656979200000,2022-07-05 00:00:00,0.00010000,
1657008000000,2022-07-05 08:00:00,0.00010000,
1657036800015,2022-07-05 16:00:00,0.00010000,
1657065600006,2022-07-06 00:00:00,0.00001146,
1657094400000,2022-07-06 08:00:00,0.00001169,
1657123200000,2022-07-06 16:00:00,0.00010000,
1657152000010,2022-07-07 00:00:00,0.00010000,
1657180800010,2022-07-07 08:00:00,0.00010000,
1657209600011,2022-07-07 16:00:00,0.00009335,
1657238400008,2022-07-08 00:00:00,0.00010000,
1657267200009,2022-07-08 08:00:00,0.00010000,
1657296000000,2022-07-08 16:00:00,0.00010000,
1657324800000,2022-07-09 00:00:00,0.00010000,
1657353600000,2022-07-09 08:00:00,0.00010000,
1657382400009,2022-07-09 16:00:00,0.00010000,
1657411200001,2022-07-10 00:00:00,0.00010000,
1657440000002,2022-07-10 08:00:00,0.00010000,
1657468800001,2022-07-10 16:00:00,0.00010000,
1657497600000,2022-07-11 00:00:00,-0.00000995,
1657526400003,2022-07-11 08:00:00,0.00010000,
1657555200001,2022-07-11 16:00:00,0.00002456,
1657584000000,2022-07-12 00:00:00,0.00000427,
1657612800021,2022-07-12 08:00:00,0.00010000,
1657641600000,2022-07-12 16:00:00,0.00010000,
1657670400012,2022-07-13 00:00:00,-0.00011666,
1657699200022,2022-07-13 08:00:00,0.00006836,
1657728000005,2022-07-13 16:00:00,-0.00006117,
1657756800017,2022-07-14 00:00:00,-0.00001167,
1657785600001,2022-07-14 08:00:00,0.00010000,
1657814400000,2022-07-14 16:00:00,0.00001079,
1657843200004,2022-07-15 00:00:00,0.00010000,
1657872000019,2022-07-15 08:00:00,0.00010000,
1657900800017,2022-07-15 16:00:00,-0.00014548,
1657929600021,2022-07-16 00:00:00,-0.00008606,
1657958400014,2022-07-16 08:00:00,-0.00007884,
1657987200005,2022-07-16 16:00:00,0.00005901,
1658016000000,2022-07-17 00:00:00,0.00010000,
1658044800003,2022-07-17 08:00:00,0.00010000,
1658073600007,2022-07-17 16:00:00,-0.00046095,
1658102400001,2022-07-18 00:00:00,-0.00005730,
1658131200004,2022-07-18 08:00:00,0.00010000,
1658160000019,2022-07-18 16:00:00,0.00010000,
1658188800000,2022-07-19 00:00:00,0.00010000,
1658217600000,2022-07-19 08:00:00,0.00010000,
1658246400001,2022-07-19 16:00:00,0.00010000,
1658275200004,2022-07-20 00:00:00,0.00010000,
1658304000000,2022-07-20 08:00:00,0.00010000,
1658332800003,2022-07-20 16:00:00,0.00010000,
1658361600000,2022-07-21 00:00:00,0.00010000,
1658390400018,2022-07-21 08:00:00,0.00010000,
1658419200011,2022-07-21 16:00:00,0.00010000,
1658448000014,2022-07-22 00:00:00,0.00007108,
1658476800000,2022-07-22 08:00:00,0.00010000,
1658505600000,2022-07-22 16:00:00,0.00010000,
1658534400004,2022-07-23 00:00:00,0.00009295,
1658563200002,2022-07-23 08:00:00,0.00010000,
1658592000001,2022-07-23 16:00:00,0.00008672,
1658620800000,2022-07-24 00:00:00,0.00010000,
1658649600011,2022-07-24 08:00:00,0.00010000,
1658678400000,2022-07-24 16:00:00,0.00010000,
1658707200000,2022-07-25 00:00:00,0.00010000,
1658736000014,2022-07-25 08:00:00,0.00010000,
1658764800006,2022-07-25 16:00:00,0.00010000,
1658793600010,2022-07-26 00:00:00,-0.00010291,
1658822400000,2022-07-26 08:00:00,0.00003865,
1658851200000,2022-07-26 16:00:00,0.00001074,
1658880000008,2022-07-27 00:00:00,0.00010000,
1658908800000,2022-07-27 08:00:00,-0.00000276,
1658937600003,2022-07-27 16:00:00,-0.00000997,
1658966400009,2022-07-28 00:00:00,0.00010000,
1658995200008,2022-07-28 08:00:00,0.00010000,
1659024000013,2022-07-28 16:00:00,0.00009489,
1659052800000,2022-07-29 00:00:00,0.00010000,
1659081600000,2022-07-29 08:00:00,0.00010000,
1659110400000,2022-07-29 16:00:00,0.00010000,
1659139200005,2022-07-30 00:00:00,0.00010000,
1659168000009,2022-07-30 08:00:00,0.00010000,
1659196800000,2022-07-30 16:00:00,0.00010000,
1659225600022,2022-07-31 00:00:00,0.00010000,
1659254400011,2022-07-31 08:00:00,0.00010000,
1659283200019,2022-07-31 16:00:00,0.00010000,
1659312000010,2022-08-01 00:00:00,0.00010000,
1659340800019,2022-08-01 08:00:00,0.00010000,
1659369600017,2022-08-01 16:00:00,0.00010000,
1659398400000,2022-08-02 00:00:00,0.00010000,
1659427200007,2022-08-02 08:00:00,0.00010000,
1659456000014,2022-08-02 16:00:00,0.00010000,
1659484800001,2022-08-03 00:00:00,0.00010000,
1659513600020,2022-08-03 08:00:00,0.00010000,
1659542400008,2022-08-03 16:00:00,0.00010000,
1659571200001,2022-08-04 00:00:00,0.00008726,
1659600000009,2022-08-04 08:00:00,0.00002474,
1659628800015,2022-08-04 16:00:00,0.00010000,
1659657600005,2022-08-05 00:00:00,0.00010000,
1659686400000,2022-08-05 08:00:00,0.00010000,
1659715200000,2022-08-05 16:00:00,0.00010000,
1659744000021,2022-08-06 00:00:00,0.00010000,
1659772800000,2022-08-06 08:00:00,0.00010000,
1659801600015,2022-08-06 16:00:00,0.00010000,
1659830400013,2022-08-07 00:00:00,0.00010000,
1659859200000,2022-08-07 08:00:00,0.00010000,
1659888000014,2022-08-07 16:00:00,0.00010000,
1659916800009,2022-08-08 00:00:00,0.00010000,
1659945600006,2022-08-08 08:00:00,0.00010000,
1659974400000,2022-08-08 16:00:00,0.00010000,
1660003200020,2022-08-09 00:00:00,0.00010000,
1660032000000,2022-08-09 08:00:00,0.00010000,
1660060800000,2022-08-09 16:00:00,0.00010000,
1660089600000,2022-08-10 00:00:00,0.00010000,
1660118400016,2022-08-10 08:00:00,0.00010000,
1660147200018,2022-08-10 16:00:00,0.00010000,
1660176000012,2022-08-11 00:00:00,0.00010000,
1660204800000,2022-08-11 08:00:00,0.00010000,
1660233600000,2022-08-11 16:00:00,0.00010000,
1660262400006,2022-08-12 00:00:00,0.00010000,
1660291200000,2022-08-12 08:00:00,0.00010000,
1660320000005,2022-08-12 16:00:00,0.00010000,
1660348800012,2022-08-13 00:00:00,0.00010000,
1660377600006,2022-08-13 08:00:00,0.00010000,
1660406400018,2022-08-13 16:00:00,0.00010000,
1660435200000,2022-08-14 00:00:00,0.00010000,
1660464000000,2022-08-14 08:00:00,0.00010000,
1660492800000,2022-08-14 16:00:00,0.00010000,
1660521600010,2022-08-15 00:00:00,0.00010000,
1660550400002,2022-08-15 08:00:00,0.00010000,
1660579200010,2022-08-15 16:00:00,0.00010000,
1660608000010,2022-08-16 00:00:00,0.00010000,
1660636800002,2022-08-16 08:00:00,0.00002957,
1660665600000,2022-08-16 16:00:00,0.00010000,
1660694400020,2022-08-17 00:00:00,0.00010000,
1660723200016,2022-08-17 08:00:00,0.00010000,
1660752000001,2022-08-17 16:00:00,0.00010000,
1660780800005,2022-08-18 00:00:00,-0.00016652,
1660809600012,2022-08-18 08:00:00,-0.00002002,
1660838400013,2022-08-18 16:00:00,0.00010000,
1660867200000,2022-08-19 00:00:00,0.00010000,
1660896000000,2022-08-19 08:00:00,0.00010000,
1660924800009,2022-08-19 16:00:00,0.00000700,
1660953600000,2022-08-20 00:00:00,-0.00001227,
1660982400005,2022-08-20 08:00:00,-0.00000427,
1661011200000,2022-08-20 16:00:00,-0.00008202,
1661040000010,2022-08-21 00:00:00,-0.00006442,
1661068800013,2022-08-21 08:00:00,-0.00095486,
1661097600000,2022-08-21 16:00:00,-0.00031658,
1661126400011,2022-08-22 00:00:00,-0.00131639,
1661155200005,2022-08-22 08:00:00,0.00006634,
1661184000005,2022-08-22 16:00:00,0.00010000,
1661212800000,2022-08-23 00:00:00,0.00010000,
1661241600021,2022-08-23 08:00:00,0.00010000,
1661270400005,2022-08-23 16:00:00,0.00010000,
1661299200017,2022-08-24 00:00:00,0.00010000,
1661328000021,2022-08-24 08:00:00,0.00010000,
1661356800000,2022-08-24 16:00:00,0.00010000,
1661385600003,2022-08-25 00:00:00,0.00010000,
1661414400000,2022-08-25 08:00:00,0.00010000,
1661443200004,2022-08-25 16:00:00,0.00010000,
1661472000001,2022-08-26 00:00:00,0.00010000,
1661500800004,2022-08-26 08:00:00,0.00010000,
1661529600000,2022-08-26 16:00:00,0.00010000,
1661558400010,2022-08-27 00:00:00,0.00010000,
1661587200007,2022-08-27 08:00:00,0.00010000,
1661616000008,2022-08-27 16:00:00,0.00010000,
1661644800019,2022-08-28 00:00:00,0.00007129,
1661673600000,2022-08-28 08:00:00,0.00007937,
1661702400000,2022-08-28 16:00:00,0.00003733,
1661731200000,2022-08-29 00:00:00,-0.00002441,
1661760000000,2022-08-29 08:00:00,0.00010000,
1661788800001,2022-08-29 16:00:00,0.00010000,
1661817600001,2022-08-30 00:00:00,0.00010000,
1661846400005,2022-08-30 08:00:00,0.00010000,
1661875200010,2022-08-30 16:00:00,0.00010000,
1661904000000,2022-08-31 00:00:00,0.00010000,
1661932800005,2022-08-31 08:00:00,0.00010000,
1661961600013,2022-08-31 16:00:00,0.00007768,
1661990400012,2022-09-01 00:00:00,0.00010000,
1662019200000,2022-09-01 08:00:00,0.00010000,
1662048000013,2022-09-01 16:00:00,0.00010000,
1662076800002,2022-09-02 00:00:00,0.00010000,
1662105600013,2022-09-02 08:00:00,0.00010000,
1662134400000,2022-09-02 16:00:00,0.00010000,
1662163200000,2022-09-03 00:00:00,0.00008348,
1662192000002,2022-09-03 08:00:00,0.00010000,
1662220800007,2022-09-03 16:00:00,0.00010000,
1662249600008,2022-09-04 00:00:00,0.00010000,
1662278400009,2022-09-04 08:00:00,-0.00026572,
1662307200000,2022-09-04 16:00:00,0.00010000,
1662336000015,2022-09-05 00:00:00,0.00010000,
1662364800013,2022-09-05 08:00:00,0.00001453,
1662393600007,2022-09-05 16:00:00,0.00010000,
1662422400018,2022-09-06 00:00:00,0.00010000,
1662451200020,2022-09-06 08:00:00,0.00010000,
1662480000028,2022-09-06 16:00:00,0.00010000,
1662508800013,2022-09-07 00:00:00,0.00010000,
1662537600022,2022-09-07 08:00:00,0.00003651,
1662566400021,2022-09-07 16:00:00,0.00007896,
1662595200010,2022-09-08 00:00:00,0.00010000,
1662624000000,2022-09-08 08:00:00,0.00010000,
1662652800003,2022-09-08 16:00:00,0.00010000,
1662681600011,2022-09-09 00:00:00,0.00010000,
1662710400000,2022-09-09 08:00:00,0.00010000,
1662739200000,2022-09-09 16:00:00,0.00010000,
1662768000003,2022-09-10 00:00:00,0.00010000,
1662796800000,2022-09-10 08:00:00,0.00010000,
1662825600012,2022-09-10 16:00:00,0.00010000,
1662854400009,2022-09-11 00:00:00,0.00010000,
1662883200012,2022-09-11 08:00:00,0.00010000,
1662912000005,2022-09-11 16:00:00,0.00010000,
1662940800007,2022-09-12 00:00:00,0.00010000,
1662969600013,2022-09-12 08:00:00,0.00010000,
1662998400000,2022-09-12 16:00:00,0.00010000,
1663027200004,2022-09-13 00:00:00,0.00010000,
1663056000000,2022-09-13 08:00:00,0.00010000,
1663084800000,2022-09-13 16:00:00,0.00010000,
1663113600000,2022-09-14 00:00:00,-0.00005382,
1663142400000,2022-09-14 08:00:00,0.00004815,
1663171200000,2022-09-14 16:00:00,-0.00017506,
1663200000019,2022-09-15 00:00:00,0.00007878,
1663228800012,2022-09-15 08:00:00,-0.00000926,
1663257600007,2022-09-15 16:00:00,0.00007862,
1663286400000,2022-09-16 00:00:00,0.00002359,
1663315200000,2022-09-16 08:00:00,0.00010000,
1663344000000,2022-09-16 16:00:00,0.00002535,
1663372800000,2022-09-17 00:00:00,-0.00010589,
1663401600012,2022-09-17 08:00:00,0.00010000,
1663430400017,2022-09-17 16:00:00,-0.00001166,
1663459200000,2022-09-18 00:00:00,0.00010000,
1663488000004,2022-09-18 08:00:00,0.00010000,
1663516800000,2022-09-18 16:00:00,0.00007505,
1663545600018,2022-09-19 00:00:00,0.00005006,
1663574400006,2022-09-19 08:00:00,0.00007132,
1663603200010,2022-09-19 16:00:00,0.00010000,
1663632000007,2022-09-20 00:00:00,-0.00005152,
1663660800001,2022-09-20 08:00:00,0.00001662,
1663689600000,2022-09-20 16:00:00,-0.00001975,
1663718400001,2022-09-21 00:00:00,0.00007429,
1663747200005,2022-09-21 08:00:00,0.00010000,
1663776000000,2022-09-21 16:00:00,0.00010000,
1663804800000,2022-09-22 00:00:00,0.00010000,
1663833600000,2022-09-22 08:00:00,0.00010000,
1663862400011,2022-09-22 16:00:00,0.00010000,
1663891200023,2022-09-23 00:00:00,0.00010000,
1663920000004,2022-09-23 08:00:00,0.00010000,
1663948800005,2022-09-23 16:00:00,0.00010000,
1663977600000,2022-09-24 00:00:00,0.00010000,
1664006400005,2022-09-24 08:00:00,0.00010000,
1664035200000,2022-09-24 16:00:00,0.00003123,
1664064000010,2022-09-25 00:00:00,0.00010000,
1664092800000,2022-09-25 08:00:00,0.00010000,
1664121600003,2022-09-25 16:00:00,-0.00013321,
1664150400001,2022-09-26 00:00:00,0.00004037,
1664179200006,2022-09-26 08:00:00,0.00005675,
1664208000000,2022-09-26 16:00:00,0.00003844,
1664236800026,2022-09-27 00:00:00,0.00006429,
1664265600004,2022-09-27 08:00:00,0.00010000,
1664294400006,2022-09-27 16:00:00,0.00010000,
1664323200011,2022-09-28 00:00:00,0.00005172,
1664352000000,2022-09-28 08:00:00,-0.00002396,
1664380800000,2022-09-28 16:00:00,0.00010000,
1664409600010,2022-09-29 00:00:00,0.00010000,
1664438400000,2022-09-29 08:00:00,0.00010000,
1664467200000,2022-09-29 16:00:00,0.00010000,
1664496000006,2022-09-30 00:00:00,0.00010000,
1664524800002,2022-09-30 08:00:00,0.00005654,
1664553600007,2022-09-30 16:00:00,0.00010000,
1664582400008,2022-10-01 00:00:00,0.00010000,
1664611200011,2022-10-01 08:00:00,0.00010000,
1664640000000,2022-10-01 16:00:00,0.00010000,
1664668800000,2022-10-02 00:00:00,0.00010000,
1664697600000,2022-10-02 08:00:00,0.00010000,
1664726400006,2022-10-02 16:00:00,0.00010000,
1664755200000,2022-10-03 00:00:00,0.00010000,
1664784000014,2022-10-03 08:00:00,0.00010000,
1664812800010,2022-10-03 16:00:00,0.00010000,
1664841600006,2022-10-04 00:00:00,0.00010000,
1664870400004,2022-10-04 08:00:00,0.00010000,
1664899200013,2022-10-04 16:00:00,0.00010000,
1664928000000,2022-10-05 00:00:00,0.00010000,
1664956800000,2022-10-05 08:00:00,0.00010000,
1664985600012,2022-10-05 16:00:00,0.00010000,
1665014400008,2022-10-06 00:00:00,0.00010000,
1665043200002,2022-10-06 08:00:00,0.00010000,
1665072000006,2022-10-06 16:00:00,0.00010000,
1665100800000,2022-10-07 00:00:00,0.00010000,
1665129600000,2022-10-07 08:00:00,0.00010000,
1665158400007,2022-10-07 16:00:00,0.00010000,
1665187200010,2022-10-08 00:00:00,0.00010000,
1665216000004,2022-10-08 08:00:00,0.00010000,
1665244800018,2022-10-08 16:00:00,0.00010000,
1665273600000,2022-10-09 00:00:00,0.00010000,
1665302400007,2022-10-09 08:00:00,0.00010000,
1665331200011,2022-10-09 16:00:00,0.00010000,
1665360000018,2022-10-10 00:00:00,0.00010000,
1665388800000,2022-10-10 08:00:00,0.00010000,
1665417600026,2022-10-10 16:00:00,0.00010000,
1665446400020,2022-10-11 00:00:00,0.00010000,
1665475200027,2022-10-11 08:00:00,0.00010000,
1665504000000,2022-10-11 16:00:00,0.00010000,
1665532800014,2022-10-12 00:00:00,0.00010000,
1665561600000,2022-10-12 08:00:00,0.00010000,
1665590400000,2022-10-12 16:00:00,0.00010000,
1665619200013,2022-10-13 00:00:00,0.00010000,
1665648000016,2022-10-13 08:00:00,0.00010000,
1665676800009,2022-10-13 16:00:00,0.00010000,
1665705600020,2022-10-14 00:00:00,0.00010000,
1665734400000,2022-10-14 08:00:00,0.00010000,
1665763200009,2022-10-14 16:00:00,0.00002752,
1665792000001,2022-10-15 00:00:00,0.00010000,
1665820800005,2022-10-15 08:00:00,0.00006918,
1665849600004,2022-10-15 16:00:00,-0.00007639,
1665878400012,2022-10-16 00:00:00,0.00000751,
1665907200000,2022-10-16 08:00:00,-0.00006101,
1665936000010,2022-10-16 16:00:00,0.00007879,
1665964800012,2022-10-17 00:00:00,0.00005826,
1665993600010,2022-10-17 08:00:00,-0.00000999,
1666022400017,2022-10-17 16:00:00,0.00001974,
1666051200010,2022-10-18 00:00:00,0.00010000,
1666080000008,2022-10-18 08:00:00,0.00010000,
1666108800000,2022-10-18 16:00:00,0.00010000,
1666137600007,2022-10-19 00:00:00,0.00010000,
1666166400022,2022-10-19 08:00:00,0.00010000,
1666195200016,2022-10-19 16:00:00,0.00010000,
1666224000000,2022-10-20 00:00:00,0.00010000,
1666252800013,2022-10-20 08:00:00,0.00010000,
1666281600000,2022-10-20 16:00:00,0.00010000,
1666310400005,2022-10-21 00:00:00,0.00010000,
1666339200018,2022-10-21 08:00:00,0.00010000,
1666368000000,2022-10-21 16:00:00,0.00010000,
1666396800000,2022-10-22 00:00:00,0.00010000,
1666425600015,2022-10-22 08:00:00,0.00010000,
1666454400000,2022-10-22 16:00:00,0.00010000,
1666483200025,2022-10-23 00:00:00,0.00010000,
1666512000000,2022-10-23 08:00:00,0.00010000,
1666540800004,2022-10-23 16:00:00,0.00010000,
1666569600009,2022-10-24 00:00:00,0.00010000,
1666598400012,2022-10-24 08:00:00,0.00010000,
1666627200002,2022-10-24 16:00:00,0.00008613,
1666656000013,2022-10-25 00:00:00,0.00010000,
1666684800013,2022-10-25 08:00:00,0.00010000,
1666713600000,2022-10-25 16:00:00,0.00010000,
1666742400006,2022-10-26 00:00:00,0.00010000,
1666771200013,2022-10-26 08:00:00,0.00010000,
1666800000000,2022-10-26 16:00:00,0.00010000,
1666828800009,2022-10-27 00:00:00,0.00010000,
1666857600006,2022-10-27 08:00:00,0.00010000,
1666886400009,2022-10-27 16:00:00,0.00010000,
1666915200000,2022-10-28 00:00:00,0.00010000,
1666944000000,2022-10-28 08:00:00,0.00010000,
1666972800007,2022-10-28 16:00:00,0.00010000,
1667001600000,2022-10-29 00:00:00,-0.00009796,
1667030400003,2022-10-29 08:00:00,-0.00062482,
1667059200010,2022-10-29 16:00:00,0.00010000,
1667088000000,2022-10-30 00:00:00,0.00001428,
1667116800013,2022-10-30 08:00:00,0.00010000,
1667145600009,2022-10-30 16:00:00,0.00010000,
1667174400012,2022-10-31 00:00:00,0.00010000,
1667203200000,2022-10-31 08:00:00,0.00010000,
1667232000010,2022-10-31 16:00:00,0.00010000,
1667260800000,2022-11-01 00:00:00,0.00010000,
1667289600000,2022-11-01 08:00:00,0.00010000,
1667318400000,2022-11-01 16:00:00,0.00010000,
1667347200000,2022-11-02 00:00:00,0.00009872,
1667376000000,2022-11-02 08:00:00,0.00010000,
1667404800019,2022-11-02 16:00:00,0.00001189,
1667433600011,2022-11-03 00:00:00,0.00008333,
1667462400016,2022-11-03 08:00:00,-0.00005241,
1667491200005,2022-11-03 16:00:00,0.00008029,
1667520000000,2022-11-04 00:00:00,0.00005880,
1667548800004,2022-11-04 08:00:00,0.00010000,
1667577600020,2022-11-04 16:00:00,0.00010000,
1667606400009,2022-11-05 00:00:00,-0.00006881,
1667635200007,2022-11-05 08:00:00,0.00010000,
1667664000018,2022-11-05 16:00:00,0.00010000,
1667692800009,2022-11-06 00:00:00,0.00010000,
1667721600000,2022-11-06 08:00:00,0.00010000,
1667750400010,2022-11-06 16:00:00,0.00010000,
1667779200012,2022-11-07 00:00:00,0.00003751,
1667808000014,2022-11-07 08:00:00,0.00008071,
1667836800006,2022-11-07 16:00:00,0.00010000,
1667865600000,2022-11-08 00:00:00,0.00003745,
1667894400001,2022-11-08 08:00:00,0.00003154,
1667923200005,2022-11-08 16:00:00,0.00002019,
1667952000000,2022-11-09 00:00:00,-0.00005917,
1667980800013,2022-11-09 08:00:00,-0.00007253,
1668009600004,2022-11-09 16:00:00,-0.00000765,
1668038400006,2022-11-10 00:00:00,-0.00006772,
1668067200000,2022-11-10 08:00:00,-0.00003251,
1668096000015,2022-11-10 16:00:00,0.00010000,
1668124800000,2022-11-11 00:00:00,0.00010000,
1668153600015,2022-11-11 08:00:00,0.00010000,
1668182400027,2022-11-11 16:00:00,0.00007238,
1668211200007,2022-11-12 00:00:00,0.00010000,
1668240000016,2022-11-12 08:00:00,-0.00007982,
1668268800000,2022-11-12 16:00:00,0.00010000,
1668297600004,2022-11-13 00:00:00,0.00010000,
1668326400000,2022-11-13 08:00:00,0.00010000,
1668355200017,2022-11-13 16:00:00,0.00010000,
1668384000000,2022-11-14 00:00:00,0.00010000,
1668412800000,2022-11-14 08:00:00,0.00010000,
1668441600000,2022-11-14 16:00:00,0.00010000,
1668470400014,2022-11-15 00:00:00,0.00010000,
1668499200009,2022-11-15 08:00:00,-0.00007502,
1668528000010,2022-11-15 16:00:00,0.00010000,
1668556800011,2022-11-16 00:00:00,0.00010000,
1668585600004,2022-11-16 08:00:00,0.00010000,
1668614400008,2022-11-16 16:00:00,0.00010000,
1668643200000,2022-11-17 00:00:00,0.00010000,
1668672000000,2022-11-17 08:00:00,0.00010000,
1668700800006,2022-11-17 16:00:00,0.00010000,
1668729600004,2022-11-18 00:00:00,0.00000870,
1668758400016,2022-11-18 08:00:00,0.00010000,
1668787200000,2022-11-18 16:00:00,0.00009763,
1668816000000,2022-11-19 00:00:00,0.00010000,
1668844800004,2022-11-19 08:00:00,0.00000857,
1668873600024,2022-11-19 16:00:00,0.00010000,
1668902400015,2022-11-20 00:00:00,0.00010000,
1668931200004,2022-11-20 08:00:00,0.00010000,
1668960000000,2022-11-20 16:00:00,0.00010000,
1668988800006,2022-11-21 00:00:00,0.00010000,
1669017600015,2022-11-21 08:00:00,0.00010000,
1669046400000,2022-11-21 16:00:00,0.00010000,
1669075200000,2022-11-22 00:00:00,0.00010000,
1669104000000,2022-11-22 08:00:00,0.00010000,
1669132800000,2022-11-22 16:00:00,0.00010000,
1669161600000,2022-11-23 00:00:00,0.00010000,
1669190400011,2022-11-23 08:00:00,0.00010000,
1669219200014,2022-11-23 16:00:00,0.00010000,
1669248000007,2022-11-24 00:00:00,0.00010000,
1669276800014,2022-11-24 08:00:00,0.00010000,
1669305600013,2022-11-24 16:00:00,0.00010000,
1669334400004,2022-11-25 00:00:00,0.00010000,
1669363200015,2022-11-25 08:00:00,0.00010000,
1669392000000,2022-11-25 16:00:00,0.00010000,
1669420800011,2022-11-26 00:00:00,0.00009547,
1669449600000,2022-11-26 08:00:00,0.00006897,
1669478400000,2022-11-26 16:00:00,0.00005609,
1669507200012,2022-11-27 00:00:00,0.00000325,
1669536000000,2022-11-27 08:00:00,0.00010000,
1669564800003,2022-11-27 16:00:00,0.00008622,
1669593600015,2022-11-28 00:00:00,0.00008790,
1669622400004,2022-11-28 08:00:00,0.00010000,
1669651200011,2022-11-28 16:00:00,0.00010000,
1669680000000,2022-11-29 00:00:00,0.00010000,
1669708800015,2022-11-29 08:00:00,0.00003884,
1669737600000,2022-11-29 16:00:00,-0.00003503,
1669766400007,2022-11-30 00:00:00,-0.00012420,
1669795200000,2022-11-30 08:00:00,0.00010000,
1669824000015,2022-11-30 16:00:00,0.00006773,
1669852800001,2022-12-01 00:00:00,0.00010000,
1669881600006,2022-12-01 08:00:00,0.00010000,
1669910400000,2022-12-01 16:00:00,0.00007478,
1669939200001,2022-12-02 00:00:00,0.00010000,
1669968000016,2022-12-02 08:00:00,0.00010000,
1669996800017,2022-12-02 16:00:00,-0.00004783,
1670025600006,2022-12-03 00:00:00,0.00006903,
1670054400000,2022-12-03 08:00:00,0.00010000,
1670083200011,2022-12-03 16:00:00,0.00010000,
1670112000006,2022-12-04 00:00:00,0.00009174,
1670140800000,2022-12-04 08:00:00,0.00005375,
1670169600006,2022-12-04 16:00:00,0.00010000,
1670198400002,2022-12-05 00:00:00,0.00010000,
1670227200011,2022-12-05 08:00:00,0.00010000,
1670256000008,2022-12-05 16:00:00,0.00010000,
1670284800014,2022-12-06 00:00:00,0.00010000,
1670313600027,2022-12-06 08:00:00,0.00000556,
1670342400009,2022-12-06 16:00:00,0.00006214,
1670371200000,2022-12-07 00:00:00,-0.00019560,
1670400000000,2022-12-07 08:00:00,0.00007734,
1670428800000,2022-12-07 16:00:00,0.00004789,
1670457600006,2022-12-08 00:00:00,0.00010000,
1670486400000,2022-12-08 08:00:00,-0.00006146,
1670515200014,2022-12-08 16:00:00,0.00001821,
1670544000017,2022-12-09 00:00:00,0.00007035,
1670572800005,2022-12-09 08:00:00,-0.00003381,
1670601600000,2022-12-09 16:00:00,0.00001547,
1670630400009,2022-12-10 00:00:00,0.00008661,
1670659200010,2022-12-10 08:00:00,0.00010000,
1670688000001,2022-12-10 16:00:00,0.00008714,
1670716800011,2022-12-11 00:00:00,0.00007427,
1670745600007,2022-12-11 08:00:00,0.00000423,
1670774400011,2022-12-11 16:00:00,0.00009774,
1670803200000,2022-12-12 00:00:00,-0.00012334,
1670832000004,2022-12-12 08:00:00,-0.00004176,
1670860800000,2022-12-12 16:00:00,-0.00009582,
1670889600000,2022-12-13 00:00:00,-0.00013633,
1670918400018,2022-12-13 08:00:00,0.00010000,
1670947200011,2022-12-13 16:00:00,0.00007498,
1670976000010,2022-12-14 00:00:00,0.00010000,
1671004800015,2022-12-14 08:00:00,0.00010000,
1671033600004,2022-12-14 16:00:00,0.00010000,
1671062400000,2022-12-15 00:00:00,0.00010000,
1671091200023,2022-12-15 08:00:00,0.00001383,
1671120000010,2022-12-15 16:00:00,0.00010000,
1671148800016,2022-12-16 00:00:00,0.00004549,
1671177600011,2022-12-16 08:00:00,-0.00002838,
1671206400001,2022-12-16 16:00:00,0.00010000,
1671235200001,2022-12-17 00:00:00,-0.00008591,
1671264000011,2022-12-17 08:00:00,-0.00029115,
1671292800011,2022-12-17 16:00:00,-0.00016339,
1671321600008,2022-12-18 00:00:00,-0.00017621,
1671350400001,2022-12-18 08:00:00,-0.00012164,
1671379200012,2022-12-18 16:00:00,-0.00014736,
1671408000000,2022-12-19 00:00:00,-0.00003221,
1671436800000,2022-12-19 08:00:00,-0.00013109,
1671465600000,2022-12-19 16:00:00,-0.00007026,
1671494400005,2022-12-20 00:00:00,0.00010000,
1671523200016,2022-12-20 08:00:00,0.00010000,
1671552000000,2022-12-20 16:00:00,0.00010000,
1671580800007,2022-12-21 00:00:00,0.00010000,
1671609600012,2022-12-21 08:00:00,0.00010000,
1671638400017,2022-12-21 16:00:00,0.00010000,
1671667200004,2022-12-22 00:00:00,0.00010000,
1671696000000,2022-12-22 08:00:00,0.00010000,
1671724800001,2022-12-22 16:00:00,0.00008090,
1671753600018,2022-12-23 00:00:00,0.00010000,
1671782400000,2022-12-23 08:00:00,-0.00004273,
1671811200000,2022-12-23 16:00:00,0.00010000,
1671840000001,2022-12-24 00:00:00,0.00010000,
1671868800007,2022-12-24 08:00:00,-0.00007883,
1671897600008,2022-12-24 16:00:00,0.00010000,
1671926400000,2022-12-25 00:00:00,-0.00038352,
1671955200013,2022-12-25 08:00:00,0.00010000,
1671984000000,2022-12-25 16:00:00,-0.00023270,
1672012800001,2022-12-26 00:00:00,-0.00025325,
1672041600000,2022-12-26 08:00:00,-0.00005277,
1672070400005,2022-12-26 16:00:00,0.00010000,
1672099200005,2022-12-27 00:00:00,0.00010000,
1672128000010,2022-12-27 08:00:00,0.00010000,
1672156800006,2022-12-27 16:00:00,0.00010000,
1672185600010,2022-12-28 00:00:00,0.00010000,
1672214400010,2022-12-28 08:00:00,0.00010000,
1672243200010,2022-12-28 16:00:00,0.00010000,
1672272000011,2022-12-29 00:00:00,0.00010000,
1672300800000,2022-12-29 08:00:00,0.00004714,
1672329600008,2022-12-29 16:00:00,0.00004414,
1672358400000,2022-12-30 00:00:00,0.00010000,
1672387200000,2022-12-30 08:00:00,0.00010000,
1672416000000,2022-12-30 16:00:00,-0.00003138,
1672444800014,2022-12-31 00:00:00,0.00010000,
1672473600000,2022-12-31 08:00:00,0.00010000,
1672502400000,2022-12-31 16:00:00,0.00010000,
1672531200000,2023-01-01 00:00:00,0.00010000,
1672560000008,2023-01-01 08:00:00,0.00010000,
1672588800000,2023-01-01 16:00:00,0.00010000,
1672617600000,2023-01-02 00:00:00,0.00010000,
1672646400008,2023-01-02 08:00:00,0.00010000,
1672675200015,2023-01-02 16:00:00,0.00010000,
1672704000003,2023-01-03 00:00:00,0.00010000,
1672732800018,2023-01-03 08:00:00,0.00010000,
1672761600000,2023-01-03 16:00:00,0.00010000,
1672790400000,2023-01-04 00:00:00,0.00010000,
1672819200016,2023-01-04 08:00:00,0.00010000,
1672848000011,2023-01-04 16:00:00,0.00010000,
1672876800009,2023-01-05 00:00:00,0.00010000,
1672905600011,2023-01-05 08:00:00,0.00010000,
1672934400000,2023-01-05 16:00:00,0.00010000,
1672963200005,2023-01-06 00:00:00,0.00010000,
1672992000001,2023-01-06 08:00:00,0.00010000,
1673020800000,2023-01-06 16:00:00,0.00002046,
1673049600006,2023-01-07 00:00:00,0.00010000,
1673078400017,2023-01-07 08:00:00,0.00010000,
1673107200000,2023-01-07 16:00:00,0.00010000,
1673136000015,2023-01-08 00:00:00,0.00010000,
1673164800000,2023-01-08 08:00:00,0.00010000,
1673193600010,2023-01-08 16:00:00,0.00010000,
1673222400003,2023-01-09 00:00:00,0.00010000,
1673251200000,2023-01-09 08:00:00,0.00010000,
1673280000006,2023-01-09 16:00:00,0.00010000,
1673308800003,2023-01-10 00:00:00,0.00010000,
1673337600021,2023-01-10 08:00:00,0.00010000,
1673366400000,2023-01-10 16:00:00,0.00010000,
1673395200011,2023-01-11 00:00:00,0.00010000,
1673424000006,2023-01-11 08:00:00,0.00010000,
1673452800004,2023-01-11 16:00:00,0.00010000,
1673481600000,2023-01-12 00:00:00,0.00010000,
1673510400000,2023-01-12 08:00:00,0.00010000,
1673539200000,2023-01-12 16:00:00,0.00010000,
1673568000004,2023-01-13 00:00:00,0.00010000,
1673596800000,2023-01-13 08:00:00,0.00010000,
1673625600018,2023-01-13 16:00:00,0.00010000,
1673654400000,2023-01-14 00:00:00,0.00010000,
1673683200001,2023-01-14 08:00:00,0.00011832,
1673712000000,2023-01-14 16:00:00,0.00011389,
1673740800010,2023-01-15 00:00:00,0.00023692,
1673769600002,2023-01-15 08:00:00,0.00029365,
1673798400000,2023-01-15 16:00:00,0.00046986,
1673827200010,2023-01-16 00:00:00,0.00013940,
1673856000007,2023-01-16 08:00:00,0.00010000,
1673884800000,2023-01-16 16:00:00,0.00010000,
1673913600004,2023-01-17 00:00:00,0.00010000,
1673942400005,2023-01-17 08:00:00,0.00010000,
1673971200001,2023-01-17 16:00:00,0.00010000,
1674000000008,2023-01-18 00:00:00,0.00010000,
1674028800009,2023-01-18 08:00:00,0.00010000,
1674057600017,2023-01-18 16:00:00,0.00010000,
1674086400000,2023-01-19 00:00:00,0.00010000,
1674115200015,2023-01-19 08:00:00,0.00010000,
1674144000012,2023-01-19 16:00:00,0.00010000,
1674172800000,2023-01-20 00:00:00,0.00010000,
1674201600000,2023-01-20 08:00:00,0.00010000,
1674230400000,2023-01-20 16:00:00,0.00010000,
1674259200013,2023-01-21 00:00:00,0.00011499,
1674288000001,2023-01-21 08:00:00,0.00010000,
1674316800016,2023-01-21 16:00:00,0.00010000,
1674345600000,2023-01-22 00:00:00,0.00010000,
1674374400000,2023-01-22 08:00:00,0.00017908,
1674403200023,2023-01-22 16:00:00,0.00010000,
1674432000014,2023-01-23 00:00:00,0.00010000,
1674460800014,2023-01-23 08:00:00,0.00016544,
1674489600016,2023-01-23 16:00:00,0.00028234,
1674518400008,2023-01-24 00:00:00,0.00010000,
1674547200008,2023-01-24 08:00:00,0.00010000,
1674576000000,2023-01-24 16:00:00,0.00019714,
1674604800012,2023-01-25 00:00:00,0.00010000,
1674633600000,2023-01-25 08:00:00,0.00010000,
1674662400010,2023-01-25 16:00:00,0.00010000,
1674691200010,2023-01-26 00:00:00,0.00010000,
1674720000003,2023-01-26 08:00:00,0.00010000,
1674748800020,2023-01-26 16:00:00,0.00010000,
1674777600008,2023-01-27 00:00:00,0.00010000,
1674806400000,2023-01-27 08:00:00,0.00010000,
1674835200000,2023-01-27 16:00:00,0.00010000,
1674864000009,2023-01-28 00:00:00,0.00012187,
1674892800018,2023-01-28 08:00:00,0.00016457,
1674921600005,2023-01-28 16:00:00,0.00010000,
1674950400011,2023-01-29 00:00:00,0.00011151,
1674979200000,2023-01-29 08:00:00,0.00010000,
1675008000008,2023-01-29 16:00:00,0.00010000,
1675036800001,2023-01-30 00:00:00,0.00010000,
1675065600000,2023-01-30 08:00:00,0.00019810,
1675094400000,2023-01-30 16:00:00,0.00010000,
1675123200005,2023-01-31 00:00:00,0.00010000,
1675152000000,2023-01-31 08:00:00,0.00010000,
1675180800007,2023-01-31 16:00:00,0.00010000,
1675209600013,2023-02-01 00:00:00,0.00010000,
1675238400000,2023-02-01 08:00:00,0.00010000,
1675267200012,2023-02-01 16:00:00,0.00010000,
1675296000004,2023-02-02 00:00:00,0.00010000,
1675324800023,2023-02-02 08:00:00,0.00033343,
1675353600003,2023-02-02 16:00:00,0.00019818,
1675382400010,2023-02-03 00:00:00,0.00027030,
1675411200000,2023-02-03 08:00:00,0.00031537,
1675440000000,2023-02-03 16:00:00,0.00013179,
1675468800010,2023-02-04 00:00:00,0.00023129,
1675497600000,2023-02-04 08:00:00,0.00010000,
1675526400000,2023-02-04 16:00:00,0.00010000,
1675555200016,2023-02-05 00:00:00,0.00010000,
1675584000009,2023-02-05 08:00:00,0.00016994,
1675612800018,2023-02-05 16:00:00,0.00010000,
1675641600001,2023-02-06 00:00:00,0.00010000,
1675670400000,2023-02-06 08:00:00,0.00010000,
1675699200012,2023-02-06 16:00:00,0.00010000,
1675728000004,2023-02-07 00:00:00,0.00010000,
1675756800011,2023-02-07 08:00:00,0.00010000,
1675785600018,2023-02-07 16:00:00,0.00010000,
1675814400009,2023-02-08 00:00:00,0.00010000,
1675843200010,2023-02-08 08:00:00,0.00031974,
1675872000000,2023-02-08 16:00:00,0.00010000,
1675900800014,2023-02-09 00:00:00,0.00010000,
1675929600006,2023-02-09 08:00:00,0.00010000,
1675958400001,2023-02-09 16:00:00,0.00010000,
1675987200012,2023-02-10 00:00:00,0.00010000,
1676016000005,2023-02-10 08:00:00,0.00010000,
1676044800020,2023-02-10 16:00:00,0.00010000,
1676073600007,2023-02-11 00:00:00,0.00010000,
1676102400002,2023-02-11 08:00:00,0.00010000,
1676131200021,2023-02-11 16:00:00,0.00010000,
1676160000004,2023-02-12 00:00:00,0.00010000,
1676188800000,2023-02-12 08:00:00,0.00010000,
1676217600002,2023-02-12 16:00:00,0.00010000,
1676246400006,2023-02-13 00:00:00,0.00010000,
1676275200008,2023-02-13 08:00:00,0.00010000,
1676304000002,2023-02-13 16:00:00,0.00010000,
1676332800013,2023-02-14 00:00:00,0.00010000,
1676361600014,2023-02-14 08:00:00,0.00010000,
1676390400016,2023-02-14 16:00:00,0.00010000,
1676419200011,2023-02-15 00:00:00,0.00010000,
1676448000000,2023-02-15 08:00:00,0.00010000,
1676476800005,2023-02-15 16:00:00,0.00010000,
1676505600019,2023-02-16 00:00:00,0.00010000,
1676534400000,2023-02-16 08:00:00,0.00010000,
1676563200001,2023-02-16 16:00:00,0.00010000,
1676592000003,2023-02-17 00:00:00,0.00010000,
1676620800016,2023-02-17 08:00:00,0.00010000,
1676649600000,2023-02-17 16:00:00,0.00010000,
1676678400011,2023-02-18 00:00:00,0.00010000,
1676707200000,2023-02-18 08:00:00,0.00010000,
1676736000007,2023-02-18 16:00:00,0.00010000,
1676764800019,2023-02-19 00:00:00,0.00010000,
1676793600005,2023-02-19 08:00:00,0.00010000,
1676822400003,2023-02-19 16:00:00,0.00010000,
1676851200006,2023-02-20 00:00:00,0.00010000,
1676880000008,2023-02-20 08:00:00,0.00010000,
1676908800006,2023-02-20 16:00:00,0.00010000,
1676937600001,2023-02-21 00:00:00,0.00010000,
1676966400004,2023-02-21 08:00:00,0.00010000,
1676995200011,2023-02-21 16:00:00,0.00010000,
1677024000009,2023-02-22 00:00:00,0.00019597,
1677052800010,2023-02-22 08:00:00,0.00010000,
1677081600000,2023-02-22 16:00:00,0.00010000,
1677110400006,2023-02-23 00:00:00,0.00010000,
1677139200005,2023-02-23 08:00:00,0.00010000,
1677168000002,2023-02-23 16:00:00,0.00010000,
1677196800015,2023-02-24 00:00:00,0.00010000,
1677225600011,2023-02-24 08:00:00,0.00010000,
1677254400014,2023-02-24 16:00:00,0.00010000,
1677283200015,2023-02-25 00:00:00,0.00010000,
1677312000015,2023-02-25 08:00:00,0.00010000,
1677340800015,2023-02-25 16:00:00,0.00010000,
1677369600007,2023-02-26 00:00:00,0.00010000,
1677398400012,2023-02-26 08:00:00,0.00010000,
1677427200000,2023-02-26 16:00:00,0.00010000,
1677456000011,2023-02-27 00:00:00,0.00010000,
1677484800003,2023-02-27 08:00:00,0.00009676,
1677513600000,2023-02-27 16:00:00,0.00010000,
1677542400011,2023-02-28 00:00:00,0.00010000,
1677571200018,2023-02-28 08:00:00,0.00010000,
1677600000005,2023-02-28 16:00:00,0.00010000,
1677628800016,2023-03-01 00:00:00,0.00010000,
1677657600000,2023-03-01 08:00:00,0.00010000,
1677686400008,2023-03-01 16:00:00,0.00010000,
1677715200009,2023-03-02 00:00:00,0.00010000,
1677744000013,2023-03-02 08:00:00,0.00010000,
1677772800000,2023-03-02 16:00:00,0.00010000,
1677801600000,2023-03-03 00:00:00,0.00010000,
1677830400013,2023-03-03 08:00:00,0.00006489,
1677859200000,2023-03-03 16:00:00,0.00010000,
1677888000001,2023-03-04 00:00:00,0.00010000,
1677916800008,2023-03-04 08:00:00,0.00010000,
1677945600012,2023-03-04 16:00:00,0.00010000,
1677974400000,2023-03-05 00:00:00,0.00010000,
1678003200000,2023-03-05 08:00:00,0.00010000,
1678032000015,2023-03-05 16:00:00,0.00010000,
1678060800007,2023-03-06 00:00:00,0.00010000,
1678089600017,2023-03-06 08:00:00,0.00010000,
1678118400000,2023-03-06 16:00:00,0.00010000,
1678147200009,2023-03-07 00:00:00,0.00010000,
1678176000016,2023-03-07 08:00:00,0.00008731,
1678204800017,2023-03-07 16:00:00,0.00010000,
1678233600000,2023-03-08 00:00:00,0.00010000,
1678262400014,2023-03-08 08:00:00,-0.00009181,
1678291200021,2023-03-08 16:00:00,-0.00008517,
1678320000010,2023-03-09 00:00:00,-0.00012409,
1678348800013,2023-03-09 08:00:00,0.00007427,
1678377600002,2023-03-09 16:00:00,0.00010000,
1678406400000,2023-03-10 00:00:00,-0.00038892,
1678435200000,2023-03-10 08:00:00,0.00009679,
1678464000005,2023-03-10 16:00:00,-0.00012346,
1678492800011,2023-03-11 00:00:00,-0.00008332,
1678521600003,2023-03-11 08:00:00,0.00010000,
1678550400011,2023-03-11 16:00:00,0.00010000,
1678579200001,2023-03-12 00:00:00,0.00010000,
1678608000000,2023-03-12 08:00:00,0.00010000,
1678636800005,2023-03-12 16:00:00,0.00007685,
1678665600010,2023-03-13 00:00:00,0.00010000,
1678694400018,2023-03-13 08:00:00,0.00010000,
1678723200003,2023-03-13 16:00:00,0.00010000,
1678752000010,2023-03-14 00:00:00,0.00010000,
1678780800009,2023-03-14 08:00:00,0.00010000,
1678809600010,2023-03-14 16:00:00,0.00010000,
1678838400011,2023-03-15 00:00:00,0.00010000,
1678867200000,2023-03-15 08:00:00,0.00010000,
1678896000012,2023-03-15 16:00:00,0.00010000,
1678924800004,2023-03-16 00:00:00,0.00010000,
1678953600018,2023-03-16 08:00:00,0.00010000,
1678982400005,2023-03-16 16:00:00,0.00010000,
1679011200017,2023-03-17 00:00:00,0.00010000,
1679040000010,2023-03-17 08:00:00,0.00010000,
1679068800003,2023-03-17 16:00:00,0.00010000,
1679097600012,2023-03-18 00:00:00,0.00010000,
1679126400000,2023-03-18 08:00:00,0.00010000,
1679155200016,2023-03-18 16:00:00,0.00010000,
1679184000013,2023-03-19 00:00:00,0.00010000,
1679212800024,2023-03-19 08:00:00,0.00010000,
1679241600000,2023-03-19 16:00:00,0.00010000,
1679270400005,2023-03-20 00:00:00,0.00010000,
1679299200012,2023-03-20 08:00:00,0.00010000,
1679328000015,2023-03-20 16:00:00,0.00010000,
1679356800006,2023-03-21 00:00:00,0.00002727,
1679385600004,2023-03-21 08:00:00,-0.00080590,
1679414400003,2023-03-21 16:00:00,-0.00020496,
1679443200000,2023-03-22 00:00:00,-0.00008275,
1679472000003,2023-03-22 08:00:00,-0.00107491,
1679500800000,2023-03-22 16:00:00,-0.00064018,
1679529600016,2023-03-23 00:00:00,0.00010000,
1679558400001,2023-03-23 08:00:00,0.00003945,
1679587200013,2023-03-23 16:00:00,-0.00017840,
1679616000013,2023-03-24 00:00:00,0.00004715,
1679644800012,2023-03-24 08:00:00,0.00007465,
1679673600027,2023-03-24 16:00:00,0.00010000,
1679702400015,2023-03-25 00:00:00,0.00009955,
1679731200011,2023-03-25 08:00:00,0.00000830,
1679760000011,2023-03-25 16:00:00,0.00005133,
1679788800000,2023-03-26 00:00:00,-0.00024452,
1679817600015,2023-03-26 08:00:00,-0.00066492,
1679846400000,2023-03-26 16:00:00,-0.00149988,
1679875200019,2023-03-27 00:00:00,-0.00031122,
1679904000009,2023-03-27 08:00:00,-0.00088119,
1679932800000,2023-03-27 16:00:00,0.00010000,
1679961600007,2023-03-28 00:00:00,0.00010000,
1679990400000,2023-03-28 08:00:00,0.00009238,
1680019200013,2023-03-28 16:00:00,0.00008071,
1680048000010,2023-03-29 00:00:00,0.00002698,
1680076800006,2023-03-29 08:00:00,0.00006444,
1680105600014,2023-03-29 16:00:00,0.00010000,
1680134400000,2023-03-30 00:00:00,0.00010000,
1680163200000,2023-03-30 08:00:00,0.00010000,
1680192000006,2023-03-30 16:00:00,0.00010000,
1680220800003,2023-03-31 00:00:00,0.00010000,
1680249600006,2023-03-31 08:00:00,0.00010000,
1680278400011,2023-03-31 16:00:00,0.00010000,
1680307200000,2023-04-01 00:00:00,0.00010000,
1680336000000,2023-04-01 08:00:00,0.00010000,
1680364800018,2023-04-01 16:00:00,0.00010000,
1680393600013,2023-04-02 00:00:00,0.00010000,
1680422400014,2023-04-02 08:00:00,0.00010000,
1680451200001,2023-04-02 16:00:00,0.00010000,
1680480000000,2023-04-03 00:00:00,0.00010000,
1680508800013,2023-04-03 08:00:00,0.00010000,
1680537600011,2023-04-03 16:00:00,0.00010000,
1680566400002,2023-04-04 00:00:00,0.00010000,
1680595200017,2023-04-04 08:00:00,0.00010000,
1680624000008,2023-04-04 16:00:00,0.00010000,
1680652800000,2023-04-05 00:00:00,0.00010000,
1680681600016,2023-04-05 08:00:00,0.00010000,
1680710400004,2023-04-05 16:00:00,0.00010000,
1680739200000,2023-04-06 00:00:00,0.00010000,
1680768000011,2023-04-06 08:00:00,0.00010000,
1680796800000,2023-04-06 16:00:00,0.00010000,
1680825600006,2023-04-07 00:00:00,0.00010000,
1680854400005,2023-04-07 08:00:00,0.00010000,
1680883200000,2023-04-07 16:00:00,0.00010000,
1680912000000,2023-04-08 00:00:00,0.00010000,
1680940800014,2023-04-08 08:00:00,0.00010000,
1680969600018,2023-04-08 16:00:00,0.00010000,
1680998400013,2023-04-09 00:00:00,0.00010000,
1681027200024,2023-04-09 08:00:00,0.00010000,
1681056000010,2023-04-09 16:00:00,0.00010000,
1681084800000,2023-04-10 00:00:00,0.00010000,
1681113600010,2023-04-10 08:00:00,0.00010000,
1681142400006,2023-04-10 16:00:00,0.00010000,
1681171200008,2023-04-11 00:00:00,0.00010000,
1681200000007,2023-04-11 08:00:00,0.00010000,
1681228800016,2023-04-11 16:00:00,0.00010000,
1681257600006,2023-04-12 00:00:00,0.00010000,
1681286400008,2023-04-12 08:00:00,0.00010000,
1681315200014,2023-04-12 16:00:00,0.00010000,
1681344000027,2023-04-13 00:00:00,0.00010000,
1681372800010,2023-04-13 08:00:00,0.00010000,
1681401600000,2023-04-13 16:00:00,0.00010000,
1681430400001,2023-04-14 00:00:00,0.00010000,
1681459200008,2023-04-14 08:00:00,0.00029193,
1681488000007,2023-04-14 16:00:00,0.00010000,
1681516800007,2023-04-15 00:00:00,0.00010000,
1681545600007,2023-04-15 08:00:00,0.00010000,
1681574400011,2023-04-15 16:00:00,0.00010417,
1681603200014,2023-04-16 00:00:00,0.00029289,
1681632000007,2023-04-16 08:00:00,0.00040421,
1681660800002,2023-04-16 16:00:00,0.00021512,
1681689600017,2023-04-17 00:00:00,0.00017995,
1681718400006,2023-04-17 08:00:00,0.00031441,
1681747200000,2023-04-17 16:00:00,0.00023368,
1681776000013,2023-04-18 00:00:00,0.00042045,
1681804800017,2023-04-18 08:00:00,0.00040186,
1681833600000,2023-04-18 16:00:00,0.00013682,
1681862400022,2023-04-19 00:00:00,0.00050225,
1681891200014,2023-04-19 08:00:00,0.00010000,
1681920000000,2023-04-19 16:00:00,0.00010000,
1681948800010,2023-04-20 00:00:00,0.00010000,
1681977600012,2023-04-20 08:00:00,0.00010000,
1682006400012,2023-04-20 16:00:00,0.00010000,
1682035200009,2023-04-21 00:00:00,0.00010000,
1682064000009,2023-04-21 08:00:00,0.00010000,
1682092800003,2023-04-21 16:00:00,0.00010000,
1682121600000,2023-04-22 00:00:00,0.00010000,
1682150400000,2023-04-22 08:00:00,0.00010000,
1682179200016,2023-04-22 16:00:00,0.00010000,
1682208000009,2023-04-23 00:00:00,0.00010000,
1682236800020,2023-04-23 08:00:00,0.00010000,
1682265600007,2023-04-23 16:00:00,0.00010000,
1682294400000,2023-04-24 00:00:00,0.00010000,
1682323200008,2023-04-24 08:00:00,0.00010000,
1682352000006,2023-04-24 16:00:00,0.00010000,
1682380800014,2023-04-25 00:00:00,0.00010000,
1682409600009,2023-04-25 08:00:00,0.00010000,
1682438400015,2023-04-25 16:00:00,0.00010000,
1682467200015,2023-04-26 00:00:00,0.00010000,
1682496000013,2023-04-26 08:00:00,0.00010000,
1682524800001,2023-04-26 16:00:00,0.00010000,
1682553600014,2023-04-27 00:00:00,0.00010000,
1682582400008,2023-04-27 08:00:00,0.00010000,
1682611200005,2023-04-27 16:00:00,0.00010000,
1682640000011,2023-04-28 00:00:00,0.00010000,
1682668800007,2023-04-28 08:00:00,0.00010000,
1682697600006,2023-04-28 16:00:00,0.00010000,
1682726400004,2023-04-29 00:00:00,0.00010000,
1682755200016,2023-04-29 08:00:00,0.00010000,
1682784000001,2023-04-29 16:00:00,0.00010000,
1682812800008,2023-04-30 00:00:00,0.00010000,
1682841600000,2023-04-30 08:00:00,0.00010000,
1682870400010,2023-04-30 16:00:00,0.00010000,
1682899200004,2023-05-01 00:00:00,0.00010000,
1682928000008,2023-05-01 08:00:00,0.00010000,
1682956800014,2023-05-01 16:00:00,0.00010000,
1682985600015,2023-05-02 00:00:00,0.00010000,
1683014400018,2023-05-02 08:00:00,0.00010000,
1683043200000,2023-05-02 16:00:00,0.00010000,
1683072000009,2023-05-03 00:00:00,0.00010000,
1683100800003,2023-05-03 08:00:00,0.00007380,
1683129600011,2023-05-03 16:00:00,0.00010000,
1683158400000,2023-05-04 00:00:00,0.00010000,
1683187200000,2023-05-04 08:00:00,0.00010000,
1683216000011,2023-05-04 16:00:00,0.00010000,
1683244800002,2023-05-05 00:00:00,0.00010000,
1683273600000,2023-05-05 08:00:00,0.00010000,
1683302400000,2023-05-05 16:00:00,0.00010000,
1683331200009,2023-05-06 00:00:00,0.00010000,
1683360000000,2023-05-06 08:00:00,0.00010000,
1683388800000,2023-05-06 16:00:00,0.00010000,
1683417600000,2023-05-07 00:00:00,-0.00004340,
1683446400000,2023-05-07 08:00:00,0.00010000,
1683475200006,2023-05-07 16:00:00,0.00010000,
1683504000000,2023-05-08 00:00:00,0.00010000,
1683532800007,2023-05-08 08:00:00,0.00010000,
1683561600015,2023-05-08 16:00:00,0.00010000,
1683590400015,2023-05-09 00:00:00,-0.00001351,
1683619200000,2023-05-09 08:00:00,0.00010000,
1683648000000,2023-05-09 16:00:00,-0.00008231,
1683676800007,2023-05-10 00:00:00,-0.00005212,
1683705600003,2023-05-10 08:00:00,-0.00004694,
1683734400000,2023-05-10 16:00:00,0.00000982,
1683763200011,2023-05-11 00:00:00,0.00010000,
1683792000000,2023-05-11 08:00:00,0.00010000,
1683820800005,2023-05-11 16:00:00,0.00010000,
1683849600020,2023-05-12 00:00:00,0.00010000,
1683878400001,2023-05-12 08:00:00,0.00010000,
1683907200010,2023-05-12 16:00:00,0.00010000,
1683936000000,2023-05-13 00:00:00,0.00010000,
1683964800000,2023-05-13 08:00:00,0.00003422,
1683993600026,2023-05-13 16:00:00,0.00006396,
1684022400029,2023-05-14 00:00:00,0.00006650,
1684051200010,2023-05-14 08:00:00,-0.00003116,
1684080000008,2023-05-14 16:00:00,0.00010000,
1684108800006,2023-05-15 00:00:00,0.00010000,
1684137600005,2023-05-15 08:00:00,0.00010000,
1684166400008,2023-05-15 16:00:00,0.00010000,
1684195200021,2023-05-16 00:00:00,0.00009642,
1684224000000,2023-05-16 08:00:00,0.00010000,
1684252800000,2023-05-16 16:00:00,0.00010000,
1684281600010,2023-05-17 00:00:00,0.00010000,
1684310400000,2023-05-17 08:00:00,0.00010000,
1684339200001,2023-05-17 16:00:00,0.00010000,
1684368000000,2023-05-18 00:00:00,0.00010000,
1684396800026,2023-05-18 08:00:00,0.00010000,
1684425600019,2023-05-18 16:00:00,0.00001471,
1684454400000,2023-05-19 00:00:00,0.00007218,
1684483200002,2023-05-19 08:00:00,0.00010000,
1684512000000,2023-05-19 16:00:00,0.00010000,
1684540800005,2023-05-20 00:00:00,0.00010000,
1684569600014,2023-05-20 08:00:00,0.00005874,
1684598400020,2023-05-20 16:00:00,0.00010000,
1684627200014,2023-05-21 00:00:00,0.00010000,
1684656000001,2023-05-21 08:00:00,0.00010000,
1684684800015,2023-05-21 16:00:00,0.00010000,
1684713600028,2023-05-22 00:00:00,0.00010000,
1684742400000,2023-05-22 08:00:00,0.00010000,
1684771200012,2023-05-22 16:00:00,0.00010000,
1684800000006,2023-05-23 00:00:00,0.00010000,
1684828800014,2023-05-23 08:00:00,0.00010000,
1684857600008,2023-05-23 16:00:00,0.00010000,
1684886400000,2023-05-24 00:00:00,0.00010000,
1684915200025,2023-05-24 08:00:00,0.00010000,
1684944000008,2023-05-24 16:00:00,0.00010000,
1684972800000,2023-05-25 00:00:00,0.00010000,
1685001600025,2023-05-25 08:00:00,0.00002827,
1685030400016,2023-05-25 16:00:00,0.00010000,
1685059200000,2023-05-26 00:00:00,0.00010000,
1685088000024,2023-05-26 08:00:00,0.00005850,
1685116800012,2023-05-26 16:00:00,0.00010000,
1685145600012,2023-05-27 00:00:00,0.00010000,
1685174400018,2023-05-27 08:00:00,0.00010000,
1685203200008,2023-05-27 16:00:00,0.00010000,
1685232000017,2023-05-28 00:00:00,0.00010000,
1685260800015,2023-05-28 08:00:00,0.00010000,
1685289600000,2023-05-28 16:00:00,0.00010000,
1685318400000,2023-05-29 00:00:00,0.00010000,
1685347200020,2023-05-29 08:00:00,0.00010000,
1685376000011,2023-05-29 16:00:00,0.00010000,
1685404800003,2023-05-30 00:00:00,0.00010000,
1685433600000,2023-05-30 08:00:00,0.00010000,
1685462400003,2023-05-30 16:00:00,0.00010000,
1685491200013,2023-05-31 00:00:00,0.00010000,
1685520000000,2023-05-31 08:00:00,0.00010000,
1685548800000,2023-05-31 16:00:00,0.00010000,
1685577600008,2023-06-01 00:00:00,0.00010000,
1685606400012,2023-06-01 08:00:00,0.00010000,
1685635200000,2023-06-01 16:00:00,0.00010000,
1685664000000,2023-06-02 00:00:00,0.00010000,
1685692800006,2023-06-02 08:00:00,0.00010000,
1685721600012,2023-06-02 16:00:00,0.00010000,
1685750400000,2023-06-03 00:00:00,0.00010000,
1685779200011,2023-06-03 08:00:00,0.00010000,
1685808000003,2023-06-03 16:00:00,0.00010000,
1685836800000,2023-06-04 00:00:00,0.00010000,
1685865600000,2023-06-04 08:00:00,0.00010000,
1685894400000,2023-06-04 16:00:00,0.00010000,
1685923200005,2023-06-05 00:00:00,0.00010000,
1685952000000,2023-06-05 08:00:00,0.00010000,
1685980800000,2023-06-05 16:00:00,0.00010000,
1686009600000,2023-06-06 00:00:00,0.00000032,
1686038400009,2023-06-06 08:00:00,-0.00022524,
1686067200013,2023-06-06 16:00:00,0.00010000,
1686096000000,2023-06-07 00:00:00,-0.00004700,
1686124800016,2023-06-07 08:00:00,-0.00011940,
1686153600000,2023-06-07 16:00:00,-0.00007581,
1686182400006,2023-06-08 00:00:00,0.00010000,
1686211200000,2023-06-08 08:00:00,0.00007853,
1686240000000,2023-06-08 16:00:00,0.00010000,
1686268800000,2023-06-09 00:00:00,0.00010000,
1686297600000,2023-06-09 08:00:00,0.00010000,
1686326400000,2023-06-09 16:00:00,0.00010000,
1686355200000,2023-06-10 00:00:00,0.00010000,
1686384000000,2023-06-10 08:00:00,0.00010000,
1686412800000,2023-06-10 16:00:00,0.00003446,
1686441600001,2023-06-11 00:00:00,0.00008010,
1686470400000,2023-06-11 08:00:00,-0.00009811,
1686499200000,2023-06-11 16:00:00,0.00010000,
1686528000000,2023-06-12 00:00:00,0.00010000,
1686556800000,2023-06-12 08:00:00,0.00010000,
1686585600001,2023-06-12 16:00:00,0.00010000,
1686614400000,2023-06-13 00:00:00,0.00010000,
1686643200000,2023-06-13 08:00:00,0.00007161,
1686672000000,2023-06-13 16:00:00,0.00004970,
1686700800000,2023-06-14 00:00:00,0.00010000,
1686729600000,2023-06-14 08:00:00,0.00008541,
1686758400000,2023-06-14 16:00:00,-0.00001500,
1686787200000,2023-06-15 00:00:00,0.00010000,
1686816000000,2023-06-15 08:00:00,0.00010000,
1686844800000,2023-06-15 16:00:00,-0.00000661,
1686873600000,2023-06-16 00:00:00,-0.00006537,
1686902400000,2023-06-16 08:00:00,-0.00001504,
1686931200000,2023-06-16 16:00:00,-0.00001810,
1686960000000,2023-06-17 00:00:00,0.00010000,
1686988800000,2023-06-17 08:00:00,0.00010000,
1687017600000,2023-06-17 16:00:00,0.00008614,
1687046400000,2023-06-18 00:00:00,0.00010000,
1687075200000,2023-06-18 08:00:00,0.00010000,
1687104000000,2023-06-18 16:00:00,-0.00027860,
1687132800000,2023-06-19 00:00:00,-0.00011138,
1687161600000,2023-06-19 08:00:00,0.00010000,
1687190400000,2023-06-19 16:00:00,0.00010000,
1687219200001,2023-06-20 00:00:00,-0.00000139,
1687248000000,2023-06-20 08:00:00,0.00010000,
1687276800000,2023-06-20 16:00:00,0.00009626,
1687305600000,2023-06-21 00:00:00,0.00010000,
1687334400000,2023-06-21 08:00:00,0.00010000,
1687363200000,2023-06-21 16:00:00,0.00010000,
1687392000000,2023-06-22 00:00:00,0.00010000,
1687420800001,2023-06-22 08:00:00,0.00010000,
1687449600000,2023-06-22 16:00:00,0.00010000,
1687478400000,2023-06-23 00:00:00,0.00010000,
1687507200000,2023-06-23 08:00:00,0.00010000,
1687536000000,2023-06-23 16:00:00,0.00010000,
1687564800000,2023-06-24 00:00:00,0.00010000,
1687593600000,2023-06-24 08:00:00,0.00010000,
1687622400000,2023-06-24 16:00:00,0.00010000,
1687651200000,2023-06-25 00:00:00,0.00010000,
1687680000000,2023-06-25 08:00:00,0.00010000,
1687708800000,2023-06-25 16:00:00,0.00005324,
1687737600000,2023-06-26 00:00:00,0.00010000,
1687766400000,2023-06-26 08:00:00,0.00010000,
1687795200000,2023-06-26 16:00:00,0.00010000,
1687824000000,2023-06-27 00:00:00,0.00010000,
1687852800000,2023-06-27 08:00:00,0.00010000,
1687881600000,2023-06-27 16:00:00,0.00008633,
1687910400000,2023-06-28 00:00:00,-0.00001039,
1687939200000,2023-06-28 08:00:00,0.00010000,
1687968000000,2023-06-28 16:00:00,0.00010000,
1687996800000,2023-06-29 00:00:00,0.00010000,
1688025600000,2023-06-29 08:00:00,0.00010000,
1688054400000,2023-06-29 16:00:00,0.00005035,
1688083200000,2023-06-30 00:00:00,0.00010000,
1688112000000,2023-06-30 08:00:00,0.00010000,
1688140800001,2023-06-30 16:00:00,0.00010000,
1688169600000,2023-07-01 00:00:00,0.00010000,
1688198400000,2023-07-01 08:00:00,0.00010000,
1688227200000,2023-07-01 16:00:00,0.00010000,
1688256000000,2023-07-02 00:00:00,0.00010000,
1688284800000,2023-07-02 08:00:00,0.00010000,
1688313600001,2023-07-02 16:00:00,0.00010000,
1688342400000,2023-07-03 00:00:00,0.00010000,
1688371200000,2023-07-03 08:00:00,0.00010000,
1688400000000,2023-07-03 16:00:00,0.00010000,
1688428800001,2023-07-04 00:00:00,0.00010000,
1688457600000,2023-07-04 08:00:00,0.00010000,
1688486400000,2023-07-04 16:00:00,0.00010000,
1688515200000,2023-07-05 00:00:00,0.00010000,
1688544000000,2023-07-05 08:00:00,0.00010000,
1688572800000,2023-07-05 16:00:00,0.00010000,
1688601600000,2023-07-06 00:00:00,0.00010000,
1688630400000,2023-07-06 08:00:00,0.00002253,
1688659200000,2023-07-06 16:00:00,0.00008223,
1688688000000,2023-07-07 00:00:00,-0.00007091,
1688716800000,2023-07-07 08:00:00,-0.00012751,
1688745600000,2023-07-07 16:00:00,-0.00010827,
1688774400000,2023-07-08 00:00:00,-0.00011315,
1688803200000,2023-07-08 08:00:00,-0.00007108,
1688832000000,2023-07-08 16:00:00,-0.00017491,
1688860800000,2023-07-09 00:00:00,0.00004494,
1688889600000,2023-07-09 08:00:00,-0.00016882,
1688918400000,2023-07-09 16:00:00,-0.00007478,
1688947200000,2023-07-10 00:00:00,-0.00002414,
1688976000000,2023-07-10 08:00:00,0.00010000,
1689004800000,2023-07-10 16:00:00,-0.00012490,
1689033600000,2023-07-11 00:00:00,0.00002600,
1689062400000,2023-07-11 08:00:00,-0.00000174,
1689091200000,2023-07-11 16:00:00,0.00009465,
1689120000000,2023-07-12 00:00:00,0.00006511,
1689148800000,2023-07-12 08:00:00,0.00002935,
1689177600000,2023-07-12 16:00:00,0.00010000,
1689206400000,2023-07-13 00:00:00,0.00010000,
1689235200000,2023-07-13 08:00:00,0.00010000,
1689264000000,2023-07-13 16:00:00,0.00008791,
1689292800000,2023-07-14 00:00:00,0.00010000,
1689321600000,2023-07-14 08:00:00,0.00010000,
1689350400000,2023-07-14 16:00:00,0.00010000,
1689379200000,2023-07-15 00:00:00,0.00010000,
1689408000000,2023-07-15 08:00:00,0.00010000,
1689436800000,2023-07-15 16:00:00,0.00010000,
1689465600001,2023-07-16 00:00:00,0.00010000,
1689494400000,2023-07-16 08:00:00,0.00010000,
1689523200000,2023-07-16 16:00:00,0.00010000,
1689552000000,2023-07-17 00:00:00,0.00010000,
1689580800000,2023-07-17 08:00:00,0.00010000,
1689609600000,2023-07-17 16:00:00,0.00010000,
1689638400000,2023-07-18 00:00:00,0.00010000,
1689667200000,2023-07-18 08:00:00,0.00010000,
1689696000000,2023-07-18 16:00:00,0.00010000,
1689724800000,2023-07-19 00:00:00,0.00010000,
1689753600000,2023-07-19 08:00:00,0.00010000,
1689782400001,2023-07-19 16:00:00,0.00010000,
1689811200000,2023-07-20 00:00:00,0.00010000,
1689840000000,2023-07-20 08:00:00,0.00010000,
1689868800000,2023-07-20 16:00:00,0.00010000,
1689897600001,2023-07-21 00:00:00,0.00010000,
1689926400000,2023-07-21 08:00:00,0.00010000,
1689955200000,2023-07-21 16:00:00,0.00010000,
1689984000000,2023-07-22 00:00:00,0.00010000,
1690012800000,2023-07-22 08:00:00,0.00010000,
1690041600000,2023-07-22 16:00:00,0.00010000,
1690070400000,2023-07-23 00:00:00,0.00010000,
1690099200000,2023-07-23 08:00:00,0.00010000,
1690128000000,2023-07-23 16:00:00,0.00010000,
1690156800000,2023-07-24 00:00:00,0.00010000,
1690185600000,2023-07-24 08:00:00,0.00010000,
1690214400000,2023-07-24 16:00:00,0.00010000,
1690243200000,2023-07-25 00:00:00,0.00010000,
1690272000000,2023-07-25 08:00:00,0.00004718,
1690300800000,2023-07-25 16:00:00,-0.00018628,
1690329600000,2023-07-26 00:00:00,-0.00017380,
1690358400001,2023-07-26 08:00:00,0.00004807,
1690387200000,2023-07-26 16:00:00,0.00010000,
1690416000000,2023-07-27 00:00:00,0.00010000,
1690444800000,2023-07-27 08:00:00,0.00010000,
1690473600001,2023-07-27 16:00:00,0.00010000,
1690502400000,2023-07-28 00:00:00,0.00010000,
1690531200000,2023-07-28 08:00:00,0.00010000,
1690560000000,2023-07-28 16:00:00,0.00010000,
1690588800000,2023-07-29 00:00:00,0.00010000,
1690617600000,2023-07-29 08:00:00,0.00010000,
1690646400001,2023-07-29 16:00:00,0.00004370,
1690675200000,2023-07-30 00:00:00,0.00010000,
1690704000000,2023-07-30 08:00:00,-0.00000978,
1690732800000,2023-07-30 16:00:00,0.00010000,
1690761600000,2023-07-31 00:00:00,0.00010000,
1690790400000,2023-07-31 08:00:00,0.00010000,
1690819200001,2023-07-31 16:00:00,0.00010000,
1690848000000,2023-08-01 00:00:00,0.00010000,
1690876800000,2023-08-01 08:00:00,0.00010000,
1690905600000,2023-08-01 16:00:00,0.00010000,
1690934400000,2023-08-02 00:00:00,0.00010000,
1690963200000,2023-08-02 08:00:00,-0.00009434,
1690992000000,2023-08-02 16:00:00,0.00006780,
1691020800000,2023-08-03 00:00:00,0.00010000,
1691049600000,2023-08-03 08:00:00,0.00010000,
1691078400001,2023-08-03 16:00:00,0.00010000,
1691107200000,2023-08-04 00:00:00,-0.00006609,
1691136000000,2023-08-04 08:00:00,0.00010000,
1691164800000,2023-08-04 16:00:00,0.00010000,
1691193600000,2023-08-05 00:00:00,0.00010000,
1691222400000,2023-08-05 08:00:00,0.00010000,
1691251200001,2023-08-05 16:00:00,0.00010000,
1691280000000,2023-08-06 00:00:00,0.00010000,
1691308800001,2023-08-06 08:00:00,0.00007559,
1691337600005,2023-08-06 16:00:00,-0.00159500,
1691366400000,2023-08-07 00:00:00,-0.00072667,
1691395200000,2023-08-07 08:00:00,0.00005613,
1691424000000,2023-08-07 16:00:00,-0.00097438,
1691452800000,2023-08-08 00:00:00,-0.00103693,
1691481600000,2023-08-08 08:00:00,-0.00063502,
1691510400000,2023-08-08 16:00:00,-0.00051193,
1691539200000,2023-08-09 00:00:00,-0.00062923,
1691568000000,2023-08-09 08:00:00,-0.00019235,
1691596800000,2023-08-09 16:00:00,-0.00004976,
1691625600001,2023-08-10 00:00:00,-0.00046372,
1691654400000,2023-08-10 08:00:00,-0.00002546,
1691683200000,2023-08-10 16:00:00,-0.00018425,
1691712000000,2023-08-11 00:00:00,0.00010000,
1691740800000,2023-08-11 08:00:00,-0.00073145,
1691769600000,2023-08-11 16:00:00,0.00010000,
1691798400000,2023-08-12 00:00:00,0.00010000,
1691827200000,2023-08-12 08:00:00,-0.00003855,
1691856000000,2023-08-12 16:00:00,-0.00003737,
1691884800000,2023-08-13 00:00:00,0.00010000,
1691913600000,2023-08-13 08:00:00,0.00010000,
1691942400000,2023-08-13 16:00:00,0.00010000,
1691971200001,2023-08-14 00:00:00,0.00010000,
1692000000000,2023-08-14 08:00:00,0.00010000,
1692028800000,2023-08-14 16:00:00,0.00010000,
1692057600001,2023-08-15 00:00:00,0.00010000,
1692086400000,2023-08-15 08:00:00,0.00008027,
1692115200000,2023-08-15 16:00:00,-0.00018602,
1692144000000,2023-08-16 00:00:00,0.00009514,
1692172800001,2023-08-16 08:00:00,0.00008411,
1692201600000,2023-08-16 16:00:00,0.00010000,
1692230400000,2023-08-17 00:00:00,0.00010000,
1692259200000,2023-08-17 08:00:00,0.00009049,
1692288000000,2023-08-17 16:00:00,0.00003374,
1692316800000,2023-08-18 00:00:00,0.00010000,
1692345600000,2023-08-18 08:00:00,0.00009797,
1692374400000,2023-08-18 16:00:00,0.00003487,
1692403200000,2023-08-19 00:00:00,0.00010000,
1692432000000,2023-08-19 08:00:00,0.00008531,
1692460800000,2023-08-19 16:00:00,0.00010000,
1692489600000,2023-08-20 00:00:00,0.00010000,
1692518400000,2023-08-20 08:00:00,0.00010000,
1692547200000,2023-08-20 16:00:00,0.00010000,
1692576000000,2023-08-21 00:00:00,0.00010000,
1692604800000,2023-08-21 08:00:00,0.00008219,
1692633600000,2023-08-21 16:00:00,0.00010000,
1692662400000,2023-08-22 00:00:00,0.00010000,
1692691200000,2023-08-22 08:00:00,0.00010000,
1692720000000,2023-08-22 16:00:00,0.00010000,
1692748800000,2023-08-23 00:00:00,0.00010000,
1692777600000,2023-08-23 08:00:00,0.00010000,
1692806400000,2023-08-23 16:00:00,0.00010000,
1692835200000,2023-08-24 00:00:00,0.00010000,
1692864000000,2023-08-24 08:00:00,0.00010000,
1692892800000,2023-08-24 16:00:00,0.00010000,
1692921600000,2023-08-25 00:00:00,0.00010000,
1692950400000,2023-08-25 08:00:00,0.00010000,
1692979200000,2023-08-25 16:00:00,0.00010000,
1693008000000,2023-08-26 00:00:00,0.00010000,
1693036800000,2023-08-26 08:00:00,0.00010000,
1693065600000,2023-08-26 16:00:00,0.00010000,
1693094400000,2023-08-27 00:00:00,0.00010000,
1693123200000,2023-08-27 08:00:00,0.00010000,
1693152000000,2023-08-27 16:00:00,0.00010000,
1693180800000,2023-08-28 00:00:00,0.00010000,
1693209600001,2023-08-28 08:00:00,0.00010000,
1693238400001,2023-08-28 16:00:00,0.00010000,
1693267200000,2023-08-29 00:00:00,0.00010000,
1693296000000,2023-08-29 08:00:00,0.00010000,
1693324800000,2023-08-29 16:00:00,-0.00028790,
1693353600000,2023-08-30 00:00:00,0.00010000,
1693382400000,2023-08-30 08:00:00,0.00010000,
1693411200000,2023-08-30 16:00:00,0.00010000,
1693440000000,2023-08-31 00:00:00,0.00010000,
1693468800000,2023-08-31 08:00:00,0.00010000,
1693497600000,2023-08-31 16:00:00,0.00010000,
1693526400000,2023-09-01 00:00:00,0.00010000,
1693555200000,2023-09-01 08:00:00,0.00004724,
1693584000001,2023-09-01 16:00:00,0.00000253,
1693612800000,2023-09-02 00:00:00,0.00005491,
1693641600000,2023-09-02 08:00:00,-0.00006326,
1693670400000,2023-09-02 16:00:00,-0.00010643,
1693699200000,2023-09-03 00:00:00,0.00010000,
1693728000000,2023-09-03 08:00:00,0.00005694,
1693756800000,2023-09-03 16:00:00,0.00010000,
1693785600000,2023-09-04 00:00:00,0.00009945,
1693814400000,2023-09-04 08:00:00,-0.00802677,
1693843200000,2023-09-04 16:00:00,-0.00183366,
1693872000000,2023-09-05 00:00:00,-0.00080174,
1693900800000,2023-09-05 08:00:00,-0.00080931,
1693929600000,2023-09-05 16:00:00,0.00010000,
1693958400000,2023-09-06 00:00:00,0.00004396,
1693987200000,2023-09-06 08:00:00,0.00010000,
1694016000001,2023-09-06 16:00:00,0.00010000,
1694044800000,2023-09-07 00:00:00,0.00010000,
1694073600000,2023-09-07 08:00:00,0.00010000,
1694102400000,2023-09-07 16:00:00,0.00010000,
1694131200000,2023-09-08 00:00:00,0.00010000,
1694160000000,2023-09-08 08:00:00,0.00010000,
1694188800000,2023-09-08 16:00:00,0.00010000,
1694217600000,2023-09-09 00:00:00,0.00010000,
1694246400000,2023-09-09 08:00:00,-0.00000841,
1694275200000,2023-09-09 16:00:00,0.00010000,
1694304000000,2023-09-10 00:00:00,0.00010000,
1694332800000,2023-09-10 08:00:00,0.00010000,
1694361600000,2023-09-10 16:00:00,0.00010000,
1694390400000,2023-09-11 00:00:00,-0.00000437,
1694419200000,2023-09-11 08:00:00,-0.00001873,
1694448000001,2023-09-11 16:00:00,0.00007203,
1694476800000,2023-09-12 00:00:00,0.00010000,
1694505600000,2023-09-12 08:00:00,0.00003921,
1694534400000,2023-09-12 16:00:00,-0.00011051,
1694563200000,2023-09-13 00:00:00,-0.00004368,
1694592000000,2023-09-13 08:00:00,0.00010000,
1694620800000,2023-09-13 16:00:00,0.00010000,
1694649600000,2023-09-14 00:00:00,0.00010000,
1694678400001,2023-09-14 08:00:00,0.00008288,
1694707200000,2023-09-14 16:00:00,0.00010000,
1694736000000,2023-09-15 00:00:00,0.00000769,
1694764800000,2023-09-15 08:00:00,-0.00004624,
1694793600000,2023-09-15 16:00:00,0.00010000,
1694822400000,2023-09-16 00:00:00,0.00010000,
1694851200000,2023-09-16 08:00:00,0.00010000,
1694880000000,2023-09-16 16:00:00,0.00010000,
1694908800000,2023-09-17 00:00:00,0.00010000,
1694937600000,2023-09-17 08:00:00,0.00008472,
1694966400000,2023-09-17 16:00:00,0.00010000,
1694995200000,2023-09-18 00:00:00,0.00010000,
1695024000000,2023-09-18 08:00:00,0.00010000,
1695052800000,2023-09-18 16:00:00,0.00010000,
1695081600000,2023-09-19 00:00:00,0.00008216,
1695110400001,2023-09-19 08:00:00,0.00010000,
1695139200000,2023-09-19 16:00:00,0.00010000,
1695168000000,2023-09-20 00:00:00,-0.00014004,
1695196800000,2023-09-20 08:00:00,0.00010000,
1695225600000,2023-09-20 16:00:00,0.00010000,
1695254400001,2023-09-21 00:00:00,0.00010000,
1695283200000,2023-09-21 08:00:00,0.00003737,
1695312000000,2023-09-21 16:00:00,0.00010000,
1695340800000,2023-09-22 00:00:00,0.00010000,
1695369600000,2023-09-22 08:00:00,0.00010000,
1695398400000,2023-09-22 16:00:00,0.00000141,
1695427200000,2023-09-23 00:00:00,0.00010000,
1695456000000,2023-09-23 08:00:00,0.00010000,
1695484800000,2023-09-23 16:00:00,0.00010000,
1695513600000,2023-09-24 00:00:00,0.00010000,
1695542400000,2023-09-24 08:00:00,0.00010000,
1695571200000,2023-09-24 16:00:00,0.00010000,
1695600000000,2023-09-25 00:00:00,0.00010000,
1695628800000,2023-09-25 08:00:00,0.00010000,
1695657600000,2023-09-25 16:00:00,0.00010000,
1695686400000,2023-09-26 00:00:00,0.00010000,
1695715200000,2023-09-26 08:00:00,0.00007906,
1695744000000,2023-09-26 16:00:00,0.00010000,
1695772800000,2023-09-27 00:00:00,0.00010000,
1695801600001,2023-09-27 08:00:00,0.00010000,
1695830400000,2023-09-27 16:00:00,0.00010000,
1695859200000,2023-09-28 00:00:00,0.00010000,
1695888000000,2023-09-28 08:00:00,0.00010000,
1695916800000,2023-09-28 16:00:00,0.00010000,
1695945600000,2023-09-29 00:00:00,0.00010000,
1695974400000,2023-09-29 08:00:00,0.00009332,
1696003200000,2023-09-29 16:00:00,0.00010000,
1696032000000,2023-09-30 00:00:00,0.00010000,
1696060800000,2023-09-30 08:00:00,0.00010000,
1696089600000,2023-09-30 16:00:00,0.00010000,
1696118400000,2023-10-01 00:00:00,0.00010000,
1696147200000,2023-10-01 08:00:00,0.00010000,
1696176000000,2023-10-01 16:00:00,0.00009396,
1696204800000,2023-10-02 00:00:00,0.00010000,
1696233600000,2023-10-02 08:00:00,0.00010000,
1696262400000,2023-10-02 16:00:00,0.00010000,
1696291200000,2023-10-03 00:00:00,0.00010000,
1696320000000,2023-10-03 08:00:00,0.00010000,
1696348800000,2023-10-03 16:00:00,0.00010000,
1696377600000,2023-10-04 00:00:00,0.00010000,
1696406400000,2023-10-04 08:00:00,0.00010000,
1696435200000,2023-10-04 16:00:00,-0.00000845,
1696464000000,2023-10-05 00:00:00,0.00010000,
1696492800000,2023-10-05 08:00:00,0.00010000,
1696521600001,2023-10-05 16:00:00,0.00006760,
1696550400000,2023-10-06 00:00:00,0.00010000,
1696579200000,2023-10-06 08:00:00,0.00010000,
1696608000000,2023-10-06 16:00:00,0.00010000,
1696636800000,2023-10-07 00:00:00,0.00010000,
1696665600000,2023-10-07 08:00:00,0.00010000,
1696694400000,2023-10-07 16:00:00,0.00010000,
1696723200000,2023-10-08 00:00:00,0.00010000,
1696752000001,2023-10-08 08:00:00,0.00010000,
1696780800000,2023-10-08 16:00:00,0.00004398,
1696809600000,2023-10-09 00:00:00,-0.00002740,
1696838400000,2023-10-09 08:00:00,-0.00006018,
1696867200000,2023-10-09 16:00:00,0.00010000,
1696896000000,2023-10-10 00:00:00,0.00010000,
1696924800000,2023-10-10 08:00:00,-0.00007220,
1696953600000,2023-10-10 16:00:00,0.00010000,
1696982400000,2023-10-11 00:00:00,0.00006180,
1697011200000,2023-10-11 08:00:00,-0.00001415,
1697040000000,2023-10-11 16:00:00,0.00010000,
1697068800000,2023-10-12 00:00:00,0.00000755,
1697097600000,2023-10-12 08:00:00,0.00004385,
1697126400000,2023-10-12 16:00:00,0.00010000,
1697155200000,2023-10-13 00:00:00,0.00007650,
1697184000000,2023-10-13 08:00:00,0.00010000,
1697212800000,2023-10-13 16:00:00,-0.00005454,
1697241600000,2023-10-14 00:00:00,-0.00014613,
1697270400000,2023-10-14 08:00:00,0.00010000,
1697299200000,2023-10-14 16:00:00,-0.00004088,
1697328000000,2023-10-15 00:00:00,0.00010000,
1697356800000,2023-10-15 08:00:00,0.00010000,
1697385600000,2023-10-15 16:00:00,0.00010000,
1697414400000,2023-10-16 00:00:00,0.00010000,
1697443200000,2023-10-16 08:00:00,0.00009460,
1697472000000,2023-10-16 16:00:00,0.00010000,
1697500800000,2023-10-17 00:00:00,0.00010000,
1697529600000,2023-10-17 08:00:00,0.00009300,
1697558400000,2023-10-17 16:00:00,0.00007103,
1697587200000,2023-10-18 00:00:00,0.00010000,
1697616000000,2023-10-18 08:00:00,0.00010000,
1697644800000,2023-10-18 16:00:00,-0.00018935,
1697673600000,2023-10-19 00:00:00,-0.00006909,
1697702400001,2023-10-19 08:00:00,0.00010000,
1697731200000,2023-10-19 16:00:00,-0.00012119,
1697760000000,2023-10-20 00:00:00,0.00010000,
1697788800005,2023-10-20 08:00:00,0.00010000,
1697817600000,2023-10-20 16:00:00,-0.00013327,
1697846400000,2023-10-21 00:00:00,0.00010000,
1697875200000,2023-10-21 08:00:00,0.00010000,
1697904000000,2023-10-21 16:00:00,0.00010000,
1697932800000,2023-10-22 00:00:00,0.00010000,
1697961600000,2023-10-22 08:00:00,0.00010000,
1697990400000,2023-10-22 16:00:00,0.00010000,
1698019200000,2023-10-23 00:00:00,0.00010000,
1698048000001,2023-10-23 08:00:00,0.00007209,
1698076800001,2023-10-23 16:00:00,0.00000352,
1698105600000,2023-10-24 00:00:00,0.00010000,
1698134400000,2023-10-24 08:00:00,0.00010000,
1698163200000,2023-10-24 16:00:00,0.00010000,
1698192000000,2023-10-25 00:00:00,0.00010000,
1698220800000,2023-10-25 08:00:00,0.00010000,
1698249600001,2023-10-25 16:00:00,0.00010000,
1698278400001,2023-10-26 00:00:00,0.00010000,
1698307200000,2023-10-26 08:00:00,0.00010000,
1698336000000,2023-10-26 16:00:00,0.00010401,
1698364800000,2023-10-27 00:00:00,0.00010000,
1698393600000,2023-10-27 08:00:00,0.00010000,
1698422400000,2023-10-27 16:00:00,0.00011194,
1698451200000,2023-10-28 00:00:00,0.00010000,
1698480000001,2023-10-28 08:00:00,0.00024348,
1698508800000,2023-10-28 16:00:00,0.00019711,
1698537600000,2023-10-29 00:00:00,0.00010000,
1698566400000,2023-10-29 08:00:00,0.00010000,
1698595200000,2023-10-29 16:00:00,0.00015318,
1698624000000,2023-10-30 00:00:00,0.00010000,
1698652800000,2023-10-30 08:00:00,0.00020528,
1698681600000,2023-10-30 16:00:00,0.00015619,
1698710400001,2023-10-31 00:00:00,0.00010000,
1698739200000,2023-10-31 08:00:00,0.00011737,0.96095701
1698768000000,2023-10-31 16:00:00,0.00010000,0.90737085
1698796800000,2023-11-01 00:00:00,0.00010000,0.93400000
1698825600000,2023-11-01 08:00:00,0.00010000,0.91484638
1698854400000,2023-11-01 16:00:00,0.00010000,0.91194396
1698883200001,2023-11-02 00:00:00,0.00044055,0.96378496
1698912000000,2023-11-02 08:00:00,0.00049184,0.97717540
1698940800000,2023-11-02 16:00:00,0.00024830,0.93385522
1698969600000,2023-11-03 00:00:00,0.00010000,0.93500000
1698998400000,2023-11-03 08:00:00,0.00010000,0.91555393
1699027200000,2023-11-03 16:00:00,0.00010000,0.93238468
1699056000000,2023-11-04 00:00:00,0.00019264,0.93762478
1699084800000,2023-11-04 08:00:00,0.00019424,0.97400000
1699113600000,2023-11-04 16:00:00,0.00010000,0.96300000
1699142400000,2023-11-05 00:00:00,0.00010000,0.96938592
1699171200000,2023-11-05 08:00:00,0.00018075,1.00650501
1699200000000,2023-11-05 16:00:00,0.00022059,0.98383407
1699228800000,2023-11-06 00:00:00,0.00022988,1.00969057
1699257600001,2023-11-06 08:00:00,0.00010000,1.03391310
1699286400000,2023-11-06 16:00:00,0.00010000,1.06062676
1699315200001,2023-11-07 00:00:00,0.00028083,1.07600000
1699344000000,2023-11-07 08:00:00,0.00012013,1.08100000
1699372800000,2023-11-07 16:00:00,0.00010000,1.03900000
1699401600000,2023-11-08 00:00:00,0.00016884,1.05324345
1699430400000,2023-11-08 08:00:00,0.00016887,1.04553206
1699459200000,2023-11-08 16:00:00,0.00010000,1.03800000
1699488000000,2023-11-09 00:00:00,0.00010000,1.05300000
1699516800000,2023-11-09 08:00:00,0.00010000,1.09546786
1699545600000,2023-11-09 16:00:00,0.00012294,1.14000000
1699574400000,2023-11-10 00:00:00,0.00010000,1.07975735
1699603200000,2023-11-10 08:00:00,0.00010000,1.16516107
1699632000000,2023-11-10 16:00:00,0.00010000,1.12152518
1699660800000,2023-11-11 00:00:00,0.00032858,1.15092291
1699689600000,2023-11-11 08:00:00,0.00010000,1.15408854
1699718400000,2023-11-11 16:00:00,0.00028087,1.14874787
1699747200000,2023-11-12 00:00:00,0.00010000,1.16617226
1699776000000,2023-11-12 08:00:00,0.00017403,1.19300000
1699804800001,2023-11-12 16:00:00,0.00023440,1.15400000
1699833600000,2023-11-13 00:00:00,0.00032073,1.18700000
1699862400000,2023-11-13 08:00:00,0.00010000,1.20923665
1699891200000,2023-11-13 16:00:00,0.00010000,1.18031713
1699920000000,2023-11-14 00:00:00,0.00010000,1.10723013
1699948800000,2023-11-14 08:00:00,0.00010000,1.12609108
1699977600001,2023-11-14 16:00:00,0.00010000,1.09263783
1700006400000,2023-11-15 00:00:00,0.00010000,1.06999552
1700035200000,2023-11-15 08:00:00,0.00010000,1.09273001
1700064000000,2023-11-15 16:00:00,0.00010000,1.11900000
1700092800000,2023-11-16 00:00:00,0.00011729,1.12458000
1700121600000,2023-11-16 08:00:00,0.00029482,1.13800000
1700150400001,2023-11-16 16:00:00,0.00010000,1.06408124
1700179200000,2023-11-17 00:00:00,0.00010000,1.04316357
1700208000001,2023-11-17 08:00:00,0.00010000,1.04839788
1700236800001,2023-11-17 16:00:00,0.00010000,0.99123644
1700265600000,2023-11-18 00:00:00,0.00010000,1.04515563
1700294400000,2023-11-18 08:00:00,0.00019465,1.00443653
1700323200000,2023-11-18 16:00:00,0.00010000,1.03201939
1700352000000,2023-11-19 00:00:00,0.00010000,1.02800000
1700380800000,2023-11-19 08:00:00,0.00015732,1.03500000
1700409600000,2023-11-19 16:00:00,0.00010000,1.05400000
1700438400000,2023-11-20 00:00:00,0.00010000,1.08962571
1700467200000,2023-11-20 08:00:00,0.00035626,1.10000000
1700496000000,2023-11-20 16:00:00,0.00010000,1.10271476
1700524800000,2023-11-21 00:00:00,0.00017331,1.09788147
1700553600000,2023-11-21 08:00:00,0.00010000,1.08190522
1700582400000,2023-11-21 16:00:00,0.00010000,1.04300000
1700611200000,2023-11-22 00:00:00,0.00010000,0.96800000
1700640000000,2023-11-22 08:00:00,0.00010000,1.00273868
1700668800000,2023-11-22 16:00:00,0.00010000,1.00787568
1700697600000,2023-11-23 00:00:00,0.00010000,1.03581438
1700726400000,2023-11-23 08:00:00,0.00010000,1.04100000
1700755200001,2023-11-23 16:00:00,0.00010000,1.01282850
1700784000000,2023-11-24 00:00:00,0.00010000,1.03036356
1700812800000,2023-11-24 08:00:00,0.00010000,1.06098590
1700841600000,2023-11-24 16:00:00,0.00010000,1.08700000
1700870400000,2023-11-25 00:00:00,0.00010000,1.05900000
1700899200000,2023-11-25 08:00:00,0.00010000,1.08764545
1700928000000,2023-11-25 16:00:00,0.00010000,1.07000000
1700956800000,2023-11-26 00:00:00,0.00010000,1.07300000
1700985600000,2023-11-26 08:00:00,0.00010000,1.06427488
1701014400000,2023-11-26 16:00:00,0.00010000,1.04600000
1701043200000,2023-11-27 00:00:00,0.00010000,1.05698828
1701072000001,2023-11-27 08:00:00,0.00010000,1.02862440
1701100800000,2023-11-27 16:00:00,0.00010000,1.00303711
1701129600000,2023-11-28 00:00:00,0.00010000,1.01783126
1701158400000,2023-11-28 08:00:00,0.00010000,0.99900000
1701187200000,2023-11-28 16:00:00,0.00010000,1.04652740
1701216000001,2023-11-29 00:00:00,0.00010000,1.05400000
1701244800000,2023-11-29 08:00:00,0.00010000,1.06362697
1701273600000,2023-11-29 16:00:00,0.00010000,1.07403314
1701302400000,2023-11-30 00:00:00,0.00010000,1.09214827
1701331200000,2023-11-30 08:00:00,0.00010000,1.10575638
1701360000000,2023-11-30 16:00:00,0.00010000,1.08649419
1701388800000,2023-12-01 00:00:00,0.00010000,1.08143031
1701417600000,2023-12-01 08:00:00,0.00010000,1.10142822
1701446400000,2023-12-01 16:00:00,0.00016323,1.11200000
1701475200000,2023-12-02 00:00:00,0.00010000,1.10400000
1701504000000,2023-12-02 08:00:00,0.00010000,1.12164259
1701532800000,2023-12-02 16:00:00,0.00027854,1.10600000
1701561600000,2023-12-03 00:00:00,0.00019712,1.10800000
1701590400000,2023-12-03 08:00:00,0.00010000,1.10600000
1701619200000,2023-12-03 16:00:00,0.00020245,1.06900000
1701648000000,2023-12-04 00:00:00,0.00028638,1.09200000
1701676800000,2023-12-04 08:00:00,0.00065066,1.12259270
1701705600000,2023-12-04 16:00:00,0.00014838,1.11600000
1701734400000,2023-12-05 00:00:00,0.00014412,1.15900000
1701763200000,2023-12-05 08:00:00,0.00010000,1.18900000
1701792000000,2023-12-05 16:00:00,0.00010000,1.18400000
1701820800000,2023-12-06 00:00:00,0.00011243,1.19700000
1701849600000,2023-12-06 08:00:00,0.00032199,1.16200000
1701878400000,2023-12-06 16:00:00,0.00010000,1.13288423
1701907200000,2023-12-07 00:00:00,0.00014470,1.15100000
1701936000000,2023-12-07 08:00:00,0.00022151,1.16700000
1701964800000,2023-12-07 16:00:00,0.00022692,1.16400000
1701993600000,2023-12-08 00:00:00,0.00032341,1.17500000
1702022400000,2023-12-08 08:00:00,0.00033732,1.17637026
1702051200000,2023-12-08 16:00:00,0.00036611,1.18018563
1702080000000,2023-12-09 00:00:00,0.00052419,1.20800000
1702108800000,2023-12-09 08:00:00,0.00035942,1.24200000
1702137600000,2023-12-09 16:00:00,0.00056337,1.21407596
1702166400000,2023-12-10 00:00:00,0.00029241,1.18300000
1702195200000,2023-12-10 08:00:00,0.00021776,1.21900000
1702224000000,2023-12-10 16:00:00,0.00041383,1.19700000
1702252800000,2023-12-11 00:00:00,0.00039487,1.20209446
1702281600000,2023-12-11 08:00:00,0.00010000,1.09657177
1702310400000,2023-12-11 16:00:00,0.00010000,1.08259796
1702339200000,2023-12-12 00:00:00,0.00010000,1.08600000
1702368000000,2023-12-12 08:00:00,0.00028444,1.10155153
1702396800000,2023-12-12 16:00:00,0.00010000,1.14285006
1702425600000,2023-12-13 00:00:00,0.00040526,1.14461891
1702454400000,2023-12-13 08:00:00,0.00010000,1.10001673
1702483200001,2023-12-13 16:00:00,0.00029116,1.13600000
1702512000000,2023-12-14 00:00:00,0.00023016,1.14977438
1702540800000,2023-12-14 08:00:00,0.00021197,1.15503691
1702569600000,2023-12-14 16:00:00,0.00010090,1.16564525
1702598400000,2023-12-15 00:00:00,0.00034669,1.17500000
1702627200000,2023-12-15 08:00:00,0.00029462,1.13972673
1702656000000,2023-12-15 16:00:00,0.00038250,1.12894214
1702684800000,2023-12-16 00:00:00,0.00010000,1.11129828
1702713600000,2023-12-16 08:00:00,0.00022909,1.14433713
1702742400001,2023-12-16 16:00:00,0.00045136,1.18600000
1702771200000,2023-12-17 00:00:00,0.00025903,1.19418403
1702800000000,2023-12-17 08:00:00,0.00010000,1.17890896
1702828800000,2023-12-17 16:00:00,0.00021193,1.21300000
1702857600000,2023-12-18 00:00:00,0.00041014,1.17777460
1702886400001,2023-12-18 08:00:00,0.00011855,1.09794712
1702915200000,2023-12-18 16:00:00,0.00010000,1.11200000
1702944000000,2023-12-19 00:00:00,0.00010000,1.13620677
1702972800000,2023-12-19 08:00:00,0.00010324,1.15300000
1703001600000,2023-12-19 16:00:00,0.00016071,1.14391090
1703030400000,2023-12-20 00:00:00,0.00011163,1.13298075
1703059200000,2023-12-20 08:00:00,0.00011013,1.18000000
1703088000000,2023-12-20 16:00:00,0.00010000,1.21251130
1703116800000,2023-12-21 00:00:00,0.00035382,1.22756328
1703145600000,2023-12-21 08:00:00,0.00022894,1.21800000
1703174400000,2023-12-21 16:00:00,0.00024960,1.22300000
1703203200000,2023-12-22 00:00:00,0.00035871,1.22761281
1703232000000,2023-12-22 08:00:00,0.00028845,1.26873125
1703260800000,2023-12-22 16:00:00,0.00021812,1.24500000
1703289600000,2023-12-23 00:00:00,0.00057221,1.25500000
1703318400001,2023-12-23 08:00:00,0.00024312,1.23461169
1703347200000,2023-12-23 16:00:00,0.00010000,1.32500000
1703376000000,2023-12-24 00:00:00,0.00019019,1.34400000
1703404800000,2023-12-24 08:00:00,0.00022820,1.42300000
1703433600000,2023-12-24 16:00:00,0.00017117,1.33583950
1703462400000,2023-12-25 00:00:00,0.00024211,1.34514133
1703491200000,2023-12-25 08:00:00,0.00012758,1.37431092
1703520000000,2023-12-25 16:00:00,0.00020555,1.38700000
1703548800000,2023-12-26 00:00:00,0.00070891,1.39690866
1703577600000,2023-12-26 08:00:00,0.00028879,1.41038702
1703606400000,2023-12-26 16:00:00,0.00032607,1.40000000
1703635200000,2023-12-27 00:00:00,0.00018656,1.38700000
1703664000000,2023-12-27 08:00:00,0.00037518,1.45301204
1703692800000,2023-12-27 16:00:00,0.00040487,1.54775764
1703721600000,2023-12-28 00:00:00,0.00064345,1.50500000
1703750400000,2023-12-28 08:00:00,0.00102933,1.46200000
1703779200000,2023-12-28 16:00:00,0.00057800,1.51263063
1703808000001,2023-12-29 00:00:00,0.00041388,1.46700000
1703836800000,2023-12-29 08:00:00,0.00054075,1.42471493
1703865600000,2023-12-29 16:00:00,0.00069049,1.47017510
1703894400001,2023-12-30 00:00:00,0.00054249,1.49500000
1703923200000,2023-12-30 08:00:00,0.00035984,1.42487152
1703952000000,2023-12-30 16:00:00,0.00040058,1.44073217
1703980800000,2023-12-31 00:00:00,0.00033228,1.41211314
1704009600001,2023-12-31 08:00:00,0.00052772,1.42939611
1704038400000,2023-12-31 16:00:00,0.00046118,1.37462376
1704067200000,2024-01-01 00:00:00,0.00051024,1.34472751
1704096000000,2024-01-01 08:00:00,0.00030189,1.35700000
1704124800000,2024-01-01 16:00:00,0.00053464,1.45300000
1704153600000,2024-01-02 00:00:00,0.00046322,1.43200000
1704182400000,2024-01-02 08:00:00,0.00068211,1.49675445
1704211200000,2024-01-02 16:00:00,0.00060840,1.45244198
1704240000000,2024-01-03 00:00:00,0.00033779,1.44179677
1704268800000,2024-01-03 08:00:00,0.00035734,1.43800000
1704297600000,2024-01-03 16:00:00,0.00010000,1.29392967
1704326400000,2024-01-04 00:00:00,0.00010000,1.24500000
1704355200000,2024-01-04 08:00:00,0.00010000,1.25452090
1704384000000,2024-01-04 16:00:00,0.00010000,1.27550946
1704412800001,2024-01-05 00:00:00,0.00010000,1.24587300
1704441600000,2024-01-05 08:00:00,0.00010000,1.20188483
1704470400000,2024-01-05 16:00:00,0.00010000,1.17778245
1704499200000,2024-01-06 00:00:00,0.00010000,1.21900000
1704528000000,2024-01-06 08:00:00,0.00010000,1.16400000
1704556800000,2024-01-06 16:00:00,0.00010000,1.22500000
1704585600000,2024-01-07 00:00:00,0.00010000,1.19066386
1704614400001,2024-01-07 08:00:00,0.00010000,1.22787844
1704643200001,2024-01-07 16:00:00,0.00010000,1.17700000
1704672000000,2024-01-08 00:00:00,0.00010000,1.12614009
1704700800000,2024-01-08 08:00:00,0.00010000,1.11400000
1704729600000,2024-01-08 16:00:00,0.00010000,1.15044320
1704758400001,2024-01-09 00:00:00,0.00010000,1.20900000
1704787200000,2024-01-09 08:00:00,0.00010000,1.19100000
1704816000000,2024-01-09 16:00:00,0.00010000,1.11544800
1704844800000,2024-01-10 00:00:00,0.00010000,1.14500000
1704873600000,2024-01-10 08:00:00,0.00010000,1.14100000
1704902400000,2024-01-10 16:00:00,0.00010000,1.15010814
1704931200000,2024-01-11 00:00:00,0.00010000,1.23065914
1704960000000,2024-01-11 08:00:00,0.00010000,1.26470675
1704988800000,2024-01-11 16:00:00,0.00010000,1.27418852
1705017600001,2024-01-12 00:00:00,0.00010000,1.29900000
1705046400000,2024-01-12 08:00:00,0.00010000,1.31482079
1705075200000,2024-01-12 16:00:00,0.00010000,1.26686288
1705104000000,2024-01-13 00:00:00,0.00010000,1.22392247
1705132800000,2024-01-13 08:00:00,0.00010000,1.22574752
1705161600001,2024-01-13 16:00:00,0.00010000,1.23175726
1705190400000,2024-01-14 00:00:00,0.00010000,1.24700000
1705219200000,2024-01-14 08:00:00,0.00010000,1.23300000
1705248000001,2024-01-14 16:00:00,0.00010000,1.22788432
1705276800000,2024-01-15 00:00:00,0.00010000,1.17669028
1705305600000,2024-01-15 08:00:00,0.00010000,1.21122811
1705334400000,2024-01-15 16:00:00,0.00010000,1.19200000
1705363200000,2024-01-16 00:00:00,0.00010000,1.21500000
1705392000000,2024-01-16 08:00:00,0.00010000,1.23954753
1705420800001,2024-01-16 16:00:00,0.00010000,1.27005896
1705449600000,2024-01-17 00:00:00,0.00010000,1.26779997
1705478400000,2024-01-17 08:00:00,0.00010000,1.23107546
1705507200000,2024-01-17 16:00:00,0.00010000,1.21890973
1705536000001,2024-01-18 00:00:00,0.00010000,1.21100000
1705564800000,2024-01-18 08:00:00,0.00010000,1.22800000
1705593600000,2024-01-18 16:00:00,0.00010000,1.18600000
1705622400000,2024-01-19 00:00:00,0.00010000,1.12451738
1705651200000,2024-01-19 08:00:00,0.00010000,1.11201869
1705680000002,2024-01-19 16:00:00,0.00010000,1.08683882
1705708800000,2024-01-20 00:00:00,0.00010000,1.11131028
1705737600003,2024-01-20 08:00:00,0.00010000,1.16291158
1705766400000,2024-01-20 16:00:00,0.00010000,1.36192004
1705795200000,2024-01-21 00:00:00,0.00010000,1.24809046
1705824000000,2024-01-21 08:00:00,0.00010000,1.23300299
1705852800000,2024-01-21 16:00:00,0.00010000,1.23895495
1705881600000,2024-01-22 00:00:00,0.00010000,1.27400000
1705910400000,2024-01-22 08:00:00,0.00010000,1.21353543
1705939200000,2024-01-22 16:00:00,0.00010000,1.20188565
1705968000000,2024-01-23 00:00:00,0.00010000,1.22838677
1705996800000,2024-01-23 08:00:00,0.00010000,1.22879358
1706025600000,2024-01-23 16:00:00,0.00010000,1.10732061
1706054400000,2024-01-24 00:00:00,0.00010000,1.14101953
1706083200000,2024-01-24 08:00:00,0.00010000,1.13448454
1706112000000,2024-01-24 16:00:00,0.00010000,1.12640666
1706140800000,2024-01-25 00:00:00,0.00010000,1.12845079
1706169600001,2024-01-25 08:00:00,0.00010000,1.12087626
1706198400000,2024-01-25 16:00:00,0.00010000,1.09868224
1706227200001,2024-01-26 00:00:00,0.00010000,1.11698206
1706256000000,2024-01-26 08:00:00,0.00010000,1.11957544
1706284800000,2024-01-26 16:00:00,0.00010000,1.15837233
1706313600000,2024-01-27 00:00:00,0.00010000,1.15900000
1706342400000,2024-01-27 08:00:00,0.00010000,1.14214766
1706371200000,2024-01-27 16:00:00,0.00010000,1.15414505
1706400000000,2024-01-28 00:00:00,0.00010000,1.19379275
1706428800000,2024-01-28 08:00:00,0.00010000,1.19312325
1706457600000,2024-01-28 16:00:00,0.00010000,1.17103493
1706486400000,2024-01-29 00:00:00,0.00010000,1.15300000
1706515200001,2024-01-29 08:00:00,0.00010000,1.16817646
1706544000000,2024-01-29 16:00:00,0.00010000,1.17900000
1706572800000,2024-01-30 00:00:00,0.00010000,1.18000000
1706601600000,2024-01-30 08:00:00,0.00010000,1.16272618
1706630400001,2024-01-30 16:00:00,0.00010000,1.15981072
1706659200000,2024-01-31 00:00:00,0.00010000,1.14800000
1706688000000,2024-01-31 08:00:00,0.00010000,1.14555035
1706716800000,2024-01-31 16:00:00,0.00010000,1.11981600
1706745600000,2024-02-01 00:00:00,0.00010000,1.10559160
1706774400000,2024-02-01 08:00:00,0.00010000,1.09320800
1706803200002,2024-02-01 16:00:00,0.00010000,1.10757383
1706832000000,2024-02-02 00:00:00,0.00010000,1.11487217
1706860800000,2024-02-02 08:00:00,0.00010000,1.12591552
1706889600000,2024-02-02 16:00:00,0.00010000,1.12400000
1706918400000,2024-02-03 00:00:00,0.00010000,1.12318584
1706947200000,2024-02-03 08:00:00,0.00010000,1.11846648
1706976000001,2024-02-03 16:00:00,0.00010000,1.11689324
1707004800000,2024-02-04 00:00:00,0.00010000,1.10937361
1707033600004,2024-02-04 08:00:00,0.00010000,1.09346095
1707062400000,2024-02-04 16:00:00,0.00010000,1.10254690
1707091200000,2024-02-05 00:00:00,0.00010000,1.08400000
1707120000000,2024-02-05 08:00:00,0.00010000,1.10215998
1707148800000,2024-02-05 16:00:00,0.00010000,1.08515168
1707177600000,2024-02-06 00:00:00,0.00010000,1.09699349
1707206400001,2024-02-06 08:00:00,0.00010000,1.10825393
1707235200000,2024-02-06 16:00:00,0.00010000,1.11100000
1707264000000,2024-02-07 00:00:00,0.00010000,1.11299398
1707292800000,2024-02-07 08:00:00,-0.00598304,1.13892563
1707321600000,2024-02-07 16:00:00,-0.00013872,1.15062909
1707350400000,2024-02-08 00:00:00,0.00010000,1.18200000
1707379200000,2024-02-08 08:00:00,0.00010000,1.20677483
1707408000000,2024-02-08 16:00:00,0.00010000,1.21000000
1707436800000,2024-02-09 00:00:00,0.00010000,1.21965831
1707465600000,2024-02-09 08:00:00,0.00010000,1.23793324
1707494400001,2024-02-09 16:00:00,0.00010000,1.22428467
1707523200001,2024-02-10 00:00:00,0.00010000,1.24410913
1707552000000,2024-02-10 08:00:00,0.00010000,1.25392088
1707580800000,2024-02-10 16:00:00,0.00010000,1.26400000
1707609600000,2024-02-11 00:00:00,0.00010305,1.25600000
1707638400001,2024-02-11 08:00:00,0.00010000,1.26067563
1707667200000,2024-02-11 16:00:00,0.00031774,1.25062714
1707696000000,2024-02-12 00:00:00,0.00010000,1.23669665
1707724800000,2024-02-12 08:00:00,0.00019329,1.22400000
1707753600000,2024-02-12 16:00:00,0.00026733,1.25556847
1707782400000,2024-02-13 00:00:00,0.00026176,1.28465372
1707811200000,2024-02-13 08:00:00,0.00040841,1.31000000
1707840000000,2024-02-13 16:00:00,0.00047109,1.28408036
1707868800000,2024-02-14 00:00:00,0.00022437,1.29262932
1707897600000,2024-02-14 08:00:00,0.00040668,1.32200000
1707926400000,2024-02-14 16:00:00,0.00055595,1.33959417
1707955200000,2024-02-15 00:00:00,0.00041344,1.34120198
1707984000000,2024-02-15 08:00:00,0.00070565,1.35400000
1708012800000,2024-02-15 16:00:00,0.00065773,1.36612715
1708041600000,2024-02-16 00:00:00,0.00062225,1.36037959
1708070400000,2024-02-16 08:00:00,0.00068048,1.36000000
1708099200000,2024-02-16 16:00:00,0.00043713,1.38698173
1708128000000,2024-02-17 00:00:00,0.00034440,1.42721943
1708156800000,2024-02-17 08:00:00,0.00057791,1.41020325
1708185600000,2024-02-17 16:00:00,0.00026781,1.43400000
1708214400000,2024-02-18 00:00:00,0.00037256,1.46000000
1708243200000,2024-02-18 08:00:00,0.00038015,1.55981575
1708272000000,2024-02-18 16:00:00,0.00038302,1.57435051
1708300800000,2024-02-19 00:00:00,0.00034061,1.58700000
1708329600000,2024-02-19 08:00:00,0.00038763,1.59613914
1708358400000,2024-02-19 16:00:00,0.00048059,1.61772161
1708387200000,2024-02-20 00:00:00,0.00072419,1.63400000
1708416000000,2024-02-20 08:00:00,0.00060652,1.62291697
1708444800000,2024-02-20 16:00:00,0.00035165,1.48098721
1708473600000,2024-02-21 00:00:00,0.00016188,1.56200000
1708502400000,2024-02-21 08:00:00,0.00033689,1.47745278
1708531200000,2024-02-21 16:00:00,0.00010000,1.43337911
1708560000001,2024-02-22 00:00:00,0.00020620,1.47141912
1708588800001,2024-02-22 08:00:00,0.00018407,1.49600000
1708617600000,2024-02-22 16:00:00,0.00018612,1.50391483
1708646400000,2024-02-23 00:00:00,0.00031884,1.47132399
1708675200000,2024-02-23 08:00:00,0.00028365,1.45100000
1708704000000,2024-02-23 16:00:00,0.00045134,1.46145393
1708732800000,2024-02-24 00:00:00,0.00026622,1.46500000
1708761600001,2024-02-24 08:00:00,0.00032568,1.46764020
1708790400000,2024-02-24 16:00:00,0.00034213,1.51600000
1708819200001,2024-02-25 00:00:00,0.00024436,1.51947754
1708848000000,2024-02-25 08:00:00,0.00029026,1.51250419
1708876800000,2024-02-25 16:00:00,0.00024540,1.52447533
1708905600000,2024-02-26 00:00:00,0.00042535,1.53156921
1708934400000,2024-02-26 08:00:00,0.00067047,1.54169197
1708963200000,2024-02-26 16:00:00,0.00050531,1.57300000
1708992000000,2024-02-27 00:00:00,0.00067642,1.58129475
1709020800000,2024-02-27 08:00:00,0.00072387,1.56487702
1709049600000,2024-02-27 16:00:00,0.00038640,1.53391615
1709078400000,2024-02-28 00:00:00,0.00036230,1.58163603
1709107200000,2024-02-28 08:00:00,0.00053169,1.61400000
1709136000000,2024-02-28 16:00:00,0.00089368,1.66068544
1709164800000,2024-02-29 00:00:00,0.00052877,1.63900000
1709193600000,2024-02-29 08:00:00,0.00071477,1.72000000
1709222400000,2024-02-29 16:00:00,0.00063396,1.77900000
1709251200000,2024-03-01 00:00:00,0.00076668,1.77040854
1709280000000,2024-03-01 08:00:00,0.00085988,1.78200000
1709308800000,2024-03-01 16:00:00,0.00052673,1.81787009
1709337600000,2024-03-02 00:00:00,0.00059377,1.90900000
1709366400001,2024-03-02 08:00:00,0.00105550,1.96700000
1709395200000,2024-03-02 16:00:00,0.00077300,1.95800000
1709424000000,2024-03-03 00:00:00,0.00091662,2.03600000
1709452800000,2024-03-03 08:00:00,0.00118450,1.93888254
1709481600000,2024-03-03 16:00:00,0.00069207,1.93776317
1709510400000,2024-03-04 00:00:00,0.00070285,1.92632014
1709539200000,2024-03-04 08:00:00,0.00107737,1.91557090
1709568000000,2024-03-04 16:00:00,0.00083017,1.97200000
1709596800000,2024-03-05 00:00:00,0.00077080,1.97880060
1709625600000,2024-03-05 08:00:00,0.00129929,2.23400750
1709654400000,2024-03-05 16:00:00,0.00122255,2.09685323
1709683200000,2024-03-06 00:00:00,0.00024235,2.01100000
1709712000001,2024-03-06 08:00:00,0.00032240,2.03800000
1709740800000,2024-03-06 16:00:00,0.00029265,2.00295770
1709769600000,2024-03-07 00:00:00,0.00037079,2.01300000
1709798400000,2024-03-07 08:00:00,0.00021561,2.20094466
1709827200000,2024-03-07 16:00:00,0.00057968,2.35700000
1709856000000,2024-03-08 00:00:00,0.00051750,2.34158495
1709884800000,2024-03-08 08:00:00,0.00087181,2.32749096
1709913600000,2024-03-08 16:00:00,0.00071212,2.20100000
1709942400000,2024-03-09 00:00:00,0.00060108,2.27400000
1709971200001,2024-03-09 08:00:00,0.00074855,2.35100000
1710000000000,2024-03-09 16:00:00,0.00114438,2.29000000
1710028800000,2024-03-10 00:00:00,0.00097307,2.37960295
1710057600000,2024-03-10 08:00:00,0.00109713,2.36237671
1710086400000,2024-03-10 16:00:00,0.00063220,2.26115772
1710115200000,2024-03-11 00:00:00,0.00066417,2.32200000
1710144000000,2024-03-11 08:00:00,0.00072112,2.33300000
1710172800000,2024-03-11 16:00:00,0.00065173,2.32900000
1710201600000,2024-03-12 00:00:00,0.00072864,2.36496565
1710230400000,2024-03-12 08:00:00,0.00058876,2.34176814
1710259200000,2024-03-12 16:00:00,0.00039738,2.32773062
1710288000000,2024-03-13 00:00:00,0.00027661,2.35996069
1710316800001,2024-03-13 08:00:00,0.00056474,2.46464111
1710345600000,2024-03-13 16:00:00,0.00078193,2.31343125
1710374400001,2024-03-14 00:00:00,0.00047033,2.34200000
1710403200000,2024-03-14 08:00:00,0.00086056,2.24916786
1710432000000,2024-03-14 16:00:00,0.00080433,2.14600000
1710460800000,2024-03-15 00:00:00,0.00074852,2.21500813
1710489600000,2024-03-15 08:00:00,0.00033180,2.07200000
1710518400000,2024-03-15 16:00:00,0.00018285,1.99691189
1710547200000,2024-03-16 00:00:00,0.00018266,2.06389581
1710576000000,2024-03-16 08:00:00,0.00048115,2.07397929
1710604800000,2024-03-16 16:00:00,0.00025927,1.95700000
1710633600000,2024-03-17 00:00:00,0.00028288,1.85700000
1710662400000,2024-03-17 08:00:00,0.00010000,1.79600000
1710691200000,2024-03-17 16:00:00,0.00010000,1.97857738
1710720000000,2024-03-18 00:00:00,0.00010000,1.98600000
1710748800000,2024-03-18 08:00:00,0.00010000,1.98842339
1710777600001,2024-03-18 16:00:00,0.00017999,1.92900000
1710806400000,2024-03-19 00:00:00,0.00024910,1.89280877
1710835200000,2024-03-19 08:00:00,0.00014741,1.75300000
1710864000001,2024-03-19 16:00:00,0.00019348,1.79159780
1710892800000,2024-03-20 00:00:00,0.00014588,1.69957276
1710921600004,2024-03-20 08:00:00,0.00026290,1.75609581
1710950400000,2024-03-20 16:00:00,0.00010000,1.73584204
1710979200000,2024-03-21 00:00:00,0.00010000,1.88098321
1711008000000,2024-03-21 08:00:00,0.00027406,1.85500000
1711036800000,2024-03-21 16:00:00,0.00018915,1.84067472
1711065600000,2024-03-22 00:00:00,0.00018079,1.84311869
1711094400000,2024-03-22 08:00:00,0.00018563,1.90898669
1711123200000,2024-03-22 16:00:00,0.00010997,1.81423456
1711152000000,2024-03-23 00:00:00,0.00023457,1.81786740
1711180800000,2024-03-23 08:00:00,0.00010000,1.84200000
1711209600000,2024-03-23 16:00:00,0.00010000,1.85677369
1711238400000,2024-03-24 00:00:00,0.00013121,1.81823261
1711267200000,2024-03-24 08:00:00,0.00024823,1.80290188
1711296000000,2024-03-24 16:00:00,0.00010000,1.86075744
1711324800000,2024-03-25 00:00:00,0.00010000,1.91806770
1711353600001,2024-03-25 08:00:00,0.00010000,1.93351088
1711382400000,2024-03-25 16:00:00,0.00010000,2.03701488
1711411200000,2024-03-26 00:00:00,0.00024909,2.01900000
1711440000000,2024-03-26 08:00:00,0.00035039,2.03915110
1711468800000,2024-03-26 16:00:00,0.00046907,2.00177369
1711497600000,2024-03-27 00:00:00,0.00050236,2.02300000
1711526400001,2024-03-27 08:00:00,0.00034860,1.98402933
1711555200000,2024-03-27 16:00:00,0.00038533,1.95025483
1711584000000,2024-03-28 00:00:00,0.00035593,2.03738245
1711612800000,2024-03-28 08:00:00,0.00010000,2.17060983
1711641600000,2024-03-28 16:00:00,0.00042359,2.16090808
1711670400000,2024-03-29 00:00:00,0.00040190,2.17800000
1711699200000,2024-03-29 08:00:00,0.00024882,2.16372198
1711728000000,2024-03-29 16:00:00,0.00030439,2.26760303
1711756800000,2024-03-30 00:00:00,0.00059714,2.22300000
1711785600000,2024-03-30 08:00:00,0.00072035,2.17209906
1711814400000,2024-03-30 16:00:00,0.00047173,2.16772312
1711843200000,2024-03-31 00:00:00,0.00084786,2.13227870
1711872000000,2024-03-31 08:00:00,0.00055016,2.15700000
1711900800001,2024-03-31 16:00:00,0.00054815,2.13463120
1711929600000,2024-04-01 00:00:00,0.00081068,2.13463425
1711958400000,2024-04-01 08:00:00,0.00067774,2.05200000
1711987200000,2024-04-01 16:00:00,0.00041193,1.92408057
1712016000007,2024-04-02 00:00:00,0.00029164,1.97235930
1712044800015,2024-04-02 08:00:00,0.00029813,1.82289794
1712073600000,2024-04-02 16:00:00,0.00010000,1.78400000
1712102400000,2024-04-03 00:00:00,0.00010000,1.79104512
1712131200000,2024-04-03 08:00:00,0.00010000,1.80614132
1712160000000,2024-04-03 16:00:00,0.00010000,1.79600000
1712188800000,2024-04-04 00:00:00,0.00010000,1.79179324
1712217600000,2024-04-04 08:00:00,0.00019714,1.79891440
1712246400000,2024-04-04 16:00:00,0.00010000,1.83992519
1712275200000,2024-04-05 00:00:00,0.00010000,1.83300000
1712304000000,2024-04-05 08:00:00,0.00011277,1.75434086
1712332800000,2024-04-05 16:00:00,0.00010000,1.79100000
1712361600000,2024-04-06 00:00:00,0.00010000,1.76646237
1712390400000,2024-04-06 08:00:00,0.00010000,1.79300000
1712419200000,2024-04-06 16:00:00,0.00010000,1.77791655
1712448000000,2024-04-07 00:00:00,0.00010000,1.80200000
1712476800000,2024-04-07 08:00:00,0.00014056,1.81392887
1712505600000,2024-04-07 16:00:00,0.00010000,1.83500000
1712534400001,2024-04-08 00:00:00,0.00020801,1.84200000
1712563200000,2024-04-08 08:00:00,0.00019694,1.85682417
1712592000006,2024-04-08 16:00:00,0.00025538,1.93500000
1712620800000,2024-04-09 00:00:00,0.00036695,1.94800000
1712649600001,2024-04-09 08:00:00,0.00022650,1.88797311
1712678400001,2024-04-09 16:00:00,0.00025727,1.85600000
1712707200000,2024-04-10 00:00:00,0.00034368,1.83200000
1712736000001,2024-04-10 08:00:00,0.00021005,1.81500000
1712764800000,2024-04-10 16:00:00,0.00010000,1.77694786
1712793600000,2024-04-11 00:00:00,0.00010000,1.81846870
1712822400000,2024-04-11 08:00:00,0.00010000,1.80300000
1712851200000,2024-04-11 16:00:00,0.00017526,1.74998108
1712880000000,2024-04-12 00:00:00,0.00010503,1.74900000
1712908800001,2024-04-12 08:00:00,0.00010000,1.75547439
1712937600000,2024-04-12 16:00:00,0.00015194,1.64600000
1712966400000,2024-04-13 00:00:00,0.00010000,1.39064824
1712995200000,2024-04-13 08:00:00,0.00010000,1.38280352
1713024000001,2024-04-13 16:00:00,0.00010000,1.38200000
1713052800000,2024-04-14 00:00:00,0.00010000,1.12463930
1713081600000,2024-04-14 08:00:00,0.00010000,1.25340870
1713110400000,2024-04-14 16:00:00,0.00010000,1.19700000
1713139200000,2024-04-15 00:00:00,0.00010000,1.25737507
1713168000001,2024-04-15 08:00:00,0.00010000,1.29100000
1713196800000,2024-04-15 16:00:00,0.00010000,1.23784305
1713225600001,2024-04-16 00:00:00,0.00010000,1.17911895
1713254400000,2024-04-16 08:00:00,0.00010000,1.19755215
1713283200000,2024-04-16 16:00:00,0.00010000,1.13246779
1713312000000,2024-04-17 00:00:00,0.00010000,1.18500000
1713340800000,2024-04-17 08:00:00,0.00010000,1.18400000
1713369600000,2024-04-17 16:00:00,0.00010000,1.12399610
1713398400000,2024-04-18 00:00:00,0.00010000,1.15791734
1713427200000,2024-04-18 08:00:00,0.00010000,1.14113909
1713456000000,2024-04-18 16:00:00,0.00010000,1.19600000
1713484800001,2024-04-19 00:00:00,0.00010000,1.19244621
1713513600000,2024-04-19 08:00:00,0.00010000,1.21319911
1713542400000,2024-04-19 16:00:00,0.00010000,1.21100000
1713571200000,2024-04-20 00:00:00,0.00010000,1.17764602
1713600000000,2024-04-20 08:00:00,0.00004645,1.20270270
1713628800000,2024-04-20 16:00:00,0.00010000,1.24494214
1713657600000,2024-04-21 00:00:00,0.00010000,1.29949627
1713686400000,2024-04-21 08:00:00,0.00010000,1.28100000
1713715200000,2024-04-21 16:00:00,0.00010000,1.26000000
1713744000000,2024-04-22 00:00:00,0.00010000,1.26811806
1713772800000,2024-04-22 08:00:00,0.00010000,1.29100000
1713801600000,2024-04-22 16:00:00,0.00010000,1.28952902
1713830400000,2024-04-23 00:00:00,0.00010000,1.29100000
1713859200000,2024-04-23 08:00:00,0.00010000,1.26888836
1713888000001,2024-04-23 16:00:00,0.00010000,1.28600000
1713916800000,2024-04-24 00:00:00,0.00010000,1.29292836
1713945600000,2024-04-24 08:00:00,0.00010000,1.31604613
1713974400000,2024-04-24 16:00:00,0.00010000,1.24500000
1714003200000,2024-04-25 00:00:00,0.00010000,1.22786573
1714032000000,2024-04-25 08:00:00,0.00010000,1.19495986
1714060800010,2024-04-25 16:00:00,0.00010000,1.24400000
1714089600001,2024-04-26 00:00:00,0.00010000,1.23020028
1714118400000,2024-04-26 08:00:00,0.00010000,1.19700000
1714147200000,2024-04-26 16:00:00,0.00010000,1.20606820
1714176000000,2024-04-27 00:00:00,0.00010000,1.19406763
1714204800001,2024-04-27 08:00:00,0.00010000,1.18023056
1714233600000,2024-04-27 16:00:00,0.00010000,1.19374914
1714262400000,2024-04-28 00:00:00,0.00010000,1.23059414
1714291200000,2024-04-28 08:00:00,0.00010000,1.24280455
1714320000000,2024-04-28 16:00:00,0.00010000,1.21800000
1714348800000,2024-04-29 00:00:00,0.00010000,1.18947094
1714377600000,2024-04-29 08:00:00,0.00010000,1.15981432
1714406400000,2024-04-29 16:00:00,0.00010000,1.16800000
1714435200000,2024-04-30 00:00:00,0.00010000,1.18300000
1714464000000,2024-04-30 08:00:00,0.00010000,1.17141294
1714492800000,2024-04-30 16:00:00,0.00010000,1.08715960
1714521600000,2024-05-01 00:00:00,0.00010000,1.10900000
1714550400000,2024-05-01 08:00:00,0.00010000,1.04600000
1714579200000,2024-05-01 16:00:00,0.00010000,1.05700000
1714608000000,2024-05-02 00:00:00,0.00010000,1.10000000
1714636800000,2024-05-02 08:00:00,0.00010000,1.07200000
1714665600002,2024-05-02 16:00:00,0.00010000,1.11700000
1714694400000,2024-05-03 00:00:00,0.00010000,1.14198436
1714723200000,2024-05-03 08:00:00,0.00010000,1.12000000
1714752000000,2024-05-03 16:00:00,0.00010000,1.16360900
1714780800000,2024-05-04 00:00:00,0.00001679,1.16954582
1714809600000,2024-05-04 08:00:00,-0.00004726,1.15844253
1714838400000,2024-05-04 16:00:00,0.00010000,1.17500000
1714867200000,2024-05-05 00:00:00,0.00010000,1.16800000
1714896000000,2024-05-05 08:00:00,0.00010000,1.15000000
1714924800000,2024-05-05 16:00:00,0.00010000,1.19500000
1714953600000,2024-05-06 00:00:00,0.00010000,1.18702356
1714982400000,2024-05-06 08:00:00,0.00010000,1.20446277
1715011200000,2024-05-06 16:00:00,0.00010000,1.19433464
1715040000000,2024-05-07 00:00:00,0.00010000,1.18280637
1715068800000,2024-05-07 08:00:00,0.00010000,1.16692781
1715097600000,2024-05-07 16:00:00,0.00005635,1.20056447
1715126400000,2024-05-08 00:00:00,0.00010000,1.17122085
1715155200000,2024-05-08 08:00:00,0.00010000,1.12723037
1715184000000,2024-05-08 16:00:00,0.00010000,1.17000000
1715212800000,2024-05-09 00:00:00,0.00008222,1.19094078
1715241600000,2024-05-09 08:00:00,0.00009044,1.19800000
1715270400000,2024-05-09 16:00:00,0.00005171,1.28593179
1715299200000,2024-05-10 00:00:00,0.00009672,1.28029668
1715328000000,2024-05-10 08:00:00,0.00010000,1.26729242
1715356800000,2024-05-10 16:00:00,0.00010000,1.25100000
1715385600000,2024-05-11 00:00:00,0.00002031,1.22321187
1715414400000,2024-05-11 08:00:00,0.00010000,1.24600000
1715443200000,2024-05-11 16:00:00,0.00010000,1.24857452
1715472000000,2024-05-12 00:00:00,0.00003089,1.22396455
1715500800000,2024-05-12 08:00:00,0.00008510,1.21147447
1715529600000,2024-05-12 16:00:00,0.00010000,1.23589820
1715558400001,2024-05-13 00:00:00,0.00002974,1.20513262
1715587200001,2024-05-13 08:00:00,0.00010000,1.17200000
1715616000000,2024-05-13 16:00:00,0.00008376,1.18100000
1715644800000,2024-05-14 00:00:00,0.00010000,1.16715621
1715673600000,2024-05-14 08:00:00,0.00010000,1.16255787
1715702400000,2024-05-14 16:00:00,0.00010000,1.13400000
1715731200000,2024-05-15 00:00:00,0.00008888,1.10600000
1715760000000,2024-05-15 08:00:00,-0.00000540,1.12075637
1715788800000,2024-05-15 16:00:00,0.00010000,1.17140439
1715817600004,2024-05-16 00:00:00,0.00006188,1.18870726
1715846400000,2024-05-16 08:00:00,-0.00000114,1.20800000
1715875200000,2024-05-16 16:00:00,0.00010000,1.15751945
1715904000000,2024-05-17 00:00:00,0.00006096,1.16370797
1715932800000,2024-05-17 08:00:00,0.00010000,1.20700000
1715961600000,2024-05-17 16:00:00,0.00008200,1.23100000
1715990400000,2024-05-18 00:00:00,-0.00000827,1.21577224
1716019200000,2024-05-18 08:00:00,0.00010000,1.24448293
1716048000000,2024-05-18 16:00:00,0.00010000,1.22300000
1716076800000,2024-05-19 00:00:00,0.00010000,1.21698925
1716105600000,2024-05-19 08:00:00,0.00009326,1.19870543
1716134400000,2024-05-19 16:00:00,0.00005318,1.15642368
1716163200000,2024-05-20 00:00:00,-0.00013397,1.13700000
1716192000000,2024-05-20 08:00:00,0.00010000,1.14902406
1716220800003,2024-05-20 16:00:00,0.00001773,1.18095269
1716249600000,2024-05-21 00:00:00,0.00010000,1.27700000
1716278400001,2024-05-21 08:00:00,0.00010000,1.28500000
1716307200000,2024-05-21 16:00:00,0.00010000,1.31666951
1716336000000,2024-05-22 00:00:00,0.00010000,1.33089097
1716364800000,2024-05-22 08:00:00,0.00010000,1.31081655
1716393600000,2024-05-22 16:00:00,0.00010000,1.30739701
1716422400000,2024-05-23 00:00:00,0.00010000,1.28213930
1716451200000,2024-05-23 08:00:00,0.00010000,1.33700000
1716480000000,2024-05-23 16:00:00,0.00010000,1.26500000
1716508800000,2024-05-24 00:00:00,0.00010000,1.28000000
1716537600000,2024-05-24 08:00:00,0.00010000,1.26800000
1716566400000,2024-05-24 16:00:00,0.00010000,1.31702398
1716595200000,2024-05-25 00:00:00,0.00010000,1.33170703
1716624000000,2024-05-25 08:00:00,0.00010000,1.33453534
1716652800000,2024-05-25 16:00:00,0.00010000,1.34672031
1716681600000,2024-05-26 00:00:00,0.00010000,1.34478145
1716710400000,2024-05-26 08:00:00,0.00010000,1.32200000
1716739200000,2024-05-26 16:00:00,0.00010000,1.32668877
1716768000000,2024-05-27 00:00:00,0.00010000,1.31981146
1716796800000,2024-05-27 08:00:00,0.00010000,1.31400000
1716825600000,2024-05-27 16:00:00,0.00010000,1.36500000
1716854400000,2024-05-28 00:00:00,0.00010000,1.32322678
1716883200000,2024-05-28 08:00:00,0.00010000,1.27550656
1716912000000,2024-05-28 16:00:00,0.00010000,1.29100000
1716940800001,2024-05-29 00:00:00,0.00010000,1.29588825
1716969600000,2024-05-29 08:00:00,0.00010000,1.30500000
1716998400000,2024-05-29 16:00:00,0.00010000,1.28600000
1717027200000,2024-05-30 00:00:00,0.00010000,1.28227162
1717056000000,2024-05-30 08:00:00,0.00010000,1.25200000
1717084800000,2024-05-30 16:00:00,0.00010000,1.33479009
1717113600000,2024-05-31 00:00:00,0.00010000,1.35900000
1717142400000,2024-05-31 08:00:00,0.00010000,1.38500000
1717171200000,2024-05-31 16:00:00,0.00010000,1.36500000
1717200000000,2024-06-01 00:00:00,0.00010000,1.39400000
1717228800000,2024-06-01 08:00:00,0.00010000,1.44400000
1717257600001,2024-06-01 16:00:00,0.00010000,1.52576393
1717286400000,2024-06-02 00:00:00,-0.00007761,1.72503644
1717315200000,2024-06-02 08:00:00,0.00010000,1.69300000
1717344000000,2024-06-02 16:00:00,0.00010000,1.62900000
1717372800000,2024-06-03 00:00:00,0.00010000,1.66085649
1717401600000,2024-06-03 08:00:00,0.00010000,1.55500000
1717430400000,2024-06-03 16:00:00,0.00010000,1.63455750
1717459200000,2024-06-04 00:00:00,0.00010000,1.67213740
1717488000000,2024-06-04 08:00:00,0.00010000,1.79410192
1717516800000,2024-06-04 16:00:00,0.00010000,1.80200000
1717545600000,2024-06-05 00:00:00,0.00010000,1.72488598
1717574400000,2024-06-05 08:00:00,0.00010000,1.73000000
1717603200000,2024-06-05 16:00:00,0.00010000,1.73844654
1717632000000,2024-06-06 00:00:00,0.00010000,1.73619122
1717660800008,2024-06-06 08:00:00,0.00010000,1.68571726
1717689600000,2024-06-06 16:00:00,0.00010000,1.65300000
1717718400000,2024-06-07 00:00:00,0.00010000,1.63900000
1717747200000,2024-06-07 08:00:00,0.00010000,1.64668201
1717776000000,2024-06-07 16:00:00,0.00010000,1.57339657
1717804800000,2024-06-08 00:00:00,0.00010000,1.45238535
1717833600000,2024-06-08 08:00:00,0.00010000,1.45447308
1717862400000,2024-06-08 16:00:00,0.00010000,1.39265856
1717891200000,2024-06-09 00:00:00,0.00010000,1.36701011
1717920000000,2024-06-09 08:00:00,0.00010000,1.35953173
1717948800001,2024-06-09 16:00:00,0.00010000,1.37203617
1717977600000,2024-06-10 00:00:00,0.00010000,1.35817833
1718006400000,2024-06-10 08:00:00,0.00010000,1.30975730
1718035200001,2024-06-10 16:00:00,0.00010000,1.35997180
1718064000001,2024-06-11 00:00:00,0.00010000,1.31455919
1718092800000,2024-06-11 08:00:00,0.00010000,1.30500000
1718121600000,2024-06-11 16:00:00,0.00010000,1.22944315
1718150400000,2024-06-12 00:00:00,0.00010000,1.24500000
1718179200000,2024-06-12 08:00:00,0.00010000,1.26372868
1718208000000,2024-06-12 16:00:00,0.00010000,1.31943888
1718236800000,2024-06-13 00:00:00,0.00010000,1.29114948
1718265600001,2024-06-13 08:00:00,0.00010000,1.26103655
1718294400000,2024-06-13 16:00:00,0.00010000,1.24100000
1718323200000,2024-06-14 00:00:00,0.00010000,1.24087012
1718352000000,2024-06-14 08:00:00,0.00010000,1.24074825
1718380800000,2024-06-14 16:00:00,0.00010000,1.20707679
1718409600000,2024-06-15 00:00:00,0.00010000,1.16485879
1718438400000,2024-06-15 08:00:00,0.00010000,1.18600000
1718467200000,2024-06-15 16:00:00,0.00010000,1.18500000
1718496000001,2024-06-16 00:00:00,0.00010000,1.14900000
1718524800000,2024-06-16 08:00:00,0.00010000,1.15917319
1718553600000,2024-06-16 16:00:00,0.00010000,1.17621086
1718582400000,2024-06-17 00:00:00,0.00010000,1.16500000
1718611200000,2024-06-17 08:00:00,0.00010000,1.11000000
1718640000000,2024-06-17 16:00:00,0.00010000,1.05700000
1718668800000,2024-06-18 00:00:00,0.00010000,1.05840065
1718697600000,2024-06-18 08:00:00,0.00010000,0.98445247
1718726400000,2024-06-18 16:00:00,0.00010000,0.95724947
1718755200001,2024-06-19 00:00:00,0.00010000,0.96186467
1718784000001,2024-06-19 08:00:00,0.00010000,0.99300000
1718812800000,2024-06-19 16:00:00,0.00010000,0.98084079
1718841600000,2024-06-20 00:00:00,0.00010000,0.99475775
1718870400000,2024-06-20 08:00:00,0.00010000,1.02341502
1718899200000,2024-06-20 16:00:00,0.00010000,0.99100000
1718928000000,2024-06-21 00:00:00,0.00010000,0.99310172
1718956800000,2024-06-21 08:00:00,0.00010000,0.97900000
1718985600000,2024-06-21 16:00:00,0.00010000,0.99452056
1719014400000,2024-06-22 00:00:00,0.00010000,0.98987742
1719043200000,2024-06-22 08:00:00,0.00010000,0.96845594
1719072000000,2024-06-22 16:00:00,0.00010000,0.99300000
1719100800000,2024-06-23 00:00:00,0.00010000,0.99290412
1719129600000,2024-06-23 08:00:00,0.00010000,1.00371485
1719158400000,2024-06-23 16:00:00,0.00010000,0.97169559
1719187200002,2024-06-24 00:00:00,0.00010000,0.95089353
1719216000000,2024-06-24 08:00:00,0.00010000,0.93000000
1719244800000,2024-06-24 16:00:00,0.00010000,0.93928185
1719273600000,2024-06-25 00:00:00,0.00010000,0.97289191
1719302400000,2024-06-25 08:00:00,0.00010000,0.97200000
1719331200000,2024-06-25 16:00:00,0.00010000,1.01022250
1719360000002,2024-06-26 00:00:00,0.00010000,0.99218932
1719388800000,2024-06-26 08:00:00,0.00010000,0.97711999
1719417600000,2024-06-26 16:00:00,0.00010000,0.97300000
1719446400000,2024-06-27 00:00:00,0.00010000,0.98028068
1719475200001,2024-06-27 08:00:00,0.00010000,0.96400000
1719504000000,2024-06-27 16:00:00,0.00010000,0.99900000
1719532800000,2024-06-28 00:00:00,0.00010000,1.00852771
1719561600000,2024-06-28 08:00:00,0.00010000,1.00801467
1719590400000,2024-06-28 16:00:00,0.00010000,1.00893904
1719619200001,2024-06-29 00:00:00,0.00005461,0.97440448
1719648000000,2024-06-29 08:00:00,0.00010000,0.98136818
1719676800000,2024-06-29 16:00:00,0.00010000,0.97143116
1719705600000,2024-06-30 00:00:00,0.00010000,0.95800000
1719734400000,2024-06-30 08:00:00,0.00010000,0.98075986
1719763200000,2024-06-30 16:00:00,0.00010000,0.99400000
1719792000000,2024-07-01 00:00:00,0.00010000,1.02037609
1719820800000,2024-07-01 08:00:00,0.00004432,1.03105581
1719849600001,2024-07-01 16:00:00,0.00010000,1.01300000
1719878400000,2024-07-02 00:00:00,0.00003810,0.99700000
1719907200000,2024-07-02 08:00:00,0.00010000,0.99000000
1719936000000,2024-07-02 16:00:00,0.00010000,0.96226626
1719964800000,2024-07-03 00:00:00,0.00010000,0.96964007
1719993600001,2024-07-03 08:00:00,0.00010000,0.94600000
1720022400000,2024-07-03 16:00:00,0.00010000,0.92752977
1720051200000,2024-07-04 00:00:00,0.00010000,0.90891081
1720080000000,2024-07-04 08:00:00,0.00010000,0.87069012
1720108800000,2024-07-04 16:00:00,0.00010000,0.85608035
1720137600000,2024-07-05 00:00:00,0.00010000,0.80858592
1720166400000,2024-07-05 08:00:00,0.00005681,0.71601340
1720195200000,2024-07-05 16:00:00,0.00010000,0.76379096
1720224000000,2024-07-06 00:00:00,0.00007086,0.75676462
1720252800000,2024-07-06 08:00:00,0.00010000,0.78108492
1720281600000,2024-07-06 16:00:00,0.00010000,0.78933603
1720310400001,2024-07-07 00:00:00,0.00004395,0.81229507
1720339200000,2024-07-07 08:00:00,0.00010000,0.79396963
1720368000000,2024-07-07 16:00:00,-0.00011453,0.79600000
1720396800000,2024-07-08 00:00:00,0.00010000,0.76849757
1720425600000,2024-07-08 08:00:00,0.00010000,0.78118264
1720454400000,2024-07-08 16:00:00,0.00010000,0.79706786
1720483200000,2024-07-09 00:00:00,0.00010000,0.80100000
1720512000001,2024-07-09 08:00:00,0.00010000,0.80731345
1720540800000,2024-07-09 16:00:00,0.00010000,0.81800000
1720569600000,2024-07-10 00:00:00,0.00010000,0.81797514
1720598400000,2024-07-10 08:00:00,0.00010000,0.83229247
1720627200000,2024-07-10 16:00:00,0.00010000,0.83100000
1720656000002,2024-07-11 00:00:00,0.00010000,0.81270436
1720684800002,2024-07-11 08:00:00,0.00010000,0.82407334
1720713600004,2024-07-11 16:00:00,0.00010000,0.81200000
1720742400000,2024-07-12 00:00:00,0.00010000,0.80203669
1720771200000,2024-07-12 08:00:00,0.00010000,0.80438075
1720800000000,2024-07-12 16:00:00,0.00010000,0.81153462
1720828800000,2024-07-13 00:00:00,0.00010000,0.81000000
1720857600000,2024-07-13 08:00:00,0.00010000,0.82400000
1720886400000,2024-07-13 16:00:00,0.00010000,0.81695842
1720915200000,2024-07-14 00:00:00,0.00010000,0.82345390
1720944000000,2024-07-14 08:00:00,0.00010000,0.83015552
1720972800000,2024-07-14 16:00:00,0.00010000,0.82838097
1721001600000,2024-07-15 00:00:00,0.00010000,0.86357862
1721030400000,2024-07-15 08:00:00,0.00010000,0.86890175
1721059200000,2024-07-15 16:00:00,0.00010000,0.84709655
1721088000000,2024-07-16 00:00:00,0.00010000,0.89173778
1721116800000,2024-07-16 08:00:00,0.00009488,0.85200000
1721145600000,2024-07-16 16:00:00,0.00010000,0.88341997
1721174400000,2024-07-17 00:00:00,0.00010000,0.88884242
1721203200001,2024-07-17 08:00:00,0.00010000,0.90801035
1721232000000,2024-07-17 16:00:00,0.00010000,0.88761925
1721260800000,2024-07-18 00:00:00,0.00010000,0.86911713
1721289600000,2024-07-18 08:00:00,0.00007302,0.87661141
1721318400000,2024-07-18 16:00:00,0.00010000,0.85727930
1721347200000,2024-07-19 00:00:00,0.00010000,0.85900000
1721376000000,2024-07-19 08:00:00,0.00010000,0.85500000
1721404800000,2024-07-19 16:00:00,0.00010000,0.87300000
1721433600001,2024-07-20 00:00:00,0.00010000,0.87700000
1721462400000,2024-07-20 08:00:00,0.00010000,0.88612850
1721491200000,2024-07-20 16:00:00,0.00010000,0.89878246
1721520000000,2024-07-21 00:00:00,0.00010000,0.91462252
1721548800000,2024-07-21 08:00:00,0.00010000,0.90807121
1721577600000,2024-07-21 16:00:00,0.00010000,0.91343717
1721606400000,2024-07-22 00:00:00,0.00010000,0.92484951
1721635200000,2024-07-22 08:00:00,0.00010000,0.89000000
1721664000000,2024-07-22 16:00:00,0.00010000,0.88319533
1721692800000,2024-07-23 00:00:00,0.00010000,0.85775667
1721721600000,2024-07-23 08:00:00,0.00010000,0.84567071
1721750400000,2024-07-23 16:00:00,0.00010000,0.87100000
1721779200000,2024-07-24 00:00:00,0.00010000,0.88550423
1721808000000,2024-07-24 08:00:00,0.00010000,0.92742432
1721836800000,2024-07-24 16:00:00,0.00010000,0.90768478
1721865600000,2024-07-25 00:00:00,0.00010000,0.91937494
1721894400000,2024-07-25 08:00:00,0.00010000,0.90328881
1721923200000,2024-07-25 16:00:00,0.00010000,0.92574452
1721952000000,2024-07-26 00:00:00,0.00010000,0.95738727
1721980800000,2024-07-26 08:00:00,0.00010000,0.97700000
1722009600000,2024-07-26 16:00:00,0.00010000,0.96805370
1722038400000,2024-07-27 00:00:00,0.00010000,0.97400000
1722067200000,2024-07-27 08:00:00,0.00010000,0.96300000
1722096000000,2024-07-27 16:00:00,0.00010000,0.95560848
1722124800000,2024-07-28 00:00:00,0.00010000,0.96768336
1722153600000,2024-07-28 08:00:00,0.00010000,0.93400000
1722182400001,2024-07-28 16:00:00,-0.00012486,0.87600000
1722211200001,2024-07-29 00:00:00,-0.00006168,0.86500000
1722240000000,2024-07-29 08:00:00,-0.00044333,0.87123668
1722268800001,2024-07-29 16:00:00,0.00010000,0.87465479
1722297600000,2024-07-30 00:00:00,0.00010000,0.86825770
1722326400001,2024-07-30 08:00:00,0.00010000,0.91258193
1722355200000,2024-07-30 16:00:00,0.00010000,0.88900000
1722384000000,2024-07-31 00:00:00,0.00010000,0.83383179
1722412800000,2024-07-31 08:00:00,0.00010000,0.83754470
1722441600000,2024-07-31 16:00:00,0.00010000,0.83103945
1722470400000,2024-08-01 00:00:00,0.00010000,0.80392718
1722499200000,2024-08-01 08:00:00,0.00010000,0.79300000
1722528000000,2024-08-01 16:00:00,0.00010000,0.76704552
1722556800000,2024-08-02 00:00:00,0.00010000,0.77200000
1722585600001,2024-08-02 08:00:00,0.00010000,0.75121900
1722614400000,2024-08-02 16:00:00,0.00002733,0.72372374
1722643200000,2024-08-03 00:00:00,0.00010000,0.70301233
1722672000000,2024-08-03 08:00:00,0.00010000,0.70508216
1722700800001,2024-08-03 16:00:00,0.00003940,0.68767720
1722729600000,2024-08-04 00:00:00,0.00010000,0.68165157
1722758400000,2024-08-04 08:00:00,0.00010000,0.67851841
1722787200000,2024-08-04 16:00:00,0.00001627,0.64500000
1722816000000,2024-08-05 00:00:00,0.00010000,0.63800000
1722844800000,2024-08-05 08:00:00,0.00010000,0.59487059
1722873600000,2024-08-05 16:00:00,0.00010000,0.66000000
1722902400000,2024-08-06 00:00:00,0.00002720,0.60700000
1722931200000,2024-08-06 08:00:00,-0.00003065,0.64430264
1722960000000,2024-08-06 16:00:00,0.00010000,0.64891492
1722988800000,2024-08-07 00:00:00,0.00010000,0.63567177
1723017600001,2024-08-07 08:00:00,0.00010000,0.64169422
1723046400000,2024-08-07 16:00:00,0.00010000,0.61446305
1723075200001,2024-08-08 00:00:00,0.00010000,0.60327795
1723104000000,2024-08-08 08:00:00,0.00001368,0.63200000
1723132800000,2024-08-08 16:00:00,-0.00004695,0.65900000
1723161600000,2024-08-09 00:00:00,0.00010000,0.67639268
1723190400000,2024-08-09 08:00:00,0.00010000,0.65200000
1723219200000,2024-08-09 16:00:00,0.00008315,0.62600000
1723248000000,2024-08-10 00:00:00,0.00002903,0.64100000
1723276800000,2024-08-10 08:00:00,0.00010000,0.64600000
1723305600000,2024-08-10 16:00:00,0.00010000,0.65400000
1723334400000,2024-08-11 00:00:00,0.00010000,0.66435338
1723363200000,2024-08-11 08:00:00,0.00010000,0.66376321
1723392000001,2024-08-11 16:00:00,0.00010000,0.63311178
1723420800000,2024-08-12 00:00:00,0.00010000,0.61400000
1723449600000,2024-08-12 08:00:00,0.00010000,0.63000000
1723478400000,2024-08-12 16:00:00,0.00006630,0.65900000
1723507200000,2024-08-13 00:00:00,0.00010000,0.65548220
1723536000000,2024-08-13 08:00:00,0.00010000,0.64464650
1723564800000,2024-08-13 16:00:00,0.00010000,0.64499982
1723593600000,2024-08-14 00:00:00,0.00010000,0.66348105
1723622400000,2024-08-14 08:00:00,0.00010000,0.66229866
1723651200000,2024-08-14 16:00:00,-0.00004136,0.64650641
1723680000000,2024-08-15 00:00:00,0.00010000,0.63742510
1723708800000,2024-08-15 08:00:00,0.00010000,0.63601526
1723737600000,2024-08-15 16:00:00,0.00010000,0.63884724
1723766400000,2024-08-16 00:00:00,0.00009809,0.60125920
1723795200000,2024-08-16 08:00:00,0.00010000,0.60800000
1723824000000,2024-08-16 16:00:00,-0.00016514,0.57572937
1723852800000,2024-08-17 00:00:00,-0.00019420,0.58700000
1723881600000,2024-08-17 08:00:00,0.00010000,0.60043583
1723910400000,2024-08-17 16:00:00,0.00010000,0.60600000
1723939200000,2024-08-18 00:00:00,0.00010000,0.61022881
1723968000000,2024-08-18 08:00:00,0.00006828,0.61229465
1723996800000,2024-08-18 16:00:00,0.00010000,0.63400000
1724025600000,2024-08-19 00:00:00,0.00010000,0.61745939
1724054400000,2024-08-19 08:00:00,-0.00006822,0.62817337
1724083200002,2024-08-19 16:00:00,0.00008195,0.62500000
1724112000000,2024-08-20 00:00:00,-0.00000277,0.63567464
1724140800000,2024-08-20 08:00:00,-0.00022325,0.64789296
1724169600001,2024-08-20 16:00:00,0.00010000,0.61970156
1724198400001,2024-08-21 00:00:00,0.00010000,0.62500000
1724227200000,2024-08-21 08:00:00,0.00010000,0.63800000
1724256000001,2024-08-21 16:00:00,0.00007606,0.62700000
1724284800000,2024-08-22 00:00:00,0.00010000,0.64900000
1724313600000,2024-08-22 08:00:00,0.00010000,0.64521016
1724342400008,2024-08-22 16:00:00,0.00010000,0.67000000
1724371200000,2024-08-23 00:00:00,0.00010000,0.68253583
1724400000000,2024-08-23 08:00:00,0.00010000,0.70176228
1724428800000,2024-08-23 16:00:00,0.00010000,0.71659544
1724457600000,2024-08-24 00:00:00,0.00010000,0.73902216
1724486400005,2024-08-24 08:00:00,0.00010000,0.72642566
1724515200000,2024-08-24 16:00:00,0.00010000,0.73379637
1724544000000,2024-08-25 00:00:00,0.00010000,0.73722838
1724572800000,2024-08-25 08:00:00,0.00010000,0.70331401
1724601600000,2024-08-25 16:00:00,0.00010000,0.71205357
1724630400000,2024-08-26 00:00:00,0.00010000,0.70145109
1724659200001,2024-08-26 08:00:00,0.00010000,0.70898134
1724688000000,2024-08-26 16:00:00,0.00010000,0.68600000
1724716800001,2024-08-27 00:00:00,0.00010000,0.65147881
1724745600000,2024-08-27 08:00:00,0.00010000,0.65900000
1724774400000,2024-08-27 16:00:00,0.00010000,0.63600000
1724803200000,2024-08-28 00:00:00,0.00000301,0.60290895
1724832000000,2024-08-28 08:00:00,0.00001832,0.59398288
1724860800001,2024-08-28 16:00:00,0.00005908,0.59381548
1724889600000,2024-08-29 00:00:00,0.00010000,0.59181252
1724918400001,2024-08-29 08:00:00,0.00010000,0.60357871
1724947200000,2024-08-29 16:00:00,0.00010000,0.61479050
1724976000000,2024-08-30 00:00:00,0.00010000,0.60100000
1725004800000,2024-08-30 08:00:00,0.00010000,0.61336681
1725033600000,2024-08-30 16:00:00,0.00010000,0.58776232
1725062400000,2024-08-31 00:00:00,0.00010000,0.60603813
1725091200000,2024-08-31 08:00:00,0.00010000,0.60244197
1725120000000,2024-08-31 16:00:00,0.00010000,0.59594265
1725148800000,2024-09-01 00:00:00,0.00010000,0.59296376
1725177600001,2024-09-01 08:00:00,-0.00005906,0.59710315
1725206400000,2024-09-01 16:00:00,-0.00001246,0.59659587
1725235200001,2024-09-02 00:00:00,0.00010000,0.56551391
1725264000001,2024-09-02 08:00:00,0.00010000,0.57239776
1725292800000,2024-09-02 16:00:00,0.00010000,0.59728803
1725321600000,2024-09-03 00:00:00,-0.00001951,0.60006636
1725350400001,2024-09-03 08:00:00,0.00010000,0.60392556
1725379200000,2024-09-03 16:00:00,-0.00001464,0.56200000
1725408000000,2024-09-04 00:00:00,0.00006621,0.54752410
1725436800000,2024-09-04 08:00:00,0.00010000,0.54600000
1725465600000,2024-09-04 16:00:00,0.00010000,0.58634694
1725494400000,2024-09-05 00:00:00,0.00010000,0.59500000
1725523200000,2024-09-05 08:00:00,0.00010000,0.59796400
1725552000005,2024-09-05 16:00:00,0.00010000,0.58353856
1725580800000,2024-09-06 00:00:00,0.00005308,0.58340848
1725609600001,2024-09-06 08:00:00,0.00010000,0.57255749
1725638400000,2024-09-06 16:00:00,0.00010000,0.58159438
1725667200000,2024-09-07 00:00:00,0.00010000,0.56346339
1725696000000,2024-09-07 08:00:00,0.00010000,0.56697242
1725724800000,2024-09-07 16:00:00,0.00010000,0.57800000
1725753600000,2024-09-08 00:00:00,0.00010000,0.56511415
1725782400000,2024-09-08 08:00:00,0.00010000,0.58534128
1725811200000,2024-09-08 16:00:00,0.00010000,0.58625309
1725840000000,2024-09-09 00:00:00,0.00010000,0.61026964
1725868800000,2024-09-09 08:00:00,0.00008053,0.60515314
1725897600001,2024-09-09 16:00:00,-0.00003888,0.58624745
1725926400000,2024-09-10 00:00:00,0.00006560,0.60955225
1725955200000,2024-09-10 08:00:00,0.00005004,0.60940324
1725984000000,2024-09-10 16:00:00,-0.00000047,0.60500000
1726012800000,2024-09-11 00:00:00,0.00010000,0.60623896
1726041600000,2024-09-11 08:00:00,-0.00001347,0.60978230
1726070400000,2024-09-11 16:00:00,0.00005441,0.61808971
1726099200000,2024-09-12 00:00:00,0.00001029,0.62900000
1726128000000,2024-09-12 08:00:00,0.00009786,0.62640833
1726156800000,2024-09-12 16:00:00,0.00010000,0.61339015
1726185600000,2024-09-13 00:00:00,0.00010000,0.63040393
1726214400001,2024-09-13 08:00:00,0.00010000,0.61700000
1726243200001,2024-09-13 16:00:00,0.00009406,0.63600000
1726272000000,2024-09-14 00:00:00,0.00010000,0.63909250
1726300800000,2024-09-14 08:00:00,0.00003061,0.62500000
1726329600001,2024-09-14 16:00:00,0.00010000,0.61866328
1726358400000,2024-09-15 00:00:00,0.00010000,0.62140258
1726387200000,2024-09-15 08:00:00,0.00010000,0.62700000
1726416000000,2024-09-15 16:00:00,0.00010000,0.61575565
1726444800000,2024-09-16 00:00:00,0.00010000,0.60000000
1726473600001,2024-09-16 08:00:00,0.00010000,0.60125036
1726502400000,2024-09-16 16:00:00,0.00010000,0.59575613
1726531200001,2024-09-17 00:00:00,0.00010000,0.59639373
1726560000000,2024-09-17 08:00:00,0.00010000,0.60014639
1726588800000,2024-09-17 16:00:00,0.00010000,0.61000000
1726617600000,2024-09-18 00:00:00,0.00010000,0.60846148
1726646400000,2024-09-18 08:00:00,0.00010000,0.61342833
1726675200004,2024-09-18 16:00:00,0.00003429,0.59601460
1726704000000,2024-09-19 00:00:00,0.00010000,0.62505907
1726732800000,2024-09-19 08:00:00,0.00010000,0.64821301
1726761600001,2024-09-19 16:00:00,0.00010000,0.65452441
1726790400000,2024-09-20 00:00:00,0.00010000,0.64982530
1726819200001,2024-09-20 08:00:00,0.00010000,0.67700000
1726848000000,2024-09-20 16:00:00,0.00006478,0.65000000
1726876800001,2024-09-21 00:00:00,0.00010000,0.66000000
1726905600000,2024-09-21 08:00:00,0.00006146,0.65200000
1726934400000,2024-09-21 16:00:00,0.00010000,0.66000000
1726963200000,2024-09-22 00:00:00,0.00010000,0.66555981
1726992000000,2024-09-22 08:00:00,0.00002919,0.65148105
1727020800000,2024-09-22 16:00:00,0.00006630,0.62913165
1727049600000,2024-09-23 00:00:00,0.00005373,0.64000000
1727078400000,2024-09-23 08:00:00,0.00010000,0.65489765
1727107200000,2024-09-23 16:00:00,0.00010000,0.65513119
1727136000000,2024-09-24 00:00:00,0.00010000,0.65700000
1727164800000,2024-09-24 08:00:00,0.00010000,0.65851168
1727193600001,2024-09-24 16:00:00,0.00010000,0.63900000
1727222400000,2024-09-25 00:00:00,0.00010000,0.66682801
1727251200003,2024-09-25 08:00:00,0.00010000,0.65248133
1727280000000,2024-09-25 16:00:00,0.00010000,0.65412986
1727308800005,2024-09-26 00:00:00,0.00010000,0.64473119
1727337600000,2024-09-26 08:00:00,0.00010000,0.66638770
1727366400000,2024-09-26 16:00:00,0.00010000,0.66525508
1727395200000,2024-09-27 00:00:00,0.00010000,0.67787468
1727424000000,2024-09-27 08:00:00,0.00010000,0.70200000
1727452800000,2024-09-27 16:00:00,0.00010000,0.69888912
1727481600000,2024-09-28 00:00:00,0.00010000,0.69731672
1727510400001,2024-09-28 08:00:00,0.00010000,0.66829517
1727539200000,2024-09-28 16:00:00,0.00010000,0.67858438
1727568000001,2024-09-29 00:00:00,0.00010000,0.67900000
1727596800000,2024-09-29 08:00:00,0.00010000,0.66251310
1727625600000,2024-09-29 16:00:00,0.00010000,0.68006652
1727654400000,2024-09-30 00:00:00,0.00010000,0.67061424
1727683200001,2024-09-30 08:00:00,0.00010000,0.67822319
1727712000000,2024-09-30 16:00:00,0.00008739,0.65100000
1727740800000,2024-10-01 00:00:00,0.00010000,0.64600000
1727769600000,2024-10-01 08:00:00,0.00010000,0.66700000
1727798400001,2024-10-01 16:00:00,0.00010000,0.64210217
1727827200000,2024-10-02 00:00:00,0.00010000,0.62026742
1727856000000,2024-10-02 08:00:00,0.00010000,0.65855660
1727884800000,2024-10-02 16:00:00,0.00010000,0.65388679
1727913600000,2024-10-03 00:00:00,0.00010000,0.62815646
1727942400000,2024-10-03 08:00:00,0.00010000,0.62200000
1727971200000,2024-10-03 16:00:00,0.00010000,0.62600000
1728000000000,2024-10-04 00:00:00,0.00010000,0.62650804
1728028800000,2024-10-04 08:00:00,0.00010000,0.63785344
1728057600001,2024-10-04 16:00:00,0.00010000,0.64387609
1728086400000,2024-10-05 00:00:00,0.00010000,0.64730407
1728115200000,2024-10-05 08:00:00,0.00010000,0.67487956
1728144000000,2024-10-05 16:00:00,0.00010000,0.69051384
1728172800000,2024-10-06 00:00:00,0.00010000,0.68146474
1728201600001,2024-10-06 08:00:00,0.00006049,0.70400000
1728230400000,2024-10-06 16:00:00,0.00010000,0.68990078
1728259200000,2024-10-07 00:00:00,0.00004702,0.70494675
1728288000000,2024-10-07 08:00:00,0.00010000,0.69591257
1728316800001,2024-10-07 16:00:00,0.00010000,0.68716516
1728345600000,2024-10-08 00:00:00,0.00010000,0.67886627
1728374400000,2024-10-08 08:00:00,0.00010000,0.68100000
1728403200000,2024-10-08 16:00:00,0.00007149,0.65900000
1728432000000,2024-10-09 00:00:00,0.00010000,0.66347999
1728460800000,2024-10-09 08:00:00,0.00010000,0.66100000
1728489600000,2024-10-09 16:00:00,0.00010000,0.65615213
1728518400000,2024-10-10 00:00:00,0.00010000,0.65449394
1728547200000,2024-10-10 08:00:00,-0.00000389,0.65935438
1728576000000,2024-10-10 16:00:00,0.00010000,0.65315685
1728604800000,2024-10-11 00:00:00,0.00007833,0.65388654
1728633600000,2024-10-11 08:00:00,0.00010000,0.66008231
1728662400001,2024-10-11 16:00:00,0.00010000,0.67633300
1728691200000,2024-10-12 00:00:00,0.00010000,0.68935868
1728720000001,2024-10-12 08:00:00,0.00010000,0.69900000
1728748800000,2024-10-12 16:00:00,0.00001175,0.69700000
1728777600000,2024-10-13 00:00:00,0.00010000,0.69123430
1728806400000,2024-10-13 08:00:00,0.00010000,0.70100000
1728835200000,2024-10-13 16:00:00,0.00010000,0.66100000
1728864000000,2024-10-14 00:00:00,0.00010000,0.68827449
1728892800000,2024-10-14 08:00:00,0.00010000,0.70000000
1728921600000,2024-10-14 16:00:00,0.00010000,0.69904708
1728950400000,2024-10-15 00:00:00,0.00010000,0.70423907
1728979200000,2024-10-15 08:00:00,0.00010000,0.70500000
1729008000000,2024-10-15 16:00:00,0.00010000,0.68000000
1729036800000,2024-10-16 00:00:00,0.00010000,0.69071447
1729065600001,2024-10-16 08:00:00,0.00010000,0.66200000
1729094400000,2024-10-16 16:00:00,0.00001590,0.66700000
1729123200000,2024-10-17 00:00:00,0.00010000,0.67657409
1729152000000,2024-10-17 08:00:00,0.00010000,0.66793524
1729180800001,2024-10-17 16:00:00,0.00010000,0.66758784
1729209600010,2024-10-18 00:00:00,0.00010000,0.66000575
1729238400001,2024-10-18 08:00:00,0.00010000,0.66728049
1729267200000,2024-10-18 16:00:00,0.00010000,0.67239583
1729296000000,2024-10-19 00:00:00,0.00010000,0.68444674
1729324800000,2024-10-19 08:00:00,0.00010000,0.68645555
1729353600000,2024-10-19 16:00:00,0.00010000,0.69587730
1729382400000,2024-10-20 00:00:00,0.00010000,0.70636047
1729411200000,2024-10-20 08:00:00,0.00010000,0.72465307
1729440000000,2024-10-20 16:00:00,0.00010000,0.73200000
1729468800000,2024-10-21 00:00:00,0.00010000,0.74281741
1729497600000,2024-10-21 08:00:00,0.00010000,0.69604070
1729526400000,2024-10-21 16:00:00,0.00010000,0.70247780
1729555200000,2024-10-22 00:00:00,0.00008103,0.68720946
1729584000000,2024-10-22 08:00:00,0.00010000,0.69004257
1729612800000,2024-10-22 16:00:00,0.00010000,0.69657700
1729641600000,2024-10-23 00:00:00,0.00010000,0.69512648
1729670400000,2024-10-23 08:00:00,0.00010000,0.67500000
1729699200000,2024-10-23 16:00:00,0.00010000,0.68104158
1729728000000,2024-10-24 00:00:00,0.00010000,0.69706439
1729756800000,2024-10-24 08:00:00,-0.00017245,0.71292808
1729785600000,2024-10-24 16:00:00,0.00010000,0.69973223
1729814400000,2024-10-25 00:00:00,0.00010000,0.71596308
1729843200000,2024-10-25 08:00:00,0.00010000,0.68805871
1729872000000,2024-10-25 16:00:00,0.00010000,0.68600000
1729900800000,2024-10-26 00:00:00,0.00010000,0.64637837
1729929600001,2024-10-26 08:00:00,0.00010000,0.64660693
1729958400000,2024-10-26 16:00:00,0.00010000,0.61702265
1729987200000,2024-10-27 00:00:00,0.00010000,0.63181372
1730016000000,2024-10-27 08:00:00,0.00010000,0.63300000
1730044800000,2024-10-27 16:00:00,0.00010000,0.63415995
1730073600000,2024-10-28 00:00:00,0.00010000,0.64100000
1730102400001,2024-10-28 08:00:00,0.00010000,0.63100819
1730131200000,2024-10-28 16:00:00,0.00010000,0.61600000
1730160000000,2024-10-29 00:00:00,0.00010000,0.63500000
1730188800000,2024-10-29 08:00:00,0.00010000,0.64100000
1730217600004,2024-10-29 16:00:00,0.00010000,0.64359416
1730246400000,2024-10-30 00:00:00,0.00010000,0.66363174
1730275200000,2024-10-30 08:00:00,0.00010000,0.68877137
1730304000013,2024-10-30 16:00:00,0.00010000,0.65919371
1730332800000,2024-10-31 00:00:00,0.00010000,0.66264869
1730361600000,2024-10-31 08:00:00,0.00010000,0.65068189
1730390400000,2024-10-31 16:00:00,0.00010000,0.62842838
1730419200000,2024-11-01 00:00:00,0.00010000,0.61582414
1730448000000,2024-11-01 08:00:00,0.00010000,0.59826961
1730476800000,2024-11-01 16:00:00,0.00010000,0.60000000
1730505600000,2024-11-02 00:00:00,0.00010000,0.60500000
1730534400000,2024-11-02 08:00:00,0.00010000,0.60469886
1730563200000,2024-11-02 16:00:00,0.00010000,0.59819081
1730592000000,2024-11-03 00:00:00,0.00010000,0.59551834
1730620800000,2024-11-03 08:00:00,0.00010000,0.58422982
1730649600000,2024-11-03 16:00:00,0.00010000,0.54900000
1730678400000,2024-11-04 00:00:00,0.00010000,0.56551407
1730707200000,2024-11-04 08:00:00,0.00010000,0.56442289
1730736000000,2024-11-04 16:00:00,0.00010000,0.56158432
1730764800000,2024-11-05 00:00:00,0.00010000,0.54600000
1730793600003,2024-11-05 08:00:00,0.00010000,0.56277879
1730822400001,2024-11-05 16:00:00,0.00010000,0.57684042
1730851200000,2024-11-06 00:00:00,0.00010000,0.56906536
1730880000000,2024-11-06 08:00:00,0.00010000,0.60508851
1730908800000,2024-11-06 16:00:00,0.00010000,0.61647138
1730937600000,2024-11-07 00:00:00,0.00010000,0.63231077
1730966400000,2024-11-07 08:00:00,0.00010000,0.62356460
1730995200000,2024-11-07 16:00:00,0.00010000,0.62103740
1731024000000,2024-11-08 00:00:00,0.00010000,0.62165812
1731052800000,2024-11-08 08:00:00,0.00010000,0.61700000
1731081600000,2024-11-08 16:00:00,0.00010000,0.62498965
1731110400000,2024-11-09 00:00:00,0.00010000,0.62977237
1731139200000,2024-11-09 08:00:00,0.00010000,0.63976568
1731168000000,2024-11-09 16:00:00,0.00010000,0.64200000
1731196800000,2024-11-10 00:00:00,0.00010000,0.65800000
1731225600000,2024-11-10 08:00:00,0.00010000,0.67373400
1731254400000,2024-11-10 16:00:00,0.00046488,0.69246952
1731283200001,2024-11-11 00:00:00,0.00025242,0.68366793
1731312000000,2024-11-11 08:00:00,0.00025169,0.67797848
1731340800000,2024-11-11 16:00:00,0.00010000,0.68700000
1731369600002,2024-11-12 00:00:00,0.00048304,0.71400000
1731398400000,2024-11-12 08:00:00,0.00044518,0.72128464
1731427200000,2024-11-12 16:00:00,0.00010000,0.66281849
1731456000000,2024-11-13 00:00:00,0.00010208,0.68467803
1731484800010,2024-11-13 08:00:00,0.00010000,0.64926970
1731513600000,2024-11-13 16:00:00,0.00010000,0.69134982
1731542400001,2024-11-14 00:00:00,0.00018960,0.66207512
1731571200000,2024-11-14 08:00:00,0.00039982,0.68687631
1731600000000,2024-11-14 16:00:00,0.00012935,0.64141449
1731628800000,2024-11-15 00:00:00,0.00032834,0.65700000
1731657600000,2024-11-15 08:00:00,0.00010000,0.65033143
1731686400000,2024-11-15 16:00:00,0.00010000,0.65577578
1731715200001,2024-11-16 00:00:00,0.00010000,0.68538839
1731744000001,2024-11-16 08:00:00,0.00010000,0.70400000
1731772800000,2024-11-16 16:00:00,0.00010000,0.72195874
1731801600000,2024-11-17 00:00:00,0.00010000,0.74800000
1731830400000,2024-11-17 08:00:00,0.00010252,0.73657494
1731859200001,2024-11-17 16:00:00,0.00020785,0.72937701
1731888000000,2024-11-18 00:00:00,0.00010000,0.70844166
1731916800000,2024-11-18 08:00:00,0.00034271,0.76244581
1731945600000,2024-11-18 16:00:00,0.00028151,0.76443741
1731974400000,2024-11-19 00:00:00,0.00016557,0.76588318
1732003200000,2024-11-19 08:00:00,0.00024095,0.75064625
1732032000000,2024-11-19 16:00:00,0.00010000,0.73200000
1732060800003,2024-11-20 00:00:00,0.00010000,0.73855400
1732089600000,2024-11-20 08:00:00,0.00010000,0.72231915
1732118400000,2024-11-20 16:00:00,0.00010000,0.72879304
1732147200001,2024-11-21 00:00:00,0.00010000,0.68176195
1732176000000,2024-11-21 08:00:00,0.00010000,0.70946832
1732204800001,2024-11-21 16:00:00,0.00010000,0.72689356
1732233600000,2024-11-22 00:00:00,0.00016002,0.74410448
1732262400000,2024-11-22 08:00:00,0.00032650,0.75310018
1732291200001,2024-11-22 16:00:00,0.00020195,0.74866407
1732320000000,2024-11-23 00:00:00,0.00034517,0.77900000
1732348800000,2024-11-23 08:00:00,0.00060243,0.81454514
1732377600000,2024-11-23 16:00:00,0.00044810,0.83976044
1732406400001,2024-11-24 00:00:00,0.00027850,0.82900000
1732435200000,2024-11-24 08:00:00,0.00038299,0.89154773
1732464000000,2024-11-24 16:00:00,0.00014040,0.81328580
1732492800000,2024-11-25 00:00:00,0.00014544,0.90700000
1732521600000,2024-11-25 08:00:00,0.00016184,0.86475528
1732550400000,2024-11-25 16:00:00,0.00032918,0.86900000
1732579200000,2024-11-26 00:00:00,0.00010000,0.85061517
1732608000000,2024-11-26 08:00:00,0.00010000,0.87904725
1732636800000,2024-11-26 16:00:00,0.00010000,0.82200000
1732665600000,2024-11-27 00:00:00,0.00010000,0.87400000
1732694400000,2024-11-27 08:00:00,0.00010000,0.89224533
1732723200001,2024-11-27 16:00:00,0.00010000,0.90976479
1732752000000,2024-11-28 00:00:00,0.00018263,0.93893868
1732780800000,2024-11-28 08:00:00,0.00015998,0.93574078
1732809600000,2024-11-28 16:00:00,0.00010000,0.92100284
1732838400000,2024-11-29 00:00:00,0.00011547,0.96700000
1732867200000,2024-11-29 08:00:00,0.00010000,0.93800000
1732896000000,2024-11-29 16:00:00,0.00021212,0.98700000
1732924800000,2024-11-30 00:00:00,0.00021749,1.01259877
1732953600000,2024-11-30 08:00:00,0.00027325,1.07500000
1732982400000,2024-11-30 16:00:00,0.00034674,1.08900000
1733011200000,2024-12-01 00:00:00,0.00023724,1.08465773
1733040000000,2024-12-01 08:00:00,0.00029316,1.12293778
1733068800000,2024-12-01 16:00:00,0.00024435,1.24016210
1733097600001,2024-12-02 00:00:00,0.00010000,1.27302843
1733126400001,2024-12-02 08:00:00,0.00031351,1.20885910
1733155200000,2024-12-02 16:00:00,0.00023863,1.20850581
1733184000000,2024-12-03 00:00:00,0.00042166,1.20800000
1733212800000,2024-12-03 08:00:00,0.00042230,1.21800000
1733241600000,2024-12-03 16:00:00,0.00032870,1.20644266
1733270400000,2024-12-04 00:00:00,0.00038015,1.27576200
1733299200000,2024-12-04 08:00:00,0.00045123,1.31100000
1733328000000,2024-12-04 16:00:00,0.00035390,1.32538905
1733356800001,2024-12-05 00:00:00,0.00025324,1.27399059
1733385600000,2024-12-05 08:00:00,0.00062239,1.30400000
1733414400000,2024-12-05 16:00:00,0.00064397,1.31187375
1733443200000,2024-12-06 00:00:00,0.00040657,1.27700000
1733472000000,2024-12-06 08:00:00,0.00046557,1.31600000
1733500800000,2024-12-06 16:00:00,0.00010159,1.29349188
1733529600000,2024-12-07 00:00:00,0.00011788,1.33854527
1733558400000,2024-12-07 08:00:00,0.00025249,1.35700000
1733587200000,2024-12-07 16:00:00,0.00030675,1.32987242
1733616000000,2024-12-08 00:00:00,0.00040779,1.31020598
1733644800000,2024-12-08 08:00:00,0.00022904,1.28400000
1733673600000,2024-12-08 16:00:00,0.00033377,1.30300000
1733702400000,2024-12-09 00:00:00,0.00036431,1.32900000
1733731200000,2024-12-09 08:00:00,0.00027923,1.24310820
1733760000001,2024-12-09 16:00:00,0.00018414,1.16400000
1733788800007,2024-12-10 00:00:00,0.00010000,1.02916894
1733817600000,2024-12-10 08:00:00,0.00010000,1.01849018
1733846400000,2024-12-10 16:00:00,0.00010000,0.90566405
1733875200000,2024-12-11 00:00:00,0.00010000,0.99895901
1733904000000,2024-12-11 08:00:00,0.00010000,1.00300000
1733932800001,2024-12-11 16:00:00,0.00010000,1.08800000
1733961600001,2024-12-12 00:00:00,0.00003142,1.10100000
1733990400000,2024-12-12 08:00:00,0.00010000,1.17094673
1734019200001,2024-12-12 16:00:00,0.00010000,1.15245344
1734048000000,2024-12-13 00:00:00,0.00010000,1.16224032
1734076800000,2024-12-13 08:00:00,0.00010000,1.14200000
1734105600001,2024-12-13 16:00:00,0.00005934,1.13300000
1734134400000,2024-12-14 00:00:00,0.00010000,1.16801482
1734163200000,2024-12-14 08:00:00,0.00002281,1.18600000
1734192000000,2024-12-14 16:00:00,0.00010000,1.14883251
1734220800000,2024-12-15 00:00:00,0.00010000,1.14700000
1734249600000,2024-12-15 08:00:00,-0.00035583,1.12122931
1734278400000,2024-12-15 16:00:00,0.00003184,1.00712570
1734307200000,2024-12-16 00:00:00,0.00002690,0.95944655
1734336000001,2024-12-16 08:00:00,-0.00009387,0.90076046
1734364800000,2024-12-16 16:00:00,0.00010000,0.87543414
1734393600000,2024-12-17 00:00:00,0.00010000,0.85292651
1734422400000,2024-12-17 08:00:00,0.00010000,0.87000000
1734451200000,2024-12-17 16:00:00,0.00010000,0.86300000
1734480000000,2024-12-18 00:00:00,0.00010000,0.84920516
1734508800000,2024-12-18 08:00:00,0.00010000,0.82900000
1734537600000,2024-12-18 16:00:00,0.00010000,0.80542491
1734566400000,2024-12-19 00:00:00,0.00010000,0.76400000
1734595200000,2024-12-19 08:00:00,0.00010000,0.77136635
1734624000000,2024-12-19 16:00:00,0.00010000,0.74554284
1734652800000,2024-12-20 00:00:00,0.00010000,0.70168444
1734681600001,2024-12-20 08:00:00,0.00008119,0.69632498
1734710400014,2024-12-20 16:00:00,0.00010000,0.68500000
1734739200000,2024-12-21 00:00:00,0.00010000,0.72999529
1734768000000,2024-12-21 08:00:00,0.00010000,0.78207869
1734796800001,2024-12-21 16:00:00,0.00010000,0.73831920
1734825600000,2024-12-22 00:00:00,0.00010000,0.71703880
1734854400000,2024-12-22 08:00:00,0.00010000,0.70278675
1734883200000,2024-12-22 16:00:00,0.00010000,0.70100000
1734912000000,2024-12-23 00:00:00,0.00010000,0.70125316
1734940800000,2024-12-23 08:00:00,0.00010000,0.71210473
1734969600001,2024-12-23 16:00:00,0.00010000,0.70500000
1734998400000,2024-12-24 00:00:00,0.00010000,0.75500000
1735027200000,2024-12-24 08:00:00,0.00010000,0.75800000
1735056000001,2024-12-24 16:00:00,0.00010000,0.79003258
1735084800001,2024-12-25 00:00:00,0.00010000,0.78447454
1735113600000,2024-12-25 08:00:00,0.00010000,0.78200000
1735142400000,2024-12-25 16:00:00,0.00010000,0.77800000
1735171200000,2024-12-26 00:00:00,0.00010000,0.77613432
1735200000000,2024-12-26 08:00:00,0.00001829,0.74900000
1735228800000,2024-12-26 16:00:00,0.00005033,0.73003532
1735257600000,2024-12-27 00:00:00,0.00000636,0.72964998
1735286400000,2024-12-27 08:00:00,0.00010000,0.72981109
1735315200000,2024-12-27 16:00:00,0.00003111,0.72889090
1735344000001,2024-12-28 00:00:00,0.00010000,0.73800000
1735372800000,2024-12-28 08:00:00,-0.00019754,0.74434590
1735401600000,2024-12-28 16:00:00,0.00001769,0.80563021
1735430400000,2024-12-29 00:00:00,0.00010000,0.81204827
1735459200000,2024-12-29 08:00:00,0.00010000,0.80934273
1735488000000,2024-12-29 16:00:00,0.00010000,0.79700053
1735516800000,2024-12-30 00:00:00,0.00010000,0.78482951
1735545600001,2024-12-30 08:00:00,0.00010000,0.79091177
1735574400000,2024-12-30 16:00:00,0.00010000,0.74300000
1735603200000,2024-12-31 00:00:00,0.00010000,0.76243340
1735632000000,2024-12-31 08:00:00,0.00010000,0.74031755
1735660800000,2024-12-31 16:00:00,0.00010000,0.77000000
1735689600015,2025-01-01 00:00:00,0.00010000,0.74425727
1735718400000,2025-01-01 08:00:00,0.00010000,0.74558069
1735747200001,2025-01-01 16:00:00,0.00008109,0.75063859
1735776000000,2025-01-02 00:00:00,0.00010000,0.76856967
1735804800006,2025-01-02 08:00:00,0.00010000,0.78439917
1735833600000,2025-01-02 16:00:00,0.00010000,0.77763413
1735862400000,2025-01-03 00:00:00,0.00010000,0.78000636
1735891200000,2025-01-03 08:00:00,0.00010000,0.76941957
1735920000000,2025-01-03 16:00:00,0.00010000,0.81995454
1735948800000,2025-01-04 00:00:00,0.00010000,0.82542011
1735977600000,2025-01-04 08:00:00,0.00010000,0.83115324
1736006400000,2025-01-04 16:00:00,0.00010000,0.80743442
1736035200000,2025-01-05 00:00:00,0.00010000,0.81586649
1736064000000,2025-01-05 08:00:00,0.00010000,0.81568874
1736092800000,2025-01-05 16:00:00,0.00010000,0.81500000
1736121600000,2025-01-06 00:00:00,0.00010000,0.82525055
1736150400001,2025-01-06 08:00:00,0.00010000,0.82018503
1736179200000,2025-01-06 16:00:00,0.00010000,0.83900000
1736208000000,2025-01-07 00:00:00,0.00010000,0.83059299
1736236800000,2025-01-07 08:00:00,0.00010000,0.81700000
1736265600008,2025-01-07 16:00:00,0.00010000,0.76542444
1736294400001,2025-01-08 00:00:00,0.00007594,0.73075028
1736323200000,2025-01-08 08:00:00,0.00010000,0.70502344
1736352000000,2025-01-08 16:00:00,0.00010000,0.71220563
1736380800000,2025-01-09 00:00:00,0.00010000,0.70523248
1736409600000,2025-01-09 08:00:00,0.00004856,0.68300000
1736438400000,2025-01-09 16:00:00,0.00010000,0.70532800
1736467200000,2025-01-10 00:00:00,0.00010000,0.68500000
1736496000000,2025-01-10 08:00:00,0.00010000,0.70000000
1736524800000,2025-01-10 16:00:00,0.00010000,0.68957321
1736553600000,2025-01-11 00:00:00,0.00010000,0.69937327
1736582400000,2025-01-11 08:00:00,0.00010000,0.68949223
1736611200000,2025-01-11 16:00:00,0.00010000,0.68868286
1736640000000,2025-01-12 00:00:00,0.00010000,0.69086023
1736668800000,2025-01-12 08:00:00,0.00010000,0.68900000
1736697600000,2025-01-12 16:00:00,0.00010000,0.69225818
1736726400000,2025-01-13 00:00:00,0.00010000,0.67700000
1736755200000,2025-01-13 08:00:00,0.00005661,0.65463295
1736784000000,2025-01-13 16:00:00,0.00010000,0.63742540
1736812800000,2025-01-14 00:00:00,0.00010000,0.64600447
1736841600000,2025-01-14 08:00:00,0.00010000,0.65205410
1736870400000,2025-01-14 16:00:00,0.00010000,0.66464222
1736899200000,2025-01-15 00:00:00,0.00010000,0.67866981
1736928000000,2025-01-15 08:00:00,0.00010000,0.68000000
1736956800000,2025-01-15 16:00:00,0.00010000,0.68302472
1736985600000,2025-01-16 00:00:00,0.00010000,0.70200000
1737014400000,2025-01-16 08:00:00,0.00010000,0.69280956
1737043200000,2025-01-16 16:00:00,0.00010000,0.67900000
1737072000004,2025-01-17 00:00:00,0.00010000,0.67849948
1737100800000,2025-01-17 08:00:00,0.00010000,0.70016196
1737129600008,2025-01-17 16:00:00,0.00010000,0.71532023
1737158400000,2025-01-18 00:00:00,0.00010000,0.72969310
1737187200007,2025-01-18 08:00:00,0.00010000,0.67804943
1737216000000,2025-01-18 16:00:00,0.00010000,0.66911736
1737244800000,2025-01-19 00:00:00,0.00010000,0.66550690
1737273600000,2025-01-19 08:00:00,0.00010000,0.65549379
1737302400000,2025-01-19 16:00:00,0.00010000,0.63400000
1737331200000,2025-01-20 00:00:00,0.00010000,0.58989655
1737360000009,2025-01-20 08:00:00,0.00010000,0.61774138
1737388800000,2025-01-20 16:00:00,0.00010000,0.59381839
1737417600000,2025-01-21 00:00:00,0.00010000,0.58328966
1737446400000,2025-01-21 08:00:00,0.00010000,0.57470000
1737475200000,2025-01-21 16:00:00,0.00010000,0.59999057
1737504000000,2025-01-22 00:00:00,0.00010000,0.60668966
1737532800000,2025-01-22 08:00:00,0.00010000,0.60700000
1737561600000,2025-01-22 16:00:00,0.00010000,0.60321379
1737590400001,2025-01-23 00:00:00,0.00010000,0.59700000
1737619200000,2025-01-23 08:00:00,0.00010000,0.59400000
1737648000000,2025-01-23 16:00:00,0.00010000,0.59435678
1737676800000,2025-01-24 00:00:00,0.00010000,0.59600000
1737705600000,2025-01-24 08:00:00,0.00010000,0.59864724
1737734400000,2025-01-24 16:00:00,0.00010000,0.60329322
1737763200000,2025-01-25 00:00:00,0.00010000,0.58266460
1737792000000,2025-01-25 08:00:00,0.00010000,0.58053448
1737820800001,2025-01-25 16:00:00,0.00010000,0.59598966
1737849600000,2025-01-26 00:00:00,0.00010000,0.59026506
1737878400000,2025-01-26 08:00:00,0.00010000,0.60500000
1737907200000,2025-01-26 16:00:00,0.00010000,0.60605977
1737936000000,2025-01-27 00:00:00,0.00009831,0.57800000
1737964800000,2025-01-27 08:00:00,0.00010000,0.53403138
1737993600000,2025-01-27 16:00:00,0.00010000,0.55127897
1738022400000,2025-01-28 00:00:00,0.00010000,0.55936897
1738051200000,2025-01-28 08:00:00,0.00010000,0.55990690
1738080000000,2025-01-28 16:00:00,0.00010000,0.55873517
1738108800000,2025-01-29 00:00:00,-0.00000708,0.52900000
1738137600000,2025-01-29 08:00:00,0.00010000,0.54703103
1738166400000,2025-01-29 16:00:00,0.00010000,0.53677241
1738195200000,2025-01-30 00:00:00,-0.00002190,0.54598966
1738224000000,2025-01-30 08:00:00,0.00007953,0.56422414
1738252800000,2025-01-30 16:00:00,0.00010000,0.58347586
1738281600000,2025-01-31 00:00:00,0.00010000,0.58118379
1738310400000,2025-01-31 08:00:00,0.00010000,0.57848621
1738339200000,2025-01-31 16:00:00,0.00010000,0.59714483
1738368000000,2025-02-01 00:00:00,0.00010000,0.57500000
1738396800000,2025-02-01 08:00:00,0.00006641,0.57488494
1738425600000,2025-02-01 16:00:00,-0.00013206,0.55400000
1738454400001,2025-02-02 00:00:00,-0.00018039,0.52298966
1738483200000,2025-02-02 08:00:00,0.00010000,0.50425667
1738512000000,2025-02-02 16:00:00,0.00002188,0.49946402
1738540800000,2025-02-03 00:00:00,0.00010000,0.44116563
1738569600000,2025-02-03 08:00:00,-0.00015658,0.38623770
1738598400000,2025-02-03 16:00:00,0.00001196,0.41407563
1738627200000,2025-02-04 00:00:00,0.00010000,0.44914770
1738656000001,2025-02-04 08:00:00,0.00010000,0.41117586
1738684800000,2025-02-04 16:00:00,0.00010000,0.43100000
1738713600001,2025-02-05 00:00:00,-0.00000896,0.42851253
1738742400001,2025-02-05 08:00:00,0.00010000,0.43741506
1738771200000,2025-02-05 16:00:00,0.00010000,0.43557931
1738800000001,2025-02-06 00:00:00,0.00007570,0.42800000
1738828800001,2025-02-06 08:00:00,-0.00000398,0.43098483
1738857600000,2025-02-06 16:00:00,0.00010000,0.39736782
1738886400000,2025-02-07 00:00:00,0.00002685,0.39892046
1738915200000,2025-02-07 08:00:00,0.00005927,0.40402069
1738944000000,2025-02-07 16:00:00,-0.00005730,0.41700000
1738972800000,2025-02-08 00:00:00,-0.00001394,0.40408805
1739001600000,2025-02-08 08:00:00,0.00010000,0.40602333
1739030400000,2025-02-08 16:00:00,-0.00022590,0.41490690
1739059200000,2025-02-09 00:00:00,0.00010000,0.43200000
1739088000000,2025-02-09 08:00:00,0.00010000,0.44300000
1739116800000,2025-02-09 16:00:00,0.00010000,0.43372069
1739145600000,2025-02-10 00:00:00,0.00010000,0.42913954
1739174400000,2025-02-10 08:00:00,-0.00001501,0.43661724
1739203200000,2025-02-10 16:00:00,0.00010000,0.44134885
1739232000000,2025-02-11 00:00:00,-0.00006103,0.44791724
1739260800000,2025-02-11 08:00:00,-0.00011736,0.47200000
1739289600000,2025-02-11 16:00:00,0.00004008,0.45601460
1739318400000,2025-02-12 00:00:00,0.00007437,0.45051828
1739347200000,2025-02-12 08:00:00,-0.00023185,0.44944448
1739376000001,2025-02-12 16:00:00,0.00003605,0.46471034
1739404800001,2025-02-13 00:00:00,0.00000150,0.48525862
1739433600000,2025-02-13 08:00:00,-0.00011407,0.47000000
1739462400001,2025-02-13 16:00:00,0.00010000,0.46300000
1739491200000,2025-02-14 00:00:00,0.00010000,0.47003222
1739520000001,2025-02-14 08:00:00,0.00010000,0.47100000
1739548800000,2025-02-14 16:00:00,0.00010000,0.48200000
1739577600000,2025-02-15 00:00:00,0.00008222,0.47915356
1739606400000,2025-02-15 08:00:00,0.00007945,0.47925241
1739635200000,2025-02-15 16:00:00,0.00010000,0.46789655
1739664000000,2025-02-16 00:00:00,0.00010000,0.46701195
1739692800000,2025-02-16 08:00:00,-0.00005810,0.46600000
1739721600000,2025-02-16 16:00:00,0.00010000,0.48092345
1739750400000,2025-02-17 00:00:00,0.00010000,0.47563333
1739779200000,2025-02-17 08:00:00,0.00006203,0.46395667
1739808000000,2025-02-17 16:00:00,-0.00021236,0.48000000
1739836800000,2025-02-18 00:00:00,0.00004830,0.47361207
1739865600000,2025-02-18 08:00:00,-0.00000675,0.44644138
1739894400000,2025-02-18 16:00:00,0.00010000,0.41407598
1739923200000,2025-02-19 00:00:00,0.00010000,0.42138598
1739952000000,2025-02-19 08:00:00,0.00010000,0.43500000
1739980800000,2025-02-19 16:00:00,0.00010000,0.43645517
1740009600000,2025-02-20 00:00:00,0.00010000,0.45504356
1740038400000,2025-02-20 08:00:00,0.00010000,0.45700000
1740067200000,2025-02-20 16:00:00,0.00010000,0.45316046
1740096000001,2025-02-21 00:00:00,0.00010000,0.48345966
1740124800000,2025-02-21 08:00:00,0.00010000,0.49200000
1740153600000,2025-02-21 16:00:00,0.00007677,0.48300000
1740182400000,2025-02-22 00:00:00,0.00009192,0.45900000
1740211200000,2025-02-22 08:00:00,0.00010000,0.46600000
1740240000000,2025-02-22 16:00:00,0.00010000,0.47346207
1740268800000,2025-02-23 00:00:00,0.00010000,0.48300000
1740297600000,2025-02-23 08:00:00,0.00010000,0.48500000
1740326400000,2025-02-23 16:00:00,0.00000481,0.46665862
1740355200000,2025-02-24 00:00:00,0.00010000,0.47134138
1740384000000,2025-02-24 08:00:00,0.00009016,0.45398621
1740412800000,2025-02-24 16:00:00,-0.00015940,0.43700690
1740441600000,2025-02-25 00:00:00,0.00010000,0.41300000
1740470400000,2025-02-25 08:00:00,0.00010000,0.39802069
1740499200000,2025-02-25 16:00:00,0.00010000,0.41430499
1740528000000,2025-02-26 00:00:00,0.00010000,0.42522759
1740556800000,2025-02-26 08:00:00,0.00009410,0.43004069
1740585600000,2025-02-26 16:00:00,0.00010000,0.42988621
1740614400001,2025-02-27 00:00:00,0.00010000,0.43033402
1740643200000,2025-02-27 08:00:00,0.00010000,0.44059540
1740672000000,2025-02-27 16:00:00,0.00010000,0.44021310
1740700800001,2025-02-28 00:00:00,0.00010000,0.43987586
1740729600000,2025-02-28 08:00:00,0.00010000,0.40547241
1740758400000,2025-02-28 16:00:00,0.00010000,0.42919448
1740787200000,2025-03-01 00:00:00,0.00010000,0.44000000
1740816000000,2025-03-01 08:00:00,0.00010000,0.43225287
1740844800001,2025-03-01 16:00:00,0.00010000,0.42691724
1740873600000,2025-03-02 00:00:00,0.00010000,0.43300000
1740902400000,2025-03-02 08:00:00,0.00010000,0.43024828
1740931200000,2025-03-02 16:00:00,0.00010000,0.44302448
1740960000001,2025-03-03 00:00:00,0.00010000,0.48220690
1740988800000,2025-03-03 08:00:00,0.00010000,0.46084138
1741017600000,2025-03-03 16:00:00,0.00009208,0.45000000
1741046400001,2025-03-04 00:00:00,0.00000314,0.39335138
1741075200005,2025-03-04 08:00:00,0.00006118,0.37900000
1741104000000,2025-03-04 16:00:00,0.00004996,0.37503034
1741132800000,2025-03-05 00:00:00,0.00010000,0.38182149
1741161600000,2025-03-05 08:00:00,0.00010000,0.38300000
1741190400000,2025-03-05 16:00:00,0.00010000,0.38720954
1741219200000,2025-03-06 00:00:00,0.00010000,0.40397862
1741248000001,2025-03-06 08:00:00,0.00003451,0.40416885
1741276800000,2025-03-06 16:00:00,0.00001389,0.40005172
1741305600000,2025-03-07 00:00:00,-0.00000971,0.38940345
1741334400001,2025-03-07 08:00:00,0.00010000,0.38422759
1741363200000,2025-03-07 16:00:00,0.00009162,0.39500000
1741392000000,2025-03-08 00:00:00,-0.00025113,0.37978621
1741420800001,2025-03-08 08:00:00,0.00010000,0.37337287
1741449600001,2025-03-08 16:00:00,0.00010000,0.37206747
1741478400001,2025-03-09 00:00:00,0.00010000,0.37416920
1741507200000,2025-03-09 08:00:00,0.00006603,0.37106345
1741536000000,2025-03-09 16:00:00,0.00010000,0.34853724
1741564800000,2025-03-10 00:00:00,-0.00000569,0.33240345
1741593600000,2025-03-10 08:00:00,-0.00004085,0.33733195
1741622400000,2025-03-10 16:00:00,0.00010000,0.33695862
1741651200000,2025-03-11 00:00:00,0.00000128,0.31500000
1741680000000,2025-03-11 08:00:00,0.00003567,0.31554721
1741708800001,2025-03-11 16:00:00,0.00003790,0.32425125
1741737600000,2025-03-12 00:00:00,0.00006933,0.32858908
1741766400000,2025-03-12 08:00:00,0.00010000,0.32919172
1741795200001,2025-03-12 16:00:00,0.00009451,0.33038276
1741824000000,2025-03-13 00:00:00,0.00009493,0.33980034
1741852800000,2025-03-13 08:00:00,0.00000496,0.33323678
1741881600000,2025-03-13 16:00:00,0.00009191,0.33800000
1741910400000,2025-03-14 00:00:00,0.00005999,0.33500000
1741939200000,2025-03-14 08:00:00,0.00010000,0.34075172
1741968000000,2025-03-14 16:00:00,0.00002017,0.35509471
1741996800000,2025-03-15 00:00:00,0.00010000,0.34809310
1742025600000,2025-03-15 08:00:00,0.00010000,0.34818287
1742054400000,2025-03-15 16:00:00,0.00010000,0.35523552
1742083200000,2025-03-16 00:00:00,0.00000990,0.36507253
1742112000000,2025-03-16 08:00:00,0.00010000,0.35900000
1742140800000,2025-03-16 16:00:00,0.00007410,0.34600000
1742169600000,2025-03-17 00:00:00,0.00001480,0.34516295
1742198400000,2025-03-17 08:00:00,0.00010000,0.35563077
1742227200000,2025-03-17 16:00:00,0.00003713,0.36100000
1742256000000,2025-03-18 00:00:00,0.00010000,0.37671034
1742284800000,2025-03-18 08:00:00,0.00010000,0.35604586
1742313600000,2025-03-18 16:00:00,0.00007321,0.35313103
1742342400000,2025-03-19 00:00:00,-0.00008781,0.36375276
1742371200000,2025-03-19 08:00:00,0.00010000,0.36700000
1742400000000,2025-03-19 16:00:00,0.00003793,0.38186931
1742428800000,2025-03-20 00:00:00,0.00010000,0.38391494
1742457600000,2025-03-20 08:00:00,0.00010000,0.37800000
1742486400000,2025-03-20 16:00:00,0.00010000,0.37422471
1742515200000,2025-03-21 00:00:00,0.00007612,0.36800000
1742544000000,2025-03-21 08:00:00,0.00010000,0.36706276
1742572800000,2025-03-21 16:00:00,0.00010000,0.35200000
1742601600000,2025-03-22 00:00:00,0.00006963,0.35500000
1742630400004,2025-03-22 08:00:00,-0.00001130,0.36815517
1742659200000,2025-03-22 16:00:00,0.00005378,0.37832126
1742688000000,2025-03-23 00:00:00,0.00006140,0.36900000
1742716800000,2025-03-23 08:00:00,0.00008091,0.36995862
1742745600000,2025-03-23 16:00:00,0.00010000,0.36549655
1742774400000,2025-03-24 00:00:00,0.00010000,0.36914172
1742803200000,2025-03-24 08:00:00,0.00010000,0.36633103
1742832000000,2025-03-24 16:00:00,0.00010000,0.37791724
1742860800001,2025-03-25 00:00:00,-0.00015413,0.37694828
1742889600000,2025-03-25 08:00:00,0.00010000,0.37300000
1742918400000,2025-03-25 16:00:00,0.00006774,0.36688621
1742947200000,2025-03-26 00:00:00,0.00008764,0.37568824
1742976000000,2025-03-26 08:00:00,0.00008877,0.37800000
1743004800001,2025-03-26 16:00:00,0.00000870,0.36355862
1743033600001,2025-03-27 00:00:00,0.00005845,0.35800000
1743062400001,2025-03-27 08:00:00,0.00002397,0.36533149
1743091200002,2025-03-27 16:00:00,0.00006118,0.36225862
1743120000001,2025-03-28 00:00:00,0.00010000,0.35700000
1743148800001,2025-03-28 08:00:00,0.00010000,0.32786552
1743177600000,2025-03-28 16:00:00,-0.00017700,0.32000000
1743206400000,2025-03-29 00:00:00,0.00010000,0.32161891
1743235200000,2025-03-29 08:00:00,0.00000954,0.31323793
1743264000000,2025-03-29 16:00:00,0.00010000,0.30977241
1743292800000,2025-03-30 00:00:00,0.00003312,0.30556552
1743321600000,2025-03-30 08:00:00,0.00010000,0.31539310
1743350400000,2025-03-30 16:00:00,0.00010000,0.31300000
1743379200000,2025-03-31 00:00:00,-0.00000530,0.30994828
1743408000000,2025-03-31 08:00:00,0.00008742,0.30204138
1743436800000,2025-03-31 16:00:00,0.00010000,0.30977989
1743465600000,2025-04-01 00:00:00,-0.00008902,0.30494828
1743494400001,2025-04-01 08:00:00,0.00010000,0.31222759
1743523200000,2025-04-01 16:00:00,0.00010000,0.31472069
1743552000001,2025-04-02 00:00:00,0.00010000,0.31002655
1743580800000,2025-04-02 08:00:00,-0.00019871,0.29200000
1743609600000,2025-04-02 16:00:00,0.00010000,0.29897931
1743638400000,2025-04-03 00:00:00,0.00010000,0.27367345
1743667200000,2025-04-03 08:00:00,-0.00000035,0.26634174
1743696000000,2025-04-03 16:00:00,0.00010000,0.25774637
1743724800000,2025-04-04 00:00:00,0.00010000,0.26487586
1743753600000,2025-04-04 08:00:00,0.00010000,0.26647348
1743782400000,2025-04-04 16:00:00,0.00010000,0.26321724
1743811200000,2025-04-05 00:00:00,0.00010000,0.26302069
1743840000000,2025-04-05 08:00:00,0.00010000,0.27099828
1743868800000,2025-04-05 16:00:00,0.00004582,0.26349828
1743897600000,2025-04-06 00:00:00,0.00010000,0.26153000
1743926400000,2025-04-06 08:00:00,0.00010000,0.26367931
1743955200002,2025-04-06 16:00:00,0.00010000,0.25781379
1743984000000,2025-04-07 00:00:00,0.00010000,0.23571034
1744012800000,2025-04-07 08:00:00,0.00003717,0.21307621
1744041600000,2025-04-07 16:00:00,0.00008209,0.23534138
1744070400000,2025-04-08 00:00:00,0.00010000,0.23839322
1744099200000,2025-04-08 08:00:00,0.00010000,0.23977241
1744128000000,2025-04-08 16:00:00,0.00002441,0.23700000
1744156800000,2025-04-09 00:00:00,0.00010000,0.22847788
1744185600001,2025-04-09 08:00:00,0.00010000,0.23800000
1744214400000,2025-04-09 16:00:00,0.00010000,0.23337241
1744243200000,2025-04-10 00:00:00,0.00010000,0.26030839
1744272000000,2025-04-10 08:00:00,0.00004553,0.24943483
1744300800000,2025-04-10 16:00:00,0.00008117,0.24025851
1744329600001,2025-04-11 00:00:00,0.00009422,0.24616552
1744358400000,2025-04-11 08:00:00,0.00010000,0.25318621
1744387200000,2025-04-11 16:00:00,0.00010000,0.24875172
1744416000000,2025-04-12 00:00:00,0.00010000,0.25487586
1744444800001,2025-04-12 08:00:00,-0.00013965,0.25870989
1744473600000,2025-04-12 16:00:00,0.00001407,0.26119655
1744502400000,2025-04-13 00:00:00,0.00003484,0.26300000
1744531200000,2025-04-13 08:00:00,-0.00011724,0.26000000
1744560000000,2025-04-13 16:00:00,0.00003322,0.25346069
1744588800000,2025-04-14 00:00:00,-0.00006270,0.23926080
1744617600000,2025-04-14 08:00:00,0.00010000,0.24347276
1744646400000,2025-04-14 16:00:00,-0.00004111,0.24400000
1744675200000,2025-04-15 00:00:00,0.00010000,0.24201115
1744704000000,2025-04-15 08:00:00,0.00010000,0.25000000
1744732800001,2025-04-15 16:00:00,-0.00020532,0.24649448
1744761600000,2025-04-16 00:00:00,0.00010000,0.23465089
1744790400000,2025-04-16 08:00:00,-0.00033159,0.23400000
1744819200000,2025-04-16 16:00:00,0.00010000,0.23601552
1744848000001,2025-04-17 00:00:00,0.00010000,0.23452414
1744876800000,2025-04-17 08:00:00,0.00010000,0.23882414
1744905600001,2025-04-17 16:00:00,-0.00019870,0.23600000
1744934400000,2025-04-18 00:00:00,0.00005988,0.23500000
1744963200000,2025-04-18 08:00:00,0.00010000,0.24651106
1744992000000,2025-04-18 16:00:00,0.00007452,0.24600000
1745020800000,2025-04-19 00:00:00,0.00010000,0.24654102
1745049600000,2025-04-19 08:00:00,0.00010000,0.25497931
1745078400000,2025-04-19 16:00:00,0.00010000,0.25796126
1745107200000,2025-04-20 00:00:00,-0.00019312,0.27398402
1745136000000,2025-04-20 08:00:00,0.00010000,0.28117529
1745164800000,2025-04-20 16:00:00,0.00010000,0.27976782
1745193600000,2025-04-21 00:00:00,-0.00020857,0.33639586
1745222400005,2025-04-21 08:00:00,0.00010000,0.31339310
1745251200003,2025-04-21 16:00:00,0.00010000,0.31465862
1745280000008,2025-04-22 00:00:00,0.00010000,0.30180770
1745308800000,2025-04-22 08:00:00,0.00010000,0.29830402
1745337600000,2025-04-22 16:00:00,-0.00013808,0.30740586
1745366400000,2025-04-23 00:00:00,0.00010000,0.31480345
1745395200002,2025-04-23 08:00:00,0.00010000,0.32392830
1745424000000,2025-04-23 16:00:00,0.00010000,0.31094138
1745452800000,2025-04-24 00:00:00,0.00010000,0.31244161
1745481600001,2025-04-24 08:00:00,0.00010000,0.32100000
1745510400001,2025-04-24 16:00:00,0.00010000,0.32100000
1745539200007,2025-04-25 00:00:00,0.00010000,0.32601195
1745568000002,2025-04-25 08:00:00,0.00010000,0.34242264
1745596800003,2025-04-25 16:00:00,0.00010000,0.33237517
1745625600002,2025-04-26 00:00:00,0.00010000,0.33380345
1745654400000,2025-04-26 08:00:00,0.00010000,0.33200000
1745683200002,2025-04-26 16:00:00,-0.00001843,0.32931034
1745712000001,2025-04-27 00:00:00,0.00010000,0.32914908
1745740800000,2025-04-27 08:00:00,0.00010000,0.32494828
1745769600000,2025-04-27 16:00:00,-0.00026695,0.32100000
1745798400001,2025-04-28 00:00:00,0.00010000,0.31500000
1745827200003,2025-04-28 08:00:00,0.00010000,0.32521126
1745856000005,2025-04-28 16:00:00,0.00010000,0.30653448
1745884800000,2025-04-29 00:00:00,0.00010000,0.31650713
1745913600000,2025-04-29 08:00:00,0.00010000,0.32174138
1745942400010,2025-04-29 16:00:00,0.00010000,0.31402563
1745971200001,2025-04-30 00:00:00,0.00010000,0.31145138
1746000000000,2025-04-30 08:00:00,0.00010000,0.31111379
1746028800003,2025-04-30 16:00:00,0.00010000,0.30859251
1746057600000,2025-05-01 00:00:00,0.00010000,0.31650632
1746086400000,2025-05-01 08:00:00,0.00008288,0.31900000
1746115200001,2025-05-01 16:00:00,0.00010000,0.32200000
1746144000000,2025-05-02 00:00:00,0.00005427,0.32308345
1746172800000,2025-05-02 08:00:00,0.00010000,0.31530000
1746201600003,2025-05-02 16:00:00,0.00008865,0.31583667
1746230400000,2025-05-03 00:00:00,0.00010000,0.31198966
1746259200000,2025-05-03 08:00:00,0.00010000,0.30543782
1746288000000,2025-05-03 16:00:00,-0.00027010,0.28972782
1746316800001,2025-05-04 00:00:00,0.00010000,0.28138966
1746345600001,2025-05-04 08:00:00,-0.00015133,0.27803103
1746374400002,2025-05-04 16:00:00,0.00010000,0.27506207
1746403200000,2025-05-05 00:00:00,0.00010000,0.27700000
1746432000000,2025-05-05 08:00:00,0.00010000,0.28517586
1746460800006,2025-05-05 16:00:00,0.00010000,0.28146517
1746489600002,2025-05-06 00:00:00,0.00010000,0.28031310
1746518400005,2025-05-06 08:00:00,0.00010000,0.27800000
1746547200000,2025-05-06 16:00:00,0.00010000,0.26389655
1746576000002,2025-05-07 00:00:00,0.00010000,0.27504448
1746604800000,2025-05-07 08:00:00,-0.00006525,0.27900000
1746633600006,2025-05-07 16:00:00,0.00010000,0.26800000
1746662400000,2025-05-08 00:00:00,0.00010000,0.26850293
1746691200001,2025-05-08 08:00:00,0.00010000,0.28887328
1746720000002,2025-05-08 16:00:00,0.00010000,0.29500000
1746748800001,2025-05-09 00:00:00,0.00010000,0.30165293
1746777600006,2025-05-09 08:00:00,0.00010000,0.31967598
1746806400000,2025-05-09 16:00:00,0.00010000,0.32451379
1746835200001,2025-05-10 00:00:00,0.00010000,0.32760690
1746864000000,2025-05-10 08:00:00,0.00010000,0.33176207
1746892800001,2025-05-10 16:00:00,0.00010000,0.33563951
1746921600000,2025-05-11 00:00:00,0.00010000,0.35080937
1746950400001,2025-05-11 08:00:00,0.00010000,0.33998966
1746979200001,2025-05-11 16:00:00,0.00010000,0.33902195
1747008000004,2025-05-12 00:00:00,0.00010000,0.33892759
1747036800000,2025-05-12 08:00:00,0.00010000,0.35149241
1747065600000,2025-05-12 16:00:00,0.00010000,0.34368276
1747094400000,2025-05-13 00:00:00,0.00010000,0.34554734
1747123200008,2025-05-13 08:00:00,0.00010000,0.34000000
1747152000001,2025-05-13 16:00:00,0.00010000,0.35100000
1747180800007,2025-05-14 00:00:00,0.00010000,0.36518621
1747209600000,2025-05-14 08:00:00,0.00010000,0.36040580
1747238400002,2025-05-14 16:00:00,0.00010000,0.34600626
1747267200000,2025-05-15 00:00:00,0.00010000,0.34252190
1747296000003,2025-05-15 08:00:00,0.00010000,0.32138276
1747324800000,2025-05-15 16:00:00,0.00008559,0.32693730
1747353600001,2025-05-16 00:00:00,0.00005114,0.31666207
1747382400000,2025-05-16 08:00:00,0.00010000,0.32149983
1747411200000,2025-05-16 16:00:00,0.00008962,0.31282414
1747440000000,2025-05-17 00:00:00,0.00010000,0.30549828
1747468800001,2025-05-17 08:00:00,0.00010000,0.29973103
1747497600004,2025-05-17 16:00:00,0.00009085,0.30014356
1747526400000,2025-05-18 00:00:00,0.00010000,0.29586552
1747555200000,2025-05-18 08:00:00,0.00010000,0.30301379
1747584000000,2025-05-18 16:00:00,0.00010000,0.31757149
1747612800000,2025-05-19 00:00:00,0.00010000,0.31100609
1747641600006,2025-05-19 08:00:00,0.00010000,0.29391724
1747670400010,2025-05-19 16:00:00,0.00010000,0.29788019
1747699200000,2025-05-20 00:00:00,0.00010000,0.29797931
1747728000002,2025-05-20 08:00:00,0.00010000,0.30112649
1747756800000,2025-05-20 16:00:00,0.00010000,0.29661138
1747785600000,2025-05-21 00:00:00,0.00010000,0.30091695
1747814400001,2025-05-21 08:00:00,0.00010000,0.29823793
1747843200004,2025-05-21 16:00:00,0.00010000,0.30154874
1747872000001,2025-05-22 00:00:00,0.00010000,0.30794851
1747900800000,2025-05-22 08:00:00,0.00010000,0.31787511
1747929600002,2025-05-22 16:00:00,0.00010000,0.32646552
1747958400006,2025-05-23 00:00:00,0.00010000,0.32551293
1747987200000,2025-05-23 08:00:00,0.00010000,0.31778276
1748016000007,2025-05-23 16:00:00,0.00010000,0.31307960
1748044800010,2025-05-24 00:00:00,0.00010000,0.29696897
1748073600000,2025-05-24 08:00:00,-0.00000777,0.29400000
1748102400003,2025-05-24 16:00:00,-0.00003352,0.29700000
1748131200004,2025-05-25 00:00:00,0.00005380,0.29451862
1748160000000,2025-05-25 08:00:00,0.00010000,0.28517586
1748188800000,2025-05-25 16:00:00,0.00010000,0.28160207
1748217600000,2025-05-26 00:00:00,0.00010000,0.29500000
1748246400000,2025-05-26 08:00:00,-0.00000778,0.29900000
1748275200002,2025-05-26 16:00:00,0.00010000,0.29300000
1748304000003,2025-05-27 00:00:00,0.00010000,0.28893793
1748332800001,2025-05-27 08:00:00,0.00010000,0.29552000
1748361600005,2025-05-27 16:00:00,0.00010000,0.29489655
1748390400002,2025-05-28 00:00:00,0.00010000,0.29288782
1748419200003,2025-05-28 08:00:00,0.00010000,0.29046172
1748448000002,2025-05-28 16:00:00,-0.00012855,0.28400000
1748476800000,2025-05-29 00:00:00,0.00010000,0.29000000
1748505600006,2025-05-29 08:00:00,0.00010000,0.29339310
1748534400000,2025-05-29 16:00:00,0.00010000,0.28622759
1748563200003,2025-05-30 00:00:00,0.00007200,0.27700000
1748592000003,2025-05-30 08:00:00,0.00003944,0.26316287
1748620800000,2025-05-30 16:00:00,-0.00014256,0.26843448
1748649600000,2025-05-31 00:00:00,0.00006234,0.24768575
1748678400000,2025-05-31 08:00:00,0.00002549,0.24600000
1748707200000,2025-05-31 16:00:00,0.00010000,0.24900000
1748736000001,2025-06-01 00:00:00,0.00010000,0.25300000
1748764800002,2025-06-01 08:00:00,0.00010000,0.25335172
1748793600000,2025-06-01 16:00:00,0.00008558,0.25788621
1748822400001,2025-06-02 00:00:00,0.00010000,0.26247586
1748851200000,2025-06-02 08:00:00,-0.00041634,0.25749897
1748880000000,2025-06-02 16:00:00,0.00010000,0.26210368
1748908800000,2025-06-03 00:00:00,0.00010000,0.26749966
1748937600000,2025-06-03 08:00:00,0.00010000,0.26930000
1748966400001,2025-06-03 16:00:00,0.00010000,0.27447586
1748995200000,2025-06-04 00:00:00,0.00010000,0.27002443
1749024000000,2025-06-04 08:00:00,0.00004444,0.27459655
1749052800000,2025-06-04 16:00:00,0.00010000,0.26958190
1749081600016,2025-06-05 00:00:00,0.00004051,0.26293793
1749110400000,2025-06-05 08:00:00,0.00010000,0.26722759
1749139200000,2025-06-05 16:00:00,-0.00001319,0.26600000
1749168000002,2025-06-06 00:00:00,-0.00025767,0.24800000
1749196800000,2025-06-06 08:00:00,0.00009165,0.25100000
1749225600006,2025-06-06 16:00:00,0.00010000,0.26127931
1749254400000,2025-06-07 00:00:00,-0.00007156,0.25450466
1749283200000,2025-06-07 08:00:00,0.00010000,0.26778339
1749312000002,2025-06-07 16:00:00,0.00010000,0.26110345
1749340800000,2025-06-08 00:00:00,-0.00006295,0.26375161
1749369600000,2025-06-08 08:00:00,-0.00016163,0.26200000
1749398400000,2025-06-08 16:00:00,0.00008460,0.26298966
1749427200000,2025-06-09 00:00:00,0.00010000,0.26009310
1749456000001,2025-06-09 08:00:00,0.00010000,0.25831276
1749484800001,2025-06-09 16:00:00,0.00010000,0.26600000
1749513600000,2025-06-10 00:00:00,0.00010000,0.27824828
1749542400001,2025-06-10 08:00:00,0.00010000,0.27764994
1749571200003,2025-06-10 16:00:00,0.00010000,0.28186552
1749600000000,2025-06-11 00:00:00,0.00010000,0.28677397
1749628800000,2025-06-11 08:00:00,0.00010000,0.28400000
1749657600010,2025-06-11 16:00:00,0.00010000,0.28251397
1749686400002,2025-06-12 00:00:00,0.00010000,0.26847741
1749715200003,2025-06-12 08:00:00,0.00010000,0.26050500
1749744000001,2025-06-12 16:00:00,-0.00027146,0.25248862
1749772800000,2025-06-13 00:00:00,0.00004203,0.24994828
1749801600001,2025-06-13 08:00:00,0.00010000,0.23851236
1749830400004,2025-06-13 16:00:00,0.00004162,0.24383994
1749859200000,2025-06-14 00:00:00,0.00010000,0.24652017
1749888000000,2025-06-14 08:00:00,-0.00014340,0.24551483
1749916800000,2025-06-14 16:00:00,0.00010000,0.24300000
1749945600005,2025-06-15 00:00:00,0.00001115,0.24215759
1749974400009,2025-06-15 08:00:00,-0.00004809,0.24303103
1750003200000,2025-06-15 16:00:00,0.00006496,0.24411362
1750032000000,2025-06-16 00:00:00,0.00010000,0.24464839
1750060800000,2025-06-16 08:00:00,0.00010000,0.25061885
1750089600003,2025-06-16 16:00:00,0.00007175,0.25342983
1750118400000,2025-06-17 00:00:00,0.00010000,0.24317586
1750147200006,2025-06-17 08:00:00,-0.00029202,0.24069856
1750176000001,2025-06-17 16:00:00,0.00010000,0.23446690
1750204800001,2025-06-18 00:00:00,0.00010000,0.23400000
1750233600001,2025-06-18 08:00:00,0.00010000,0.23562279
1750262400001,2025-06-18 16:00:00,0.00002816,0.23293793
1750291200005,2025-06-19 00:00:00,-0.00008780,0.23748690
1750320000003,2025-06-19 08:00:00,0.00000475,0.23300000
1750348800000,2025-06-19 16:00:00,-0.00009181,0.23000000
1750377600000,2025-06-20 00:00:00,0.00010000,0.22948448
1750406400002,2025-06-20 08:00:00,0.00010000,0.23579414
1750435200001,2025-06-20 16:00:00,0.00010000,0.22917586
1750464000002,2025-06-21 00:00:00,0.00010000,0.22600000
1750492800005,2025-06-21 08:00:00,0.00010000,0.22649466
1750521600000,2025-06-21 16:00:00,0.00010000,0.22150448
1750550400005,2025-06-22 00:00:00,0.00002439,0.21559431
1750579200000,2025-06-22 08:00:00,-0.00011055,0.21241198
1750608000003,2025-06-22 16:00:00,-0.00030239,0.20100000
1750636800000,2025-06-23 00:00:00,0.00003565,0.20300000
1750665600004,2025-06-23 08:00:00,-0.00003078,0.20978276
1750694400013,2025-06-23 16:00:00,0.00009544,0.20815517
1750723200003,2025-06-24 00:00:00,0.00008622,0.22531034
1750752000000,2025-06-24 08:00:00,0.00010000,0.22428966
1750780800000,2025-06-24 16:00:00,0.00010000,0.22500000
1750809600005,2025-06-25 00:00:00,-0.00014767,0.22853793
1750838400000,2025-06-25 08:00:00,0.00010000,0.22892998
1750867200005,2025-06-25 16:00:00,0.00010000,0.22509310
1750896000000,2025-06-26 00:00:00,-0.00002434,0.22548517
1750924800006,2025-06-26 08:00:00,-0.00030195,0.22949544
1750953600007,2025-06-26 16:00:00,-0.00034160,0.22067931
1750982400000,2025-06-27 00:00:00,0.00010000,0.22183437
1751011200000,2025-06-27 08:00:00,0.00010000,0.22141546
1751040000009,2025-06-27 16:00:00,0.00010000,0.22508276
1751068800001,2025-06-28 00:00:00,0.00010000,0.22450052
1751097600002,2025-06-28 08:00:00,-0.00011221,0.22371034
1751126400000,2025-06-28 16:00:00,-0.00007977,0.22553483
1751155200004,2025-06-29 00:00:00,-0.00029312,0.22700000
1751184000001,2025-06-29 08:00:00,0.00010000,0.22648983
1751212800001,2025-06-29 16:00:00,-0.00005897,0.22700000
1751241600000,2025-06-30 00:00:00,0.00001142,0.23700000
1751270400005,2025-06-30 08:00:00,0.00004571,0.23431126
1751299200002,2025-06-30 16:00:00,-0.00001241,0.22918034
1751328000007,2025-07-01 00:00:00,-0.00009273,0.23200000
1751356800002,2025-07-01 08:00:00,-0.00038727,0.22506207
1751385600000,2025-07-01 16:00:00,-0.00036902,0.22300000
1751414400001,2025-07-02 00:00:00,0.00007004,0.22051776
1751443200000,2025-07-02 08:00:00,0.00010000,0.22604052
1751472000003,2025-07-02 16:00:00,0.00010000,0.23558868
1751500800006,2025-07-03 00:00:00,0.00010000,0.24417586
1751529600003,2025-07-03 08:00:00,0.00010000,0.24600000
1751558400003,2025-07-03 16:00:00,0.00010000,0.23718621
1751587200005,2025-07-04 00:00:00,0.00010000,0.24086552
1751616000003,2025-07-04 08:00:00,-0.00017180,0.22926534
1751644800001,2025-07-04 16:00:00,-0.00024718,0.22628966
1751673600004,2025-07-05 00:00:00,-0.00012820,0.22234397
1751702400009,2025-07-05 08:00:00,0.00010000,0.22607253
1751731200006,2025-07-05 16:00:00,-0.00000985,0.22454109
1751760000001,2025-07-06 00:00:00,0.00010000,0.22516552
1751788800002,2025-07-06 08:00:00,0.00010000,0.22418621
1751817600004,2025-07-06 16:00:00,0.00010000,0.22955862
1751846400000,2025-07-07 00:00:00,0.00001597,0.22877241
1751875200007,2025-07-07 08:00:00,0.00010000,0.23393868
1751904000000,2025-07-07 16:00:00,-0.00006399,0.23338937
1751932800010,2025-07-08 00:00:00,0.00010000,0.23213448
1751961600003,2025-07-08 08:00:00,0.00010000,0.23071034
1751990400000,2025-07-08 16:00:00,0.00007450,0.23583580
1752019200002,2025-07-09 00:00:00,0.00010000,0.24100000
1752048000006,2025-07-09 08:00:00,0.00010000,0.24249655
1752076800001,2025-07-09 16:00:00,0.00010000,0.24307241
1752105600003,2025-07-10 00:00:00,0.00010000,0.25251138
1752134400000,2025-07-10 08:00:00,0.00010000,0.25337241
1752163200004,2025-07-10 16:00:00,0.00010000,0.25184885
1752192000004,2025-07-11 00:00:00,0.00010000,0.27783448
1752220800007,2025-07-11 08:00:00,0.00010000,0.28500000
1752249600001,2025-07-11 16:00:00,0.00010000,0.28794299
1752278400000,2025-07-12 00:00:00,0.00010000,0.27855448
1752307200001,2025-07-12 08:00:00,0.00010000,0.29049414
1752336000002,2025-07-12 16:00:00,0.00010000,0.27600000
1752364800006,2025-07-13 00:00:00,0.00010000,0.28050138
1752393600001,2025-07-13 08:00:00,0.00010000,0.28600000
1752422400003,2025-07-13 16:00:00,0.00010000,0.29020690
1752451200000,2025-07-14 00:00:00,0.00010000,0.28587960
1752480000000,2025-07-14 08:00:00,0.00010000,0.29300000
1752508800000,2025-07-14 16:00:00,0.00010000,0.28663086
1752537600002,2025-07-15 00:00:00,0.00010000,0.28483477
1752566400000,2025-07-15 08:00:00,0.00010000,0.28100000
1752595200000,2025-07-15 16:00:00,0.00010000,0.28871034
1752624000000,2025-07-16 00:00:00,0.00010000,0.30230000
1752652800000,2025-07-16 08:00:00,0.00010000,0.30400000
1752681600008,2025-07-16 16:00:00,0.00010000,0.29209333
1752710400003,2025-07-17 00:00:00,0.00010000,0.29617586
1752739200000,2025-07-17 08:00:00,0.00010000,0.29700000
1752768000000,2025-07-17 16:00:00,0.00010000,0.29710345
1752796800004,2025-07-18 00:00:00,0.00016891,0.30376207
1752825600000,2025-07-18 08:00:00,0.00010000,0.30893793
1752854400000,2025-07-18 16:00:00,0.00010000,0.29814466
1752883200009,2025-07-19 00:00:00,0.00017826,0.29900000
1752912000000,2025-07-19 08:00:00,0.00010000,0.30193241
1752940800002,2025-07-19 16:00:00,-0.00032306,0.30343983
1752969600000,2025-07-20 00:00:00,0.00029354,0.30855345
1752998400000,2025-07-20 08:00:00,0.00010000,0.31400000
1753027200000,2025-07-20 16:00:00,0.00019617,0.32457707
1753056000001,2025-07-21 00:00:00,0.00010000,0.33148828
1753084800000,2025-07-21 08:00:00,0.00021400,0.33671845
1753113600001,2025-07-21 16:00:00,0.00010000,0.33700000
1753142400000,2025-07-22 00:00:00,0.00010000,0.33517586
1753171200010,2025-07-22 08:00:00,0.00010000,0.32139310
1753200000007,2025-07-22 16:00:00,0.00010000,0.32200000
1753228800000,2025-07-23 00:00:00,0.00010000,0.33000000
1753257600004,2025-07-23 08:00:00,0.00017650,0.32400000
1753286400002,2025-07-23 16:00:00,0.00010000,0.31508276
1753315200000,2025-07-24 00:00:00,0.00010000,0.29968374
1753344000001,2025-07-24 08:00:00,0.00010000,0.28585517
1753372800000,2025-07-24 16:00:00,0.00010000,0.29350828
1753401600000,2025-07-25 00:00:00,0.00010000,0.29113448
1753430400000,2025-07-25 08:00:00,0.00010000,0.28859655
1753459200000,2025-07-25 16:00:00,0.00010000,0.28989655
1753488000001,2025-07-26 00:00:00,0.00010000,0.29970000
1753516800005,2025-07-26 08:00:00,0.00010000,0.29650000
1753545600001,2025-07-26 16:00:00,0.00010000,0.30351259
1753574400001,2025-07-27 00:00:00,0.00010000,0.29951621
1753603200000,2025-07-27 08:00:00,0.00010000,0.29882494
1753632000008,2025-07-27 16:00:00,0.00010000,0.30451052
1753660800005,2025-07-28 00:00:00,0.00010000,0.31216552
1753689600000,2025-07-28 08:00:00,0.00010000,0.31521724
1753718400000,2025-07-28 16:00:00,0.00010000,0.29958621
1753747200001,2025-07-29 00:00:00,0.00010000,0.28672069
1753776000000,2025-07-29 08:00:00,0.00010000,0.29952174
1753804800000,2025-07-29 16:00:00,0.00010000,0.29055690
1753833600011,2025-07-30 00:00:00,0.00010000,0.29379310
1753862400000,2025-07-30 08:00:00,0.00010000,0.28936672
1753891200008,2025-07-30 16:00:00,0.00010000,0.29200000
1753920000000,2025-07-31 00:00:00,0.00010000,0.29158621
1753948800009,2025-07-31 08:00:00,0.00010000,0.29037241
1753977600000,2025-07-31 16:00:00,-0.00024977,0.28087816
1754006400001,2025-08-01 00:00:00,-0.00023442,0.27200000
1754035200003,2025-08-01 08:00:00,0.00009102,0.27022753
1754064000000,2025-08-01 16:00:00,0.00010000,0.27248397
1754092800004,2025-08-02 00:00:00,0.00010000,0.26898966
1754121600000,2025-08-02 08:00:00,0.00010000,0.26654707
1754150400000,2025-08-02 16:00:00,0.00010000,0.26052534
1754179200000,2025-08-03 00:00:00,0.00010000,0.26017586
1754208000000,2025-08-03 08:00:00,0.00010000,0.26670684
1754236800003,2025-08-03 16:00:00,-0.00000365,0.26730615
1754265600004,2025-08-04 00:00:00,0.00010000,0.27100000
1754294400000,2025-08-04 08:00:00,-0.00012716,0.27200000
1754323200002,2025-08-04 16:00:00,0.00010000,0.27500000
1754352000000,2025-08-05 00:00:00,-0.00002364,0.27531034
1754380800000,2025-08-05 08:00:00,-0.00006281,0.27125862
1754409600000,2025-08-05 16:00:00,0.00010000,0.27256410
1754438400005,2025-08-06 00:00:00,-0.00006548,0.27000000
1754467200000,2025-08-06 08:00:00,0.00010000,0.27400000
1754496000000,2025-08-06 16:00:00,0.00010000,0.27685000
1754524800003,2025-08-07 00:00:00,0.00001922,0.27419615
1754553600002,2025-08-07 08:00:00,0.00010000,0.27750000
1754582400002,2025-08-07 16:00:00,0.00010000,0.28541190
1754611200002,2025-08-08 00:00:00,0.00010000,0.28858621
1754640000004,2025-08-08 08:00:00,0.00010000,0.28763793
1754668800000,2025-08-08 16:00:00,0.00007291,0.28872069
1754697600005,2025-08-09 00:00:00,0.00010000,0.29449069
1754726400000,2025-08-09 08:00:00,0.00010000,0.30700000
1754755200007,2025-08-09 16:00:00,0.00010000,0.30640598
1754784000003,2025-08-10 00:00:00,0.00010000,0.30619655
1754812800005,2025-08-10 08:00:00,0.00010000,0.30012414
1754841600002,2025-08-10 16:00:00,0.00004976,0.30000000
1754870400000,2025-08-11 00:00:00,0.00010000,0.30400000
1754899200000,2025-08-11 08:00:00,0.00010000,0.30323793
1754928000000,2025-08-11 16:00:00,0.00004203,0.30057586
1754956800000,2025-08-12 00:00:00,0.00010000,0.29316552
1754985600001,2025-08-12 08:00:00,0.00010000,0.29775172
1755014400005,2025-08-12 16:00:00,0.00010000,0.30846845
1755043200000,2025-08-13 00:00:00,0.00010000,0.31306207
1755072000002,2025-08-13 08:00:00,0.00010000,0.31300000
1755100800006,2025-08-13 16:00:00,-0.00014727,0.49400000
1755129600002,2025-08-14 00:00:00,0.00010000,0.44940345
1755158400003,2025-08-14 08:00:00,-0.00020365,0.43901845
1755187200000,2025-08-14 16:00:00,-0.00121595,0.39124667
1755216000000,2025-08-15 00:00:00,-0.00329367,0.38470345
1755244800000,2025-08-15 08:00:00,-0.00038104,0.36308276
1755273600000,2025-08-15 16:00:00,-0.00094530,0.35048075
1755302400004,2025-08-16 00:00:00,0.00002926,0.36236207
1755331200000,2025-08-16 08:00:00,-0.00003026,0.35090138
1755360000002,2025-08-16 16:00:00,0.00010000,0.35600000
1755388800000,2025-08-17 00:00:00,0.00010000,0.35351648
1755417600001,2025-08-17 08:00:00,0.00010000,0.35591724
1755446400007,2025-08-17 16:00:00,0.00010000,0.35835672
1755475200000,2025-08-18 00:00:00,0.00009312,0.36268966
1755504000001,2025-08-18 08:00:00,0.00010000,0.32900000
1755532800002,2025-08-18 16:00:00,0.00010000,0.32382672
1755561600000,2025-08-19 00:00:00,-0.00024877,0.32374138
1755590400001,2025-08-19 08:00:00,0.00010000,0.31900000
1755619200000,2025-08-19 16:00:00,-0.00025964,0.32400000
1755648000000,2025-08-20 00:00:00,0.00010000,0.32216552
1755676800000,2025-08-20 08:00:00,-0.00048180,0.33150207
1755705600000,2025-08-20 16:00:00,0.00010000,0.32748552
1755734400006,2025-08-21 00:00:00,0.00010000,0.33600000
1755763200000,2025-08-21 08:00:00,-0.00031013,0.36386552
1755792000003,2025-08-21 16:00:00,0.00010000,0.34201638
1755820800010,2025-08-22 00:00:00,0.00010000,0.34530149
1755849600007,2025-08-22 08:00:00,0.00010000,0.33907241
1755878400001,2025-08-22 16:00:00,0.00010000,0.34646621
1755907200004,2025-08-23 00:00:00,0.00010000,0.36515264
1755936000006,2025-08-23 08:00:00,0.00010000,0.35816552
1755964800000,2025-08-23 16:00:00,0.00010000,0.34782414
1755993600001,2025-08-24 00:00:00,-0.00012126,0.35553000
1756022400002,2025-08-24 08:00:00,0.00008630,0.33900000
1756051200001,2025-08-24 16:00:00,-0.00008167,0.33545517
1756080000000,2025-08-25 00:00:00,0.00010000,0.34600000
1756108800002,2025-08-25 08:00:00,-0.00009234,0.33500000
1756137600002,2025-08-25 16:00:00,-0.00000829,0.32850638
1756166400000,2025-08-26 00:00:00,-0.00014137,0.31600000
1756195200000,2025-08-26 08:00:00,-0.00018234,0.32450086
1756224000000,2025-08-26 16:00:00,-0.00000555,0.32600000
1756252800003,2025-08-27 00:00:00,0.00010000,0.32924828
1756281600000,2025-08-27 08:00:00,0.00001794,0.33300000
1756310400009,2025-08-27 16:00:00,0.00010000,0.32901034
1756339200000,2025-08-28 00:00:00,0.00010000,0.32900000
1756368000005,2025-08-28 08:00:00,0.00008219,0.34393397
1756396800004,2025-08-28 16:00:00,0.00010000,0.34540920
1756425600000,2025-08-29 00:00:00,-0.00007906,0.35400000
1756454400000,2025-08-29 08:00:00,-0.00012705,0.33029363
1756483200005,2025-08-29 16:00:00,0.00006278,0.32200000
1756512000000,2025-08-30 00:00:00,0.00010000,0.32496897
1756540800002,2025-08-30 08:00:00,0.00010000,0.32716552
1756569600003,2025-08-30 16:00:00,0.00010000,0.32749310
1756598400016,2025-08-31 00:00:00,-0.00016881,0.33098902
1756627200000,2025-08-31 08:00:00,0.00010000,0.33000000
1756656000001,2025-08-31 16:00:00,-0.00017878,0.33401034
1756684800000,2025-09-01 00:00:00,0.00010000,0.32497931
1756713600000,2025-09-01 08:00:00,0.00002710,0.33370000
1756742400001,2025-09-01 16:00:00,0.00010000,0.32100000
1756771200000,2025-09-02 00:00:00,0.00009605,0.32400000
1756800000005,2025-09-02 08:00:00,0.00010000,0.32550259
1756828800007,2025-09-02 16:00:00,0.00010000,0.32036856
1756857600006,2025-09-03 00:00:00,0.00005031,0.32600000
1756886400002,2025-09-03 08:00:00,0.00006739,0.32484483
1756915200002,2025-09-03 16:00:00,0.00010000,0.33300000
1756944000002,2025-09-04 00:00:00,0.00010000,0.33100000
1756972800000,2025-09-04 08:00:00,-0.00007131,0.31900000
1757001600000,2025-09-04 16:00:00,0.00010000,0.31249914
1757030400001,2025-09-05 00:00:00,0.00010000,0.31699931
1757059200006,2025-09-05 08:00:00,0.00010000,0.33700000
1757088000000,2025-09-05 16:00:00,0.00010000,0.32900000
1757116800000,2025-09-06 00:00:00,0.00010000,0.33452121
1757145600005,2025-09-06 08:00:00,0.00010000,0.33849897
1757174400000,2025-09-06 16:00:00,0.00010000,0.33449414
1757203200000,2025-09-07 00:00:00,0.00010000,0.33500000
1757232000000,2025-09-07 08:00:00,-0.00017764,0.34282414
1757260800000,2025-09-07 16:00:00,0.00010000,0.34153121
1757289600007,2025-09-08 00:00:00,0.00010000,0.34196897
1757318400000,2025-09-08 08:00:00,0.00010000,0.34749224
1757347200000,2025-09-08 16:00:00,0.00010000,0.35367931
1757376000000,2025-09-09 00:00:00,0.00010000,0.34962759
1757404800000,2025-09-09 08:00:00,-0.00002861,0.36551172
1757433600000,2025-09-09 16:00:00,0.00008807,0.35248172
1757462400000,2025-09-10 00:00:00,0.00010000,0.35772069
1757491200002,2025-09-10 08:00:00,0.00010000,0.35300000
1757520000000,2025-09-10 16:00:00,0.00010000,0.36046741
1757548800000,2025-09-11 00:00:00,-0.00002857,0.35821448
1757577600000,2025-09-11 08:00:00,0.00010000,0.36554425
1757606400001,2025-09-11 16:00:00,0.00010000,0.35454856
1757635200002,2025-09-12 00:00:00,0.00022658,0.35000000
1757664000001,2025-09-12 08:00:00,0.00010000,0.35500000
1757692800005,2025-09-12 16:00:00,0.00010000,0.35750793
1757721600005,2025-09-13 00:00:00,0.00010000,0.36550034
1757750400002,2025-09-13 08:00:00,0.00010000,0.37248466
1757779200000,2025-09-13 16:00:00,0.00010000,0.37553000
1757808000006,2025-09-14 00:00:00,0.00010000,0.37945374
1757836800000,2025-09-14 08:00:00,0.00010000,0.37090690
1757865600001,2025-09-14 16:00:00,0.00010000,0.35800000
1757894400006,2025-09-15 00:00:00,0.00010000,0.35886552
1757923200002,2025-09-15 08:00:00,0.00010000,0.35449259
1757952000001,2025-09-15 16:00:00,0.00010000,0.34200000
1757980800001,2025-09-16 00:00:00,0.00009031,0.34922851
1758009600000,2025-09-16 08:00:00,0.00010000,0.34779310
1758038400000,2025-09-16 16:00:00,0.00010000,0.34877241
1758067200001,2025-09-17 00:00:00,0.00010000,0.35100000
1758096000000,2025-09-17 08:00:00,0.00010000,0.35050621
1758124800003,2025-09-17 16:00:00,0.00010000,0.34243448
1758153600006,2025-09-18 00:00:00,0.00010000,0.36300000
1758182400002,2025-09-18 08:00:00,0.00010000,0.36000000
1758211200000,2025-09-18 16:00:00,-0.00003701,0.36844931
1758240000000,2025-09-19 00:00:00,0.00005009,0.36900000
1758268800005,2025-09-19 08:00:00,0.00010000,0.36048966
1758297600000,2025-09-19 16:00:00,0.00010000,0.35246207
1758326400000,2025-09-20 00:00:00,0.00010000,0.33650000
1758355200000,2025-09-20 08:00:00,0.00009578,0.34348966
1758384000002,2025-09-20 16:00:00,0.00010000,0.34049103
1758412800000,2025-09-21 00:00:00,0.00010000,0.34133103
1758441600000,2025-09-21 08:00:00,0.00010000,0.35806207
1758470400000,2025-09-21 16:00:00,0.00010000,0.34779310
1758499200005,2025-09-22 00:00:00,0.00010000,0.33387586
1758528000003,2025-09-22 08:00:00,-0.00000913,0.30400000
1758556800000,2025-09-22 16:00:00,-0.00007289,0.30250000
1758585600000,2025-09-23 00:00:00,0.00010000,0.30630000
1758614400001,2025-09-23 08:00:00,0.00010000,0.30596897
1758643200000,2025-09-23 16:00:00,0.00010000,0.30190690
1758672000003,2025-09-24 00:00:00,0.00010000,0.30200000
1758700800001,2025-09-24 08:00:00,0.00010000,0.30449655
1758729600002,2025-09-24 16:00:00,0.00010000,0.30500000
1758758400000,2025-09-25 00:00:00,-0.00003258,0.29900000
1758787200001,2025-09-25 08:00:00,0.00000686,0.28650034
1758816000000,2025-09-25 16:00:00,-0.00022962,0.28883448
1758844800000,2025-09-26 00:00:00,0.00000441,0.27144828
1758873600000,2025-09-26 08:00:00,0.00003884,0.27307241
1758902400008,2025-09-26 16:00:00,0.00010000,0.27600000
1758931200000,2025-09-27 00:00:00,0.00003948,0.28211379
1758960000010,2025-09-27 08:00:00,-0.00025159,0.27954207
1758988800003,2025-09-27 16:00:00,0.00010000,0.28089655
1759017600000,2025-09-28 00:00:00,0.00001623,0.27500000
1759046400000,2025-09-28 08:00:00,0.00010000,0.27056897
1759075200000,2025-09-28 16:00:00,0.00010000,0.27575172
1759104000000,2025-09-29 00:00:00,0.00010000,0.27853103
1759132800002,2025-09-29 08:00:00,0.00010000,0.27150000
1759161600001,2025-09-29 16:00:00,0.00010000,0.26800000
1759190400002,2025-09-30 00:00:00,0.00010000,0.26386552
1759219200005,2025-09-30 08:00:00,-0.00036709,0.26096897
1759248000000,2025-09-30 16:00:00,0.00010000,0.25048207
1759276800000,2025-10-01 00:00:00,0.00010000,0.25582414
1759305600000,2025-10-01 08:00:00,0.00010000,0.25976207
1759334400000,2025-10-01 16:00:00,0.00010000,0.27733103
1759363200000,2025-10-02 00:00:00,0.00010000,0.27800000
1759392000013,2025-10-02 08:00:00,0.00010000,0.28008276
1759420800000,2025-10-02 16:00:00,0.00010000,0.27954483
1759449600006,2025-10-03 00:00:00,0.00010000,0.28651284
1759478400006,2025-10-03 08:00:00,0.00010000,0.28100000
1759507200000,2025-10-03 16:00:00,0.00010000,0.28561724
1759536000001,2025-10-04 00:00:00,0.00010000,0.28750069
1759564800000,2025-10-04 08:00:00,0.00010000,0.28849322
1759593600000,2025-10-04 16:00:00,0.00010000,0.27943448
1759622400000,2025-10-05 00:00:00,0.00010000,0.28314483
1759651200003,2025-10-05 08:00:00,0.00010000,0.29127667
1759680000009,2025-10-05 16:00:00,0.00010000,0.28450000
1759708800004,2025-10-06 00:00:00,0.00010000,0.27748862
1759737600002,2025-10-06 08:00:00,0.00010000,0.28014483
1759766400004,2025-10-06 16:00:00,0.00010000,0.28713448
1759795200000,2025-10-07 00:00:00,0.00010000,0.28509310
1759824000003,2025-10-07 08:00:00,0.00010000,0.27972069
1759852800000,2025-10-07 16:00:00,0.00010000,0.27136483
1759881600000,2025-10-08 00:00:00,0.00010000,0.27144644
1759910400006,2025-10-08 08:00:00,-0.00016931,0.27495577
1759939200002,2025-10-08 16:00:00,0.00024404,0.27400000
1759968000001,2025-10-09 00:00:00,0.00010000,0.28308276
1759996800000,2025-10-09 08:00:00,0.00010000,0.27300000
1760025600000,2025-10-09 16:00:00,0.00010000,0.26946552
1760054400005,2025-10-10 00:00:00,0.00010000,0.27741724
1760083200002,2025-10-10 08:00:00,0.00010000,0.28100000
1760112000014,2025-10-10 16:00:00,0.00010000,0.28099736
1760140800000,2025-10-11 00:00:00,0.00010000,0.20041908
1760169600003,2025-10-11 08:00:00,0.00010000,0.20286552
1760198400000,2025-10-11 16:00:00,0.00010000,0.21684483
1760227200004,2025-10-12 00:00:00,0.00010000,0.21200000
1760256000002,2025-10-12 08:00:00,0.00010000,0.21651926
1760284800000,2025-10-12 16:00:00,0.00010000,0.22400000
1760313600003,2025-10-13 00:00:00,0.00010000,0.23100000
1760342400002,2025-10-13 08:00:00,0.00010000,0.23549483
1760371200003,2025-10-13 16:00:00,0.00010000,0.24485517
1760400000000,2025-10-14 00:00:00,0.00010000,0.24905506
1760428800000,2025-10-14 08:00:00,0.00010000,0.22849931
1760457600000,2025-10-14 16:00:00,0.00010000,0.23759264
1760486400006,2025-10-15 00:00:00,0.00010000,0.23553448
1760515200002,2025-10-15 08:00:00,0.00010000,0.23600000
1760544000000,2025-10-15 16:00:00,0.00010000,0.22700000
1760572800000,2025-10-16 00:00:00,0.00007966,0.22772069
1760601600003,2025-10-16 08:00:00,0.00010000,0.23036207
1760630400002,2025-10-16 16:00:00,0.00010000,0.22186667
1760659200001,2025-10-17 00:00:00,0.00010000,0.21516310
1760688000005,2025-10-17 08:00:00,0.00010000,0.20450690
1760716800003,2025-10-17 16:00:00,0.00010000,0.21252759
1760745600000,2025-10-18 00:00:00,0.00010000,0.21347586
1760774400002,2025-10-18 08:00:00,0.00010000,0.21700000
1760803200001,2025-10-18 16:00:00,0.00010000,0.21149724
1760832000001,2025-10-19 00:00:00,0.00010000,0.21415471
1760860800001,2025-10-19 08:00:00,0.00010000,0.21100000
1760889600001,2025-10-19 16:00:00,0.00010000,0.22257552
1760918400004,2025-10-20 00:00:00,0.00010000,0.22000000
1760947200001,2025-10-20 08:00:00,0.00010000,0.22609251
1760976000000,2025-10-20 16:00:00,0.00010000,0.21947517
1761004800009,2025-10-21 00:00:00,0.00010000,0.21751448
1761033600000,2025-10-21 08:00:00,0.00010000,0.20750241
1761062400000,2025-10-21 16:00:00,0.00061457,0.22350214
1761091200004,2025-10-22 00:00:00,0.00015895,0.21000000
1761120000000,2025-10-22 08:00:00,0.00010000,0.21096897
1761148800000,2025-10-22 16:00:00,0.00010000,0.20474138
1761177600000,2025-10-23 00:00:00,0.00010000,0.20049483
1761206400001,2025-10-23 08:00:00,0.00010000,0.20739368
1761235200004,2025-10-23 16:00:00,0.00010000,0.20700000
1761264000000,2025-10-24 00:00:00,0.00010000,0.20756897
1761292800000,2025-10-24 08:00:00,0.00010000,0.20900000
1761321600009,2025-10-24 16:00:00,0.00008355,0.20597931
1761350400000,2025-10-25 00:00:00,0.00010000,0.20700000
1761379200001,2025-10-25 08:00:00,0.00010000,0.20500000
1761408000001,2025-10-25 16:00:00,0.00010000,0.20604138
1761436800001,2025-10-26 00:00:00,0.00010000,0.20645517
1761465600001,2025-10-26 08:00:00,0.00010000,0.20649621
1761494400000,2025-10-26 16:00:00,0.00010000,0.21149310
1761523200000,2025-10-27 00:00:00,0.00010000,0.21327931
1761552000005,2025-10-27 08:00:00,0.00010000,0.21671425
1761580800000,2025-10-27 16:00:00,0.00010000,0.21252747
1761609600000,2025-10-28 00:00:00,0.00010000,0.20584483
1761638400000,2025-10-28 08:00:00,0.00010000,0.20648069
1761667200004,2025-10-28 16:00:00,0.00005658,0.20505218
1761696000004,2025-10-29 00:00:00,-0.00024081,0.19537241
1761724800005,2025-10-29 08:00:00,0.00005465,0.19550000
1761753600000,2025-10-29 16:00:00,0.00000380,0.19158069
1761782400004,2025-10-30 00:00:00,0.00005162,0.18800000
1761811200008,2025-10-30 08:00:00,0.00010000,0.19009701
1761840000001,2025-10-30 16:00:00,-0.00018327,0.17807241
1761868800000,2025-10-31 00:00:00,-0.00009761,0.17800000
1761897600008,2025-10-31 08:00:00,0.00010000,0.17900000
1761926400007,2025-10-31 16:00:00,0.00010000,0.18300000
1761955200001,2025-11-01 00:00:00,0.00010000,0.18047574
1761984000000,2025-11-01 08:00:00,0.00010000,0.18350345
1762012800000,2025-11-01 16:00:00,-0.00001782,0.18304138
1762041600007,2025-11-02 00:00:00,-0.00009536,0.18357241
1762070400000,2025-11-02 08:00:00,0.00000977,0.18476207
1762099200001,2025-11-02 16:00:00,-0.00001891,0.17800000
1762128000000,2025-11-03 00:00:00,0.00010000,0.18250000
1762156800010,2025-11-03 08:00:00,0.00010000,0.16850759
1762185600000,2025-11-03 16:00:00,0.00010000,0.16110345
1762214400002,2025-11-04 00:00:00,0.00010000,0.16286552
1762243200004,2025-11-04 08:00:00,-0.00008173,0.16147231
1762272000000,2025-11-04 16:00:00,0.00010000,0.16643092
1762300800000,2025-11-05 00:00:00,-0.00013976,0.16579310
1762329600000,2025-11-05 08:00:00,0.00010000,0.16666897
1762358400004,2025-11-05 16:00:00,0.00010000,0.17000000
1762387200001,2025-11-06 00:00:00,0.00010000,0.17400000
1762416000000,2025-11-06 08:00:00,0.00006916,0.17327586
1762444800001,2025-11-06 16:00:00,0.00009255,0.16945517
1762473600005,2025-11-07 00:00:00,-0.00032274,0.17200000
1762502400003,2025-11-07 08:00:00,0.00008966,0.18075172
1762531200005,2025-11-07 16:00:00,0.00010000,0.18064828
1762560000011,2025-11-08 00:00:00,0.00010000,0.18924471
1762588800015,2025-11-08 08:00:00,0.00010000,0.18650241
1762617600001,2025-11-08 16:00:00,0.00010000,0.18789609
1762646400004,2025-11-09 00:00:00,0.00010000,0.18700000
1762675200000,2025-11-09 08:00:00,0.00010000,0.18200000
1762704000005,2025-11-09 16:00:00,-0.00033465,0.18954138
1762732800000,2025-11-10 00:00:00,0.00010000,0.18940345
1762761600000,2025-11-10 08:00:00,0.00010000,0.19014966
1762790400003,2025-11-10 16:00:00,0.00010000,0.19149103
1762819200007,2025-11-11 00:00:00,0.00010000,0.19151517
1762848000000,2025-11-11 08:00:00,0.00010000,0.18300000
1762876800009,2025-11-11 16:00:00,0.00010000,0.18550966
1762905600000,2025-11-12 00:00:00,0.00010000,0.17800000
1762934400002,2025-11-12 08:00:00,0.00010000,0.18300000
1762963200000,2025-11-12 16:00:00,0.00010000,0.17997931
1762992000002,2025-11-13 00:00:00,0.00010000,0.17550000
1763020800000,2025-11-13 08:00:00,0.00010000,0.18183448
1763049600001,2025-11-13 16:00:00,0.00007613,0.17850000
1763078400000,2025-11-14 00:00:00,0.00010000,0.16950000
1763107200000,2025-11-14 08:00:00,0.00010000,0.16950000
1763136000001,2025-11-14 16:00:00,0.00010000,0.16990690
1763164800005,2025-11-15 00:00:00,0.00010000,0.16600000
1763193600000,2025-11-15 08:00:00,0.00010000,0.17092759
1763222400001,2025-11-15 16:00:00,0.00010000,0.16891724
1763251200001,2025-11-16 00:00:00,-0.00019892,0.16749793
1763280000000,2025-11-16 08:00:00,0.00010000,0.16970000
1763308800000,2025-11-16 16:00:00,-0.00007812,0.16071379
1763337600003,2025-11-17 00:00:00,0.00010000,0.16249241
1763366400003,2025-11-17 08:00:00,0.00010000,0.16574138
1763395200000,2025-11-17 16:00:00,0.00010000,0.16300000
1763424000002,2025-11-18 00:00:00,0.00010000,0.15950000
1763452800004,2025-11-18 08:00:00,0.00010000,0.15800000
1763481600000,2025-11-18 16:00:00,0.00010000,0.15750000
1763510400000,2025-11-19 00:00:00,0.00010000,0.16088621
1763539200000,2025-11-19 08:00:00,0.00010000,0.15686448
1763568000008,2025-11-19 16:00:00,-0.00022073,0.15400000
1763596800000,2025-11-20 00:00:00,0.00010000,0.15553103
1763625600000,2025-11-20 08:00:00,0.00010000,0.15988621
1763654400000,2025-11-20 16:00:00,0.00010000,0.16665713
1763683200001,2025-11-21 00:00:00,0.00010000,0.16005172
1763712000000,2025-11-21 08:00:00,0.00010000,0.15314483
1763740800001,2025-11-21 16:00:00,0.00010000,0.15350000
1763769600004,2025-11-22 00:00:00,0.00010000,0.15449034
1763798400000,2025-11-22 08:00:00,0.00013403,0.15386678
1763827200000,2025-11-22 16:00:00,0.00010000,0.15334851
1763856000000,2025-11-23 00:00:00,0.00010000,0.15478966
1763884800008,2025-11-23 08:00:00,0.00010000,0.15650000
1763913600003,2025-11-23 16:00:00,0.00010000,0.15785517
1763942400004,2025-11-24 00:00:00,0.00001461,0.16095862
1763971200000,2025-11-24 08:00:00,0.00010000,0.15500000
1764000000006,2025-11-24 16:00:00,0.00075237,0.15552069
1764028800000,2025-11-25 00:00:00,0.00010000,0.15950345
1764057600009,2025-11-25 08:00:00,0.00010000,0.15444483
1764086400007,2025-11-25 16:00:00,0.00070834,0.15550000
1764115200001,2025-11-26 00:00:00,0.00010000,0.15600000
1764144000001,2025-11-26 08:00:00,0.00090319,0.15450000
1764172800000,2025-11-26 16:00:00,0.00010000,0.15095092
1764201600013,2025-11-27 00:00:00,0.00010000,0.15849793
1764230400000,2025-11-27 08:00:00,0.00010000,0.15851448
1764259200004,2025-11-27 16:00:00,0.00026897,0.15975172
1764288000008,2025-11-28 00:00:00,0.00010000,0.16100000
1764316800000,2025-11-28 08:00:00,0.00010000,0.15900000
1764345600008,2025-11-28 16:00:00,0.00010000,0.16022759
1764374400000,2025-11-29 00:00:00,-0.00010629,0.15800000
1764403200005,2025-11-29 08:00:00,0.00010000,0.15800000
1764432000001,2025-11-29 16:00:00,0.00010000,0.15673103
1764460800003,2025-11-30 00:00:00,0.00010000,0.15410345
1764489600000,2025-11-30 08:00:00,0.00010000,0.15349690
1764518400004,2025-11-30 16:00:00,-0.00096156,0.15450345
1764547200000,2025-12-01 00:00:00,0.00010000,0.15236345
1764576000004,2025-12-01 08:00:00,-0.00015740,0.14032069
1764604800000,2025-12-01 16:00:00,0.00010000,0.14242759
1764633600004,2025-12-02 00:00:00,0.00010000,0.14122759
1764662400000,2025-12-02 08:00:00,-0.00149113,0.13900000
1764691200000,2025-12-02 16:00:00,0.00010000,0.14600000
1764720000000,2025-12-03 00:00:00,-0.00088723,0.14250000
1764748800000,2025-12-03 08:00:00,-0.00003064,0.14445402
1764777600005,2025-12-03 16:00:00,-0.00005179,0.14206207
1764806400012,2025-12-04 00:00:00,0.00010000,0.14521463
1764835200000,2025-12-04 08:00:00,-0.00062014,0.14451034
1764864000011,2025-12-04 16:00:00,0.00010000,0.14235375
1764892800000,2025-12-05 00:00:00,-0.00019516,0.14250000
1764921600000,2025-12-05 08:00:00,0.00010000,0.14371034
1764950400010,2025-12-05 16:00:00,0.00005906,0.13949448
1764979200001,2025-12-06 00:00:00,0.00010000,0.13521770
1765008000001,2025-12-06 08:00:00,0.00002029,0.13912069
1765036800008,2025-12-06 16:00:00,-0.00013278,0.14017184
1765065600000,2025-12-07 00:00:00,-0.00030013,0.14350241
1765094400004,2025-12-07 08:00:00,-0.00005420,0.14200000
1765123200000,2025-12-07 16:00:00,-0.00013324,0.14050000
1765152000000,2025-12-08 00:00:00,-0.00050611,0.14150828
1765180800000,2025-12-08 08:00:00,0.00010000,0.14762310
1765209600001,2025-12-08 16:00:00,0.00001655,0.14549655
1765238400001,2025-12-09 00:00:00,0.00010000,0.14450000
1765267200001,2025-12-09 08:00:00,0.00010000,0.14600000
1765296000007,2025-12-09 16:00:00,0.00010000,0.15118621
1765324800007,2025-12-10 00:00:00,-0.00005961,0.15111644
1765353600002,2025-12-10 08:00:00,0.00010000,0.14800000
1765382400012,2025-12-10 16:00:00,0.00010000,0.14593793
1765411200001,2025-12-11 00:00:00,-0.00057357,0.14248966
1765440000000,2025-12-11 08:00:00,-0.00006854,0.13650069
1765468800000,2025-12-11 16:00:00,0.00010000,0.13780345
1765497600005,2025-12-12 00:00:00,-0.00033120,0.13950000
1765526400007,2025-12-12 08:00:00,0.00010000,0.14050000
1765555200002,2025-12-12 16:00:00,0.00010000,0.13600000
1765584000001,2025-12-13 00:00:00,0.00001335,0.13850000
1765612800006,2025-12-13 08:00:00,-0.00039484,0.13950000
1765641600000,2025-12-13 16:00:00,-0.00042891,0.13751103
1765670400000,2025-12-14 00:00:00,0.00010000,0.13787586
1765699200003,2025-12-14 08:00:00,0.00010000,0.13450034
1765728000005,2025-12-14 16:00:00,-0.00066529,0.13150000
1765756800000,2025-12-15 00:00:00,-0.00052865,0.12800000
1765785600000,2025-12-15 08:00:00,0.00010000,0.13100000
1765814400000,2025-12-15 16:00:00,0.00010000,0.12478276
1765843200002,2025-12-16 00:00:00,-0.00007818,0.12723793
1765872000000,2025-12-16 08:00:00,0.00010000,0.12550000
1765900800002,2025-12-16 16:00:00,-0.00027593,0.12847931
1765929600004,2025-12-17 00:00:00,0.00010000,0.12662655
1765958400000,2025-12-17 08:00:00,0.00027370,0.12648138
1765987200000,2025-12-17 16:00:00,0.00010000,0.12646552
1766016000005,2025-12-18 00:00:00,0.00010000,0.12297931
1766044800007,2025-12-18 08:00:00,0.00010000,0.12079310
1766073600001,2025-12-18 16:00:00,0.00010000,0.12521724
1766102400000,2025-12-19 00:00:00,0.00010000,0.11942276
1766131200001,2025-12-19 08:00:00,0.00010000,0.12300000
1766160000000,2025-12-19 16:00:00,-0.00001921,0.12500000
1766188800005,2025-12-20 00:00:00,0.00003756,0.12749448
1766217600000,2025-12-20 08:00:00,-0.00019880,0.12750000
1766246400002,2025-12-20 16:00:00,0.00010000,0.12700000
1766275200000,2025-12-21 00:00:00,0.00010000,0.12850000
1766304000009,2025-12-21 08:00:00,0.00010000,0.12750724
1766332800000,2025-12-21 16:00:00,0.00010000,0.12350000
1766361600000,2025-12-22 00:00:00,0.00014145,0.12549897
1766390400005,2025-12-22 08:00:00,0.00010000,0.12771034
1766419200009,2025-12-22 16:00:00,0.00010000,0.12896897
1766448000000,2025-12-23 00:00:00,0.00010000,0.12852345
1766476800000,2025-12-23 08:00:00,0.00010000,0.12592759
1766505600001,2025-12-23 16:00:00,0.00010000,0.12549679
1766534400001,2025-12-24 00:00:00,0.00010000,0.12987586
1766563200001,2025-12-24 08:00:00,0.00010000,0.12748966
1766592000000,2025-12-24 16:00:00,0.00010000,0.12700000
1766620800000,2025-12-25 00:00:00,0.00015025,0.12850310
1766649600001,2025-12-25 08:00:00,0.00010000,0.12950000
1766678400005,2025-12-25 16:00:00,0.00010000,0.12996897
1766707200004,2025-12-26 00:00:00,0.00010000,0.12494828
1766736000001,2025-12-26 08:00:00,0.00010000,0.12696897
1766764800007,2025-12-26 16:00:00,0.00010000,0.12700000
1766793600000,2025-12-27 00:00:00,0.00010000,0.12850000
1766822400000,2025-12-27 08:00:00,0.00013367,0.13149500
1766851200011,2025-12-27 16:00:00,0.00010000,0.13100000
1766880000008,2025-12-28 00:00:00,0.00010000,0.13452538
1766908800000,2025-12-28 08:00:00,0.00010000,0.13450000
1766937600000,2025-12-28 16:00:00,0.00010000,0.13500000
1766966400016,2025-12-29 00:00:00,0.00010000,0.13325385
1766995200001,2025-12-29 08:00:00,0.00010000,0.13610385
1767024000000,2025-12-29 16:00:00,0.00010000,0.13250000
1767052800005,2025-12-30 00:00:00,0.00072007,0.13200000
1767081600001,2025-12-30 08:00:00,0.00003562,0.13150398
1767110400003,2025-12-30 16:00:00,0.00010000,0.13350000
1767139200004,2025-12-31 00:00:00,0.00007915,0.13286154
1767168000001,2025-12-31 08:00:00,0.00010000,0.13249923
1767196800001,2025-12-31 16:00:00,0.00010000,0.13019231
1767225600008,2026-01-01 00:00:00,0.00010000,0.13000000
1767254400002,2026-01-01 08:00:00,0.00010000,0.13175769
1767283200001,2026-01-01 16:00:00,-0.00007992,0.13532465
1767312000006,2026-01-02 00:00:00,0.00010000,0.14000000
1767340800007,2026-01-02 08:00:00,0.00137409,0.13937613
1767369600000,2026-01-02 16:00:00,0.00045194,0.14150538
1767398400001,2026-01-03 00:00:00,0.00011919,0.14500000
1767427200000,2026-01-03 08:00:00,0.00010000,0.14211751
1767456000000,2026-01-03 16:00:00,0.00173441,0.14451038
1767484800000,2026-01-04 00:00:00,0.00010000,0.14550423
1767513600000,2026-01-04 08:00:00,0.00036166,0.14750000
1767542400001,2026-01-04 16:00:00,0.00020298,0.14850769
1767571200000,2026-01-05 00:00:00,0.00042928,0.14947231
1767600000000,2026-01-05 08:00:00,0.00010000,0.14851615
1767628800000,2026-01-05 16:00:00,0.00010000,0.15191923
1767657600010,2026-01-06 00:00:00,0.00010000,0.15393077
1767686400000,2026-01-06 08:00:00,0.00010000,0.15249385
1767715200000,2026-01-06 16:00:00,0.00010000,0.15300000
1767744000001,2026-01-07 00:00:00,0.00010000,0.15168846
1767772800001,2026-01-07 08:00:00,0.00010000,0.15148308
1767801600001,2026-01-07 16:00:00,0.00010000,0.14605769
1767830400001,2026-01-08 00:00:00,0.00010000,0.14611538
1767859200000,2026-01-08 08:00:00,0.00010000,0.14366538
1767888000000,2026-01-08 16:00:00,0.00010000,0.14560769
1767916800003,2026-01-09 00:00:00,0.00010000,0.14451154
1767945600000,2026-01-09 08:00:00,0.00010000,0.14496538
1767974400001,2026-01-09 16:00:00,0.00010000,0.14673462
1768003200000,2026-01-10 00:00:00,0.00010000,0.14482692
1768032000002,2026-01-10 08:00:00,0.00010000,0.14551000
1768060800001,2026-01-10 16:00:00,-0.00008360,0.14548846
1768089600003,2026-01-11 00:00:00,0.00010000,0.14283692
1768118400006,2026-01-11 08:00:00,0.00010000,0.14350808
1768147200000,2026-01-11 16:00:00,0.00010000,0.14300000
1768176000005,2026-01-12 00:00:00,-0.00007952,0.14185000
1768204800000,2026-01-12 08:00:00,0.00010000,0.14000000
1768233600000,2026-01-12 16:00:00,0.00010000,0.13800000
1768262400007,2026-01-13 00:00:00,0.00010000,0.13666538
1768291200009,2026-01-13 08:00:00,0.00010000,0.13979359
1768320000002,2026-01-13 16:00:00,0.00010000,0.14486436
1768348800000,2026-01-14 00:00:00,0.00010000,0.14815000
1768377600001,2026-01-14 08:00:00,-0.00019314,0.14500000
1768406400004,2026-01-14 16:00:00,-0.00022126,0.14682692
1768435200000,2026-01-15 00:00:00,-0.00082847,0.14350115
1768464000004,2026-01-15 08:00:00,0.00010000,0.14378077
1768492800002,2026-01-15 16:00:00,0.00010000,0.13924462
1768521600000,2026-01-16 00:00:00,-0.00113378,0.13649615
1768550400000,2026-01-16 08:00:00,0.00010000,0.13610385
1768579200001,2026-01-16 16:00:00,0.00010000,0.13591923
1768608000000,2026-01-17 00:00:00,0.00016763,0.14150000
1768636800000,2026-01-17 08:00:00,0.00010000,0.14200000
1768665600002,2026-01-17 16:00:00,0.00010000,0.14616154
1768694400001,2026-01-18 00:00:00,-0.00012068,0.14700000
1768723200000,2026-01-18 08:00:00,0.00010000,0.14682692
1768752000000,2026-01-18 16:00:00,0.00010000,0.14500000
1768780800007,2026-01-19 00:00:00,0.00010000,0.13824231
1768809600007,2026-01-19 08:00:00,0.00010000,0.13251154
1768838400007,2026-01-19 16:00:00,0.00010000,0.13608077
1768867200005,2026-01-20 00:00:00,0.00010000,0.13711538
1768896000001,2026-01-20 08:00:00,-0.00006631,0.13600000
1768924800009,2026-01-20 16:00:00,0.00010000,0.13250000
1768953600001,2026-01-21 00:00:00,0.00010000,0.12650269
1768982400011,2026-01-21 08:00:00,0.00000044,0.12900000
1769011200011,2026-01-21 16:00:00,0.00010000,0.12989526
1769040000010,2026-01-22 00:00:00,0.00010000,0.12951615
1769068800003,2026-01-22 08:00:00,0.00010000,0.13126923
1769097600005,2026-01-22 16:00:00,0.00008129,0.12650000
1769126400005,2026-01-23 00:00:00,0.00010000,0.12650000
1769155200000,2026-01-23 08:00:00,-0.00020940,0.12919615
1769184000011,2026-01-23 16:00:00,0.00010000,0.13085318
1769212800011,2026-01-24 00:00:00,0.00005129,0.13133462
1769241600002,2026-01-24 08:00:00,0.00010000,0.13410385
1769270400001,2026-01-24 16:00:00,0.00010000,0.13600000
1769299200002,2026-01-25 00:00:00,0.00010000,0.13550577
1769328000011,2026-01-25 08:00:00,-0.00005063,0.13320769
1769356800005,2026-01-25 16:00:00,-0.00020437,0.13048077
1769385600000,2026-01-26 00:00:00,-0.00029322,0.12420769
1769414400003,2026-01-26 08:00:00,0.00010000,0.12705769
1769443200000,2026-01-26 16:00:00,0.00010000,0.13050462
1769472000002,2026-01-27 00:00:00,0.00010000,0.13003462
1769500800000,2026-01-27 08:00:00,-0.00039831,0.12986154
1769529600000,2026-01-27 16:00:00,0.00010000,0.12800000
1769558400000,2026-01-28 00:00:00,0.00010000,0.13100000
1769587200000,2026-01-28 08:00:00,0.00010000,0.12932493
1769616000000,2026-01-28 16:00:00,0.00010000,0.12803462
1769644800000,2026-01-29 00:00:00,0.00010000,0.13050885
1769673600009,2026-01-29 08:00:00,0.00010000,0.12850000
1769702400000,2026-01-29 16:00:00,0.00005435,0.12026538
1769731200008,2026-01-30 00:00:00,0.00010000,0.11948846
1769760000000,2026-01-30 08:00:00,0.00010000,0.11428846
1769788800001,2026-01-30 16:00:00,0.00010000,0.11550000
1769817600000,2026-01-31 00:00:00,0.00010000,0.11851154
1769846400001,2026-01-31 08:00:00,0.00010000,0.11750000
1769875200009,2026-01-31 16:00:00,-0.00055943,0.10840846
1769904000001,2026-02-01 00:00:00,0.00010000,0.10678205
1769932800004,2026-02-01 08:00:00,0.00010000,0.11050000
1769961600000,2026-02-01 16:00:00,-0.00039304,0.10698846
1769990400000,2026-02-02 00:00:00,-0.00057102,0.10445000
1770019200014,2026-02-02 08:00:00,0.00010000,0.10604615
1770048000000,2026-02-02 16:00:00,0.00010000,0.11250398
1770076800000,2026-02-03 00:00:00,0.00010000,0.11113846
1770105600007,2026-02-03 08:00:00,0.00010000,0.11267692
1770134400000,2026-02-03 16:00:00,0.00010000,0.11050000
1770163200002,2026-02-04 00:00:00,0.00010000,0.10706923
1770192000007,2026-02-04 08:00:00,0.00010000,0.10900000
1770220800000,2026-02-04 16:00:00,-0.00116256,0.10350625
1770249600011,2026-02-05 00:00:00,0.00021801,0.10462654
1770278400000,2026-02-05 08:00:00,0.00010000,0.10265915
1770307200007,2026-02-05 16:00:00,0.00009710,0.09506923
1770336000000,2026-02-06 00:00:00,-0.00079004,0.08915000
1770364800001,2026-02-06 08:00:00,0.00010000,0.09204615
1770393600000,2026-02-06 16:00:00,0.00010000,0.09818462
1770422400003,2026-02-07 00:00:00,0.00010000,0.10049308
1770451200000,2026-02-07 08:00:00,0.00000802,0.09623077
1770480000010,2026-02-07 16:00:00,0.00010000,0.09895385
1770508800003,2026-02-08 00:00:00,0.00010000,0.10003462
1770537600000,2026-02-08 08:00:00,0.00010000,0.09906923
1770566400000,2026-02-08 16:00:00,0.00010000,0.09850000
1770595200002,2026-02-09 00:00:00,0.00010000,0.09750000
1770624000001,2026-02-09 08:00:00,0.00010000,0.09725385
1770652800007,2026-02-09 16:00:00,-0.00019676,0.09703846
1770681600000,2026-02-10 00:00:00,-0.00045581,0.09750000
1770710400007,2026-02-10 08:00:00,-0.00012390,0.09600000
1770739200000,2026-02-10 16:00:00,-0.00026894,0.09650000
1770768000000,2026-02-11 00:00:00,0.00004056,0.09600000
1770796800006,2026-02-11 08:00:00,-0.00082429,0.09450000
1770825600000,2026-02-11 16:00:00,-0.00039269,0.09400000
1770854400000,2026-02-12 00:00:00,-0.00090829,0.09549792
1770883200001,2026-02-12 08:00:00,0.00004883,0.09900000
1770912000001,2026-02-12 16:00:00,0.00010000,0.09712231
1770940800007,2026-02-13 00:00:00,0.00010000,0.09815346
1770969600003,2026-02-13 08:00:00,-0.00183213,0.09800000
1770998400005,2026-02-13 16:00:00,0.00008561,0.10168038
1771027200002,2026-02-14 00:00:00,0.00007103,0.10350095
1771056000004,2026-02-14 08:00:00,0.00010000,0.10476923
1771084800002,2026-02-14 16:00:00,-0.00198533,0.10550000
1771113600000,2026-02-15 00:00:00,-0.00168937,0.10506923
1771142400002,2026-02-15 08:00:00,0.00010000,0.10726923
1771171200000,2026-02-15 16:00:00,-0.00247371,0.10300000
1771200000001,2026-02-16 00:00:00,0.00010000,0.10200000
1771228800003,2026-02-16 08:00:00,0.00010000,0.10150677
1771257600000,2026-02-16 16:00:00,-0.00006557,0.10147140
1771286400008,2026-02-17 00:00:00,0.00010000,0.10450000
1771315200001,2026-02-17 08:00:00,0.00010000,0.10208885
1771344000002,2026-02-17 16:00:00,-0.00035524,0.10279692
1771372800000,2026-02-18 00:00:00,-0.00054560,0.10151615
1771401600000,2026-02-18 08:00:00,-0.00070265,0.10077282
1771430400011,2026-02-18 16:00:00,0.00010000,0.09919323
1771459200013,2026-02-19 00:00:00,-0.00005144,0.09548654
1771488000000,2026-02-19 08:00:00,0.00010000,0.09518000
1771516800003,2026-02-19 16:00:00,0.00010000,0.09312692
1771545600000,2026-02-20 00:00:00,0.00010000,0.09389500
1771574400000,2026-02-20 08:00:00,0.00010000,0.09376346
1771603200000,2026-02-20 16:00:00,0.00010000,0.09355128
1771632000004,2026-02-21 00:00:00,0.00010000,0.09307846
1771660800000,2026-02-21 08:00:00,0.00010000,0.09387538
1771689600005,2026-02-21 16:00:00,0.00010000,0.09450369
1771718400001,2026-02-22 00:00:00,-0.00036422,0.09347652
1771747200004,2026-02-22 08:00:00,0.00010000,0.09204269
1771776000000,2026-02-22 16:00:00,-0.00053918,0.09100000
1771804800001,2026-02-23 00:00:00,-0.00025107,0.09000000
1771833600000,2026-02-23 08:00:00,0.00010000,0.08648900
1771862400000,2026-02-23 16:00:00,-0.00098893,0.08688923
1771891200007,2026-02-24 00:00:00,0.00010000,0.08650558
1771920000000,2026-02-24 08:00:00,0.00010000,0.08400000
1771948800001,2026-02-24 16:00:00,0.00010000,0.08549363
1771977600001,2026-02-25 00:00:00,0.00010000,0.08649885
1772006400007,2026-02-25 08:00:00,-0.00052690,0.08791577
1772035200000,2026-02-25 16:00:00,0.00010000,0.09100000
1772064000000,2026-02-26 00:00:00,0.00040450,0.09109115
1772092800006,2026-02-26 08:00:00,0.00010000,0.09109923
1772121600002,2026-02-26 16:00:00,-0.00022084,0.09106410
1772150400007,2026-02-27 00:00:00,0.00010000,0.09149885
1772179200000,2026-02-27 08:00:00,-0.00075772,0.09100000
1772208000001,2026-02-27 16:00:00,0.00010000,0.08949481
1772236800000,2026-02-28 00:00:00,0.00010000,0.08950000
1772265600000,2026-02-28 08:00:00,-0.00023544,0.08449992
1772294400004,2026-02-28 16:00:00,-0.00213083,0.08149873
1772323200005,2026-03-01 00:00:00,-0.00007806,0.08700000
1772352000000,2026-03-01 08:00:00,0.00003317,0.08626308
1772380800002,2026-03-01 16:00:00,-0.00143697,0.08567000
1772409600001,2026-03-02 00:00:00,-0.00050414,0.08349281
1772438400007,2026-03-02 08:00:00,-0.00284754,0.08285462
1772467200000,2026-03-02 16:00:00,0.00010000,0.08551115
1772496000000,2026-03-03 00:00:00,0.00010000,0.08489731
1772524800000,2026-03-03 08:00:00,0.00010000,0.08500000
1772553600007,2026-03-03 16:00:00,0.00010000,0.08500923
1772582400001,2026-03-04 00:00:00,0.00010000,0.08683962
1772611200005,2026-03-04 08:00:00,-0.00099732,0.08305538
1772640000000,2026-03-04 16:00:00,0.00010000,0.08650000
1772668800000,2026-03-05 00:00:00,0.00010000,0.08700000
1772697600000,2026-03-05 08:00:00,0.00010000,0.08893769
1772726400004,2026-03-05 16:00:00,0.00010000,0.08750462
1772755200001,2026-03-06 00:00:00,-0.00161947,0.08485000
1772784000001,2026-03-06 08:00:00,0.00010000,0.08550000
1772812800004,2026-03-06 16:00:00,0.00010000,0.08182000
1772841600001,2026-03-07 00:00:00,-0.00485354,0.08048077
1772870400012,2026-03-07 08:00:00,0.00010000,0.07950692
1772899200001,2026-03-07 16:00:00,0.00010000,0.07995269
1772928000001,2026-03-08 00:00:00,0.00010000,0.07850000
1772956800000,2026-03-08 08:00:00,0.00010000,0.07850138
1772985600002,2026-03-08 16:00:00,0.00010000,0.07950000
1773014400000,2026-03-09 00:00:00,0.00010000,0.07850000
1773043200004,2026-03-09 08:00:00,-0.00079669,0.08082346
1773072000003,2026-03-09 16:00:00,0.00010000,0.08279577
1773100800012,2026-03-10 00:00:00,-0.00100886,0.08149308
1773129600002,2026-03-10 08:00:00,-0.00077945,0.08282231
1773158400001,2026-03-10 16:00:00,-0.00028880,0.08292154
1773187200000,2026-03-11 00:00:00,0.00010000,0.08308654
1773216000007,2026-03-11 08:00:00,0.00010000,0.08450000
1773244800010,2026-03-11 16:00:00,-0.00040414,0.08600000
1773273600000,2026-03-12 00:00:00,-0.00083229,0.09350431
1773302400000,2026-03-12 08:00:00,-0.00148498,0.11950062
1773331200000,2026-03-12 16:00:00,-0.00002526,0.10650000
1773360000006,2026-03-13 00:00:00,-0.00192494,0.10800000
1773388800001,2026-03-13 08:00:00,-0.00016066,0.10150462
1773417600000,2026-03-13 16:00:00,0.00083470,0.10049331
1773446400001,2026-03-14 00:00:00,0.00010000,0.09500000
1773475200000,2026-03-14 08:00:00,-0.00008870,0.09549600
1773504000007,2026-03-14 16:00:00,0.00010000,0.09689731
1773532800000,2026-03-15 00:00:00,0.00031927,0.09550000
1773561600000,2026-03-15 08:00:00,0.00010000,0.09583038
1773590400000,2026-03-15 16:00:00,0.00010000,0.09276808
1773619200000,2026-03-16 00:00:00,0.00101551,0.09400923
1773648000010,2026-03-16 08:00:00,0.00113581,0.09608192
1773676800000,2026-03-16 16:00:00,0.00010000,0.09502192
1773705600000,2026-03-17 00:00:00,0.00088838,0.09405308
1773734400002,2026-03-17 08:00:00,0.00010000,0.09050000
1773763200011,2026-03-17 16:00:00,0.00010000,0.09250000
1773792000002,2026-03-18 00:00:00,0.00010000,0.09302538
1773820800002,2026-03-18 08:00:00,0.00010000,0.09285808
1773849600005,2026-03-18 16:00:00,0.00010000,0.08649985
1773878400000,2026-03-19 00:00:00,0.00010000,0.09048546
1773907200003,2026-03-19 08:00:00,0.00010000,0.08900000
1773936000003,2026-03-19 16:00:00,0.00010000,0.08805885
1773964800002,2026-03-20 00:00:00,-0.00042813,0.08877846
1773993600000,2026-03-20 08:00:00,-0.00039359,0.08449332
1774022400000,2026-03-20 16:00:00,-0.00095466,0.08449385
1774051200000,2026-03-21 00:00:00,0.00010000,0.08348154
1774080000000,2026-03-21 08:00:00,0.00010000,0.08300000
1774108800014,2026-03-21 16:00:00,-0.00029323,0.08298038
1774137600012,2026-03-22 00:00:00,-0.00036880,0.07901962
1774166400007,2026-03-22 08:00:00,0.00010000,0.08250231
1774195200002,2026-03-22 16:00:00,0.00010000,0.08350000
1774224000000,2026-03-23 00:00:00,-0.00032678,0.08050000
1774252800003,2026-03-23 08:00:00,0.00010000,0.08050115
1774281600002,2026-03-23 16:00:00,0.00010000,0.08372769
1774310400000,2026-03-24 00:00:00,0.00010000,0.08299423
1774339200000,2026-03-24 08:00:00,0.00010000,0.08149631
1774368000003,2026-03-24 16:00:00,0.00010000,0.08300000
1774396800000,2026-03-25 00:00:00,0.00010000,0.08550000
1774425600000,2026-03-25 08:00:00,0.00010000,0.08550000
1774454400013,2026-03-25 16:00:00,0.00010000,0.08296423
1774483200001,2026-03-26 00:00:00,0.00010000,0.08379231
1774512000001,2026-03-26 08:00:00,0.00010000,0.08494000
1774540800000,2026-03-26 16:00:00,-0.00013568,0.08151269
1774569600006,2026-03-27 00:00:00,-0.00023911,0.07725615
1774598400000,2026-03-27 08:00:00,-0.00077651,0.07850031
1774627200000,2026-03-27 16:00:00,0.00023507,0.08283962
1774656000005,2026-03-28 00:00:00,-0.00112993,0.07850000
1774684800005,2026-03-28 08:00:00,-0.00321533,0.07691923
1774713600000,2026-03-28 16:00:00,-0.00183516,0.07650000
1774742400003,2026-03-29 00:00:00,0.00195065,0.07907038
1774771200001,2026-03-29 08:00:00,-0.00018814,0.07807385
1774800000000,2026-03-29 16:00:00,0.00010000,0.07749927
1774828800000,2026-03-30 00:00:00,0.00010000,0.07599885
1774857600005,2026-03-30 08:00:00,0.00010000,0.07583269
1774886400000,2026-03-30 16:00:00,0.00010000,0.07691000
1774915200000,2026-03-31 00:00:00,0.00010000,0.07650000
1774944000000,2026-03-31 08:00:00,-0.00019275,0.07649942
1774972800000,2026-03-31 16:00:00,0.00010000,0.07750692
1775001600000,2026-04-01 00:00:00,0.00010000,0.07750131
1775030400000,2026-04-01 08:00:00,0.00010000,0.07650923
1775059200000,2026-04-01 16:00:00,0.00010000,0.07593423
1775088000003,2026-04-02 00:00:00,0.00010000,0.07850000
1775116800001,2026-04-02 08:00:00,0.00010069,0.07950000
1775145600001,2026-04-02 16:00:00,-0.00056435,0.07312231
1775174400000,2026-04-03 00:00:00,0.00010000,0.07475885
1775203200008,2026-04-03 08:00:00,0.00010000,0.07582000
1775232000008,2026-04-03 16:00:00,0.00010000,0.07350000
1775260800000,2026-04-04 00:00:00,0.00010000,0.07350000
1775289600003,2026-04-04 08:00:00,0.00010000,0.07478538
1775318400000,2026-04-04 16:00:00,0.00010000,0.07604962
1775347200008,2026-04-05 00:00:00,0.00010000,0.07607038
1775376000000,2026-04-05 08:00:00,-0.00210159,0.07595038
1775404800001,2026-04-05 16:00:00,0.00010000,0.07586513
1775433600004,2026-04-06 00:00:00,0.00010000,0.07550015
1775462400001,2026-04-06 08:00:00,0.00010000,0.07586154
1775491200003,2026-04-06 16:00:00,0.00010000,0.07786500
1775520000000,2026-04-07 00:00:00,0.00010000,0.07910154
1775548800000,2026-04-07 08:00:00,-0.00082752,0.07625178
1775577600000,2026-04-07 16:00:00,0.00021693,0.07534950
1775606400000,2026-04-08 00:00:00,0.00030511,0.08030000
1775635200000,2026-04-08 08:00:00,0.00016990,0.08074892
1775664000006,2026-04-08 16:00:00,0.00010000,0.07907615
1775692800000,2026-04-09 00:00:00,0.00047498,0.07910000
1775721600010,2026-04-09 08:00:00,0.00099194,0.07920000
1775750400001,2026-04-09 16:00:00,0.00010000,0.07820000
1775779200000,2026-04-10 00:00:00,0.00010000,0.07825333
1775808000005,2026-04-10 08:00:00,0.00010000,0.07755000
1775836800000,2026-04-10 16:00:00,0.00010000,0.07805046
1775865600000,2026-04-11 00:00:00,0.00010000,0.07765069
1775894400000,2026-04-11 08:00:00,-0.00004032,0.07740000
1775923200003,2026-04-11 16:00:00,0.00010000,0.07690000
1775952000000,2026-04-12 00:00:00,0.00010000,0.07860000
1775980800000,2026-04-12 08:00:00,0.00010000,0.07660000
1776009600000,2026-04-12 16:00:00,0.00010000,0.07635219
1776038400011,2026-04-13 00:00:00,-0.00044528,0.07575000
1776067200006,2026-04-13 08:00:00,0.00086789,0.07711042
1776096000000,2026-04-13 16:00:00,0.00063664,0.07741000
1776124800005,2026-04-14 00:00:00,0.00041074,0.08348154
1776153600003,2026-04-14 08:00:00,0.00088545,0.08048571
1776182400001,2026-04-14 16:00:00,0.00006323,0.08058517
1776211200000,2026-04-15 00:00:00,0.00084190,0.07957683
1776240000000,2026-04-15 08:00:00,-0.00026068,0.07949108
1776268800000,2026-04-15 16:00:00,0.00010000,0.08075026
1776297600013,2026-04-16 00:00:00,-0.00017988,0.08228155
1776326400000,2026-04-16 08:00:00,0.00010000,0.08452000
1776355200000,2026-04-16 16:00:00,0.00010000,0.08599555
1776384000001,2026-04-17 00:00:00,0.00010000,0.08862000
1776412800011,2026-04-17 08:00:00,0.00010000,0.09402769
1776441600001,2026-04-17 16:00:00,-0.00072045,0.09065640
1776470400001,2026-04-18 00:00:00,-0.00172018,0.09073000
1776499200006,2026-04-18 08:00:00,-0.00069285,0.11143426
1776528000000,2026-04-18 16:00:00,-0.00016401,0.10220192
1776556800002,2026-04-19 00:00:00,0.00010000,0.09735328
1776585600010,2026-04-19 08:00:00,-0.00196015,0.12576692
1776614400001,2026-04-19 16:00:00,-0.00201259,0.11246194
1776643200000,2026-04-20 00:00:00,-0.00168753,0.10925000
1776672000000,2026-04-20 08:00:00,-0.00026389,0.11016345
1776700800001,2026-04-20 16:00:00,0.00010000,0.11397126
1776729600000,2026-04-21 00:00:00,0.00010000,0.11399255
1776758400004,2026-04-21 08:00:00,0.00010000,0.10820000
1776787200004,2026-04-21 16:00:00,0.00010000,0.10492500
1776816000004,2026-04-22 00:00:00,0.00010000,0.10746000
1776844800000,2026-04-22 08:00:00,0.00060249,0.10443428
1776873600000,2026-04-22 16:00:00,0.00036386,0.10260782
1776902400000,2026-04-23 00:00:00,0.00010000,0.10239383
1776931200000,2026-04-23 08:00:00,0.00010000,0.10493100
1776960000004,2026-04-23 16:00:00,0.00010000,0.10864000
1776988800006,2026-04-24 00:00:00,0.00010000,0.10973435
1777017600000,2026-04-24 08:00:00,0.00001698,0.11169000
1777046400000,2026-04-24 16:00:00,0.00010000,0.11417851
1777075200000,2026-04-25 00:00:00,0.00010000,0.11629000
1777104000002,2026-04-25 08:00:00,-0.00014997,0.10367963
1777132800002,2026-04-25 16:00:00,0.00010000,0.09547000
1777161600003,2026-04-26 00:00:00,-0.00022274,0.09433500
1777190400007,2026-04-26 08:00:00,-0.00013449,0.09360000
1777219200004,2026-04-26 16:00:00,0.00010000,0.09175885
1777248000004,2026-04-27 00:00:00,0.00010000,0.09144145
1777276800000,2026-04-27 08:00:00,0.00010000,0.09294191
1777305600002,2026-04-27 16:00:00,0.00010000,0.09641091
1777334400001,2026-04-28 00:00:00,0.00010000,0.09744000
1777363200000,2026-04-28 08:00:00,0.00021018,0.09489058
1777392000004,2026-04-28 16:00:00,0.00036814,0.09540647
1777420800006,2026-04-29 00:00:00,0.00029370,0.09569000
1777449600011,2026-04-29 08:00:00,0.00024729,0.09528000
1777478400003,2026-04-29 16:00:00,0.00010000,0.09346000
1777507200002,2026-04-30 00:00:00,0.00010000,0.09350515
1777536000000,2026-04-30 08:00:00,-0.00012367,0.09442000
1777564800000,2026-04-30 16:00:00,0.00010000,0.09461950
1777593600000,2026-05-01 00:00:00,-0.00037154,0.09346940
1777622400005,2026-05-01 08:00:00,0.00010000,0.09369000
1777651200000,2026-05-01 16:00:00,0.00070317,0.09643000
1777680000006,2026-05-02 00:00:00,0.00025353,0.09365982
1777708800000,2026-05-02 08:00:00,0.00010000,0.09335000
1777737600010,2026-05-02 16:00:00,0.00060554,0.09548000
1777766400005,2026-05-03 00:00:00,0.00043272,0.09529000
1777795200003,2026-05-03 08:00:00,0.00010000,0.09323679
1777824000000,2026-05-03 16:00:00,0.00010000,0.09361000
1777852800000,2026-05-04 00:00:00,0.00011949,0.09344086
1777881600000,2026-05-04 08:00:00,0.00007901,0.09409568
1777910400003,2026-05-04 16:00:00,0.00010000,0.09409408
1777939200000,2026-05-05 00:00:00,-0.00002707,0.09355000
1777968000011,2026-05-05 08:00:00,0.00010000,0.09360000
1777996800000,2026-05-05 16:00:00,-0.00009119,0.09037709
1778025600010,2026-05-06 00:00:00,0.00010000,0.08810000
1778054400000,2026-05-06 08:00:00,-0.00008423,0.08979436
1778083200002,2026-05-06 16:00:00,-0.00007504,0.09055173
1778112000000,2026-05-07 00:00:00,0.00010000,0.09118619
1778140800000,2026-05-07 08:00:00,0.00010000,0.09164396
1778169600004,2026-05-07 16:00:00,0.00010000,0.09014262
1778198400003,2026-05-08 00:00:00,0.00042148,0.09261000
1778227200002,2026-05-08 08:00:00,0.00062431,0.09290308
1778256000003,2026-05-08 16:00:00,0.00010000,0.09272000
1778284800000,2026-05-09 00:00:00,0.00013328,0.09367000
1778313600001,2026-05-09 08:00:00,0.00010000,0.09602000
1778342400002,2026-05-09 16:00:00,0.00003104,0.09823000
1778371200003,2026-05-10 00:00:00,0.00010000,0.09932000
1778400000000,2026-05-10 08:00:00,0.00010000,0.09836000
1778428800000,2026-05-10 16:00:00,0.00010000,0.09943233
1778457600000,2026-05-11 00:00:00,-0.00000050,0.10125273
1778486400000,2026-05-11 08:00:00,0.00010000,0.10389000
1778515200000,2026-05-11 16:00:00,-0.00639854,0.12758000
1778544000002,2026-05-12 00:00:00,-0.01293186,0.17885000
1778572800008,2026-05-12 08:00:00,-0.00123969,0.14726538
1778601600000,2026-05-12 16:00:00,-0.00022465,0.13723656
1778630400010,2026-05-13 00:00:00,-0.00034513,0.13678444
1778659200003,2026-05-13 08:00:00,-0.00003449,0.12664117
1778688000001,2026-05-13 16:00:00,0.00010000,0.11968000
1778716800005,2026-05-14 00:00:00,0.00010000,0.11914538
1778745600000,2026-05-14 08:00:00,0.00010000,0.12113150
1778774400000,2026-05-14 16:00:00,0.00010000,0.11344638
1778803200000,2026-05-15 00:00:00,0.00002147,0.11520337
1778832000016,2026-05-15 08:00:00,0.00010000,0.10932386
1778860800012,2026-05-15 16:00:00,0.00010000,0.10339001
1778889600005,2026-05-16 00:00:00,0.00000594,0.10512000
1778918400000,2026-05-16 08:00:00,0.00010000,0.09948000
1778947200005,2026-05-16 16:00:00,0.00010000,0.09855737
1778976000000,2026-05-17 00:00:00,-0.00000664,0.10218160
1779004800010,2026-05-17 08:00:00,-0.00021362,0.10323000
1779033600009,2026-05-17 16:00:00,-0.00015542,0.10124300
1779062400007,2026-05-18 00:00:00,-0.00044605,0.09833000
1779091200002,2026-05-18 08:00:00,0.00010000,0.09677000
1779120000007,2026-05-18 16:00:00,0.00010000,0.09687764
1779148800001,2026-05-19 00:00:00,0.00010000,0.09580000
1779177600001,2026-05-19 08:00:00,-0.00024654,0.09864000
1779206400009,2026-05-19 16:00:00,0.00010000,0.10844355
1779235200001,2026-05-20 00:00:00,0.00010000,0.10244000
1779264000006,2026-05-20 08:00:00,0.00010000,0.10774000
1779292800000,2026-05-20 16:00:00,0.00010000,0.10900000
1779321600001,2026-05-21 00:00:00,0.00010000,0.10418000
1779350400000,2026-05-21 08:00:00,0.00032777,0.10355285
1779379200000,2026-05-21 16:00:00,0.00010000,0.10746171
1779408000000,2026-05-22 00:00:00,0.00012002,0.10878328
1779436800004,2026-05-22 08:00:00,0.00010000,0.11066579
1779465600001,2026-05-22 16:00:00,0.00010000,0.10720000
1779494400009,2026-05-23 00:00:00,0.00041628,0.10920000
1779523200001,2026-05-23 08:00:00,0.00014895,0.11023000
1779552000003,2026-05-23 16:00:00,0.00001346,0.10947383
1779580800011,2026-05-24 00:00:00,0.00010000,0.10918306
1779609600008,2026-05-24 08:00:00,-0.00007613,0.10455000
1779638400000,2026-05-24 16:00:00,0.00010000,0.10350000
1779667200001,2026-05-25 00:00:00,-0.00015259,0.10147583
1779696000001,2026-05-25 08:00:00,0.00002520,0.09947000
1779724800001,2026-05-25 16:00:00,0.00010000,0.09946000
1779753600000,2026-05-26 00:00:00,-0.00002221,0.09826619
1779782400003,2026-05-26 08:00:00,-0.00001473,0.09447833
1779811200000,2026-05-26 16:00:00,-0.00073747,0.09265000
1779840000000,2026-05-27 00:00:00,0.00010000,0.09319437
1779868800004,2026-05-27 08:00:00,-0.00034807,0.09357000
1779897600009,2026-05-27 16:00:00,0.00010000,0.09763217
1779926400001,2026-05-28 00:00:00,0.00010000,0.09644000
1779955200000,2026-05-28 08:00:00,0.00010000,0.09617658
1779984000001,2026-05-28 16:00:00,-0.00031175,0.09272000
1780012800000,2026-05-29 00:00:00,-0.00026588,0.09336633
1780041600001,2026-05-29 08:00:00,0.00010000,0.09313000
1780070400008,2026-05-29 16:00:00,0.00010000,0.09399538
1780099200000,2026-05-30 00:00:00,0.00010000,0.09276414
1780128000001,2026-05-30 08:00:00,0.00061064,0.09563400
1780156800000,2026-05-30 16:00:00,0.00000620,0.09613962
1780185600000,2026-05-31 00:00:00,0.00010000,0.09345000
1780214400000,2026-05-31 08:00:00,0.00010000,0.09401000
1780243200004,2026-05-31 16:00:00,0.00010000,0.09376000
1780272000001,2026-06-01 00:00:00,0.00010000,0.09431000
1780300800001,2026-06-01 08:00:00,-0.00026601,0.09741000
1780329600000,2026-06-01 16:00:00,0.00001441,0.09702423
1780358400000,2026-06-02 00:00:00,0.00010000,0.09648000
1780387200000,2026-06-02 08:00:00,0.00010000,0.09411974
1780416000000,2026-06-02 16:00:00,0.00010000,0.08862000
1780444800013,2026-06-03 00:00:00,-0.00016307,0.08786000
1780473600000,2026-06-03 08:00:00,-0.00041286,0.09025000
1780502400001,2026-06-03 16:00:00,0.00034465,0.08804662
1780531200009,2026-06-04 00:00:00,-0.00005620,0.08585160
1780560000000,2026-06-04 08:00:00,0.00010000,0.08016331
1780588800003,2026-06-04 16:00:00,0.00044709,0.08182405
1780617600000,2026-06-05 00:00:00,0.00010000,0.08235000
1780646400004,2026-06-05 08:00:00,0.00010000,0.07737803
1780675200009,2026-06-05 16:00:00,0.00010000,0.07652700
1780704000000,2026-06-06 00:00:00,0.00010000,0.07587000
1780732800000,2026-06-06 08:00:00,0.00010000,0.07311817
1780761600000,2026-06-06 16:00:00,0.00010000,0.07339233
1780790400001,2026-06-07 00:00:00,0.00010000,0.07336355
1780819200000,2026-06-07 08:00:00,-0.00005906,0.07496000
1780848000000,2026-06-07 16:00:00,0.00040603,0.07510674
1780876800000,2026-06-08 00:00:00,0.00010000,0.07561000
1780905600005,2026-06-08 08:00:00,0.00045941,0.07530000
1780934400004,2026-06-08 16:00:00,-0.00000637,0.07740000
1780963200000,2026-06-09 00:00:00,0.00010000,0.07663283
1780992000000,2026-06-09 08:00:00,0.00046106,0.07505000
1781020800001,2026-06-09 16:00:00,0.00006188,0.07495000
1781049600001,2026-06-10 00:00:00,0.00010000,0.07603000
1781078400011,2026-06-10 08:00:00,0.00038725,0.07547012
1781107200009,2026-06-10 16:00:00,0.00044324,0.07482000
1781136000000,2026-06-11 00:00:00,0.00004140,0.07246948
1781164800004,2026-06-11 08:00:00,0.00051630,0.07414318
1781193600000,2026-06-11 16:00:00,0.00010000,0.07798628
1781222400000,2026-06-12 00:00:00,-0.00080580,0.07896654
1781251200000,2026-06-12 08:00:00,-0.00004942,0.07945097
1781280000000,2026-06-12 16:00:00,-0.00008146,0.07909317
1781308800000,2026-06-13 00:00:00,0.00062366,0.07754506
1781337600007,2026-06-13 08:00:00,0.00010000,0.07836741
1781366400002,2026-06-13 16:00:00,0.00198020,0.07881000
1781395200005,2026-06-14 00:00:00,0.00010000,0.07929555
1781424000009,2026-06-14 08:00:00,0.00017566,0.08186038
1781452800000,2026-06-14 16:00:00,0.00010000,0.08032000
1781481600013,2026-06-15 00:00:00,0.00105353,0.08164054
1781510400013,2026-06-15 08:00:00,0.00033247,0.08140750
1781539200004,2026-06-15 16:00:00,0.00052338,0.08362878
1781568000000,2026-06-16 00:00:00,0.00057712,0.08174503
1781596800000,2026-06-16 08:00:00,0.00075648,0.08166000
1781625600001,2026-06-16 16:00:00,0.00010000,0.08140000
1781654400012,2026-06-17 00:00:00,0.00010000,0.08235000
1781683200000,2026-06-17 08:00:00,0.00010000,0.08116000
1781712000000,2026-06-17 16:00:00,0.00010000,0.08206824
1781740800002,2026-06-18 00:00:00,0.00010000,0.08053000
1781769600000,2026-06-18 08:00:00,0.00010000,0.07959466
1781798400001,2026-06-18 16:00:00,0.00010000,0.07414000
1781827200005,2026-06-19 00:00:00,0.00010000,0.07621000
1781856000001,2026-06-19 08:00:00,0.00010000,0.07447000
1781884800001,2026-06-19 16:00:00,0.00010000,0.07515431
1781913600001,2026-06-20 00:00:00,0.00010000,0.07621808
1781942400000,2026-06-20 08:00:00,0.00010000,0.07546000
1781971200001,2026-06-20 16:00:00,0.00010000,0.07620708
1782000000000,2026-06-21 00:00:00,0.00010000,0.07768000
1782028800000,2026-06-21 08:00:00,-0.00018152,0.07769000
1782057600000,2026-06-21 16:00:00,0.00007177,0.07730000
1782086400000,2026-06-22 00:00:00,-0.00050182,0.07548700
1782115200000,2026-06-22 08:00:00,0.00081716,0.07667000
1782144000002,2026-06-22 16:00:00,0.00010000,0.07756000
1782172800003,2026-06-23 00:00:00,0.00010000,0.07683962
1782201600005,2026-06-23 08:00:00,-0.00033468,0.07390000
1782230400002,2026-06-23 16:00:00,0.00010000,0.07254194
1782259200005,2026-06-24 00:00:00,0.00010000,0.07229060
1782288000005,2026-06-24 08:00:00,0.00010000,0.07261532
1782316800003,2026-06-24 16:00:00,0.00010000,0.06990104
1782345600000,2026-06-25 00:00:00,0.00010000,0.07007567
1782374400000,2026-06-25 08:00:00,-0.00020379,0.07074000
1782403200000,2026-06-25 16:00:00,0.00010000,0.06768217
1782432000010,2026-06-26 00:00:00,0.00010000,0.06805000
1782460800002,2026-06-26 08:00:00,0.00010000,0.07049231
1782489600000,2026-06-26 16:00:00,0.00010000,0.07074047
1782518400000,2026-06-27 00:00:00,0.00026839,0.06918000
1782547200000,2026-06-27 08:00:00,-0.00011454,0.06899700
1782576000009,2026-06-27 16:00:00,0.00064657,0.06969000
1782604800000,2026-06-28 00:00:00,0.00010000,0.06834000
1782633600013,2026-06-28 08:00:00,0.00010000,0.06854000
1782662400000,2026-06-28 16:00:00,0.00010000,0.06979000
1782691200006,2026-06-29 00:00:00,0.00004350,0.06831500
1782720000013,2026-06-29 08:00:00,-0.00002706,0.06911000
1782748800004,2026-06-29 16:00:00,0.00010000,0.06861086
1782777600000,2026-06-30 00:00:00,-0.00010406,0.06829383
1782806400000,2026-06-30 08:00:00,0.00049059,0.06739000
1782835200005,2026-06-30 16:00:00,0.00010000,0.06646115
1782864000000,2026-07-01 00:00:00,-0.00003174,0.06613000
1782892800000,2026-07-01 08:00:00,0.00028812,0.06553000
1782921600000,2026-07-01 16:00:00,0.00129605,0.06979715
1782950400000,2026-07-02 00:00:00,0.00027432,0.07340000
1782979200000,2026-07-02 08:00:00,0.00010000,0.07140583
1783008000000,2026-07-02 16:00:00,0.00010000,0.07880878
1783036800000,2026-07-03 00:00:00,0.00010000,0.07360517
1783065600007,2026-07-03 08:00:00,0.00050639,0.07387699
1783094400000,2026-07-03 16:00:00,0.00080750,0.07495583
1783123200000,2026-07-04 00:00:00,0.00010000,0.08055000
1783152000000,2026-07-04 08:00:00,0.00010000,0.07692000
1783180800007,2026-07-04 16:00:00,0.00010000,0.07758000
1783209600003,2026-07-05 00:00:00,0.00010000,0.07579626
1783238400001,2026-07-05 08:00:00,0.00010000,0.07478000
1783267200000,2026-07-05 16:00:00,0.00010000,0.07432000
1783296000000,2026-07-06 00:00:00,0.00010000,0.07505885
1783324800000,2026-07-06 08:00:00,0.00018561,0.07231000
1783353600000,2026-07-06 16:00:00,0.00010000,0.07445000
1783382400000,2026-07-07 00:00:00,0.00010000,0.07444000
1783411200000,2026-07-07 08:00:00,0.00076258,0.07304000
1783440000000,2026-07-07 16:00:00,0.00010000,0.07285000
1783468800000,2026-07-08 00:00:00,0.00023553,0.07084000
1783497600000,2026-07-08 08:00:00,-0.00006247,0.07050447
1783526400000,2026-07-08 16:00:00,-0.00096352,0.06841562
1783555200000,2026-07-09 00:00:00,-0.00134617,0.06951699
1783584000001,2026-07-09 08:00:00,0.00010000,0.06919000
1783612800001,2026-07-09 16:00:00,0.00004657,0.06864000
1783641600000,2026-07-10 00:00:00,0.00063045,0.06872000
1783670400005,2026-07-10 08:00:00,0.00112632,0.06976500
1783699200005,2026-07-10 16:00:00,0.00021805,0.06970000
1783728000000,2026-07-11 00:00:00,0.00010000,0.06951000
1783756800000,2026-07-11 08:00:00,-0.00027641,0.07040000
1783785600000,2026-07-11 16:00:00,0.00046505,0.06942750
1783814400000,2026-07-12 00:00:00,0.00070011,0.06846000
1783843200003,2026-07-12 08:00:00,0.00060228,0.06907665
1783872000000,2026-07-12 16:00:00,0.00010000,0.07039000
1783900800000,2026-07-13 00:00:00,-0.00056351,0.06914163
1783929600001,2026-07-13 08:00:00,0.00010000,0.06855000
1783958400004,2026-07-13 16:00:00,0.00010000,0.06826000
1783987200000,2026-07-14 00:00:00,-0.00139698,0.06782000
1784016000002,2026-07-14 08:00:00,0.00010000,0.06710408
1784044800001,2026-07-14 16:00:00,0.00010000,0.07075000
1784073600005,2026-07-15 00:00:00,-0.00102558,0.07097000
1784102400002,2026-07-15 08:00:00,-0.00134653,0.06986144
1784131200000,2026-07-15 16:00:00,-0.00065002,0.07062000
1784160000000,2026-07-16 00:00:00,0.00010000,0.06954172
1784188800003,2026-07-16 08:00:00,0.00017333,0.06925656
1784217600002,2026-07-16 16:00:00,0.00039017,0.06874190
1784246400000,2026-07-17 00:00:00,0.00010000,0.06732299
1784275200010,2026-07-17 08:00:00,-0.00048544,0.06675000
1784304000004,2026-07-17 16:00:00,0.00010000,0.06679000
1784332800000,2026-07-18 00:00:00,-0.00048672,0.06695966
1784361600000,2026-07-18 08:00:00,0.00053407,0.06652000
1784390400001,2026-07-18 16:00:00,-0.00028404,0.06633000
1784419200003,2026-07-19 00:00:00,0.00177780,0.06687145
1784448000000,2026-07-19 08:00:00,0.00021375,0.06752043
1784476800001,2026-07-19 16:00:00,0.00010000,0.06749000
1784505600000,2026-07-20 00:00:00,0.00051423,0.06649393
1784534400001,2026-07-20 08:00:00,0.00099811,0.06663713
1784563200004,2026-07-20 16:00:00,0.00116373,0.06921151
1784592000001,2026-07-21 00:00:00,0.00101069,0.06778000
1784620800000,2026-07-21 08:00:00,0.00010000,0.06938501
1784649600002,2026-07-21 16:00:00,0.00010000,0.06892000
1784678400000,2026-07-22 00:00:00,0.00010000,0.06863729
1784707200000,2026-07-22 08:00:00,-0.00009798,0.06838000
1784736000001,2026-07-22 16:00:00,0.00010000,0.06928000
1784764800000,2026-07-23 00:00:00,0.00010000,0.06863000
1784793600000,2026-07-23 08:00:00,0.00010000,0.06814000
1784822400000,2026-07-23 16:00:00,0.00010000,0.06776426
1784851200000,2026-07-24 00:00:00,0.00010000,0.06702000
1784880000000,2026-07-24 08:00:00,0.00010000,0.06745481
1784908800008,2026-07-24 16:00:00,0.00010000,0.06626000
1784937600002,2026-07-25 00:00:00,0.00010000,0.06591714
1784966400000,2026-07-25 08:00:00,0.00010000,0.06561000
1784995200000,2026-07-25 16:00:00,0.00010000,0.06893286
1785024000000,2026-07-26 00:00:00,0.00010000,0.06876706
1785052800002,2026-07-26 08:00:00,0.00010000,0.06906000
1785081600000,2026-07-26 16:00:00,0.00010000,0.06886000
1785110400010,2026-07-27 00:00:00,0.00010000,0.06885889
1785139200000,2026-07-27 08:00:00,0.00010000,0.07014000
1785168000001,2026-07-27 16:00:00,0.00010000,0.07327621
1785196800000,2026-07-28 00:00:00,0.00010000,0.07118000
1785225600000,2026-07-28 08:00:00,0.00010000,0.07388524
1785254400000,2026-07-28 16:00:00,0.00010000,0.07539172
1785283200000,2026-07-29 00:00:00,0.00010000,0.07695632
1785312000002,2026-07-29 08:00:00,0.00010000,0.07352448
1785340800000,2026-07-29 16:00:00,0.00010000,0.07399448
1785369600000,2026-07-30 00:00:00,0.00010000,0.07341586
1785398400000,2026-07-30 08:00:00,0.00010000,0.07703251
1785427200000,2026-07-30 16:00:00,0.00010000,0.07216982
1785456000003,2026-07-31 00:00:00,0.00010000,0.07368000
1785484800000,2026-07-31 08:00:00,0.00010000,0.07481000
1785513600000,2026-07-31 16:00:00,0.00010000,0.07323000
1785542400001,2026-08-01 00:00:00,0.00010000,0.07398794
1785571200000,2026-08-01 08:00:00,0.00010000,0.07467590
1785600000000,2026-08-01 16:00:00,0.00010000,0.07474472
1785628800000,2026-08-02 00:00:00,0.00010000,0.07599686
1785657600000,2026-08-02 08:00:00,0.00010000,0.07489586
1785686400000,2026-08-02 16:00:00,0.00010000,0.07632750
1785715200000,2026-08-03 00:00:00,0.00010000,0.07707941
1785744000000,2026-08-03 08:00:00,0.00010000,0.07274591
1785772800000,2026-08-03 16:00:00,0.00010000,0.07605347
1785801600004,2026-08-04 00:00:00,0.00010000,0.07772690
1785830400002,2026-08-04 08:00:00,0.00010000,0.07646000
1785859200000,2026-08-04 16:00:00,0.00010000,0.07456862
1785888000003,2026-08-05 00:00:00,0.00010000,0.07484000
1785916800004,2026-08-05 08:00:00,0.00010000,0.07893463
1785945600000,2026-08-05 16:00:00,0.00010000,0.07829000
1785974400002,2026-08-06 00:00:00,0.00010000,0.07914566
1786003200000,2026-08-06 08:00:00,0.00010000,0.08399000
1786032000000,2026-08-06 16:00:00,0.00010000,0.08348670
1786060800000,2026-08-07 00:00:00,0.00010000,0.08191179
1786089600000,2026-08-07 08:00:00,0.00010000,0.08215724
1786118400000,2026-08-07 16:00:00,0.00010000,0.08392767
1786147200001,2026-08-08 00:00:00,0.00010000,0.08449000
1786176000000,2026-08-08 08:00:00,0.00010000,0.08469103
1786204800002,2026-08-08 16:00:00,0.00010000,0.08632000
1786233600000,2026-08-09 00:00:00,0.00010000,0.08815001
1786262400005,2026-08-09 08:00:00,0.00010000,0.09110000
1786291200000,2026-08-09 16:00:00,0.00010000,0.08989740
1786320000001,2026-08-10 00:00:00,0.00010000,0.08878000
1786348800005,2026-08-10 08:00:00,0.00010000,0.08874000
1786377600000,2026-08-10 16:00:00,0.00010000,0.08620181
1786406400000,2026-08-11 00:00:00,0.00010000,0.08646000
1786435200006,2026-08-11 08:00:00,0.00010000,0.08593690
1786464000000,2026-08-11 16:00:00,0.00010000,0.08415000
1786492800001,2026-08-12 00:00:00,0.00010000,0.08283000
1786521600000,2026-08-12 08:00:00,0.00010000,0.08415762
1786550400000,2026-08-12 16:00:00,0.00010000,0.08257500
1786579200000,2026-08-13 00:00:00,-0.00005334,0.08174486
1786608000000,2026-08-13 08:00:00,-0.00012678,0.08223010
1786636800000,2026-08-13 16:00:00,-0.00008499,0.08141000
1786665600000,2026-08-14 00:00:00,0.00010000,0.08081621
1786694400001,2026-08-14 08:00:00,0.00010000,0.08185000
1786723200001,2026-08-14 16:00:00,0.00010000,0.08053000
1786752000003,2026-08-15 00:00:00,0.00008563,0.08504921
1786780800002,2026-08-15 08:00:00,-0.00003019,0.08470631
1786809600000,2026-08-15 16:00:00,0.00010000,0.08627000
1786838400000,2026-08-16 00:00:00,-0.00010578,0.08606000
1786867200002,2026-08-16 08:00:00,0.00010000,0.08627126
1786896000000,2026-08-16 16:00:00,0.00010000,0.08613000
1786924800001,2026-08-17 00:00:00,0.00010000,0.08517000
1786953600003,2026-08-17 08:00:00,0.00001476,0.08593000
1786982400005,2026-08-17 16:00:00,-0.00012191,0.08352451
1787011200006,2026-08-18 00:00:00,0.00010000,0.08344498
1787040000001,2026-08-18 08:00:00,0.00010000,0.08074628
1787068800003,2026-08-18 16:00:00,0.00010000,0.08209000
1787097600000,2026-08-19 00:00:00,-0.00006588,0.08115143
1787126400000,2026-08-19 08:00:00,0.00006609,0.08023000
1787155200004,2026-08-19 16:00:00,0.00010000,0.08280000
1787184000001,2026-08-20 00:00:00,-0.00000500,0.08408000
1787212800000,2026-08-20 08:00:00,0.00010000,0.08478482
1787241600005,2026-08-20 16:00:00,0.00010000,0.08507290
1787270400004,2026-08-21 00:00:00,0.00010000,0.08610931
1787299200000,2026-08-21 08:00:00,0.00010000,0.08728993
1787328000001,2026-08-21 16:00:00,0.00010000,0.09025000
1787356800000,2026-08-22 00:00:00,0.00010000,0.09205502
1787385600000,2026-08-22 08:00:00,0.00010000,0.08825000
1787414400000,2026-08-22 16:00:00,0.00010000,0.08754568
