fundingTime,fundingTime_dt,fundingRate,markPrice
1702656000000,2023-12-15 16:00:00,0.00392931,0.43700000
1702670400001,2023-12-15 20:00:00,0.00279311,0.55170000
1702684800000,2023-12-16 00:00:00,0.00279699,0.43040825
1702699200000,2023-12-16 04:00:00,0.00087150,0.43560000
1702713600000,2023-12-16 08:00:00,0.00135244,0.41613000
1702728000000,2023-12-16 12:00:00,0.00062159,0.44296800
1702742400001,2023-12-16 16:00:00,0.00087972,0.41797000
1702756800000,2023-12-16 20:00:00,0.00126103,0.39385450
1702771200000,2023-12-17 00:00:00,0.00149380,0.39956333
1702785600000,2023-12-17 04:00:00,0.00117520,0.35802142
1702800000000,2023-12-17 08:00:00,0.00092164,0.34575203
1702814400000,2023-12-17 12:00:00,0.00079058,0.30317000
1702828800000,2023-12-17 16:00:00,0.00039720,0.32160667
1702843200001,2023-12-17 20:00:00,0.00031619,0.32772911
1702857600000,2023-12-18 00:00:00,0.00034729,0.33000000
1702872000000,2023-12-18 04:00:00,0.00126372,0.31479000
1702886400001,2023-12-18 08:00:00,0.00054505,0.30262936
1702900800000,2023-12-18 12:00:00,0.00207223,0.27600333
1702915200000,2023-12-18 16:00:00,0.00068629,0.25747000
1702929600001,2023-12-18 20:00:00,0.00057031,0.27245989
1702944000000,2023-12-19 00:00:00,0.00007828,0.29139675
1702958400000,2023-12-19 04:00:00,0.00005000,0.31786667
1702972800000,2023-12-19 08:00:00,0.00005000,0.30628267
1702987200000,2023-12-19 12:00:00,0.00005000,0.29411000
1703001600000,2023-12-19 16:00:00,0.00072730,0.28811253
1703016000001,2023-12-19 20:00:00,0.00088071,0.29137747
1703030400000,2023-12-20 00:00:00,0.00038287,0.28392404
1703044800000,2023-12-20 04:00:00,0.00011648,0.29140000
1703059200000,2023-12-20 08:00:00,0.00005000,0.28376906
1703073600000,2023-12-20 12:00:00,0.00005000,0.28309667
1703088000000,2023-12-20 16:00:00,0.00005000,0.30931731
1703102400000,2023-12-20 20:00:00,-0.00001791,0.30787856
1703116800000,2023-12-21 00:00:00,0.00001662,0.31373000
1703131200007,2023-12-21 04:00:00,0.00101581,0.36398997
1703145600000,2023-12-21 08:00:00,0.00064139,0.35034000
1703160000000,2023-12-21 12:00:00,0.00080476,0.34189000
1703174400000,2023-12-21 16:00:00,0.00047049,0.31554950
1703188800000,2023-12-21 20:00:00,0.00059068,0.32199000
1703203200000,2023-12-22 00:00:00,0.00005000,0.33450008
1703217600001,2023-12-22 04:00:00,0.00069590,0.32430119
1703232000000,2023-12-22 08:00:00,0.00094701,0.31451492
1703246400000,2023-12-22 12:00:00,0.00080784,0.29993086
1703260800000,2023-12-22 16:00:00,0.00068428,0.30062422
1703275200000,2023-12-22 20:00:00,0.00062615,0.30236000
1703289600000,2023-12-23 00:00:00,0.00046805,0.31011000
1703304000000,2023-12-23 04:00:00,0.00082191,0.29224000
1703318400001,2023-12-23 08:00:00,0.00050485,0.30286358
1703332800000,2023-12-23 12:00:00,0.00032182,0.31973211
1703347200000,2023-12-23 16:00:00,0.00018390,0.31970667
1703361600000,2023-12-23 20:00:00,0.00031789,0.32584000
1703376000000,2023-12-24 00:00:00,0.00029113,0.32431319
1703390400000,2023-12-24 04:00:00,0.00042913,0.33627000
1703404800000,2023-12-24 08:00:00,0.00049547,0.32395000
1703419200000,2023-12-24 12:00:00,0.00061592,0.32423417
1703433600000,2023-12-24 16:00:00,0.00084399,0.31585000
1703448000000,2023-12-24 20:00:00,0.00079745,0.31638000
1703462400000,2023-12-25 00:00:00,0.00025458,0.31544667
1703476800000,2023-12-25 04:00:00,0.00045561,0.32250000
1703491200000,2023-12-25 08:00:00,0.00058260,0.33351081
1703505600000,2023-12-25 12:00:00,0.00037532,0.42847000
1703520000000,2023-12-25 16:00:00,0.00118180,0.42973000
1703534400000,2023-12-25 20:00:00,0.00076925,0.39700000
1703548800000,2023-12-26 00:00:00,0.00031746,0.41273333
1703563200000,2023-12-26 04:00:00,0.00058070,0.40793333
1703577600000,2023-12-26 08:00:00,0.00071190,0.38934000
1703592000001,2023-12-26 12:00:00,0.00114727,0.39453000
1703606400000,2023-12-26 16:00:00,0.00061714,0.38240422
1703620800000,2023-12-26 20:00:00,0.00020514,0.36437331
1703635200000,2023-12-27 00:00:00,0.00045328,0.37370431
1703649600000,2023-12-27 04:00:00,0.00077200,0.35575390
1703664000000,2023-12-27 08:00:00,0.00031772,0.35972395
1703678400001,2023-12-27 12:00:00,0.00062842,0.38359389
1703692800000,2023-12-27 16:00:00,0.00123323,0.36838269
1703707200000,2023-12-27 20:00:00,0.00114061,0.37182872
1703721600000,2023-12-28 00:00:00,0.00050160,0.36752833
1703736000000,2023-12-28 04:00:00,0.00045685,0.37849667
1703750400000,2023-12-28 08:00:00,0.00022944,0.35880158
1703764800000,2023-12-28 12:00:00,0.00123731,0.34642706
1703779200000,2023-12-28 16:00:00,0.00071266,0.33390000
1703793600000,2023-12-28 20:00:00,0.00047426,0.34326000
1703808000001,2023-12-29 00:00:00,0.00044867,0.33659078
1703822400000,2023-12-29 04:00:00,0.00046708,0.34453000
1703836800000,2023-12-29 08:00:00,0.00041046,0.33263369
1703851200000,2023-12-29 12:00:00,0.00052930,0.35054000
1703865600000,2023-12-29 16:00:00,0.00006062,0.33951000
1703880000000,2023-12-29 20:00:00,0.00067858,0.34875733
1703894400001,2023-12-30 00:00:00,0.00067220,0.34556000
1703908800000,2023-12-30 04:00:00,0.00018085,0.34356567
1703923200000,2023-12-30 08:00:00,0.00005000,0.33479000
1703937600000,2023-12-30 12:00:00,0.00023793,0.32569503
1703952000000,2023-12-30 16:00:00,0.00029467,0.33264000
1703966400000,2023-12-30 20:00:00,0.00085197,0.35776000
1703980800000,2023-12-31 00:00:00,0.00093518,0.34965000
1703995200001,2023-12-31 04:00:00,0.00080759,0.34036172
1704009600001,2023-12-31 08:00:00,0.00065350,0.35025333
1704024000000,2023-12-31 12:00:00,0.00043726,0.35148456
1704038400000,2023-12-31 16:00:00,0.00011205,0.33953000
1704052800000,2023-12-31 20:00:00,0.00105204,0.34413000
1704067200000,2024-01-01 00:00:00,0.00056416,0.32520000
1704081600000,2024-01-01 04:00:00,0.00107931,0.31494367
1704096000000,2024-01-01 08:00:00,0.00044970,0.30778425
1704110400000,2024-01-01 12:00:00,0.00050394,0.31240000
1704124800000,2024-01-01 16:00:00,0.00059780,0.31350381
1704139200000,2024-01-01 20:00:00,0.00087495,0.32714568
1704153600000,2024-01-02 00:00:00,0.00076591,0.33032844
1704168000000,2024-01-02 04:00:00,0.00115277,0.33196350
1704182400000,2024-01-02 08:00:00,0.00061472,0.33263433
1704196800000,2024-01-02 12:00:00,0.00042117,0.34775000
1704211200000,2024-01-02 16:00:00,0.00103943,0.32984000
1704225600000,2024-01-02 20:00:00,0.00125766,0.34057000
1704240000000,2024-01-03 00:00:00,0.00042651,0.34403000
1704254400000,2024-01-03 04:00:00,0.00043111,0.33340000
1704268800000,2024-01-03 08:00:00,0.00044792,0.32675192
1704283200000,2024-01-03 12:00:00,0.00049001,0.29175333
1704297600000,2024-01-03 16:00:00,0.00054781,0.26562000
1704312000000,2024-01-03 20:00:00,0.00005000,0.24967000
1704326400000,2024-01-04 00:00:00,0.00005000,0.25457153
1704340800000,2024-01-04 04:00:00,0.00005000,0.24926333
1704355200000,2024-01-04 08:00:00,0.00038983,0.23962850
1704369600000,2024-01-04 12:00:00,0.00005000,0.24260000
1704384000000,2024-01-04 16:00:00,0.00005000,0.25187764
1704398400000,2024-01-04 20:00:00,0.00005000,0.25155283
1704412800001,2024-01-05 00:00:00,0.00025678,0.27785572
1704427200000,2024-01-05 04:00:00,0.00005000,0.25756667
1704441600000,2024-01-05 08:00:00,0.00005000,0.25713250
1704456000000,2024-01-05 12:00:00,0.00005000,0.25248750
1704470400000,2024-01-05 16:00:00,0.00031345,0.25539000
1704484800000,2024-01-05 20:00:00,0.00028701,0.25654388
1704499200000,2024-01-06 00:00:00,0.00032816,0.26004000
1704513600000,2024-01-06 04:00:00,0.00021580,0.24913000
1704528000000,2024-01-06 08:00:00,0.00032524,0.23415000
1704542400000,2024-01-06 12:00:00,0.00021388,0.24672250
1704556800000,2024-01-06 16:00:00,0.00020485,0.24260600
1704571200000,2024-01-06 20:00:00,0.00014863,0.24194671
1704585600000,2024-01-07 00:00:00,0.00022909,0.23907000
1704600000000,2024-01-07 04:00:00,0.00029426,0.23744929
1704614400001,2024-01-07 08:00:00,0.00005000,0.23832333
1704628800000,2024-01-07 12:00:00,0.00006016,0.22830249
1704643200001,2024-01-07 16:00:00,0.00005000,0.21937750
1704657600000,2024-01-07 20:00:00,0.00012686,0.21647250
1704672000000,2024-01-08 00:00:00,0.00014795,0.20732000
1704686400000,2024-01-08 04:00:00,0.00029866,0.20104333
1704700800000,2024-01-08 08:00:00,0.00027758,0.20166000
1704715200000,2024-01-08 12:00:00,0.00036235,0.20482000
1704729600000,2024-01-08 16:00:00,0.00015945,0.21324075
1704744000000,2024-01-08 20:00:00,0.00010730,0.23295000
1704758400001,2024-01-09 00:00:00,0.00005000,0.23505750
1704772800000,2024-01-09 04:00:00,0.00006387,0.22669875
1704787200000,2024-01-09 08:00:00,0.00029851,0.22448750
1704801600000,2024-01-09 12:00:00,0.00039812,0.21532038
1704816000000,2024-01-09 16:00:00,0.00033529,0.22505750
1704830400000,2024-01-09 20:00:00,0.00017770,0.21719000
1704844800000,2024-01-10 00:00:00,0.00022822,0.21959304
1704859200000,2024-01-10 04:00:00,0.00026301,0.22177500
1704873600000,2024-01-10 08:00:00,0.00006524,0.20873288
1704888000000,2024-01-10 12:00:00,0.00012792,0.20906000
1704902400000,2024-01-10 16:00:00,0.00018790,0.20226000
1704916800000,2024-01-10 20:00:00,0.00013718,0.20938000
1704931200000,2024-01-11 00:00:00,0.00005000,0.23655346
1704945600000,2024-01-11 04:00:00,0.00017681,0.24893000
1704960000000,2024-01-11 08:00:00,0.00005000,0.24125092
1704974400000,2024-01-11 12:00:00,0.00005000,0.26879604
1704988800000,2024-01-11 16:00:00,0.00005000,0.25851779
1705003200000,2024-01-11 20:00:00,0.00005000,0.27928096
1705017600001,2024-01-12 00:00:00,0.00005000,0.27983500
1705032000000,2024-01-12 04:00:00,0.00005000,0.26699000
1705046400000,2024-01-12 08:00:00,0.00005234,0.26665500
1705060800001,2024-01-12 12:00:00,0.00011556,0.28912250
1705075200000,2024-01-12 16:00:00,0.00005000,0.26920192
1705089600000,2024-01-12 20:00:00,0.00045329,0.26895000
1705104000000,2024-01-13 00:00:00,0.00024905,0.26465750
1705118400000,2024-01-13 04:00:00,0.00034416,0.25453000
1705132800000,2024-01-13 08:00:00,0.00021858,0.25187000
1705147200000,2024-01-13 12:00:00,0.00012624,0.24883000
1705161600001,2024-01-13 16:00:00,0.00042005,0.28258000
1705176000000,2024-01-13 20:00:00,0.00005000,0.33374339
1705190400000,2024-01-14 00:00:00,0.00005000,0.34458192
1705204800000,2024-01-14 04:00:00,0.00005000,0.34828638
1705219200000,2024-01-14 08:00:00,0.00033926,0.35277133
1705233600000,2024-01-14 12:00:00,0.00023269,0.35984000
1705248000001,2024-01-14 16:00:00,0.00017299,0.32400771
1705262400000,2024-01-14 20:00:00,0.00005000,0.31144750
1705276800000,2024-01-15 00:00:00,0.00005000,0.29232250
1705291200000,2024-01-15 04:00:00,0.00005000,0.30148075
1705305600000,2024-01-15 08:00:00,0.00005000,0.30063352
1705320000000,2024-01-15 12:00:00,0.00005000,0.31393750
1705334400000,2024-01-15 16:00:00,0.00005000,0.29613000
1705348800000,2024-01-15 20:00:00,0.00012372,0.34485250
1705363200000,2024-01-16 00:00:00,0.00005000,0.32962500
1705377600000,2024-01-16 04:00:00,0.00005000,0.33336804
1705392000000,2024-01-16 08:00:00,0.00005000,0.32410521
1705406400001,2024-01-16 12:00:00,0.00005000,0.31697029
1705420800001,2024-01-16 16:00:00,0.00012095,0.31894750
1705435200000,2024-01-16 20:00:00,0.00005000,0.31484000
1705449600000,2024-01-17 00:00:00,0.00005000,0.31762000
1705464000000,2024-01-17 04:00:00,0.00008350,0.31439500
1705478400000,2024-01-17 08:00:00,0.00014858,0.30182000
1705492800000,2024-01-17 12:00:00,0.00005000,0.30171000
1705507200000,2024-01-17 16:00:00,0.00005000,0.29456500
1705521600000,2024-01-17 20:00:00,0.00005000,0.29659750
1705536000001,2024-01-18 00:00:00,0.00007833,0.29338000
1705550400000,2024-01-18 04:00:00,0.00014205,0.29492225
1705564800000,2024-01-18 08:00:00,0.00005000,0.31015000
1705579200000,2024-01-18 12:00:00,0.00024782,0.29298462
1705593600000,2024-01-18 16:00:00,0.00037878,0.29817750
1705608000000,2024-01-18 20:00:00,0.00005000,0.27762250
1705622400000,2024-01-19 00:00:00,0.00018578,0.28452682
1705636800000,2024-01-19 04:00:00,0.00051534,0.26905262
1705651200000,2024-01-19 08:00:00,0.00013564,0.27072496
1705665600000,2024-01-19 12:00:00,0.00011310,0.27221000
1705680000002,2024-01-19 16:00:00,0.00038249,0.25636612
1705694400000,2024-01-19 20:00:00,0.00010060,0.26056000
1705708800000,2024-01-20 00:00:00,0.00005000,0.25825500
1705723200000,2024-01-20 04:00:00,0.00046228,0.26817000
1705737600003,2024-01-20 08:00:00,0.00112700,0.25960000
1705752000000,2024-01-20 12:00:00,0.00059619,0.25355000
1705766400000,2024-01-20 16:00:00,0.00005882,0.26281750
1705780800000,2024-01-20 20:00:00,0.00012696,0.26135138
1705795200000,2024-01-21 00:00:00,0.00038614,0.25802050
1705809600000,2024-01-21 04:00:00,0.00014352,0.26590075
1705824000000,2024-01-21 08:00:00,0.00011095,0.26001000
1705838400000,2024-01-21 12:00:00,0.00013256,0.26099000
1705852800000,2024-01-21 16:00:00,0.00005000,0.26221000
1705867200000,2024-01-21 20:00:00,0.00019663,0.26706271
1705881600000,2024-01-22 00:00:00,0.00021872,0.25938800
1705896000001,2024-01-22 04:00:00,0.00030980,0.24744750
1705910400000,2024-01-22 08:00:00,0.00029503,0.24264933
1705924800000,2024-01-22 12:00:00,0.00017541,0.23206267
1705939200000,2024-01-22 16:00:00,0.00022980,0.22697283
1705953600000,2024-01-22 20:00:00,0.00024107,0.22488071
1705968000000,2024-01-23 00:00:00,0.00015693,0.22583000
1705982400000,2024-01-23 04:00:00,0.00005000,0.23049911
1705996800000,2024-01-23 08:00:00,0.00005000,0.22188596
1706011200000,2024-01-23 12:00:00,0.00035404,0.20340750
1706025600000,2024-01-23 16:00:00,0.00028274,0.20714064
1706040000000,2024-01-23 20:00:00,0.00011848,0.20697000
1706054400000,2024-01-24 00:00:00,0.00005000,0.21699325
1706068800000,2024-01-24 04:00:00,0.00012625,0.20896617
1706083200000,2024-01-24 08:00:00,0.00005000,0.21534825
1706097600000,2024-01-24 12:00:00,-0.00000040,0.22329154
1706112000000,2024-01-24 16:00:00,0.00031171,0.22001742
1706126400000,2024-01-24 20:00:00,0.00005000,0.22368500
1706140800000,2024-01-25 00:00:00,0.00005000,0.22783750
1706155200000,2024-01-25 04:00:00,0.00005000,0.22387146
1706169600001,2024-01-25 08:00:00,0.00028297,0.22316000
1706184000000,2024-01-25 12:00:00,0.00023796,0.21632467
1706198400000,2024-01-25 16:00:00,0.00015371,0.20882000
1706212800000,2024-01-25 20:00:00,0.00023231,0.21647000
1706227200001,2024-01-26 00:00:00,0.00041538,0.21162874
1706241600001,2024-01-26 04:00:00,0.00021429,0.22261000
1706256000000,2024-01-26 08:00:00,0.00005000,0.21625660
1706270400000,2024-01-26 12:00:00,0.00021776,0.24985433
1706284800000,2024-01-26 16:00:00,0.00006532,0.24351438
1706299200000,2024-01-26 20:00:00,0.00005000,0.24508250
1706313600000,2024-01-27 00:00:00,0.00005000,0.24762000
1706328000000,2024-01-27 04:00:00,0.00005000,0.25953333
1706342400000,2024-01-27 08:00:00,0.00026811,0.24548933
1706356800000,2024-01-27 12:00:00,0.00008179,0.24645858
1706371200000,2024-01-27 16:00:00,0.00025766,0.25499250
1706385600000,2024-01-27 20:00:00,0.00023177,0.25895000
1706400000000,2024-01-28 00:00:00,0.00007515,0.25774000
1706414400000,2024-01-28 04:00:00,0.00020730,0.25903233
1706428800000,2024-01-28 08:00:00,0.00007543,0.24858000
1706443200000,2024-01-28 12:00:00,0.00016384,0.24701000
1706457600000,2024-01-28 16:00:00,0.00025236,0.24625429
1706472000000,2024-01-28 20:00:00,0.00025151,0.24140462
1706486400000,2024-01-29 00:00:00,0.00035939,0.23967716
1706500800001,2024-01-29 04:00:00,0.00036201,0.24960717
1706515200001,2024-01-29 08:00:00,0.00061691,0.26005996
1706529600000,2024-01-29 12:00:00,0.00040389,0.25215600
1706544000000,2024-01-29 16:00:00,0.00057974,0.25223000
1706558400000,2024-01-29 20:00:00,0.00033144,0.26186250
1706572800000,2024-01-30 00:00:00,0.00044221,0.26418000
1706587200000,2024-01-30 04:00:00,0.00005000,0.25971117
1706601600000,2024-01-30 08:00:00,0.00021059,0.25715279
1706616000000,2024-01-30 12:00:00,0.00040422,0.26622500
1706630400001,2024-01-30 16:00:00,0.00049089,0.24857242
1706644800000,2024-01-30 20:00:00,0.00005000,0.25136000
1706659200000,2024-01-31 00:00:00,0.00005000,0.24305018
1706673600001,2024-01-31 04:00:00,0.00005000,0.24341671
1706688000000,2024-01-31 08:00:00,0.00045253,0.26388450
1706702400000,2024-01-31 12:00:00,0.00011196,0.25748275
1706716800000,2024-01-31 16:00:00,0.00005000,0.26027750
1706731200000,2024-01-31 20:00:00,0.00009597,0.29237250
1706745600000,2024-02-01 00:00:00,0.00005000,0.27892500
1706760000000,2024-02-01 04:00:00,0.00020514,0.29590897
1706774400000,2024-02-01 08:00:00,0.00024739,0.31066500
1706788800000,2024-02-01 12:00:00,0.00025942,0.25625521
1706803200002,2024-02-01 16:00:00,0.00005000,0.25233000
1706817600000,2024-02-01 20:00:00,0.00006369,0.25290000
1706832000000,2024-02-02 00:00:00,0.00025010,0.25061000
1706846400000,2024-02-02 04:00:00,0.00037647,0.24158000
1706860800000,2024-02-02 08:00:00,0.00005000,0.24077004
1706875200000,2024-02-02 12:00:00,0.00043286,0.23844716
1706889600000,2024-02-02 16:00:00,0.00009789,0.23220675
1706904000000,2024-02-02 20:00:00,0.00007652,0.23053654
1706918400000,2024-02-03 00:00:00,0.00005000,0.23210000
1706932800000,2024-02-03 04:00:00,0.00010339,0.22594543
1706947200000,2024-02-03 08:00:00,0.00005000,0.21835471
1706961600000,2024-02-03 12:00:00,0.00005000,0.22005321
1706976000001,2024-02-03 16:00:00,0.00005000,0.21985000
1706990400000,2024-02-03 20:00:00,0.00010847,0.22182412
1707004800000,2024-02-04 00:00:00,0.00005000,0.21996000
1707019200000,2024-02-04 04:00:00,0.00005000,0.22356750
1707033600004,2024-02-04 08:00:00,0.00016406,0.21695322
1707048000001,2024-02-04 12:00:00,0.00014878,0.22152433
1707062400000,2024-02-04 16:00:00,0.00005320,0.22141750
1707076800000,2024-02-04 20:00:00,0.00021729,0.21847000
1707091200000,2024-02-05 00:00:00,0.00029230,0.21606683
1707105600000,2024-02-05 04:00:00,0.00021659,0.21727500
1707120000000,2024-02-05 08:00:00,0.00005000,0.22338000
1707134400000,2024-02-05 12:00:00,0.00005000,0.22700333
1707148800000,2024-02-05 16:00:00,0.00005000,0.21944454
1707163200000,2024-02-05 20:00:00,0.00005000,0.22031179
1707177600000,2024-02-06 00:00:00,0.00014144,0.22141896
1707192000000,2024-02-06 04:00:00,0.00009286,0.22474129
1707206400001,2024-02-06 08:00:00,0.00010512,0.22335221
1707220800000,2024-02-06 12:00:00,0.00017521,0.22060000
1707235200000,2024-02-06 16:00:00,0.00027649,0.22389000
1707249600000,2024-02-06 20:00:00,0.00040150,0.22529000
1707264000000,2024-02-07 00:00:00,0.00030756,0.22098788
1707278400000,2024-02-07 04:00:00,0.00031828,0.22206654
1707292800000,2024-02-07 08:00:00,0.00032129,0.22125928
1707307200000,2024-02-07 12:00:00,0.00040074,0.22400850
1707321600000,2024-02-07 16:00:00,0.00026746,0.22615829
1707336000000,2024-02-07 20:00:00,0.00013467,0.23056000
1707350400000,2024-02-08 00:00:00,0.00022777,0.23324000
1707364800001,2024-02-08 04:00:00,0.00014518,0.23753693
1707379200000,2024-02-08 08:00:00,0.00010494,0.24028000
1707393600000,2024-02-08 12:00:00,0.00005000,0.23478446
1707408000000,2024-02-08 16:00:00,0.00011287,0.23919175
1707422400000,2024-02-08 20:00:00,0.00020200,0.23795050
1707436800000,2024-02-09 00:00:00,0.00005000,0.23449383
1707451200000,2024-02-09 04:00:00,0.00015135,0.24159862
1707465600000,2024-02-09 08:00:00,0.00008140,0.24415000
1707480000000,2024-02-09 12:00:00,0.00017117,0.24860000
1707494400001,2024-02-09 16:00:00,0.00049301,0.24154638
1707508800000,2024-02-09 20:00:00,0.00043577,0.24155000
1707523200001,2024-02-10 00:00:00,0.00030913,0.24288750
1707537600000,2024-02-10 04:00:00,0.00053635,0.24756750
1707552000000,2024-02-10 08:00:00,0.00030665,0.24496500
1707566400001,2024-02-10 12:00:00,0.00056553,0.24017867
1707580800000,2024-02-10 16:00:00,0.00070604,0.23940000
1707595200000,2024-02-10 20:00:00,0.00057959,0.24268567
1707609600000,2024-02-11 00:00:00,0.00028713,0.23951742
1707624000000,2024-02-11 04:00:00,0.00036621,0.24596296
1707638400001,2024-02-11 08:00:00,0.00027065,0.24422333
1707652800001,2024-02-11 12:00:00,0.00041091,0.24150737
1707667200000,2024-02-11 16:00:00,0.00062117,0.23651500
1707681600001,2024-02-11 20:00:00,0.00037063,0.23798000
1707696000000,2024-02-12 00:00:00,0.00040869,0.23666996
1707710400001,2024-02-12 04:00:00,0.00025718,0.23670000
1707724800000,2024-02-12 08:00:00,0.00043641,0.23496000
1707739200000,2024-02-12 12:00:00,0.00028251,0.22815225
1707753600000,2024-02-12 16:00:00,0.00041145,0.24025129
1707768000000,2024-02-12 20:00:00,0.00051865,0.25579500
1707782400000,2024-02-13 00:00:00,0.00016049,0.25521262
1707796800000,2024-02-13 04:00:00,0.00005251,0.25360196
1707811200000,2024-02-13 08:00:00,0.00021966,0.26111100
1707825600000,2024-02-13 12:00:00,0.00032626,0.26788000
1707840000000,2024-02-13 16:00:00,0.00045133,0.25037000
1707854400000,2024-02-13 20:00:00,0.00040891,0.25191388
1707868800000,2024-02-14 00:00:00,0.00034986,0.25239220
1707883200000,2024-02-14 04:00:00,0.00035173,0.25039042
1707897600000,2024-02-14 08:00:00,0.00054525,0.25496000
1707912000000,2024-02-14 12:00:00,0.00058646,0.26467000
1707926400000,2024-02-14 16:00:00,0.00085901,0.25902088
1707940800000,2024-02-14 20:00:00,0.00107323,0.26041000
1707955200000,2024-02-15 00:00:00,0.00070201,0.25742871
1707969600000,2024-02-15 04:00:00,0.00087275,0.26495000
1707984000000,2024-02-15 08:00:00,0.00034366,0.25791000
1707998400000,2024-02-15 12:00:00,0.00049880,0.25868229
1708012800000,2024-02-15 16:00:00,0.00054483,0.24972375
1708027200000,2024-02-15 20:00:00,0.00062586,0.25468229
1708041600000,2024-02-16 00:00:00,0.00067146,0.25345101
1708056000000,2024-02-16 04:00:00,0.00064764,0.26102000
1708070400000,2024-02-16 08:00:00,0.00043103,0.25677250
1708084800000,2024-02-16 12:00:00,0.00096667,0.28888000
1708099200000,2024-02-16 16:00:00,0.00027872,0.26355250
1708113600000,2024-02-16 20:00:00,0.00028349,0.25949996
1708128000000,2024-02-17 00:00:00,0.00035240,0.26375667
1708142400000,2024-02-17 04:00:00,0.00017799,0.26562321
1708156800000,2024-02-17 08:00:00,0.00041257,0.27654250
1708171200000,2024-02-17 12:00:00,0.00035154,0.26839300
1708185600000,2024-02-17 16:00:00,0.00036129,0.26212000
1708200000000,2024-02-17 20:00:00,0.00032388,0.27142000
1708214400000,2024-02-18 00:00:00,0.00031758,0.27272000
1708228800000,2024-02-18 04:00:00,0.00071130,0.27236283
1708243200000,2024-02-18 08:00:00,0.00062785,0.27142575
1708257600000,2024-02-18 12:00:00,0.00005000,0.27008000
1708272000000,2024-02-18 16:00:00,0.00005000,0.26865208
1708286400000,2024-02-18 20:00:00,0.00029003,0.26669000
1708300800000,2024-02-19 00:00:00,0.00055464,0.26769000
1708315200000,2024-02-19 04:00:00,0.00039386,0.27943000
1708329600000,2024-02-19 08:00:00,0.00094963,0.29172000
1708344000000,2024-02-19 12:00:00,0.00092577,0.27852000
1708358400000,2024-02-19 16:00:00,0.00070438,0.27465000
1708372800000,2024-02-19 20:00:00,0.00060998,0.27165000
1708387200000,2024-02-20 00:00:00,0.00030028,0.27155750
1708401600000,2024-02-20 04:00:00,0.00050584,0.26101000
1708416000000,2024-02-20 08:00:00,0.00044158,0.26470854
1708430400000,2024-02-20 12:00:00,0.00057863,0.26706000
1708444800000,2024-02-20 16:00:00,0.00018008,0.24203833
1708459200000,2024-02-20 20:00:00,0.00029858,0.24720000
1708473600000,2024-02-21 00:00:00,0.00044255,0.25353000
1708488000000,2024-02-21 04:00:00,0.00041839,0.24795250
1708502400000,2024-02-21 08:00:00,0.00034838,0.24000908
1708516800000,2024-02-21 12:00:00,0.00012400,0.23429062
1708531200000,2024-02-21 16:00:00,0.00017982,0.23453093
1708545600000,2024-02-21 20:00:00,0.00018194,0.23318000
1708560000001,2024-02-22 00:00:00,0.00023175,0.24052092
1708574400000,2024-02-22 04:00:00,0.00039758,0.23795142
1708588800001,2024-02-22 08:00:00,0.00031670,0.24869000
1708603200000,2024-02-22 12:00:00,0.00039704,0.24743406
1708617600000,2024-02-22 16:00:00,0.00045541,0.25223304
1708632000000,2024-02-22 20:00:00,0.00050465,0.25242000
1708646400000,2024-02-23 00:00:00,0.00024549,0.24804500
1708660800001,2024-02-23 04:00:00,0.00018440,0.24374808
1708675200000,2024-02-23 08:00:00,0.00038232,0.23951000
1708689600001,2024-02-23 12:00:00,0.00027191,0.24607725
1708704000000,2024-02-23 16:00:00,0.00035685,0.23227000
1708718400000,2024-02-23 20:00:00,0.00034302,0.23857800
1708732800000,2024-02-24 00:00:00,0.00025459,0.23445222
1708747200000,2024-02-24 04:00:00,0.00018411,0.23195646
1708761600001,2024-02-24 08:00:00,0.00022334,0.23858854
1708776000000,2024-02-24 12:00:00,0.00012053,0.23929612
1708790400000,2024-02-24 16:00:00,0.00020764,0.23948700
1708804800000,2024-02-24 20:00:00,0.00005000,0.25600776
1708819200001,2024-02-25 00:00:00,0.00005000,0.25420000
1708833600000,2024-02-25 04:00:00,0.00068993,0.24930000
1708848000000,2024-02-25 08:00:00,0.00055928,0.24596000
1708862400001,2024-02-25 12:00:00,0.00050089,0.24721053
1708876800000,2024-02-25 16:00:00,0.00027785,0.24959283
1708891200000,2024-02-25 20:00:00,0.00036369,0.25672000
1708905600000,2024-02-26 00:00:00,0.00037588,0.25533271
1708920000000,2024-02-26 04:00:00,0.00020235,0.25829000
1708934400000,2024-02-26 08:00:00,0.00040314,0.24770679
1708948800000,2024-02-26 12:00:00,0.00054328,0.24607000
1708963200000,2024-02-26 16:00:00,0.00041615,0.26073000
1708977600001,2024-02-26 20:00:00,0.00079946,0.27289200
1708992000000,2024-02-27 00:00:00,0.00097869,0.26723462
1709006400000,2024-02-27 04:00:00,0.00082899,0.26849000
1709020800000,2024-02-27 08:00:00,0.00088219,0.28070333
1709035200000,2024-02-27 12:00:00,0.00060317,0.28271750
1709049600000,2024-02-27 16:00:00,0.00052010,0.27645404
1709064000000,2024-02-27 20:00:00,0.00091055,0.28793667
1709078400000,2024-02-28 00:00:00,0.00072351,0.29455883
1709092800000,2024-02-28 04:00:00,0.00080259,0.29446321
1709107200000,2024-02-28 08:00:00,0.00055517,0.29112425
1709121600000,2024-02-28 12:00:00,0.00158907,0.31322000
1709136000000,2024-02-28 16:00:00,0.00070770,0.30826000
1709150400000,2024-02-28 20:00:00,0.00053702,0.29120000
1709164800000,2024-02-29 00:00:00,0.00064125,0.30082000
1709179200001,2024-02-29 04:00:00,0.00120547,0.29546754
1709193600000,2024-02-29 08:00:00,0.00087900,0.31627864
1709208000000,2024-02-29 12:00:00,0.00079028,0.30270250
1709222400000,2024-02-29 16:00:00,0.00104577,0.29227000
1709236800000,2024-02-29 20:00:00,0.00071228,0.29765392
1709251200000,2024-03-01 00:00:00,0.00042145,0.28357108
1709265600000,2024-03-01 04:00:00,0.00100346,0.28950000
1709280000000,2024-03-01 08:00:00,0.00079058,0.28973371
1709294400000,2024-03-01 12:00:00,0.00079503,0.28965000
1709308800000,2024-03-01 16:00:00,0.00120326,0.28813000
1709323200000,2024-03-01 20:00:00,0.00070348,0.31206000
1709337600000,2024-03-02 00:00:00,0.00194223,0.32647000
1709352000001,2024-03-02 04:00:00,0.00080518,0.33868000
1709366400001,2024-03-02 08:00:00,0.00157152,0.35170000
1709380800000,2024-03-02 12:00:00,0.00073813,0.36069000
1709395200000,2024-03-02 16:00:00,0.00054750,0.34401000
1709409600000,2024-03-02 20:00:00,0.00025129,0.35307000
1709424000000,2024-03-03 00:00:00,0.00085089,0.35427000
1709438400000,2024-03-03 04:00:00,0.00057862,0.34751907
1709452800000,2024-03-03 08:00:00,0.00062531,0.31587667
1709467200000,2024-03-03 12:00:00,0.00076039,0.33140600
1709481600000,2024-03-03 16:00:00,0.00139781,0.38136783
1709496000000,2024-03-03 20:00:00,0.00104629,0.36258000
1709510400000,2024-03-04 00:00:00,0.00137026,0.36856208
1709524800001,2024-03-04 04:00:00,0.00135351,0.39421000
1709539200000,2024-03-04 08:00:00,0.00152508,0.43145275
1709553600000,2024-03-04 12:00:00,0.00053244,0.40584304
1709568000000,2024-03-04 16:00:00,0.00265771,0.48841725
1709582400000,2024-03-04 20:00:00,0.00175005,0.48877000
1709596800000,2024-03-05 00:00:00,0.00122829,0.52332726
1709611200000,2024-03-05 04:00:00,0.00184702,0.60835825
1709625600000,2024-03-05 08:00:00,0.00226945,0.50535000
1709640000000,2024-03-05 12:00:00,0.00204069,0.51048428
1709654400000,2024-03-05 16:00:00,0.00162685,0.46603000
1709668800000,2024-03-05 20:00:00,0.00023081,0.37658000
1709683200000,2024-03-06 00:00:00,0.00049301,0.39012442
1709697600000,2024-03-06 04:00:00,0.00058704,0.38531000
1709712000001,2024-03-06 08:00:00,0.00029180,0.43351000
1709726400000,2024-03-06 12:00:00,0.00094144,0.42064000
1709740800000,2024-03-06 16:00:00,0.00065026,0.41501000
1709755200000,2024-03-06 20:00:00,0.00056781,0.41122500
1709769600000,2024-03-07 00:00:00,0.00050107,0.40936567
1709784000000,2024-03-07 04:00:00,0.00046371,0.38899250
1709798400000,2024-03-07 08:00:00,0.00050275,0.37956000
1709812800001,2024-03-07 12:00:00,0.00065800,0.38506000
1709827200000,2024-03-07 16:00:00,0.00027273,0.40071750
1709841600000,2024-03-07 20:00:00,0.00099565,0.38889789
1709856000000,2024-03-08 00:00:00,0.00005000,0.39450525
1709870400000,2024-03-08 04:00:00,0.00075445,0.43101117
1709884800000,2024-03-08 08:00:00,0.00071466,0.41881754
1709899200000,2024-03-08 12:00:00,0.00172373,0.46493250
1709913600000,2024-03-08 16:00:00,0.00037527,0.42101500
1709928000000,2024-03-08 20:00:00,0.00085989,0.42552467
1709942400000,2024-03-09 00:00:00,0.00058839,0.43338250
1709956800000,2024-03-09 04:00:00,0.00106333,0.44017000
1709971200001,2024-03-09 08:00:00,0.00144323,0.42361000
1709985600001,2024-03-09 12:00:00,0.00148810,0.42043000
1710000000000,2024-03-09 16:00:00,0.00138817,0.42268762
1710014400000,2024-03-09 20:00:00,0.00120231,0.42151017
1710028800000,2024-03-10 00:00:00,0.00189677,0.42056000
1710043200000,2024-03-10 04:00:00,0.00121917,0.41899678
1710057600000,2024-03-10 08:00:00,0.00095070,0.42180758
1710072000000,2024-03-10 12:00:00,0.00082758,0.40399000
1710086400000,2024-03-10 16:00:00,0.00098955,0.38868000
1710100800000,2024-03-10 20:00:00,0.00092421,0.40239000
1710115200000,2024-03-11 00:00:00,0.00121791,0.40194000
1710129600000,2024-03-11 04:00:00,0.00076693,0.39821000
1710144000000,2024-03-11 08:00:00,0.00074430,0.40970819
1710158400000,2024-03-11 12:00:00,0.00069402,0.40061979
1710172800000,2024-03-11 16:00:00,0.00051413,0.38469000
1710187200001,2024-03-11 20:00:00,0.00099147,0.39105319
1710201600000,2024-03-12 00:00:00,0.00094499,0.40215167
1710216000000,2024-03-12 04:00:00,0.00060549,0.41364347
1710230400000,2024-03-12 08:00:00,0.00032417,0.39306146
1710244800000,2024-03-12 12:00:00,0.00030652,0.38562333
1710259200000,2024-03-12 16:00:00,0.00034093,0.40934994
1710273600000,2024-03-12 20:00:00,0.00070732,0.42148383
1710288000000,2024-03-13 00:00:00,0.00085559,0.41519811
1710302400000,2024-03-13 04:00:00,0.00052238,0.40542000
1710316800001,2024-03-13 08:00:00,0.00048582,0.40601444
1710331200000,2024-03-13 12:00:00,0.00055716,0.39668000
1710345600000,2024-03-13 16:00:00,0.00061808,0.39251000
1710360000000,2024-03-13 20:00:00,0.00080764,0.40035089
1710374400001,2024-03-14 00:00:00,0.00080502,0.39660000
1710388800000,2024-03-14 04:00:00,0.00143056,0.40108996
1710403200000,2024-03-14 08:00:00,0.00128467,0.39630000
1710417600000,2024-03-14 12:00:00,0.00098310,0.38692093
1710432000000,2024-03-14 16:00:00,0.00117788,0.36699000
1710446400001,2024-03-14 20:00:00,0.00098599,0.35873086
1710460800000,2024-03-15 00:00:00,0.00096528,0.37516658
1710475200000,2024-03-15 04:00:00,0.00095363,0.34182500
1710489600000,2024-03-15 08:00:00,0.00066837,0.33894849
1710504000000,2024-03-15 12:00:00,0.00067348,0.32222736
1710518400000,2024-03-15 16:00:00,0.00068171,0.31586140
1710532800000,2024-03-15 20:00:00,0.00069455,0.31535858
1710547200000,2024-03-16 00:00:00,0.00073691,0.31938392
1710561600000,2024-03-16 04:00:00,0.00113293,0.31263000
1710576000000,2024-03-16 08:00:00,0.00092509,0.31723593
1710590400000,2024-03-16 12:00:00,0.00090213,0.29671000
1710604800000,2024-03-16 16:00:00,0.00077032,0.29047000
1710619200000,2024-03-16 20:00:00,0.00072099,0.26760006
1710633600000,2024-03-17 00:00:00,0.00061396,0.27207112
1710648000000,2024-03-17 04:00:00,0.00051877,0.27670624
1710662400000,2024-03-17 08:00:00,0.00062608,0.26215000
1710676800000,2024-03-17 12:00:00,0.00040627,0.26937475
1710691200000,2024-03-17 16:00:00,0.00057554,0.27637250
1710705600000,2024-03-17 20:00:00,0.00012131,0.28211554
1710720000000,2024-03-18 00:00:00,0.00017440,0.27786250
1710734400001,2024-03-18 04:00:00,0.00005000,0.28441035
1710748800000,2024-03-18 08:00:00,0.00005000,0.29312468
1710763200000,2024-03-18 12:00:00,0.00069234,0.27530000
1710777600001,2024-03-18 16:00:00,0.00044105,0.26377156
1710792000001,2024-03-18 20:00:00,0.00024232,0.25627000
1710806400000,2024-03-19 00:00:00,0.00019483,0.25983253
1710820800000,2024-03-19 04:00:00,0.00028077,0.24208500
1710835200000,2024-03-19 08:00:00,0.00037647,0.23224188
1710849600000,2024-03-19 12:00:00,0.00035809,0.23443000
1710864000001,2024-03-19 16:00:00,0.00005000,0.24362489
1710878400000,2024-03-19 20:00:00,0.00029978,0.24285000
1710892800000,2024-03-20 00:00:00,0.00032781,0.23224000
1710907200000,2024-03-20 04:00:00,0.00005000,0.23222000
1710921600004,2024-03-20 08:00:00,0.00020222,0.23973000
1710936000001,2024-03-20 12:00:00,0.00005000,0.24175000
1710950400000,2024-03-20 16:00:00,0.00005000,0.24087052
1710964800000,2024-03-20 20:00:00,0.00031654,0.26388250
1710979200000,2024-03-21 00:00:00,0.00009489,0.26770362
1710993600000,2024-03-21 04:00:00,0.00023900,0.26266000
1711008000000,2024-03-21 08:00:00,0.00026394,0.25991000
1711022400013,2024-03-21 12:00:00,0.00033021,0.26313217
1711036800000,2024-03-21 16:00:00,0.00053902,0.27503656
1711051200000,2024-03-21 20:00:00,0.00033014,0.26240000
1711065600000,2024-03-22 00:00:00,0.00024752,0.26424069
1711080000000,2024-03-22 04:00:00,0.00027114,0.26713506
1711094400000,2024-03-22 08:00:00,0.00025396,0.26776138
1711108800000,2024-03-22 12:00:00,0.00017974,0.25300000
1711123200000,2024-03-22 16:00:00,0.00027516,0.25377602
1711137600000,2024-03-22 20:00:00,0.00035007,0.25405250
1711152000000,2024-03-23 00:00:00,0.00033485,0.25517175
1711166400000,2024-03-23 04:00:00,0.00033096,0.25280747
1711180800000,2024-03-23 08:00:00,0.00021543,0.25706000
1711195200000,2024-03-23 12:00:00,0.00043333,0.25674000
1711209600000,2024-03-23 16:00:00,0.00026937,0.26352000
1711224000000,2024-03-23 20:00:00,0.00034163,0.26387807
1711238400000,2024-03-24 00:00:00,0.00025356,0.25539788
1711252800001,2024-03-24 04:00:00,0.00025776,0.25184788
1711267200000,2024-03-24 08:00:00,0.00042168,0.25549954
1711281600000,2024-03-24 12:00:00,0.00026818,0.25930000
1711296000000,2024-03-24 16:00:00,0.00026557,0.26391524
1711310400000,2024-03-24 20:00:00,0.00050509,0.26550000
1711324800000,2024-03-25 00:00:00,0.00038369,0.27250000
1711339200000,2024-03-25 04:00:00,0.00051480,0.27138274
1711353600001,2024-03-25 08:00:00,0.00044025,0.26365467
1711368000000,2024-03-25 12:00:00,0.00049959,0.26034458
1711382400000,2024-03-25 16:00:00,0.00032048,0.27718754
1711396800000,2024-03-25 20:00:00,0.00044478,0.28414129
1711411200000,2024-03-26 00:00:00,0.00048226,0.27752862
1711425600000,2024-03-26 04:00:00,0.00021064,0.28354088
1711440000000,2024-03-26 08:00:00,0.00021648,0.28026000
1711454400000,2024-03-26 12:00:00,0.00043905,0.28181692
1711468800000,2024-03-26 16:00:00,0.00079547,0.26854000
1711483200000,2024-03-26 20:00:00,0.00079864,0.26159000
1711497600000,2024-03-27 00:00:00,0.00087014,0.26523000
1711512000000,2024-03-27 04:00:00,0.00082143,0.26822475
1711526400001,2024-03-27 08:00:00,0.00065611,0.26076838
1711540800001,2024-03-27 12:00:00,0.00081515,0.25855000
1711555200000,2024-03-27 16:00:00,0.00042344,0.24556000
1711569600000,2024-03-27 20:00:00,0.00065513,0.24953746
1711584000000,2024-03-28 00:00:00,0.00058743,0.25025000
1711598400000,2024-03-28 04:00:00,0.00057583,0.24663188
1711612800000,2024-03-28 08:00:00,0.00065405,0.25092133
1711627200000,2024-03-28 12:00:00,0.00077069,0.24802500
1711641600000,2024-03-28 16:00:00,0.00065518,0.25235246
1711656000000,2024-03-28 20:00:00,0.00061227,0.25329000
1711670400000,2024-03-29 00:00:00,0.00054178,0.25868054
1711684800000,2024-03-29 04:00:00,0.00028028,0.27669000
1711699200000,2024-03-29 08:00:00,0.00046772,0.25910267
1711713600000,2024-03-29 12:00:00,0.00048442,0.25812000
1711728000000,2024-03-29 16:00:00,0.00044027,0.25404292
1711742400000,2024-03-29 20:00:00,0.00064046,0.25695554
1711756800000,2024-03-30 00:00:00,0.00051286,0.25800296
1711771200000,2024-03-30 04:00:00,0.00056357,0.25352175
1711785600000,2024-03-30 08:00:00,0.00069479,0.25377646
1711800000001,2024-03-30 12:00:00,0.00085456,0.25879000
1711814400000,2024-03-30 16:00:00,0.00056756,0.26323250
1711828800000,2024-03-30 20:00:00,0.00053329,0.29531000
1711843200000,2024-03-31 00:00:00,0.00051279,0.28569125
1711857600000,2024-03-31 04:00:00,0.00049592,0.31639000
1711872000000,2024-03-31 08:00:00,0.00078607,0.31389904
1711886400000,2024-03-31 12:00:00,0.00052804,0.30552704
1711900800001,2024-03-31 16:00:00,0.00066537,0.31992000
1711915200000,2024-03-31 20:00:00,0.00035088,0.31291846
1711929600000,2024-04-01 00:00:00,0.00041823,0.31516000
1711944000000,2024-04-01 04:00:00,0.00060131,0.29985529
1711958400000,2024-04-01 08:00:00,0.00074867,0.29058588
1711972800000,2024-04-01 12:00:00,0.00047171,0.28834000
1711987200000,2024-04-01 16:00:00,0.00055860,0.28307000
1712001600000,2024-04-01 20:00:00,0.00054349,0.27948000
1712016000007,2024-04-02 00:00:00,0.00040731,0.27863475
1712030400000,2024-04-02 04:00:00,0.00036610,0.25869000
1712044800015,2024-04-02 08:00:00,0.00017731,0.25831025
1712059200000,2024-04-02 12:00:00,0.00021787,0.25136462
1712073600000,2024-04-02 16:00:00,0.00032532,0.24758000
1712088000000,2024-04-02 20:00:00,0.00013794,0.25183500
1712102400000,2024-04-03 00:00:00,0.00005000,0.24361633
1712116800000,2024-04-03 04:00:00,0.00012951,0.24577321
1712131200000,2024-04-03 08:00:00,0.00005838,0.24900225
1712145600000,2024-04-03 12:00:00,0.00019513,0.24644500
1712160000000,2024-04-03 16:00:00,0.00023536,0.24386250
1712174400000,2024-04-03 20:00:00,0.00038455,0.23693000
1712188800000,2024-04-04 00:00:00,0.00033768,0.23647000
1712203200000,2024-04-04 04:00:00,0.00024010,0.23208683
1712217600000,2024-04-04 08:00:00,0.00032481,0.23786000
1712232000000,2024-04-04 12:00:00,0.00046570,0.23943967
1712246400000,2024-04-04 16:00:00,0.00037666,0.24299000
1712260800000,2024-04-04 20:00:00,0.00039495,0.25266172
1712275200000,2024-04-05 00:00:00,0.00019170,0.24962525
1712289600000,2024-04-05 04:00:00,0.00032158,0.24227342
1712304000000,2024-04-05 08:00:00,0.00050166,0.23045440
1712318400000,2024-04-05 12:00:00,0.00005234,0.22559492
1712332800000,2024-04-05 16:00:00,0.00027693,0.23355675
1712347200000,2024-04-05 20:00:00,0.00045564,0.23522625
1712361600000,2024-04-06 00:00:00,0.00053120,0.23448345
1712376000000,2024-04-06 04:00:00,0.00027695,0.24827000
1712390400000,2024-04-06 08:00:00,0.00037303,0.26792000
1712404800000,2024-04-06 12:00:00,0.00016140,0.27426583
1712419200000,2024-04-06 16:00:00,0.00020737,0.28118250
1712433600000,2024-04-06 20:00:00,0.00017669,0.28062000
1712448000000,2024-04-07 00:00:00,0.00011761,0.28232183
1712462400000,2024-04-07 04:00:00,0.00034227,0.27318000
1712476800000,2024-04-07 08:00:00,0.00020130,0.28993000
1712491200001,2024-04-07 12:00:00,0.00015196,0.28266000
1712505600000,2024-04-07 16:00:00,0.00025823,0.27871250
1712520000000,2024-04-07 20:00:00,0.00013581,0.27853458
1712534400001,2024-04-08 00:00:00,0.00045926,0.28237776
1712548800000,2024-04-08 04:00:00,0.00037640,0.27720525
1712563200000,2024-04-08 08:00:00,0.00032936,0.28002383
1712577600000,2024-04-08 12:00:00,0.00045302,0.28708667
1712592000006,2024-04-08 16:00:00,0.00047193,0.28063000
1712606400001,2024-04-08 20:00:00,0.00046120,0.28089625
1712620800000,2024-04-09 00:00:00,0.00054962,0.27737508
1712635200000,2024-04-09 04:00:00,0.00043756,0.27508367
1712649600001,2024-04-09 08:00:00,0.00043704,0.26570000
1712664000000,2024-04-09 12:00:00,0.00046599,0.26546708
1712678400001,2024-04-09 16:00:00,0.00042624,0.24989608
1712692800000,2024-04-09 20:00:00,0.00019541,0.24956000
1712707200000,2024-04-10 00:00:00,0.00010597,0.24402500
1712721600000,2024-04-10 04:00:00,0.00032231,0.24357242
1712736000001,2024-04-10 08:00:00,0.00012731,0.24417000
1712750400002,2024-04-10 12:00:00,0.00017468,0.24508000
1712764800000,2024-04-10 16:00:00,0.00022132,0.25408750
1712779200000,2024-04-10 20:00:00,0.00030999,0.26801922
1712793600000,2024-04-11 00:00:00,0.00022233,0.26070448
1712808000001,2024-04-11 04:00:00,0.00018858,0.27338000
1712822400000,2024-04-11 08:00:00,0.00026867,0.26512208
1712836800000,2024-04-11 12:00:00,0.00034525,0.24976617
1712851200000,2024-04-11 16:00:00,0.00029617,0.25108000
1712865600000,2024-04-11 20:00:00,0.00030264,0.25648758
1712880000000,2024-04-12 00:00:00,0.00041726,0.25158000
1712894400000,2024-04-12 04:00:00,0.00027789,0.25505000
1712908800001,2024-04-12 08:00:00,0.00034997,0.24768658
1712923200000,2024-04-12 12:00:00,0.00055743,0.24610000
1712937600000,2024-04-12 16:00:00,0.00035019,0.23992000
1712952000000,2024-04-12 20:00:00,0.00032449,0.18909750
1712966400000,2024-04-13 00:00:00,0.00005000,0.18137958
1712980800000,2024-04-13 04:00:00,0.00005000,0.17602500
1712995200000,2024-04-13 08:00:00,0.00005000,0.17713825
1713009600000,2024-04-13 12:00:00,0.00005000,0.17897050
1713024000001,2024-04-13 16:00:00,0.00005000,0.17285000
1713038400001,2024-04-13 20:00:00,0.00005000,0.14368000
1713052800000,2024-04-14 00:00:00,0.00005000,0.13414725
1713067200000,2024-04-14 04:00:00,0.00005000,0.13248000
1713081600000,2024-04-14 08:00:00,0.00005000,0.14009000
1713096000000,2024-04-14 12:00:00,0.00005000,0.13048000
1713110400000,2024-04-14 16:00:00,0.00005000,0.13172000
1713124800000,2024-04-14 20:00:00,0.00005000,0.13708392
1713139200000,2024-04-15 00:00:00,-0.00001709,0.14738250
1713153600000,2024-04-15 04:00:00,0.00005000,0.13782800
1713168000001,2024-04-15 08:00:00,0.00010277,0.14602750
1713182400000,2024-04-15 12:00:00,0.00005000,0.14047250
1713196800000,2024-04-15 16:00:00,0.00005000,0.13400317
1713211200000,2024-04-15 20:00:00,0.00008304,0.13012974
1713225600001,2024-04-16 00:00:00,0.00005000,0.13076000
1713240000000,2024-04-16 04:00:00,0.00005000,0.12663000
1713254400000,2024-04-16 08:00:00,0.00009448,0.13119233
1713268800000,2024-04-16 12:00:00,0.00008301,0.13373533
1713283200000,2024-04-16 16:00:00,0.00005000,0.12252500
1713297600000,2024-04-16 20:00:00,0.00022444,0.12759500
1713312000000,2024-04-17 00:00:00,0.00005000,0.12942000
1713326400001,2024-04-17 04:00:00,0.00005000,0.12826000
1713340800000,2024-04-17 08:00:00,0.00005000,0.12708158
1713355200000,2024-04-17 12:00:00,0.00009606,0.12090500
1713369600000,2024-04-17 16:00:00,0.00029505,0.12079500
1713384000000,2024-04-17 20:00:00,0.00021596,0.12597000
1713398400000,2024-04-18 00:00:00,0.00005000,0.12286000
1713412800000,2024-04-18 04:00:00,0.00005000,0.12538358
1713427200000,2024-04-18 08:00:00,0.00005000,0.11916250
1713441600002,2024-04-18 12:00:00,0.00016487,0.13038500
1713456000000,2024-04-18 16:00:00,0.00005000,0.12889242
1713470400000,2024-04-18 20:00:00,0.00005000,0.13048750
1713484800001,2024-04-19 00:00:00,0.00005000,0.12999000
1713499200000,2024-04-19 04:00:00,0.00005000,0.12399750
1713513600000,2024-04-19 08:00:00,0.00005000,0.13193500
1713528000001,2024-04-19 12:00:00,0.00005000,0.13360000
1713542400000,2024-04-19 16:00:00,0.00005000,0.13338442
1713556800000,2024-04-19 20:00:00,0.00005000,0.13488000
1713571200000,2024-04-20 00:00:00,0.00005000,0.13216675
1713585600001,2024-04-20 04:00:00,0.00005000,0.13412308
1713600000000,2024-04-20 08:00:00,0.00005000,0.13511250
1713614400001,2024-04-20 12:00:00,0.00005000,0.13531000
1713628800000,2024-04-20 16:00:00,0.00005000,0.15299217
1713643200001,2024-04-20 20:00:00,0.00005000,0.17386808
1713657600000,2024-04-21 00:00:00,0.00005000,0.17224250
1713672000000,2024-04-21 04:00:00,0.00005000,0.17121500
1713686400000,2024-04-21 08:00:00,0.00005000,0.17336000
1713700800000,2024-04-21 12:00:00,0.00005000,0.17440000
1713715200000,2024-04-21 16:00:00,0.00005000,0.16886500
1713729600000,2024-04-21 20:00:00,0.00012896,0.17022000
1713744000000,2024-04-22 00:00:00,0.00007198,0.16897492
1713758400000,2024-04-22 04:00:00,0.00007327,0.17280000
1713772800000,2024-04-22 08:00:00,0.00005000,0.17024750
1713787200000,2024-04-22 12:00:00,0.00005000,0.19505358
1713801600000,2024-04-22 16:00:00,0.00006658,0.17785000
1713816000000,2024-04-22 20:00:00,0.00005000,0.16791200
1713830400000,2024-04-23 00:00:00,0.00005000,0.17086000
1713844800000,2024-04-23 04:00:00,0.00005000,0.16797250
1713859200000,2024-04-23 08:00:00,0.00005000,0.16177500
1713873600000,2024-04-23 12:00:00,0.00005000,0.16228617
1713888000001,2024-04-23 16:00:00,0.00005000,0.16643000
1713902400000,2024-04-23 20:00:00,0.00005000,0.17004858
1713916800000,2024-04-24 00:00:00,0.00016024,0.16819083
1713931200000,2024-04-24 04:00:00,0.00009421,0.17054775
1713945600000,2024-04-24 08:00:00,0.00005000,0.16995000
1713960000000,2024-04-24 12:00:00,0.00017784,0.17031750
1713974400000,2024-04-24 16:00:00,0.00005000,0.16008192
1713988800000,2024-04-24 20:00:00,0.00014122,0.15826500
1714003200000,2024-04-25 00:00:00,0.00022081,0.15541000
1714017600000,2024-04-25 04:00:00,0.00005000,0.15287958
1714032000000,2024-04-25 08:00:00,0.00005000,0.15885000
1714046400000,2024-04-25 12:00:00,0.00005000,0.15340000
1714060800010,2024-04-25 16:00:00,0.00017420,0.15858650
1714075200000,2024-04-25 20:00:00,0.00005000,0.15700983
1714089600001,2024-04-26 00:00:00,0.00005000,0.15304000
1714104000000,2024-04-26 04:00:00,0.00005000,0.15001017
1714118400000,2024-04-26 08:00:00,0.00005000,0.14994000
1714132800000,2024-04-26 12:00:00,0.00005000,0.14923250
1714147200000,2024-04-26 16:00:00,0.00005000,0.14915750
1714161600000,2024-04-26 20:00:00,0.00005000,0.14989250
1714176000000,2024-04-27 00:00:00,0.00005000,0.14598808
1714190400000,2024-04-27 04:00:00,0.00005000,0.14156000
1714204800001,2024-04-27 08:00:00,0.00008094,0.14060000
1714219200000,2024-04-27 12:00:00,0.00009615,0.13850083
1714233600000,2024-04-27 16:00:00,0.00005000,0.14018300
1714248000000,2024-04-27 20:00:00,0.00005000,0.14164075
1714262400000,2024-04-28 00:00:00,0.00005000,0.14021000
1714276800000,2024-04-28 04:00:00,0.00005000,0.14584658
1714291200000,2024-04-28 08:00:00,0.00005000,0.14548900
1714305600000,2024-04-28 12:00:00,0.00007921,0.14148000
1714320000000,2024-04-28 16:00:00,0.00009570,0.14187198
1714334400000,2024-04-28 20:00:00,0.00006799,0.14337250
1714348800000,2024-04-29 00:00:00,0.00005000,0.13745500
1714363200000,2024-04-29 04:00:00,0.00005000,0.13436200
1714377600000,2024-04-29 08:00:00,0.00006716,0.13130858
1714392000000,2024-04-29 12:00:00,0.00007856,0.13418125
1714406400000,2024-04-29 16:00:00,0.00005000,0.13377075
1714420800000,2024-04-29 20:00:00,0.00017992,0.13231560
1714435200000,2024-04-30 00:00:00,0.00005194,0.13531000
1714449600000,2024-04-30 04:00:00,0.00015762,0.13369000
1714464000000,2024-04-30 08:00:00,0.00005000,0.13172017
1714478400000,2024-04-30 12:00:00,0.00044878,0.12083000
1714492800000,2024-04-30 16:00:00,0.00023115,0.11739500
1714507200000,2024-04-30 20:00:00,0.00014191,0.11487383
1714521600000,2024-05-01 00:00:00,0.00007732,0.11600992
1714536000000,2024-05-01 04:00:00,0.00012632,0.11330000
1714550400000,2024-05-01 08:00:00,0.00011848,0.10760975
1714564800000,2024-05-01 12:00:00,0.00005000,0.11201750
1714579200000,2024-05-01 16:00:00,0.00005000,0.11050000
1714593600000,2024-05-01 20:00:00,0.00005000,0.11480000
1714608000000,2024-05-02 00:00:00,0.00005000,0.11563000
1714622400000,2024-05-02 04:00:00,0.00005000,0.11253112
1714636800000,2024-05-02 08:00:00,0.00005000,0.11215000
1714651200000,2024-05-02 12:00:00,0.00005000,0.11811000
1714665600002,2024-05-02 16:00:00,0.00005000,0.11776608
1714680000000,2024-05-02 20:00:00,0.00005000,0.11779150
1714694400000,2024-05-03 00:00:00,0.00005000,0.11664000
1714708800000,2024-05-03 04:00:00,0.00005000,0.11942283
1714723200000,2024-05-03 08:00:00,0.00005000,0.11544000
1714737600000,2024-05-03 12:00:00,0.00005000,0.11597500
1714752000000,2024-05-03 16:00:00,0.00005000,0.12932586
1714766400000,2024-05-03 20:00:00,0.00005000,0.12994000
1714780800000,2024-05-04 00:00:00,0.00005000,0.13116000
1714795200000,2024-05-04 04:00:00,0.00005000,0.13096375
1714809600000,2024-05-04 08:00:00,0.00005000,0.13047000
1714824000000,2024-05-04 12:00:00,0.00005027,0.13215700
1714838400000,2024-05-04 16:00:00,0.00018104,0.13151000
1714852800000,2024-05-04 20:00:00,0.00016512,0.13437000
1714867200000,2024-05-05 00:00:00,0.00005000,0.13041775
1714881600000,2024-05-05 04:00:00,0.00005845,0.12798000
1714896000000,2024-05-05 08:00:00,0.00005000,0.13077742
1714910400000,2024-05-05 12:00:00,0.00015145,0.13258474
1714924800000,2024-05-05 16:00:00,0.00031607,0.13383333
1714939200000,2024-05-05 20:00:00,0.00014173,0.13094000
1714953600000,2024-05-06 00:00:00,0.00005000,0.12921608
1714968000002,2024-05-06 04:00:00,0.00010645,0.12990558
1714982400000,2024-05-06 08:00:00,0.00005000,0.13702775
1714996800000,2024-05-06 12:00:00,0.00005000,0.13279808
1715011200000,2024-05-06 16:00:00,0.00007044,0.12824775
1715025600000,2024-05-06 20:00:00,0.00009437,0.12708883
1715040000000,2024-05-07 00:00:00,0.00007616,0.12397000
1715054400000,2024-05-07 04:00:00,0.00005000,0.12291000
1715068800000,2024-05-07 08:00:00,0.00010782,0.12255183
1715083200000,2024-05-07 12:00:00,0.00005000,0.12305250
1715097600000,2024-05-07 16:00:00,0.00005000,0.12595058
1715112000000,2024-05-07 20:00:00,0.00005000,0.12249458
1715126400000,2024-05-08 00:00:00,0.00005000,0.11853000
1715140800000,2024-05-08 04:00:00,0.00005000,0.11701750
1715155200000,2024-05-08 08:00:00,0.00005000,0.11436592
1715169600000,2024-05-08 12:00:00,0.00055898,0.11255000
1715184000000,2024-05-08 16:00:00,0.00020633,0.11341967
1715198400001,2024-05-08 20:00:00,0.00026144,0.11486000
1715212800000,2024-05-09 00:00:00,0.00024870,0.11215000
1715227200000,2024-05-09 04:00:00,0.00026007,0.11538000
1715241600000,2024-05-09 08:00:00,0.00017717,0.11466000
1715256000000,2024-05-09 12:00:00,0.00021123,0.11326867
1715270400000,2024-05-09 16:00:00,0.00033587,0.11768000
1715284800000,2024-05-09 20:00:00,0.00026901,0.11733000
1715299200000,2024-05-10 00:00:00,0.00017749,0.11876575
1715313600001,2024-05-10 04:00:00,0.00018478,0.12036000
1715328000000,2024-05-10 08:00:00,0.00015365,0.11947000
1715342400001,2024-05-10 12:00:00,0.00046148,0.11925958
1715356800000,2024-05-10 16:00:00,0.00007919,0.11057500
1715371200000,2024-05-10 20:00:00,0.00027064,0.10948000
1715385600000,2024-05-11 00:00:00,0.00005000,0.10976017
1715400000000,2024-05-11 04:00:00,0.00023326,0.11079175
1715414400000,2024-05-11 08:00:00,0.00005000,0.11154000
1715428800000,2024-05-11 12:00:00,0.00042684,0.11016000
1715443200000,2024-05-11 16:00:00,0.00015004,0.11920567
1715457600000,2024-05-11 20:00:00,0.00012406,0.12506000
1715472000000,2024-05-12 00:00:00,0.00005000,0.12107125
1715486400001,2024-05-12 04:00:00,0.00005000,0.11730967
1715500800000,2024-05-12 08:00:00,0.00005000,0.11851425
1715515200001,2024-05-12 12:00:00,0.00005000,0.12154000
1715529600000,2024-05-12 16:00:00,0.00005000,0.12159250
1715544000000,2024-05-12 20:00:00,0.00005000,0.12117650
1715558400001,2024-05-13 00:00:00,0.00005000,0.11927758
1715572800000,2024-05-13 04:00:00,0.00005000,0.11122000
1715587200001,2024-05-13 08:00:00,0.00005000,0.11682250
1715601600000,2024-05-13 12:00:00,0.00017657,0.12333000
1715616000000,2024-05-13 16:00:00,0.00016022,0.12834975
1715630400000,2024-05-13 20:00:00,0.00013220,0.12643583
1715644800000,2024-05-14 00:00:00,0.00005000,0.12341000
1715659200000,2024-05-14 04:00:00,0.00005000,0.12143250
1715673600000,2024-05-14 08:00:00,0.00005000,0.12594000
1715688000000,2024-05-14 12:00:00,0.00010496,0.12120000
1715702400000,2024-05-14 16:00:00,0.00005000,0.12092000
1715716800000,2024-05-14 20:00:00,0.00007615,0.12434000
1715731200000,2024-05-15 00:00:00,0.00005000,0.11908000
1715745600000,2024-05-15 04:00:00,0.00015053,0.12530933
1715760000000,2024-05-15 08:00:00,0.00009897,0.12672000
1715774400000,2024-05-15 12:00:00,0.00014419,0.12712000
1715788800000,2024-05-15 16:00:00,0.00036501,0.13585250
1715803200000,2024-05-15 20:00:00,0.00015349,0.13567000
1715817600004,2024-05-16 00:00:00,0.00006664,0.13698750
1715832000000,2024-05-16 04:00:00,0.00005000,0.13518025
1715846400000,2024-05-16 08:00:00,0.00034102,0.13524000
1715860800000,2024-05-16 12:00:00,0.00018126,0.13490092
1715875200000,2024-05-16 16:00:00,0.00005000,0.12803250
1715889600000,2024-05-16 20:00:00,0.00005000,0.12892250
1715904000000,2024-05-17 00:00:00,0.00005000,0.12908017
1715918400002,2024-05-17 04:00:00,0.00005000,0.13160733
1715932800000,2024-05-17 08:00:00,0.00025463,0.13181000
1715947200000,2024-05-17 12:00:00,0.00013423,0.12881358
1715961600000,2024-05-17 16:00:00,0.00008574,0.13978000
1715976000000,2024-05-17 20:00:00,0.00010015,0.13626258
1715990400000,2024-05-18 00:00:00,0.00005000,0.13520000
1716004800000,2024-05-18 04:00:00,0.00005000,0.13586000
1716019200000,2024-05-18 08:00:00,0.00017362,0.13442500
1716033600000,2024-05-18 12:00:00,0.00005000,0.14266000
1716048000000,2024-05-18 16:00:00,0.00005000,0.13600500
1716062400000,2024-05-18 20:00:00,0.00005000,0.13680750
1716076800000,2024-05-19 00:00:00,0.00005000,0.13584283
1716091200000,2024-05-19 04:00:00,0.00005000,0.14148078
1716105600000,2024-05-19 08:00:00,0.00005000,0.13944458
1716120000000,2024-05-19 12:00:00,0.00005000,0.13679000
1716134400000,2024-05-19 16:00:00,0.00005000,0.13425000
1716148800001,2024-05-19 20:00:00,0.00005000,0.13237150
1716163200000,2024-05-20 00:00:00,0.00005000,0.13042000
1716177600000,2024-05-20 04:00:00,0.00005000,0.13296150
1716192000000,2024-05-20 08:00:00,0.00005000,0.13474725
1716206400001,2024-05-20 12:00:00,0.00005000,0.13668000
1716220800003,2024-05-20 16:00:00,0.00008290,0.14094267
1716235200004,2024-05-20 20:00:00,0.00033622,0.14454375
1716249600000,2024-05-21 00:00:00,0.00019251,0.14650958
1716264000000,2024-05-21 04:00:00,0.00027040,0.14552500
1716278400001,2024-05-21 08:00:00,0.00012957,0.14461725
1716292800001,2024-05-21 12:00:00,0.00020689,0.14605000
1716307200000,2024-05-21 16:00:00,0.00028404,0.14084025
1716321600000,2024-05-21 20:00:00,0.00026321,0.14170092
1716336000000,2024-05-22 00:00:00,0.00039040,0.14599250
1716350400000,2024-05-22 04:00:00,0.00032035,0.14337250
1716364800000,2024-05-22 08:00:00,0.00020364,0.14488600
1716379200000,2024-05-22 12:00:00,0.00005000,0.14059000
1716393600000,2024-05-22 16:00:00,0.00035364,0.14507808
1716408000000,2024-05-22 20:00:00,0.00005000,0.14024208
1716422400000,2024-05-23 00:00:00,0.00026531,0.14029633
1716436800000,2024-05-23 04:00:00,0.00020156,0.14059241
1716451200000,2024-05-23 08:00:00,0.00007408,0.14046083
1716465600000,2024-05-23 12:00:00,0.00013521,0.14141000
1716480000000,2024-05-23 16:00:00,0.00007001,0.13291158
1716494400000,2024-05-23 20:00:00,0.00009574,0.12939958
1716508800000,2024-05-24 00:00:00,0.00027675,0.13129100
1716523200000,2024-05-24 04:00:00,0.00020170,0.13003793
1716537600000,2024-05-24 08:00:00,0.00024357,0.12589000
1716552000000,2024-05-24 12:00:00,0.00025537,0.12623000
1716566400000,2024-05-24 16:00:00,0.00010426,0.12724483
1716580800000,2024-05-24 20:00:00,0.00037355,0.12711000
1716595200000,2024-05-25 00:00:00,0.00019428,0.12693000
1716609600000,2024-05-25 04:00:00,0.00005000,0.12934542
1716624000000,2024-05-25 08:00:00,0.00020053,0.13267060
1716638400001,2024-05-25 12:00:00,0.00020774,0.13427250
1716652800000,2024-05-25 16:00:00,0.00030087,0.13598276
1716667200006,2024-05-25 20:00:00,0.00020220,0.13633000
1716681600000,2024-05-26 00:00:00,0.00028628,0.13532000
1716696000000,2024-05-26 04:00:00,0.00027456,0.13737000
1716710400000,2024-05-26 08:00:00,0.00013244,0.13563758
1716724800000,2024-05-26 12:00:00,0.00007500,0.13663000
1716739200000,2024-05-26 16:00:00,0.00036490,0.13366491
1716753600000,2024-05-26 20:00:00,0.00033216,0.13929500
1716768000000,2024-05-27 00:00:00,0.00042239,0.14438500
1716782400000,2024-05-27 04:00:00,0.00025277,0.14310000
1716796800000,2024-05-27 08:00:00,0.00028981,0.14272000
1716811200000,2024-05-27 12:00:00,0.00026325,0.14176717
1716825600000,2024-05-27 16:00:00,0.00025393,0.14833000
1716840000000,2024-05-27 20:00:00,0.00034234,0.14912767
1716854400000,2024-05-28 00:00:00,0.00025353,0.14989917
1716868800000,2024-05-28 04:00:00,0.00023481,0.14493500
1716883200000,2024-05-28 08:00:00,0.00022046,0.14261583
1716897600000,2024-05-28 12:00:00,0.00042298,0.15050000
1716912000000,2024-05-28 16:00:00,0.00035365,0.14854200
1716926400000,2024-05-28 20:00:00,0.00042413,0.15144000
1716940800001,2024-05-29 00:00:00,0.00047537,0.15086967
1716955200000,2024-05-29 04:00:00,0.00019905,0.15335000
1716969600000,2024-05-29 08:00:00,0.00024395,0.15227683
1716984000000,2024-05-29 12:00:00,0.00011611,0.14833050
1716998400000,2024-05-29 16:00:00,0.00005000,0.14423142
1717012800000,2024-05-29 20:00:00,0.00005000,0.14170000
1717027200000,2024-05-30 00:00:00,0.00005000,0.14136000
1717041600000,2024-05-30 04:00:00,0.00016655,0.14808383
1717056000000,2024-05-30 08:00:00,0.00005000,0.14141000
1717070400001,2024-05-30 12:00:00,0.00005000,0.16256400
1717084800000,2024-05-30 16:00:00,0.00005000,0.16507000
1717099200001,2024-05-30 20:00:00,0.00005000,0.16909000
1717113600000,2024-05-31 00:00:00,0.00005000,0.17163733
1717128000000,2024-05-31 04:00:00,0.00005000,0.16962425
1717142400000,2024-05-31 08:00:00,0.00005000,0.17068708
1717156800001,2024-05-31 12:00:00,0.00021836,0.16986783
1717171200000,2024-05-31 16:00:00,0.00032389,0.16731258
1717185600000,2024-05-31 20:00:00,0.00021221,0.16383808
1717200000000,2024-06-01 00:00:00,0.00025487,0.16125525
1717214400000,2024-06-01 04:00:00,0.00013792,0.16112000
1717228800000,2024-06-01 08:00:00,0.00005000,0.16001008
1717243200000,2024-06-01 12:00:00,0.00005000,0.16002750
1717257600001,2024-06-01 16:00:00,0.00005000,0.16212750
1717272000000,2024-06-01 20:00:00,0.00005000,0.16487317
1717286400000,2024-06-02 00:00:00,0.00005000,0.16507908
1717300800000,2024-06-02 04:00:00,0.00005000,0.16758500
1717315200000,2024-06-02 08:00:00,0.00016098,0.16164750
1717329600000,2024-06-02 12:00:00,0.00015151,0.15773717
1717344000000,2024-06-02 16:00:00,0.00007358,0.15618342
1717358400001,2024-06-02 20:00:00,0.00015032,0.15220000
1717372800000,2024-06-03 00:00:00,0.00005000,0.15107000
1717387200000,2024-06-03 04:00:00,0.00005000,0.15095025
1717401600000,2024-06-03 08:00:00,0.00005000,0.15236542
1717416000000,2024-06-03 12:00:00,0.00010037,0.15300117
1717430400000,2024-06-03 16:00:00,0.00018941,0.15388658
1717444800000,2024-06-03 20:00:00,0.00009694,0.15140000
1717459200000,2024-06-04 00:00:00,0.00026223,0.14763775
1717473600000,2024-06-04 04:00:00,0.00012208,0.14648000
1717488000000,2024-06-04 08:00:00,0.00012628,0.14700293
1717502400001,2024-06-04 12:00:00,0.00025682,0.14634000
1717516800000,2024-06-04 16:00:00,0.00018166,0.15818302
1717531200000,2024-06-04 20:00:00,0.00018149,0.16508008
1717545600000,2024-06-05 00:00:00,0.00027737,0.17317000
1717560000000,2024-06-05 04:00:00,0.00038925,0.16675000
1717574400000,2024-06-05 08:00:00,0.00027505,0.16972000
1717588800001,2024-06-05 12:00:00,0.00031478,0.17346425
1717603200000,2024-06-05 16:00:00,0.00026451,0.17000800
1717617600000,2024-06-05 20:00:00,0.00042326,0.16742317
1717632000000,2024-06-06 00:00:00,0.00041068,0.16597608
1717646400000,2024-06-06 04:00:00,0.00020834,0.16708417
1717660800008,2024-06-06 08:00:00,0.00042776,0.16586000
1717675200000,2024-06-06 12:00:00,0.00039331,0.18369758
1717689600000,2024-06-06 16:00:00,0.00007732,0.17736250
1717704000000,2024-06-06 20:00:00,0.00014629,0.16971000
1717718400000,2024-06-07 00:00:00,0.00005000,0.16772183
1717732800002,2024-06-07 04:00:00,0.00030052,0.17606250
1717747200000,2024-06-07 08:00:00,0.00005000,0.17530875
1717761600000,2024-06-07 12:00:00,0.00008625,0.17389836
1717776000000,2024-06-07 16:00:00,0.00005000,0.17420500
1717790400000,2024-06-07 20:00:00,0.00005000,0.15276050
1717804800000,2024-06-08 00:00:00,0.00005000,0.14955808
1717819200000,2024-06-08 04:00:00,0.00005000,0.15481000
1717833600000,2024-06-08 08:00:00,0.00005000,0.16064000
1717848000000,2024-06-08 12:00:00,0.00005000,0.15841000
1717862400000,2024-06-08 16:00:00,0.00005000,0.15710500
1717876800000,2024-06-08 20:00:00,0.00005000,0.15326250
1717891200000,2024-06-09 00:00:00,0.00005000,0.14959500
1717905600000,2024-06-09 04:00:00,0.00005000,0.14906892
1717920000000,2024-06-09 08:00:00,0.00005000,0.15235642
1717934400000,2024-06-09 12:00:00,0.00005000,0.15270367
1717948800001,2024-06-09 16:00:00,0.00015164,0.15397000
1717963200000,2024-06-09 20:00:00,0.00005000,0.15049000
1717977600000,2024-06-10 00:00:00,0.00005000,0.14857092
1717992000000,2024-06-10 04:00:00,0.00005000,0.14531250
1718006400000,2024-06-10 08:00:00,0.00005000,0.13559000
1718020800000,2024-06-10 12:00:00,0.00005000,0.13838000
1718035200001,2024-06-10 16:00:00,0.00005000,0.13894000
1718049600000,2024-06-10 20:00:00,0.00005000,0.13411267
1718064000001,2024-06-11 00:00:00,0.00005000,0.13114000
1718078400000,2024-06-11 04:00:00,0.00005000,0.12769000
1718092800000,2024-06-11 08:00:00,0.00008377,0.12726125
1718107200001,2024-06-11 12:00:00,0.00014849,0.12580000
1718121600000,2024-06-11 16:00:00,0.00005000,0.11986992
1718136000000,2024-06-11 20:00:00,0.00022283,0.12139750
1718150400000,2024-06-12 00:00:00,0.00012895,0.11990567
1718164800000,2024-06-12 04:00:00,0.00020220,0.11941042
1718179200000,2024-06-12 08:00:00,0.00015921,0.11919000
1718193600001,2024-06-12 12:00:00,0.00005000,0.11771392
1718208000000,2024-06-12 16:00:00,0.00005000,0.12379000
1718222400000,2024-06-12 20:00:00,0.00009530,0.11932000
1718236800000,2024-06-13 00:00:00,0.00033445,0.12110925
1718251200000,2024-06-13 04:00:00,0.00005000,0.10976750
1718265600001,2024-06-13 08:00:00,0.00024457,0.11442233
1718280000000,2024-06-13 12:00:00,0.00017625,0.11197275
1718294400000,2024-06-13 16:00:00,0.00005000,0.10850750
1718308800000,2024-06-13 20:00:00,0.00006776,0.11181250
1718323200000,2024-06-14 00:00:00,0.00005000,0.10959542
1718337600000,2024-06-14 04:00:00,0.00005000,0.10822300
1718352000000,2024-06-14 08:00:00,0.00005703,0.10941000
1718366400001,2024-06-14 12:00:00,0.00005000,0.11114408
1718380800000,2024-06-14 16:00:00,0.00005000,0.10746867
1718395200000,2024-06-14 20:00:00,0.00018281,0.10022075
1718409600000,2024-06-15 00:00:00,0.00011871,0.10125000
1718424000000,2024-06-15 04:00:00,0.00016358,0.10291000
1718438400000,2024-06-15 08:00:00,0.00005000,0.10176592
1718452800000,2024-06-15 12:00:00,0.00018698,0.10183000
1718467200000,2024-06-15 16:00:00,0.00021337,0.10276292
1718481600000,2024-06-15 20:00:00,0.00005000,0.10145000
1718496000001,2024-06-16 00:00:00,0.00005000,0.10096917
1718510400000,2024-06-16 04:00:00,0.00005000,0.09954175
1718524800000,2024-06-16 08:00:00,0.00010733,0.10217025
1718539200000,2024-06-16 12:00:00,0.00007133,0.10107000
1718553600000,2024-06-16 16:00:00,0.00012659,0.10300250
1718568000000,2024-06-16 20:00:00,0.00005000,0.10231008
1718582400000,2024-06-17 00:00:00,0.00005000,0.10118217
1718596800000,2024-06-17 04:00:00,0.00005294,0.09709700
1718611200000,2024-06-17 08:00:00,0.00032194,0.09478164
1718625600000,2024-06-17 12:00:00,0.00023212,0.09017000
1718640000000,2024-06-17 16:00:00,0.00005000,0.08869983
1718654400000,2024-06-17 20:00:00,0.00005000,0.09061888
1718668800000,2024-06-18 00:00:00,0.00010065,0.08534500
1718683200000,2024-06-18 04:00:00,0.00009015,0.07151750
1718697600000,2024-06-18 08:00:00,0.00005000,0.07145225
1718712000000,2024-06-18 12:00:00,0.00022724,0.06914000
1718726400000,2024-06-18 16:00:00,0.00005000,0.06910000
1718740800000,2024-06-18 20:00:00,0.00005000,0.06839192
1718755200001,2024-06-19 00:00:00,0.00005000,0.06924500
1718769600000,2024-06-19 04:00:00,0.00005000,0.06965333
1718784000001,2024-06-19 08:00:00,0.00005000,0.07058117
1718798400000,2024-06-19 12:00:00,0.00005000,0.06830500
1718812800000,2024-06-19 16:00:00,0.00005000,0.06794775
1718827200000,2024-06-19 20:00:00,0.00005000,0.06834783
1718841600000,2024-06-20 00:00:00,0.00005000,0.06742147
1718856000001,2024-06-20 04:00:00,0.00005000,0.06882250
1718870400000,2024-06-20 08:00:00,0.00005000,0.07249742
1718884800000,2024-06-20 12:00:00,0.00005000,0.07213000
1718899200000,2024-06-20 16:00:00,0.00005000,0.06977500
1718913600000,2024-06-20 20:00:00,0.00005000,0.07041650
1718928000000,2024-06-21 00:00:00,0.00005000,0.06892492
1718942400001,2024-06-21 04:00:00,0.00005000,0.07018250
1718956800000,2024-06-21 08:00:00,0.00005000,0.06926250
1718971200001,2024-06-21 12:00:00,0.00005000,0.07446000
1718985600000,2024-06-21 16:00:00,0.00005000,0.07263948
1719000000000,2024-06-21 20:00:00,0.00005000,0.07276017
1719014400000,2024-06-22 00:00:00,0.00005000,0.07186608
1719028800000,2024-06-22 04:00:00,0.00005000,0.07262000
1719043200000,2024-06-22 08:00:00,0.00005000,0.07350259
1719057600001,2024-06-22 12:00:00,0.00005000,0.08087025
1719072000000,2024-06-22 16:00:00,-0.00003683,0.09722233
1719086400000,2024-06-22 20:00:00,0.00005000,0.10968000
1719100800000,2024-06-23 00:00:00,0.00005000,0.10971975
1719115200000,2024-06-23 04:00:00,0.00005000,0.12199000
1719129600000,2024-06-23 08:00:00,0.00005000,0.12215000
1719144000000,2024-06-23 12:00:00,0.00005000,0.10938408
1719158400000,2024-06-23 16:00:00,0.00005000,0.11191317
1719172800000,2024-06-23 20:00:00,0.00020368,0.11070000
1719187200002,2024-06-24 00:00:00,0.00024646,0.10737000
1719201600000,2024-06-24 04:00:00,0.00005000,0.11047500
1719216000000,2024-06-24 08:00:00,0.00030666,0.09894017
1719230400001,2024-06-24 12:00:00,0.00027256,0.09876000
1719244800000,2024-06-24 16:00:00,0.00019627,0.10063467
1719259200000,2024-06-24 20:00:00,0.00010063,0.09852008
1719273600000,2024-06-25 00:00:00,0.00024207,0.10171767
1719288000000,2024-06-25 04:00:00,0.00005000,0.11330250
1719302400000,2024-06-25 08:00:00,0.00016756,0.11304500
1719316800007,2024-06-25 12:00:00,0.00020193,0.10883250
1719331200000,2024-06-25 16:00:00,0.00021177,0.11547350
1719345600004,2024-06-25 20:00:00,0.00012669,0.11837000
1719360000002,2024-06-26 00:00:00,0.00013964,0.11964000
1719374400000,2024-06-26 04:00:00,0.00005000,0.13321000
1719388800000,2024-06-26 08:00:00,0.00018951,0.13631517
1719403200002,2024-06-26 12:00:00,0.00034041,0.13384000
1719417600000,2024-06-26 16:00:00,0.00012083,0.13905155
1719432000000,2024-06-26 20:00:00,0.00014280,0.13919000
1719446400000,2024-06-27 00:00:00,0.00019543,0.13799000
1719460800000,2024-06-27 04:00:00,0.00013362,0.13819250
1719475200001,2024-06-27 08:00:00,0.00009318,0.14280500
1719489600000,2024-06-27 12:00:00,0.00005000,0.14769000
1719504000000,2024-06-27 16:00:00,0.00016193,0.13449000
1719518400000,2024-06-27 20:00:00,0.00005000,0.13282033
1719532800000,2024-06-28 00:00:00,0.00009505,0.13446000
1719547200000,2024-06-28 04:00:00,0.00005965,0.13402000
1719561600000,2024-06-28 08:00:00,0.00005000,0.13709275
1719576000000,2024-06-28 12:00:00,0.00005000,0.14108342
1719590400000,2024-06-28 16:00:00,0.00013272,0.13903500
1719604800000,2024-06-28 20:00:00,0.00024930,0.14028100
1719619200001,2024-06-29 00:00:00,0.00022774,0.14036000
1719633600000,2024-06-29 04:00:00,0.00005000,0.15114458
1719648000000,2024-06-29 08:00:00,-0.00003565,0.15517000
1719662400000,2024-06-29 12:00:00,0.00005000,0.15182000
1719676800000,2024-06-29 16:00:00,0.00005000,0.15494867
1719691200000,2024-06-29 20:00:00,0.00005000,0.15262250
1719705600000,2024-06-30 00:00:00,0.00005000,0.15167567
1719720000000,2024-06-30 04:00:00,0.00005000,0.14992617
1719734400000,2024-06-30 08:00:00,0.00005000,0.15067750
1719748800000,2024-06-30 12:00:00,0.00005000,0.14800992
1719763200000,2024-06-30 16:00:00,0.00034686,0.15249175
1719777600004,2024-06-30 20:00:00,0.00009737,0.14924242
1719792000000,2024-07-01 00:00:00,0.00005000,0.14355000
1719806400001,2024-07-01 04:00:00,0.00005000,0.14544408
1719820800000,2024-07-01 08:00:00,0.00005000,0.14273900
1719835200000,2024-07-01 12:00:00,0.00032151,0.13989917
1719849600001,2024-07-01 16:00:00,0.00027973,0.13133750
1719864000000,2024-07-01 20:00:00,0.00005000,0.13327250
1719878400000,2024-07-02 00:00:00,0.00012332,0.12912008
1719892800001,2024-07-02 04:00:00,0.00005000,0.12906225
1719907200000,2024-07-02 08:00:00,0.00005000,0.13091608
1719921600000,2024-07-02 12:00:00,0.00005000,0.12977000
1719936000000,2024-07-02 16:00:00,0.00006402,0.13202250
1719950400000,2024-07-02 20:00:00,0.00005000,0.13015000
1719964800000,2024-07-03 00:00:00,0.00005000,0.12834858
1719979200000,2024-07-03 04:00:00,0.00005000,0.12652000
1719993600001,2024-07-03 08:00:00,0.00025494,0.12774000
1720008000001,2024-07-03 12:00:00,0.00026771,0.12488300
1720022400000,2024-07-03 16:00:00,0.00031804,0.12167000
1720036800000,2024-07-03 20:00:00,0.00019649,0.11767117
1720051200000,2024-07-04 00:00:00,0.00008283,0.11604000
1720065600000,2024-07-04 04:00:00,0.00031331,0.11606000
1720080000000,2024-07-04 08:00:00,0.00029236,0.11513000
1720094400000,2024-07-04 12:00:00,0.00020411,0.11677833
1720108800000,2024-07-04 16:00:00,0.00034086,0.11656000
1720123200000,2024-07-04 20:00:00,0.00014417,0.11084383
1720137600000,2024-07-05 00:00:00,0.00005000,0.10257950
1720152000000,2024-07-05 04:00:00,0.00005000,0.08849000
1720166400000,2024-07-05 08:00:00,0.00005000,0.08879333
1720180800001,2024-07-05 12:00:00,0.00005000,0.09138000
1720195200000,2024-07-05 16:00:00,0.00005000,0.09140000
1720209600001,2024-07-05 20:00:00,0.00005000,0.08821000
1720224000000,2024-07-06 00:00:00,0.00018123,0.08667336
1720238400003,2024-07-06 04:00:00,0.00005000,0.08750500
1720252800000,2024-07-06 08:00:00,0.00005000,0.09355125
1720267200000,2024-07-06 12:00:00,0.00005000,0.09073000
1720281600000,2024-07-06 16:00:00,0.00005000,0.08975250
1720296000000,2024-07-06 20:00:00,0.00005000,0.09131492
1720310400001,2024-07-07 00:00:00,0.00005000,0.09414750
1720324800000,2024-07-07 04:00:00,0.00005000,0.09125917
1720339200000,2024-07-07 08:00:00,0.00005000,0.08460858
1720353600000,2024-07-07 12:00:00,0.00005000,0.08629192
1720368000000,2024-07-07 16:00:00,0.00005000,0.08984000
1720382400000,2024-07-07 20:00:00,0.00005000,0.08965000
1720396800000,2024-07-08 00:00:00,0.00005000,0.08649560
1720411200000,2024-07-08 04:00:00,0.00005000,0.08565250
1720425600000,2024-07-08 08:00:00,0.00005000,0.08205000
1720440000000,2024-07-08 12:00:00,0.00005000,0.08420500
1720454400000,2024-07-08 16:00:00,0.00005000,0.08093000
1720468800000,2024-07-08 20:00:00,0.00005000,0.07973000
1720483200000,2024-07-09 00:00:00,0.00005000,0.08087667
1720497600000,2024-07-09 04:00:00,0.00005000,0.08247569
1720512000001,2024-07-09 08:00:00,0.00005000,0.08367000
1720526400000,2024-07-09 12:00:00,0.00005000,0.08249000
1720540800000,2024-07-09 16:00:00,0.00005000,0.08239250
1720555200000,2024-07-09 20:00:00,0.00005000,0.08089325
1720569600000,2024-07-10 00:00:00,0.00005000,0.08075500
1720584000000,2024-07-10 04:00:00,0.00005000,0.08580000
1720598400000,2024-07-10 08:00:00,0.00005000,0.09119207
1720612800000,2024-07-10 12:00:00,0.00005000,0.09426367
1720627200000,2024-07-10 16:00:00,0.00005000,0.09443250
1720641600002,2024-07-10 20:00:00,0.00005000,0.09191397
1720656000002,2024-07-11 00:00:00,0.00005000,0.09414833
1720670400000,2024-07-11 04:00:00,0.00005000,0.09774542
1720684800002,2024-07-11 08:00:00,0.00005000,0.09792625
1720699200000,2024-07-11 12:00:00,0.00005000,0.09342867
1720713600004,2024-07-11 16:00:00,0.00005000,0.08974292
1720728000000,2024-07-11 20:00:00,-0.00002108,0.08738500
1720742400000,2024-07-12 00:00:00,0.00005000,0.08446000
1720756800003,2024-07-12 04:00:00,0.00005000,0.08883000
1720771200000,2024-07-12 08:00:00,0.00005000,0.09188283
1720785600000,2024-07-12 12:00:00,0.00005000,0.09388492
1720800000000,2024-07-12 16:00:00,0.00005000,0.09546500
1720814400000,2024-07-12 20:00:00,0.00005000,0.09488250
1720828800000,2024-07-13 00:00:00,0.00005000,0.09714000
1720843200001,2024-07-13 04:00:00,0.00005000,0.09618933
1720857600000,2024-07-13 08:00:00,0.00005000,0.09408000
1720872000000,2024-07-13 12:00:00,0.00005000,0.09299000
1720886400000,2024-07-13 16:00:00,0.00005000,0.09547992
1720900800000,2024-07-13 20:00:00,0.00005000,0.09368250
1720915200000,2024-07-14 00:00:00,0.00005000,0.09309009
1720929600001,2024-07-14 04:00:00,0.00005000,0.09533208
1720944000000,2024-07-14 08:00:00,0.00005000,0.09927033
1720958400000,2024-07-14 12:00:00,0.00005000,0.09768250
1720972800000,2024-07-14 16:00:00,0.00005000,0.09944000
1720987200000,2024-07-14 20:00:00,0.00005000,0.10008750
1721001600000,2024-07-15 00:00:00,0.00005000,0.10065000
1721016000000,2024-07-15 04:00:00,0.00005000,0.10197842
1721030400000,2024-07-15 08:00:00,0.00005000,0.10307108
1721044800000,2024-07-15 12:00:00,0.00005000,0.09827175
1721059200000,2024-07-15 16:00:00,0.00005000,0.11058833
1721073600000,2024-07-15 20:00:00,0.00005000,0.10925742
1721088000000,2024-07-16 00:00:00,0.00009716,0.11450967
1721102400001,2024-07-16 04:00:00,0.00011253,0.11374783
1721116800000,2024-07-16 08:00:00,0.00017041,0.10325000
1721131200000,2024-07-16 12:00:00,0.00005000,0.10659009
1721145600000,2024-07-16 16:00:00,0.00013248,0.11087500
1721160000000,2024-07-16 20:00:00,0.00019567,0.11260000
1721174400000,2024-07-17 00:00:00,0.00005000,0.11250900
1721188800000,2024-07-17 04:00:00,0.00005000,0.11396000
1721203200001,2024-07-17 08:00:00,0.00005000,0.11274000
1721217600000,2024-07-17 12:00:00,0.00005000,0.10858867
1721232000000,2024-07-17 16:00:00,0.00005000,0.10993500
1721246400000,2024-07-17 20:00:00,0.00017041,0.11091000
1721260800000,2024-07-18 00:00:00,0.00005000,0.11130167
1721275200001,2024-07-18 04:00:00,0.00005506,0.11688000
1721289600000,2024-07-18 08:00:00,0.00005000,0.11362000
1721304000000,2024-07-18 12:00:00,0.00005000,0.11637000
1721318400000,2024-07-18 16:00:00,0.00005000,0.10898925
1721332800000,2024-07-18 20:00:00,0.00012544,0.10368358
1721347200000,2024-07-19 00:00:00,0.00005000,0.10517742
1721361600000,2024-07-19 04:00:00,0.00020263,0.10534000
1721376000000,2024-07-19 08:00:00,0.00010314,0.10349683
1721390400000,2024-07-19 12:00:00,0.00023821,0.10483000
1721404800000,2024-07-19 16:00:00,0.00007989,0.10664917
1721419200000,2024-07-19 20:00:00,0.00020368,0.10995208
1721433600001,2024-07-20 00:00:00,0.00040991,0.11758808
1721448000000,2024-07-20 04:00:00,0.00047593,0.12440750
1721462400000,2024-07-20 08:00:00,0.00021292,0.12303342
1721476800000,2024-07-20 12:00:00,0.00029747,0.12200000
1721491200000,2024-07-20 16:00:00,0.00021852,0.11929892
1721505600000,2024-07-20 20:00:00,0.00013143,0.12020000
1721520000000,2024-07-21 00:00:00,0.00014959,0.12065500
1721534400000,2024-07-21 04:00:00,0.00011672,0.11939336
1721548800000,2024-07-21 08:00:00,0.00021100,0.12077000
1721563200000,2024-07-21 12:00:00,0.00035514,0.12181675
1721577600000,2024-07-21 16:00:00,0.00017438,0.12359000
1721592000000,2024-07-21 20:00:00,0.00005000,0.11901500
1721606400000,2024-07-22 00:00:00,0.00016410,0.12526900
1721620800000,2024-07-22 04:00:00,0.00008049,0.12546000
1721635200000,2024-07-22 08:00:00,0.00010634,0.12192933
1721649600000,2024-07-22 12:00:00,0.00023411,0.12894000
1721664000000,2024-07-22 16:00:00,0.00005000,0.12081000
1721678400000,2024-07-22 20:00:00,0.00005000,0.12133358
1721692800000,2024-07-23 00:00:00,0.00005000,0.11171000
1721707200000,2024-07-23 04:00:00,0.00005000,0.11438750
1721721600000,2024-07-23 08:00:00,0.00005000,0.10861625
1721736000000,2024-07-23 12:00:00,0.00005000,0.10829000
1721750400000,2024-07-23 16:00:00,0.00005000,0.10482000
1721764800000,2024-07-23 20:00:00,0.00005000,0.09919233
1721779200000,2024-07-24 00:00:00,0.00005000,0.09806000
1721793600000,2024-07-24 04:00:00,0.00005000,0.10127042
1721808000000,2024-07-24 08:00:00,0.00005000,0.10105625
1721822400000,2024-07-24 12:00:00,0.00005000,0.09933542
1721836800000,2024-07-24 16:00:00,0.00005000,0.10331225
1721851200000,2024-07-24 20:00:00,0.00005000,0.10341750
1721865600000,2024-07-25 00:00:00,0.00005000,0.10029925
1721880000000,2024-07-25 04:00:00,0.00005000,0.09614967
1721894400000,2024-07-25 08:00:00,0.00005000,0.09817500
1721908800001,2024-07-25 12:00:00,0.00005000,0.10015000
1721923200000,2024-07-25 16:00:00,0.00005000,0.10424325
1721937600001,2024-07-25 20:00:00,0.00005000,0.09886000
1721952000000,2024-07-26 00:00:00,0.00005000,0.10224192
1721966400000,2024-07-26 04:00:00,0.00005000,0.11150600
1721980800000,2024-07-26 08:00:00,0.00005000,0.11492883
1721995200000,2024-07-26 12:00:00,0.00005000,0.11785325
1722009600000,2024-07-26 16:00:00,0.00017412,0.12153000
1722024000000,2024-07-26 20:00:00,0.00019642,0.12789183
1722038400000,2024-07-27 00:00:00,0.00042376,0.13295767
1722052800000,2024-07-27 04:00:00,0.00023768,0.14027000
1722067200000,2024-07-27 08:00:00,0.00043027,0.13884592
1722081600000,2024-07-27 12:00:00,0.00025271,0.14056383
1722096000000,2024-07-27 16:00:00,0.00033178,0.13732000
1722110400000,2024-07-27 20:00:00,0.00032698,0.13680293
1722124800000,2024-07-28 00:00:00,0.00008048,0.13628917
1722139200000,2024-07-28 04:00:00,0.00005000,0.13918300
1722153600000,2024-07-28 08:00:00,0.00005521,0.14067000
1722168000000,2024-07-28 12:00:00,0.00005000,0.14239000
1722182400001,2024-07-28 16:00:00,0.00005000,0.13047850
1722196800000,2024-07-28 20:00:00,0.00005000,0.13394883
1722211200001,2024-07-29 00:00:00,0.00005000,0.13233500
1722225600001,2024-07-29 04:00:00,0.00005000,0.13536458
1722240000000,2024-07-29 08:00:00,0.00005000,0.13307000
1722254400000,2024-07-29 12:00:00,0.00005000,0.13537250
1722268800001,2024-07-29 16:00:00,0.00005000,0.13439533
1722283200000,2024-07-29 20:00:00,0.00005000,0.13427150
1722297600000,2024-07-30 00:00:00,0.00005000,0.12989650
1722312000000,2024-07-30 04:00:00,0.00005000,0.13429133
1722326400001,2024-07-30 08:00:00,0.00005000,0.13554750
1722340800000,2024-07-30 12:00:00,0.00005000,0.13729850
1722355200000,2024-07-30 16:00:00,0.00011638,0.13890000
1722369600000,2024-07-30 20:00:00,0.00005000,0.13128950
1722384000000,2024-07-31 00:00:00,0.00005000,0.13179883
1722398400000,2024-07-31 04:00:00,0.00007386,0.13698250
1722412800000,2024-07-31 08:00:00,0.00005000,0.13663692
1722427200000,2024-07-31 12:00:00,0.00007535,0.13646567
1722441600000,2024-07-31 16:00:00,0.00007985,0.13639933
1722456000000,2024-07-31 20:00:00,0.00005000,0.13009708
1722470400000,2024-08-01 00:00:00,0.00005000,0.12167250
1722484800000,2024-08-01 04:00:00,0.00005000,0.11933750
1722499200000,2024-08-01 08:00:00,0.00005000,0.11514492
1722513600000,2024-08-01 12:00:00,0.00005000,0.11088817
1722528000000,2024-08-01 16:00:00,0.00005000,0.10610892
1722542400001,2024-08-01 20:00:00,-0.00024118,0.10062000
1722556800000,2024-08-02 00:00:00,-0.00020001,0.10794300
1722571200000,2024-08-02 04:00:00,0.00005000,0.10711383
1722585600001,2024-08-02 08:00:00,0.00005000,0.10324667
1722600000000,2024-08-02 12:00:00,-0.00025779,0.10770000
1722614400000,2024-08-02 16:00:00,0.00005000,0.10631400
1722628800000,2024-08-02 20:00:00,0.00005000,0.10148000
1722643200000,2024-08-03 00:00:00,0.00005000,0.10187284
1722657600000,2024-08-03 04:00:00,0.00005000,0.10514000
1722672000000,2024-08-03 08:00:00,0.00005000,0.10115250
1722686400000,2024-08-03 12:00:00,0.00005000,0.10216750
1722700800001,2024-08-03 16:00:00,0.00005000,0.09440958
1722715200000,2024-08-03 20:00:00,0.00005000,0.08781000
1722729600000,2024-08-04 00:00:00,-0.00021979,0.08805033
1722744000000,2024-08-04 04:00:00,0.00005000,0.09254750
1722758400000,2024-08-04 08:00:00,0.00005000,0.09179567
1722772800000,2024-08-04 12:00:00,-0.00024656,0.09424000
1722787200000,2024-08-04 16:00:00,0.00005000,0.08598508
1722801600000,2024-08-04 20:00:00,-0.00007601,0.08772725
1722816000000,2024-08-05 00:00:00,0.00005000,0.08380000
1722830400000,2024-08-05 04:00:00,-0.00013527,0.07322558
1722844800000,2024-08-05 08:00:00,-0.00040218,0.07105683
1722859200000,2024-08-05 12:00:00,-0.00012353,0.06439325
1722873600000,2024-08-05 16:00:00,0.00005000,0.07355000
1722888000000,2024-08-05 20:00:00,0.00005000,0.07039000
1722902400000,2024-08-06 00:00:00,-0.00004016,0.07160000
1722916800001,2024-08-06 04:00:00,-0.00012826,0.08132000
1722931200000,2024-08-06 08:00:00,0.00005000,0.08334750
1722945600000,2024-08-06 12:00:00,0.00005000,0.08081475
1722960000000,2024-08-06 16:00:00,0.00005000,0.08373733
1722974400000,2024-08-06 20:00:00,0.00005000,0.08254750
1722988800000,2024-08-07 00:00:00,0.00005000,0.08182000
1723003200000,2024-08-07 04:00:00,0.00005000,0.08332000
1723017600001,2024-08-07 08:00:00,0.00005000,0.08452000
1723032000000,2024-08-07 12:00:00,0.00005000,0.08142508
1723046400000,2024-08-07 16:00:00,0.00005000,0.07932000
1723060800000,2024-08-07 20:00:00,0.00005000,0.07777183
1723075200001,2024-08-08 00:00:00,0.00005000,0.07779034
1723089600000,2024-08-08 04:00:00,0.00005000,0.08284242
1723104000000,2024-08-08 08:00:00,0.00005000,0.08321900
1723118400000,2024-08-08 12:00:00,0.00005000,0.08353950
1723132800000,2024-08-08 16:00:00,0.00005000,0.08628000
1723147200000,2024-08-08 20:00:00,0.00005000,0.08492250
1723161600000,2024-08-09 00:00:00,0.00005000,0.09167000
1723176000000,2024-08-09 04:00:00,0.00005000,0.08902000
1723190400000,2024-08-09 08:00:00,0.00005000,0.08834000
1723204800000,2024-08-09 12:00:00,0.00005000,0.08811500
1723219200000,2024-08-09 16:00:00,0.00005000,0.08476875
1723233600001,2024-08-09 20:00:00,0.00005000,0.08668183
1723248000000,2024-08-10 00:00:00,0.00005000,0.09210000
1723262400000,2024-08-10 04:00:00,0.00005000,0.08891500
1723276800000,2024-08-10 08:00:00,0.00005000,0.08971750
1723291200000,2024-08-10 12:00:00,0.00005000,0.08982258
1723305600000,2024-08-10 16:00:00,0.00005000,0.08984158
1723320000001,2024-08-10 20:00:00,0.00005000,0.09075500
1723334400000,2024-08-11 00:00:00,0.00005000,0.09264000
1723348800000,2024-08-11 04:00:00,0.00005000,0.09760000
1723363200000,2024-08-11 08:00:00,0.00005000,0.09458250
1723377600000,2024-08-11 12:00:00,0.00005000,0.09239000
1723392000001,2024-08-11 16:00:00,0.00005000,0.08871050
1723406400000,2024-08-11 20:00:00,0.00005000,0.08688009
1723420800000,2024-08-12 00:00:00,0.00005000,0.08539000
1723435200000,2024-08-12 04:00:00,-0.00011611,0.08985000
1723449600000,2024-08-12 08:00:00,0.00005000,0.09196325
1723464000000,2024-08-12 12:00:00,0.00005000,0.09431167
1723478400000,2024-08-12 16:00:00,0.00005000,0.09466325
1723492800000,2024-08-12 20:00:00,0.00005000,0.09498000
1723507200000,2024-08-13 00:00:00,0.00005000,0.09813750
1723521600001,2024-08-13 04:00:00,0.00005000,0.09285758
1723536000000,2024-08-13 08:00:00,0.00005000,0.09452000
1723550400000,2024-08-13 12:00:00,0.00005000,0.09344442
1723564800000,2024-08-13 16:00:00,0.00005000,0.09714492
1723579200000,2024-08-13 20:00:00,0.00005000,0.09559000
1723593600000,2024-08-14 00:00:00,0.00005000,0.09639224
1723608000000,2024-08-14 04:00:00,0.00005000,0.09524908
1723622400000,2024-08-14 08:00:00,0.00005000,0.09280000
1723636800000,2024-08-14 12:00:00,0.00005000,0.09251017
1723651200000,2024-08-14 16:00:00,0.00005000,0.09035000
1723665600000,2024-08-14 20:00:00,0.00005000,0.08980000
1723680000000,2024-08-15 00:00:00,0.00005000,0.09041058
1723694400000,2024-08-15 04:00:00,0.00005000,0.08994492
1723708800000,2024-08-15 08:00:00,0.00005000,0.08826000
1723723200000,2024-08-15 12:00:00,0.00005000,0.09129500
1723737600000,2024-08-15 16:00:00,0.00005000,0.09051283
1723752000000,2024-08-15 20:00:00,0.00005000,0.08553000
1723766400000,2024-08-16 00:00:00,0.00005000,0.08545000
1723780800001,2024-08-16 04:00:00,0.00005000,0.08549792
1723795200000,2024-08-16 08:00:00,0.00005000,0.08656183
1723809600000,2024-08-16 12:00:00,0.00005000,0.08466433
1723824000000,2024-08-16 16:00:00,0.00005000,0.07987500
1723838400000,2024-08-16 20:00:00,0.00005000,0.08197700
1723852800000,2024-08-17 00:00:00,0.00005000,0.08241000
1723867200000,2024-08-17 04:00:00,0.00005000,0.08308500
1723881600000,2024-08-17 08:00:00,0.00005000,0.08377000
1723896000000,2024-08-17 12:00:00,0.00005000,0.08345908
1723910400000,2024-08-17 16:00:00,0.00005000,0.08501858
1723924800000,2024-08-17 20:00:00,0.00005000,0.08613758
1723939200000,2024-08-18 00:00:00,0.00005000,0.09431000
1723953600001,2024-08-18 04:00:00,0.00005000,0.09155075
1723968000000,2024-08-18 08:00:00,0.00005000,0.09309000
1723982400000,2024-08-18 12:00:00,0.00005000,0.09259567
1723996800000,2024-08-18 16:00:00,0.00028344,0.09415192
1724011200000,2024-08-18 20:00:00,0.00005000,0.09414000
1724025600000,2024-08-19 00:00:00,0.00005000,0.09190392
1724040000000,2024-08-19 04:00:00,0.00005000,0.09354000
1724054400000,2024-08-19 08:00:00,0.00005000,0.09390000
1724068800000,2024-08-19 12:00:00,0.00005000,0.09477000
1724083200002,2024-08-19 16:00:00,0.00005000,0.09353592
1724097600001,2024-08-19 20:00:00,0.00005000,0.09351000
1724112000000,2024-08-20 00:00:00,0.00005000,0.09586000
1724126400000,2024-08-20 04:00:00,0.00005000,0.09509825
1724140800000,2024-08-20 08:00:00,0.00013723,0.09805850
1724155200000,2024-08-20 12:00:00,0.00006867,0.09723350
1724169600001,2024-08-20 16:00:00,0.00024248,0.09403250
1724184000000,2024-08-20 20:00:00,0.00027315,0.09590000
1724198400001,2024-08-21 00:00:00,0.00006822,0.09512000
1724212800001,2024-08-21 04:00:00,0.00014602,0.09645250
1724227200000,2024-08-21 08:00:00,0.00012869,0.09863417
1724241600000,2024-08-21 12:00:00,0.00005000,0.09603000
1724256000001,2024-08-21 16:00:00,0.00010595,0.09432000
1724270400001,2024-08-21 20:00:00,0.00031174,0.09993000
1724284800000,2024-08-22 00:00:00,0.00009170,0.10226000
1724299200000,2024-08-22 04:00:00,0.00015202,0.10055966
1724313600000,2024-08-22 08:00:00,0.00014984,0.10226758
1724328000001,2024-08-22 12:00:00,0.00005000,0.10126767
1724342400008,2024-08-22 16:00:00,0.00005000,0.10108207
1724356800000,2024-08-22 20:00:00,0.00005000,0.10214883
1724371200000,2024-08-23 00:00:00,0.00014863,0.10201275
1724385600000,2024-08-23 04:00:00,0.00005000,0.10039000
1724400000000,2024-08-23 08:00:00,0.00005000,0.10104250
1724414400001,2024-08-23 12:00:00,0.00005000,0.09852000
1724428800000,2024-08-23 16:00:00,0.00005000,0.10226617
1724443200000,2024-08-23 20:00:00,0.00020403,0.11171983
1724457600000,2024-08-24 00:00:00,0.00019762,0.11299000
1724472000000,2024-08-24 04:00:00,0.00011484,0.11579000
1724486400005,2024-08-24 08:00:00,0.00005000,0.11590000
1724500800000,2024-08-24 12:00:00,0.00005000,0.11660000
1724515200000,2024-08-24 16:00:00,0.00005000,0.11844000
1724529600000,2024-08-24 20:00:00,0.00019710,0.12356000
1724544000000,2024-08-25 00:00:00,0.00011273,0.12047200
1724558400001,2024-08-25 04:00:00,0.00005000,0.11826000
1724572800000,2024-08-25 08:00:00,0.00021119,0.11397000
1724587200001,2024-08-25 12:00:00,0.00009066,0.11683442
1724601600000,2024-08-25 16:00:00,0.00005000,0.11783400
1724616000001,2024-08-25 20:00:00,0.00005000,0.11764000
1724630400000,2024-08-26 00:00:00,0.00005000,0.11594017
1724644800000,2024-08-26 04:00:00,0.00005000,0.11635000
1724659200001,2024-08-26 08:00:00,0.00005000,0.11452000
1724673600001,2024-08-26 12:00:00,0.00005000,0.11499000
1724688000000,2024-08-26 16:00:00,0.00005000,0.10752448
1724702400001,2024-08-26 20:00:00,0.00005000,0.10188342
1724716800001,2024-08-27 00:00:00,0.00005000,0.10086000
1724731200000,2024-08-27 04:00:00,0.00005000,0.10195000
1724745600000,2024-08-27 08:00:00,0.00005000,0.10042000
1724760000000,2024-08-27 12:00:00,0.00005000,0.09606250
1724774400000,2024-08-27 16:00:00,0.00005000,0.09677000
1724788800000,2024-08-27 20:00:00,0.00005000,0.09565000
1724803200000,2024-08-28 00:00:00,-0.00020820,0.08861417
1724817600000,2024-08-28 04:00:00,-0.00031197,0.09059000
1724832000000,2024-08-28 08:00:00,-0.00007805,0.08799000
1724846400000,2024-08-28 12:00:00,-0.00027117,0.09108000
1724860800001,2024-08-28 16:00:00,0.00005000,0.08803375
1724875200000,2024-08-28 20:00:00,-0.00057321,0.08664150
1724889600000,2024-08-29 00:00:00,0.00001944,0.08571808
1724904000000,2024-08-29 04:00:00,0.00005000,0.08660133
1724918400001,2024-08-29 08:00:00,0.00005000,0.08725350
1724932800001,2024-08-29 12:00:00,0.00005000,0.08788000
1724947200000,2024-08-29 16:00:00,-0.00020517,0.09047000
1724961600000,2024-08-29 20:00:00,0.00005000,0.08582000
1724976000000,2024-08-30 00:00:00,0.00005000,0.08621250
1724990400000,2024-08-30 04:00:00,0.00005000,0.08553908
1725004800000,2024-08-30 08:00:00,0.00005000,0.08777000
1725019200001,2024-08-30 12:00:00,0.00005000,0.08691828
1725033600000,2024-08-30 16:00:00,-0.00001578,0.08122250
1725048000000,2024-08-30 20:00:00,0.00005000,0.08901750
1725062400000,2024-08-31 00:00:00,0.00005000,0.09059000
1725076800002,2024-08-31 04:00:00,0.00005000,0.09036000
1725091200000,2024-08-31 08:00:00,0.00005000,0.09031808
1725105600004,2024-08-31 12:00:00,0.00005000,0.09129175
1725120000000,2024-08-31 16:00:00,0.00005000,0.09017000
1725134400001,2024-08-31 20:00:00,0.00005000,0.08833000
1725148800000,2024-09-01 00:00:00,0.00005000,0.08804983
1725163200000,2024-09-01 04:00:00,0.00005000,0.08765000
1725177600001,2024-09-01 08:00:00,0.00005000,0.08835308
1725192000000,2024-09-01 12:00:00,0.00005000,0.08798000
1725206400000,2024-09-01 16:00:00,0.00005000,0.08634692
1725220800000,2024-09-01 20:00:00,0.00005000,0.08503000
1725235200001,2024-09-02 00:00:00,0.00005000,0.08086000
1725249600001,2024-09-02 04:00:00,0.00005000,0.08273000
1725264000001,2024-09-02 08:00:00,0.00005000,0.08097025
1725278400000,2024-09-02 12:00:00,0.00005000,0.08879000
1725292800000,2024-09-02 16:00:00,0.00005000,0.09106000
1725307200000,2024-09-02 20:00:00,0.00005000,0.09141741
1725321600000,2024-09-03 00:00:00,0.00005000,0.09295475
1725336000000,2024-09-03 04:00:00,0.00013241,0.09400175
1725350400001,2024-09-03 08:00:00,0.00015995,0.09395000
1725364800000,2024-09-03 12:00:00,0.00027380,0.09503917
1725379200000,2024-09-03 16:00:00,0.00005000,0.08891792
1725393600000,2024-09-03 20:00:00,0.00005000,0.08962500
1725408000000,2024-09-04 00:00:00,0.00020461,0.08850300
1725422400000,2024-09-04 04:00:00,0.00005000,0.08725000
1725436800000,2024-09-04 08:00:00,0.00005000,0.08804500
1725451200000,2024-09-04 12:00:00,0.00005000,0.08706750
1725465600000,2024-09-04 16:00:00,0.00005000,0.09284050
1725480000001,2024-09-04 20:00:00,0.00005000,0.09273000
1725494400000,2024-09-05 00:00:00,0.00010084,0.09293250
1725508800002,2024-09-05 04:00:00,0.00005000,0.08962433
1725523200000,2024-09-05 08:00:00,0.00005026,0.09135392
1725537600000,2024-09-05 12:00:00,0.00015065,0.09181483
1725552000005,2024-09-05 16:00:00,0.00005000,0.09059000
1725566400000,2024-09-05 20:00:00,0.00005000,0.08847958
1725580800000,2024-09-06 00:00:00,0.00005000,0.09057808
1725595200001,2024-09-06 04:00:00,0.00005000,0.09234250
1725609600001,2024-09-06 08:00:00,0.00022776,0.09101017
1725624000009,2024-09-06 12:00:00,0.00005000,0.09160908
1725638400000,2024-09-06 16:00:00,0.00005000,0.09203867
1725652800000,2024-09-06 20:00:00,0.00005000,0.08985783
1725667200000,2024-09-07 00:00:00,0.00054892,0.09334033
1725681600000,2024-09-07 04:00:00,0.00035504,0.09320000
1725696000000,2024-09-07 08:00:00,0.00005000,0.09419000
1725710400000,2024-09-07 12:00:00,0.00005000,0.09632275
1725724800000,2024-09-07 16:00:00,0.00018045,0.10441750
1725739200000,2024-09-07 20:00:00,0.00011902,0.10291000
1725753600000,2024-09-08 00:00:00,0.00016197,0.10269000
1725768000000,2024-09-08 04:00:00,0.00005000,0.10403500
1725782400000,2024-09-08 08:00:00,0.00005000,0.10268642
1725796800000,2024-09-08 12:00:00,0.00013487,0.10163000
1725811200000,2024-09-08 16:00:00,0.00027467,0.09805000
1725825600000,2024-09-08 20:00:00,0.00005000,0.09785250
1725840000000,2024-09-09 00:00:00,0.00005000,0.10012442
1725854400000,2024-09-09 04:00:00,0.00005000,0.09856000
1725868800000,2024-09-09 08:00:00,0.00024968,0.09877000
1725883200000,2024-09-09 12:00:00,0.00052447,0.09703000
1725897600001,2024-09-09 16:00:00,0.00005000,0.09604000
1725912000000,2024-09-09 20:00:00,0.00025288,0.09916333
1725926400000,2024-09-10 00:00:00,0.00005000,0.09953242
1725940800000,2024-09-10 04:00:00,0.00005000,0.09678000
1725955200000,2024-09-10 08:00:00,0.00005000,0.10042000
1725969600000,2024-09-10 12:00:00,0.00005000,0.09969000
1725984000000,2024-09-10 16:00:00,0.00005000,0.10525892
1725998400000,2024-09-10 20:00:00,0.00005000,0.10790250
1726012800000,2024-09-11 00:00:00,0.00005000,0.10789500
1726027200000,2024-09-11 04:00:00,0.00011305,0.10479558
1726041600000,2024-09-11 08:00:00,0.00005000,0.10347000
1726056000000,2024-09-11 12:00:00,0.00005000,0.10426000
1726070400000,2024-09-11 16:00:00,0.00005000,0.10450992
1726084800000,2024-09-11 20:00:00,0.00005000,0.10593000
1726099200000,2024-09-12 00:00:00,0.00005000,0.10617000
1726113600001,2024-09-12 04:00:00,0.00005000,0.10901350
1726128000000,2024-09-12 08:00:00,0.00011987,0.11124767
1726142400000,2024-09-12 12:00:00,0.00005000,0.10947550
1726156800000,2024-09-12 16:00:00,0.00019225,0.10815750
1726171200000,2024-09-12 20:00:00,0.00005000,0.11062642
1726185600000,2024-09-13 00:00:00,0.00028905,0.11018000
1726200000000,2024-09-13 04:00:00,0.00007693,0.10683000
1726214400001,2024-09-13 08:00:00,0.00005000,0.10658207
1726228800000,2024-09-13 12:00:00,0.00005000,0.10425592
1726243200001,2024-09-13 16:00:00,0.00014813,0.10423000
1726257600000,2024-09-13 20:00:00,0.00005000,0.10453658
1726272000000,2024-09-14 00:00:00,0.00005000,0.10505000
1726286400000,2024-09-14 04:00:00,0.00034412,0.11204658
1726300800000,2024-09-14 08:00:00,0.00016008,0.10909422
1726315200000,2024-09-14 12:00:00,0.00013926,0.10889000
1726329600001,2024-09-14 16:00:00,0.00044771,0.11070000
1726344000000,2024-09-14 20:00:00,0.00012264,0.10682000
1726358400000,2024-09-15 00:00:00,0.00017207,0.11002242
1726372800000,2024-09-15 04:00:00,0.00005000,0.10832000
1726387200000,2024-09-15 08:00:00,0.00021610,0.10597000
1726401600000,2024-09-15 12:00:00,0.00010940,0.10262875
1726416000000,2024-09-15 16:00:00,0.00019788,0.10248819
1726430400000,2024-09-15 20:00:00,0.00005000,0.09890333
1726444800000,2024-09-16 00:00:00,0.00005000,0.09543492
1726459200000,2024-09-16 04:00:00,0.00005000,0.09343283
1726473600001,2024-09-16 08:00:00,0.00005000,0.09332750
1726488000000,2024-09-16 12:00:00,0.00005000,0.09133000
1726502400000,2024-09-16 16:00:00,0.00005000,0.08911475
1726516800000,2024-09-16 20:00:00,0.00005000,0.08632000
1726531200001,2024-09-17 00:00:00,-0.00014582,0.08763000
1726545600000,2024-09-17 04:00:00,0.00004262,0.08953408
1726560000000,2024-09-17 08:00:00,0.00005000,0.08962000
1726574400000,2024-09-17 12:00:00,0.00002496,0.08974000
1726588800000,2024-09-17 16:00:00,0.00005000,0.09605000
1726603200000,2024-09-17 20:00:00,0.00005000,0.09389095
1726617600000,2024-09-18 00:00:00,0.00012913,0.09677000
1726632000000,2024-09-18 04:00:00,0.00005000,0.10512000
1726646400000,2024-09-18 08:00:00,0.00005000,0.10408750
1726660800000,2024-09-18 12:00:00,0.00005000,0.10035750
1726675200004,2024-09-18 16:00:00,0.00005000,0.09811917
1726689600000,2024-09-18 20:00:00,0.00005000,0.10039000
1726704000000,2024-09-19 00:00:00,0.00015619,0.11419250
1726718400000,2024-09-19 04:00:00,0.00035010,0.11719819
1726732800000,2024-09-19 08:00:00,0.00032454,0.11708491
1726747200000,2024-09-19 12:00:00,0.00018939,0.11812050
1726761600001,2024-09-19 16:00:00,0.00037889,0.11611000
1726776000001,2024-09-19 20:00:00,0.00021071,0.11808000
1726790400000,2024-09-20 00:00:00,0.00036449,0.11896000
1726804800000,2024-09-20 04:00:00,0.00045370,0.11941500
1726819200001,2024-09-20 08:00:00,0.00042668,0.11884358
1726833600000,2024-09-20 12:00:00,0.00005000,0.11996425
1726848000000,2024-09-20 16:00:00,0.00057545,0.12155000
1726862400001,2024-09-20 20:00:00,0.00005000,0.12137000
1726876800001,2024-09-21 00:00:00,0.00005000,0.12116000
1726891200000,2024-09-21 04:00:00,0.00005000,0.12269750
1726905600000,2024-09-21 08:00:00,0.00009648,0.13618250
1726920000000,2024-09-21 12:00:00,0.00005818,0.13450000
1726934400000,2024-09-21 16:00:00,0.00005000,0.13982917
1726948800000,2024-09-21 20:00:00,0.00005000,0.14558500
1726963200000,2024-09-22 00:00:00,0.00005000,0.14472000
1726977600000,2024-09-22 04:00:00,0.00038888,0.13776000
1726992000000,2024-09-22 08:00:00,0.00064152,0.13890383
1727006400000,2024-09-22 12:00:00,0.00042612,0.13906000
1727020800000,2024-09-22 16:00:00,0.00053761,0.13320000
1727035200000,2024-09-22 20:00:00,0.00005000,0.13424250
1727049600000,2024-09-23 00:00:00,0.00005000,0.13149000
1727064000000,2024-09-23 04:00:00,0.00005000,0.13473000
1727078400000,2024-09-23 08:00:00,0.00005000,0.13003492
1727092800001,2024-09-23 12:00:00,0.00005000,0.13020483
1727107200000,2024-09-23 16:00:00,0.00005000,0.13456500
1727121600001,2024-09-23 20:00:00,0.00005000,0.13621000
1727136000000,2024-09-24 00:00:00,0.00005000,0.13851925
1727150400000,2024-09-24 04:00:00,0.00005130,0.14180308
1727164800000,2024-09-24 08:00:00,0.00005000,0.13918000
1727179200001,2024-09-24 12:00:00,0.00013513,0.13809825
1727193600001,2024-09-24 16:00:00,0.00005000,0.14364000
1727208000006,2024-09-24 20:00:00,0.00005000,0.15064933
1727222400000,2024-09-25 00:00:00,0.00005000,0.15336000
1727236800015,2024-09-25 04:00:00,0.00005000,0.16214000
1727251200003,2024-09-25 08:00:00,0.00005000,0.15609917
1727265600002,2024-09-25 12:00:00,0.00012400,0.15523750
1727280000000,2024-09-25 16:00:00,0.00005000,0.14530542
1727294400000,2024-09-25 20:00:00,0.00005000,0.14225950
1727308800005,2024-09-26 00:00:00,0.00005000,0.13891250
1727323200000,2024-09-26 04:00:00,0.00005000,0.13580000
1727337600000,2024-09-26 08:00:00,0.00005000,0.13702422
1727352000005,2024-09-26 12:00:00,0.00005000,0.14106000
1727366400000,2024-09-26 16:00:00,0.00005000,0.14279617
1727380800000,2024-09-26 20:00:00,0.00005000,0.15115000
1727395200000,2024-09-27 00:00:00,0.00011915,0.15585425
1727409600000,2024-09-27 04:00:00,0.00017181,0.15888250
1727424000000,2024-09-27 08:00:00,0.00005000,0.16194259
1727438400000,2024-09-27 12:00:00,-0.00008357,0.15537250
1727452800000,2024-09-27 16:00:00,0.00005000,0.15671250
1727467200000,2024-09-27 20:00:00,0.00005000,0.15713167
1727481600000,2024-09-28 00:00:00,0.00007954,0.15881422
1727496000001,2024-09-28 04:00:00,0.00023685,0.16670633
1727510400001,2024-09-28 08:00:00,0.00014753,0.16169500
1727524800000,2024-09-28 12:00:00,0.00038646,0.15745000
1727539200000,2024-09-28 16:00:00,0.00049690,0.15259000
1727553600000,2024-09-28 20:00:00,0.00005000,0.15097000
1727568000001,2024-09-29 00:00:00,0.00006561,0.15204175
1727582400000,2024-09-29 04:00:00,0.00011318,0.15153000
1727596800000,2024-09-29 08:00:00,0.00018098,0.14493950
1727611200000,2024-09-29 12:00:00,0.00014743,0.14818000
1727625600000,2024-09-29 16:00:00,0.00024471,0.14584750
1727640000000,2024-09-29 20:00:00,0.00005000,0.15249000
1727654400000,2024-09-30 00:00:00,0.00005000,0.15239000
1727668800001,2024-09-30 04:00:00,0.00020428,0.14811950
1727683200001,2024-09-30 08:00:00,0.00015268,0.14881000
1727697600000,2024-09-30 12:00:00,0.00005000,0.14159000
1727712000000,2024-09-30 16:00:00,-0.00008545,0.13644858
1727726400000,2024-09-30 20:00:00,-0.00026901,0.13961000
1727740800000,2024-10-01 00:00:00,-0.00182285,0.13530517
1727755200001,2024-10-01 04:00:00,0.00005000,0.14319000
1727769600000,2024-10-01 08:00:00,0.00005000,0.14244250
1727784000000,2024-10-01 12:00:00,0.00005000,0.14052050
1727798400001,2024-10-01 16:00:00,-0.00040922,0.12532450
1727812800000,2024-10-01 20:00:00,-0.00094592,0.11751000
1727827200000,2024-10-02 00:00:00,0.00005000,0.11594342
1727841600000,2024-10-02 04:00:00,0.00005000,0.11806000
1727856000000,2024-10-02 08:00:00,0.00005000,0.12114758
1727870400000,2024-10-02 12:00:00,0.00005000,0.11744000
1727884800000,2024-10-02 16:00:00,0.00005000,0.11775142
1727899200000,2024-10-02 20:00:00,0.00005000,0.10788150
1727913600000,2024-10-03 00:00:00,0.00005000,0.10913900
1727928000000,2024-10-03 04:00:00,0.00005000,0.11315500
1727942400000,2024-10-03 08:00:00,0.00005000,0.10954000
1727956800000,2024-10-03 12:00:00,0.00005000,0.10930750
1727971200000,2024-10-03 16:00:00,0.00005000,0.10674500
1727985600000,2024-10-03 20:00:00,0.00005000,0.10854000
1728000000000,2024-10-04 00:00:00,0.00005000,0.10807692
1728014400000,2024-10-04 04:00:00,0.00005000,0.11041500
1728028800000,2024-10-04 08:00:00,0.00005000,0.11341708
1728043200000,2024-10-04 12:00:00,0.00005000,0.11556600
1728057600001,2024-10-04 16:00:00,0.00005000,0.11531383
1728072000000,2024-10-04 20:00:00,-0.00011628,0.11939250
1728086400000,2024-10-05 00:00:00,0.00005000,0.12015300
1728100800000,2024-10-05 04:00:00,-0.00020123,0.11969150
1728115200000,2024-10-05 08:00:00,0.00005000,0.12139692
1728129600000,2024-10-05 12:00:00,0.00027860,0.12111000
1728144000000,2024-10-05 16:00:00,0.00005000,0.11958250
1728158400000,2024-10-05 20:00:00,0.00005000,0.11585000
1728172800000,2024-10-06 00:00:00,0.00005000,0.11878250
1728187200001,2024-10-06 04:00:00,0.00005000,0.11911058
1728201600001,2024-10-06 08:00:00,0.00005000,0.11976208
1728216000000,2024-10-06 12:00:00,0.00011699,0.12450342
1728230400000,2024-10-06 16:00:00,0.00008247,0.13286672
1728244800000,2024-10-06 20:00:00,0.00012498,0.13361000
1728259200000,2024-10-07 00:00:00,0.00014993,0.13603458
1728273600000,2024-10-07 04:00:00,0.00033171,0.13903992
1728288000000,2024-10-07 08:00:00,0.00040728,0.13670000
1728302400000,2024-10-07 12:00:00,0.00048300,0.13505000
1728316800001,2024-10-07 16:00:00,0.00022387,0.13287642
1728331200000,2024-10-07 20:00:00,0.00045479,0.13689500
1728345600000,2024-10-08 00:00:00,0.00009509,0.13257367
1728360000000,2024-10-08 04:00:00,0.00083455,0.13597150
1728374400000,2024-10-08 08:00:00,0.00005000,0.13422842
1728388800000,2024-10-08 12:00:00,0.00018265,0.13636000
1728403200000,2024-10-08 16:00:00,0.00011063,0.12831733
1728417600000,2024-10-08 20:00:00,0.00008980,0.12989000
1728432000000,2024-10-09 00:00:00,0.00020680,0.12855250
1728446400000,2024-10-09 04:00:00,0.00030568,0.13127000
1728460800000,2024-10-09 08:00:00,0.00005000,0.12971000
1728475200000,2024-10-09 12:00:00,0.00032147,0.13279917
1728489600000,2024-10-09 16:00:00,0.00024569,0.12999638
1728504000000,2024-10-09 20:00:00,0.00005000,0.12250000
1728518400000,2024-10-10 00:00:00,0.00005000,0.12178000
1728532800000,2024-10-10 04:00:00,0.00005000,0.12182000
1728547200000,2024-10-10 08:00:00,0.00005000,0.12122000
1728561600000,2024-10-10 12:00:00,0.00005647,0.12209000
1728576000000,2024-10-10 16:00:00,0.00010909,0.11792108
1728590400000,2024-10-10 20:00:00,0.00009214,0.11684000
1728604800000,2024-10-11 00:00:00,0.00008316,0.12883750
1728619200000,2024-10-11 04:00:00,0.00005000,0.12649000
1728633600000,2024-10-11 08:00:00,0.00005000,0.12603550
1728648000000,2024-10-11 12:00:00,0.00005000,0.12854750
1728662400001,2024-10-11 16:00:00,0.00005000,0.13032000
1728676800000,2024-10-11 20:00:00,0.00005000,0.13334000
1728691200000,2024-10-12 00:00:00,0.00005000,0.13170642
1728705600001,2024-10-12 04:00:00,0.00005000,0.13034629
1728720000001,2024-10-12 08:00:00,0.00006489,0.13330308
1728734400000,2024-10-12 12:00:00,0.00005000,0.13673583
1728748800000,2024-10-12 16:00:00,0.00005000,0.13121000
1728763200000,2024-10-12 20:00:00,0.00005000,0.12886325
1728777600000,2024-10-13 00:00:00,0.00005000,0.12987000
1728792000001,2024-10-13 04:00:00,0.00005000,0.12672000
1728806400000,2024-10-13 08:00:00,0.00005386,0.12797000
1728820800000,2024-10-13 12:00:00,0.00005886,0.12739242
1728835200000,2024-10-13 16:00:00,0.00019435,0.12313000
1728849600000,2024-10-13 20:00:00,0.00005000,0.12530258
1728864000000,2024-10-14 00:00:00,0.00020280,0.13175875
1728878400000,2024-10-14 04:00:00,0.00022166,0.13787058
1728892800000,2024-10-14 08:00:00,0.00013166,0.13849000
1728907200000,2024-10-14 12:00:00,0.00026306,0.13856000
1728921600000,2024-10-14 16:00:00,0.00005000,0.14230250
1728936000000,2024-10-14 20:00:00,0.00026058,0.14426000
1728950400000,2024-10-15 00:00:00,0.00012930,0.14577000
1728964800000,2024-10-15 04:00:00,0.00005000,0.14009500
1728979200000,2024-10-15 08:00:00,0.00012621,0.14049250
1728993600000,2024-10-15 12:00:00,0.00005000,0.13101750
1729008000000,2024-10-15 16:00:00,0.00005000,0.12869500
1729022400000,2024-10-15 20:00:00,0.00005000,0.13020358
1729036800000,2024-10-16 00:00:00,0.00005000,0.13187258
1729051200000,2024-10-16 04:00:00,0.00005000,0.13239883
1729065600001,2024-10-16 08:00:00,0.00005000,0.12627940
1729080000000,2024-10-16 12:00:00,0.00011841,0.13093500
1729094400000,2024-10-16 16:00:00,0.00005000,0.12642508
1729108800000,2024-10-16 20:00:00,0.00005000,0.12293000
1729123200000,2024-10-17 00:00:00,-0.00066045,0.12357000
1729137600001,2024-10-17 04:00:00,0.00005000,0.12561000
1729152000000,2024-10-17 08:00:00,0.00018963,0.12165517
1729166400000,2024-10-17 12:00:00,0.00005000,0.11804750
1729180800001,2024-10-17 16:00:00,0.00005000,0.12285302
1729195200007,2024-10-17 20:00:00,0.00005000,0.11976000
1729209600010,2024-10-18 00:00:00,0.00018297,0.12133275
1729224000000,2024-10-18 04:00:00,0.00005000,0.12415542
1729238400001,2024-10-18 08:00:00,0.00005000,0.12434000
1729252800000,2024-10-18 12:00:00,0.00012433,0.12390526
1729267200000,2024-10-18 16:00:00,0.00021254,0.12553500
1729281600000,2024-10-18 20:00:00,0.00005000,0.12710000
1729296000000,2024-10-19 00:00:00,0.00014860,0.12770000
1729310400000,2024-10-19 04:00:00,0.00005000,0.13065000
1729324800000,2024-10-19 08:00:00,0.00005000,0.12851310
1729339200000,2024-10-19 12:00:00,0.00019655,0.12321517
1729353600000,2024-10-19 16:00:00,0.00005000,0.12433388
1729368000000,2024-10-19 20:00:00,0.00034484,0.12345000
1729382400000,2024-10-20 00:00:00,0.00023051,0.13061000
1729396800000,2024-10-20 04:00:00,0.00005000,0.12515000
1729411200000,2024-10-20 08:00:00,0.00008014,0.13026000
1729425600000,2024-10-20 12:00:00,0.00007315,0.13049525
1729440000000,2024-10-20 16:00:00,0.00005000,0.13106000
1729454400000,2024-10-20 20:00:00,0.00005000,0.13118000
1729468800000,2024-10-21 00:00:00,0.00005000,0.13294000
1729483200000,2024-10-21 04:00:00,0.00052032,0.12990000
1729497600000,2024-10-21 08:00:00,0.00005000,0.12775758
1729512000000,2024-10-21 12:00:00,0.00005000,0.12615000
1729526400000,2024-10-21 16:00:00,0.00005000,0.12564600
1729540800000,2024-10-21 20:00:00,0.00026897,0.12549000
1729555200000,2024-10-22 00:00:00,0.00005000,0.12314000
1729569600000,2024-10-22 04:00:00,0.00005000,0.12380000
1729584000000,2024-10-22 08:00:00,0.00005000,0.12351667
1729598400000,2024-10-22 12:00:00,0.00031494,0.12182500
1729612800000,2024-10-22 16:00:00,0.00005000,0.12124750
1729627200000,2024-10-22 20:00:00,0.00019741,0.12097817
1729641600000,2024-10-23 00:00:00,0.00005000,0.12120042
1729656000000,2024-10-23 04:00:00,0.00006930,0.11868250
1729670400000,2024-10-23 08:00:00,0.00005000,0.11749217
1729684800000,2024-10-23 12:00:00,0.00005000,0.11546758
1729699200000,2024-10-23 16:00:00,0.00005000,0.11447250
1729713600001,2024-10-23 20:00:00,0.00005000,0.11170250
1729728000000,2024-10-24 00:00:00,0.00005000,0.11163000
1729742400001,2024-10-24 04:00:00,0.00005000,0.11277517
1729756800000,2024-10-24 08:00:00,0.00005000,0.11138983
1729771200000,2024-10-24 12:00:00,0.00036562,0.11075617
1729785600000,2024-10-24 16:00:00,0.00005000,0.11258000
1729800000000,2024-10-24 20:00:00,0.00005000,0.11455333
1729814400000,2024-10-25 00:00:00,0.00005000,0.11548000
1729828800001,2024-10-25 04:00:00,0.00005000,0.11421000
1729843200000,2024-10-25 08:00:00,0.00052863,0.11247883
1729857600000,2024-10-25 12:00:00,0.00029240,0.11511533
1729872000000,2024-10-25 16:00:00,0.00005000,0.11228000
1729886400000,2024-10-25 20:00:00,0.00053382,0.11225000
1729900800000,2024-10-26 00:00:00,0.00005000,0.10036250
1729915200001,2024-10-26 04:00:00,0.00005000,0.10071000
1729929600001,2024-10-26 08:00:00,0.00005000,0.10071250
1729944000000,2024-10-26 12:00:00,-0.00015576,0.10204000
1729958400000,2024-10-26 16:00:00,-0.00013438,0.09735000
1729972800001,2024-10-26 20:00:00,0.00005000,0.10022000
1729987200000,2024-10-27 00:00:00,-0.00018121,0.10057858
1730001600000,2024-10-27 04:00:00,0.00017532,0.10238600
1730016000000,2024-10-27 08:00:00,0.00005000,0.10248208
1730030400000,2024-10-27 12:00:00,0.00005000,0.10087033
1730044800000,2024-10-27 16:00:00,0.00017768,0.10274942
1730059200000,2024-10-27 20:00:00,0.00005000,0.10258392
1730073600000,2024-10-28 00:00:00,0.00010569,0.10484458
1730088000000,2024-10-28 04:00:00,0.00005000,0.09995000
1730102400001,2024-10-28 08:00:00,0.00037221,0.10633250
1730116800001,2024-10-28 12:00:00,0.00043066,0.10533825
1730131200000,2024-10-28 16:00:00,0.00005000,0.10371000
1730145600000,2024-10-28 20:00:00,0.00005000,0.10611050
1730160000000,2024-10-29 00:00:00,0.00005000,0.10878250
1730174400000,2024-10-29 04:00:00,0.00005000,0.11470862
1730188800000,2024-10-29 08:00:00,0.00005000,0.11244425
1730203200001,2024-10-29 12:00:00,0.00016492,0.11208000
1730217600004,2024-10-29 16:00:00,0.00026622,0.11311000
1730232000000,2024-10-29 20:00:00,0.00012517,0.11224500
1730246400000,2024-10-30 00:00:00,0.00005000,0.11402000
1730260800000,2024-10-30 04:00:00,0.00020371,0.11279158
1730275200000,2024-10-30 08:00:00,0.00005000,0.11096500
1730289600006,2024-10-30 12:00:00,0.00018422,0.10689784
1730304000013,2024-10-30 16:00:00,0.00036854,0.10930474
1730318400000,2024-10-30 20:00:00,0.00027647,0.10862000
1730332800000,2024-10-31 00:00:00,0.00020630,0.10880000
1730347200000,2024-10-31 04:00:00,0.00005000,0.10678642
1730361600000,2024-10-31 08:00:00,0.00021393,0.10597000
1730376000000,2024-10-31 12:00:00,0.00022772,0.10406000
1730390400000,2024-10-31 16:00:00,0.00005268,0.10142000
1730404800000,2024-10-31 20:00:00,0.00005000,0.09609750
1730419200000,2024-11-01 00:00:00,0.00005000,0.09774508
1730433600000,2024-11-01 04:00:00,0.00005000,0.09678000
1730448000000,2024-11-01 08:00:00,0.00005000,0.09498000
1730462400000,2024-11-01 12:00:00,0.00005000,0.09667379
1730476800000,2024-11-01 16:00:00,0.00005000,0.09541000
1730491200001,2024-11-01 20:00:00,0.00005000,0.09705000
1730505600000,2024-11-02 00:00:00,0.00005000,0.09743217
1730520000000,2024-11-02 04:00:00,0.00005000,0.09919000
1730534400000,2024-11-02 08:00:00,0.00005000,0.09826000
1730548800000,2024-11-02 12:00:00,0.00017523,0.09817000
1730563200000,2024-11-02 16:00:00,0.00007891,0.09565000
1730577600001,2024-11-02 20:00:00,0.00006817,0.09524300
1730592000000,2024-11-03 00:00:00,0.00005000,0.09462759
1730606400000,2024-11-03 04:00:00,0.00005000,0.09070467
1730620800000,2024-11-03 08:00:00,0.00005000,0.09041000
1730635200000,2024-11-03 12:00:00,0.00005000,0.09087500
1730649600000,2024-11-03 16:00:00,0.00005000,0.08961017
1730664000000,2024-11-03 20:00:00,0.00005000,0.08957000
1730678400000,2024-11-04 00:00:00,0.00005000,0.09120000
1730692800000,2024-11-04 04:00:00,0.00005000,0.09439000
1730707200000,2024-11-04 08:00:00,0.00005000,0.09271367
1730721600000,2024-11-04 12:00:00,0.00005000,0.09401603
1730736000000,2024-11-04 16:00:00,0.00005000,0.09205000
1730750400000,2024-11-04 20:00:00,0.00007260,0.09104000
1730764800000,2024-11-05 00:00:00,0.00005000,0.08880125
1730779200000,2024-11-05 04:00:00,0.00005000,0.09211058
1730793600003,2024-11-05 08:00:00,0.00005000,0.09371275
1730808000001,2024-11-05 12:00:00,0.00005000,0.09395500
1730822400001,2024-11-05 16:00:00,0.00005000,0.09620875
1730836800000,2024-11-05 20:00:00,0.00005000,0.09368750
1730851200000,2024-11-06 00:00:00,0.00005000,0.09554833
1730865600000,2024-11-06 04:00:00,0.00005000,0.10233108
1730880000000,2024-11-06 08:00:00,0.00005000,0.10137000
1730894400001,2024-11-06 12:00:00,0.00006222,0.10193442
1730908800000,2024-11-06 16:00:00,0.00024609,0.10151000
1730923200001,2024-11-06 20:00:00,0.00008161,0.10402108
1730937600000,2024-11-07 00:00:00,0.00023510,0.11026292
1730952000000,2024-11-07 04:00:00,0.00005000,0.11138000
1730966400000,2024-11-07 08:00:00,0.00009634,0.11639633
1730980800000,2024-11-07 12:00:00,0.00011497,0.11674550
1730995200000,2024-11-07 16:00:00,0.00034936,0.11920000
1731009600000,2024-11-07 20:00:00,0.00005000,0.12145583
1731024000000,2024-11-08 00:00:00,0.00020923,0.11945783
1731038400000,2024-11-08 04:00:00,0.00044796,0.11511342
1731052800000,2024-11-08 08:00:00,0.00020355,0.11571750
1731067200000,2024-11-08 12:00:00,0.00012993,0.11660100
1731081600000,2024-11-08 16:00:00,0.00030557,0.11386000
1731096000000,2024-11-08 20:00:00,0.00005000,0.11262392
1731110400000,2024-11-09 00:00:00,0.00005000,0.11392000
1731124800000,2024-11-09 04:00:00,0.00042734,0.10897000
1731139200000,2024-11-09 08:00:00,0.00018338,0.12379000
1731153600000,2024-11-09 12:00:00,0.00031614,0.12252500
1731168000000,2024-11-09 16:00:00,0.00047965,0.12019241
1731182400000,2024-11-09 20:00:00,0.00038957,0.11747000
1731196800000,2024-11-10 00:00:00,0.00029970,0.12081000
1731211200000,2024-11-10 04:00:00,0.00014970,0.12229500
1731225600000,2024-11-10 08:00:00,0.00048571,0.12192467
1731240000000,2024-11-10 12:00:00,0.00041151,0.12665000
1731254400000,2024-11-10 16:00:00,0.00066130,0.12826042
1731268800000,2024-11-10 20:00:00,0.00067336,0.12356397
1731283200001,2024-11-11 00:00:00,0.00035616,0.12023250
1731297600000,2024-11-11 04:00:00,0.00058537,0.13943750
1731312000000,2024-11-11 08:00:00,0.00005000,0.12261792
1731326400000,2024-11-11 12:00:00,0.00005000,0.12807725
1731340800000,2024-11-11 16:00:00,0.00005000,0.12342000
1731355200000,2024-11-11 20:00:00,0.00005000,0.12681000
1731369600002,2024-11-12 00:00:00,0.00026399,0.13157000
1731384000000,2024-11-12 04:00:00,0.00037506,0.12771733
1731398400000,2024-11-12 08:00:00,0.00049775,0.12817450
1731412800000,2024-11-12 12:00:00,0.00005000,0.11168675
1731427200000,2024-11-12 16:00:00,0.00012753,0.10806000
1731441600000,2024-11-12 20:00:00,0.00010961,0.11110250
1731456000000,2024-11-13 00:00:00,0.00036357,0.11435000
1731470400000,2024-11-13 04:00:00,0.00005000,0.10418750
1731484800010,2024-11-13 08:00:00,0.00023244,0.10321275
1731499200001,2024-11-13 12:00:00,0.00062617,0.10320067
1731513600000,2024-11-13 16:00:00,0.00017881,0.11074442
1731528000000,2024-11-13 20:00:00,0.00005000,0.11135500
1731542400001,2024-11-14 00:00:00,0.00005000,0.11835000
1731556800000,2024-11-14 04:00:00,0.00060975,0.12068958
1731571200000,2024-11-14 08:00:00,0.00038953,0.11774250
1731585600001,2024-11-14 12:00:00,0.00022775,0.11452000
1731600000000,2024-11-14 16:00:00,0.00038085,0.11010917
1731614400000,2024-11-14 20:00:00,0.00052089,0.11304608
1731628800000,2024-11-15 00:00:00,0.00015439,0.10669783
1731643200001,2024-11-15 04:00:00,0.00005000,0.10555092
1731657600000,2024-11-15 08:00:00,0.00005000,0.10528000
1731672000000,2024-11-15 12:00:00,0.00022517,0.11138000
1731686400000,2024-11-15 16:00:00,0.00005000,0.10380425
1731700800000,2024-11-15 20:00:00,0.00018119,0.10913917
1731715200001,2024-11-16 00:00:00,0.00034078,0.11308069
1731729600001,2024-11-16 04:00:00,0.00041357,0.11256283
1731744000001,2024-11-16 08:00:00,0.00048262,0.11023000
1731758400000,2024-11-16 12:00:00,0.00068911,0.11295000
1731772800000,2024-11-16 16:00:00,0.00046318,0.10775595
1731787200000,2024-11-16 20:00:00,0.00016482,0.11396000
1731801600000,2024-11-17 00:00:00,0.00029086,0.11624575
1731816000000,2024-11-17 04:00:00,0.00045686,0.11044208
1731830400000,2024-11-17 08:00:00,0.00045370,0.11489000
1731844800000,2024-11-17 12:00:00,0.00040694,0.11044000
1731859200001,2024-11-17 16:00:00,0.00020231,0.11253000
1731873600001,2024-11-17 20:00:00,0.00035582,0.10989858
1731888000000,2024-11-18 00:00:00,0.00005000,0.10929775
1731902400000,2024-11-18 04:00:00,0.00005000,0.11126875
1731916800000,2024-11-18 08:00:00,0.00050353,0.11444897
1731931200000,2024-11-18 12:00:00,0.00031270,0.10811000
1731945600000,2024-11-18 16:00:00,0.00081260,0.11128233
1731960000000,2024-11-18 20:00:00,0.00041157,0.10777000
1731974400000,2024-11-19 00:00:00,0.00064447,0.11157500
1731988800000,2024-11-19 04:00:00,0.00053378,0.10826500
1732003200000,2024-11-19 08:00:00,0.00056705,0.10614975
1732017600000,2024-11-19 12:00:00,0.00049564,0.10555000
1732032000000,2024-11-19 16:00:00,0.00022762,0.10454000
1732046400001,2024-11-19 20:00:00,0.00009451,0.10714500
1732060800003,2024-11-20 00:00:00,0.00037779,0.10607925
1732075200000,2024-11-20 04:00:00,0.00029137,0.10252000
1732089600000,2024-11-20 08:00:00,0.00009158,0.10275000
1732104000000,2024-11-20 12:00:00,0.00008552,0.10062192
1732118400000,2024-11-20 16:00:00,0.00005000,0.10028092
1732132800000,2024-11-20 20:00:00,0.00005000,0.09251000
1732147200001,2024-11-21 00:00:00,0.00005000,0.09274000
1732161600000,2024-11-21 04:00:00,-0.00010405,0.09147700
1732176000000,2024-11-21 08:00:00,0.00005000,0.09563000
1732190400000,2024-11-21 12:00:00,0.00037864,0.09463150
1732204800001,2024-11-21 16:00:00,0.00057294,0.09843457
1732219200000,2024-11-21 20:00:00,0.00048105,0.09976933
1732233600000,2024-11-22 00:00:00,0.00044848,0.09948000
1732248000000,2024-11-22 04:00:00,0.00050720,0.10068000
1732262400000,2024-11-22 08:00:00,0.00024369,0.09702442
1732276800000,2024-11-22 12:00:00,0.00066852,0.09767000
1732291200001,2024-11-22 16:00:00,0.00034175,0.09694500
1732305600000,2024-11-22 20:00:00,0.00029501,0.09496933
1732320000000,2024-11-23 00:00:00,0.00064738,0.10089567
1732334400000,2024-11-23 04:00:00,0.00026133,0.10004000
1732348800000,2024-11-23 08:00:00,0.00052447,0.10321158
1732363200000,2024-11-23 12:00:00,0.00036783,0.10200000
1732377600000,2024-11-23 16:00:00,0.00067071,0.10392922
1732392000000,2024-11-23 20:00:00,0.00050263,0.10096000
1732406400001,2024-11-24 00:00:00,0.00066763,0.10195000
1732420800000,2024-11-24 04:00:00,0.00068408,0.10660708
1732435200000,2024-11-24 08:00:00,0.00045380,0.10546000
1732449600000,2024-11-24 12:00:00,0.00017413,0.09859000
1732464000000,2024-11-24 16:00:00,0.00024112,0.09504621
1732478400000,2024-11-24 20:00:00,0.00031899,0.09946250
1732492800000,2024-11-25 00:00:00,0.00032633,0.10336750
1732507200000,2024-11-25 04:00:00,0.00044738,0.10394858
1732521600000,2024-11-25 08:00:00,0.00036356,0.10170147
1732536000008,2024-11-25 12:00:00,0.00037950,0.10187008
1732550400000,2024-11-25 16:00:00,0.00039389,0.10091683
1732564800000,2024-11-25 20:00:00,0.00044611,0.10252908
1732579200000,2024-11-26 00:00:00,0.00053482,0.10172810
1732593600000,2024-11-26 04:00:00,0.00005000,0.10686000
1732608000000,2024-11-26 08:00:00,0.00010800,0.10261000
1732622400000,2024-11-26 12:00:00,0.00005000,0.09845000
1732636800000,2024-11-26 16:00:00,0.00005000,0.09375050
1732651200000,2024-11-26 20:00:00,0.00020561,0.09263950
1732665600000,2024-11-27 00:00:00,0.00022673,0.09543000
1732680000000,2024-11-27 04:00:00,0.00014430,0.09570800
1732694400000,2024-11-27 08:00:00,0.00013079,0.09652000
1732708800000,2024-11-27 12:00:00,0.00005000,0.09515750
1732723200001,2024-11-27 16:00:00,0.00027365,0.09802000
1732737600000,2024-11-27 20:00:00,0.00038690,0.09784000
1732752000000,2024-11-28 00:00:00,0.00056426,0.09852000
1732766400000,2024-11-28 04:00:00,0.00005000,0.09831700
1732780800000,2024-11-28 08:00:00,0.00005000,0.09935700
1732795200000,2024-11-28 12:00:00,0.00006956,0.10072000
1732809600000,2024-11-28 16:00:00,0.00005000,0.10002000
1732824000000,2024-11-28 20:00:00,0.00026248,0.10441517
1732838400000,2024-11-29 00:00:00,0.00014867,0.10397233
1732852800000,2024-11-29 04:00:00,0.00005265,0.10485000
1732867200000,2024-11-29 08:00:00,0.00005000,0.10073275
1732881600000,2024-11-29 12:00:00,0.00005000,0.10373375
1732896000000,2024-11-29 16:00:00,0.00006589,0.10362750
1732910400000,2024-11-29 20:00:00,0.00056083,0.10316000
1732924800000,2024-11-30 00:00:00,0.00005000,0.10550000
1732939200000,2024-11-30 04:00:00,0.00005000,0.10655575
1732953600000,2024-11-30 08:00:00,0.00068174,0.10615000
1732968000001,2024-11-30 12:00:00,0.00048728,0.10218000
1732982400000,2024-11-30 16:00:00,0.00046504,0.10338750
1732996800000,2024-11-30 20:00:00,0.00066208,0.10797000
1733011200000,2024-12-01 00:00:00,0.00030077,0.10953000
1733025600000,2024-12-01 04:00:00,0.00040806,0.10942208
1733040000000,2024-12-01 08:00:00,0.00038766,0.11043250
1733054400000,2024-12-01 12:00:00,0.00031558,0.10820000
1733068800000,2024-12-01 16:00:00,0.00053455,0.11233940
1733083200000,2024-12-01 20:00:00,0.00052567,0.10789000
1733097600001,2024-12-02 00:00:00,0.00053356,0.10707217
1733112000000,2024-12-02 04:00:00,0.00054079,0.10315750
1733126400001,2024-12-02 08:00:00,-0.00004035,0.10254000
1733140800000,2024-12-02 12:00:00,0.00005000,0.09853250
1733155200000,2024-12-02 16:00:00,0.00056604,0.10167500
1733169600001,2024-12-02 20:00:00,0.00037961,0.09902000
1733184000000,2024-12-03 00:00:00,0.00064560,0.10269000
1733198400000,2024-12-03 04:00:00,0.00058930,0.10301250
1733212800000,2024-12-03 08:00:00,0.00029554,0.10705758
1733227200001,2024-12-03 12:00:00,0.00068191,0.10671000
1733241600000,2024-12-03 16:00:00,0.00036431,0.11976000
1733256000000,2024-12-03 20:00:00,0.00056049,0.12428000
1733270400000,2024-12-04 00:00:00,0.00055307,0.12585000
1733284800000,2024-12-04 04:00:00,0.00089412,0.12257000
1733299200000,2024-12-04 08:00:00,0.00078028,0.12259000
1733313600000,2024-12-04 12:00:00,0.00054163,0.12634500
1733328000000,2024-12-04 16:00:00,0.00068926,0.12680650
1733342400000,2024-12-04 20:00:00,0.00079866,0.12492000
1733356800001,2024-12-05 00:00:00,0.00061084,0.12618000
1733371200000,2024-12-05 04:00:00,0.00061106,0.12049233
1733385600000,2024-12-05 08:00:00,0.00048382,0.12582317
1733400000000,2024-12-05 12:00:00,0.00035094,0.12437783
1733414400000,2024-12-05 16:00:00,0.00009258,0.12725642
1733428800000,2024-12-05 20:00:00,0.00036286,0.12231000
1733443200000,2024-12-06 00:00:00,0.00074511,0.12473000
1733457600001,2024-12-06 04:00:00,0.00099128,0.12573000
1733472000000,2024-12-06 08:00:00,0.00049867,0.13019000
1733486400001,2024-12-06 12:00:00,0.00070314,0.12270000
1733500800000,2024-12-06 16:00:00,0.00096033,0.12209875
1733515200001,2024-12-06 20:00:00,0.00042777,0.12448483
1733529600000,2024-12-07 00:00:00,0.00033260,0.12349000
1733544000000,2024-12-07 04:00:00,0.00058104,0.12582250
1733558400000,2024-12-07 08:00:00,0.00063285,0.12688417
1733572800000,2024-12-07 12:00:00,0.00012420,0.13227000
1733587200000,2024-12-07 16:00:00,0.00040606,0.13278000
1733601600000,2024-12-07 20:00:00,0.00051560,0.13190667
1733616000000,2024-12-08 00:00:00,0.00068346,0.13005000
1733630400000,2024-12-08 04:00:00,0.00039917,0.13323183
1733644800000,2024-12-08 08:00:00,0.00042683,0.13172750
1733659200001,2024-12-08 12:00:00,0.00041478,0.12743208
1733673600000,2024-12-08 16:00:00,0.00061554,0.12673784
1733688000000,2024-12-08 20:00:00,0.00088800,0.12641000
1733702400000,2024-12-09 00:00:00,0.00041217,0.12757000
1733716800000,2024-12-09 04:00:00,0.00040347,0.12172025
1733731200000,2024-12-09 08:00:00,0.00049017,0.12359750
1733745600000,2024-12-09 12:00:00,0.00021817,0.11460750
1733760000001,2024-12-09 16:00:00,0.00014580,0.11573000
1733774400012,2024-12-09 20:00:00,0.00024180,0.11475000
1733788800007,2024-12-10 00:00:00,-0.00063562,0.09753879
1733803200002,2024-12-10 04:00:00,-0.00036656,0.09336000
1733817600000,2024-12-10 08:00:00,-0.00008388,0.09576775
1733832000000,2024-12-10 12:00:00,0.00005000,0.09413292
1733846400000,2024-12-10 16:00:00,-0.00001463,0.08236500
1733860800001,2024-12-10 20:00:00,0.00005000,0.08360558
1733875200000,2024-12-11 00:00:00,0.00005000,0.08624958
1733889600000,2024-12-11 04:00:00,0.00005000,0.08689750
1733904000000,2024-12-11 08:00:00,0.00005000,0.08543000
1733918400000,2024-12-11 12:00:00,0.00005000,0.08943475
1733932800001,2024-12-11 16:00:00,0.00005000,0.09299000
1733947200000,2024-12-11 20:00:00,0.00019650,0.09613958
1733961600001,2024-12-12 00:00:00,0.00009001,0.09568000
1733976000000,2024-12-12 04:00:00,0.00016971,0.09631117
1733990400000,2024-12-12 08:00:00,0.00026459,0.09493958
1734004800000,2024-12-12 12:00:00,0.00018823,0.09285283
1734019200001,2024-12-12 16:00:00,0.00005000,0.09359725
1734033600000,2024-12-12 20:00:00,0.00005000,0.09123250
1734048000000,2024-12-13 00:00:00,0.00023456,0.09275450
1734062400000,2024-12-13 04:00:00,0.00010913,0.09350000
1734076800000,2024-12-13 08:00:00,0.00017127,0.09074250
1734091200000,2024-12-13 12:00:00,0.00044048,0.09195250
1734105600001,2024-12-13 16:00:00,0.00039647,0.08930292
1734120000001,2024-12-13 20:00:00,0.00045152,0.09040858
1734134400000,2024-12-14 00:00:00,0.00005000,0.09165417
1734148800000,2024-12-14 04:00:00,0.00023968,0.09063000
1734163200000,2024-12-14 08:00:00,0.00005000,0.09012083
1734177600000,2024-12-14 12:00:00,0.00005000,0.08997250
1734192000000,2024-12-14 16:00:00,0.00005000,0.08696808
1734206400000,2024-12-14 20:00:00,0.00034970,0.08456000
1734220800000,2024-12-15 00:00:00,0.00011357,0.08578000
1734235200000,2024-12-15 04:00:00,0.00009165,0.08383000
1734249600000,2024-12-15 08:00:00,0.00015342,0.08283508
1734264000000,2024-12-15 12:00:00,0.00005000,0.08606000
1734278400000,2024-12-15 16:00:00,0.00005000,0.08981000
1734292800001,2024-12-15 20:00:00,0.00005000,0.08878692
1734307200000,2024-12-16 00:00:00,0.00010130,0.09040350
1734321600000,2024-12-16 04:00:00,0.00005000,0.08906700
1734336000001,2024-12-16 08:00:00,0.00034391,0.08872000
1734350400000,2024-12-16 12:00:00,0.00034493,0.08362075
1734364800000,2024-12-16 16:00:00,0.00040691,0.08570000
1734379200000,2024-12-16 20:00:00,0.00028872,0.08759125
1734393600000,2024-12-17 00:00:00,0.00055077,0.08715000
1734408000000,2024-12-17 04:00:00,0.00016987,0.08703000
1734422400000,2024-12-17 08:00:00,0.00019221,0.08563142
1734436800000,2024-12-17 12:00:00,0.00011043,0.08745000
1734451200000,2024-12-17 16:00:00,0.00005000,0.08329000
1734465600000,2024-12-17 20:00:00,0.00005000,0.08525008
1734480000000,2024-12-18 00:00:00,0.00005000,0.08123500
1734494400000,2024-12-18 04:00:00,0.00005000,0.08036750
1734508800000,2024-12-18 08:00:00,0.00005000,0.07874000
1734523200000,2024-12-18 12:00:00,0.00022146,0.07972293
1734537600000,2024-12-18 16:00:00,0.00020838,0.07757000
1734552000000,2024-12-18 20:00:00,0.00005000,0.07523875
1734566400000,2024-12-19 00:00:00,0.00005000,0.06863750
1734580800000,2024-12-19 04:00:00,0.00005000,0.06811617
1734595200000,2024-12-19 08:00:00,-0.00001457,0.06712000
1734609600000,2024-12-19 12:00:00,-0.00001400,0.06774592
1734624000000,2024-12-19 16:00:00,0.00005000,0.06540167
1734638400000,2024-12-19 20:00:00,0.00005000,0.06104800
1734652800000,2024-12-20 00:00:00,0.00005000,0.06178000
1734667200001,2024-12-20 04:00:00,0.00005000,0.06533000
1734681600001,2024-12-20 08:00:00,0.00005000,0.06387500
1734696000000,2024-12-20 12:00:00,0.00005000,0.05548208
1734710400014,2024-12-20 16:00:00,0.00039427,0.06230000
1734724800000,2024-12-20 20:00:00,0.00064961,0.06386629
1734739200000,2024-12-21 00:00:00,0.00045880,0.06607000
1734753600000,2024-12-21 04:00:00,0.00015453,0.06668517
1734768000000,2024-12-21 08:00:00,0.00013382,0.06958000
1734782400000,2024-12-21 12:00:00,0.00016494,0.06723776
1734796800001,2024-12-21 16:00:00,0.00026866,0.06393042
1734811200000,2024-12-21 20:00:00,0.00011543,0.06155000
1734825600000,2024-12-22 00:00:00,0.00018474,0.06149917
1734840000000,2024-12-22 04:00:00,0.00005000,0.06163000
1734854400000,2024-12-22 08:00:00,0.00022936,0.06129009
1734868800000,2024-12-22 12:00:00,0.00005000,0.06366908
1734883200000,2024-12-22 16:00:00,0.00014789,0.06306883
1734897600000,2024-12-22 20:00:00,0.00005000,0.06091917
1734912000000,2024-12-23 00:00:00,0.00005000,0.06246000
1734926400000,2024-12-23 04:00:00,0.00010099,0.06468000
1734940800000,2024-12-23 08:00:00,0.00030607,0.06254017
1734955200000,2024-12-23 12:00:00,0.00005000,0.06258883
1734969600001,2024-12-23 16:00:00,0.00014693,0.06131500
1734984000000,2024-12-23 20:00:00,0.00017745,0.06347000
1734998400000,2024-12-24 00:00:00,0.00019292,0.06666183
1735012800000,2024-12-24 04:00:00,0.00038171,0.06558000
1735027200000,2024-12-24 08:00:00,0.00011196,0.06564000
1735041600000,2024-12-24 12:00:00,0.00026777,0.06631000
1735056000001,2024-12-24 16:00:00,0.00026444,0.06924000
1735070400000,2024-12-24 20:00:00,0.00008558,0.06716000
1735084800001,2024-12-25 00:00:00,0.00019558,0.06917133
1735099200001,2024-12-25 04:00:00,0.00015176,0.07024917
1735113600000,2024-12-25 08:00:00,0.00007236,0.06885733
1735128000000,2024-12-25 12:00:00,0.00009120,0.06831000
1735142400000,2024-12-25 16:00:00,0.00005000,0.06877917
1735156800000,2024-12-25 20:00:00,0.00040755,0.06801975
1735171200000,2024-12-26 00:00:00,0.00021915,0.06800000
1735185600001,2024-12-26 04:00:00,0.00035285,0.06604000
1735200000000,2024-12-26 08:00:00,0.00033005,0.06506600
1735214400000,2024-12-26 12:00:00,0.00007716,0.06367147
1735228800000,2024-12-26 16:00:00,0.00030541,0.06285817
1735243200001,2024-12-26 20:00:00,0.00015090,0.06193717
1735257600000,2024-12-27 00:00:00,0.00009776,0.06194422
1735272000000,2024-12-27 04:00:00,0.00005000,0.06273000
1735286400000,2024-12-27 08:00:00,0.00005250,0.06262000
1735300800000,2024-12-27 12:00:00,0.00005000,0.06762000
1735315200000,2024-12-27 16:00:00,0.00011601,0.06512000
1735329600001,2024-12-27 20:00:00,0.00011291,0.06591150
1735344000001,2024-12-28 00:00:00,0.00007083,0.06467942
1735358400000,2024-12-28 04:00:00,0.00017253,0.06418000
1735372800000,2024-12-28 08:00:00,0.00005000,0.06307000
1735387200000,2024-12-28 12:00:00,0.00005000,0.06414000
1735401600000,2024-12-28 16:00:00,0.00005000,0.06521000
1735416000000,2024-12-28 20:00:00,0.00005000,0.06690000
1735430400000,2024-12-29 00:00:00,0.00005000,0.06770833
1735444800000,2024-12-29 04:00:00,0.00005000,0.06767192
1735459200000,2024-12-29 08:00:00,0.00005000,0.06784000
1735473600000,2024-12-29 12:00:00,0.00008327,0.06659000
1735488000000,2024-12-29 16:00:00,0.00026717,0.06580750
1735502400000,2024-12-29 20:00:00,0.00027128,0.06397000
1735516800000,2024-12-30 00:00:00,0.00005000,0.06182000
1735531200001,2024-12-30 04:00:00,0.00005000,0.06467250
1735545600001,2024-12-30 08:00:00,0.00005000,0.06468442
1735560000000,2024-12-30 12:00:00,0.00005000,0.06515000
1735574400000,2024-12-30 16:00:00,0.00013843,0.06459250
1735588800000,2024-12-30 20:00:00,0.00012370,0.06633950
1735603200000,2024-12-31 00:00:00,0.00014448,0.06423717
1735617600000,2024-12-31 04:00:00,0.00005000,0.06213500
1735632000000,2024-12-31 08:00:00,0.00005000,0.06302500
1735646400001,2024-12-31 12:00:00,0.00021475,0.06389000
1735660800000,2024-12-31 16:00:00,0.00005000,0.06455000
1735675200000,2024-12-31 20:00:00,0.00026895,0.06455792
1735689600015,2025-01-01 00:00:00,0.00005000,0.06348000
1735704000004,2025-01-01 04:00:00,0.00005000,0.06401650
1735718400000,2025-01-01 08:00:00,0.00005000,0.06377000
1735732800002,2025-01-01 12:00:00,0.00005000,0.06328000
1735747200001,2025-01-01 16:00:00,0.00053406,0.06369375
1735761600000,2025-01-01 20:00:00,0.00013497,0.06442175
1735776000000,2025-01-02 00:00:00,0.00038309,0.06425000
1735790400000,2025-01-02 04:00:00,0.00021127,0.06417683
1735804800006,2025-01-02 08:00:00,0.00049429,0.06529000
1735819200007,2025-01-02 12:00:00,0.00037059,0.06605000
1735833600000,2025-01-02 16:00:00,0.00031757,0.06575000
1735848000001,2025-01-02 20:00:00,0.00035608,0.06589000
1735862400000,2025-01-03 00:00:00,0.00066435,0.06592000
1735876800001,2025-01-03 04:00:00,0.00035754,0.06568517
1735891200000,2025-01-03 08:00:00,0.00024778,0.06429000
1735905600000,2025-01-03 12:00:00,0.00050503,0.06718750
1735920000000,2025-01-03 16:00:00,0.00020237,0.06848000
1735934400001,2025-01-03 20:00:00,0.00026841,0.06942983
1735948800000,2025-01-04 00:00:00,0.00005000,0.07095808
1735963200000,2025-01-04 04:00:00,0.00035124,0.07064617
1735977600000,2025-01-04 08:00:00,0.00005000,0.07780250
1735992000000,2025-01-04 12:00:00,0.00026708,0.07300667
1736006400000,2025-01-04 16:00:00,0.00005000,0.07284000
1736020800001,2025-01-04 20:00:00,0.00005000,0.07452783
1736035200000,2025-01-05 00:00:00,0.00005000,0.07482000
1736049600000,2025-01-05 04:00:00,0.00005000,0.07435767
1736064000000,2025-01-05 08:00:00,0.00024946,0.07346250
1736078400000,2025-01-05 12:00:00,0.00024147,0.07311750
1736092800000,2025-01-05 16:00:00,0.00034580,0.07277000
1736107200000,2025-01-05 20:00:00,0.00037101,0.07287267
1736121600000,2025-01-06 00:00:00,0.00029188,0.07319000
1736136000000,2025-01-06 04:00:00,0.00041851,0.07376458
1736150400001,2025-01-06 08:00:00,0.00028935,0.07287250
1736164800000,2025-01-06 12:00:00,0.00043008,0.07346300
1736179200000,2025-01-06 16:00:00,0.00028815,0.07435583
1736193600000,2025-01-06 20:00:00,0.00047957,0.07380758
1736208000000,2025-01-07 00:00:00,0.00033735,0.07312000
1736222400000,2025-01-07 04:00:00,0.00046562,0.07133000
1736236800000,2025-01-07 08:00:00,0.00048232,0.07019000
1736251200001,2025-01-07 12:00:00,0.00052286,0.06865000
1736265600008,2025-01-07 16:00:00,0.00005072,0.06404500
1736280000000,2025-01-07 20:00:00,0.00005000,0.06149167
1736294400001,2025-01-08 00:00:00,0.00005000,0.06041250
1736308800006,2025-01-08 04:00:00,0.00005726,0.05949000
1736323200000,2025-01-08 08:00:00,0.00019937,0.05786000
1736337600000,2025-01-08 12:00:00,0.00019057,0.05671000
1736352000000,2025-01-08 16:00:00,0.00013502,0.05668908
1736366400000,2025-01-08 20:00:00,0.00005000,0.05218625
1736380800000,2025-01-09 00:00:00,0.00027306,0.05268575
1736395200001,2025-01-09 04:00:00,0.00005000,0.05274000
1736409600000,2025-01-09 08:00:00,0.00005000,0.05135000
1736424000000,2025-01-09 12:00:00,0.00031984,0.05320000
1736438400000,2025-01-09 16:00:00,0.00025373,0.05333000
1736452800000,2025-01-09 20:00:00,0.00014028,0.05128000
1736467200000,2025-01-10 00:00:00,0.00010482,0.05247000
1736481600000,2025-01-10 04:00:00,0.00005000,0.05363000
1736496000000,2025-01-10 08:00:00,0.00010080,0.05536000
1736510400000,2025-01-10 12:00:00,0.00005000,0.05517525
1736524800000,2025-01-10 16:00:00,0.00005000,0.05344000
1736539200001,2025-01-10 20:00:00,0.00005000,0.05461000
1736553600000,2025-01-11 00:00:00,0.00005000,0.05460000
1736568000000,2025-01-11 04:00:00,0.00005000,0.05366517
1736582400000,2025-01-11 08:00:00,0.00005000,0.05382000
1736596800000,2025-01-11 12:00:00,0.00005330,0.05438000
1736611200000,2025-01-11 16:00:00,0.00005000,0.05362750
1736625600000,2025-01-11 20:00:00,0.00005000,0.05368241
1736640000000,2025-01-12 00:00:00,0.00005000,0.05392608
1736654400000,2025-01-12 04:00:00,0.00005000,0.05385600
1736668800000,2025-01-12 08:00:00,0.00011586,0.05336000
1736683200000,2025-01-12 12:00:00,0.00005000,0.05315750
1736697600000,2025-01-12 16:00:00,0.00005000,0.05376000
1736712000000,2025-01-12 20:00:00,0.00005000,0.05315867
1736726400000,2025-01-13 00:00:00,0.00005000,0.05242267
1736740800000,2025-01-13 04:00:00,0.00005000,0.05057750
1736755200000,2025-01-13 08:00:00,0.00005000,0.04974400
1736769600000,2025-01-13 12:00:00,0.00005000,0.04597000
1736784000000,2025-01-13 16:00:00,0.00009280,0.04730000
1736798400000,2025-01-13 20:00:00,0.00005000,0.04557000
1736812800000,2025-01-14 00:00:00,0.00030272,0.04802000
1736827200000,2025-01-14 04:00:00,0.00012767,0.04827000
1736841600000,2025-01-14 08:00:00,0.00005000,0.04868844
1736856000000,2025-01-14 12:00:00,0.00005000,0.04986971
1736870400000,2025-01-14 16:00:00,0.00005000,0.05030422
1736884800000,2025-01-14 20:00:00,0.00030173,0.05065667
1736899200000,2025-01-15 00:00:00,0.00005000,0.05129144
1736913600000,2025-01-15 04:00:00,0.00022472,0.05087583
1736928000000,2025-01-15 08:00:00,0.00016989,0.05037333
1736942400000,2025-01-15 12:00:00,0.00033207,0.04874628
1736956800000,2025-01-15 16:00:00,0.00026041,0.05298000
1736971200000,2025-01-15 20:00:00,0.00048157,0.05472333
1736985600000,2025-01-16 00:00:00,0.00060548,0.05493061
1737000000000,2025-01-16 04:00:00,0.00040423,0.05374528
1737014400000,2025-01-16 08:00:00,0.00005000,0.05360425
1737028800000,2025-01-16 12:00:00,0.00055904,0.05283683
1737043200000,2025-01-16 16:00:00,0.00034746,0.05249411
1737057600000,2025-01-16 20:00:00,0.00096226,0.05316000
1737072000004,2025-01-17 00:00:00,0.00036771,0.05152922
1737086400000,2025-01-17 04:00:00,0.00005000,0.05335144
1737100800000,2025-01-17 08:00:00,0.00020228,0.05365683
1737115200013,2025-01-17 12:00:00,0.00005000,0.05500217
1737129600008,2025-01-17 16:00:00,0.00031371,0.05533978
1737144000005,2025-01-17 20:00:00,0.00005471,0.05486000
1737158400000,2025-01-18 00:00:00,0.00005000,0.05680000
1737172800003,2025-01-18 04:00:00,0.00005000,0.05382333
1737187200007,2025-01-18 08:00:00,0.00020167,0.05015617
1737201600000,2025-01-18 12:00:00,0.00027681,0.05084000
1737216000000,2025-01-18 16:00:00,0.00053737,0.04925000
1737230400000,2025-01-18 20:00:00,0.00048970,0.04789299
1737244800000,2025-01-19 00:00:00,0.00036189,0.04787000
1737259200000,2025-01-19 04:00:00,0.00019858,0.04970000
1737273600000,2025-01-19 08:00:00,0.00035375,0.04823906
1737288000000,2025-01-19 12:00:00,0.00058762,0.04333000
1737302400000,2025-01-19 16:00:00,0.00076163,0.04571000
1737316800000,2025-01-19 20:00:00,0.00013388,0.04844000
1737331200000,2025-01-20 00:00:00,0.00014236,0.04075000
1737345600000,2025-01-20 04:00:00,0.00043336,0.03706333
1737360000009,2025-01-20 08:00:00,0.00107094,0.03945667
1737374400002,2025-01-20 12:00:00,0.00091527,0.03863411
1737388800000,2025-01-20 16:00:00,0.00074140,0.03587000
1737403200001,2025-01-20 20:00:00,0.00027211,0.03422000
1737417600000,2025-01-21 00:00:00,0.00037715,0.03410667
1737432000000,2025-01-21 04:00:00,0.00005000,0.03368000
1737446400000,2025-01-21 08:00:00,-0.00009762,0.03414000
1737460800000,2025-01-21 12:00:00,0.00005000,0.03596000
1737475200000,2025-01-21 16:00:00,0.00005000,0.03615628
1737489600000,2025-01-21 20:00:00,0.00005000,0.03683592
1737504000000,2025-01-22 00:00:00,0.00026880,0.03700891
1737518400000,2025-01-22 04:00:00,0.00015673,0.03689000
1737532800000,2025-01-22 08:00:00,0.00005000,0.03705000
1737547200000,2025-01-22 12:00:00,0.00015686,0.03788400
1737561600000,2025-01-22 16:00:00,0.00005000,0.03788800
1737576000000,2025-01-22 20:00:00,0.00015085,0.03735900
1737590400001,2025-01-23 00:00:00,0.00023290,0.03640000
1737604800001,2025-01-23 04:00:00,0.00017338,0.03625000
1737619200000,2025-01-23 08:00:00,0.00013749,0.03720400
1737633600000,2025-01-23 12:00:00,0.00030715,0.03668000
1737648000000,2025-01-23 16:00:00,0.00046896,0.03624823
1737662400000,2025-01-23 20:00:00,0.00005000,0.03434700
1737676800000,2025-01-24 00:00:00,0.00022277,0.03575993
1737691200000,2025-01-24 04:00:00,0.00024631,0.03429397
1737705600000,2025-01-24 08:00:00,0.00005812,0.03570700
1737720000001,2025-01-24 12:00:00,0.00046650,0.03665000
1737734400000,2025-01-24 16:00:00,0.00005000,0.03592707
1737748800000,2025-01-24 20:00:00,0.00007478,0.03489777
1737763200000,2025-01-25 00:00:00,0.00005000,0.03337000
1737777600000,2025-01-25 04:00:00,0.00039922,0.03330000
1737792000000,2025-01-25 08:00:00,0.00005000,0.03272783
1737806400000,2025-01-25 12:00:00,0.00064920,0.03387927
1737820800001,2025-01-25 16:00:00,0.00005000,0.03475000
1737835200001,2025-01-25 20:00:00,0.00005000,0.03439755
1737849600000,2025-01-26 00:00:00,0.00005000,0.03398400
1737864000000,2025-01-26 04:00:00,0.00024191,0.03441000
1737878400000,2025-01-26 08:00:00,0.00005000,0.03402000
1737892800000,2025-01-26 12:00:00,0.00015218,0.03453000
1737907200000,2025-01-26 16:00:00,0.00005000,0.03447500
1737921600000,2025-01-26 20:00:00,0.00005000,0.03495900
1737936000000,2025-01-27 00:00:00,0.00005000,0.03256000
1737950400000,2025-01-27 04:00:00,0.00010732,0.02974957
1737964800000,2025-01-27 08:00:00,0.00005000,0.02721000
1737979200001,2025-01-27 12:00:00,-0.00008979,0.02742993
1737993600000,2025-01-27 16:00:00,0.00005000,0.02976910
1738008000000,2025-01-27 20:00:00,0.00005000,0.02859233
1738022400000,2025-01-28 00:00:00,0.00005000,0.03042870
1738036800000,2025-01-28 04:00:00,0.00005000,0.03051000
1738051200000,2025-01-28 08:00:00,0.00005000,0.03002507
1738065600000,2025-01-28 12:00:00,0.00005000,0.02954000
1738080000000,2025-01-28 16:00:00,0.00005000,0.02921460
1738094400000,2025-01-28 20:00:00,-0.00003247,0.02806577
1738108800000,2025-01-29 00:00:00,-0.00003550,0.02620600
1738123200001,2025-01-29 04:00:00,-0.00004927,0.02797890
1738137600000,2025-01-29 08:00:00,-0.00023091,0.02922180
1738152000000,2025-01-29 12:00:00,0.00005000,0.02907483
1738166400000,2025-01-29 16:00:00,0.00005000,0.02785800
1738180800000,2025-01-29 20:00:00,0.00014760,0.02936800
1738195200000,2025-01-30 00:00:00,-0.00001538,0.02854223
1738209600000,2025-01-30 04:00:00,0.00010865,0.02987800
1738224000000,2025-01-30 08:00:00,0.00005000,0.03019000
1738238400000,2025-01-30 12:00:00,0.00005000,0.03031217
1738252800000,2025-01-30 16:00:00,0.00005000,0.03110000
1738267200000,2025-01-30 20:00:00,0.00005000,0.03126000
1738281600000,2025-01-31 00:00:00,0.00005000,0.03038067
1738296000000,2025-01-31 04:00:00,0.00005000,0.03065000
1738310400000,2025-01-31 08:00:00,0.00005000,0.03020230
1738324800001,2025-01-31 12:00:00,0.00029311,0.03177013
1738339200000,2025-01-31 16:00:00,0.00005000,0.03266000
1738353600000,2025-01-31 20:00:00,0.00005000,0.03137240
1738368000000,2025-02-01 00:00:00,0.00021904,0.03032000
1738382400000,2025-02-01 04:00:00,0.00005000,0.03064423
1738396800000,2025-02-01 08:00:00,0.00005000,0.03023800
1738411200000,2025-02-01 12:00:00,0.00005000,0.02875000
1738425600000,2025-02-01 16:00:00,0.00005000,0.02846000
1738440000000,2025-02-01 20:00:00,0.00005000,0.02646000
1738454400001,2025-02-02 00:00:00,0.00001756,0.02465400
1738468800000,2025-02-02 04:00:00,-0.00011160,0.02440000
1738483200000,2025-02-02 08:00:00,0.00005000,0.02555100
1738497600000,2025-02-02 12:00:00,0.00005000,0.02436000
1738512000000,2025-02-02 16:00:00,0.00005000,0.02466000
1738526400000,2025-02-02 20:00:00,0.00005000,0.02143000
1738540800000,2025-02-03 00:00:00,0.00005000,0.02056000
1738555200000,2025-02-03 04:00:00,0.00005000,0.01645000
1738569600000,2025-02-03 08:00:00,0.00013354,0.01808300
1738584000000,2025-02-03 12:00:00,0.00005000,0.01857500
1738598400000,2025-02-03 16:00:00,-0.00021471,0.02053100
1738612800000,2025-02-03 20:00:00,0.00005000,0.02077334
1738627200000,2025-02-04 00:00:00,0.00005000,0.02132000
1738641600001,2025-02-04 04:00:00,0.00005000,0.02031137
1738656000001,2025-02-04 08:00:00,-0.00032560,0.01838000
1738670400001,2025-02-04 12:00:00,-0.00038242,0.01916000
1738684800000,2025-02-04 16:00:00,-0.00003405,0.01993800
1738699200000,2025-02-04 20:00:00,-0.00003626,0.01930840
1738713600001,2025-02-05 00:00:00,0.00005000,0.01969860
1738728000000,2025-02-05 04:00:00,-0.00021904,0.02052000
1738742400001,2025-02-05 08:00:00,0.00005000,0.01979427
1738756800000,2025-02-05 12:00:00,0.00005000,0.01992000
1738771200000,2025-02-05 16:00:00,0.00005000,0.01968000
1738785600000,2025-02-05 20:00:00,0.00005000,0.01904000
1738800000001,2025-02-06 00:00:00,0.00018271,0.01835913
1738814400001,2025-02-06 04:00:00,0.00005000,0.01871083
1738828800001,2025-02-06 08:00:00,0.00005000,0.01848000
1738843200000,2025-02-06 12:00:00,0.00014535,0.01805400
1738857600000,2025-02-06 16:00:00,0.00005000,0.01698447
1738872000000,2025-02-06 20:00:00,-0.00007084,0.01688400
1738886400000,2025-02-07 00:00:00,-0.00007328,0.01677000
1738900800000,2025-02-07 04:00:00,0.00005000,0.01740000
1738915200000,2025-02-07 08:00:00,0.00005000,0.01752080
1738929600000,2025-02-07 12:00:00,0.00005000,0.01779733
1738944000000,2025-02-07 16:00:00,0.00005000,0.01782470
1738958400000,2025-02-07 20:00:00,0.00005000,0.01726000
1738972800000,2025-02-08 00:00:00,0.00005000,0.01674480
1738987200000,2025-02-08 04:00:00,0.00005000,0.01715000
1739001600000,2025-02-08 08:00:00,0.00005000,0.01727000
1739016000000,2025-02-08 12:00:00,0.00005000,0.01731000
1739030400000,2025-02-08 16:00:00,0.00005000,0.01768093
1739044800000,2025-02-08 20:00:00,0.00022307,0.01853797
1739059200000,2025-02-09 00:00:00,0.00045687,0.01836547
1739073600000,2025-02-09 04:00:00,0.00039852,0.01843700
1739088000000,2025-02-09 08:00:00,0.00005000,0.01852387
1739102400000,2025-02-09 12:00:00,0.00005000,0.01848000
1739116800000,2025-02-09 16:00:00,0.00005000,0.01773000
1739131200007,2025-02-09 20:00:00,0.00005000,0.01694152
1739145600000,2025-02-10 00:00:00,0.00005872,0.01693540
1739160000000,2025-02-10 04:00:00,0.00005000,0.01680900
1739174400000,2025-02-10 08:00:00,0.00005000,0.01680000
1739188800000,2025-02-10 12:00:00,-0.00015897,0.01713000
1739203200000,2025-02-10 16:00:00,0.00005000,0.01741000
1739217600001,2025-02-10 20:00:00,0.00005000,0.01775430
1739232000000,2025-02-11 00:00:00,-0.00028122,0.01795220
1739246400000,2025-02-11 04:00:00,0.00005000,0.01819000
1739260800000,2025-02-11 08:00:00,0.00022052,0.01864787
1739275200000,2025-02-11 12:00:00,0.00005000,0.01812283
1739289600000,2025-02-11 16:00:00,0.00005000,0.01696000
1739304000000,2025-02-11 20:00:00,0.00005000,0.01654863
1739318400000,2025-02-12 00:00:00,0.00023990,0.01713000
1739332800000,2025-02-12 04:00:00,0.00006478,0.01704000
1739347200000,2025-02-12 08:00:00,0.00005000,0.01694910
1739361600001,2025-02-12 12:00:00,0.00005000,0.01689000
1739376000001,2025-02-12 16:00:00,0.00013902,0.01661887
1739390400000,2025-02-12 20:00:00,0.00010734,0.01762893
1739404800001,2025-02-13 00:00:00,0.00005000,0.01816870
1739419200000,2025-02-13 04:00:00,0.00022372,0.01862800
1739433600000,2025-02-13 08:00:00,0.00005000,0.01761000
1739448000000,2025-02-13 12:00:00,0.00015313,0.01740127
1739462400001,2025-02-13 16:00:00,0.00077493,0.01709821
1739476800000,2025-02-13 20:00:00,0.00005000,0.01689000
1739491200000,2025-02-14 00:00:00,0.00020943,0.01679824
1739505600000,2025-02-14 04:00:00,0.00005000,0.01741400
1739520000001,2025-02-14 08:00:00,0.00005000,0.01728290
1739534400000,2025-02-14 12:00:00,0.00005000,0.01746000
1739548800000,2025-02-14 16:00:00,0.00035905,0.01844000
1739563200000,2025-02-14 20:00:00,0.00005000,0.01894000
1739577600000,2025-02-15 00:00:00,0.00005000,0.01798300
1739592000000,2025-02-15 04:00:00,-0.00011038,0.01824000
1739606400000,2025-02-15 08:00:00,0.00005000,0.01872527
1739620800000,2025-02-15 12:00:00,0.00005000,0.01979100
1739635200000,2025-02-15 16:00:00,0.00000785,0.01786200
1739649600001,2025-02-15 20:00:00,0.00005000,0.01749000
1739664000000,2025-02-16 00:00:00,0.00005000,0.01734000
1739678400000,2025-02-16 04:00:00,0.00005000,0.01754000
1739692800000,2025-02-16 08:00:00,0.00005000,0.01819000
1739707200000,2025-02-16 12:00:00,0.00005000,0.01878000
1739721600000,2025-02-16 16:00:00,0.00005000,0.01840617
1739736000000,2025-02-16 20:00:00,0.00005000,0.01785000
1739750400000,2025-02-17 00:00:00,0.00005000,0.01804000
1739764800001,2025-02-17 04:00:00,0.00005000,0.02215600
1739779200000,2025-02-17 08:00:00,0.00005000,0.01759313
1739793600004,2025-02-17 12:00:00,-0.00005777,0.01828000
1739808000000,2025-02-17 16:00:00,-0.00007496,0.01764200
1739822400001,2025-02-17 20:00:00,0.00005000,0.01669000
1739836800000,2025-02-18 00:00:00,0.00005000,0.01722400
1739851200000,2025-02-18 04:00:00,0.00005000,0.01689693
1739865600000,2025-02-18 08:00:00,0.00005000,0.01599176
1739880000000,2025-02-18 12:00:00,0.00005000,0.01627200
1739894400000,2025-02-18 16:00:00,0.00005000,0.01533400
1739908800000,2025-02-18 20:00:00,0.00005000,0.01588003
1739923200000,2025-02-19 00:00:00,0.00012718,0.01652247
1739937600000,2025-02-19 04:00:00,0.00028134,0.01636000
1739952000000,2025-02-19 08:00:00,0.00010631,0.01725186
1739966400000,2025-02-19 12:00:00,0.00015806,0.01735200
1739980800000,2025-02-19 16:00:00,0.00005000,0.01746000
1739995200000,2025-02-19 20:00:00,0.00005000,0.01741737
1740009600000,2025-02-20 00:00:00,0.00005000,0.01741500
1740024000000,2025-02-20 04:00:00,0.00005000,0.01731700
1740038400000,2025-02-20 08:00:00,0.00005000,0.01741000
1740052800000,2025-02-20 12:00:00,0.00005000,0.01761500
1740067200000,2025-02-20 16:00:00,0.00005000,0.01716000
1740081600000,2025-02-20 20:00:00,0.00005000,0.01779377
1740096000001,2025-02-21 00:00:00,0.00005000,0.01800300
1740110400000,2025-02-21 04:00:00,0.00005000,0.01764000
1740124800000,2025-02-21 08:00:00,0.00005000,0.01838400
1740139200000,2025-02-21 12:00:00,0.00025157,0.01996300
1740153600000,2025-02-21 16:00:00,0.00005000,0.01899000
1740168000000,2025-02-21 20:00:00,0.00005000,0.01870800
1740182400000,2025-02-22 00:00:00,0.00016465,0.01838143
1740196800000,2025-02-22 04:00:00,0.00023706,0.01923000
1740211200000,2025-02-22 08:00:00,0.00059093,0.02072662
1740225600000,2025-02-22 12:00:00,0.00084065,0.02234800
1740240000000,2025-02-22 16:00:00,0.00026331,0.02043000
1740254400000,2025-02-22 20:00:00,0.00005000,0.02047910
1740268800000,2025-02-23 00:00:00,0.00042553,0.02054497
1740283200000,2025-02-23 04:00:00,0.00005586,0.01941300
1740297600000,2025-02-23 08:00:00,0.00022897,0.01987000
1740312000000,2025-02-23 12:00:00,0.00008826,0.01940000
1740326400000,2025-02-23 16:00:00,0.00005000,0.01869400
1740340800000,2025-02-23 20:00:00,0.00005000,0.01974650
1740355200000,2025-02-24 00:00:00,0.00005000,0.01961500
1740369600000,2025-02-24 04:00:00,0.00021643,0.01918030
1740384000000,2025-02-24 08:00:00,0.00005000,0.01954867
1740398400001,2025-02-24 12:00:00,0.00005117,0.01897380
1740412800000,2025-02-24 16:00:00,0.00035202,0.01943000
1740427200000,2025-02-24 20:00:00,0.00019927,0.01963610
1740441600000,2025-02-25 00:00:00,0.00039279,0.01937567
1740456000000,2025-02-25 04:00:00,0.00005000,0.01945000
1740470400000,2025-02-25 08:00:00,0.00053472,0.02014279
1740484800000,2025-02-25 12:00:00,0.00069306,0.02313200
1740499200000,2025-02-25 16:00:00,0.00030233,0.02491172
1740513600000,2025-02-25 20:00:00,0.00005376,0.02394747
1740528000000,2025-02-26 00:00:00,0.00021574,0.02443723
1740542400000,2025-02-26 04:00:00,0.00005000,0.02540100
1740556800000,2025-02-26 08:00:00,0.00005000,0.02445000
1740571200001,2025-02-26 12:00:00,0.00009224,0.02400800
1740585600000,2025-02-26 16:00:00,0.00057644,0.02669693
1740600000000,2025-02-26 20:00:00,0.00013793,0.02603000
1740614400001,2025-02-27 00:00:00,0.00037785,0.02715000
1740628800001,2025-02-27 04:00:00,0.00005000,0.02583367
1740643200000,2025-02-27 08:00:00,0.00005000,0.02609700
1740657600006,2025-02-27 12:00:00,0.00008161,0.02671500
1740672000000,2025-02-27 16:00:00,0.00005000,0.02549900
1740686400001,2025-02-27 20:00:00,0.00015909,0.02709580
1740700800001,2025-02-28 00:00:00,0.00005000,0.02669000
1740715200000,2025-02-28 04:00:00,0.00005000,0.02393400
1740729600000,2025-02-28 08:00:00,0.00022389,0.02434200
1740744000000,2025-02-28 12:00:00,0.00005000,0.02399600
1740758400000,2025-02-28 16:00:00,0.00008965,0.02592500
1740772800000,2025-02-28 20:00:00,0.00063712,0.03323000
1740787200000,2025-03-01 00:00:00,0.00005000,0.03005423
1740801600000,2025-03-01 04:00:00,0.00027755,0.03035000
1740816000000,2025-03-01 08:00:00,0.00005000,0.03123000
1740830400001,2025-03-01 12:00:00,0.00005000,0.02962731
1740844800001,2025-03-01 16:00:00,0.00005000,0.02642000
1740859200000,2025-03-01 20:00:00,0.00005000,0.02685900
1740873600000,2025-03-02 00:00:00,0.00009990,0.02749770
1740888000000,2025-03-02 04:00:00,0.00005000,0.02762900
1740902400000,2025-03-02 08:00:00,0.00005000,0.02851000
1740916800000,2025-03-02 12:00:00,0.00013624,0.03066000
1740931200000,2025-03-02 16:00:00,0.00006654,0.03025900
1740945600000,2025-03-02 20:00:00,0.00030274,0.03241000
1740960000001,2025-03-03 00:00:00,0.00029706,0.03327000
1740974400000,2025-03-03 04:00:00,0.00032377,0.03130000
1740988800000,2025-03-03 08:00:00,0.00005000,0.03106100
1741003200001,2025-03-03 12:00:00,0.00030205,0.03104000
1741017600000,2025-03-03 16:00:00,0.00005000,0.02996200
1741032000000,2025-03-03 20:00:00,0.00005000,0.02908000
1741046400001,2025-03-04 00:00:00,0.00005000,0.02736960
1741060800000,2025-03-04 04:00:00,0.00008376,0.02804770
1741075200005,2025-03-04 08:00:00,0.00020280,0.02933000
1741089600000,2025-03-04 12:00:00,0.00005000,0.03136000
1741104000000,2025-03-04 16:00:00,0.00026559,0.03183800
1741118400000,2025-03-04 20:00:00,0.00005012,0.03197000
1741132800000,2025-03-05 00:00:00,0.00024283,0.03237000
1741147200000,2025-03-05 04:00:00,0.00010413,0.03154000
1741161600000,2025-03-05 08:00:00,0.00005000,0.03131000
1741176000000,2025-03-05 12:00:00,0.00011179,0.03114927
1741190400000,2025-03-05 16:00:00,0.00031250,0.03312930
1741204800000,2025-03-05 20:00:00,0.00028712,0.03516000
1741219200000,2025-03-06 00:00:00,0.00005000,0.03584000
1741233600000,2025-03-06 04:00:00,0.00028150,0.03533000
1741248000001,2025-03-06 08:00:00,0.00023497,0.03502000
1741262400001,2025-03-06 12:00:00,0.00013389,0.03480469
1741276800000,2025-03-06 16:00:00,0.00007762,0.03639543
1741291200000,2025-03-06 20:00:00,0.00005000,0.02932680
1741305600000,2025-03-07 00:00:00,0.00005346,0.02884720
1741320000000,2025-03-07 04:00:00,0.00005000,0.03022433
1741334400001,2025-03-07 08:00:00,0.00005000,0.02885300
1741348800000,2025-03-07 12:00:00,0.00018494,0.02864000
1741363200000,2025-03-07 16:00:00,0.00009178,0.02840923
1741377600000,2025-03-07 20:00:00,0.00008474,0.02992600
1741392000000,2025-03-08 00:00:00,0.00005000,0.02859097
1741406400000,2025-03-08 04:00:00,0.00005000,0.02807000
1741420800001,2025-03-08 08:00:00,0.00005000,0.02696760
1741435200001,2025-03-08 12:00:00,0.00005000,0.02583957
1741449600001,2025-03-08 16:00:00,0.00005000,0.02600900
1741464000001,2025-03-08 20:00:00,0.00005000,0.02617643
1741478400001,2025-03-09 00:00:00,0.00005000,0.02571000
1741492800000,2025-03-09 04:00:00,0.00005000,0.02564000
1741507200000,2025-03-09 08:00:00,0.00005000,0.02520000
1741521600000,2025-03-09 12:00:00,0.00012207,0.02579650
1741536000000,2025-03-09 16:00:00,0.00006234,0.02375503
1741550400000,2025-03-09 20:00:00,0.00005000,0.02388367
1741564800000,2025-03-10 00:00:00,0.00031575,0.02387653
1741579200000,2025-03-10 04:00:00,0.00023242,0.02388987
1741593600000,2025-03-10 08:00:00,0.00029088,0.02495400
1741608000000,2025-03-10 12:00:00,0.00005000,0.02587500
1741622400000,2025-03-10 16:00:00,0.00061421,0.02605000
1741636800000,2025-03-10 20:00:00,0.00078671,0.02544500
1741651200000,2025-03-11 00:00:00,0.00006503,0.02551100
1741665600000,2025-03-11 04:00:00,0.00005000,0.02564000
1741680000000,2025-03-11 08:00:00,0.00005000,0.02094100
1741694400000,2025-03-11 12:00:00,0.00005000,0.01970300
1741708800001,2025-03-11 16:00:00,-0.00004606,0.01855700
1741723200001,2025-03-11 20:00:00,0.00005000,0.01866000
1741737600000,2025-03-12 00:00:00,0.00005000,0.01771900
1741752000001,2025-03-12 04:00:00,-0.00003605,0.01802000
1741766400000,2025-03-12 08:00:00,0.00005000,0.01781810
1741780800000,2025-03-12 12:00:00,0.00005000,0.01795800
1741795200001,2025-03-12 16:00:00,0.00023468,0.01800883
1741809600000,2025-03-12 20:00:00,0.00005000,0.01776003
1741824000000,2025-03-13 00:00:00,0.00006548,0.01817610
1741838400000,2025-03-13 04:00:00,0.00005000,0.01784563
1741852800000,2025-03-13 08:00:00,0.00005000,0.01796700
1741867200000,2025-03-13 12:00:00,0.00005000,0.01779023
1741881600000,2025-03-13 16:00:00,0.00005000,0.01807000
1741896000000,2025-03-13 20:00:00,0.00005000,0.01775000
1741910400000,2025-03-14 00:00:00,0.00011962,0.01749000
1741924800000,2025-03-14 04:00:00,0.00005000,0.01798000
1741939200000,2025-03-14 08:00:00,0.00005000,0.01833723
1741953600000,2025-03-14 12:00:00,0.00005000,0.01972043
1741968000000,2025-03-14 16:00:00,0.00005000,0.01924500
1741982400000,2025-03-14 20:00:00,0.00005000,0.01896300
1741996800000,2025-03-15 00:00:00,0.00005000,0.01932347
1742011200000,2025-03-15 04:00:00,0.00005000,0.01929260
1742025600000,2025-03-15 08:00:00,0.00038215,0.01968000
1742040000000,2025-03-15 12:00:00,0.00005000,0.01958000
1742054400000,2025-03-15 16:00:00,0.00059352,0.02004000
1742068800000,2025-03-15 20:00:00,0.00015881,0.01984427
1742083200000,2025-03-16 00:00:00,0.00014668,0.02017000
1742097600000,2025-03-16 04:00:00,0.00052526,0.02014000
1742112000000,2025-03-16 08:00:00,0.00037452,0.02034198
1742126400000,2025-03-16 12:00:00,0.00094386,0.01960571
1742140800000,2025-03-16 16:00:00,0.00072244,0.02004131
1742155200000,2025-03-16 20:00:00,0.00081403,0.02006217
1742169600000,2025-03-17 00:00:00,0.00033199,0.02001190
1742184000000,2025-03-17 04:00:00,0.00026353,0.02033842
1742198400000,2025-03-17 08:00:00,0.00044659,0.02038584
1742212800000,2025-03-17 12:00:00,0.00047459,0.02098200
1742227200000,2025-03-17 16:00:00,0.00019078,0.02192837
1742241600000,2025-03-17 20:00:00,0.00072777,0.02300000
1742256000000,2025-03-18 00:00:00,0.00019191,0.02476000
1742270400000,2025-03-18 04:00:00,0.00008257,0.02279000
1742284800000,2025-03-18 08:00:00,0.00005000,0.02335000
1742299200001,2025-03-18 12:00:00,0.00005988,0.02577100
1742313600000,2025-03-18 16:00:00,0.00005000,0.02554200
1742328000000,2025-03-18 20:00:00,0.00005000,0.02603600
1742342400000,2025-03-19 00:00:00,0.00005000,0.02629640
1742356800000,2025-03-19 04:00:00,0.00005000,0.02760600
1742371200000,2025-03-19 08:00:00,0.00005000,0.02631000
1742385600000,2025-03-19 12:00:00,0.00005000,0.02607057
1742400000000,2025-03-19 16:00:00,0.00005000,0.02583000
1742414400000,2025-03-19 20:00:00,0.00005000,0.02617997
1742428800000,2025-03-20 00:00:00,0.00028727,0.02747847
1742443200000,2025-03-20 04:00:00,0.00005000,0.02584000
1742457600000,2025-03-20 08:00:00,0.00005000,0.02548787
1742472000000,2025-03-20 12:00:00,-0.00003845,0.02519000
1742486400000,2025-03-20 16:00:00,0.00005000,0.02548200
1742500800000,2025-03-20 20:00:00,0.00005000,0.02533640
1742515200000,2025-03-21 00:00:00,0.00005000,0.02591000
1742529600000,2025-03-21 04:00:00,0.00023667,0.02769400
1742544000000,2025-03-21 08:00:00,0.00047707,0.02818043
1742558400000,2025-03-21 12:00:00,0.00015483,0.02532000
1742572800000,2025-03-21 16:00:00,0.00043545,0.02697100
1742587200000,2025-03-21 20:00:00,0.00005000,0.02771000
1742601600000,2025-03-22 00:00:00,0.00036725,0.02793340
1742616000001,2025-03-22 04:00:00,0.00005000,0.02791000
1742630400004,2025-03-22 08:00:00,0.00009681,0.02795986
1742644800013,2025-03-22 12:00:00,0.00021341,0.02903000
1742659200000,2025-03-22 16:00:00,0.00061299,0.02995000
1742673600001,2025-03-22 20:00:00,0.00016397,0.03036700
1742688000000,2025-03-23 00:00:00,0.00038878,0.03156693
1742702400000,2025-03-23 04:00:00,0.00062712,0.03111000
1742716800000,2025-03-23 08:00:00,0.00005000,0.03036620
1742731200000,2025-03-23 12:00:00,0.00039610,0.03164000
1742745600000,2025-03-23 16:00:00,0.00023184,0.03060600
1742760000000,2025-03-23 20:00:00,0.00009876,0.03024983
1742774400000,2025-03-24 00:00:00,0.00030438,0.03125300
1742788800000,2025-03-24 04:00:00,0.00058255,0.03116600
1742803200000,2025-03-24 08:00:00,0.00056754,0.03164000
1742817600000,2025-03-24 12:00:00,0.00033565,0.03208000
1742832000000,2025-03-24 16:00:00,0.00038306,0.03144000
1742846400004,2025-03-24 20:00:00,0.00057615,0.03225159
1742860800001,2025-03-25 00:00:00,0.00049316,0.03206360
1742875200000,2025-03-25 04:00:00,0.00049617,0.03083700
1742889600000,2025-03-25 08:00:00,0.00034906,0.03015000
1742904000000,2025-03-25 12:00:00,0.00068243,0.03159193
1742918400000,2025-03-25 16:00:00,0.00007850,0.03113500
1742932800000,2025-03-25 20:00:00,0.00008171,0.03122000
1742947200000,2025-03-26 00:00:00,0.00011314,0.03195310
1742961600001,2025-03-26 04:00:00,0.00044899,0.03199367
1742976000000,2025-03-26 08:00:00,0.00018239,0.03319600
1742990400000,2025-03-26 12:00:00,0.00032179,0.03400000
1743004800001,2025-03-26 16:00:00,0.00005000,0.03232477
1743019200000,2025-03-26 20:00:00,0.00005000,0.03066000
1743033600001,2025-03-27 00:00:00,0.00005000,0.03048000
1743048000000,2025-03-27 04:00:00,0.00005000,0.03050400
1743062400001,2025-03-27 08:00:00,0.00005000,0.03039783
1743076800000,2025-03-27 12:00:00,0.00005000,0.02890000
1743091200002,2025-03-27 16:00:00,0.00005000,0.02851100
1743105600000,2025-03-27 20:00:00,0.00005000,0.02799900
1743120000001,2025-03-28 00:00:00,0.00005000,0.02801487
1743134400000,2025-03-28 04:00:00,0.00005000,0.02797000
1743148800001,2025-03-28 08:00:00,0.00005000,0.02703460
1743163200000,2025-03-28 12:00:00,0.00032192,0.02654673
1743177600000,2025-03-28 16:00:00,0.00005000,0.02688000
1743192000000,2025-03-28 20:00:00,0.00005000,0.02721517
1743206400000,2025-03-29 00:00:00,0.00011922,0.02783600
1743220800001,2025-03-29 04:00:00,0.00051734,0.02854000
1743235200000,2025-03-29 08:00:00,0.00010453,0.02842000
1743249600000,2025-03-29 12:00:00,0.00005000,0.02876170
1743264000000,2025-03-29 16:00:00,0.00005725,0.02877000
1743278400000,2025-03-29 20:00:00,0.00005000,0.02630587
1743292800000,2025-03-30 00:00:00,0.00005000,0.02692700
1743307200000,2025-03-30 04:00:00,0.00005000,0.02641633
1743321600000,2025-03-30 08:00:00,0.00005000,0.02678183
1743336000000,2025-03-30 12:00:00,0.00005000,0.02725313
1743350400000,2025-03-30 16:00:00,0.00005000,0.02799200
1743364800000,2025-03-30 20:00:00,0.00005000,0.02919600
1743379200000,2025-03-31 00:00:00,0.00025013,0.03069000
1743393600000,2025-03-31 04:00:00,0.00005000,0.03145897
1743408000000,2025-03-31 08:00:00,0.00039258,0.03090267
1743422400000,2025-03-31 12:00:00,0.00013540,0.03127273
1743436800000,2025-03-31 16:00:00,0.00022743,0.03215000
1743451200000,2025-03-31 20:00:00,0.00015169,0.03161253
1743465600000,2025-04-01 00:00:00,0.00005373,0.03156457
1743480000001,2025-04-01 04:00:00,0.00045891,0.03184597
1743494400001,2025-04-01 08:00:00,0.00005000,0.03195600
1743508800000,2025-04-01 12:00:00,0.00005000,0.03133800
1743523200000,2025-04-01 16:00:00,0.00013299,0.03215683
1743537600003,2025-04-01 20:00:00,0.00005000,0.03129700
1743552000001,2025-04-02 00:00:00,0.00005000,0.03174253
1743566400001,2025-04-02 04:00:00,0.00012709,0.03108453
1743580800000,2025-04-02 08:00:00,0.00005000,0.03027757
1743595200002,2025-04-02 12:00:00,0.00014039,0.03145000
1743609600000,2025-04-02 16:00:00,0.00022391,0.03208203
1743624000000,2025-04-02 20:00:00,0.00032110,0.03208000
1743638400000,2025-04-03 00:00:00,0.00044853,0.03100153
1743652800000,2025-04-03 04:00:00,0.00005000,0.03195887
1743667200000,2025-04-03 08:00:00,0.00005000,0.03099000
1743681600000,2025-04-03 12:00:00,0.00018374,0.02804000
1743696000000,2025-04-03 16:00:00,0.00030208,0.02898000
1743710400000,2025-04-03 20:00:00,0.00073973,0.03010200
1743724800000,2025-04-04 00:00:00,0.00021857,0.03015000
1743739200000,2025-04-04 04:00:00,0.00020263,0.02937000
1743753600000,2025-04-04 08:00:00,0.00005000,0.02978000
1743768000000,2025-04-04 12:00:00,0.00030871,0.02905603
1743782400000,2025-04-04 16:00:00,0.00021509,0.03126500
1743796800001,2025-04-04 20:00:00,0.00007958,0.03094923
1743811200000,2025-04-05 00:00:00,0.00013457,0.03101563
1743825600000,2025-04-05 04:00:00,0.00007149,0.03088100
1743840000000,2025-04-05 08:00:00,0.00005000,0.03051457
1743854400000,2025-04-05 12:00:00,0.00005000,0.03066617
1743868800000,2025-04-05 16:00:00,0.00005000,0.03083559
1743883200000,2025-04-05 20:00:00,0.00005000,0.03072533
1743897600000,2025-04-06 00:00:00,0.00036882,0.03054000
1743912000000,2025-04-06 04:00:00,0.00049732,0.03058140
1743926400000,2025-04-06 08:00:00,0.00005000,0.03111600
1743940800001,2025-04-06 12:00:00,0.00005000,0.03059000
1743955200002,2025-04-06 16:00:00,0.00005000,0.02414900
1743969600001,2025-04-06 20:00:00,0.00005000,0.02538800
1743984000000,2025-04-07 00:00:00,0.00005000,0.02526400
1743998400000,2025-04-07 04:00:00,0.00005000,0.02502100
1744012800000,2025-04-07 08:00:00,0.00028139,0.02421200
1744027200000,2025-04-07 12:00:00,0.00005000,0.02407567
1744041600000,2025-04-07 16:00:00,0.00026002,0.02605000
1744056000000,2025-04-07 20:00:00,0.00005000,0.02581000
1744070400000,2025-04-08 00:00:00,0.00005000,0.02519000
1744084800000,2025-04-08 04:00:00,0.00005000,0.02526000
1744099200000,2025-04-08 08:00:00,0.00005000,0.02457767
1744113600000,2025-04-08 12:00:00,0.00005000,0.02580000
1744128000000,2025-04-08 16:00:00,0.00005000,0.02514200
1744142400000,2025-04-08 20:00:00,0.00005000,0.02430000
1744156800000,2025-04-09 00:00:00,0.00005000,0.02334386
1744171200000,2025-04-09 04:00:00,0.00005000,0.02409317
1744185600001,2025-04-09 08:00:00,0.00009344,0.02473963
1744200000000,2025-04-09 12:00:00,0.00005000,0.02519940
1744214400000,2025-04-09 16:00:00,0.00005000,0.02525300
1744228800000,2025-04-09 20:00:00,0.00028592,0.02634000
1744243200000,2025-04-10 00:00:00,0.00014483,0.02646000
1744257600000,2025-04-10 04:00:00,0.00005000,0.02657560
1744272000000,2025-04-10 08:00:00,0.00042844,0.02669193
1744286400000,2025-04-10 12:00:00,0.00026779,0.02556000
1744300800000,2025-04-10 16:00:00,0.00005000,0.02502110
1744315200000,2025-04-10 20:00:00,0.00005000,0.02493697
1744329600001,2025-04-11 00:00:00,0.00009154,0.02531400
1744344000001,2025-04-11 04:00:00,0.00018080,0.02528393
1744358400000,2025-04-11 08:00:00,0.00005000,0.02515000
1744372800000,2025-04-11 12:00:00,0.00005000,0.02619600
1744387200000,2025-04-11 16:00:00,0.00037422,0.02696800
1744401600001,2025-04-11 20:00:00,0.00005000,0.02702790
1744416000000,2025-04-12 00:00:00,0.00005000,0.02700327
1744430400000,2025-04-12 04:00:00,0.00005000,0.02703000
1744444800001,2025-04-12 08:00:00,0.00005000,0.02630937
1744459200001,2025-04-12 12:00:00,0.00005000,0.02658000
1744473600000,2025-04-12 16:00:00,0.00005000,0.02699297
1744488000000,2025-04-12 20:00:00,0.00005000,0.02734000
1744502400000,2025-04-13 00:00:00,0.00005000,0.02717667
1744516800000,2025-04-13 04:00:00,0.00005000,0.02566800
1744531200000,2025-04-13 08:00:00,0.00005000,0.02609840
1744545600000,2025-04-13 12:00:00,0.00005000,0.02581100
1744560000000,2025-04-13 16:00:00,0.00005000,0.02545000
1744574400000,2025-04-13 20:00:00,0.00005000,0.02438210
1744588800000,2025-04-14 00:00:00,0.00005000,0.02393600
1744603200000,2025-04-14 04:00:00,0.00005000,0.02390400
1744617600000,2025-04-14 08:00:00,0.00005000,0.02384640
1744632000002,2025-04-14 12:00:00,0.00005481,0.02497947
1744646400000,2025-04-14 16:00:00,0.00005000,0.02409921
1744660800000,2025-04-14 20:00:00,0.00005000,0.02450000
1744675200000,2025-04-15 00:00:00,0.00005000,0.02434000
1744689600001,2025-04-15 04:00:00,0.00005000,0.02490120
1744704000000,2025-04-15 08:00:00,0.00005000,0.02544967
1744718400000,2025-04-15 12:00:00,-0.00005662,0.02465755
1744732800001,2025-04-15 16:00:00,0.00128185,0.02472147
1744747200000,2025-04-15 20:00:00,0.00027943,0.02446000
1744761600000,2025-04-16 00:00:00,0.00008055,0.02476000
1744776000000,2025-04-16 04:00:00,0.00005000,0.02527647
1744790400000,2025-04-16 08:00:00,0.00005000,0.02483186
1744804800000,2025-04-16 12:00:00,0.00005000,0.02471447
1744819200000,2025-04-16 16:00:00,0.00005000,0.02417740
1744833600000,2025-04-16 20:00:00,0.00005000,0.02457000
1744848000001,2025-04-17 00:00:00,0.00005000,0.02421900
1744862400000,2025-04-17 04:00:00,0.00005000,0.02432000
1744876800000,2025-04-17 08:00:00,-0.00001689,0.02413800
1744891200000,2025-04-17 12:00:00,0.00005000,0.02393373
1744905600001,2025-04-17 16:00:00,0.00005000,0.02367000
1744920000001,2025-04-17 20:00:00,0.00005000,0.02380000
1744934400000,2025-04-18 00:00:00,0.00005000,0.02333900
1744948800000,2025-04-18 04:00:00,0.00005000,0.02304140
1744963200000,2025-04-18 08:00:00,0.00005000,0.02412734
1744977600000,2025-04-18 12:00:00,0.00005000,0.02478162
1744992000000,2025-04-18 16:00:00,0.00005000,0.02513067
1745006400000,2025-04-18 20:00:00,0.00005000,0.02541960
1745020800000,2025-04-19 00:00:00,0.00005000,0.02634737
1745035200000,2025-04-19 04:00:00,0.00005000,0.02614200
1745049600000,2025-04-19 08:00:00,0.00005000,0.02628460
1745064000000,2025-04-19 12:00:00,0.00059229,0.02718429
1745078400000,2025-04-19 16:00:00,0.00005000,0.02744000
1745092800000,2025-04-19 20:00:00,0.00005000,0.02813740
1745107200000,2025-04-20 00:00:00,0.00005000,0.02826000
1745121600000,2025-04-20 04:00:00,0.00012833,0.02879300
1745136000000,2025-04-20 08:00:00,0.00005000,0.02983787
1745150400001,2025-04-20 12:00:00,0.00021921,0.02906300
1745164800000,2025-04-20 16:00:00,0.00005000,0.02969000
1745179200000,2025-04-20 20:00:00,0.00005000,0.03078500
1745193600000,2025-04-21 00:00:00,0.00005000,0.03037000
1745208000000,2025-04-21 04:00:00,0.00005000,0.03028577
1745222400005,2025-04-21 08:00:00,0.00024971,0.03084330
1745236800002,2025-04-21 12:00:00,0.00005000,0.03044800
1745251200003,2025-04-21 16:00:00,0.00014931,0.03127000
1745265600006,2025-04-21 20:00:00,0.00005000,0.03092000
1745280000008,2025-04-22 00:00:00,0.00005000,0.03023000
1745294400000,2025-04-22 04:00:00,0.00005000,0.03004500
1745308800000,2025-04-22 08:00:00,0.00005000,0.03094907
1745323200001,2025-04-22 12:00:00,0.00018650,0.03077110
1745337600000,2025-04-22 16:00:00,0.00039984,0.03112697
1745352000004,2025-04-22 20:00:00,0.00021108,0.03133987
1745366400000,2025-04-23 00:00:00,0.00046453,0.03313077
1745380800000,2025-04-23 04:00:00,0.00113564,0.03488963
1745395200002,2025-04-23 08:00:00,0.00051983,0.03407000
1745409600005,2025-04-23 12:00:00,0.00022117,0.03250550
1745424000000,2025-04-23 16:00:00,0.00038804,0.03342095
1745438400001,2025-04-23 20:00:00,0.00005000,0.03270000
1745452800000,2025-04-24 00:00:00,0.00061626,0.03355000
1745467200003,2025-04-24 04:00:00,0.00011575,0.03163886
1745481600001,2025-04-24 08:00:00,0.00011043,0.03330000
1745496000001,2025-04-24 12:00:00,0.00006061,0.03183933
1745510400001,2025-04-24 16:00:00,0.00020944,0.03162540
1745524800006,2025-04-24 20:00:00,0.00005000,0.03120955
1745539200007,2025-04-25 00:00:00,0.00005000,0.03243000
1745553600001,2025-04-25 04:00:00,0.00038374,0.03201714
1745568000002,2025-04-25 08:00:00,0.00041463,0.03388316
1745582400000,2025-04-25 12:00:00,0.00005000,0.03333000
1745596800003,2025-04-25 16:00:00,0.00014706,0.03196185
1745611200001,2025-04-25 20:00:00,0.00028149,0.03274780
1745625600002,2025-04-26 00:00:00,0.00014221,0.03342000
1745640000001,2025-04-26 04:00:00,0.00023525,0.03403012
1745654400000,2025-04-26 08:00:00,0.00012519,0.03336000
1745668800000,2025-04-26 12:00:00,0.00005000,0.03188273
1745683200002,2025-04-26 16:00:00,0.00024562,0.03331909
1745697600000,2025-04-26 20:00:00,0.00013951,0.03378377
1745712000001,2025-04-27 00:00:00,0.00005000,0.03381224
1745726400001,2025-04-27 04:00:00,0.00005000,0.03078824
1745740800000,2025-04-27 08:00:00,0.00014322,0.03073000
1745755200000,2025-04-27 12:00:00,0.00005000,0.03075091
1745769600000,2025-04-27 16:00:00,0.00005000,0.02958488
1745784000003,2025-04-27 20:00:00,0.00005000,0.02958271
1745798400001,2025-04-28 00:00:00,0.00005000,0.02963364
1745812800001,2025-04-28 04:00:00,0.00005000,0.03031091
1745827200003,2025-04-28 08:00:00,0.00005000,0.03128000
1745841600000,2025-04-28 12:00:00,0.00005000,0.03113091
1745856000005,2025-04-28 16:00:00,0.00005000,0.03030717
1745870400002,2025-04-28 20:00:00,0.00030602,0.03229000
1745884800000,2025-04-29 00:00:00,0.00020854,0.03248000
1745899200000,2025-04-29 04:00:00,0.00017610,0.03200767
1745913600000,2025-04-29 08:00:00,0.00023080,0.03221927
1745928000001,2025-04-29 12:00:00,0.00005000,0.03141589
1745942400010,2025-04-29 16:00:00,0.00005000,0.03187833
1745956800002,2025-04-29 20:00:00,0.00005000,0.03167614
1745971200001,2025-04-30 00:00:00,0.00005000,0.03065182
1745985600001,2025-04-30 04:00:00,0.00005464,0.03049662
1746000000000,2025-04-30 08:00:00,0.00014017,0.03046608
1746014400001,2025-04-30 12:00:00,0.00015422,0.03133979
1746028800003,2025-04-30 16:00:00,0.00021037,0.03027266
1746043200002,2025-04-30 20:00:00,0.00043869,0.03060230
1746057600000,2025-05-01 00:00:00,0.00037543,0.03120365
1746072000008,2025-05-01 04:00:00,0.00006921,0.03169000
1746086400000,2025-05-01 08:00:00,0.00005000,0.03200000
1746100800001,2025-05-01 12:00:00,0.00031218,0.03248000
1746115200001,2025-05-01 16:00:00,0.00036258,0.03197835
1746129600000,2025-05-01 20:00:00,0.00028588,0.03147909
1746144000000,2025-05-02 00:00:00,0.00013939,0.03189000
1746158400000,2025-05-02 04:00:00,0.00005000,0.03228000
1746172800000,2025-05-02 08:00:00,0.00005000,0.03154000
1746187200005,2025-05-02 12:00:00,0.00005000,0.03221171
1746201600003,2025-05-02 16:00:00,0.00005000,0.03249000
1746216000003,2025-05-02 20:00:00,0.00005000,0.03137144
1746230400000,2025-05-03 00:00:00,0.00045784,0.03184122
1746244800001,2025-05-03 04:00:00,0.00034926,0.03115000
1746259200000,2025-05-03 08:00:00,0.00016372,0.03069000
1746273600006,2025-05-03 12:00:00,0.00005000,0.02958221
1746288000000,2025-05-03 16:00:00,0.00005000,0.02985788
1746302400000,2025-05-03 20:00:00,0.00005000,0.02781409
1746316800001,2025-05-04 00:00:00,0.00005000,0.02721000
1746331200004,2025-05-04 04:00:00,0.00005000,0.02672364
1746345600001,2025-05-04 08:00:00,0.00005000,0.02636145
1746360000006,2025-05-04 12:00:00,0.00005000,0.02653455
1746374400002,2025-05-04 16:00:00,0.00005000,0.02603182
1746388800000,2025-05-04 20:00:00,0.00005000,0.02542000
1746403200000,2025-05-05 00:00:00,0.00016067,0.02575000
1746417600000,2025-05-05 04:00:00,0.00005000,0.02638000
1746432000000,2025-05-05 08:00:00,0.00005000,0.02667000
1746446400000,2025-05-05 12:00:00,0.00005000,0.02679601
1746460800006,2025-05-05 16:00:00,0.00005000,0.02690380
1746475200000,2025-05-05 20:00:00,0.00005000,0.02737424
1746489600002,2025-05-06 00:00:00,0.00005000,0.02824000
1746504000000,2025-05-06 04:00:00,0.00011956,0.02988746
1746518400005,2025-05-06 08:00:00,0.00022095,0.02958364
1746532800000,2025-05-06 12:00:00,0.00005000,0.02864470
1746547200000,2025-05-06 16:00:00,0.00005000,0.02827000
1746561600000,2025-05-06 20:00:00,0.00005000,0.02837000
1746576000002,2025-05-07 00:00:00,0.00005000,0.02832202
1746590400004,2025-05-07 04:00:00,0.00005000,0.02816000
1746604800000,2025-05-07 08:00:00,0.00019494,0.02844000
1746619200000,2025-05-07 12:00:00,0.00005000,0.02852726
1746633600006,2025-05-07 16:00:00,0.00005000,0.02773281
1746648000000,2025-05-07 20:00:00,0.00005000,0.02753000
1746662400000,2025-05-08 00:00:00,0.00023779,0.02986002
1746676800005,2025-05-08 04:00:00,0.00014977,0.03151000
1746691200001,2025-05-08 08:00:00,0.00005000,0.03143000
1746705600000,2025-05-08 12:00:00,0.00005000,0.03136000
1746720000002,2025-05-08 16:00:00,0.00017825,0.03197177
1746734400006,2025-05-08 20:00:00,0.00030579,0.03237455
1746748800001,2025-05-09 00:00:00,0.00052821,0.03356000
1746763200000,2025-05-09 04:00:00,0.00040628,0.03461211
1746777600006,2025-05-09 08:00:00,0.00015448,0.03348000
1746792000000,2025-05-09 12:00:00,0.00043411,0.03346732
1746806400000,2025-05-09 16:00:00,0.00027693,0.03420031
1746820800000,2025-05-09 20:00:00,0.00005000,0.03462091
1746835200001,2025-05-10 00:00:00,0.00035959,0.03313678
1746849600003,2025-05-10 04:00:00,0.00041569,0.03509000
1746864000000,2025-05-10 08:00:00,0.00005000,0.03532000
1746878400000,2025-05-10 12:00:00,0.00005000,0.02984000
1746892800001,2025-05-10 16:00:00,-0.00019437,0.02977000
1746907200000,2025-05-10 20:00:00,0.00005000,0.03018461
1746921600000,2025-05-11 00:00:00,0.00009977,0.03253000
1746936000000,2025-05-11 04:00:00,0.00005000,0.03180000
1746950400001,2025-05-11 08:00:00,0.00005000,0.02997000
1746964800001,2025-05-11 12:00:00,0.00005000,0.03068364
1746979200001,2025-05-11 16:00:00,0.00014762,0.03199000
1746993600000,2025-05-11 20:00:00,0.00005000,0.03080000
1747008000004,2025-05-12 00:00:00,0.00005000,0.03120236
1747022400003,2025-05-12 04:00:00,0.00038437,0.03426000
1747036800000,2025-05-12 08:00:00,0.00005000,0.03323000
1747051200000,2025-05-12 12:00:00,0.00005000,0.03501000
1747065600000,2025-05-12 16:00:00,-0.00061956,0.03205731
1747080000004,2025-05-12 20:00:00,-0.00066295,0.03020458
1747094400000,2025-05-13 00:00:00,-0.00012698,0.03188738
1747108800000,2025-05-13 04:00:00,-0.00002317,0.02770008
1747123200008,2025-05-13 08:00:00,0.00005000,0.03000051
1747137600000,2025-05-13 12:00:00,0.00005000,0.03223182
1747152000001,2025-05-13 16:00:00,0.00005000,0.03210636
1747166400006,2025-05-13 20:00:00,0.00005000,0.03350000
1747180800007,2025-05-14 00:00:00,0.00005000,0.03493364
1747195200000,2025-05-14 04:00:00,-0.00094010,0.03220000
1747209600000,2025-05-14 08:00:00,0.00005000,0.03165000
1747224000000,2025-05-14 12:00:00,-0.00052128,0.03130986
1747238400002,2025-05-14 16:00:00,0.00005000,0.03075000
1747252800007,2025-05-14 20:00:00,0.00005000,0.03013486
1747267200000,2025-05-15 00:00:00,-0.00054494,0.02989000
1747281600000,2025-05-15 04:00:00,-0.00044539,0.02825000
1747296000003,2025-05-15 08:00:00,0.00005000,0.02427000
1747310400000,2025-05-15 12:00:00,-0.00002912,0.02410000
1747324800000,2025-05-15 16:00:00,0.00005000,0.02406818
1747339200001,2025-05-15 20:00:00,0.00005000,0.02613000
1747353600001,2025-05-16 00:00:00,0.00005000,0.02549329
1747368000001,2025-05-16 04:00:00,0.00005000,0.02437145
1747382400000,2025-05-16 08:00:00,0.00005000,0.02449000
1747396800006,2025-05-16 12:00:00,0.00005000,0.02340421
1747411200000,2025-05-16 16:00:00,0.00005000,0.02331322
1747425600002,2025-05-16 20:00:00,0.00005000,0.02395000
1747440000000,2025-05-17 00:00:00,0.00005000,0.02306000
1747454400000,2025-05-17 04:00:00,0.00005000,0.02281000
1747468800001,2025-05-17 08:00:00,0.00006473,0.02388266
1747483200002,2025-05-17 12:00:00,0.00005878,0.02495742
1747497600004,2025-05-17 16:00:00,0.00037558,0.02538000
1747512000003,2025-05-17 20:00:00,0.00005000,0.02452000
1747526400000,2025-05-18 00:00:00,0.00011603,0.02519548
1747540800003,2025-05-18 04:00:00,0.00019618,0.02571932
1747555200000,2025-05-18 08:00:00,0.00009707,0.02582000
1747569600010,2025-05-18 12:00:00,0.00010452,0.02540091
1747584000000,2025-05-18 16:00:00,0.00005000,0.02497055
1747598400001,2025-05-18 20:00:00,0.00005000,0.02337516
1747612800000,2025-05-19 00:00:00,0.00008574,0.02475292
1747627200004,2025-05-19 04:00:00,0.00005000,0.02340000
1747641600006,2025-05-19 08:00:00,0.00005000,0.02360950
1747656000000,2025-05-19 12:00:00,0.00005000,0.02373000
1747670400010,2025-05-19 16:00:00,0.00005000,0.02349000
1747684800000,2025-05-19 20:00:00,0.00005000,0.02392567
1747699200000,2025-05-20 00:00:00,0.00005000,0.02411159
1747713600000,2025-05-20 04:00:00,0.00005000,0.02417000
1747728000002,2025-05-20 08:00:00,0.00005000,0.02328727
1747742400003,2025-05-20 12:00:00,0.00005000,0.02316181
1747756800000,2025-05-20 16:00:00,0.00011232,0.02351000
1747771200000,2025-05-20 20:00:00,0.00005000,0.02305000
1747785600000,2025-05-21 00:00:00,0.00005000,0.02307000
1747800000000,2025-05-21 04:00:00,0.00005000,0.02392000
1747814400001,2025-05-21 08:00:00,0.00005000,0.02388000
1747828800007,2025-05-21 12:00:00,0.00027127,0.02450742
1747843200004,2025-05-21 16:00:00,0.00005000,0.02459548
1747857600001,2025-05-21 20:00:00,0.00018013,0.02520837
1747872000001,2025-05-22 00:00:00,0.00005000,0.02494358
1747886400000,2025-05-22 04:00:00,0.00026787,0.02605980
1747900800000,2025-05-22 08:00:00,0.00016659,0.02543873
1747915200000,2025-05-22 12:00:00,0.00006836,0.02569636
1747929600002,2025-05-22 16:00:00,0.00032780,0.02600909
1747944000001,2025-05-22 20:00:00,0.00026346,0.02594000
1747958400006,2025-05-23 00:00:00,0.00041338,0.02625545
1747972800000,2025-05-23 04:00:00,0.00023419,0.02651139
1747987200000,2025-05-23 08:00:00,0.00025115,0.02518727
1748001600003,2025-05-23 12:00:00,0.00005000,0.02387000
1748016000007,2025-05-23 16:00:00,0.00005000,0.02432545
1748030400006,2025-05-23 20:00:00,0.00005000,0.02393000
1748044800010,2025-05-24 00:00:00,0.00005000,0.02256408
1748059200000,2025-05-24 04:00:00,0.00011212,0.02314500
1748073600000,2025-05-24 08:00:00,0.00014421,0.02313392
1748088000007,2025-05-24 12:00:00,0.00005000,0.02345000
1748102400003,2025-05-24 16:00:00,0.00005000,0.02358000
1748116800000,2025-05-24 20:00:00,0.00005000,0.02340786
1748131200004,2025-05-25 00:00:00,0.00011685,0.02314000
1748145600001,2025-05-25 04:00:00,0.00005000,0.02318900
1748160000000,2025-05-25 08:00:00,0.00005000,0.02311000
1748174400000,2025-05-25 12:00:00,0.00005000,0.02276927
1748188800000,2025-05-25 16:00:00,0.00005000,0.02222555
1748203200010,2025-05-25 20:00:00,0.00005000,0.02195507
1748217600000,2025-05-26 00:00:00,0.00005000,0.02282000
1748232000000,2025-05-26 04:00:00,0.00005000,0.02309000
1748246400000,2025-05-26 08:00:00,0.00005000,0.02334486
1748260800000,2025-05-26 12:00:00,0.00005000,0.02311961
1748275200002,2025-05-26 16:00:00,0.00034364,0.02289146
1748289600000,2025-05-26 20:00:00,0.00005000,0.02208000
1748304000003,2025-05-27 00:00:00,0.00005000,0.02231727
1748318400000,2025-05-27 04:00:00,0.00005000,0.02237800
1748332800001,2025-05-27 08:00:00,0.00005000,0.02255091
1748347200005,2025-05-27 12:00:00,0.00005000,0.02272000
1748361600005,2025-05-27 16:00:00,0.00005000,0.02290509
1748376000005,2025-05-27 20:00:00,0.00005000,0.02294202
1748390400002,2025-05-28 00:00:00,0.00005000,0.02302000
1748404800010,2025-05-28 04:00:00,0.00020446,0.02350271
1748419200003,2025-05-28 08:00:00,0.00005000,0.02355000
1748433600000,2025-05-28 12:00:00,0.00010193,0.02398636
1748448000002,2025-05-28 16:00:00,0.00005000,0.02290028
1748462400000,2025-05-28 20:00:00,0.00005000,0.02259000
1748476800000,2025-05-29 00:00:00,0.00010613,0.02325219
1748491200000,2025-05-29 04:00:00,0.00005000,0.02384308
1748505600006,2025-05-29 08:00:00,0.00014980,0.02367000
1748520000001,2025-05-29 12:00:00,0.00005000,0.02391075
1748534400000,2025-05-29 16:00:00,0.00009664,0.02344320
1748548800010,2025-05-29 20:00:00,0.00005000,0.02313843
1748563200003,2025-05-30 00:00:00,0.00005000,0.02314091
1748577600000,2025-05-30 04:00:00,0.00005000,0.02140000
1748592000003,2025-05-30 08:00:00,0.00005000,0.02053257
1748606400006,2025-05-30 12:00:00,0.00005000,0.02080350
1748620800000,2025-05-30 16:00:00,0.00005000,0.02090909
1748635200005,2025-05-30 20:00:00,0.00005000,0.02091968
1748649600000,2025-05-31 00:00:00,0.00005000,0.01778091
1748664000004,2025-05-31 04:00:00,-0.00007380,0.01801091
1748678400000,2025-05-31 08:00:00,0.00005000,0.01930909
1748692800000,2025-05-31 12:00:00,0.00011382,0.01895000
1748707200000,2025-05-31 16:00:00,0.00005000,0.01891000
1748721600004,2025-05-31 20:00:00,0.00005000,0.01962887
1748736000001,2025-06-01 00:00:00,0.00016996,0.02033746
1748750400001,2025-06-01 04:00:00,0.00007125,0.02259000
1748764800002,2025-06-01 08:00:00,0.00005000,0.02298528
1748779200008,2025-06-01 12:00:00,0.00005000,0.02111152
1748793600000,2025-06-01 16:00:00,0.00005000,0.02120314
1748808000003,2025-06-01 20:00:00,0.00005000,0.02117875
1748822400001,2025-06-02 00:00:00,0.00005000,0.02129184
1748836800004,2025-06-02 04:00:00,0.00005000,0.02111273
1748851200000,2025-06-02 08:00:00,0.00005000,0.02085000
1748865600002,2025-06-02 12:00:00,0.00005000,0.02082000
1748880000000,2025-06-02 16:00:00,0.00005000,0.02109256
1748894400002,2025-06-02 20:00:00,0.00005000,0.02108000
1748908800000,2025-06-03 00:00:00,0.00005000,0.02158561
1748923200001,2025-06-03 04:00:00,0.00005000,0.02248727
1748937600000,2025-06-03 08:00:00,0.00005000,0.02229000
1748952000000,2025-06-03 12:00:00,0.00005000,0.02270727
1748966400001,2025-06-03 16:00:00,0.00005000,0.02310273
1748980800000,2025-06-03 20:00:00,0.00005000,0.02365535
1748995200000,2025-06-04 00:00:00,0.00005000,0.02327000
1749009600001,2025-06-04 04:00:00,0.00005000,0.02308598
1749024000000,2025-06-04 08:00:00,0.00005000,0.02285000
1749038400000,2025-06-04 12:00:00,0.00005000,0.02305727
1749052800000,2025-06-04 16:00:00,0.00005000,0.02266000
1749067200001,2025-06-04 20:00:00,0.00005000,0.02217871
1749081600016,2025-06-05 00:00:00,0.00005000,0.02167000
1749096000001,2025-06-05 04:00:00,0.00005000,0.02122971
1749110400000,2025-06-05 08:00:00,0.00005000,0.02146000
1749124800003,2025-06-05 12:00:00,0.00005000,0.02135479
1749139200000,2025-06-05 16:00:00,0.00005000,0.02181000
1749153600002,2025-06-05 20:00:00,0.00005000,0.02034000
1749168000002,2025-06-06 00:00:00,0.00005000,0.01960056
1749182400000,2025-06-06 04:00:00,0.00005000,0.02034396
1749196800000,2025-06-06 08:00:00,0.00005000,0.02077578
1749211200002,2025-06-06 12:00:00,0.00005000,0.02088823
1749225600006,2025-06-06 16:00:00,0.00005000,0.02115000
1749240000000,2025-06-06 20:00:00,0.00005000,0.02062799
1749254400000,2025-06-07 00:00:00,0.00005000,0.02049000
1749268800000,2025-06-07 04:00:00,0.00005000,0.02090818
1749283200000,2025-06-07 08:00:00,0.00005000,0.02096003
1749297600000,2025-06-07 12:00:00,0.00005000,0.02098216
1749312000002,2025-06-07 16:00:00,0.00005000,0.02084000
1749326400002,2025-06-07 20:00:00,0.00005000,0.02096792
1749340800000,2025-06-08 00:00:00,0.00005000,0.02106902
1749355200000,2025-06-08 04:00:00,0.00005000,0.02063091
1749369600000,2025-06-08 08:00:00,0.00005000,0.02028147
1749384000020,2025-06-08 12:00:00,0.00006330,0.02057000
1749398400000,2025-06-08 16:00:00,0.00005000,0.02059000
1749412800001,2025-06-08 20:00:00,0.00005000,0.02090000
1749427200000,2025-06-09 00:00:00,-0.00000381,0.02105572
1749441600003,2025-06-09 04:00:00,0.00005000,0.02103000
1749456000001,2025-06-09 08:00:00,0.00005000,0.02073383
1749470400000,2025-06-09 12:00:00,0.00005000,0.02114000
1749484800001,2025-06-09 16:00:00,0.00005000,0.02138818
1749499200012,2025-06-09 20:00:00,0.00005000,0.02184000
1749513600000,2025-06-10 00:00:00,0.00005000,0.02339142
1749528000000,2025-06-10 04:00:00,0.00005000,0.02342000
1749542400001,2025-06-10 08:00:00,0.00021115,0.02324898
1749556800005,2025-06-10 12:00:00,0.00057503,0.02412480
1749571200003,2025-06-10 16:00:00,0.00041935,0.02362955
1749585600010,2025-06-10 20:00:00,0.00005000,0.02390767
1749600000000,2025-06-11 00:00:00,0.00017558,0.02439930
1749614400006,2025-06-11 04:00:00,0.00008781,0.02362000
1749628800000,2025-06-11 08:00:00,0.00035992,0.02363000
1749643200007,2025-06-11 12:00:00,0.00039211,0.02325958
1749657600010,2025-06-11 16:00:00,0.00033544,0.02372000
1749672000012,2025-06-11 20:00:00,0.00005000,0.02275591
1749686400002,2025-06-12 00:00:00,0.00005000,0.02195000
1749700800000,2025-06-12 04:00:00,0.00005000,0.02137668
1749715200003,2025-06-12 08:00:00,0.00005000,0.02158500
1749729600001,2025-06-12 12:00:00,0.00005000,0.02142288
1749744000001,2025-06-12 16:00:00,0.00005000,0.02122916
1749758400003,2025-06-12 20:00:00,0.00005000,0.02060000
1749772800000,2025-06-13 00:00:00,0.00005000,0.02034000
1749787200002,2025-06-13 04:00:00,0.00031477,0.02249341
1749801600001,2025-06-13 08:00:00,0.00005000,0.02238000
1749816000000,2025-06-13 12:00:00,0.00015264,0.02317227
1749830400004,2025-06-13 16:00:00,0.00005000,0.02292789
1749844800001,2025-06-13 20:00:00,0.00005000,0.02322393
1749859200000,2025-06-14 00:00:00,0.00005000,0.02328091
1749873600000,2025-06-14 04:00:00,0.00005000,0.02389754
1749888000000,2025-06-14 08:00:00,0.00005000,0.02334000
1749902400007,2025-06-14 12:00:00,0.00005000,0.02331000
1749916800000,2025-06-14 16:00:00,0.00005000,0.02343667
1749931200005,2025-06-14 20:00:00,0.00005000,0.02337500
1749945600005,2025-06-15 00:00:00,0.00005000,0.02382908
1749960000004,2025-06-15 04:00:00,0.00005000,0.02359636
1749974400009,2025-06-15 08:00:00,0.00005000,0.02340182
1749988800000,2025-06-15 12:00:00,0.00005000,0.02329627
1750003200000,2025-06-15 16:00:00,0.00005000,0.02350970
1750017600000,2025-06-15 20:00:00,0.00005000,0.02324000
1750032000000,2025-06-16 00:00:00,0.00005000,0.02354961
1750046400009,2025-06-16 04:00:00,0.00005000,0.02360362
1750060800000,2025-06-16 08:00:00,0.00026495,0.02409398
1750075200000,2025-06-16 12:00:00,0.00029472,0.02457000
1750089600003,2025-06-16 16:00:00,0.00011439,0.02454000
1750104000000,2025-06-16 20:00:00,0.00027277,0.02518163
1750118400000,2025-06-17 00:00:00,0.00005000,0.02299545
1750132800000,2025-06-17 04:00:00,0.00005000,0.02337442
1750147200006,2025-06-17 08:00:00,0.00005000,0.02315000
1750161600001,2025-06-17 12:00:00,0.00038145,0.02258818
1750176000001,2025-06-17 16:00:00,0.00018363,0.02253138
1750190400000,2025-06-17 20:00:00,0.00027828,0.02311822
1750204800001,2025-06-18 00:00:00,0.00022280,0.02287317
1750219200001,2025-06-18 04:00:00,0.00005000,0.02281000
1750233600001,2025-06-18 08:00:00,0.00005000,0.02254856
1750248000003,2025-06-18 12:00:00,0.00018685,0.02195545
1750262400001,2025-06-18 16:00:00,0.00034280,0.02171000
1750276800000,2025-06-18 20:00:00,0.00012083,0.02136821
1750291200005,2025-06-19 00:00:00,0.00005000,0.02146840
1750305600005,2025-06-19 04:00:00,0.00005000,0.02139758
1750320000003,2025-06-19 08:00:00,0.00005000,0.02107000
1750334400000,2025-06-19 12:00:00,0.00005481,0.02087967
1750348800000,2025-06-19 16:00:00,0.00021217,0.02121347
1750363200000,2025-06-19 20:00:00,0.00005000,0.02140000
1750377600000,2025-06-20 00:00:00,0.00032105,0.02131171
1750392000017,2025-06-20 04:00:00,0.00046341,0.02145000
1750406400002,2025-06-20 08:00:00,0.00018669,0.02160000
1750420800002,2025-06-20 12:00:00,0.00005000,0.02151176
1750435200001,2025-06-20 16:00:00,0.00015926,0.02113182
1750449600000,2025-06-20 20:00:00,0.00023638,0.02056000
1750464000002,2025-06-21 00:00:00,0.00048812,0.02029013
1750478400003,2025-06-21 04:00:00,0.00005000,0.02026000
1750492800005,2025-06-21 08:00:00,0.00005000,0.02050292
1750507200000,2025-06-21 12:00:00,0.00005000,0.02030636
1750521600000,2025-06-21 16:00:00,0.00043129,0.02008708
1750536000002,2025-06-21 20:00:00,0.00005000,0.01992000
1750550400005,2025-06-22 00:00:00,0.00005000,0.01969273
1750564800000,2025-06-22 04:00:00,0.00005000,0.01925000
1750579200000,2025-06-22 08:00:00,0.00014097,0.01956000
1750593600003,2025-06-22 12:00:00,0.00005000,0.01953000
1750608000003,2025-06-22 16:00:00,0.00008304,0.01936000
1750622400005,2025-06-22 20:00:00,0.00005000,0.01925000
1750636800000,2025-06-23 00:00:00,0.00005000,0.01962508
1750651200007,2025-06-23 04:00:00,0.00005000,0.01975920
1750665600004,2025-06-23 08:00:00,0.00005000,0.02021000
1750680000001,2025-06-23 12:00:00,0.00005000,0.02028000
1750694400013,2025-06-23 16:00:00,0.00021566,0.02028875
1750708800000,2025-06-23 20:00:00,0.00016100,0.02087000
1750723200003,2025-06-24 00:00:00,0.00005000,0.02197733
1750737600001,2025-06-24 04:00:00,0.00020143,0.02190215
1750752000000,2025-06-24 08:00:00,0.00005000,0.02207770
1750766400001,2025-06-24 12:00:00,0.00030235,0.02204000
1750780800000,2025-06-24 16:00:00,0.00005000,0.02179135
1750795200000,2025-06-24 20:00:00,0.00005000,0.02193000
1750809600005,2025-06-25 00:00:00,0.00035690,0.02210000
1750824000000,2025-06-25 04:00:00,0.00005000,0.02149309
1750838400000,2025-06-25 08:00:00,0.00005000,0.02096435
1750852800003,2025-06-25 12:00:00,0.00005000,0.02234000
1750867200005,2025-06-25 16:00:00,0.00012073,0.02048000
1750881600002,2025-06-25 20:00:00,0.00005000,0.01946000
1750896000000,2025-06-26 00:00:00,0.00005000,0.01905000
1750910400000,2025-06-26 04:00:00,0.00005000,0.01911000
1750924800006,2025-06-26 08:00:00,0.00000792,0.01912000
1750939200005,2025-06-26 12:00:00,0.00005000,0.01916886
1750953600007,2025-06-26 16:00:00,0.00005000,0.01890000
1750968000000,2025-06-26 20:00:00,0.00005000,0.01857778
1750982400000,2025-06-27 00:00:00,0.00005000,0.01887000
1750996800001,2025-06-27 04:00:00,0.00005000,0.01891000
1751011200000,2025-06-27 08:00:00,0.00005000,0.01904000
1751025600003,2025-06-27 12:00:00,0.00005000,0.01895364
1751040000009,2025-06-27 16:00:00,0.00005000,0.01836236
1751054400002,2025-06-27 20:00:00,0.00005000,0.01822062
1751068800001,2025-06-28 00:00:00,0.00005000,0.01834000
1751083200000,2025-06-28 04:00:00,0.00005000,0.01829000
1751097600002,2025-06-28 08:00:00,0.00005000,0.01824636
1751112000000,2025-06-28 12:00:00,0.00005000,0.01809000
1751126400000,2025-06-28 16:00:00,0.00005000,0.01884755
1751140800007,2025-06-28 20:00:00,0.00005000,0.01867000
1751155200004,2025-06-29 00:00:00,0.00005000,0.01875000
1751169600003,2025-06-29 04:00:00,0.00005840,0.01858062
1751184000001,2025-06-29 08:00:00,0.00005000,0.01866577
1751198400003,2025-06-29 12:00:00,0.00005000,0.01857200
1751212800001,2025-06-29 16:00:00,0.00015358,0.01849819
1751227200003,2025-06-29 20:00:00,0.00051057,0.01894099
1751241600000,2025-06-30 00:00:00,0.00006774,0.01942409
1751256000003,2025-06-30 04:00:00,0.00024520,0.01960903
1751270400005,2025-06-30 08:00:00,0.00070363,0.01991000
1751284800000,2025-06-30 12:00:00,0.00005000,0.01987000
1751299200002,2025-06-30 16:00:00,0.00005307,0.01990636
1751313600000,2025-06-30 20:00:00,0.00008658,0.02048000
1751328000007,2025-07-01 00:00:00,0.00005000,0.02053235
1751342400000,2025-07-01 04:00:00,0.00005000,0.02044586
1751356800002,2025-07-01 08:00:00,0.00005000,0.01919091
1751371200000,2025-07-01 12:00:00,0.00005000,0.01878352
1751385600000,2025-07-01 16:00:00,0.00005000,0.01856363
1751400000000,2025-07-01 20:00:00,0.00005000,0.01842000
1751414400001,2025-07-02 00:00:00,0.00005000,0.01834402
1751428800001,2025-07-02 04:00:00,0.00000308,0.01812709
1751443200000,2025-07-02 08:00:00,0.00005000,0.01860508
1751457600001,2025-07-02 12:00:00,-0.00008754,0.01867000
1751472000003,2025-07-02 16:00:00,0.00005000,0.01900545
1751486400000,2025-07-02 20:00:00,0.00005000,0.02035000
1751500800006,2025-07-03 00:00:00,0.00012695,0.02000674
1751515200002,2025-07-03 04:00:00,0.00005000,0.02017000
1751529600003,2025-07-03 08:00:00,0.00027591,0.02090235
1751544000001,2025-07-03 12:00:00,0.00005000,0.02035517
1751558400003,2025-07-03 16:00:00,0.00005000,0.01986527
1751572800000,2025-07-03 20:00:00,0.00040629,0.02043000
1751587200005,2025-07-04 00:00:00,0.00005000,0.02059707
1751601600002,2025-07-04 04:00:00,0.00005000,0.02018000
1751616000003,2025-07-04 08:00:00,0.00005000,0.01978000
1751630400000,2025-07-04 12:00:00,0.00005000,0.01963610
1751644800001,2025-07-04 16:00:00,0.00005000,0.01884317
1751659200000,2025-07-04 20:00:00,0.00005000,0.01858162
1751673600004,2025-07-05 00:00:00,0.00005000,0.01892512
1751688000005,2025-07-05 04:00:00,0.00005000,0.01907961
1751702400009,2025-07-05 08:00:00,0.00004561,0.01906727
1751716800000,2025-07-05 12:00:00,0.00005000,0.01892956
1751731200006,2025-07-05 16:00:00,0.00005000,0.01870500
1751745600000,2025-07-05 20:00:00,0.00005000,0.01867000
1751760000001,2025-07-06 00:00:00,-0.00031324,0.01892000
1751774400000,2025-07-06 04:00:00,0.00005000,0.01875000
1751788800002,2025-07-06 08:00:00,0.00005000,0.01886298
1751803200001,2025-07-06 12:00:00,0.00005000,0.01898000
1751817600004,2025-07-06 16:00:00,0.00005000,0.01932000
1751832000006,2025-07-06 20:00:00,0.00005000,0.01926000
1751846400000,2025-07-07 00:00:00,0.00005000,0.01924000
1751860800000,2025-07-07 04:00:00,0.00005000,0.01950988
1751875200007,2025-07-07 08:00:00,0.00005000,0.01971498
1751889600000,2025-07-07 12:00:00,0.00005000,0.01949000
1751904000000,2025-07-07 16:00:00,0.00005000,0.01904000
1751918400013,2025-07-07 20:00:00,-0.00011218,0.01843000
1751932800010,2025-07-08 00:00:00,-0.00007845,0.01848818
1751947200000,2025-07-08 04:00:00,0.00005000,0.01809000
1751961600003,2025-07-08 08:00:00,-0.00008353,0.01822000
1751976000004,2025-07-08 12:00:00,-0.00009242,0.01834000
1751990400000,2025-07-08 16:00:00,0.00005000,0.01794810
1752004800002,2025-07-08 20:00:00,0.00005000,0.01828236
1752019200002,2025-07-09 00:00:00,0.00005000,0.01846000
1752033600010,2025-07-09 04:00:00,0.00005000,0.01855356
1752048000006,2025-07-09 08:00:00,0.00005000,0.01861298
1752062400000,2025-07-09 12:00:00,0.00005000,0.01868318
1752076800001,2025-07-09 16:00:00,0.00005000,0.01856785
1752091200007,2025-07-09 20:00:00,0.00005000,0.01904903
1752105600003,2025-07-10 00:00:00,0.00041723,0.01969020
1752120000001,2025-07-10 04:00:00,0.00005000,0.01959485
1752134400000,2025-07-10 08:00:00,0.00020410,0.01961000
1752148800001,2025-07-10 12:00:00,0.00037543,0.01981702
1752163200004,2025-07-10 16:00:00,0.00017749,0.01960460
1752177600000,2025-07-10 20:00:00,0.00007288,0.02015364
1752192000004,2025-07-11 00:00:00,0.00005000,0.02103000
1752206400001,2025-07-11 04:00:00,0.00030372,0.02122411
1752220800007,2025-07-11 08:00:00,0.00005000,0.02129000
1752235200000,2025-07-11 12:00:00,0.00005000,0.02129000
1752249600001,2025-07-11 16:00:00,0.00011683,0.02127500
1752264000006,2025-07-11 20:00:00,0.00029941,0.02184317
1752278400000,2025-07-12 00:00:00,0.00005000,0.02052909
1752292800005,2025-07-12 04:00:00,0.00016441,0.02094357
1752307200001,2025-07-12 08:00:00,0.00005000,0.02086720
1752321600007,2025-07-12 12:00:00,0.00005000,0.02070543
1752336000002,2025-07-12 16:00:00,0.00005000,0.01961803
1752350400003,2025-07-12 20:00:00,0.00005000,0.02020000
1752364800006,2025-07-13 00:00:00,0.00047085,0.01999225
1752379200001,2025-07-13 04:00:00,0.00005000,0.01992000
1752393600001,2025-07-13 08:00:00,0.00005000,0.02056000
1752408000003,2025-07-13 12:00:00,0.00010403,0.02043123
1752422400003,2025-07-13 16:00:00,0.00005000,0.02052852
1752436800008,2025-07-13 20:00:00,0.00044075,0.02042000
1752451200000,2025-07-14 00:00:00,0.00009529,0.02021000
1752465600000,2025-07-14 04:00:00,0.00051843,0.02083463
1752480000000,2025-07-14 08:00:00,0.00063648,0.02081040
1752494400001,2025-07-14 12:00:00,0.00033595,0.02063000
1752508800000,2025-07-14 16:00:00,0.00005000,0.02045240
1752523200003,2025-07-14 20:00:00,0.00005000,0.02014213
1752537600002,2025-07-15 00:00:00,0.00021464,0.02098000
1752552000008,2025-07-15 04:00:00,0.00005000,0.02035098
1752566400000,2025-07-15 08:00:00,0.00005000,0.02033000
1752580800000,2025-07-15 12:00:00,0.00005000,0.02016000
1752595200000,2025-07-15 16:00:00,0.00005000,0.02077939
1752609600005,2025-07-15 20:00:00,0.00005000,0.02091000
1752624000000,2025-07-16 00:00:00,0.00022293,0.02153000
1752638400000,2025-07-16 04:00:00,0.00005000,0.02114845
1752652800000,2025-07-16 08:00:00,0.00030383,0.02131455
1752667200005,2025-07-16 12:00:00,0.00007771,0.02147000
1752681600008,2025-07-16 16:00:00,0.00018156,0.02133000
1752696000000,2025-07-16 20:00:00,0.00048979,0.02241000
1752710400003,2025-07-17 00:00:00,0.00007858,0.02211290
1752724800000,2025-07-17 04:00:00,0.00014623,0.02262000
1752739200000,2025-07-17 08:00:00,0.00027991,0.02276658
1752753600000,2025-07-17 12:00:00,0.00051474,0.02298000
1752768000000,2025-07-17 16:00:00,0.00027496,0.02263000
1752782400000,2025-07-17 20:00:00,0.00005008,0.02208545
1752796800004,2025-07-18 00:00:00,0.00048216,0.02253000
1752811200000,2025-07-18 04:00:00,0.00057904,0.02310727
1752825600000,2025-07-18 08:00:00,0.00005000,0.02338000
1752840000000,2025-07-18 12:00:00,0.00033396,0.02293744
1752854400000,2025-07-18 16:00:00,0.00040076,0.02232509
1752868800010,2025-07-18 20:00:00,0.00005000,0.02243636
1752883200009,2025-07-19 00:00:00,0.00009492,0.02289573
1752897600000,2025-07-19 04:00:00,0.00028610,0.02270501
1752912000000,2025-07-19 08:00:00,0.00005000,0.02263000
1752926400000,2025-07-19 12:00:00,0.00005000,0.02237748
1752940800002,2025-07-19 16:00:00,0.00005000,0.02186000
1752955200002,2025-07-19 20:00:00,0.00056861,0.02311192
1752969600000,2025-07-20 00:00:00,0.00005000,0.02311270
1752984000007,2025-07-20 04:00:00,0.00005000,0.02326790
1752998400000,2025-07-20 08:00:00,0.00026303,0.02340909
1753012800003,2025-07-20 12:00:00,0.00043157,0.02362448
1753027200000,2025-07-20 16:00:00,0.00088824,0.02390814
1753041600013,2025-07-20 20:00:00,0.00005000,0.02342000
1753056000001,2025-07-21 00:00:00,0.00039528,0.02317585
1753070400001,2025-07-21 04:00:00,0.00034550,0.02362000
1753084800000,2025-07-21 08:00:00,0.00007963,0.02362000
1753099200001,2025-07-21 12:00:00,0.00020295,0.02323000
1753113600001,2025-07-21 16:00:00,0.00006812,0.02309000
1753128000003,2025-07-21 20:00:00,0.00005000,0.02208000
1753142400000,2025-07-22 00:00:00,0.00005000,0.02266000
1753156800001,2025-07-22 04:00:00,0.00005000,0.02226419
1753171200010,2025-07-22 08:00:00,0.00005000,0.02141045
1753185600001,2025-07-22 12:00:00,0.00005000,0.02166000
1753200000007,2025-07-22 16:00:00,0.00016846,0.02153177
1753214400001,2025-07-22 20:00:00,0.00005000,0.02111000
1753228800000,2025-07-23 00:00:00,0.00005000,0.02171967
1753243200010,2025-07-23 04:00:00,0.00045857,0.02172818
1753257600004,2025-07-23 08:00:00,0.00007722,0.02182000
1753272000002,2025-07-23 12:00:00,0.00005000,0.02164465
1753286400002,2025-07-23 16:00:00,0.00031137,0.02080352
1753300800005,2025-07-23 20:00:00,0.00005000,0.01947000
1753315200000,2025-07-24 00:00:00,0.00005000,0.01918000
1753329600001,2025-07-24 04:00:00,-0.00022838,0.01920138
1753344000001,2025-07-24 08:00:00,0.00005000,0.01820000
1753358400000,2025-07-24 12:00:00,0.00005000,0.01852475
1753372800000,2025-07-24 16:00:00,0.00005000,0.01879000
1753387200001,2025-07-24 20:00:00,0.00005000,0.01858000
1753401600000,2025-07-25 00:00:00,0.00005000,0.01847455
1753416000001,2025-07-25 04:00:00,-0.00001090,0.01807818
1753430400000,2025-07-25 08:00:00,-0.00007386,0.01860000
1753444800000,2025-07-25 12:00:00,0.00005000,0.01902841
1753459200000,2025-07-25 16:00:00,0.00005000,0.01884000
1753473600000,2025-07-25 20:00:00,0.00005000,0.01963577
1753488000001,2025-07-26 00:00:00,0.00005000,0.01985091
1753502400001,2025-07-26 04:00:00,0.00005000,0.01977000
1753516800005,2025-07-26 08:00:00,0.00005000,0.02001000
1753531200004,2025-07-26 12:00:00,0.00005000,0.01975364
1753545600001,2025-07-26 16:00:00,0.00005000,0.01966909
1753560000000,2025-07-26 20:00:00,0.00005000,0.01973000
1753574400001,2025-07-27 00:00:00,0.00005000,0.01954000
1753588800000,2025-07-27 04:00:00,0.00005000,0.01956000
1753603200000,2025-07-27 08:00:00,0.00005000,0.01981364
1753617600000,2025-07-27 12:00:00,0.00034386,0.01979419
1753632000008,2025-07-27 16:00:00,0.00005000,0.02020720
1753646400002,2025-07-27 20:00:00,0.00005000,0.02037764
1753660800005,2025-07-28 00:00:00,0.00005000,0.02058000
1753675200001,2025-07-28 04:00:00,0.00005000,0.02081000
1753689600000,2025-07-28 08:00:00,0.00062269,0.02070855
1753704000000,2025-07-28 12:00:00,0.00005000,0.02072000
1753718400000,2025-07-28 16:00:00,0.00005000,0.01953000
1753732800005,2025-07-28 20:00:00,0.00005000,0.01926000
1753747200001,2025-07-29 00:00:00,0.00005000,0.01911244
1753761600001,2025-07-29 04:00:00,0.00005000,0.01915000
1753776000000,2025-07-29 08:00:00,0.00005000,0.01996818
1753790400001,2025-07-29 12:00:00,0.00005000,0.01965000
1753804800000,2025-07-29 16:00:00,0.00005000,0.01904161
1753819200000,2025-07-29 20:00:00,0.00005000,0.01868044
1753833600011,2025-07-30 00:00:00,0.00005000,0.01901000
1753848000000,2025-07-30 04:00:00,0.00005000,0.01893344
1753862400000,2025-07-30 08:00:00,0.00005000,0.01877000
1753876800003,2025-07-30 12:00:00,0.00005000,0.01802000
1753891200008,2025-07-30 16:00:00,0.00005000,0.01841880
1753905600000,2025-07-30 20:00:00,0.00005000,0.01817818
1753920000000,2025-07-31 00:00:00,0.00005000,0.01820905
1753934400010,2025-07-31 04:00:00,0.00005000,0.01870000
1753948800009,2025-07-31 08:00:00,0.00005000,0.01886458
1753963200003,2025-07-31 12:00:00,0.00005000,0.01861000
1753977600000,2025-07-31 16:00:00,0.00015040,0.01826000
1753992000000,2025-07-31 20:00:00,0.00005000,0.01840058
1754006400001,2025-08-01 00:00:00,0.00005000,0.01759835
1754020800000,2025-08-01 04:00:00,0.00005000,0.01790420
1754035200003,2025-08-01 08:00:00,0.00005000,0.01741636
1754049600001,2025-08-01 12:00:00,0.00005000,0.01762000
1754064000000,2025-08-01 16:00:00,0.00056205,0.01782000
1754078400004,2025-08-01 20:00:00,0.00065372,0.01805000
1754092800004,2025-08-02 00:00:00,0.00005000,0.01756958
1754107200000,2025-08-02 04:00:00,0.00007229,0.01764000
1754121600000,2025-08-02 08:00:00,0.00024115,0.01752502
1754136000005,2025-08-02 12:00:00,0.00005000,0.01729000
1754150400000,2025-08-02 16:00:00,0.00005000,0.01684000
1754164800001,2025-08-02 20:00:00,0.00005000,0.01623000
1754179200000,2025-08-03 00:00:00,0.00005000,0.01639000
1754193600000,2025-08-03 04:00:00,0.00005000,0.01683485
1754208000000,2025-08-03 08:00:00,0.00005000,0.01697118
1754222400001,2025-08-03 12:00:00,0.00005000,0.01702741
1754236800003,2025-08-03 16:00:00,0.00005000,0.01702086
1754251200002,2025-08-03 20:00:00,0.00005000,0.01713000
1754265600004,2025-08-04 00:00:00,0.00005000,0.01722400
1754280000000,2025-08-04 04:00:00,0.00005000,0.01751000
1754294400000,2025-08-04 08:00:00,0.00005000,0.01750000
1754308800006,2025-08-04 12:00:00,0.00009402,0.01754000
1754323200002,2025-08-04 16:00:00,0.00056138,0.01764000
1754337600007,2025-08-04 20:00:00,0.00005000,0.01766000
1754352000000,2025-08-05 00:00:00,0.00013501,0.01806197
1754366400000,2025-08-05 04:00:00,0.00015728,0.01795000
1754380800000,2025-08-05 08:00:00,0.00005000,0.01727000
1754395200004,2025-08-05 12:00:00,0.00033310,0.01812727
1754409600000,2025-08-05 16:00:00,0.00005000,0.01656750
1754424000003,2025-08-05 20:00:00,0.00005000,0.01590000
1754438400005,2025-08-06 00:00:00,0.00005000,0.01584000
1754452800000,2025-08-06 04:00:00,-0.00016215,0.01517455
1754467200000,2025-08-06 08:00:00,-0.00003579,0.01601667
1754481600000,2025-08-06 12:00:00,0.00005000,0.01584000
1754496000000,2025-08-06 16:00:00,0.00005000,0.01613283
1754510400000,2025-08-06 20:00:00,-0.00013742,0.01603933
1754524800003,2025-08-07 00:00:00,0.00005000,0.01594000
1754539200004,2025-08-07 04:00:00,-0.00002002,0.01592679
1754553600002,2025-08-07 08:00:00,0.00002435,0.01628000
1754568000001,2025-08-07 12:00:00,0.00029321,0.01668793
1754582400002,2025-08-07 16:00:00,0.00005000,0.01652000
1754596800001,2025-08-07 20:00:00,0.00005000,0.01659000
1754611200002,2025-08-08 00:00:00,0.00005000,0.01716853
1754625600010,2025-08-08 04:00:00,0.00089279,0.01759182
1754640000004,2025-08-08 08:00:00,0.00055080,0.01768000
1754654400003,2025-08-08 12:00:00,0.00005000,0.01798364
1754668800000,2025-08-08 16:00:00,0.00017361,0.01754091
1754683200004,2025-08-08 20:00:00,0.00037213,0.01848909
1754697600005,2025-08-09 00:00:00,0.00023606,0.01840197
1754712000015,2025-08-09 04:00:00,0.00005000,0.01809932
1754726400000,2025-08-09 08:00:00,0.00040438,0.01861408
1754740800003,2025-08-09 12:00:00,0.00065627,0.01833818
1754755200007,2025-08-09 16:00:00,0.00069478,0.01756605
1754769600000,2025-08-09 20:00:00,0.00030896,0.01791000
1754784000003,2025-08-10 00:00:00,0.00038130,0.01773420
1754798400006,2025-08-10 04:00:00,0.00108981,0.01816000
1754812800005,2025-08-10 08:00:00,0.00054214,0.01736455
1754827200006,2025-08-10 12:00:00,0.00010401,0.01718000
1754841600002,2025-08-10 16:00:00,0.00015874,0.01738675
1754856000000,2025-08-10 20:00:00,0.00027777,0.01787000
1754870400000,2025-08-11 00:00:00,0.00054526,0.01768545
1754884800000,2025-08-11 04:00:00,0.00054281,0.01785485
1754899200000,2025-08-11 08:00:00,0.00005000,0.01744000
1754913600000,2025-08-11 12:00:00,0.00011031,0.01659909
1754928000000,2025-08-11 16:00:00,0.00067139,0.01681000
1754942400000,2025-08-11 20:00:00,0.00005000,0.01672243
1754956800000,2025-08-12 00:00:00,0.00005000,0.01620455
1754971200001,2025-08-12 04:00:00,0.00005000,0.01631053
1754985600001,2025-08-12 08:00:00,0.00005000,0.01634818
1755000000000,2025-08-12 12:00:00,0.00005000,0.01608455
1755014400005,2025-08-12 16:00:00,0.00013031,0.01706695
1755028800000,2025-08-12 20:00:00,0.00018722,0.01734000
1755043200000,2025-08-13 00:00:00,0.00005000,0.01719000
1755057600000,2025-08-13 04:00:00,0.00054671,0.01772000
1755072000002,2025-08-13 08:00:00,0.00018581,0.01753000
1755086400000,2025-08-13 12:00:00,0.00061899,0.01805887
1755100800006,2025-08-13 16:00:00,0.00057056,0.01815000
1755115200001,2025-08-13 20:00:00,0.00054719,0.01775848
1755129600002,2025-08-14 00:00:00,0.00048087,0.01798485
1755144000009,2025-08-14 04:00:00,0.00090320,0.01807000
1755158400003,2025-08-14 08:00:00,0.00005000,0.01745613
1755172800001,2025-08-14 12:00:00,0.00009115,0.01725812
1755187200000,2025-08-14 16:00:00,0.00005000,0.01598091
1755201600002,2025-08-14 20:00:00,0.00005000,0.01570000
1755216000000,2025-08-15 00:00:00,0.00005000,0.01562815
1755230400000,2025-08-15 04:00:00,-0.00054826,0.01592047
1755244800000,2025-08-15 08:00:00,0.00005000,0.01595909
1755259200001,2025-08-15 12:00:00,0.00005000,0.01576615
1755273600000,2025-08-15 16:00:00,-0.00000126,0.01531000
1755288000007,2025-08-15 20:00:00,0.00005000,0.01528000
1755302400004,2025-08-16 00:00:00,0.00005000,0.01584000
1755316800000,2025-08-16 04:00:00,0.00005000,0.01685000
1755331200000,2025-08-16 08:00:00,0.00005000,0.01677250
1755345600004,2025-08-16 12:00:00,0.00005000,0.01711000
1755360000002,2025-08-16 16:00:00,0.00005000,0.01903833
1755374400006,2025-08-16 20:00:00,0.00005000,0.01901000
1755388800000,2025-08-17 00:00:00,0.00005000,0.01866636
1755403200000,2025-08-17 04:00:00,0.00005000,0.01842674
1755417600001,2025-08-17 08:00:00,0.00005000,0.01836000
1755432000002,2025-08-17 12:00:00,0.00005000,0.01825644
1755446400007,2025-08-17 16:00:00,0.00005000,0.01825250
1755460800001,2025-08-17 20:00:00,0.00005000,0.01799000
1755475200000,2025-08-18 00:00:00,0.00005000,0.01804255
1755489600010,2025-08-18 04:00:00,0.00005000,0.01778455
1755504000001,2025-08-18 08:00:00,0.00005000,0.01830392
1755518400002,2025-08-18 12:00:00,0.00028193,0.01832000
1755532800002,2025-08-18 16:00:00,0.00005000,0.01823362
1755547200007,2025-08-18 20:00:00,0.00007969,0.01891000
1755561600000,2025-08-19 00:00:00,0.00005000,0.01861000
1755576000000,2025-08-19 04:00:00,0.00005000,0.01819788
1755590400001,2025-08-19 08:00:00,0.00005000,0.01795053
1755604800001,2025-08-19 12:00:00,0.00005000,0.01836000
1755619200000,2025-08-19 16:00:00,0.00005000,0.01758122
1755633600000,2025-08-19 20:00:00,0.00005000,0.01711161
1755648000000,2025-08-20 00:00:00,0.00005000,0.01667406
1755662400000,2025-08-20 04:00:00,0.00005000,0.01671170
1755676800000,2025-08-20 08:00:00,0.00005000,0.01691000
1755691200002,2025-08-20 12:00:00,0.00005000,0.01684085
1755705600000,2025-08-20 16:00:00,0.00008774,0.01733345
1755720000001,2025-08-20 20:00:00,0.00040842,0.01764583
1755734400006,2025-08-21 00:00:00,0.00005000,0.01753255
1755748800003,2025-08-21 04:00:00,0.00005000,0.01737026
1755763200000,2025-08-21 08:00:00,0.00005000,0.01730808
1755777600009,2025-08-21 12:00:00,0.00046019,0.01689000
1755792000003,2025-08-21 16:00:00,0.00005000,0.01656000
1755806400000,2025-08-21 20:00:00,0.00005000,0.01658729
1755820800010,2025-08-22 00:00:00,0.00005000,0.01723182
1755835200003,2025-08-22 04:00:00,0.00005000,0.01917000
1755849600007,2025-08-22 08:00:00,0.00010750,0.01957620
1755864000001,2025-08-22 12:00:00,0.00005000,0.01920000
1755878400001,2025-08-22 16:00:00,0.00032563,0.02037343
1755892800004,2025-08-22 20:00:00,0.00015133,0.02023000
1755907200004,2025-08-23 00:00:00,0.00042374,0.02024000
1755921600000,2025-08-23 04:00:00,0.00017091,0.01955000
1755936000006,2025-08-23 08:00:00,0.00018612,0.01953427
1755950400000,2025-08-23 12:00:00,0.00009954,0.01923000
1755964800000,2025-08-23 16:00:00,0.00036481,0.01942017
1755979200005,2025-08-23 20:00:00,0.00025717,0.01937908
1755993600001,2025-08-24 00:00:00,0.00005000,0.01943000
1756008000000,2025-08-24 04:00:00,0.00005000,0.01989818
1756022400002,2025-08-24 08:00:00,0.00005000,0.01997295
1756036800003,2025-08-24 12:00:00,0.00005000,0.01845000
1756051200001,2025-08-24 16:00:00,0.00005000,0.01866000
1756065600008,2025-08-24 20:00:00,0.00005000,0.01919000
1756080000000,2025-08-25 00:00:00,0.00005000,0.01911420
1756094400001,2025-08-25 04:00:00,0.00005000,0.01876000
1756108800002,2025-08-25 08:00:00,0.00005000,0.01794239
1756123200000,2025-08-25 12:00:00,0.00005000,0.01793000
1756137600002,2025-08-25 16:00:00,0.00005000,0.01832517
1756152000003,2025-08-25 20:00:00,0.00005000,0.01826018
1756166400000,2025-08-26 00:00:00,0.00005000,0.01869348
1756180800007,2025-08-26 04:00:00,0.00005000,0.01941006
1756195200000,2025-08-26 08:00:00,0.00005000,0.01991452
1756209600001,2025-08-26 12:00:00,0.00005000,0.01984000
1756224000000,2025-08-26 16:00:00,0.00005000,0.01991909
1756238400000,2025-08-26 20:00:00,0.00010037,0.02000000
1756252800003,2025-08-27 00:00:00,0.00005000,0.01975918
1756267200000,2025-08-27 04:00:00,0.00010155,0.01982482
1756281600000,2025-08-27 08:00:00,0.00005000,0.01973467
1756296000003,2025-08-27 12:00:00,0.00005000,0.01994000
1756310400009,2025-08-27 16:00:00,0.00005000,0.01999000
1756324800001,2025-08-27 20:00:00,0.00009844,0.01985500
1756339200000,2025-08-28 00:00:00,0.00005000,0.01976703
1756353600000,2025-08-28 04:00:00,0.00029709,0.01993383
1756368000005,2025-08-28 08:00:00,0.00057160,0.01989000
1756382400000,2025-08-28 12:00:00,0.00005000,0.01989536
1756396800004,2025-08-28 16:00:00,0.00010494,0.02009983
1756411200003,2025-08-28 20:00:00,0.00010158,0.01979305
1756425600000,2025-08-29 00:00:00,0.00018038,0.01999385
1756440000008,2025-08-29 04:00:00,0.00041897,0.01991000
1756454400000,2025-08-29 08:00:00,0.00005000,0.01883000
1756468800010,2025-08-29 12:00:00,0.00022005,0.01937000
1756483200005,2025-08-29 16:00:00,0.00038647,0.02067575
1756497600000,2025-08-29 20:00:00,0.00023207,0.02022909
1756512000000,2025-08-30 00:00:00,0.00038848,0.02177091
1756526400000,2025-08-30 04:00:00,0.00098329,0.02119000
1756540800002,2025-08-30 08:00:00,0.00062828,0.02154655
1756555200006,2025-08-30 12:00:00,0.00031294,0.02133000
1756569600003,2025-08-30 16:00:00,0.00024127,0.02119811
1756584000000,2025-08-30 20:00:00,0.00044237,0.02116668
1756598400016,2025-08-31 00:00:00,0.00046674,0.02112027
1756612800000,2025-08-31 04:00:00,0.00005000,0.02119441
1756627200000,2025-08-31 08:00:00,0.00028729,0.02058871
1756641600003,2025-08-31 12:00:00,0.00005000,0.01991524
1756656000001,2025-08-31 16:00:00,0.00005000,0.01935839
1756670400000,2025-08-31 20:00:00,0.00005000,0.01921182
1756684800000,2025-09-01 00:00:00,0.00005000,0.01884183
1756699200005,2025-09-01 04:00:00,0.00005000,0.01909000
1756713600000,2025-09-01 08:00:00,0.00005000,0.01915384
1756728000014,2025-09-01 12:00:00,0.00005000,0.01887091
1756742400001,2025-09-01 16:00:00,0.00005000,0.01871000
1756756800008,2025-09-01 20:00:00,0.00037084,0.01874500
1756771200000,2025-09-02 00:00:00,0.00014879,0.01815398
1756785600009,2025-09-02 04:00:00,0.00030780,0.01909000
1756800000005,2025-09-02 08:00:00,0.00006009,0.01967929
1756814400003,2025-09-02 12:00:00,0.00023056,0.02080945
1756828800007,2025-09-02 16:00:00,0.00023296,0.02092000
1756843200001,2025-09-02 20:00:00,0.00029886,0.02116788
1756857600006,2025-09-03 00:00:00,0.00013041,0.02120562
1756872000003,2025-09-03 04:00:00,0.00009196,0.02099000
1756886400002,2025-09-03 08:00:00,0.00045954,0.02064000
1756900800000,2025-09-03 12:00:00,0.00019509,0.02072602
1756915200002,2025-09-03 16:00:00,0.00019275,0.02081545
1756929600006,2025-09-03 20:00:00,0.00021752,0.02068355
1756944000002,2025-09-04 00:00:00,0.00018161,0.02046000
1756958400000,2025-09-04 04:00:00,0.00005000,0.01997000
1756972800000,2025-09-04 08:00:00,0.00006441,0.01949947
1756987200002,2025-09-04 12:00:00,0.00005000,0.01862063
1757001600000,2025-09-04 16:00:00,0.00005000,0.01837380
1757016000000,2025-09-04 20:00:00,0.00005000,0.01818000
1757030400001,2025-09-05 00:00:00,0.00005000,0.01838000
1757044800000,2025-09-05 04:00:00,0.00020726,0.01909959
1757059200006,2025-09-05 08:00:00,0.00005000,0.01928928
1757073600001,2025-09-05 12:00:00,0.00022124,0.02017439
1757088000000,2025-09-05 16:00:00,0.00022325,0.02005000
1757102400000,2025-09-05 20:00:00,0.00021833,0.02013000
1757116800000,2025-09-06 00:00:00,0.00036275,0.02023000
1757131200000,2025-09-06 04:00:00,0.00019338,0.01979184
1757145600005,2025-09-06 08:00:00,0.00005000,0.01965761
1757160000000,2025-09-06 12:00:00,0.00005000,0.01933545
1757174400000,2025-09-06 16:00:00,0.00005000,0.01922000
1757188800001,2025-09-06 20:00:00,0.00005000,0.01920636
1757203200000,2025-09-07 00:00:00,0.00005000,0.01976156
1757217600008,2025-09-07 04:00:00,0.00069441,0.02032250
1757232000000,2025-09-07 08:00:00,0.00057840,0.02029592
1757246400000,2025-09-07 12:00:00,0.00018382,0.02020000
1757260800000,2025-09-07 16:00:00,0.00005000,0.02021583
1757275200003,2025-09-07 20:00:00,0.00005000,0.01996289
1757289600007,2025-09-08 00:00:00,0.00007767,0.01984000
1757304000008,2025-09-08 04:00:00,0.00037346,0.01990155
1757318400000,2025-09-08 08:00:00,0.00005000,0.01973952
1757332800005,2025-09-08 12:00:00,0.00048007,0.01990000
1757347200000,2025-09-08 16:00:00,0.00049332,0.02050000
1757361600001,2025-09-08 20:00:00,0.00008946,0.02016623
1757376000000,2025-09-09 00:00:00,0.00023722,0.02022813
1757390400000,2025-09-09 04:00:00,0.00018354,0.02061000
1757404800000,2025-09-09 08:00:00,0.00046743,0.02112000
1757419200004,2025-09-09 12:00:00,0.00005000,0.02079000
1757433600000,2025-09-09 16:00:00,0.00052753,0.02017842
1757448000000,2025-09-09 20:00:00,0.00023221,0.02026759
1757462400000,2025-09-10 00:00:00,0.00059065,0.02023000
1757476800001,2025-09-10 04:00:00,0.00048341,0.02201455
1757491200002,2025-09-10 08:00:00,0.00005000,0.02126621
1757505600004,2025-09-10 12:00:00,0.00024159,0.02165361
1757520000000,2025-09-10 16:00:00,0.00034835,0.02109579
1757534400007,2025-09-10 20:00:00,0.00025350,0.02059182
1757548800000,2025-09-11 00:00:00,0.00027053,0.02093383
1757563200003,2025-09-11 04:00:00,0.00038119,0.02105747
1757577600000,2025-09-11 08:00:00,0.00030545,0.02120947
1757592000005,2025-09-11 12:00:00,0.00005109,0.02072000
1757606400001,2025-09-11 16:00:00,0.00019591,0.02094000
1757620800001,2025-09-11 20:00:00,0.00030138,0.02144000
1757635200002,2025-09-12 00:00:00,0.00043512,0.02157500
1757649600004,2025-09-12 04:00:00,0.00010907,0.02118000
1757664000001,2025-09-12 08:00:00,0.00005000,0.02160638
1757678400001,2025-09-12 12:00:00,0.00008562,0.02085358
1757692800005,2025-09-12 16:00:00,0.00049351,0.02133000
1757707200000,2025-09-12 20:00:00,0.00071060,0.02237940
1757721600005,2025-09-13 00:00:00,0.00053401,0.02227770
1757736000002,2025-09-13 04:00:00,0.00074609,0.02198000
1757750400002,2025-09-13 08:00:00,0.00038828,0.02181000
1757764800005,2025-09-13 12:00:00,0.00067171,0.02204196
1757779200000,2025-09-13 16:00:00,0.00050592,0.02156575
1757793600001,2025-09-13 20:00:00,0.00019430,0.02174000
1757808000006,2025-09-14 00:00:00,0.00005000,0.02206000
1757822400001,2025-09-14 04:00:00,0.00022039,0.02158604
1757836800000,2025-09-14 08:00:00,0.00043148,0.02164639
1757851200004,2025-09-14 12:00:00,0.00005000,0.02104150
1757865600001,2025-09-14 16:00:00,0.00019677,0.02025000
1757880000000,2025-09-14 20:00:00,0.00005000,0.02019169
1757894400006,2025-09-15 00:00:00,0.00005000,0.02024000
1757908800000,2025-09-15 04:00:00,0.00023259,0.02051000
1757923200002,2025-09-15 08:00:00,0.00016514,0.02015000
1757937600003,2025-09-15 12:00:00,0.00005000,0.01975633
1757952000001,2025-09-15 16:00:00,0.00005000,0.01955000
1757966400001,2025-09-15 20:00:00,0.00005000,0.02095395
1757980800001,2025-09-16 00:00:00,0.00005000,0.02153000
1757995200000,2025-09-16 04:00:00,0.00021916,0.02188000
1758009600000,2025-09-16 08:00:00,0.00033739,0.02226031
1758024000002,2025-09-16 12:00:00,0.00005000,0.02157786
1758038400000,2025-09-16 16:00:00,0.00041063,0.02247262
1758052800004,2025-09-16 20:00:00,0.00005000,0.02242000
1758067200001,2025-09-17 00:00:00,0.00005000,0.02226000
1758081600004,2025-09-17 04:00:00,0.00005000,0.02278098
1758096000000,2025-09-17 08:00:00,0.00012149,0.02388762
1758110400000,2025-09-17 12:00:00,0.00009912,0.02300357
1758124800003,2025-09-17 16:00:00,0.00005000,0.02269000
1758139200000,2025-09-17 20:00:00,0.00020167,0.02205065
1758153600006,2025-09-18 00:00:00,0.00005421,0.02167570
1758168000001,2025-09-18 04:00:00,0.00005000,0.02188000
1758182400002,2025-09-18 08:00:00,0.00017233,0.02192140
1758196800000,2025-09-18 12:00:00,0.00005000,0.02194443
1758211200000,2025-09-18 16:00:00,0.00026157,0.02302567
1758225600008,2025-09-18 20:00:00,0.00008884,0.02408000
1758240000000,2025-09-19 00:00:00,0.00008627,0.02317786
1758254400003,2025-09-19 04:00:00,0.00019154,0.02162214
1758268800005,2025-09-19 08:00:00,0.00015039,0.02195000
1758283200000,2025-09-19 12:00:00,0.00005000,0.02143000
1758297600000,2025-09-19 16:00:00,0.00010911,0.02163000
1758312000004,2025-09-19 20:00:00,0.00005000,0.02155000
1758326400000,2025-09-20 00:00:00,0.00013112,0.02140000
1758340800000,2025-09-20 04:00:00,0.00025715,0.02119298
1758355200000,2025-09-20 08:00:00,0.00005302,0.02175000
1758369600008,2025-09-20 12:00:00,0.00033494,0.02118588
1758384000002,2025-09-20 16:00:00,0.00005000,0.02140560
1758398400000,2025-09-20 20:00:00,0.00040318,0.02148000
1758412800000,2025-09-21 00:00:00,0.00005000,0.02152500
1758427200002,2025-09-21 04:00:00,0.00019277,0.02124000
1758441600000,2025-09-21 08:00:00,0.00020030,0.02172581
1758456000002,2025-09-21 12:00:00,0.00016017,0.02126000
1758470400000,2025-09-21 16:00:00,0.00015769,0.02114000
1758484800000,2025-09-21 20:00:00,0.00019075,0.02097724
1758499200005,2025-09-22 00:00:00,0.00040029,0.02089000
1758513600000,2025-09-22 04:00:00,0.00014429,0.02033000
1758528000003,2025-09-22 08:00:00,0.00005000,0.01914357
1758542400005,2025-09-22 12:00:00,0.00005000,0.02013887
1758556800000,2025-09-22 16:00:00,0.00015627,0.01951000
1758571200001,2025-09-22 20:00:00,0.00015546,0.02073000
1758585600000,2025-09-23 00:00:00,0.00009015,0.02063000
1758600000012,2025-09-23 04:00:00,0.00022575,0.02199538
1758614400001,2025-09-23 08:00:00,0.00031099,0.02304000
1758628800000,2025-09-23 12:00:00,0.00031579,0.02310560
1758643200000,2025-09-23 16:00:00,0.00031421,0.02485836
1758657600001,2025-09-23 20:00:00,0.00005643,0.02484690
1758672000003,2025-09-24 00:00:00,0.00006323,0.02480967
1758686400000,2025-09-24 04:00:00,0.00005000,0.02467000
1758700800001,2025-09-24 08:00:00,0.00018196,0.02580914
1758715200001,2025-09-24 12:00:00,0.00010486,0.02694448
1758729600002,2025-09-24 16:00:00,0.00005000,0.02662367
1758744000001,2025-09-24 20:00:00,0.00005000,0.02662000
1758758400000,2025-09-25 00:00:00,0.00005000,0.02696921
1758772800000,2025-09-25 04:00:00,0.00005000,0.02632650
1758787200001,2025-09-25 08:00:00,0.00008300,0.02628605
1758801600000,2025-09-25 12:00:00,0.00010882,0.02566817
1758816000000,2025-09-25 16:00:00,0.00013881,0.02782693
1758830400000,2025-09-25 20:00:00,0.00033716,0.02725805
1758844800000,2025-09-26 00:00:00,0.00009343,0.02753000
1758859200002,2025-09-26 04:00:00,0.00028211,0.02746000
1758873600000,2025-09-26 08:00:00,0.00022609,0.02748907
1758888000000,2025-09-26 12:00:00,0.00005000,0.02663000
1758902400008,2025-09-26 16:00:00,0.00019886,0.02874893
1758916800005,2025-09-26 20:00:00,0.00018807,0.02747000
1758931200000,2025-09-27 00:00:00,0.00005583,0.02708890
1758945600000,2025-09-27 04:00:00,0.00005000,0.02702000
1758960000010,2025-09-27 08:00:00,0.00014650,0.02848000
1758974400003,2025-09-27 12:00:00,0.00005000,0.02868731
1758988800003,2025-09-27 16:00:00,0.00013198,0.03079507
1759003200002,2025-09-27 20:00:00,0.00014993,0.02993629
1759017600000,2025-09-28 00:00:00,0.00018826,0.02960000
1759032000002,2025-09-28 04:00:00,0.00012355,0.02737000
1759046400000,2025-09-28 08:00:00,0.00005000,0.02602714
1759060800000,2025-09-28 12:00:00,0.00005000,0.02671441
1759075200000,2025-09-28 16:00:00,0.00005000,0.02676643
1759089600004,2025-09-28 20:00:00,0.00005000,0.02671371
1759104000000,2025-09-29 00:00:00,0.00007535,0.02729000
1759118400000,2025-09-29 04:00:00,0.00005000,0.02677798
1759132800002,2025-09-29 08:00:00,0.00015291,0.02722993
1759147200000,2025-09-29 12:00:00,0.00018161,0.02710929
1759161600001,2025-09-29 16:00:00,0.00005751,0.02659900
1759176000000,2025-09-29 20:00:00,0.00005000,0.02742000
1759190400002,2025-09-30 00:00:00,0.00005000,0.02679000
1759204800000,2025-09-30 04:00:00,0.00005000,0.02691000
1759219200005,2025-09-30 08:00:00,0.00005000,0.02676000
1759233600000,2025-09-30 12:00:00,0.00005000,0.02705100
1759248000000,2025-09-30 16:00:00,0.00005000,0.02888000
1759262400000,2025-09-30 20:00:00,0.00005000,0.02847240
1759276800000,2025-10-01 00:00:00,0.00005000,0.02825026
1759291200008,2025-10-01 04:00:00,0.00008051,0.02784877
1759305600000,2025-10-01 08:00:00,0.00005000,0.02735000
1759320000007,2025-10-01 12:00:00,0.00005000,0.02737589
1759334400000,2025-10-01 16:00:00,0.00005000,0.02726000
1759348800001,2025-10-01 20:00:00,0.00005000,0.02789000
1759363200000,2025-10-02 00:00:00,0.00005000,0.02719000
1759377600001,2025-10-02 04:00:00,0.00012087,0.02830314
1759392000013,2025-10-02 08:00:00,0.00006650,0.02830776
1759406400000,2025-10-02 12:00:00,0.00005000,0.02792000
1759420800000,2025-10-02 16:00:00,0.00019182,0.02878821
1759435200000,2025-10-02 20:00:00,0.00020675,0.02748000
1759449600006,2025-10-03 00:00:00,0.00022816,0.02725000
1759464000000,2025-10-03 04:00:00,0.00005000,0.02688369
1759478400006,2025-10-03 08:00:00,0.00005000,0.02671900
1759492800000,2025-10-03 12:00:00,0.00005000,0.02702000
1759507200000,2025-10-03 16:00:00,0.00007415,0.02740436
1759521600002,2025-10-03 20:00:00,0.00024358,0.02732000
1759536000001,2025-10-04 00:00:00,0.00017758,0.02719769
1759550400006,2025-10-04 04:00:00,0.00035101,0.02720090
1759564800000,2025-10-04 08:00:00,0.00032692,0.02730000
1759579200000,2025-10-04 12:00:00,0.00009322,0.02733000
1759593600000,2025-10-04 16:00:00,0.00014387,0.02715000
1759608000003,2025-10-04 20:00:00,0.00022490,0.02739000
1759622400000,2025-10-05 00:00:00,0.00040140,0.02739000
1759636800000,2025-10-05 04:00:00,0.00031453,0.02729000
1759651200003,2025-10-05 08:00:00,0.00030285,0.02753000
1759665600000,2025-10-05 12:00:00,0.00005000,0.02715950
1759680000009,2025-10-05 16:00:00,0.00031680,0.02667967
1759694400004,2025-10-05 20:00:00,0.00012472,0.02659000
1759708800004,2025-10-06 00:00:00,0.00029754,0.02686012
1759723200003,2025-10-06 04:00:00,0.00016567,0.02687000
1759737600002,2025-10-06 08:00:00,0.00047610,0.02689000
1759752000000,2025-10-06 12:00:00,0.00044700,0.02687000
1759766400004,2025-10-06 16:00:00,0.00030498,0.02723426
1759780800002,2025-10-06 20:00:00,0.00043688,0.02719129
1759795200000,2025-10-07 00:00:00,0.00028793,0.02677000
1759809600001,2025-10-07 04:00:00,0.00047370,0.02689000
1759824000003,2025-10-07 08:00:00,0.00042694,0.02580655
1759838400005,2025-10-07 12:00:00,0.00053511,0.02631000
1759852800000,2025-10-07 16:00:00,0.00014362,0.02681000
1759867200002,2025-10-07 20:00:00,0.00055023,0.02680000
1759881600000,2025-10-08 00:00:00,0.00042902,0.02720964
1759896000002,2025-10-08 04:00:00,0.00035629,0.02611805
1759910400006,2025-10-08 08:00:00,0.00033628,0.02689180
1759924800003,2025-10-08 12:00:00,0.00019002,0.02674000
1759939200002,2025-10-08 16:00:00,0.00052431,0.02672821
1759953600000,2025-10-08 20:00:00,0.00026502,0.02660357
1759968000001,2025-10-09 00:00:00,0.00005000,0.02614024
1759982400003,2025-10-09 04:00:00,0.00034465,0.02599000
1759996800000,2025-10-09 08:00:00,0.00011897,0.02577507
1760011200002,2025-10-09 12:00:00,0.00021225,0.02526748
1760025600000,2025-10-09 16:00:00,0.00012133,0.02479995
1760040000010,2025-10-09 20:00:00,0.00005000,0.02500000
1760054400005,2025-10-10 00:00:00,0.00005000,0.02502633
1760068800001,2025-10-10 04:00:00,0.00057233,0.02530598
1760083200002,2025-10-10 08:00:00,0.00008451,0.02537429
1760097600004,2025-10-10 12:00:00,0.00016973,0.02576000
1760112000014,2025-10-10 16:00:00,0.00034871,0.02438022
1760126400003,2025-10-10 20:00:00,0.00005000,0.02394088
1760140800000,2025-10-11 00:00:00,0.00093599,0.01314476
1760155200000,2025-10-11 04:00:00,0.00005000,0.01245598
1760169600003,2025-10-11 08:00:00,0.00005000,0.01280207
1760184000003,2025-10-11 12:00:00,0.00005000,0.01311921
1760198400000,2025-10-11 16:00:00,0.00005000,0.01308645
1760212800001,2025-10-11 20:00:00,0.00000358,0.01225000
1760227200004,2025-10-12 00:00:00,0.00005000,0.01387000
1760241600001,2025-10-12 04:00:00,0.00005000,0.01884929
1760256000002,2025-10-12 08:00:00,0.00005000,0.01946000
1760270400001,2025-10-12 12:00:00,0.00005000,0.02260000
1760284800000,2025-10-12 16:00:00,0.00059176,0.02780694
1760299200000,2025-10-12 20:00:00,0.00063399,0.02618206
1760313600003,2025-10-13 00:00:00,0.00024446,0.02647000
1760328000000,2025-10-13 04:00:00,0.00005000,0.02681357
1760342400002,2025-10-13 08:00:00,0.00005932,0.02830267
1760356800001,2025-10-13 12:00:00,0.00005419,0.02602000
1760371200003,2025-10-13 16:00:00,0.00005000,0.02750000
1760385600002,2025-10-13 20:00:00,0.00008903,0.02803000
1760400000000,2025-10-14 00:00:00,0.00005000,0.02835000
1760414400000,2025-10-14 04:00:00,0.00026854,0.02836138
1760428800000,2025-10-14 08:00:00,0.00011573,0.02743000
1760443200000,2025-10-14 12:00:00,0.00005000,0.02648714
1760457600000,2025-10-14 16:00:00,0.00008849,0.02950810
1760472000000,2025-10-14 20:00:00,0.00005000,0.02798000
1760486400006,2025-10-15 00:00:00,0.00005000,0.02817611
1760500800001,2025-10-15 04:00:00,0.00005000,0.02828000
1760515200002,2025-10-15 08:00:00,0.00005000,0.02826000
1760529600005,2025-10-15 12:00:00,0.00005000,0.02966714
1760544000000,2025-10-15 16:00:00,0.00005000,0.02830000
1760558400004,2025-10-15 20:00:00,0.00042067,0.03248890
1760572800000,2025-10-16 00:00:00,0.00005000,0.02717186
1760587200000,2025-10-16 04:00:00,0.00005000,0.02694000
1760601600003,2025-10-16 08:00:00,0.00005000,0.02666305
1760616000000,2025-10-16 12:00:00,0.00005000,0.02687000
1760630400002,2025-10-16 16:00:00,0.00005000,0.02690198
1760644800003,2025-10-16 20:00:00,0.00005000,0.02754788
1760659200001,2025-10-17 00:00:00,0.00005000,0.02738000
1760673600001,2025-10-17 04:00:00,0.00005000,0.02759000
1760688000005,2025-10-17 08:00:00,0.00005000,0.02639000
1760702400000,2025-10-17 12:00:00,0.00006499,0.02815000
1760716800003,2025-10-17 16:00:00,0.00009252,0.02805000
1760731200004,2025-10-17 20:00:00,0.00006455,0.02881631
1760745600000,2025-10-18 00:00:00,0.00005000,0.02943488
1760760000000,2025-10-18 04:00:00,0.00008844,0.03187945
1760774400002,2025-10-18 08:00:00,0.00005000,0.02972000
1760788800007,2025-10-18 12:00:00,0.00008189,0.02986600
1760803200001,2025-10-18 16:00:00,0.00009593,0.02986329
1760817600000,2025-10-18 20:00:00,0.00009100,0.03004607
1760832000001,2025-10-19 00:00:00,0.00005000,0.03023000
1760846400000,2025-10-19 04:00:00,0.00011186,0.03154848
1760860800001,2025-10-19 08:00:00,0.00005000,0.03029000
1760875200000,2025-10-19 12:00:00,0.00033635,0.03017814
1760889600001,2025-10-19 16:00:00,0.00006385,0.02992000
1760904000000,2025-10-19 20:00:00,0.00005000,0.02976802
1760918400004,2025-10-20 00:00:00,0.00005000,0.02988602
1760932800000,2025-10-20 04:00:00,0.00005000,0.03004000
1760947200001,2025-10-20 08:00:00,0.00042150,0.03083000
1760961600000,2025-10-20 12:00:00,0.00048336,0.03034133
1760976000000,2025-10-20 16:00:00,0.00005000,0.02887000
1760990400000,2025-10-20 20:00:00,0.00005000,0.02891000
1761004800009,2025-10-21 00:00:00,0.00005000,0.02825000
1761019200003,2025-10-21 04:00:00,0.00005000,0.02770000
1761033600000,2025-10-21 08:00:00,0.00005000,0.02807367
1761048000000,2025-10-21 12:00:00,0.00005000,0.02770000
1761062400000,2025-10-21 16:00:00,0.00005000,0.02745526
1761076800001,2025-10-21 20:00:00,0.00006186,0.02691157
1761091200004,2025-10-22 00:00:00,0.00008010,0.02680331
1761105600000,2025-10-22 04:00:00,0.00005000,0.02753000
1761120000000,2025-10-22 08:00:00,0.00005000,0.02749000
1761134400000,2025-10-22 12:00:00,0.00005000,0.02719693
1761148800000,2025-10-22 16:00:00,0.00037119,0.02808000
1761163200004,2025-10-22 20:00:00,0.00005000,0.02768000
1761177600000,2025-10-23 00:00:00,0.00005000,0.02787860
1761192000000,2025-10-23 04:00:00,0.00005000,0.02830543
1761206400001,2025-10-23 08:00:00,0.00017895,0.02765533
1761220800000,2025-10-23 12:00:00,0.00010239,0.02734136
1761235200004,2025-10-23 16:00:00,0.00006071,0.02862093
1761249600000,2025-10-23 20:00:00,0.00005000,0.02875000
1761264000000,2025-10-24 00:00:00,0.00005000,0.02894952
1761278400002,2025-10-24 04:00:00,0.00021420,0.02879000
1761292800000,2025-10-24 08:00:00,0.00005000,0.02884507
1761307200002,2025-10-24 12:00:00,0.00021874,0.02861862
1761321600009,2025-10-24 16:00:00,0.00007603,0.02947000
1761336000000,2025-10-24 20:00:00,0.00006102,0.02977400
1761350400000,2025-10-25 00:00:00,0.00042470,0.03006733
1761364800000,2025-10-25 04:00:00,0.00032417,0.03054000
1761379200001,2025-10-25 08:00:00,0.00032164,0.03024510
1761393600000,2025-10-25 12:00:00,0.00029071,0.03077571
1761408000001,2025-10-25 16:00:00,0.00013670,0.03034693
1761422400002,2025-10-25 20:00:00,0.00021274,0.03035214
1761436800001,2025-10-26 00:00:00,0.00005000,0.03084000
1761451200000,2025-10-26 04:00:00,0.00025942,0.03010000
1761465600001,2025-10-26 08:00:00,0.00026990,0.02994276
1761480000002,2025-10-26 12:00:00,0.00046785,0.03310000
1761494400000,2025-10-26 16:00:00,0.00021455,0.03301500
1761508800000,2025-10-26 20:00:00,0.00008727,0.03303000
1761523200000,2025-10-27 00:00:00,0.00010872,0.03301998
1761537600000,2025-10-27 04:00:00,0.00005000,0.03291000
1761552000005,2025-10-27 08:00:00,0.00022954,0.03247000
1761566400003,2025-10-27 12:00:00,0.00014348,0.03147629
1761580800000,2025-10-27 16:00:00,0.00018611,0.03190100
1761595200001,2025-10-27 20:00:00,0.00010681,0.03182000
1761609600000,2025-10-28 00:00:00,0.00017108,0.03210259
1761624000004,2025-10-28 04:00:00,0.00037711,0.03209905
1761638400000,2025-10-28 08:00:00,0.00042538,0.03199436
1761652800000,2025-10-28 12:00:00,0.00054344,0.03247000
1761667200004,2025-10-28 16:00:00,0.00041812,0.03369000
1761681600004,2025-10-28 20:00:00,0.00019325,0.03373060
1761696000004,2025-10-29 00:00:00,0.00036060,0.03239860
1761710400005,2025-10-29 04:00:00,0.00005000,0.03125593
1761724800005,2025-10-29 08:00:00,0.00027808,0.03052786
1761739200011,2025-10-29 12:00:00,0.00013428,0.03037931
1761753600000,2025-10-29 16:00:00,0.00023727,0.03031000
1761768000008,2025-10-29 20:00:00,0.00017671,0.03190019
1761782400004,2025-10-30 00:00:00,0.00008214,0.03179064
1761796800001,2025-10-30 04:00:00,0.00033312,0.03199205
1761811200008,2025-10-30 08:00:00,0.00015265,0.03213000
1761825600006,2025-10-30 12:00:00,0.00005182,0.03150714
1761840000001,2025-10-30 16:00:00,0.00006628,0.03185314
1761854400000,2025-10-30 20:00:00,0.00034226,0.03019717
1761868800000,2025-10-31 00:00:00,0.00060417,0.03119017
1761883200000,2025-10-31 04:00:00,0.00073703,0.03245522
1761897600008,2025-10-31 08:00:00,0.00038722,0.03243790
1761912000008,2025-10-31 12:00:00,0.00040426,0.03344000
1761926400007,2025-10-31 16:00:00,0.00062905,0.03275336
1761940800001,2025-10-31 20:00:00,0.00024529,0.03424902
1761955200001,2025-11-01 00:00:00,0.00008573,0.03396000
1761969600000,2025-11-01 04:00:00,0.00019289,0.03399559
1761984000000,2025-11-01 08:00:00,0.00021211,0.03428088
1761998400000,2025-11-01 12:00:00,0.00014634,0.03584957
1762012800000,2025-11-01 16:00:00,0.00007336,0.03376260
1762027200003,2025-11-01 20:00:00,0.00017552,0.03390000
1762041600007,2025-11-02 00:00:00,0.00036589,0.03416957
1762056000002,2025-11-02 04:00:00,0.00009358,0.03394719
1762070400000,2025-11-02 08:00:00,0.00009069,0.03395000
1762084800001,2025-11-02 12:00:00,0.00015464,0.03350357
1762099200001,2025-11-02 16:00:00,0.00023809,0.03372550
1762113600001,2025-11-02 20:00:00,0.00022229,0.03208000
1762128000000,2025-11-03 00:00:00,0.00018601,0.03612000
1762142400003,2025-11-03 04:00:00,0.00005893,0.03483286
1762156800010,2025-11-03 08:00:00,0.00005000,0.03482000
1762171200002,2025-11-03 12:00:00,0.00006609,0.03588571
1762185600000,2025-11-03 16:00:00,0.00005132,0.03502629
1762200000008,2025-11-03 20:00:00,0.00005000,0.03456000
1762214400002,2025-11-04 00:00:00,0.00020976,0.03458000
1762228800000,2025-11-04 04:00:00,0.00005000,0.03478095
1762243200004,2025-11-04 08:00:00,0.00009549,0.03446457
1762257600000,2025-11-04 12:00:00,0.00037485,0.03545988
1762272000000,2025-11-04 16:00:00,0.00007416,0.03472352
1762286400001,2025-11-04 20:00:00,0.00097068,0.03533876
1762300800000,2025-11-05 00:00:00,0.00051858,0.03503517
1762315200005,2025-11-05 04:00:00,0.00005000,0.03595000
1762329600000,2025-11-05 08:00:00,0.00005000,0.03594679
1762344000000,2025-11-05 12:00:00,0.00005000,0.03593836
1762358400004,2025-11-05 16:00:00,0.00016241,0.04056000
1762372800001,2025-11-05 20:00:00,0.00044141,0.03983848
1762387200001,2025-11-06 00:00:00,0.00005000,0.04147429
1762401600009,2025-11-06 04:00:00,0.00005000,0.04255757
1762416000000,2025-11-06 08:00:00,0.00005000,0.04140000
1762430400001,2025-11-06 12:00:00,0.00008454,0.04312000
1762444800001,2025-11-06 16:00:00,0.00021307,0.04202993
1762459200006,2025-11-06 20:00:00,0.00015593,0.04049000
1762473600005,2025-11-07 00:00:00,0.00041169,0.03987400
1762488000000,2025-11-07 04:00:00,0.00034748,0.04060117
1762502400003,2025-11-07 08:00:00,0.00043333,0.03969000
1762516800005,2025-11-07 12:00:00,0.00035441,0.03912221
1762531200005,2025-11-07 16:00:00,0.00013851,0.04011000
1762545600000,2025-11-07 20:00:00,0.00043912,0.03859000
1762560000011,2025-11-08 00:00:00,0.00070884,0.04122000
1762574400001,2025-11-08 04:00:00,0.00076375,0.04044421
1762588800015,2025-11-08 08:00:00,0.00020539,0.03871000
1762603200000,2025-11-08 12:00:00,0.00027860,0.03786000
1762617600001,2025-11-08 16:00:00,0.00052965,0.03681000
1762632000006,2025-11-08 20:00:00,0.00048408,0.03749307
1762646400004,2025-11-09 00:00:00,0.00040283,0.03734493
1762660800000,2025-11-09 04:00:00,0.00042249,0.03570455
1762675200000,2025-11-09 08:00:00,0.00005000,0.03647342
1762689600000,2025-11-09 12:00:00,0.00039436,0.03660000
1762704000005,2025-11-09 16:00:00,0.00032907,0.03814033
1762718400010,2025-11-09 20:00:00,0.00102987,0.03691150
1762732800000,2025-11-10 00:00:00,0.00046282,0.03723014
1762747200005,2025-11-10 04:00:00,0.00008547,0.03847000
1762761600000,2025-11-10 08:00:00,0.00006860,0.03895214
1762776000003,2025-11-10 12:00:00,0.00042595,0.03897808
1762790400003,2025-11-10 16:00:00,0.00044444,0.04077836
1762804800000,2025-11-10 20:00:00,0.00015384,0.04128729
1762819200007,2025-11-11 00:00:00,0.00049707,0.04088000
1762833600003,2025-11-11 04:00:00,0.00049683,0.04079212
1762848000000,2025-11-11 08:00:00,0.00063638,0.03913895
1762862400002,2025-11-11 12:00:00,0.00047125,0.04135000
1762876800009,2025-11-11 16:00:00,0.00030789,0.04170688
1762891200000,2025-11-11 20:00:00,0.00033137,0.04158000
1762905600000,2025-11-12 00:00:00,0.00005000,0.04000286
1762920000000,2025-11-12 04:00:00,0.00013208,0.04017419
1762934400002,2025-11-12 08:00:00,0.00005000,0.03927000
1762948800000,2025-11-12 12:00:00,0.00005000,0.03953071
1762963200000,2025-11-12 16:00:00,0.00005000,0.03892000
1762977600001,2025-11-12 20:00:00,0.00011949,0.03848286
1762992000002,2025-11-13 00:00:00,0.00005000,0.04064290
1763006400000,2025-11-13 04:00:00,0.00005000,0.03978460
1763020800000,2025-11-13 08:00:00,0.00005999,0.04000981
1763035200001,2025-11-13 12:00:00,0.00013347,0.04091560
1763049600001,2025-11-13 16:00:00,0.00016273,0.04012145
1763064000004,2025-11-13 20:00:00,0.00017334,0.04013883
1763078400000,2025-11-14 00:00:00,0.00044554,0.04025000
1763092800000,2025-11-14 04:00:00,0.00038382,0.04144710
1763107200000,2025-11-14 08:00:00,0.00025097,0.04098826
1763121600001,2025-11-14 12:00:00,0.00055989,0.04035000
1763136000001,2025-11-14 16:00:00,0.00105392,0.04295224
1763150400000,2025-11-14 20:00:00,0.00057244,0.04321000
1763164800005,2025-11-15 00:00:00,0.00070204,0.04265000
1763179200015,2025-11-15 04:00:00,0.00059577,0.04230212
1763193600000,2025-11-15 08:00:00,0.00084972,0.04178907
1763208000008,2025-11-15 12:00:00,0.00078770,0.04202000
1763222400001,2025-11-15 16:00:00,0.00021532,0.04275410
1763236800003,2025-11-15 20:00:00,0.00029032,0.04210586
1763251200001,2025-11-16 00:00:00,0.00030107,0.04238171
1763265600003,2025-11-16 04:00:00,0.00014578,0.04117000
1763280000000,2025-11-16 08:00:00,0.00059214,0.04133000
1763294400003,2025-11-16 12:00:00,0.00027546,0.04134550
1763308800000,2025-11-16 16:00:00,0.00011893,0.04062648
1763323200000,2025-11-16 20:00:00,0.00088163,0.04091000
1763337600003,2025-11-17 00:00:00,0.00054550,0.04152845
1763352000001,2025-11-17 04:00:00,0.00031395,0.04284710
1763366400003,2025-11-17 08:00:00,0.00040805,0.04324283
1763380800000,2025-11-17 12:00:00,0.00049661,0.04416000
1763395200000,2025-11-17 16:00:00,0.00069504,0.04447000
1763409600003,2025-11-17 20:00:00,0.00077408,0.04415881
1763424000002,2025-11-18 00:00:00,0.00080762,0.04465000
1763438400000,2025-11-18 04:00:00,0.00107740,0.04424000
1763452800004,2025-11-18 08:00:00,0.00054361,0.04555251
1763467200000,2025-11-18 12:00:00,0.00031424,0.04490902
1763481600000,2025-11-18 16:00:00,0.00015305,0.04319148
1763496000002,2025-11-18 20:00:00,0.00019549,0.04258000
1763510400000,2025-11-19 00:00:00,0.00027466,0.04296000
1763524800000,2025-11-19 04:00:00,0.00009336,0.04302374
1763539200000,2025-11-19 08:00:00,0.00025979,0.04297000
1763553600000,2025-11-19 12:00:00,0.00026870,0.04384783
1763568000008,2025-11-19 16:00:00,0.00040298,0.04463000
1763582400000,2025-11-19 20:00:00,0.00062111,0.04437204
1763596800000,2025-11-20 00:00:00,0.00016402,0.04508581
1763611200006,2025-11-20 04:00:00,0.00053455,0.04528145
1763625600000,2025-11-20 08:00:00,0.00030967,0.04482583
1763640000003,2025-11-20 12:00:00,0.00042599,0.04417967
1763654400000,2025-11-20 16:00:00,0.00008539,0.04259000
1763668800002,2025-11-20 20:00:00,0.00036190,0.04184102
1763683200001,2025-11-21 00:00:00,0.00019231,0.04177538
1763697600000,2025-11-21 04:00:00,0.00038794,0.04135000
1763712000000,2025-11-21 08:00:00,0.00033116,0.03871000
1763726400001,2025-11-21 12:00:00,0.00005000,0.03726931
1763740800001,2025-11-21 16:00:00,0.00039628,0.03836879
1763755200000,2025-11-21 20:00:00,0.00019734,0.03771274
1763769600004,2025-11-22 00:00:00,0.00028937,0.03706519
1763784000000,2025-11-22 04:00:00,0.00013801,0.03299000
1763798400000,2025-11-22 08:00:00,0.00011108,0.03202000
1763812800000,2025-11-22 12:00:00,0.00010657,0.03136000
1763827200000,2025-11-22 16:00:00,0.00005000,0.02849000
1763841600001,2025-11-22 20:00:00,0.00012065,0.02714000
1763856000000,2025-11-23 00:00:00,0.00042406,0.03225500
1763870400000,2025-11-23 04:00:00,0.00024722,0.03326076
1763884800008,2025-11-23 08:00:00,0.00022580,0.03427750
1763899200000,2025-11-23 12:00:00,0.00065714,0.03495000
1763913600003,2025-11-23 16:00:00,0.00114803,0.04127000
1763928000003,2025-11-23 20:00:00,0.00106914,0.04507357
1763942400004,2025-11-24 00:00:00,0.00326001,0.05661550
1763956800000,2025-11-24 04:00:00,0.00067778,0.03717429
1763971200000,2025-11-24 08:00:00,0.00072402,0.03627238
1763985600000,2025-11-24 12:00:00,0.00005707,0.03528874
1764000000006,2025-11-24 16:00:00,0.00028520,0.03943026
1764014400003,2025-11-24 20:00:00,0.00068077,0.04159083
1764028800000,2025-11-25 00:00:00,0.00049937,0.04280214
1764043200000,2025-11-25 04:00:00,0.00023970,0.04739590
1764057600009,2025-11-25 08:00:00,0.00037948,0.04873929
1764072000002,2025-11-25 12:00:00,0.00012895,0.04671233
1764086400007,2025-11-25 16:00:00,0.00030839,0.04497533
1764100800009,2025-11-25 20:00:00,0.00041842,0.04464800
1764115200001,2025-11-26 00:00:00,0.00007903,0.04323000
1764129600006,2025-11-26 04:00:00,0.00005000,0.04091648
1764144000001,2025-11-26 08:00:00,0.00028263,0.04067202
1764158400001,2025-11-26 12:00:00,0.00013894,0.04072000
1764172800000,2025-11-26 16:00:00,0.00008112,0.03993317
1764187200001,2025-11-26 20:00:00,0.00013698,0.03941600
1764201600013,2025-11-27 00:00:00,0.00005000,0.03815986
1764216000007,2025-11-27 04:00:00,0.00014713,0.03931590
1764230400000,2025-11-27 08:00:00,0.00005000,0.03848000
1764244800002,2025-11-27 12:00:00,0.00037265,0.03777000
1764259200004,2025-11-27 16:00:00,0.00044279,0.03722000
1764273600004,2025-11-27 20:00:00,0.00050861,0.03756210
1764288000008,2025-11-28 00:00:00,0.00031081,0.03685000
1764302400000,2025-11-28 04:00:00,0.00055864,0.03654000
1764316800000,2025-11-28 08:00:00,0.00036002,0.03618000
1764331200004,2025-11-28 12:00:00,0.00038200,0.03702924
1764345600008,2025-11-28 16:00:00,0.00045169,0.03715645
1764360000010,2025-11-28 20:00:00,0.00054093,0.03723000
1764374400000,2025-11-29 00:00:00,0.00028291,0.03691000
1764388800002,2025-11-29 04:00:00,0.00034518,0.03653000
1764403200005,2025-11-29 08:00:00,0.00039423,0.03616000
1764417600003,2025-11-29 12:00:00,0.00039850,0.03628879
1764432000001,2025-11-29 16:00:00,0.00010311,0.03616810
1764446400000,2025-11-29 20:00:00,0.00008976,0.03578500
1764460800003,2025-11-30 00:00:00,0.00005000,0.03626000
1764475200004,2025-11-30 04:00:00,0.00013291,0.03598232
1764489600000,2025-11-30 08:00:00,0.00022006,0.03556000
1764504000000,2025-11-30 12:00:00,0.00056756,0.03557450
1764518400004,2025-11-30 16:00:00,0.00034910,0.03489036
1764532800006,2025-11-30 20:00:00,0.00005000,0.03505000
1764547200000,2025-12-01 00:00:00,0.00013292,0.03433810
1764561600000,2025-12-01 04:00:00,0.00017409,0.03463593
1764576000004,2025-12-01 08:00:00,0.00043888,0.03381000
1764590400000,2025-12-01 12:00:00,0.00038786,0.03051212
1764604800000,2025-12-01 16:00:00,0.00025609,0.03076986
1764619200000,2025-12-01 20:00:00,0.00011048,0.02979000
1764633600004,2025-12-02 00:00:00,0.00005000,0.02927000
1764648000000,2025-12-02 04:00:00,0.00005000,0.02984019
1764662400000,2025-12-02 08:00:00,0.00028965,0.03032000
1764676800004,2025-12-02 12:00:00,0.00042069,0.03028948
1764691200000,2025-12-02 16:00:00,0.00062342,0.03118162
1764705600000,2025-12-02 20:00:00,0.00044313,0.03082475
1764720000000,2025-12-03 00:00:00,0.00057568,0.03007249
1764734400004,2025-12-03 04:00:00,0.00036787,0.03035000
1764748800000,2025-12-03 08:00:00,0.00052104,0.03514000
1764763200001,2025-12-03 12:00:00,0.00050420,0.03303736
1764777600005,2025-12-03 16:00:00,0.00071173,0.03256602
1764792000002,2025-12-03 20:00:00,0.00073198,0.03324961
1764806400012,2025-12-04 00:00:00,0.00051141,0.03474000
1764820800000,2025-12-04 04:00:00,0.00035738,0.03385000
1764835200000,2025-12-04 08:00:00,0.00049295,0.03313993
1764849600005,2025-12-04 12:00:00,0.00033074,0.03312250
1764864000011,2025-12-04 16:00:00,0.00018190,0.03350736
1764878400000,2025-12-04 20:00:00,0.00018100,0.03257831
1764892800000,2025-12-05 00:00:00,0.00005000,0.02989729
1764907200000,2025-12-05 04:00:00,0.00005000,0.03041000
1764921600000,2025-12-05 08:00:00,0.00005000,0.03042207
1764936000001,2025-12-05 12:00:00,0.00005000,0.02974000
1764950400010,2025-12-05 16:00:00,0.00043246,0.02865000
1764964800001,2025-12-05 20:00:00,0.00005000,0.02859000
1764979200001,2025-12-06 00:00:00,0.00005000,0.02823000
1764993600000,2025-12-06 04:00:00,0.00005000,0.02806107
1765008000001,2025-12-06 08:00:00,0.00005000,0.02866979
1765022400000,2025-12-06 12:00:00,0.00005000,0.02945071
1765036800008,2025-12-06 16:00:00,0.00005000,0.03002071
1765051200000,2025-12-06 20:00:00,0.00005000,0.03030000
1765065600000,2025-12-07 00:00:00,0.00005000,0.03084836
1765080000000,2025-12-07 04:00:00,0.00007260,0.03075000
1765094400004,2025-12-07 08:00:00,0.00022968,0.03012890
1765108800004,2025-12-07 12:00:00,0.00005000,0.02989754
1765123200000,2025-12-07 16:00:00,0.00005000,0.03052214
1765137600000,2025-12-07 20:00:00,0.00039068,0.03091000
1765152000000,2025-12-08 00:00:00,0.00016577,0.03101000
1765166400000,2025-12-08 04:00:00,0.00017918,0.03073000
1765180800000,2025-12-08 08:00:00,0.00005000,0.03120000
1765195200001,2025-12-08 12:00:00,0.00005000,0.03142000
1765209600001,2025-12-08 16:00:00,0.00005000,0.03358929
1765224000000,2025-12-08 20:00:00,0.00008737,0.03436736
1765238400001,2025-12-09 00:00:00,0.00005000,0.03500660
1765252800004,2025-12-09 04:00:00,0.00005000,0.03492000
1765267200001,2025-12-09 08:00:00,0.00031097,0.03523507
1765281600000,2025-12-09 12:00:00,0.00030719,0.03568000
1765296000007,2025-12-09 16:00:00,0.00026666,0.03530381
1765310400001,2025-12-09 20:00:00,0.00025995,0.03593000
1765324800007,2025-12-10 00:00:00,0.00041021,0.03509000
1765339200012,2025-12-10 04:00:00,0.00027261,0.03500000
1765353600002,2025-12-10 08:00:00,0.00047997,0.03785000
1765368000000,2025-12-10 12:00:00,0.00052134,0.03788452
1765382400012,2025-12-10 16:00:00,0.00029982,0.03762500
1765396800000,2025-12-10 20:00:00,0.00015320,0.03805000
1765411200001,2025-12-11 00:00:00,0.00009966,0.03813000
1765425600000,2025-12-11 04:00:00,0.00024662,0.03845719
1765440000000,2025-12-11 08:00:00,0.00043980,0.04187000
1765454400000,2025-12-11 12:00:00,0.00034434,0.04079000
1765468800000,2025-12-11 16:00:00,0.00027563,0.04039364
1765483200001,2025-12-11 20:00:00,0.00005000,0.04004000
1765497600005,2025-12-12 00:00:00,0.00005000,0.04044140
1765512000000,2025-12-12 04:00:00,0.00022779,0.04038000
1765526400007,2025-12-12 08:00:00,0.00032686,0.03982000
1765540800000,2025-12-12 12:00:00,0.00009785,0.04045000
1765555200002,2025-12-12 16:00:00,0.00027305,0.04001083
1765569600004,2025-12-12 20:00:00,0.00064551,0.04016164
1765584000001,2025-12-13 00:00:00,0.00056140,0.04039000
1765598400006,2025-12-13 04:00:00,0.00011952,0.04060076
1765612800006,2025-12-13 08:00:00,0.00005000,0.04016813
1765627200002,2025-12-13 12:00:00,0.00012474,0.03998821
1765641600000,2025-12-13 16:00:00,0.00005000,0.04039000
1765656000000,2025-12-13 20:00:00,0.00005000,0.04110643
1765670400000,2025-12-14 00:00:00,0.00012227,0.04209233
1765684800001,2025-12-14 04:00:00,0.00016735,0.04210000
1765699200003,2025-12-14 08:00:00,0.00013607,0.04124000
1765713600000,2025-12-14 12:00:00,0.00040274,0.04139000
1765728000005,2025-12-14 16:00:00,0.00020869,0.04188000
1765742400000,2025-12-14 20:00:00,0.00020065,0.04196882
1765756800000,2025-12-15 00:00:00,0.00042609,0.04115214
1765771200001,2025-12-15 04:00:00,0.00029083,0.04276938
1765785600000,2025-12-15 08:00:00,0.00023312,0.04296514
1765800000000,2025-12-15 12:00:00,0.00022164,0.04329074
1765814400000,2025-12-15 16:00:00,0.00020717,0.04219000
1765828800000,2025-12-15 20:00:00,0.00005000,0.04074143
1765843200002,2025-12-16 00:00:00,0.00005000,0.04123000
1765857600000,2025-12-16 04:00:00,0.00023900,0.04045000
1765872000000,2025-12-16 08:00:00,0.00005000,0.03991000
1765886400008,2025-12-16 12:00:00,-0.00000425,0.03979571
1765900800002,2025-12-16 16:00:00,0.00005000,0.04045557
1765915200000,2025-12-16 20:00:00,0.00005000,0.04029650
1765929600004,2025-12-17 00:00:00,0.00005000,0.03916000
1765944000002,2025-12-17 04:00:00,0.00005000,0.03924000
1765958400000,2025-12-17 08:00:00,0.00005000,0.04115995
1765972800000,2025-12-17 12:00:00,0.00005000,0.04140000
1765987200000,2025-12-17 16:00:00,0.00005000,0.04052000
1766001600001,2025-12-17 20:00:00,0.00005000,0.04094931
1766016000005,2025-12-18 00:00:00,0.00005000,0.04120000
1766030400000,2025-12-18 04:00:00,0.00029617,0.04145000
1766044800007,2025-12-18 08:00:00,0.00008793,0.04030000
1766059200000,2025-12-18 12:00:00,0.00017433,0.04052000
1766073600001,2025-12-18 16:00:00,0.00008755,0.04012531
1766088000000,2025-12-18 20:00:00,0.00005000,0.03962286
1766102400000,2025-12-19 00:00:00,0.00005000,0.04047412
1766116800000,2025-12-19 04:00:00,0.00035338,0.04116000
1766131200001,2025-12-19 08:00:00,0.00010878,0.04245000
1766145600000,2025-12-19 12:00:00,0.00057619,0.04655800
1766160000000,2025-12-19 16:00:00,0.00054211,0.05059893
1766174400000,2025-12-19 20:00:00,0.00005000,0.03795000
1766188800005,2025-12-20 00:00:00,0.00005000,0.03918000
1766203200001,2025-12-20 04:00:00,0.00005000,0.03893000
1766217600000,2025-12-20 08:00:00,0.00005000,0.04166000
1766232000000,2025-12-20 12:00:00,0.00005000,0.04202214
1766246400002,2025-12-20 16:00:00,0.00005000,0.04110274
1766260800009,2025-12-20 20:00:00,0.00005000,0.04167000
1766275200000,2025-12-21 00:00:00,0.00005000,0.04103857
1766289600003,2025-12-21 04:00:00,0.00011190,0.04007710
1766304000009,2025-12-21 08:00:00,0.00005000,0.04000000
1766318400000,2025-12-21 12:00:00,0.00005000,0.04006610
1766332800000,2025-12-21 16:00:00,0.00005000,0.04008890
1766347200009,2025-12-21 20:00:00,0.00005000,0.04034571
1766361600000,2025-12-22 00:00:00,0.00005000,0.04066500
1766376000000,2025-12-22 04:00:00,0.00026790,0.04066450
1766390400005,2025-12-22 08:00:00,0.00013943,0.03984000
1766404800002,2025-12-22 12:00:00,0.00005000,0.04046000
1766419200009,2025-12-22 16:00:00,0.00030530,0.04051000
1766433600001,2025-12-22 20:00:00,0.00044847,0.04013000
1766448000000,2025-12-23 00:00:00,0.00047697,0.04036000
1766462400000,2025-12-23 04:00:00,0.00044247,0.04113902
1766476800000,2025-12-23 08:00:00,0.00032843,0.04127488
1766491200000,2025-12-23 12:00:00,0.00049505,0.04168000
1766505600001,2025-12-23 16:00:00,0.00047549,0.04094214
1766520000005,2025-12-23 20:00:00,0.00044803,0.04121774
1766534400001,2025-12-24 00:00:00,0.00054397,0.04080000
1766548800000,2025-12-24 04:00:00,0.00025335,0.04078000
1766563200001,2025-12-24 08:00:00,0.00035640,0.04005857
1766577600002,2025-12-24 12:00:00,0.00013565,0.04067214
1766592000000,2025-12-24 16:00:00,0.00005000,0.04030786
1766606400003,2025-12-24 20:00:00,0.00005000,0.04022143
1766620800000,2025-12-25 00:00:00,0.00005000,0.04026000
1766635200000,2025-12-25 04:00:00,0.00005000,0.04013152
1766649600001,2025-12-25 08:00:00,0.00005000,0.04003250
1766664000008,2025-12-25 12:00:00,0.00005000,0.03987000
1766678400005,2025-12-25 16:00:00,0.00005000,0.03989193
1766692800001,2025-12-25 20:00:00,0.00005000,0.04000000
1766707200004,2025-12-26 00:00:00,0.00007616,0.03997000
1766721600005,2025-12-26 04:00:00,0.00015707,0.04065214
1766736000001,2025-12-26 08:00:00,0.00047993,0.04055907
1766750400000,2025-12-26 12:00:00,0.00025472,0.04078000
1766764800007,2025-12-26 16:00:00,0.00026272,0.04058000
1766779200000,2025-12-26 20:00:00,0.00005000,0.04038143
1766793600000,2025-12-27 00:00:00,0.00005000,0.04051697
1766808000000,2025-12-27 04:00:00,0.00015700,0.04104933
1766822400000,2025-12-27 08:00:00,0.00027951,0.04102000
1766836800000,2025-12-27 12:00:00,0.00024997,0.04098000
1766851200011,2025-12-27 16:00:00,0.00050514,0.04078293
1766865600003,2025-12-27 20:00:00,0.00031640,0.04195000
1766880000008,2025-12-28 00:00:00,0.00013462,0.04166000
1766894400000,2025-12-28 04:00:00,0.00045680,0.04127940
1766908800000,2025-12-28 08:00:00,0.00036141,0.04176000
1766923200010,2025-12-28 12:00:00,0.00019289,0.04140670
1766937600000,2025-12-28 16:00:00,0.00035113,0.04195000
1766952000002,2025-12-28 20:00:00,0.00022663,0.04133000
1766966400016,2025-12-29 00:00:00,0.00063098,0.04254938
1766980800000,2025-12-29 04:00:00,0.00040975,0.04356998
1766995200001,2025-12-29 08:00:00,0.00050909,0.04335500
1767009600001,2025-12-29 12:00:00,0.00037495,0.04415000
1767024000000,2025-12-29 16:00:00,0.00049470,0.04355517
1767038400000,2025-12-29 20:00:00,0.00031441,0.04329000
1767052800005,2025-12-30 00:00:00,0.00061639,0.04404571
1767067200012,2025-12-30 04:00:00,0.00057181,0.04283500
1767081600001,2025-12-30 08:00:00,0.00009259,0.04195401
1767096000000,2025-12-30 12:00:00,0.00030528,0.04202000
1767110400003,2025-12-30 16:00:00,0.00044162,0.04133650
1767124800001,2025-12-30 20:00:00,0.00060684,0.04114857
1767139200004,2025-12-31 00:00:00,0.00037999,0.04028471
1767153600008,2025-12-31 04:00:00,0.00005000,0.03973143
1767168000001,2025-12-31 08:00:00,0.00013443,0.04004000
1767182400007,2025-12-31 12:00:00,0.00017471,0.04219457
1767196800001,2025-12-31 16:00:00,0.00015721,0.04084333
1767211200009,2025-12-31 20:00:00,0.00027917,0.04039000
1767225600008,2026-01-01 00:00:00,0.00005000,0.04030000
1767240000000,2026-01-01 04:00:00,0.00026693,0.04031000
1767254400002,2026-01-01 08:00:00,0.00007241,0.04068767
1767268800007,2026-01-01 12:00:00,0.00037123,0.04090117
1767283200001,2026-01-01 16:00:00,0.00037384,0.04099000
1767297600005,2026-01-01 20:00:00,0.00022881,0.04143750
1767312000006,2026-01-02 00:00:00,0.00020810,0.04187562
1767326400000,2026-01-02 04:00:00,0.00021935,0.04225450
1767340800007,2026-01-02 08:00:00,0.00005000,0.04175000
1767355200000,2026-01-02 12:00:00,0.00006262,0.04134550
1767369600000,2026-01-02 16:00:00,0.00018595,0.04174621
1767384000000,2026-01-02 20:00:00,0.00038453,0.04245771
1767398400001,2026-01-03 00:00:00,0.00033837,0.04242591
1767412800000,2026-01-03 04:00:00,0.00040222,0.04398114
1767427200000,2026-01-03 08:00:00,0.00048560,0.04456876
1767441600008,2026-01-03 12:00:00,0.00041803,0.04498214
1767456000000,2026-01-03 16:00:00,0.00054544,0.04513542
1767470400001,2026-01-03 20:00:00,0.00068115,0.04616000
1767484800000,2026-01-04 00:00:00,0.00048018,0.04628000
1767499200000,2026-01-04 04:00:00,0.00039944,0.04683148
1767513600000,2026-01-04 08:00:00,0.00032336,0.04589000
1767528000001,2026-01-04 12:00:00,0.00029326,0.04506707
1767542400001,2026-01-04 16:00:00,0.00071515,0.04490000
1767556800002,2026-01-04 20:00:00,0.00043538,0.04420234
1767571200000,2026-01-05 00:00:00,0.00042609,0.04341000
1767585600001,2026-01-05 04:00:00,0.00011497,0.04314086
1767600000000,2026-01-05 08:00:00,0.00015278,0.04319786
1767614400000,2026-01-05 12:00:00,0.00025207,0.04319800
1767628800000,2026-01-05 16:00:00,0.00005000,0.04313269
1767643200000,2026-01-05 20:00:00,0.00005000,0.04305281
1767657600010,2026-01-06 00:00:00,0.00005000,0.04327000
1767672000000,2026-01-06 04:00:00,0.00022548,0.04426000
1767686400000,2026-01-06 08:00:00,0.00005000,0.04504681
1767700800000,2026-01-06 12:00:00,0.00008783,0.04529943
1767715200000,2026-01-06 16:00:00,0.00029915,0.04458000
1767729600002,2026-01-06 20:00:00,0.00005000,0.04534000
1767744000001,2026-01-07 00:00:00,0.00005000,0.04551500
1767758400003,2026-01-07 04:00:00,0.00023265,0.04634148
1767772800001,2026-01-07 08:00:00,0.00005000,0.04876117
1767787200000,2026-01-07 12:00:00,0.00009958,0.04973000
1767801600001,2026-01-07 16:00:00,0.00005000,0.05273605
1767816000001,2026-01-07 20:00:00,0.00005000,0.05416000
1767830400001,2026-01-08 00:00:00,0.00005000,0.05393357
1767844800000,2026-01-08 04:00:00,0.00005000,0.05431000
1767859200000,2026-01-08 08:00:00,0.00026141,0.05360357
1767873600002,2026-01-08 12:00:00,0.00025732,0.05426010
1767888000000,2026-01-08 16:00:00,0.00019813,0.05483710
1767902400000,2026-01-08 20:00:00,0.00033127,0.05373000
1767916800003,2026-01-09 00:00:00,0.00029754,0.05307000
1767931200000,2026-01-09 04:00:00,0.00044341,0.05270071
1767945600000,2026-01-09 08:00:00,0.00037263,0.05449000
1767960000000,2026-01-09 12:00:00,0.00048821,0.05447883
1767974400001,2026-01-09 16:00:00,0.00050527,0.05415962
1767988800005,2026-01-09 20:00:00,0.00045604,0.05353000
1768003200000,2026-01-10 00:00:00,0.00046910,0.05249455
1768017600000,2026-01-10 04:00:00,0.00051949,0.05253390
1768032000002,2026-01-10 08:00:00,0.00053079,0.05421643
1768046400000,2026-01-10 12:00:00,0.00059322,0.05360000
1768060800001,2026-01-10 16:00:00,0.00046868,0.05538733
1768075200014,2026-01-10 20:00:00,0.00069999,0.05845000
1768089600003,2026-01-11 00:00:00,0.00073373,0.05800000
1768104000000,2026-01-11 04:00:00,0.00043640,0.05838000
1768118400006,2026-01-11 08:00:00,0.00056374,0.05876000
1768132800000,2026-01-11 12:00:00,0.00052840,0.05678721
1768147200000,2026-01-11 16:00:00,0.00058481,0.05566826
1768161600002,2026-01-11 20:00:00,0.00026305,0.05528000
1768176000005,2026-01-12 00:00:00,0.00039639,0.05560000
1768190400008,2026-01-12 04:00:00,0.00062592,0.05781000
1768204800000,2026-01-12 08:00:00,0.00061579,0.05559000
1768219200000,2026-01-12 12:00:00,0.00052470,0.05516445
1768233600000,2026-01-12 16:00:00,0.00063816,0.05517464
1768248000000,2026-01-12 20:00:00,0.00044446,0.05430000
1768262400007,2026-01-13 00:00:00,0.00039221,0.05362364
1768276800000,2026-01-13 04:00:00,0.00047383,0.05525000
1768291200009,2026-01-13 08:00:00,0.00030249,0.05199000
1768305600000,2026-01-13 12:00:00,0.00024525,0.05055902
1768320000002,2026-01-13 16:00:00,0.00036827,0.05063302
1768334400003,2026-01-13 20:00:00,0.00053131,0.06477671
1768348800000,2026-01-14 00:00:00,0.00037960,0.06696000
1768363200001,2026-01-14 04:00:00,0.00032554,0.05986160
1768377600001,2026-01-14 08:00:00,0.00039039,0.05750000
1768392000000,2026-01-14 12:00:00,0.00021774,0.05506000
1768406400004,2026-01-14 16:00:00,0.00013119,0.05467000
1768420800007,2026-01-14 20:00:00,0.00022698,0.05466088
1768435200000,2026-01-15 00:00:00,0.00016968,0.05456517
1768449600008,2026-01-15 04:00:00,0.00018551,0.05242000
1768464000004,2026-01-15 08:00:00,0.00033500,0.05181000
1768478400000,2026-01-15 12:00:00,0.00037209,0.05500000
1768492800002,2026-01-15 16:00:00,0.00050841,0.05396000
1768507200000,2026-01-15 20:00:00,0.00058086,0.05374398
1768521600000,2026-01-16 00:00:00,0.00065065,0.05257000
1768536000000,2026-01-16 04:00:00,0.00052991,0.05419000
1768550400000,2026-01-16 08:00:00,0.00054980,0.05327000
1768564800001,2026-01-16 12:00:00,0.00068897,0.05311838
1768579200001,2026-01-16 16:00:00,0.00052495,0.05031124
1768593600003,2026-01-16 20:00:00,0.00036386,0.05030707
1768608000000,2026-01-17 00:00:00,0.00052710,0.05115862
1768622400000,2026-01-17 04:00:00,0.00048964,0.04955000
1768636800000,2026-01-17 08:00:00,0.00047311,0.04992000
1768651200000,2026-01-17 12:00:00,0.00050990,0.05012567
1768665600002,2026-01-17 16:00:00,0.00043188,0.05005038
1768680000002,2026-01-17 20:00:00,0.00021930,0.04909000
1768694400001,2026-01-18 00:00:00,0.00005000,0.04739000
1768708800002,2026-01-18 04:00:00,0.00005000,0.04699000
1768723200000,2026-01-18 08:00:00,0.00005000,0.04658000
1768737600000,2026-01-18 12:00:00,0.00011964,0.04863476
1768752000000,2026-01-18 16:00:00,0.00012127,0.05016000
1768766400011,2026-01-18 20:00:00,0.00042544,0.05163979
1768780800007,2026-01-19 00:00:00,0.00052088,0.04938000
1768795200002,2026-01-19 04:00:00,0.00005000,0.04895357
1768809600007,2026-01-19 08:00:00,0.00016507,0.04812405
1768824000000,2026-01-19 12:00:00,0.00011525,0.04919364
1768838400007,2026-01-19 16:00:00,0.00005000,0.04850840
1768852800000,2026-01-19 20:00:00,0.00005000,0.04806000
1768867200005,2026-01-20 00:00:00,0.00005000,0.04709000
1768881600008,2026-01-20 04:00:00,0.00005000,0.04783000
1768896000001,2026-01-20 08:00:00,0.00005000,0.04704025
1768910400007,2026-01-20 12:00:00,0.00005000,0.04631148
1768924800009,2026-01-20 16:00:00,0.00022612,0.04825960
1768939200002,2026-01-20 20:00:00,0.00034087,0.04698300
1768953600001,2026-01-21 00:00:00,0.00005000,0.04544269
1768968000009,2026-01-21 04:00:00,0.00024367,0.04602000
1768982400011,2026-01-21 08:00:00,0.00010139,0.04645924
1768996800000,2026-01-21 12:00:00,0.00030211,0.04589000
1769011200011,2026-01-21 16:00:00,0.00028738,0.04723000
1769025600000,2026-01-21 20:00:00,0.00005000,0.04845000
1769040000010,2026-01-22 00:00:00,0.00041429,0.04718000
1769054400011,2026-01-22 04:00:00,0.00005000,0.04739648
1769068800003,2026-01-22 08:00:00,0.00039047,0.04610479
1769083200000,2026-01-22 12:00:00,0.00025841,0.04686000
1769097600005,2026-01-22 16:00:00,0.00037240,0.04592236
1769112000000,2026-01-22 20:00:00,0.00005000,0.04530967
1769126400005,2026-01-23 00:00:00,0.00005000,0.04465000
1769140800000,2026-01-23 04:00:00,0.00005000,0.04573000
1769155200000,2026-01-23 08:00:00,0.00005000,0.04507000
1769169600002,2026-01-23 12:00:00,0.00005000,0.04473200
1769184000011,2026-01-23 16:00:00,0.00005000,0.04495167
1769198400000,2026-01-23 20:00:00,0.00005000,0.04395000
1769212800011,2026-01-24 00:00:00,0.00005000,0.04402352
1769227200008,2026-01-24 04:00:00,0.00005000,0.04487000
1769241600002,2026-01-24 08:00:00,0.00020026,0.04418062
1769256000000,2026-01-24 12:00:00,0.00011937,0.04307000
1769270400001,2026-01-24 16:00:00,0.00022073,0.04226000
1769284800008,2026-01-24 20:00:00,0.00005000,0.04142952
1769299200002,2026-01-25 00:00:00,0.00030269,0.04231000
1769313600000,2026-01-25 04:00:00,0.00005000,0.04107764
1769328000011,2026-01-25 08:00:00,0.00005000,0.04078902
1769342400000,2026-01-25 12:00:00,0.00009118,0.04090095
1769356800005,2026-01-25 16:00:00,0.00012262,0.04078917
1769371200001,2026-01-25 20:00:00,0.00005000,0.03888000
1769385600000,2026-01-26 00:00:00,0.00005000,0.04002402
1769400000000,2026-01-26 04:00:00,0.00032815,0.04037867
1769414400003,2026-01-26 08:00:00,0.00005000,0.04363000
1769428800000,2026-01-26 12:00:00,0.00006196,0.04414000
1769443200000,2026-01-26 16:00:00,0.00005000,0.04593479
1769457600000,2026-01-26 20:00:00,0.00005000,0.04580000
1769472000002,2026-01-27 00:00:00,0.00005000,0.04606952
1769486400002,2026-01-27 04:00:00,0.00005000,0.04614848
1769500800000,2026-01-27 08:00:00,0.00005000,0.05062779
1769515200006,2026-01-27 12:00:00,0.00005000,0.05391786
1769529600000,2026-01-27 16:00:00,0.00005000,0.06064532
1769544000000,2026-01-27 20:00:00,0.00027786,0.05962814
1769558400000,2026-01-28 00:00:00,0.00005000,0.05878838
1769572800008,2026-01-28 04:00:00,0.00005000,0.05881143
1769587200000,2026-01-28 08:00:00,0.00005000,0.06007357
1769601600005,2026-01-28 12:00:00,0.00005000,0.06063000
1769616000000,2026-01-28 16:00:00,0.00005000,0.06014000
1769630400004,2026-01-28 20:00:00,0.00012654,0.06157000
1769644800000,2026-01-29 00:00:00,0.00005000,0.05899512
1769659200000,2026-01-29 04:00:00,0.00005000,0.05894000
1769673600009,2026-01-29 08:00:00,0.00015228,0.06008988
1769688000000,2026-01-29 12:00:00,0.00024852,0.06040537
1769702400000,2026-01-29 16:00:00,0.00005000,0.06030464
1769716800004,2026-01-29 20:00:00,0.00005000,0.06022624
1769731200008,2026-01-30 00:00:00,0.00005000,0.06043307
1769745600005,2026-01-30 04:00:00,0.00005000,0.06054921
1769760000000,2026-01-30 08:00:00,0.00012193,0.06109232
1769774400005,2026-01-30 12:00:00,0.00030507,0.06128000
1769788800001,2026-01-30 16:00:00,0.00020268,0.06261445
1769803200004,2026-01-30 20:00:00,0.00023088,0.06514343
1769817600000,2026-01-31 00:00:00,0.00005000,0.06078436
1769832000002,2026-01-31 04:00:00,0.00018054,0.06197000
1769846400001,2026-01-31 08:00:00,0.00025424,0.06329807
1769860800010,2026-01-31 12:00:00,0.00005000,0.06278000
1769875200009,2026-01-31 16:00:00,0.00005048,0.06184000
1769889600012,2026-01-31 20:00:00,0.00015797,0.05903000
1769904000001,2026-02-01 00:00:00,0.00021821,0.06154000
1769918400000,2026-02-01 04:00:00,0.00009670,0.06338000
1769932800004,2026-02-01 08:00:00,0.00035208,0.06396769
1769947200004,2026-02-01 12:00:00,0.00024825,0.06546388
1769961600000,2026-02-01 16:00:00,0.00019387,0.06273000
1769976000004,2026-02-01 20:00:00,0.00008043,0.06222000
1769990400000,2026-02-02 00:00:00,0.00020572,0.06328271
1770004800000,2026-02-02 04:00:00,0.00017811,0.06381252
1770019200014,2026-02-02 08:00:00,0.00026361,0.06187631
1770033600009,2026-02-02 12:00:00,0.00027144,0.06404000
1770048000000,2026-02-02 16:00:00,0.00021444,0.06575964
1770062400000,2026-02-02 20:00:00,0.00005000,0.06176883
1770076800000,2026-02-03 00:00:00,0.00021537,0.06170090
1770091200001,2026-02-03 04:00:00,0.00021050,0.06301700
1770105600007,2026-02-03 08:00:00,0.00021320,0.06306343
1770120000006,2026-02-03 12:00:00,0.00025966,0.06231810
1770134400000,2026-02-03 16:00:00,0.00043074,0.06018588
1770148800009,2026-02-03 20:00:00,0.00058938,0.06013943
1770163200002,2026-02-04 00:00:00,0.00101458,0.06014000
1770177600004,2026-02-04 04:00:00,0.00063479,0.05907945
1770192000007,2026-02-04 08:00:00,0.00051632,0.05848586
1770206400010,2026-02-04 12:00:00,0.00044303,0.05927000
1770220800000,2026-02-04 16:00:00,0.00068654,0.05770000
1770235200001,2026-02-04 20:00:00,0.00063828,0.05698145
1770249600011,2026-02-05 00:00:00,0.00053419,0.05552907
1770264000001,2026-02-05 04:00:00,0.00038623,0.05495000
1770278400000,2026-02-05 08:00:00,0.00044765,0.05125264
1770292800006,2026-02-05 12:00:00,0.00058872,0.05432000
1770307200007,2026-02-05 16:00:00,0.00061591,0.05434000
1770321600000,2026-02-05 20:00:00,0.00061986,0.05411000
1770336000000,2026-02-06 00:00:00,0.00055724,0.05150498
1770350400001,2026-02-06 04:00:00,0.00045515,0.05329538
1770364800001,2026-02-06 08:00:00,0.00070578,0.05225000
1770379200003,2026-02-06 12:00:00,0.00048528,0.05189452
1770393600000,2026-02-06 16:00:00,0.00054802,0.05324826
1770408000005,2026-02-06 20:00:00,0.00051662,0.05126000
1770422400003,2026-02-07 00:00:00,0.00029066,0.04760000
1770436800024,2026-02-07 04:00:00,0.00048024,0.04960000
1770451200000,2026-02-07 08:00:00,0.00016942,0.05071793
1770465600007,2026-02-07 12:00:00,0.00048743,0.05015000
1770480000010,2026-02-07 16:00:00,0.00033878,0.04976000
1770494400000,2026-02-07 20:00:00,0.00052876,0.04940000
1770508800003,2026-02-08 00:00:00,0.00050201,0.04851000
1770523200002,2026-02-08 04:00:00,0.00031677,0.04648131
1770537600000,2026-02-08 08:00:00,0.00035848,0.04650529
1770552000005,2026-02-08 12:00:00,0.00065567,0.04846000
1770566400000,2026-02-08 16:00:00,0.00053033,0.05045305
1770580800000,2026-02-08 20:00:00,0.00058936,0.04757000
1770595200002,2026-02-09 00:00:00,0.00043254,0.04973000
1770609600012,2026-02-09 04:00:00,0.00047951,0.05006724
1770624000001,2026-02-09 08:00:00,0.00032246,0.04940000
1770638400003,2026-02-09 12:00:00,0.00005000,0.04832000
1770652800007,2026-02-09 16:00:00,0.00015980,0.04958000
1770667200006,2026-02-09 20:00:00,0.00005000,0.05109000
1770681600000,2026-02-10 00:00:00,0.00005000,0.05128586
1770696000000,2026-02-10 04:00:00,0.00005000,0.05035000
1770710400007,2026-02-10 08:00:00,0.00005000,0.05072734
1770724800000,2026-02-10 12:00:00,0.00015538,0.04789000
1770739200000,2026-02-10 16:00:00,0.00010536,0.04755000
1770753600007,2026-02-10 20:00:00,0.00005000,0.04631249
1770768000000,2026-02-11 00:00:00,0.00005000,0.04597000
1770782400000,2026-02-11 04:00:00,0.00007836,0.04718000
1770796800006,2026-02-11 08:00:00,0.00016556,0.04535000
1770811200000,2026-02-11 12:00:00,0.00038999,0.04611039
1770825600000,2026-02-11 16:00:00,0.00022049,0.04587843
1770840000003,2026-02-11 20:00:00,0.00011098,0.04456966
1770854400000,2026-02-12 00:00:00,0.00005000,0.04491574
1770868800000,2026-02-12 04:00:00,0.00005000,0.04446838
1770883200001,2026-02-12 08:00:00,0.00005000,0.04508171
1770897600002,2026-02-12 12:00:00,0.00005000,0.04432436
1770912000001,2026-02-12 16:00:00,0.00035174,0.04469957
1770926400006,2026-02-12 20:00:00,0.00025706,0.04435000
1770940800007,2026-02-13 00:00:00,0.00054392,0.04628802
1770955200000,2026-02-13 04:00:00,0.00037883,0.04559000
1770969600003,2026-02-13 08:00:00,0.00042631,0.04742000
1770984000000,2026-02-13 12:00:00,0.00013551,0.04805000
1770998400005,2026-02-13 16:00:00,0.00049393,0.05017086
1771012800006,2026-02-13 20:00:00,0.00029872,0.04870000
1771027200002,2026-02-14 00:00:00,0.00011968,0.04849000
1771041600007,2026-02-14 04:00:00,0.00060512,0.04827000
1771056000004,2026-02-14 08:00:00,0.00066089,0.04829000
1771070400000,2026-02-14 12:00:00,0.00053608,0.05132805
1771084800002,2026-02-14 16:00:00,0.00013063,0.04946336
1771099200000,2026-02-14 20:00:00,0.00005000,0.04940101
1771113600000,2026-02-15 00:00:00,0.00017356,0.04914248
1771128000000,2026-02-15 04:00:00,0.00020697,0.04810000
1771142400002,2026-02-15 08:00:00,0.00016207,0.04817071
1771156800005,2026-02-15 12:00:00,0.00005578,0.04811000
1771171200000,2026-02-15 16:00:00,0.00037490,0.04754755
1771185600009,2026-02-15 20:00:00,0.00049538,0.04706000
1771200000001,2026-02-16 00:00:00,0.00027764,0.04644850
1771214400004,2026-02-16 04:00:00,0.00005000,0.04761281
1771228800003,2026-02-16 08:00:00,0.00032397,0.04760000
1771243200000,2026-02-16 12:00:00,0.00007207,0.04838595
1771257600000,2026-02-16 16:00:00,0.00050309,0.04886000
1771272000009,2026-02-16 20:00:00,0.00041326,0.04994726
1771286400008,2026-02-17 00:00:00,0.00070392,0.04986671
1771300800003,2026-02-17 04:00:00,0.00015191,0.04785429
1771315200001,2026-02-17 08:00:00,0.00009056,0.04766500
1771329600000,2026-02-17 12:00:00,0.00005000,0.04669071
1771344000002,2026-02-17 16:00:00,0.00005000,0.04644512
1771358400002,2026-02-17 20:00:00,0.00005000,0.04505643
1771372800000,2026-02-18 00:00:00,0.00005000,0.04567605
1771387200000,2026-02-18 04:00:00,0.00039354,0.04746674
1771401600000,2026-02-18 08:00:00,0.00027152,0.04730995
1771416000007,2026-02-18 12:00:00,0.00030736,0.04785000
1771430400011,2026-02-18 16:00:00,0.00043284,0.04741029
1771444800004,2026-02-18 20:00:00,0.00017870,0.04793662
1771459200013,2026-02-19 00:00:00,0.00045256,0.04826000
1771473600003,2026-02-19 04:00:00,0.00051675,0.04836000
1771488000000,2026-02-19 08:00:00,0.00049020,0.04939000
1771502400011,2026-02-19 12:00:00,0.00041282,0.04868176
1771516800003,2026-02-19 16:00:00,0.00006774,0.04751700
1771531200000,2026-02-19 20:00:00,0.00006173,0.04690000
1771545600000,2026-02-20 00:00:00,0.00005000,0.04605598
1771560000003,2026-02-20 04:00:00,0.00005000,0.04579848
1771574400000,2026-02-20 08:00:00,0.00005000,0.04591000
1771588800000,2026-02-20 12:00:00,0.00005000,0.04528000
1771603200000,2026-02-20 16:00:00,0.00019349,0.04618598
1771617600000,2026-02-20 20:00:00,0.00012413,0.04708317
1771632000004,2026-02-21 00:00:00,0.00038981,0.04775530
1771646400000,2026-02-21 04:00:00,0.00017000,0.04741617
1771660800000,2026-02-21 08:00:00,0.00005000,0.04668000
1771675200013,2026-02-21 12:00:00,0.00005000,0.04654241
1771689600005,2026-02-21 16:00:00,0.00005000,0.04661000
1771704000000,2026-02-21 20:00:00,0.00005000,0.04582000
1771718400001,2026-02-22 00:00:00,0.00018077,0.04729672
1771732800008,2026-02-22 04:00:00,0.00008879,0.04604871
1771747200004,2026-02-22 08:00:00,0.00037261,0.04605500
1771761600008,2026-02-22 12:00:00,0.00005000,0.04708133
1771776000000,2026-02-22 16:00:00,0.00026778,0.04678000
1771790400000,2026-02-22 20:00:00,0.00026681,0.04714036
1771804800001,2026-02-23 00:00:00,0.00022241,0.04796000
1771819200000,2026-02-23 04:00:00,0.00038787,0.04713548
1771833600000,2026-02-23 08:00:00,0.00022299,0.04930000
1771848000003,2026-02-23 12:00:00,0.00025369,0.05020143
1771862400000,2026-02-23 16:00:00,0.00021618,0.04973069
1771876800000,2026-02-23 20:00:00,0.00005000,0.04921588
1771891200007,2026-02-24 00:00:00,0.00005000,0.04996802
1771905600000,2026-02-24 04:00:00,0.00005000,0.04722000
1771920000000,2026-02-24 08:00:00,0.00005000,0.04445000
1771934400000,2026-02-24 12:00:00,0.00005000,0.04375000
1771948800001,2026-02-24 16:00:00,0.00021962,0.04681000
1771963200002,2026-02-24 20:00:00,0.00017242,0.04992000
1771977600001,2026-02-25 00:00:00,0.00042184,0.05023000
1771992000000,2026-02-25 04:00:00,0.00008826,0.04882000
1772006400007,2026-02-25 08:00:00,0.00016680,0.05016424
1772020800000,2026-02-25 12:00:00,0.00030371,0.05001000
1772035200000,2026-02-25 16:00:00,0.00005000,0.04756000
1772049600006,2026-02-25 20:00:00,0.00005000,0.04638929
1772064000000,2026-02-26 00:00:00,0.00005000,0.04490333
1772078400000,2026-02-26 04:00:00,0.00005000,0.04385433
1772092800006,2026-02-26 08:00:00,0.00005000,0.04196000
1772107200004,2026-02-26 12:00:00,0.00005000,0.04247000
1772121600002,2026-02-26 16:00:00,0.00005000,0.04502286
1772136000001,2026-02-26 20:00:00,0.00005000,0.04493000
1772150400007,2026-02-27 00:00:00,0.00005000,0.04427017
1772164800000,2026-02-27 04:00:00,0.00005000,0.04318669
1772179200000,2026-02-27 08:00:00,0.00005000,0.04196000
1772193600000,2026-02-27 12:00:00,0.00005000,0.03997786
1772208000001,2026-02-27 16:00:00,0.00005000,0.03987000
1772222400007,2026-02-27 20:00:00,0.00005000,0.03955226
1772236800000,2026-02-28 00:00:00,0.00005000,0.03823050
1772251200002,2026-02-28 04:00:00,0.00005000,0.03842000
1772265600000,2026-02-28 08:00:00,0.00005000,0.03618407
1772280000001,2026-02-28 12:00:00,0.00005000,0.03748000
1772294400004,2026-02-28 16:00:00,0.00005000,0.03811000
1772308800000,2026-02-28 20:00:00,0.00005000,0.03708250
1772323200005,2026-03-01 00:00:00,0.00005000,0.03705000
1772337600000,2026-03-01 04:00:00,0.00005000,0.03736814
1772352000000,2026-03-01 08:00:00,0.00005000,0.03796714
1772366400000,2026-03-01 12:00:00,0.00005000,0.03785000
1772380800002,2026-03-01 16:00:00,0.00005000,0.03256000
1772395200001,2026-03-01 20:00:00,0.00005000,0.03212521
1772409600001,2026-03-02 00:00:00,0.00005000,0.03131898
1772424000001,2026-03-02 04:00:00,0.00005000,0.03243786
1772438400007,2026-03-02 08:00:00,-0.00005088,0.03262064
1772452800002,2026-03-02 12:00:00,0.00005000,0.03257000
1772467200000,2026-03-02 16:00:00,0.00005000,0.03274000
1772481600000,2026-03-02 20:00:00,-0.00011184,0.03863000
1772496000000,2026-03-03 00:00:00,0.00005000,0.03869014
1772510400009,2026-03-03 04:00:00,0.00005000,0.04007214
1772524800000,2026-03-03 08:00:00,0.00005000,0.03983710
1772539200017,2026-03-03 12:00:00,0.00005000,0.03912000
1772553600007,2026-03-03 16:00:00,0.00005000,0.04031000
1772568000000,2026-03-03 20:00:00,0.00005000,0.04114267
1772582400001,2026-03-04 00:00:00,0.00010690,0.04526898
1772596800000,2026-03-04 04:00:00,0.00024226,0.04786000
1772611200005,2026-03-04 08:00:00,0.00008418,0.05124500
1772625600008,2026-03-04 12:00:00,0.00042783,0.05542000
1772640000000,2026-03-04 16:00:00,0.00038885,0.05436983
1772654400000,2026-03-04 20:00:00,0.00021050,0.05146000
1772668800000,2026-03-05 00:00:00,0.00046655,0.05002000
1772683200000,2026-03-05 04:00:00,0.00005000,0.04763007
1772697600000,2026-03-05 08:00:00,0.00006680,0.04826000
1772712000000,2026-03-05 12:00:00,0.00007064,0.04928000
1772726400004,2026-03-05 16:00:00,0.00015988,0.04992762
1772740800000,2026-03-05 20:00:00,0.00005000,0.04865933
1772755200001,2026-03-06 00:00:00,0.00026249,0.04824981
1772769600003,2026-03-06 04:00:00,0.00006532,0.05125000
1772784000001,2026-03-06 08:00:00,0.00019208,0.04925683
1772798400005,2026-03-06 12:00:00,0.00005000,0.04942962
1772812800004,2026-03-06 16:00:00,0.00005000,0.04882895
1772827200010,2026-03-06 20:00:00,0.00015096,0.04766000
1772841600001,2026-03-07 00:00:00,0.00014861,0.04735000
1772856000006,2026-03-07 04:00:00,0.00042966,0.04927000
1772870400012,2026-03-07 08:00:00,0.00005000,0.04807389
1772884800000,2026-03-07 12:00:00,0.00005000,0.04558000
1772899200001,2026-03-07 16:00:00,0.00005000,0.04360000
1772913600000,2026-03-07 20:00:00,0.00005000,0.04232038
1772928000001,2026-03-08 00:00:00,0.00005000,0.04320933
1772942400010,2026-03-08 04:00:00,0.00005000,0.04447000
1772956800000,2026-03-08 08:00:00,0.00005000,0.04327000
1772971200002,2026-03-08 12:00:00,0.00005000,0.04454960
1772985600002,2026-03-08 16:00:00,0.00005000,0.04390533
1773000000000,2026-03-08 20:00:00,0.00005000,0.04333000
1773014400000,2026-03-09 00:00:00,0.00005000,0.04305000
1773028800006,2026-03-09 04:00:00,0.00010143,0.04439000
1773043200004,2026-03-09 08:00:00,0.00005000,0.04574731
1773057600001,2026-03-09 12:00:00,0.00005000,0.04549000
1773072000003,2026-03-09 16:00:00,0.00005000,0.04590000
1773086400000,2026-03-09 20:00:00,0.00005000,0.04557000
1773100800012,2026-03-10 00:00:00,0.00005000,0.04438000
1773115200000,2026-03-10 04:00:00,0.00027091,0.04437736
1773129600002,2026-03-10 08:00:00,0.00005000,0.04597000
1773144000004,2026-03-10 12:00:00,0.00010651,0.04748000
1773158400001,2026-03-10 16:00:00,0.00011748,0.04895064
1773172800004,2026-03-10 20:00:00,0.00005931,0.04797000
1773187200000,2026-03-11 00:00:00,0.00014950,0.04822050
1773201600000,2026-03-11 04:00:00,0.00014061,0.04712000
1773216000007,2026-03-11 08:00:00,0.00008413,0.04816783
1773230400003,2026-03-11 12:00:00,0.00018161,0.04766655
1773244800010,2026-03-11 16:00:00,0.00005000,0.04858424
1773259200004,2026-03-11 20:00:00,0.00005000,0.04859000
1773273600000,2026-03-12 00:00:00,0.00034666,0.04889000
1773288000001,2026-03-12 04:00:00,0.00033438,0.04761000
1773302400000,2026-03-12 08:00:00,0.00041015,0.04937367
1773316800006,2026-03-12 12:00:00,0.00014006,0.04984248
1773331200000,2026-03-12 16:00:00,0.00020192,0.04983883
1773345600006,2026-03-12 20:00:00,0.00010669,0.05078548
1773360000006,2026-03-13 00:00:00,0.00005000,0.05027983
1773374400005,2026-03-13 04:00:00,0.00022415,0.05019000
1773388800001,2026-03-13 08:00:00,0.00005000,0.04987000
1773403200003,2026-03-13 12:00:00,0.00023585,0.05129990
1773417600000,2026-03-13 16:00:00,0.00005000,0.05140000
1773432000000,2026-03-13 20:00:00,0.00005000,0.04998000
1773446400001,2026-03-14 00:00:00,0.00005000,0.04903000
1773460800002,2026-03-14 04:00:00,0.00014984,0.04925317
1773475200000,2026-03-14 08:00:00,0.00005000,0.04922050
1773489600000,2026-03-14 12:00:00,0.00005000,0.04907295
1773504000007,2026-03-14 16:00:00,0.00005000,0.04900000
1773518400000,2026-03-14 20:00:00,0.00005000,0.04890286
1773532800000,2026-03-15 00:00:00,0.00005000,0.05028769
1773547200000,2026-03-15 04:00:00,0.00010696,0.04973879
1773561600000,2026-03-15 08:00:00,0.00009759,0.04953360
1773576000002,2026-03-15 12:00:00,0.00005000,0.04979000
1773590400000,2026-03-15 16:00:00,0.00005000,0.05003879
1773604800000,2026-03-15 20:00:00,0.00010678,0.05025000
1773619200000,2026-03-16 00:00:00,0.00024076,0.05097248
1773633600006,2026-03-16 04:00:00,0.00005000,0.05113919
1773648000010,2026-03-16 08:00:00,0.00005000,0.05026964
1773662400002,2026-03-16 12:00:00,0.00005000,0.05173000
1773676800000,2026-03-16 16:00:00,0.00005000,0.05147000
1773691200001,2026-03-16 20:00:00,0.00005000,0.05022000
1773705600000,2026-03-17 00:00:00,0.00017803,0.04971650
1773720000008,2026-03-17 04:00:00,0.00013335,0.05048200
1773734400002,2026-03-17 08:00:00,0.00005000,0.05011602
1773748800012,2026-03-17 12:00:00,0.00005000,0.04887000
1773763200011,2026-03-17 16:00:00,0.00005000,0.04840890
1773777600000,2026-03-17 20:00:00,0.00005000,0.04770000
1773792000002,2026-03-18 00:00:00,0.00005000,0.04770000
1773806400000,2026-03-18 04:00:00,0.00005000,0.05037357
1773820800002,2026-03-18 08:00:00,0.00005000,0.05067000
1773835200001,2026-03-18 12:00:00,0.00005000,0.05072000
1773849600005,2026-03-18 16:00:00,0.00017200,0.05001931
1773864000008,2026-03-18 20:00:00,0.00009363,0.04983236
1773878400000,2026-03-19 00:00:00,0.00005000,0.04894586
1773892800000,2026-03-19 04:00:00,0.00005000,0.04723714
1773907200003,2026-03-19 08:00:00,0.00005000,0.04593445
1773921600002,2026-03-19 12:00:00,0.00005000,0.04674695
1773936000003,2026-03-19 16:00:00,0.00005000,0.04651033
1773950400000,2026-03-19 20:00:00,0.00005000,0.04565000
1773964800002,2026-03-20 00:00:00,0.00005000,0.04452000
1773979200008,2026-03-20 04:00:00,0.00005000,0.04517000
1773993600000,2026-03-20 08:00:00,0.00008310,0.04570000
1774008000000,2026-03-20 12:00:00,0.00005000,0.04448114
1774022400000,2026-03-20 16:00:00,0.00005000,0.04422050
1774036800007,2026-03-20 20:00:00,0.00005000,0.04401000
1774051200000,2026-03-21 00:00:00,0.00040199,0.04441000
1774065600002,2026-03-21 04:00:00,0.00005000,0.04514467
1774080000000,2026-03-21 08:00:00,0.00024450,0.04614000
1774094400003,2026-03-21 12:00:00,0.00005000,0.04637333
1774108800014,2026-03-21 16:00:00,0.00024130,0.04728000
1774123200000,2026-03-21 20:00:00,0.00012019,0.04981967
1774137600012,2026-03-22 00:00:00,0.00036879,0.04873000
1774152000003,2026-03-22 04:00:00,0.00037038,0.04910667
1774166400007,2026-03-22 08:00:00,0.00017519,0.05053000
1774180800000,2026-03-22 12:00:00,0.00014431,0.04972672
1774195200002,2026-03-22 16:00:00,0.00018525,0.04992000
1774209600000,2026-03-22 20:00:00,0.00005000,0.04969000
1774224000000,2026-03-23 00:00:00,0.00012656,0.05054000
1774238400000,2026-03-23 04:00:00,0.00005000,0.04694000
1774252800003,2026-03-23 08:00:00,0.00058242,0.04639000
1774267200000,2026-03-23 12:00:00,0.00040589,0.04841407
1774281600002,2026-03-23 16:00:00,0.00006935,0.04838000
1774296000000,2026-03-23 20:00:00,0.00011123,0.04827945
1774310400000,2026-03-24 00:00:00,0.00040589,0.04824350
1774324800001,2026-03-24 04:00:00,0.00019679,0.04879000
1774339200000,2026-03-24 08:00:00,0.00023748,0.04980000
1774353600000,2026-03-24 12:00:00,0.00018367,0.04738307
1774368000003,2026-03-24 16:00:00,0.00005000,0.04705719
1774382400000,2026-03-24 20:00:00,0.00005000,0.04573000
1774396800000,2026-03-25 00:00:00,0.00005000,0.04647167
1774411200000,2026-03-25 04:00:00,0.00005000,0.04762362
1774425600000,2026-03-25 08:00:00,0.00005000,0.04792000
1774440000005,2026-03-25 12:00:00,0.00024902,0.04708083
1774454400013,2026-03-25 16:00:00,0.00005000,0.04801000
1774468800001,2026-03-25 20:00:00,0.00030429,0.04866000
1774483200001,2026-03-26 00:00:00,0.00063238,0.04965000
1774497600002,2026-03-26 04:00:00,0.00022392,0.05037374
1774512000001,2026-03-26 08:00:00,0.00071912,0.05323750
1774526400000,2026-03-26 12:00:00,0.00005000,0.05163424
1774540800000,2026-03-26 16:00:00,0.00011284,0.05307845
1774555200003,2026-03-26 20:00:00,0.00014622,0.05719000
1774569600006,2026-03-27 00:00:00,0.00110922,0.05850805
1774584000001,2026-03-27 04:00:00,0.00036238,0.05879919
1774598400000,2026-03-27 08:00:00,0.00070436,0.05989478
1774612800002,2026-03-27 12:00:00,0.00038667,0.06252988
1774627200000,2026-03-27 16:00:00,0.00077554,0.06318488
1774641600000,2026-03-27 20:00:00,0.00048856,0.05900000
1774656000005,2026-03-28 00:00:00,0.00104291,0.05770000
1774670400003,2026-03-28 04:00:00,0.00057638,0.05975000
1774684800005,2026-03-28 08:00:00,0.00009153,0.05650000
1774699200006,2026-03-28 12:00:00,0.00016187,0.05267000
1774713600000,2026-03-28 16:00:00,0.00005000,0.04899129
1774728000003,2026-03-28 20:00:00,0.00028137,0.05289186
1774742400003,2026-03-29 00:00:00,0.00005000,0.04843000
1774756800000,2026-03-29 04:00:00,0.00005000,0.04980945
1774771200001,2026-03-29 08:00:00,0.00005000,0.04761000
1774785600000,2026-03-29 12:00:00,0.00005000,0.04771581
1774800000000,2026-03-29 16:00:00,0.00005000,0.04509071
1774814400000,2026-03-29 20:00:00,0.00005000,0.04431000
1774828800000,2026-03-30 00:00:00,0.00005000,0.04583931
1774843200012,2026-03-30 04:00:00,0.00005000,0.04462000
1774857600005,2026-03-30 08:00:00,0.00005000,0.04704000
1774872000005,2026-03-30 12:00:00,0.00005000,0.04772000
1774886400000,2026-03-30 16:00:00,0.00005000,0.04502000
1774900800000,2026-03-30 20:00:00,0.00005000,0.04572645
1774915200000,2026-03-31 00:00:00,0.00005000,0.04420207
1774929600000,2026-03-31 04:00:00,0.00005000,0.04414738
1774944000000,2026-03-31 08:00:00,0.00005000,0.04306090
1774958400001,2026-03-31 12:00:00,0.00005000,0.04223000
1774972800000,2026-03-31 16:00:00,0.00005000,0.04138364
1774987200002,2026-03-31 20:00:00,0.00005000,0.04210148
1775001600000,2026-04-01 00:00:00,0.00005000,0.04168943
1775016000004,2026-04-01 04:00:00,0.00005000,0.04087000
1775030400000,2026-04-01 08:00:00,0.00005000,0.03989000
1775044800000,2026-04-01 12:00:00,0.00005000,0.03881786
1775059200000,2026-04-01 16:00:00,0.00005000,0.03918000
1775073600000,2026-04-01 20:00:00,0.00005000,0.03765529
1775088000003,2026-04-02 00:00:00,0.00005000,0.03753186
1775102400003,2026-04-02 04:00:00,0.00005000,0.04102000
1775116800001,2026-04-02 08:00:00,0.00005000,0.04067000
1775131200003,2026-04-02 12:00:00,0.00005000,0.04149000
1775145600001,2026-04-02 16:00:00,0.00005000,0.04152143
1775160000003,2026-04-02 20:00:00,0.00005000,0.04030000
1775174400000,2026-04-03 00:00:00,0.00005000,0.03995176
1775188800000,2026-04-03 04:00:00,0.00005000,0.03860000
1775203200008,2026-04-03 08:00:00,0.00005000,0.03771348
1775217600006,2026-04-03 12:00:00,0.00005000,0.03823000
1775232000008,2026-04-03 16:00:00,0.00005000,0.03816000
1775246400001,2026-04-03 20:00:00,0.00005000,0.03750324
1775260800000,2026-04-04 00:00:00,0.00005000,0.03631864
1775275200001,2026-04-04 04:00:00,0.00005000,0.03674733
1775289600003,2026-04-04 08:00:00,0.00005000,0.03658000
1775304000000,2026-04-04 12:00:00,0.00005000,0.03640658
1775318400000,2026-04-04 16:00:00,0.00005000,0.03689000
1775332800000,2026-04-04 20:00:00,0.00005000,0.03686586
1775347200008,2026-04-05 00:00:00,0.00005000,0.03737174
1775361600002,2026-04-05 04:00:00,0.00005000,0.03701000
1775376000000,2026-04-05 08:00:00,0.00005000,0.03754857
1775390400003,2026-04-05 12:00:00,0.00005000,0.03922756
1775404800001,2026-04-05 16:00:00,0.00005000,0.03871000
1775419200003,2026-04-05 20:00:00,0.00005000,0.03871500
1775433600004,2026-04-06 00:00:00,0.00005000,0.03868248
1775448000005,2026-04-06 04:00:00,0.00005000,0.03891174
1775462400001,2026-04-06 08:00:00,0.00005000,0.03902000
1775476800002,2026-04-06 12:00:00,0.00005000,0.03723195
1775491200003,2026-04-06 16:00:00,0.00005000,0.03725374
1775505600000,2026-04-06 20:00:00,0.00005000,0.03699248
1775520000000,2026-04-07 00:00:00,0.00005000,0.03554745
1775534400003,2026-04-07 04:00:00,0.00005000,0.03560000
1775548800000,2026-04-07 08:00:00,0.00005000,0.03476000
1775563200008,2026-04-07 12:00:00,0.00005000,0.03530000
1775577600000,2026-04-07 16:00:00,0.00005000,0.03662000
1775592000000,2026-04-07 20:00:00,0.00005000,0.03711786
1775606400000,2026-04-08 00:00:00,0.00005000,0.03838890
1775620800002,2026-04-08 04:00:00,0.00005000,0.03883000
1775635200000,2026-04-08 08:00:00,0.00005000,0.03801000
1775649600013,2026-04-08 12:00:00,0.00005000,0.03798000
1775664000006,2026-04-08 16:00:00,0.00005000,0.03844533
1775678400005,2026-04-08 20:00:00,0.00005000,0.03799600
1775692800000,2026-04-09 00:00:00,0.00005000,0.03722079
1775707200005,2026-04-09 04:00:00,0.00005000,0.03652607
1775721600010,2026-04-09 08:00:00,0.00005000,0.03643000
1775736000001,2026-04-09 12:00:00,0.00005000,0.03672416
1775750400001,2026-04-09 16:00:00,0.00005000,0.03619000
1775764800001,2026-04-09 20:00:00,0.00005000,0.03658643
1775779200000,2026-04-10 00:00:00,0.00005000,0.03655102
1775793600000,2026-04-10 04:00:00,0.00005000,0.03617721
1775808000005,2026-04-10 08:00:00,0.00005000,0.03604695
1775822400000,2026-04-10 12:00:00,0.00005000,0.03629795
1775836800000,2026-04-10 16:00:00,0.00021522,0.03671395
1775851200002,2026-04-10 20:00:00,0.00005000,0.03712000
1775865600000,2026-04-11 00:00:00,0.00005000,0.03648867
1775880000009,2026-04-11 04:00:00,0.00005000,0.03733457
1775894400000,2026-04-11 08:00:00,0.00005000,0.03788739
1775908800002,2026-04-11 12:00:00,0.00036887,0.03863000
1775923200003,2026-04-11 16:00:00,0.00012709,0.03774726
1775937600001,2026-04-11 20:00:00,0.00038374,0.03784652
1775952000000,2026-04-12 00:00:00,0.00005000,0.03762000
1775966400000,2026-04-12 04:00:00,0.00009745,0.03771940
1775980800000,2026-04-12 08:00:00,0.00017886,0.03788658
1775995200000,2026-04-12 12:00:00,0.00038792,0.03798000
1776009600000,2026-04-12 16:00:00,0.00005000,0.03698679
1776024000013,2026-04-12 20:00:00,0.00005000,0.03594979
1776038400011,2026-04-13 00:00:00,0.00016535,0.03744347
1776052800003,2026-04-13 04:00:00,0.00006733,0.03675310
1776067200006,2026-04-13 08:00:00,0.00005000,0.03663533
1776081600010,2026-04-13 12:00:00,0.00037737,0.03711043
1776096000000,2026-04-13 16:00:00,0.00005000,0.03664000
1776110400000,2026-04-13 20:00:00,0.00005000,0.03657743
1776124800005,2026-04-14 00:00:00,0.00005000,0.03746612
1776139200000,2026-04-14 04:00:00,0.00034843,0.03855000
1776153600003,2026-04-14 08:00:00,0.00035577,0.03753000
1776168000000,2026-04-14 12:00:00,0.00045208,0.03731517
1776182400001,2026-04-14 16:00:00,0.00005000,0.03660000
1776196800009,2026-04-14 20:00:00,0.00005000,0.03585000
1776211200000,2026-04-15 00:00:00,0.00005000,0.03633833
1776225600000,2026-04-15 04:00:00,0.00018649,0.03615000
1776240000000,2026-04-15 08:00:00,0.00020339,0.03735369
1776254400000,2026-04-15 12:00:00,0.00023371,0.03823919
1776268800000,2026-04-15 16:00:00,0.00034898,0.03929000
1776283200009,2026-04-15 20:00:00,0.00060182,0.04130514
1776297600013,2026-04-16 00:00:00,0.00084979,0.04428000
1776312000008,2026-04-16 04:00:00,0.00026963,0.04490000
1776326400000,2026-04-16 08:00:00,0.00043239,0.04641321
1776340800004,2026-04-16 12:00:00,0.00083299,0.05249626
1776355200000,2026-04-16 16:00:00,0.00126657,0.04701073
1776369600000,2026-04-16 20:00:00,0.00005000,0.04496000
1776384000001,2026-04-17 00:00:00,0.00031926,0.04414088
1776398400003,2026-04-17 04:00:00,0.00052825,0.04260000
1776412800011,2026-04-17 08:00:00,0.00020987,0.04007000
1776427200003,2026-04-17 12:00:00,0.00005000,0.03984000
1776441600001,2026-04-17 16:00:00,0.00005000,0.03976000
1776456000005,2026-04-17 20:00:00,0.00005000,0.03947157
1776470400001,2026-04-18 00:00:00,0.00005000,0.03983002
1776484800003,2026-04-18 04:00:00,0.00032882,0.03973293
1776499200006,2026-04-18 08:00:00,0.00007958,0.03936000
1776513600000,2026-04-18 12:00:00,0.00005955,0.03710000
1776528000000,2026-04-18 16:00:00,0.00005000,0.03738000
1776542400002,2026-04-18 20:00:00,0.00005000,0.03606743
1776556800002,2026-04-19 00:00:00,0.00005000,0.03608262
1776571200000,2026-04-19 04:00:00,0.00005000,0.03511000
1776585600010,2026-04-19 08:00:00,0.00005000,0.03404990
1776600000003,2026-04-19 12:00:00,0.00005000,0.03437929
1776614400001,2026-04-19 16:00:00,0.00005000,0.03480574
1776628800005,2026-04-19 20:00:00,0.00005000,0.03433000
1776643200000,2026-04-20 00:00:00,0.00005000,0.03260000
1776657600001,2026-04-20 04:00:00,0.00005000,0.03382269
1776672000000,2026-04-20 08:00:00,0.00005000,0.03399033
1776686400009,2026-04-20 12:00:00,0.00005000,0.03394000
1776700800001,2026-04-20 16:00:00,0.00005000,0.03449002
1776715200000,2026-04-20 20:00:00,0.00005000,0.03488000
1776729600000,2026-04-21 00:00:00,0.00005000,0.03401721
1776744000000,2026-04-21 04:00:00,0.00005000,0.03469605
1776758400004,2026-04-21 08:00:00,0.00005000,0.03501624
1776772800000,2026-04-21 12:00:00,0.00005000,0.03453000
1776787200004,2026-04-21 16:00:00,0.00005000,0.03462000
1776801600003,2026-04-21 20:00:00,0.00005000,0.03418000
1776816000004,2026-04-22 00:00:00,0.00005000,0.03464000
1776830400003,2026-04-22 04:00:00,0.00005000,0.03483000
1776844800000,2026-04-22 08:00:00,0.00005000,0.03582000
1776859200000,2026-04-22 12:00:00,0.00014825,0.03740000
1776873600000,2026-04-22 16:00:00,0.00005000,0.03677752
1776888000003,2026-04-22 20:00:00,0.00005000,0.03702648
1776902400000,2026-04-23 00:00:00,0.00005000,0.03670000
1776916800000,2026-04-23 04:00:00,0.00005000,0.03632000
1776931200000,2026-04-23 08:00:00,0.00035926,0.03774000
1776945600000,2026-04-23 12:00:00,0.00022830,0.03781000
1776960000004,2026-04-23 16:00:00,0.00088945,0.04144249
1776974400006,2026-04-23 20:00:00,0.00007417,0.03790000
1776988800006,2026-04-24 00:00:00,0.00005000,0.04031000
1777003200000,2026-04-24 04:00:00,0.00022105,0.04258000
1777017600000,2026-04-24 08:00:00,0.00039023,0.04050000
1777032000002,2026-04-24 12:00:00,0.00005000,0.03932824
1777046400000,2026-04-24 16:00:00,0.00005000,0.03834000
1777060800003,2026-04-24 20:00:00,0.00050835,0.03808000
1777075200000,2026-04-25 00:00:00,0.00115253,0.03674000
1777089600005,2026-04-25 04:00:00,0.00038190,0.03848000
1777104000002,2026-04-25 08:00:00,0.00023644,0.03767000
1777118400001,2026-04-25 12:00:00,0.00014934,0.03747000
1777132800002,2026-04-25 16:00:00,0.00017336,0.03657000
1777147200001,2026-04-25 20:00:00,0.00048365,0.03737000
1777161600003,2026-04-26 00:00:00,0.00021145,0.03743881
1777176000001,2026-04-26 04:00:00,0.00064502,0.03750793
1777190400007,2026-04-26 08:00:00,0.00044664,0.03826000
1777204800001,2026-04-26 12:00:00,0.00033249,0.03794000
1777219200004,2026-04-26 16:00:00,0.00006198,0.03793000
1777233600014,2026-04-26 20:00:00,0.00125316,0.03650000
1777248000004,2026-04-27 00:00:00,0.00112282,0.03723000
1777262400000,2026-04-27 04:00:00,0.00009744,0.03772521
1777276800000,2026-04-27 08:00:00,0.00005000,0.03854000
1777291200004,2026-04-27 12:00:00,0.00014372,0.03780810
1777305600002,2026-04-27 16:00:00,0.00005000,0.03764010
1777320000000,2026-04-27 20:00:00,0.00040946,0.03771000
1777334400001,2026-04-28 00:00:00,0.00098967,0.03853174
1777348800006,2026-04-28 04:00:00,0.00008342,0.03855738
1777363200000,2026-04-28 08:00:00,0.00005000,0.03830679
1777377600000,2026-04-28 12:00:00,0.00020469,0.03872219
1777392000004,2026-04-28 16:00:00,0.00012133,0.03859520
1777406400001,2026-04-28 20:00:00,0.00050863,0.04013786
1777420800006,2026-04-29 00:00:00,0.00018647,0.04017000
1777435200003,2026-04-29 04:00:00,0.00038989,0.03936000
1777449600011,2026-04-29 08:00:00,0.00005000,0.03803000
1777464000000,2026-04-29 12:00:00,0.00024475,0.03847000
1777478400003,2026-04-29 16:00:00,0.00010227,0.03769000
1777492800004,2026-04-29 20:00:00,0.00005000,0.03633000
1777507200002,2026-04-30 00:00:00,0.00005000,0.03742857
1777521600000,2026-04-30 04:00:00,0.00005573,0.03835988
1777536000000,2026-04-30 08:00:00,0.00005000,0.03859233
1777550400000,2026-04-30 12:00:00,0.00005000,0.03834653
1777564800000,2026-04-30 16:00:00,0.00006597,0.03860000
1777579200002,2026-04-30 20:00:00,0.00009713,0.03857970
1777593600000,2026-05-01 00:00:00,0.00005000,0.03861000
1777608000003,2026-05-01 04:00:00,0.00007540,0.03882000
1777622400005,2026-05-01 08:00:00,0.00005000,0.03926000
1777636800000,2026-05-01 12:00:00,0.00005000,0.03850000
1777651200000,2026-05-01 16:00:00,0.00005000,0.03833000
1777665600009,2026-05-01 20:00:00,0.00005000,0.03840686
1777680000006,2026-05-02 00:00:00,0.00005000,0.03934274
1777694400000,2026-05-02 04:00:00,0.00053086,0.03885000
1777708800000,2026-05-02 08:00:00,0.00005000,0.03850607
1777723200009,2026-05-02 12:00:00,0.00032425,0.04031517
1777737600010,2026-05-02 16:00:00,0.00076037,0.04173448
1777752000000,2026-05-02 20:00:00,0.00015865,0.03964000
1777766400005,2026-05-03 00:00:00,0.00005000,0.03958000
1777780800014,2026-05-03 04:00:00,0.00011509,0.03880583
1777795200003,2026-05-03 08:00:00,0.00007486,0.03882893
1777809600004,2026-05-03 12:00:00,0.00031478,0.03911757
1777824000000,2026-05-03 16:00:00,0.00026214,0.03906000
1777838400000,2026-05-03 20:00:00,0.00005000,0.03873750
1777852800000,2026-05-04 00:00:00,0.00005000,0.03850936
1777867200003,2026-05-04 04:00:00,0.00029134,0.03904900
1777881600000,2026-05-04 08:00:00,0.00006528,0.03887500
1777896000000,2026-05-04 12:00:00,0.00005000,0.03752605
1777910400003,2026-05-04 16:00:00,0.00007461,0.03809514
1777924800007,2026-05-04 20:00:00,0.00090070,0.03800000
1777939200000,2026-05-05 00:00:00,0.00088593,0.03851000
1777953600000,2026-05-05 04:00:00,0.00067657,0.03848000
1777968000011,2026-05-05 08:00:00,0.00066246,0.03898000
1777982400006,2026-05-05 12:00:00,0.00077125,0.03863000
1777996800000,2026-05-05 16:00:00,0.00033423,0.03852000
1778011200000,2026-05-05 20:00:00,0.00013749,0.03895000
1778025600010,2026-05-06 00:00:00,0.00029148,0.03931000
1778040000000,2026-05-06 04:00:00,0.00005000,0.03874733
1778054400000,2026-05-06 08:00:00,0.00023617,0.03904552
1778068800000,2026-05-06 12:00:00,0.00005000,0.03917071
1778083200002,2026-05-06 16:00:00,0.00021172,0.03912381
1778097600000,2026-05-06 20:00:00,0.00029247,0.03914968
1778112000000,2026-05-07 00:00:00,0.00037233,0.03925921
1778126400001,2026-05-07 04:00:00,0.00005000,0.03840433
1778140800000,2026-05-07 08:00:00,0.00049702,0.03920243
1778155200000,2026-05-07 12:00:00,0.00030758,0.03903321
1778169600004,2026-05-07 16:00:00,0.00024001,0.03889852
1778184000005,2026-05-07 20:00:00,0.00014942,0.03803000
1778198400003,2026-05-08 00:00:00,0.00005000,0.03846000
1778212800000,2026-05-08 04:00:00,0.00012949,0.03830000
1778227200002,2026-05-08 08:00:00,0.00016888,0.03843000
1778241600000,2026-05-08 12:00:00,0.00018428,0.03828000
1778256000003,2026-05-08 16:00:00,0.00005000,0.03825000
1778270400000,2026-05-08 20:00:00,0.00018294,0.03879338
1778284800000,2026-05-09 00:00:00,0.00017434,0.03914781
1778299200000,2026-05-09 04:00:00,0.00013446,0.03914857
1778313600001,2026-05-09 08:00:00,0.00005000,0.03938014
1778328000000,2026-05-09 12:00:00,0.00037110,0.04044000
1778342400002,2026-05-09 16:00:00,0.00036947,0.03931000
1778356800000,2026-05-09 20:00:00,0.00035969,0.03909000
1778371200003,2026-05-10 00:00:00,0.00040815,0.03907000
1778385600005,2026-05-10 04:00:00,0.00043481,0.03890000
1778400000000,2026-05-10 08:00:00,0.00028396,0.03902000
1778414400007,2026-05-10 12:00:00,0.00058504,0.03891650
1778428800000,2026-05-10 16:00:00,0.00064131,0.03912000
1778443200002,2026-05-10 20:00:00,0.00047731,0.03915000
1778457600000,2026-05-11 00:00:00,0.00030939,0.03885800
1778472000000,2026-05-11 04:00:00,0.00024837,0.03880000
1778486400000,2026-05-11 08:00:00,0.00005000,0.03903969
1778500800001,2026-05-11 12:00:00,0.00015837,0.03904000
1778515200000,2026-05-11 16:00:00,0.00010191,0.03907000
1778529600014,2026-05-11 20:00:00,0.00012628,0.03895871
1778544000002,2026-05-12 00:00:00,0.00011829,0.03875000
1778558400000,2026-05-12 04:00:00,0.00005000,0.03831000
1778572800008,2026-05-12 08:00:00,0.00005000,0.03833336
1778587200003,2026-05-12 12:00:00,0.00012142,0.03790000
1778601600000,2026-05-12 16:00:00,0.00005000,0.03652000
1778616000000,2026-05-12 20:00:00,0.00032213,0.03656800
1778630400010,2026-05-13 00:00:00,0.00005000,0.03654000
1778644800003,2026-05-13 04:00:00,0.00005000,0.03723831
1778659200003,2026-05-13 08:00:00,0.00009739,0.03679507
1778673600004,2026-05-13 12:00:00,0.00005000,0.03601000
1778688000001,2026-05-13 16:00:00,0.00037351,0.03485850
1778702400004,2026-05-13 20:00:00,0.00005000,0.03521390
1778716800005,2026-05-14 00:00:00,0.00005000,0.03534000
1778731200005,2026-05-14 04:00:00,0.00005000,0.03445000
1778745600000,2026-05-14 08:00:00,0.00012031,0.03480862
1778760000001,2026-05-14 12:00:00,0.00005000,0.03456000
1778774400000,2026-05-14 16:00:00,0.00006219,0.03534843
1778788800000,2026-05-14 20:00:00,0.00005000,0.03549000
1778803200000,2026-05-15 00:00:00,0.00005000,0.03528034
1778817600006,2026-05-15 04:00:00,0.00005000,0.03503612
1778832000016,2026-05-15 08:00:00,0.00009369,0.03490995
1778846400001,2026-05-15 12:00:00,0.00005000,0.03512000
1778860800012,2026-05-15 16:00:00,0.00005000,0.03401000
1778875200001,2026-05-15 20:00:00,0.00005000,0.03450000
1778889600005,2026-05-16 00:00:00,0.00017225,0.03486000
1778904000000,2026-05-16 04:00:00,0.00005000,0.03621625
1778918400000,2026-05-16 08:00:00,0.00005000,0.03562000
1778932800002,2026-05-16 12:00:00,0.00005000,0.03598000
1778947200005,2026-05-16 16:00:00,0.00005000,0.03630645
1778961600000,2026-05-16 20:00:00,0.00005000,0.03628619
1778976000000,2026-05-17 00:00:00,0.00005000,0.03598000
1778990400012,2026-05-17 04:00:00,0.00005000,0.03536983
1779004800010,2026-05-17 08:00:00,0.00005000,0.03581167
1779019200014,2026-05-17 12:00:00,0.00005000,0.03558376
1779033600009,2026-05-17 16:00:00,0.00005000,0.03596000
1779048000002,2026-05-17 20:00:00,0.00005000,0.03620000
1779062400007,2026-05-18 00:00:00,0.00005000,0.03453000
1779076800000,2026-05-18 04:00:00,0.00015542,0.03528584
1779091200002,2026-05-18 08:00:00,0.00016148,0.03470000
1779105600001,2026-05-18 12:00:00,0.00005000,0.03493536
1779120000007,2026-05-18 16:00:00,0.00005000,0.03480929
1779134400000,2026-05-18 20:00:00,0.00019747,0.03467803
1779148800001,2026-05-19 00:00:00,0.00022305,0.03463000
1779163200003,2026-05-19 04:00:00,0.00031686,0.03380000
1779177600001,2026-05-19 08:00:00,0.00005000,0.03364807
1779192000000,2026-05-19 12:00:00,0.00005000,0.03331500
1779206400009,2026-05-19 16:00:00,0.00005000,0.03222000
1779220800001,2026-05-19 20:00:00,0.00005000,0.03245000
1779235200001,2026-05-20 00:00:00,0.00010071,0.03234267
1779249600001,2026-05-20 04:00:00,0.00016101,0.03298350
1779264000006,2026-05-20 08:00:00,0.00021653,0.03287749
1779278400001,2026-05-20 12:00:00,0.00005000,0.03247781
1779292800000,2026-05-20 16:00:00,0.00005000,0.03306043
1779307200019,2026-05-20 20:00:00,0.00005000,0.03272990
1779321600001,2026-05-21 00:00:00,0.00005000,0.03234660
1779336000000,2026-05-21 04:00:00,0.00005000,0.03278000
1779350400000,2026-05-21 08:00:00,0.00029967,0.03303667
1779364800000,2026-05-21 12:00:00,0.00005000,0.03312333
1779379200000,2026-05-21 16:00:00,0.00033698,0.03389000
1779393600001,2026-05-21 20:00:00,0.00005000,0.03429850
1779408000000,2026-05-22 00:00:00,0.00021523,0.03412631
1779422400000,2026-05-22 04:00:00,0.00005000,0.03446000
1779436800004,2026-05-22 08:00:00,0.00005000,0.03525000
1779451200000,2026-05-22 12:00:00,0.00005000,0.03515810
1779465600001,2026-05-22 16:00:00,0.00005000,0.03570000
1779480000002,2026-05-22 20:00:00,0.00006656,0.03618000
1779494400009,2026-05-23 00:00:00,0.00005000,0.03593788
1779508800006,2026-05-23 04:00:00,0.00005000,0.03590000
1779523200001,2026-05-23 08:00:00,0.00005000,0.03356000
1779537600000,2026-05-23 12:00:00,0.00005000,0.03313000
1779552000003,2026-05-23 16:00:00,0.00005000,0.03408357
1779566400007,2026-05-23 20:00:00,0.00005000,0.03397000
1779580800011,2026-05-24 00:00:00,0.00005000,0.03457386
1779595200001,2026-05-24 04:00:00,0.00010384,0.03465000
1779609600008,2026-05-24 08:00:00,0.00006911,0.03437483
1779624000001,2026-05-24 12:00:00,0.00005000,0.03402000
1779638400000,2026-05-24 16:00:00,0.00018534,0.03312473
1779652800002,2026-05-24 20:00:00,0.00005000,0.03312500
1779667200001,2026-05-25 00:00:00,0.00005000,0.03273000
1779681600000,2026-05-25 04:00:00,0.00005000,0.03260000
1779696000001,2026-05-25 08:00:00,0.00021411,0.03377879
1779710400008,2026-05-25 12:00:00,0.00005000,0.03356000
1779724800001,2026-05-25 16:00:00,0.00016848,0.03380000
1779739200000,2026-05-25 20:00:00,0.00005000,0.03333000
1779753600000,2026-05-26 00:00:00,0.00005000,0.03305500
1779768000003,2026-05-26 04:00:00,0.00005000,0.03268676
1779782400003,2026-05-26 08:00:00,0.00005000,0.03278000
1779796800000,2026-05-26 12:00:00,0.00005000,0.03332000
1779811200000,2026-05-26 16:00:00,0.00028825,0.03328000
1779825600000,2026-05-26 20:00:00,0.00005000,0.03274007
1779840000000,2026-05-27 00:00:00,0.00005000,0.03252000
1779854400002,2026-05-27 04:00:00,0.00006752,0.03163000
1779868800004,2026-05-27 08:00:00,0.00005000,0.03179000
1779883200007,2026-05-27 12:00:00,0.00011506,0.03139741
1779897600009,2026-05-27 16:00:00,0.00024233,0.03340000
1779912000001,2026-05-27 20:00:00,0.00030658,0.03354029
1779926400001,2026-05-28 00:00:00,0.00005000,0.03269500
1779940800000,2026-05-28 04:00:00,0.00005000,0.03118471
1779955200000,2026-05-28 08:00:00,0.00005000,0.03109000
1779969600000,2026-05-28 12:00:00,0.00005000,0.03044000
1779984000001,2026-05-28 16:00:00,0.00005000,0.03040000
1779998400005,2026-05-28 20:00:00,0.00005380,0.03119160
1780012800000,2026-05-29 00:00:00,0.00039001,0.03129750
1780027200000,2026-05-29 04:00:00,0.00005000,0.03060269
1780041600001,2026-05-29 08:00:00,0.00005000,0.03063786
1780056000001,2026-05-29 12:00:00,0.00005000,0.03023931
1780070400008,2026-05-29 16:00:00,0.00005000,0.03073000
1780084800000,2026-05-29 20:00:00,0.00005000,0.03023788
1780099200000,2026-05-30 00:00:00,0.00005885,0.03076000
1780113600004,2026-05-30 04:00:00,0.00005000,0.03108000
1780128000001,2026-05-30 08:00:00,0.00005000,0.03143000
1780142400000,2026-05-30 12:00:00,0.00005000,0.03123000
1780156800000,2026-05-30 16:00:00,0.00005000,0.03146405
1780171200000,2026-05-30 20:00:00,0.00005000,0.03179000
1780185600000,2026-05-31 00:00:00,0.00005000,0.03292000
1780200000006,2026-05-31 04:00:00,0.00005000,0.03276000
1780214400000,2026-05-31 08:00:00,0.00011207,0.03208000
1780228800005,2026-05-31 12:00:00,0.00005000,0.03268962
1780243200004,2026-05-31 16:00:00,0.00019857,0.03334000
1780257600010,2026-05-31 20:00:00,0.00014133,0.03487652
1780272000001,2026-06-01 00:00:00,0.00067934,0.03482007
1780286400006,2026-06-01 04:00:00,0.00038961,0.03437633
1780300800001,2026-06-01 08:00:00,0.00007387,0.03337000
1780315200000,2026-06-01 12:00:00,0.00005000,0.03389000
1780329600000,2026-06-01 16:00:00,0.00005000,0.03365674
1780344000000,2026-06-01 20:00:00,0.00005000,0.03404533
1780358400000,2026-06-02 00:00:00,0.00005000,0.03429000
1780372800008,2026-06-02 04:00:00,0.00005000,0.03479000
1780387200000,2026-06-02 08:00:00,0.00005000,0.03390845
1780401600002,2026-06-02 12:00:00,0.00005000,0.03353000
1780416000000,2026-06-02 16:00:00,0.00005000,0.03260000
1780430400000,2026-06-02 20:00:00,0.00005000,0.03255000
1780444800013,2026-06-03 00:00:00,0.00005000,0.03291017
1780459200000,2026-06-03 04:00:00,0.00005000,0.03327514
1780473600000,2026-06-03 08:00:00,0.00005000,0.03381000
1780488000000,2026-06-03 12:00:00,0.00027622,0.03349000
1780502400001,2026-06-03 16:00:00,0.00013640,0.03346493
1780516800002,2026-06-03 20:00:00,0.00054349,0.03279000
1780531200009,2026-06-04 00:00:00,0.00013727,0.03245000
1780545600000,2026-06-04 04:00:00,0.00028525,0.03136319
1780560000000,2026-06-04 08:00:00,0.00005000,0.03068808
1780574400002,2026-06-04 12:00:00,0.00005000,0.03013000
1780588800003,2026-06-04 16:00:00,0.00005000,0.03083000
1780603200001,2026-06-04 20:00:00,0.00016621,0.03049943
1780617600000,2026-06-05 00:00:00,0.00005000,0.02980000
1780632000001,2026-06-05 04:00:00,0.00005000,0.02882017
1780646400004,2026-06-05 08:00:00,0.00005000,0.02859231
1780660800000,2026-06-05 12:00:00,0.00005000,0.02771626
1780675200009,2026-06-05 16:00:00,0.00005000,0.02737326
1780689600000,2026-06-05 20:00:00,0.00005000,0.02695000
1780704000000,2026-06-06 00:00:00,0.00005000,0.02727192
1780718400000,2026-06-06 04:00:00,0.00005000,0.02658433
1780732800000,2026-06-06 08:00:00,0.00005000,0.02666783
1780747200002,2026-06-06 12:00:00,0.00011072,0.02654093
1780761600000,2026-06-06 16:00:00,0.00017503,0.02637000
1780776000003,2026-06-06 20:00:00,0.00005000,0.02616773
1780790400001,2026-06-07 00:00:00,0.00005000,0.02651660
1780804800000,2026-06-07 04:00:00,0.00005000,0.02679256
1780819200000,2026-06-07 08:00:00,0.00017065,0.02709000
1780833600000,2026-06-07 12:00:00,0.00005000,0.02701000
1780848000000,2026-06-07 16:00:00,0.00030202,0.02671521
1780862400000,2026-06-07 20:00:00,0.00007546,0.02627621
1780876800000,2026-06-08 00:00:00,0.00005000,0.02739000
1780891200009,2026-06-08 04:00:00,0.00005000,0.02715464
1780905600005,2026-06-08 08:00:00,0.00005000,0.02727000
1780920000001,2026-06-08 12:00:00,0.00005000,0.02798000
1780934400004,2026-06-08 16:00:00,0.00005000,0.02771000
1780948800000,2026-06-08 20:00:00,0.00048450,0.03065000
1780963200000,2026-06-09 00:00:00,0.00026930,0.03180000
1780977600003,2026-06-09 04:00:00,0.00069961,0.03261226
1780992000000,2026-06-09 08:00:00,0.00096056,0.03354243
1781006400000,2026-06-09 12:00:00,0.00072847,0.03312000
1781020800001,2026-06-09 16:00:00,0.00070603,0.03395000
1781035200000,2026-06-09 20:00:00,0.00030975,0.03349043
1781049600001,2026-06-10 00:00:00,0.00028182,0.03390000
1781064000002,2026-06-10 04:00:00,0.00034201,0.03478024
1781078400011,2026-06-10 08:00:00,0.00031448,0.03282000
1781092800002,2026-06-10 12:00:00,0.00044826,0.03187788
1781107200009,2026-06-10 16:00:00,0.00078234,0.03351000
1781121600003,2026-06-10 20:00:00,0.00005000,0.03380567
1781136000000,2026-06-11 00:00:00,0.00005000,0.03269421
1781150400000,2026-06-11 04:00:00,0.00005000,0.03255000
1781164800004,2026-06-11 08:00:00,0.00005000,0.03150000
1781179200005,2026-06-11 12:00:00,0.00005000,0.03138000
1781193600000,2026-06-11 16:00:00,0.00005000,0.03107871
1781208000014,2026-06-11 20:00:00,0.00005434,0.03140683
1781222400000,2026-06-12 00:00:00,0.00005000,0.03141897
1781236800000,2026-06-12 04:00:00,0.00008472,0.03142850
1781251200000,2026-06-12 08:00:00,0.00034940,0.03017017
1781265600000,2026-06-12 12:00:00,0.00007023,0.03002539
1781280000000,2026-06-12 16:00:00,0.00012262,0.02936183
1781294400000,2026-06-12 20:00:00,0.00020757,0.02926000
1781308800000,2026-06-13 00:00:00,0.00009168,0.02944333
1781323200000,2026-06-13 04:00:00,0.00022891,0.02895476
1781337600007,2026-06-13 08:00:00,0.00063556,0.02874000
1781352000004,2026-06-13 12:00:00,0.00047742,0.02873000
1781366400002,2026-06-13 16:00:00,0.00048433,0.02840000
1781380800004,2026-06-13 20:00:00,0.00026143,0.02801395
1781395200005,2026-06-14 00:00:00,0.00005000,0.02777000
1781409600012,2026-06-14 04:00:00,0.00020584,0.02778000
1781424000009,2026-06-14 08:00:00,0.00005000,0.02742586
1781438400000,2026-06-14 12:00:00,0.00005000,0.02715000
1781452800000,2026-06-14 16:00:00,0.00007872,0.02706633
1781467200010,2026-06-14 20:00:00,0.00005000,0.02682000
1781481600013,2026-06-15 00:00:00,0.00016273,0.02757000
1781496000001,2026-06-15 04:00:00,0.00038704,0.02772000
1781510400013,2026-06-15 08:00:00,0.00005000,0.02755219
1781524800000,2026-06-15 12:00:00,0.00045001,0.02845000
1781539200004,2026-06-15 16:00:00,0.00038470,0.02883000
1781553600002,2026-06-15 20:00:00,0.00017475,0.02776983
1781568000000,2026-06-16 00:00:00,0.00007797,0.02786493
1781582400000,2026-06-16 04:00:00,0.00044104,0.02870000
1781596800000,2026-06-16 08:00:00,0.00028107,0.02883000
1781611200000,2026-06-16 12:00:00,0.00026269,0.02837000
1781625600001,2026-06-16 16:00:00,0.00024842,0.02847400
1781640000000,2026-06-16 20:00:00,0.00028748,0.02850998
1781654400012,2026-06-17 00:00:00,0.00061544,0.02811731
1781668800000,2026-06-17 04:00:00,0.00054146,0.02828000
1781683200000,2026-06-17 08:00:00,0.00045047,0.02829000
1781697600000,2026-06-17 12:00:00,0.00053302,0.02723495
1781712000000,2026-06-17 16:00:00,0.00058313,0.02796193
1781726400000,2026-06-17 20:00:00,0.00013343,0.02743631
1781740800002,2026-06-18 00:00:00,0.00011410,0.02859279
1781755200000,2026-06-18 04:00:00,0.00010528,0.02846000
1781769600000,2026-06-18 08:00:00,0.00017647,0.02849000
1781784000004,2026-06-18 12:00:00,0.00005000,0.02892660
1781798400001,2026-06-18 16:00:00,0.00005000,0.02683000
1781812800000,2026-06-18 20:00:00,0.00005000,0.02791000
1781827200005,2026-06-19 00:00:00,0.00005000,0.02778514
1781841600000,2026-06-19 04:00:00,0.00005000,0.02757500
1781856000001,2026-06-19 08:00:00,0.00005000,0.02724757
1781870400000,2026-06-19 12:00:00,0.00005000,0.02673000
1781884800001,2026-06-19 16:00:00,0.00005000,0.02720136
1781899200000,2026-06-19 20:00:00,0.00005000,0.02786802
1781913600001,2026-06-20 00:00:00,0.00013027,0.02834643
1781928000000,2026-06-20 04:00:00,0.00005000,0.02794029
1781942400000,2026-06-20 08:00:00,0.00017709,0.02800000
1781956800001,2026-06-20 12:00:00,0.00005000,0.02825000
1781971200001,2026-06-20 16:00:00,0.00005000,0.02829602
1781985600000,2026-06-20 20:00:00,0.00017649,0.02795000
1782000000000,2026-06-21 00:00:00,0.00005000,0.02835248
1782014400000,2026-06-21 04:00:00,0.00005000,0.02804876
1782028800000,2026-06-21 08:00:00,0.00005000,0.02795286
1782043200001,2026-06-21 12:00:00,0.00037786,0.02799112
1782057600000,2026-06-21 16:00:00,0.00053622,0.02782350
1782072000004,2026-06-21 20:00:00,0.00019526,0.02780500
1782086400000,2026-06-22 00:00:00,0.00005000,0.02724000
1782100800000,2026-06-22 04:00:00,0.00010593,0.02687350
1782115200000,2026-06-22 08:00:00,0.00005000,0.02707000
1782129600000,2026-06-22 12:00:00,0.00005817,0.02715893
1782144000002,2026-06-22 16:00:00,0.00005000,0.02680314
1782158400000,2026-06-22 20:00:00,0.00005000,0.02635900
1782172800003,2026-06-23 00:00:00,0.00005000,0.02599000
1782187200000,2026-06-23 04:00:00,0.00005000,0.02622383
1782201600005,2026-06-23 08:00:00,0.00005000,0.02488852
1782216000000,2026-06-23 12:00:00,0.00005000,0.02469114
1782230400002,2026-06-23 16:00:00,0.00005000,0.02442412
1782244800000,2026-06-23 20:00:00,0.00005000,0.02495000
1782259200005,2026-06-24 00:00:00,0.00005000,0.02493500
1782288000005,2026-06-24 08:00:00,0.00005000,0.02481157
1782302400005,2026-06-24 12:00:00,0.00005000,0.02486898
1782316800003,2026-06-24 16:00:00,0.00024768,0.02644000
1782331200006,2026-06-24 20:00:00,0.00015311,0.02756000
1782345600000,2026-06-25 00:00:00,0.00021303,0.02809000
1782360000008,2026-06-25 04:00:00,0.00033781,0.02928000
1782374400000,2026-06-25 08:00:00,0.00059710,0.03196000
1782388800006,2026-06-25 12:00:00,0.00054010,0.02954243
1782403200000,2026-06-25 16:00:00,0.00094791,0.03147340
1782417600011,2026-06-25 20:00:00,0.00051143,0.03185000
1782432000010,2026-06-26 00:00:00,0.00037444,0.03208514
1782446400001,2026-06-26 04:00:00,0.00052881,0.03146000
1782460800002,2026-06-26 08:00:00,0.00022846,0.03172000
1782475200004,2026-06-26 12:00:00,0.00008225,0.03204914
1782489600000,2026-06-26 16:00:00,0.00007394,0.03100000
1782504000000,2026-06-26 20:00:00,0.00024571,0.03040729
1782518400000,2026-06-27 00:00:00,0.00005000,0.03138500
1782532800000,2026-06-27 04:00:00,0.00005000,0.03104980
1782547200000,2026-06-27 08:00:00,0.00005000,0.03141400
1782561600001,2026-06-27 12:00:00,0.00005000,0.03170000
1782576000009,2026-06-27 16:00:00,0.00020175,0.03167743
1782590400000,2026-06-27 20:00:00,0.00005000,0.03051000
1782604800000,2026-06-28 00:00:00,0.00021318,0.03012000
1782619200002,2026-06-28 04:00:00,0.00025266,0.03025129
1782633600013,2026-06-28 08:00:00,0.00012040,0.03029000
1782648000008,2026-06-28 12:00:00,0.00041446,0.02997726
1782662400000,2026-06-28 16:00:00,0.00055057,0.03033267
1782676800003,2026-06-28 20:00:00,0.00033001,0.03042386
1782691200006,2026-06-29 00:00:00,0.00030094,0.03009617
1782705600000,2026-06-29 04:00:00,0.00050673,0.03001500
1782720000013,2026-06-29 08:00:00,0.00037783,0.02990014
1782734400001,2026-06-29 12:00:00,0.00018197,0.02993550
1782748800004,2026-06-29 16:00:00,0.00039982,0.03190872
1782763200000,2026-06-29 20:00:00,0.00022863,0.03119867
1782777600000,2026-06-30 00:00:00,0.00008223,0.03068583
1782792000000,2026-06-30 04:00:00,0.00032882,0.03033050
1782806400000,2026-06-30 08:00:00,0.00051620,0.02988771
1782820800002,2026-06-30 12:00:00,0.00045500,0.02930533
1782835200005,2026-06-30 16:00:00,0.00022916,0.02961000
1782849600003,2026-06-30 20:00:00,0.00025197,0.02933000
1782864000000,2026-07-01 00:00:00,0.00027147,0.02862500
1782878400001,2026-07-01 04:00:00,0.00044078,0.02899569
1782892800000,2026-07-01 08:00:00,0.00005000,0.02856926
1782907200000,2026-07-01 12:00:00,0.00008162,0.02858550
1782921600000,2026-07-01 16:00:00,0.00047985,0.02872902
1782936000000,2026-07-01 20:00:00,0.00011223,0.02840902
1782950400000,2026-07-02 00:00:00,0.00018555,0.02798000
1782964800003,2026-07-02 04:00:00,0.00011714,0.02832250
1782979200000,2026-07-02 08:00:00,0.00056223,0.02869000
1782993600005,2026-07-02 12:00:00,0.00005868,0.02870502
1783008000000,2026-07-02 16:00:00,0.00012502,0.02940000
1783022400008,2026-07-02 20:00:00,0.00047196,0.02899517
1783036800000,2026-07-03 00:00:00,0.00055961,0.02924000
1783051200000,2026-07-03 04:00:00,0.00046456,0.03001857
1783065600007,2026-07-03 08:00:00,0.00022501,0.02987190
1783080000002,2026-07-03 12:00:00,0.00011791,0.03056000
1783094400000,2026-07-03 16:00:00,0.00029537,0.03143117
1783108800001,2026-07-03 20:00:00,0.00042046,0.03169000
1783123200000,2026-07-04 00:00:00,0.00005000,0.03143000
1783137600006,2026-07-04 04:00:00,0.00005000,0.03156979
1783152000000,2026-07-04 08:00:00,0.00005000,0.03136000
1783166400000,2026-07-04 12:00:00,0.00005000,0.03213000
1783180800007,2026-07-04 16:00:00,0.00014725,0.03174564
1783195200000,2026-07-04 20:00:00,0.00005000,0.03172500
1783209600003,2026-07-05 00:00:00,0.00009897,0.03147000
1783224000002,2026-07-05 04:00:00,0.00016461,0.03127450
1783238400001,2026-07-05 08:00:00,0.00005000,0.03101100
1783252800000,2026-07-05 12:00:00,0.00029501,0.03104336
1783267200000,2026-07-05 16:00:00,0.00005000,0.03072571
1783281600000,2026-07-05 20:00:00,0.00005000,0.03064338
1783296000000,2026-07-06 00:00:00,0.00019640,0.03082250
1783310400000,2026-07-06 04:00:00,0.00023712,0.03080000
1783324800000,2026-07-06 08:00:00,0.00028052,0.03048000
1783339200002,2026-07-06 12:00:00,0.00020859,0.03060000
1783353600000,2026-07-06 16:00:00,0.00020627,0.03183000
1783368000003,2026-07-06 20:00:00,0.00005000,0.03255905
1783382400000,2026-07-07 00:00:00,0.00005000,0.03198079
1783396800000,2026-07-07 04:00:00,0.00030112,0.03316952
1783411200000,2026-07-07 08:00:00,0.00014631,0.03262310
1783425600010,2026-07-07 12:00:00,0.00005626,0.03281569
1783440000000,2026-07-07 16:00:00,0.00026768,0.03213621
1783454400000,2026-07-07 20:00:00,0.00005000,0.03105333
1783468800000,2026-07-08 00:00:00,0.00005000,0.03128594
1783483200003,2026-07-08 04:00:00,0.00005000,0.03076419
1783497600000,2026-07-08 08:00:00,0.00005000,0.03070000
1783512000005,2026-07-08 12:00:00,0.00005000,0.03018000
1783526400000,2026-07-08 16:00:00,0.00005000,0.02972591
1783540800006,2026-07-08 20:00:00,0.00005000,0.02972000
1783555200000,2026-07-09 00:00:00,0.00005000,0.02973886
1783569600002,2026-07-09 04:00:00,0.00007319,0.02988000
1783584000001,2026-07-09 08:00:00,0.00005000,0.02982107
1783598400002,2026-07-09 12:00:00,0.00035041,0.02997000
1783612800001,2026-07-09 16:00:00,0.00015421,0.03021733
1783627200000,2026-07-09 20:00:00,0.00050890,0.03002914
1783641600000,2026-07-10 00:00:00,0.00036896,0.03012900
1783656000000,2026-07-10 04:00:00,0.00058825,0.03023243
1783670400005,2026-07-10 08:00:00,0.00086224,0.03002000
1783684800002,2026-07-10 12:00:00,0.00045482,0.03027795
1783699200005,2026-07-10 16:00:00,0.00015385,0.03014000
1783713600000,2026-07-10 20:00:00,0.00019618,0.03022000
1783728000000,2026-07-11 00:00:00,0.00049452,0.03059843
1783742400000,2026-07-11 04:00:00,0.00039719,0.03156545
1783756800000,2026-07-11 08:00:00,0.00051431,0.03168900
1783771200008,2026-07-11 12:00:00,0.00042270,0.03196410
1783785600000,2026-07-11 16:00:00,0.00035151,0.03114000
1783800000000,2026-07-11 20:00:00,0.00098545,0.03115000
1783814400000,2026-07-12 00:00:00,0.00115553,0.03147000
1783828800000,2026-07-12 04:00:00,0.00089514,0.03165957
1783843200003,2026-07-12 08:00:00,0.00111344,0.03149000
1783857600000,2026-07-12 12:00:00,0.00088742,0.03088395
1783872000000,2026-07-12 16:00:00,0.00054367,0.03073783
1783886400002,2026-07-12 20:00:00,0.00038745,0.03047500
1783900800000,2026-07-13 00:00:00,0.00143164,0.03043767
1783915200000,2026-07-13 04:00:00,0.00005000,0.03005195
1783929600001,2026-07-13 08:00:00,0.00066477,0.03202500
1783944000000,2026-07-13 12:00:00,0.00087222,0.03405231
1783958400004,2026-07-13 16:00:00,0.00072536,0.03601610
1783972800000,2026-07-13 20:00:00,0.00027067,0.03636000
1783987200000,2026-07-14 00:00:00,0.00049867,0.03608000
1784001600000,2026-07-14 04:00:00,0.00055227,0.03424000
1784016000002,2026-07-14 08:00:00,0.00032231,0.03509057
1784030400001,2026-07-14 12:00:00,0.00053939,0.03496748
1784044800001,2026-07-14 16:00:00,0.00023117,0.03237000
1784059200000,2026-07-14 20:00:00,0.00034296,0.03419000
1784073600005,2026-07-15 00:00:00,0.00005000,0.03263000
1784088000003,2026-07-15 04:00:00,0.00005079,0.03265000
1784102400002,2026-07-15 08:00:00,0.00030776,0.03292419
1784116800003,2026-07-15 12:00:00,0.00012802,0.03255829
1784131200000,2026-07-15 16:00:00,0.00016344,0.03210000
1784145600002,2026-07-15 20:00:00,0.00008085,0.03097469
1784160000000,2026-07-16 00:00:00,0.00005000,0.03073686
1784174400003,2026-07-16 04:00:00,0.00005021,0.02999000
1784188800003,2026-07-16 08:00:00,0.00006809,0.02946000
1784203200001,2026-07-16 12:00:00,0.00010806,0.02894000
1784217600002,2026-07-16 16:00:00,0.00005000,0.02826000
1784232000002,2026-07-16 20:00:00,0.00005000,0.02838663
1784246400000,2026-07-17 00:00:00,0.00005000,0.02852000
1784260800000,2026-07-17 04:00:00,0.00005000,0.02890714
1784275200010,2026-07-17 08:00:00,0.00005000,0.02869000
1784289600004,2026-07-17 12:00:00,0.00005000,0.02857000
1784304000004,2026-07-17 16:00:00,0.00035160,0.02842315
1784318400000,2026-07-17 20:00:00,0.00005000,0.02782714
1784332800000,2026-07-18 00:00:00,0.00005000,0.02789000
1784347200000,2026-07-18 04:00:00,0.00044362,0.02858000
1784361600000,2026-07-18 08:00:00,0.00008396,0.02865000
1784376000002,2026-07-18 12:00:00,0.00015602,0.02848910
1784390400001,2026-07-18 16:00:00,0.00013932,0.02825000
1784404800004,2026-07-18 20:00:00,0.00005000,0.02798906
1784419200003,2026-07-19 00:00:00,0.00010135,0.02840500
1784433600000,2026-07-19 04:00:00,0.00005000,0.02814788
1784448000000,2026-07-19 08:00:00,0.00029979,0.02817571
1784462400000,2026-07-19 12:00:00,0.00005000,0.02784000
1784476800001,2026-07-19 16:00:00,0.00028466,0.02779417
1784491200004,2026-07-19 20:00:00,0.00005000,0.02774802
1784505600000,2026-07-20 00:00:00,0.00021385,0.02777000
1784520000000,2026-07-20 04:00:00,0.00030806,0.02781000
1784534400001,2026-07-20 08:00:00,0.00006329,0.02738214
1784548800000,2026-07-20 12:00:00,0.00015154,0.02725000
1784563200004,2026-07-20 16:00:00,0.00005000,0.02736000
1784577600002,2026-07-20 20:00:00,0.00005000,0.02767000
1784592000001,2026-07-21 00:00:00,0.00005000,0.02764967
1784606400000,2026-07-21 04:00:00,0.00011578,0.02734000
1784620800000,2026-07-21 08:00:00,0.00005000,0.02673000
1784635200000,2026-07-21 12:00:00,0.00005000,0.02637531
1784649600002,2026-07-21 16:00:00,0.00025927,0.02564000
1784664000000,2026-07-21 20:00:00,0.00006722,0.02597000
1784678400000,2026-07-22 00:00:00,0.00005000,0.02597726
1784692800008,2026-07-22 04:00:00,0.00020907,0.02609750
1784707200000,2026-07-22 08:00:00,0.00005000,0.02659000
1784721600000,2026-07-22 12:00:00,0.00005000,0.02619929
1784736000001,2026-07-22 16:00:00,0.00032900,0.02499000
1784750400000,2026-07-22 20:00:00,0.00034042,0.02514929
1784764800000,2026-07-23 00:00:00,0.00028917,0.02515786
1784779200006,2026-07-23 04:00:00,0.00040515,0.02502000
1784793600000,2026-07-23 08:00:00,0.00056391,0.02506857
1784808000000,2026-07-23 12:00:00,0.00022478,0.02531443
1784822400000,2026-07-23 16:00:00,0.00020280,0.02607000
1784836800000,2026-07-23 20:00:00,0.00026710,0.02563000
1784851200000,2026-07-24 00:00:00,0.00013814,0.02589743
1784865600001,2026-07-24 04:00:00,0.00005000,0.02561000
1784880000000,2026-07-24 08:00:00,0.00005000,0.02546000
1784894400000,2026-07-24 12:00:00,0.00005000,0.02534000
1784908800008,2026-07-24 16:00:00,0.00057658,0.02599983
1784923200001,2026-07-24 20:00:00,0.00034017,0.02599000
1784937600002,2026-07-25 00:00:00,0.00017188,0.02609714
1784952000000,2026-07-25 04:00:00,0.00040390,0.02608000
1784966400000,2026-07-25 08:00:00,0.00009500,0.02572000
1784980800000,2026-07-25 12:00:00,0.00066465,0.02582386
1784995200000,2026-07-25 16:00:00,0.00080968,0.02604088
1785009600003,2026-07-25 20:00:00,0.00070123,0.02610093
1785024000000,2026-07-26 00:00:00,0.00060514,0.02611357
1785038400000,2026-07-26 04:00:00,0.00068665,0.02604000
1785052800002,2026-07-26 08:00:00,0.00099928,0.02617000
1785067200000,2026-07-26 12:00:00,0.00075985,0.02620500
1785081600000,2026-07-26 16:00:00,0.00010371,0.02566817
1785096000000,2026-07-26 20:00:00,0.00012003,0.02580690
1785110400010,2026-07-27 00:00:00,0.00029192,0.02578000
1785124800000,2026-07-27 04:00:00,0.00027781,0.02594321
1785139200000,2026-07-27 08:00:00,0.00040862,0.02580000
1785153600000,2026-07-27 12:00:00,0.00050955,0.02586000
1785168000001,2026-07-27 16:00:00,0.00011921,0.02585000
1785182400004,2026-07-27 20:00:00,0.00038849,0.02583000
1785196800000,2026-07-28 00:00:00,0.00021199,0.02589143
1785211200012,2026-07-28 04:00:00,0.00031867,0.02591967
1785225600000,2026-07-28 08:00:00,0.00026193,0.02585000
1785240000001,2026-07-28 12:00:00,0.00055423,0.02590000
1785254400000,2026-07-28 16:00:00,0.00025135,0.02523000
1785268800000,2026-07-28 20:00:00,0.00008441,0.02596000
1785283200000,2026-07-29 00:00:00,0.00017618,0.02694950
1785297600000,2026-07-29 04:00:00,0.00014170,0.02681000
1785312000002,2026-07-29 08:00:00,0.00005000,0.02591840
1785326400007,2026-07-29 12:00:00,0.00015093,0.02635714
1785340800000,2026-07-29 16:00:00,0.00006851,0.02694000
1785355200003,2026-07-29 20:00:00,0.00040643,0.02710000
1785369600000,2026-07-30 00:00:00,0.00005000,0.02699107
1785384000001,2026-07-30 04:00:00,0.00032411,0.02751929
1785398400000,2026-07-30 08:00:00,0.00005000,0.02726781
1785412800000,2026-07-30 12:00:00,0.00005000,0.02655000
1785427200000,2026-07-30 16:00:00,0.00005000,0.02632000
1785441600003,2026-07-30 20:00:00,0.00018456,0.02619000
1785456000003,2026-07-31 00:00:00,0.00007640,0.02692000
1785470400000,2026-07-31 04:00:00,0.00005000,0.02700000
1785484800000,2026-07-31 08:00:00,0.00009577,0.02700783
1785499200000,2026-07-31 12:00:00,0.00005000,0.02710000
1785513600000,2026-07-31 16:00:00,0.00044943,0.05358000
1785528000001,2026-07-31 20:00:00,0.00156613,0.05704202
1785542400001,2026-08-01 00:00:00,0.00107701,0.06055983
1785556800000,2026-08-01 04:00:00,0.00033940,0.05268665
1785571200000,2026-08-01 08:00:00,0.00014924,0.05103181
1785585600000,2026-08-01 12:00:00,0.00014731,0.04868600
1785600000000,2026-08-01 16:00:00,0.00005000,0.04494500
1785614400000,2026-08-01 20:00:00,0.00039410,0.05419000
1785628800000,2026-08-02 00:00:00,0.00104786,0.06253017
1785643200000,2026-08-02 04:00:00,0.00110082,0.07009374
1785657600000,2026-08-02 08:00:00,0.00114046,0.07295000
1785672000007,2026-08-02 12:00:00,0.00025740,0.05303274
1785686400000,2026-08-02 16:00:00,0.00006618,0.04752640
1785700800002,2026-08-02 20:00:00,0.00022459,0.05356000
1785715200000,2026-08-03 00:00:00,0.00061199,0.05991360
1785729600000,2026-08-03 04:00:00,0.00080197,0.06767000
1785744000000,2026-08-03 08:00:00,0.00033781,0.06899857
1785758400000,2026-08-03 12:00:00,0.00027481,0.06670929
1785772800000,2026-08-03 16:00:00,0.00009359,0.06082307
1785787200003,2026-08-03 20:00:00,0.00044564,0.06456000
1785801600004,2026-08-04 00:00:00,0.00018447,0.05911000
1785816000002,2026-08-04 04:00:00,0.00005596,0.05372714
1785830400002,2026-08-04 08:00:00,0.00005000,0.05214429
1785844800002,2026-08-04 12:00:00,0.00005000,0.04955000
1785859200000,2026-08-04 16:00:00,0.00005000,0.04665143
1785873600000,2026-08-04 20:00:00,0.00005000,0.04650000
1785888000003,2026-08-05 00:00:00,0.00005000,0.04673000
1785902400001,2026-08-05 04:00:00,0.00005000,0.04998000
1785916800004,2026-08-05 08:00:00,0.00005000,0.04410000
1785931200008,2026-08-05 12:00:00,0.00005000,0.05142293
1785945600000,2026-08-05 16:00:00,0.00005000,0.04803031
1785960000000,2026-08-05 20:00:00,0.00012234,0.05322000
1785974400002,2026-08-06 00:00:00,0.00031817,0.05326000
1785988800000,2026-08-06 04:00:00,0.00031910,0.04939071
1786003200000,2026-08-06 08:00:00,0.00006338,0.04570248
1786017600000,2026-08-06 12:00:00,0.00012267,0.04671598
1786032000000,2026-08-06 16:00:00,0.00013912,0.04533000
1786046400001,2026-08-06 20:00:00,0.00009128,0.04580202
1786060800000,2026-08-07 00:00:00,0.00039124,0.04543000
1786075200000,2026-08-07 04:00:00,0.00018082,0.04567000
1786089600000,2026-08-07 08:00:00,0.00008941,0.04618000
1786104000000,2026-08-07 12:00:00,0.00006098,0.04364000
1786118400000,2026-08-07 16:00:00,0.00012508,0.04551000
1786132800000,2026-08-07 20:00:00,0.00009328,0.04633000
1786147200001,2026-08-08 00:00:00,0.00005000,0.04557000
1786161600000,2026-08-08 04:00:00,0.00011887,0.04527617
1786176000000,2026-08-08 08:00:00,0.00006003,0.04512000
1786190400001,2026-08-08 12:00:00,0.00011338,0.04498000
1786204800002,2026-08-08 16:00:00,0.00005000,0.04447000
1786219200000,2026-08-08 20:00:00,0.00016171,0.04322233
1786233600000,2026-08-09 00:00:00,0.00005517,0.04337993
1786248000000,2026-08-09 04:00:00,0.00019190,0.04419679
1786262400005,2026-08-09 08:00:00,0.00007914,0.04352000
1786276800000,2026-08-09 12:00:00,0.00034156,0.04517000
1786291200000,2026-08-09 16:00:00,0.00006714,0.04407995
1786305600000,2026-08-09 20:00:00,0.00011547,0.04608764
1786320000001,2026-08-10 00:00:00,0.00009500,0.04571000
1786334400000,2026-08-10 04:00:00,0.00020450,0.04574000
1786348800005,2026-08-10 08:00:00,0.00012977,0.04548000
1786363200000,2026-08-10 12:00:00,0.00005000,0.04338874
1786377600000,2026-08-10 16:00:00,0.00033836,0.04344786
1786392000000,2026-08-10 20:00:00,0.00006788,0.04280279
1786406400000,2026-08-11 00:00:00,0.00018111,0.04229000
1786420800000,2026-08-11 04:00:00,0.00020255,0.04163000
1786435200006,2026-08-11 08:00:00,0.00014027,0.03893000
1786449600001,2026-08-11 12:00:00,0.00018094,0.03879371
1786464000000,2026-08-11 16:00:00,0.00023319,0.03961000
1786478400003,2026-08-11 20:00:00,0.00007116,0.03862000
1786492800001,2026-08-12 00:00:00,0.00031589,0.03850000
1786507200000,2026-08-12 04:00:00,0.00028964,0.03757032
1786521600000,2026-08-12 08:00:00,0.00005000,0.03681971
1786536000000,2026-08-12 12:00:00,0.00015606,0.03791740
1786550400000,2026-08-12 16:00:00,0.00005000,0.03788183
1786564800001,2026-08-12 20:00:00,0.00005000,0.03822431
1786579200000,2026-08-13 00:00:00,0.00012769,0.03827000
1786593600000,2026-08-13 04:00:00,0.00005836,0.03761000
1786608000000,2026-08-13 08:00:00,0.00007697,0.03716000
1786622400000,2026-08-13 12:00:00,0.00022785,0.03803100
1786636800000,2026-08-13 16:00:00,0.00016276,0.03803000
1786651200002,2026-08-13 20:00:00,0.00005000,0.03841443
1786665600000,2026-08-14 00:00:00,0.00008348,0.03796000
1786680000001,2026-08-14 04:00:00,0.00005000,0.03857957
1786694400001,2026-08-14 08:00:00,0.00016169,0.03889000
1786708800002,2026-08-14 12:00:00,0.00028754,0.03951000
1786723200001,2026-08-14 16:00:00,0.00031117,0.04140000
1786737600000,2026-08-14 20:00:00,0.00024182,0.03842000
1786752000003,2026-08-15 00:00:00,0.00010237,0.03869000
1786766400000,2026-08-15 04:00:00,0.00005000,0.03785412
1786780800002,2026-08-15 08:00:00,0.00005000,0.03786000
1786795200001,2026-08-15 12:00:00,0.00005000,0.03905962
1786809600000,2026-08-15 16:00:00,0.00045080,0.03989150
1786824000003,2026-08-15 20:00:00,0.00036938,0.04074579
1786838400000,2026-08-16 00:00:00,0.00029690,0.04041394
1786852800001,2026-08-16 04:00:00,0.00023459,0.04001000
1786867200002,2026-08-16 08:00:00,0.00028864,0.04073202
1786881600008,2026-08-16 12:00:00,0.00012066,0.04002000
1786896000000,2026-08-16 16:00:00,0.00035779,0.04071000
1786910400000,2026-08-16 20:00:00,0.00044445,0.04134000
1786924800001,2026-08-17 00:00:00,0.00019769,0.04106000
1786939200001,2026-08-17 04:00:00,0.00009528,0.04057187
1786953600003,2026-08-17 08:00:00,0.00022426,0.04171000
1786968000002,2026-08-17 12:00:00,0.00005000,0.04141000
1786982400005,2026-08-17 16:00:00,0.00005000,0.04114000
1786996800000,2026-08-17 20:00:00,0.00005000,0.04061000
1787011200006,2026-08-18 00:00:00,0.00005000,0.03995000
1787025600001,2026-08-18 04:00:00,0.00005000,0.04014000
1787040000001,2026-08-18 08:00:00,0.00032504,0.03993000
1787054400000,2026-08-18 12:00:00,0.00005086,0.04151560
1787068800003,2026-08-18 16:00:00,0.00060401,0.05134171
1787083200008,2026-08-18 20:00:00,0.00047169,0.04690000
1787097600000,2026-08-19 00:00:00,0.00047145,0.04558342
1787112000001,2026-08-19 04:00:00,0.00055456,0.04659000
1787126400000,2026-08-19 08:00:00,0.00027554,0.04214307
1787140800000,2026-08-19 12:00:00,0.00011860,0.04188348
1787155200004,2026-08-19 16:00:00,0.00009580,0.04043000
1787169600009,2026-08-19 20:00:00,0.00009471,0.04213495
1787184000001,2026-08-20 00:00:00,0.00011045,0.04202671
1787198400011,2026-08-20 04:00:00,0.00009130,0.04318000
1787212800000,2026-08-20 08:00:00,0.00020401,0.04367633
1787227200002,2026-08-20 12:00:00,0.00005000,0.04492976
1787241600005,2026-08-20 16:00:00,0.00006793,0.04395907
1787256000001,2026-08-20 20:00:00,0.00005000,0.04329331
1787270400004,2026-08-21 00:00:00,0.00012017,0.04343000
1787284800000,2026-08-21 04:00:00,0.00005000,0.04158445
1787299200000,2026-08-21 08:00:00,0.00007638,0.04133971
1787313600000,2026-08-21 12:00:00,0.00005000,0.04164000
1787328000001,2026-08-21 16:00:00,0.00005000,0.04139000
1787342400000,2026-08-21 20:00:00,0.00005000,0.03885571
1787356800000,2026-08-22 00:00:00,0.00005000,0.03996000
1787371200004,2026-08-22 04:00:00,0.00022508,0.04432038
1787385600000,2026-08-22 08:00:00,0.00007564,0.04100133
1787400000002,2026-08-22 12:00:00,0.00005000,0.03931000
1787414400000,2026-08-22 16:00:00,0.00005000,0.03888000
1787428800001,2026-08-22 20:00:00,0.00005000,0.04048000
