open_time,open_time_dt,open,high,low,close,volume,close_time,close_time_dt,quote_volume,trades_count,taker_buy_base,taker_buy_quote
1722484800000,2024-08-01 04:00:00,0.1995000,0.2003000,0.1915900,0.1928400,8312518,1722499199999,2024-08-01 07:59:59,1620563.2507700,16753,3386602,660322.6013600
1722499200000,2024-08-01 08:00:00,0.1928600,0.1949000,0.1919100,0.1931200,3635103,1722513599999,2024-08-01 11:59:59,703510.1589800,8914,1947858,377089.3228400
1722513600000,2024-08-01 12:00:00,0.1930800,0.1956200,0.1839300,0.1860200,9826283,1722527999999,2024-08-01 15:59:59,1854969.6326400,20100,4297959,813084.1021800
1722528000000,2024-08-01 16:00:00,0.1860400,0.1860400,0.1736100,0.1790400,19191699,1722542399999,2024-08-01 19:59:59,3441531.8673500,32205,8598454,1542436.0282600
1722542400000,2024-08-01 20:00:00,0.1790000,0.1877200,0.1768700,0.1866800,9063842,1722556799999,2024-08-01 23:59:59,1662107.8772300,18593,4962304,910629.3062100
1722556800000,2024-08-02 00:00:00,0.1865900,0.1889000,0.1808000,0.1835100,7313533,1722571199999,2024-08-02 03:59:59,1350536.7430100,16715,3295852,608860.0968800
1722571200000,2024-08-02 04:00:00,0.1835000,0.1841000,0.1754000,0.1790000,7338456,1722585599999,2024-08-02 07:59:59,1315379.2288800,16064,3290930,590121.2118000
1722585600000,2024-08-02 08:00:00,0.1789700,0.1820500,0.1771100,0.1804500,6209054,1722599999999,2024-08-02 11:59:59,1117968.0411300,13950,3132291,564321.0150900
1722600000000,2024-08-02 12:00:00,0.1804400,0.1847200,0.1695000,0.1765700,15057510,1722614399999,2024-08-02 15:59:59,2665423.8358200,30393,7042777,1248494.7485000
1722614400000,2024-08-02 16:00:00,0.1765700,0.1774000,0.1634800,0.1672600,18029101,1722628799999,2024-08-02 19:59:59,3037346.3121700,30097,8198571,1381260.3286500
1722628800000,2024-08-02 20:00:00,0.1672900,0.1692700,0.1630400,0.1647100,8980734,1722643199999,2024-08-02 23:59:59,1487918.8754900,22099,4373351,724976.2248200
1722643200000,2024-08-03 00:00:00,0.1647100,0.1661900,0.1580000,0.1651800,13641506,1722657599999,2024-08-03 03:59:59,2214651.3566600,25358,6673323,1084626.6556200
1722657600000,2024-08-03 04:00:00,0.1651800,0.1667800,0.1638400,0.1643400,4262403,1722671999999,2024-08-03 07:59:59,704564.4871500,10863,2251495,372513.1607100
1722672000000,2024-08-03 08:00:00,0.1643300,0.1644300,0.1622100,0.1631200,4616018,1722686399999,2024-08-03 11:59:59,753050.2436100,10439,2321869,378912.7974500
1722686400000,2024-08-03 12:00:00,0.1631300,0.1658000,0.1570100,0.1574900,7849283,1722700799999,2024-08-03 15:59:59,1268621.5499000,17295,3455493,558784.7037700
1722700800000,2024-08-03 16:00:00,0.1575300,0.1590800,0.1503300,0.1507200,13180224,1722715199999,2024-08-03 19:59:59,2036682.8390500,31699,6260058,968502.6278400
1722715200000,2024-08-03 20:00:00,0.1507400,0.1558800,0.1498800,0.1550800,5968598,1722729599999,2024-08-03 23:59:59,912278.3369000,14320,3263491,499102.0812100
1722729600000,2024-08-04 00:00:00,0.1550300,0.1577000,0.1539500,0.1557500,3849649,1722743999999,2024-08-04 03:59:59,598976.2996800,10145,1794468,279368.1991900
1722744000000,2024-08-04 04:00:00,0.1557500,0.1566400,0.1536000,0.1538400,2898481,1722758399999,2024-08-04 07:59:59,449668.5580200,6963,1351848,209806.1948800
1722758400000,2024-08-04 08:00:00,0.1538200,0.1557200,0.1528300,0.1539300,2822998,1722772799999,2024-08-04 11:59:59,435762.1614700,6654,1341385,207031.0649800
1722772800000,2024-08-04 12:00:00,0.1538700,0.1559600,0.1459700,0.1461400,6830322,1722787199999,2024-08-04 15:59:59,1025858.9211500,14222,2906013,437446.4196600
1722787200000,2024-08-04 16:00:00,0.1461100,0.1487400,0.1368100,0.1475100,17061606,1722801599999,2024-08-04 19:59:59,2428878.6362600,32802,8408154,1200021.0758600
1722801600000,2024-08-04 20:00:00,0.1474900,0.1490000,0.1427000,0.1432600,5218845,1722815999999,2024-08-04 23:59:59,762169.3938400,11244,2367300,345767.6119400
1722816000000,2024-08-05 00:00:00,0.1432500,0.1454600,0.1175000,0.1256300,43826629,1722830399999,2024-08-05 03:59:59,5654273.1025300,60981,21114184,2721771.9399200
1722830400000,2024-08-05 04:00:00,0.1257600,0.1301700,0.1149600,0.1289400,32627221,1722844799999,2024-08-05 07:59:59,4000827.7232000,52005,16574424,2035638.8742800
1722844800000,2024-08-05 08:00:00,0.1289300,0.1295900,0.1188400,0.1239500,12747742,1722859199999,2024-08-05 11:59:59,1588965.1947400,29906,6096133,760570.0443400
1722859200000,2024-08-05 12:00:00,0.1239400,0.1370000,0.1186600,0.1334000,24919008,1722873599999,2024-08-05 15:59:59,3194925.5006800,43520,11988001,1532869.3202700
1722873600000,2024-08-05 16:00:00,0.1333600,0.1355300,0.1264200,0.1285000,12747119,1722887999999,2024-08-05 19:59:59,1663899.0763900,24415,6358627,830404.2935500
1722888000000,2024-08-05 20:00:00,0.1284300,0.1314900,0.1274800,0.1278100,7384256,1722902399999,2024-08-05 23:59:59,955494.0999700,16550,3825922,495187.9291000
1722902400000,2024-08-06 00:00:00,0.1278600,0.1370000,0.1276000,0.1343700,6563842,1722916799999,2024-08-06 03:59:59,878372.9904600,15961,3518008,471124.3723000
1722916800000,2024-08-06 04:00:00,0.1343800,0.1392200,0.1336200,0.1392200,4715254,1722931199999,2024-08-06 07:59:59,646733.6883200,12465,2326208,319158.5945400
1722931200000,2024-08-06 08:00:00,0.1390600,0.1391200,0.1344700,0.1352900,6058893,1722945599999,2024-08-06 11:59:59,822593.8220000,15575,2943920,399790.5164900
1722945600000,2024-08-06 12:00:00,0.1352400,0.1422000,0.1336300,0.1415700,9031831,1722959999999,2024-08-06 15:59:59,1247791.6358200,19632,4497475,621456.3087700
1722960000000,2024-08-06 16:00:00,0.1414100,0.1449500,0.1403700,0.1410800,6378114,1722974399999,2024-08-06 19:59:59,909567.2694000,15628,3071135,438259.3167300
1722974400000,2024-08-06 20:00:00,0.1410400,0.1427500,0.1393100,0.1402800,4769638,1722988799999,2024-08-06 23:59:59,671381.9930200,11691,2406965,339057.9330200
1722988800000,2024-08-07 00:00:00,0.1402500,0.1456400,0.1392400,0.1437100,9618111,1723003199999,2024-08-07 03:59:59,1369397.8762900,24265,4820189,686923.2975900
1723003200000,2024-08-07 04:00:00,0.1437200,0.1460700,0.1434700,0.1443100,4037207,1723017599999,2024-08-07 07:59:59,583999.9985000,11547,1957471,283327.4304200
1723017600000,2024-08-07 08:00:00,0.1443400,0.1480300,0.1442300,0.1448800,6944479,1723031999999,2024-08-07 11:59:59,1017615.4844500,16907,3369184,493924.4364100
1723032000000,2024-08-07 12:00:00,0.1449400,0.1486600,0.1394200,0.1424500,11323981,1723046399999,2024-08-07 15:59:59,1632205.9978800,28460,5396215,779197.5327200
1723046400000,2024-08-07 16:00:00,0.1424000,0.1431000,0.1374000,0.1382800,6192484,1723060799999,2024-08-07 19:59:59,866355.8980500,16634,2807704,392800.3697700
1723060800000,2024-08-07 20:00:00,0.1382800,0.1405800,0.1359900,0.1396500,6307921,1723075199999,2024-08-07 23:59:59,875110.9644300,16483,3135006,435037.5613300
1723075200000,2024-08-08 00:00:00,0.1396400,0.1470800,0.1364900,0.1448700,5548585,1723089599999,2024-08-08 03:59:59,788682.8200300,16275,2766970,393261.5208400
1723089600000,2024-08-08 04:00:00,0.1448600,0.1479000,0.1448400,0.1459000,3350311,1723103999999,2024-08-08 07:59:59,491047.4511000,11714,1693281,248231.9857400
1723104000000,2024-08-08 08:00:00,0.1459000,0.1468800,0.1451300,0.1457300,2396119,1723118399999,2024-08-08 11:59:59,349962.7600000,9245,1179923,172345.4942800
1723118400000,2024-08-08 12:00:00,0.1457300,0.1531900,0.1446000,0.1530800,7398310,1723132799999,2024-08-08 15:59:59,1100949.6492100,21606,3932338,585648.3325400
1723132800000,2024-08-08 16:00:00,0.1531100,0.1554800,0.1516400,0.1531000,3367984,1723147199999,2024-08-08 19:59:59,517364.1795200,12681,1601019,245949.4417900
1723147200000,2024-08-08 20:00:00,0.1530900,0.1589700,0.1528100,0.1583900,4581780,1723161599999,2024-08-08 23:59:59,714624.6294200,13116,2402763,375045.5441400
1723161600000,2024-08-09 00:00:00,0.1583700,0.1593700,0.1548100,0.1553000,4278357,1723175999999,2024-08-09 03:59:59,671763.3987500,10819,1777718,279166.5285600
1723176000000,2024-08-09 04:00:00,0.1552900,0.1606100,0.1525800,0.1572500,10156248,1723190399999,2024-08-09 07:59:59,1592514.9604800,19072,5422611,849711.7238200
1723190400000,2024-08-09 08:00:00,0.1572600,0.1624200,0.1570000,0.1584900,9631025,1723204799999,2024-08-09 11:59:59,1534553.4545300,22027,4788502,762847.5089800
1723204800000,2024-08-09 12:00:00,0.1585600,0.1603800,0.1551000,0.1560400,10546263,1723219199999,2024-08-09 15:59:59,1661295.1945500,21955,5403781,851390.4494600
1723219200000,2024-08-09 16:00:00,0.1560000,0.1579000,0.1544900,0.1559600,4098101,1723233599999,2024-08-09 19:59:59,638636.3580100,8159,1722451,268622.6767500
1723233600000,2024-08-09 20:00:00,0.1559400,0.1584200,0.1550900,0.1582700,3981613,1723247999999,2024-08-09 23:59:59,624635.0965500,10407,2010560,315529.6841900
1723248000000,2024-08-10 00:00:00,0.1583000,0.1600600,0.1566400,0.1575500,3054648,1723262399999,2024-08-10 03:59:59,482058.0406900,8966,1390399,219422.5117300
1723262400000,2024-08-10 04:00:00,0.1574800,0.1586800,0.1560600,0.1584300,3883523,1723276799999,2024-08-10 07:59:59,610161.9119100,8619,1839107,289068.9355500
1723276800000,2024-08-10 08:00:00,0.1584300,0.1644500,0.1575000,0.1637900,6870022,1723291199999,2024-08-10 11:59:59,1101433.7078600,13053,3830925,614266.3902900
1723291200000,2024-08-10 12:00:00,0.1638200,0.1665000,0.1629700,0.1643600,11000663,1723305599999,2024-08-10 15:59:59,1810086.3928200,25302,4978108,819334.3346800
1723305600000,2024-08-10 16:00:00,0.1644300,0.1772900,0.1636200,0.1713400,26028163,1723319999999,2024-08-10 19:59:59,4445722.7385300,45110,13245974,2263128.7258700
1723320000000,2024-08-10 20:00:00,0.1713800,0.1881300,0.1713800,0.1812300,83881208,1723334399999,2024-08-10 23:59:59,15257530.2141100,122653,42258168,7690395.4922400
1723334400000,2024-08-11 00:00:00,0.1812300,0.1820800,0.1755700,0.1788100,29179878,1723348799999,2024-08-11 03:59:59,5214544.4596700,48506,14246495,2546706.0905600
1723348800000,2024-08-11 04:00:00,0.1787900,0.1790200,0.1755000,0.1779600,13206057,1723363199999,2024-08-11 07:59:59,2336037.7314600,25931,6573027,1162791.4831600
1723363200000,2024-08-11 08:00:00,0.1779600,0.1886400,0.1775000,0.1813900,52981044,1723377599999,2024-08-11 11:59:59,9724983.8511800,97544,25263358,4637148.3756200
1723377600000,2024-08-11 12:00:00,0.1813700,0.1817000,0.1720000,0.1726000,29108269,1723391999999,2024-08-11 15:59:59,5127179.3243400,54164,13531336,2383270.4911700
1723392000000,2024-08-11 16:00:00,0.1726100,0.1739800,0.1677000,0.1679200,15316586,1723406399999,2024-08-11 19:59:59,2620550.0239700,28157,7478004,1281204.2257900
1723406400000,2024-08-11 20:00:00,0.1679200,0.1689400,0.1642100,0.1646400,12981705,1723420799999,2024-08-11 23:59:59,2162978.7445700,29611,6060813,1010243.2297900
1723420800000,2024-08-12 00:00:00,0.1646600,0.1719700,0.1646400,0.1706000,8507619,1723435199999,2024-08-12 03:59:59,1432028.6371800,23092,4747696,799689.1711100
1723435200000,2024-08-12 04:00:00,0.1706300,0.1748700,0.1660300,0.1709900,11790130,1723449599999,2024-08-12 07:59:59,2017828.3356500,24608,5215379,893096.7365300
1723449600000,2024-08-12 08:00:00,0.1710700,0.1813900,0.1674800,0.1800600,16247731,1723463999999,2024-08-12 11:59:59,2827461.4768000,31938,8130725,1414806.7009800
1723464000000,2024-08-12 12:00:00,0.1801000,0.1847900,0.1738800,0.1788800,21827736,1723478399999,2024-08-12 15:59:59,3926031.7579800,44763,10214932,1838312.6810900
1723478400000,2024-08-12 16:00:00,0.1789500,0.1878500,0.1769300,0.1810600,25140582,1723492799999,2024-08-12 19:59:59,4596667.0139600,48603,11871524,2171856.0033000
1723492800000,2024-08-12 20:00:00,0.1811100,0.1874500,0.1797400,0.1853500,14622085,1723507199999,2024-08-12 23:59:59,2683240.4327000,33999,7065439,1296190.1322900
1723507200000,2024-08-13 00:00:00,0.1853500,0.1853600,0.1743500,0.1755200,11547648,1723521599999,2024-08-13 03:59:59,2071879.5812600,23996,4947592,889987.4657500
1723521600000,2024-08-13 04:00:00,0.1754900,0.1874000,0.1741100,0.1859500,20402083,1723535999999,2024-08-13 07:59:59,3716660.5029800,39683,10318742,1877840.2329600
1723536000000,2024-08-13 08:00:00,0.1859600,0.1875400,0.1793000,0.1802900,26357764,1723550399999,2024-08-13 11:59:59,4845850.1984500,53652,12280629,2259697.2052700
1723550400000,2024-08-13 12:00:00,0.1802600,0.1851900,0.1775900,0.1819500,24095113,1723564799999,2024-08-13 15:59:59,4368931.1590600,46196,12118535,2198311.1560800
1723564800000,2024-08-13 16:00:00,0.1819500,0.1985400,0.1816400,0.1862000,70235038,1723579199999,2024-08-13 19:59:59,13365528.7837900,110072,33826086,6436909.3659200
1723579200000,2024-08-13 20:00:00,0.1862100,0.1867700,0.1827700,0.1839000,7029370,1723593599999,2024-08-13 23:59:59,1301046.6382900,15615,3193921,591563.2443500
1723593600000,2024-08-14 00:00:00,0.1839100,0.1853300,0.1796500,0.1835400,11691015,1723607999999,2024-08-14 03:59:59,2134300.0829000,23910,5732324,1047792.8432000
1723608000000,2024-08-14 04:00:00,0.1835600,0.1879000,0.1825000,0.1844000,15259666,1723622399999,2024-08-14 07:59:59,2828551.5567800,26410,7456173,1382455.9901800
1723622400000,2024-08-14 08:00:00,0.1843100,0.1846800,0.1784300,0.1811900,14217670,1723636799999,2024-08-14 11:59:59,2581825.3801600,22695,7000036,1271717.5460400
1723636800000,2024-08-14 12:00:00,0.1811800,0.1843000,0.1745300,0.1788200,17479995,1723651199999,2024-08-14 15:59:59,3136965.8912300,30759,8367364,1502376.6217500
1723651200000,2024-08-14 16:00:00,0.1787900,0.1808800,0.1768800,0.1789900,6265395,1723665599999,2024-08-14 19:59:59,1119284.3480000,14237,3030950,541460.9022400
1723665600000,2024-08-14 20:00:00,0.1789600,0.1819600,0.1772800,0.1815200,4485510,1723679999999,2024-08-14 23:59:59,807593.5603900,10645,2140760,385467.7923000
1723680000000,2024-08-15 00:00:00,0.1815600,0.1829400,0.1791200,0.1792600,4999799,1723694399999,2024-08-15 03:59:59,903977.8472800,13815,2403900,434717.6632700
1723694400000,2024-08-15 04:00:00,0.1792700,0.1797500,0.1764100,0.1786900,6153690,1723708799999,2024-08-15 07:59:59,1096111.1355600,14634,2882169,513539.9232600
1723708800000,2024-08-15 08:00:00,0.1788400,0.1860900,0.1757800,0.1848800,10568010,1723723199999,2024-08-15 11:59:59,1908164.8115200,23358,5215984,941151.5594900
1723723200000,2024-08-15 12:00:00,0.1848100,0.1869000,0.1801500,0.1806800,13964842,1723737599999,2024-08-15 15:59:59,2559464.5311300,34568,7025952,1287960.3016000
1723737600000,2024-08-15 16:00:00,0.1807600,0.1814900,0.1657300,0.1700000,15718366,1723751999999,2024-08-15 19:59:59,2688849.4436700,27467,6752744,1152938.9943900
1723752000000,2024-08-15 20:00:00,0.1700500,0.1732700,0.1681700,0.1725100,5394016,1723766399999,2024-08-15 23:59:59,919005.2324100,14463,2491029,424504.0573400
1723766400000,2024-08-16 00:00:00,0.1724700,0.1746600,0.1684300,0.1712800,6999068,1723780799999,2024-08-16 03:59:59,1196555.1336300,13844,3261546,557912.4341000
1723780800000,2024-08-16 04:00:00,0.1713000,0.1742300,0.1711000,0.1718200,3668372,1723795199999,2024-08-16 07:59:59,633030.7696400,9408,1831272,316039.1585400
1723795200000,2024-08-16 08:00:00,0.1718800,0.1723300,0.1691500,0.1693900,2838829,1723809599999,2024-08-16 11:59:59,484611.6719100,7940,1305720,222954.1996800
1723809600000,2024-08-16 12:00:00,0.1694600,0.1706000,0.1615300,0.1634600,10991319,1723823999999,2024-08-16 15:59:59,1823275.2866600,21384,5116016,849616.7004700
1723824000000,2024-08-16 16:00:00,0.1634000,0.1678500,0.1608900,0.1665400,7914368,1723838399999,2024-08-16 19:59:59,1300480.7510400,16234,3869090,635701.2347300
1723838400000,2024-08-16 20:00:00,0.1664700,0.1678500,0.1659700,0.1668300,2531090,1723852799999,2024-08-16 23:59:59,422027.0809400,5477,1195982,199516.2556100
1723852800000,2024-08-17 00:00:00,0.1668200,0.1680100,0.1645400,0.1663100,2378043,1723867199999,2024-08-17 03:59:59,395360.5172000,6522,1084237,180501.0682200
1723867200000,2024-08-17 04:00:00,0.1663100,0.1676600,0.1658100,0.1671100,1816390,1723881599999,2024-08-17 07:59:59,302730.4164900,4725,1126544,187796.7534200
1723881600000,2024-08-17 08:00:00,0.1671700,0.1676200,0.1635100,0.1637400,3420085,1723895999999,2024-08-17 11:59:59,566579.0023500,6570,1517141,251570.1809400
1723896000000,2024-08-17 12:00:00,0.1637400,0.1671800,0.1634400,0.1660000,4157878,1723910399999,2024-08-17 15:59:59,687311.2180500,9243,2181033,360695.9304300
1723910400000,2024-08-17 16:00:00,0.1660800,0.1702100,0.1653900,0.1672400,4373818,1723924799999,2024-08-17 19:59:59,732443.1704300,9508,2390349,400435.2173100
1723924800000,2024-08-17 20:00:00,0.1672600,0.1807800,0.1671300,0.1801100,9796619,1723939199999,2024-08-17 23:59:59,1724903.7872900,19793,4930947,868490.6267900
1723939200000,2024-08-18 00:00:00,0.1800000,0.1873000,0.1768800,0.1839100,19817656,1723953599999,2024-08-18 03:59:59,3621545.0940400,38530,9423084,1722163.9219300
1723953600000,2024-08-18 04:00:00,0.1839100,0.1859500,0.1816200,0.1829400,11284422,1723967999999,2024-08-18 07:59:59,2072622.5880000,24505,5306743,974953.4791500
1723968000000,2024-08-18 08:00:00,0.1830400,0.1967200,0.1822100,0.1886500,28627682,1723982399999,2024-08-18 11:59:59,5422278.0302100,52920,13646673,2585698.5539900
1723982400000,2024-08-18 12:00:00,0.1885900,0.2200000,0.1868000,0.1914300,123316064,1723996799999,2024-08-18 15:59:59,24971799.3480800,179813,60347722,12249280.4074600
1723996800000,2024-08-18 16:00:00,0.1914300,0.1949500,0.1870100,0.1886500,23521512,1724011199999,2024-08-18 19:59:59,4469882.8519800,43751,10909959,2073174.9846400
1724011200000,2024-08-18 20:00:00,0.1886100,0.1924300,0.1846700,0.1856000,19539084,1724025599999,2024-08-18 23:59:59,3696503.3022500,35169,9205788,1742247.8982900
1724025600000,2024-08-19 00:00:00,0.1856300,0.1896100,0.1836500,0.1873800,11457833,1724039999999,2024-08-19 03:59:59,2132109.0550300,25214,6292042,1171399.8334400
1724040000000,2024-08-19 04:00:00,0.1874400,0.1907000,0.1846800,0.1873700,9497040,1724054399999,2024-08-19 07:59:59,1778006.3718500,22434,4547411,851832.4034100
1724054400000,2024-08-19 08:00:00,0.1873700,0.1999900,0.1871900,0.1978400,48873845,1724068799999,2024-08-19 11:59:59,9514569.4128200,84494,24525701,4773530.3779500
1724068800000,2024-08-19 12:00:00,0.1977800,0.2035100,0.1920600,0.1962300,43818303,1724083199999,2024-08-19 15:59:59,8668543.1426300,78828,20741613,4106871.3841900
1724083200000,2024-08-19 16:00:00,0.1961500,0.1974100,0.1906300,0.1938800,12400006,1724097599999,2024-08-19 19:59:59,2400722.0137100,26695,5498972,1065675.2024500
1724097600000,2024-08-19 20:00:00,0.1938100,0.1958800,0.1931900,0.1956800,5755680,1724111999999,2024-08-19 23:59:59,1119967.4911400,13294,2945748,573344.5619600
1724112000000,2024-08-20 00:00:00,0.1957600,0.2060000,0.1947400,0.2053900,13268109,1724126399999,2024-08-20 03:59:59,2659105.3803400,26196,6570501,1319191.7170400
1724126400000,2024-08-20 04:00:00,0.2054900,0.2146000,0.2028600,0.2047400,49971641,1724140799999,2024-08-20 07:59:59,10396140.3404900,75107,23775869,4945349.4835700
1724140800000,2024-08-20 08:00:00,0.2047200,0.2069900,0.2025100,0.2043200,11495906,1724155199999,2024-08-20 11:59:59,2356052.3437100,21398,5501820,1127992.7422000
1724155200000,2024-08-20 12:00:00,0.2043000,0.2068000,0.1960800,0.1971600,16544889,1724169599999,2024-08-20 15:59:59,3320106.8338300,26546,7640195,1532725.3153800
1724169600000,2024-08-20 16:00:00,0.1971900,0.2021000,0.1964000,0.2013800,6683580,1724183999999,2024-08-20 19:59:59,1333734.8316700,15815,3604745,719413.7217800
1724184000000,2024-08-20 20:00:00,0.2013400,0.2023700,0.1987800,0.1992200,3796709,1724198399999,2024-08-20 23:59:59,760319.3095000,9534,1716077,343606.9710800
1724198400000,2024-08-21 00:00:00,0.1992100,0.2029900,0.1974400,0.1997200,17778981,1724212799999,2024-08-21 03:59:59,3557852.6792500,29970,9162718,1833636.2430900
1724212800000,2024-08-21 04:00:00,0.1996800,0.2025500,0.1985600,0.2017900,6642875,1724227199999,2024-08-21 07:59:59,1331237.6223400,14372,3186829,639006.9552600
1724227200000,2024-08-21 08:00:00,0.2017600,0.2022300,0.1952600,0.1964400,5150950,1724241599999,2024-08-21 11:59:59,1016741.1145400,12040,2267217,447587.3943800
1724241600000,2024-08-21 12:00:00,0.1964200,0.1992600,0.1929200,0.1983900,6474707,1724255999999,2024-08-21 15:59:59,1273678.7285600,16854,3330802,655383.6951400
1724256000000,2024-08-21 16:00:00,0.1984200,0.2069100,0.1981100,0.2057200,8504355,1724270399999,2024-08-21 19:59:59,1730709.2555800,17283,4066913,826822.3634300
1724270400000,2024-08-21 20:00:00,0.2057000,0.2105400,0.2048500,0.2070500,7591089,1724284799999,2024-08-21 23:59:59,1574729.7654800,15785,3838492,795930.3908200
1724284800000,2024-08-22 00:00:00,0.2069900,0.2091000,0.2027700,0.2072900,8193485,1724299199999,2024-08-22 03:59:59,1691505.0280000,16341,3748489,774182.3442700
1724299200000,2024-08-22 04:00:00,0.2072700,0.2142000,0.2060200,0.2133500,18504147,1724313599999,2024-08-22 07:59:59,3915335.9864400,30999,8972534,1897862.5961400
1724313600000,2024-08-22 08:00:00,0.2133400,0.2139500,0.2086200,0.2090900,12831006,1724327999999,2024-08-22 11:59:59,2718007.9545900,24977,5370061,1137226.4465700
1724328000000,2024-08-22 12:00:00,0.2090600,0.2120500,0.2074800,0.2090300,12665936,1724342399999,2024-08-22 15:59:59,2658630.4921800,21933,4864568,1021270.5074700
1724342400000,2024-08-22 16:00:00,0.2091200,0.2126700,0.2089900,0.2099900,4879854,1724356799999,2024-08-22 19:59:59,1027145.6543100,12790,2197801,462846.6046600
1724356800000,2024-08-22 20:00:00,0.2100200,0.2125400,0.2087700,0.2094100,2950438,1724371199999,2024-08-22 23:59:59,620696.1545000,7792,1426196,300028.6361600
1724371200000,2024-08-23 00:00:00,0.2094200,0.2112400,0.2085000,0.2085400,3036307,1724385599999,2024-08-23 03:59:59,636646.4926300,7451,1537731,322469.4162500
1724385600000,2024-08-23 04:00:00,0.2085400,0.2150000,0.2084500,0.2145400,4800835,1724399999999,2024-08-23 07:59:59,1017411.0423500,10310,2203192,467110.2237200
1724400000000,2024-08-23 08:00:00,0.2145400,0.2174900,0.2120300,0.2121700,7789110,1724414399999,2024-08-23 11:59:59,1675800.0330900,17465,3560565,766250.9390800
1724414400000,2024-08-23 12:00:00,0.2121000,0.2211100,0.2121000,0.2204400,8018457,1724428799999,2024-08-23 15:59:59,1735767.8786300,19434,3895234,843026.8036500
1724428800000,2024-08-23 16:00:00,0.2205200,0.2268200,0.2201200,0.2251000,6605848,1724443199999,2024-08-23 19:59:59,1478484.1183600,16275,3252815,728070.2645300
1724443200000,2024-08-23 20:00:00,0.2250900,0.2342800,0.2250700,0.2313000,7327742,1724457599999,2024-08-23 23:59:59,1689451.4096700,16494,3943851,909151.2609500
1724457600000,2024-08-24 00:00:00,0.2313000,0.2345500,0.2290200,0.2293100,3904941,1724471999999,2024-08-24 03:59:59,907679.6151900,11189,1997222,464372.0836800
1724472000000,2024-08-24 04:00:00,0.2292700,0.2336000,0.2292100,0.2324900,2646191,1724486399999,2024-08-24 07:59:59,611342.0482700,8640,1314281,303664.1844200
1724486400000,2024-08-24 08:00:00,0.2325100,0.2579500,0.2289600,0.2472200,25460453,1724500799999,2024-08-24 11:59:59,6233546.1453100,52239,12732057,3108621.3512600
1724500800000,2024-08-24 12:00:00,0.2472200,0.2500400,0.2423800,0.2460200,11355438,1724515199999,2024-08-24 15:59:59,2793554.0403600,33384,5459240,1343205.0716000
1724515200000,2024-08-24 16:00:00,0.2460800,0.2561500,0.2447700,0.2533600,8782511,1724529599999,2024-08-24 19:59:59,2202613.5897900,25232,4228200,1060581.8431000
1724529600000,2024-08-24 20:00:00,0.2535200,0.2577200,0.2444000,0.2500700,8271532,1724543999999,2024-08-24 23:59:59,2072699.7941200,24629,3748938,939840.5933600
1724544000000,2024-08-25 00:00:00,0.2500800,0.2566000,0.2438900,0.2499500,10772127,1724558399999,2024-08-25 03:59:59,2692367.9793100,29479,5149735,1286932.3902500
1724558400000,2024-08-25 04:00:00,0.2498500,0.2504100,0.2366100,0.2394900,11830675,1724572799999,2024-08-25 07:59:59,2885483.0735000,28558,5466511,1333667.9530700
1724572800000,2024-08-25 08:00:00,0.2394500,0.2461700,0.2375200,0.2436500,6890019,1724587199999,2024-08-25 11:59:59,1662301.3834600,18591,3594028,867642.9491700
1724587200000,2024-08-25 12:00:00,0.2436500,0.2471900,0.2398500,0.2425400,5032474,1724601599999,2024-08-25 15:59:59,1222405.0861900,15857,2526749,613632.3222800
1724601600000,2024-08-25 16:00:00,0.2425600,0.2453900,0.2395700,0.2450900,4108771,1724615999999,2024-08-25 19:59:59,995261.5409300,13138,2159337,522723.9663200
1724616000000,2024-08-25 20:00:00,0.2450900,0.2483900,0.2401500,0.2421900,6363483,1724630399999,2024-08-25 23:59:59,1552120.9303300,16319,3106121,757661.5236300
1724630400000,2024-08-26 00:00:00,0.2421000,0.2449600,0.2313300,0.2353000,10892728,1724644799999,2024-08-26 03:59:59,2585007.5345600,24583,5171709,1226263.6936900
1724644800000,2024-08-26 04:00:00,0.2353000,0.2355900,0.2289900,0.2308200,5055570,1724659199999,2024-08-26 07:59:59,1172745.7296400,11829,2134675,495565.6098300
1724659200000,2024-08-26 08:00:00,0.2310000,0.2350100,0.2300800,0.2328400,4539658,1724673599999,2024-08-26 11:59:59,1055539.3932600,11736,2477044,576097.5458100
1724673600000,2024-08-26 12:00:00,0.2329500,0.2329600,0.2248700,0.2269900,7280699,1724687999999,2024-08-26 15:59:59,1658818.5537100,18659,3339720,761110.5564200
1724688000000,2024-08-26 16:00:00,0.2269800,0.2275700,0.2181800,0.2198900,6423769,1724702399999,2024-08-26 19:59:59,1428134.9975700,16546,2918024,648654.0818900
1724702400000,2024-08-26 20:00:00,0.2199200,0.2219100,0.2178000,0.2201300,2556436,1724716799999,2024-08-26 23:59:59,562452.4448300,8539,1279519,281679.8793300
1724716800000,2024-08-27 00:00:00,0.2201100,0.2242900,0.2201100,0.2228200,6088311,1724731199999,2024-08-27 03:59:59,1353499.9790800,14123,3233089,718667.1596000
1724731200000,2024-08-27 04:00:00,0.2227700,0.2266600,0.2208300,0.2210500,3145218,1724745599999,2024-08-27 07:59:59,703351.8361500,8705,1609292,360274.9686900
1724745600000,2024-08-27 08:00:00,0.2210500,0.2217400,0.2135600,0.2151400,10273586,1724759999999,2024-08-27 11:59:59,2222693.2543500,19054,4834945,1045888.3353000
1724760000000,2024-08-27 12:00:00,0.2151000,0.2175300,0.2122900,0.2150200,4462479,1724774399999,2024-08-27 15:59:59,958958.9122400,12456,2258279,485513.9157700
1724774400000,2024-08-27 16:00:00,0.2150100,0.2184000,0.2134000,0.2160500,3601845,1724788799999,2024-08-27 19:59:59,777051.0287200,8598,1741672,375662.6094500
1724788800000,2024-08-27 20:00:00,0.2160300,0.2163400,0.1980900,0.2018300,11176476,1724803199999,2024-08-27 23:59:59,2291819.9744400,22791,5250127,1075144.8762400
1724803200000,2024-08-28 00:00:00,0.2018200,0.2029800,0.1972600,0.2025500,5120261,1724817599999,2024-08-28 03:59:59,1024722.7675600,10976,2565323,513714.1026700
1724817600000,2024-08-28 04:00:00,0.2025200,0.2039800,0.1978100,0.1978300,4205513,1724831999999,2024-08-28 07:59:59,847954.8548000,8073,1830624,369282.9417400
1724832000000,2024-08-28 08:00:00,0.1978900,0.2160600,0.1964700,0.2096300,12702349,1724846399999,2024-08-28 11:59:59,2672218.2875200,21913,6756098,1419915.0774700
1724846400000,2024-08-28 12:00:00,0.2097000,0.2102600,0.2003100,0.2020700,6937803,1724860799999,2024-08-28 15:59:59,1428320.9145000,16023,3179168,654812.6534200
1724860800000,2024-08-28 16:00:00,0.2020000,0.2072600,0.1941000,0.2016000,17216148,1724875199999,2024-08-28 19:59:59,3452021.8485600,30733,8451539,1695909.1775600
1724875200000,2024-08-28 20:00:00,0.2016500,0.2061000,0.1982400,0.2010500,4136355,1724889599999,2024-08-28 23:59:59,835085.2351200,9147,2006777,405370.0651200
1724889600000,2024-08-29 00:00:00,0.2011200,0.2065700,0.2007400,0.2045000,3415269,1724903999999,2024-08-29 03:59:59,697367.0575900,9288,1716604,350504.9919900
1724904000000,2024-08-29 04:00:00,0.2044000,0.2075500,0.2032000,0.2060200,2655301,1724918399999,2024-08-29 07:59:59,546304.1315400,7156,1306119,268803.3588400
1724918400000,2024-08-29 08:00:00,0.2060500,0.2143000,0.2043500,0.2112100,12258795,1724932799999,2024-08-29 11:59:59,2561449.8912900,25739,6424263,1341384.5457000
1724932800000,2024-08-29 12:00:00,0.2112400,0.2191200,0.2106700,0.2168600,9821115,1724947199999,2024-08-29 15:59:59,2109924.6407800,22724,4710309,1013020.3650500
1724947200000,2024-08-29 16:00:00,0.2167600,0.2182700,0.1982100,0.1995000,10232822,1724961599999,2024-08-29 19:59:59,2115906.8716000,22844,4085480,843068.4977000
1724961600000,2024-08-29 20:00:00,0.1995300,0.2011100,0.1960700,0.1997900,4630678,1724975999999,2024-08-29 23:59:59,921258.1523800,11971,2514993,500730.0375300
1724976000000,2024-08-30 00:00:00,0.1996500,0.2019400,0.1981100,0.1987400,2676105,1724990399999,2024-08-30 03:59:59,534405.5830500,8039,1268591,253384.7876800
1724990400000,2024-08-30 04:00:00,0.1987600,0.2037200,0.1986700,0.2013000,3044788,1725004799999,2024-08-30 07:59:59,611545.4315200,9273,1379939,277301.0145700
1725004800000,2024-08-30 08:00:00,0.2012800,0.2027100,0.1990400,0.1993000,2674688,1725019199999,2024-08-30 11:59:59,538345.2379300,7402,1289635,259747.4133700
1725019200000,2024-08-30 12:00:00,0.1993300,0.2026900,0.1904400,0.1909500,9975674,1725033599999,2024-08-30 15:59:59,1965524.6004700,25935,4516631,890915.4046200
1725033600000,2024-08-30 16:00:00,0.1910500,0.2022200,0.1890700,0.1987600,6110405,1725047999999,2024-08-30 19:59:59,1192067.2273600,16366,3054470,596575.0935900
1725048000000,2024-08-30 20:00:00,0.1988500,0.2022900,0.1985900,0.2019900,2022618,1725062399999,2024-08-30 23:59:59,405487.3903000,6511,1016415,203767.9742900
1725062400000,2024-08-31 00:00:00,0.2018700,0.2028300,0.2000900,0.2001400,1526329,1725076799999,2024-08-31 03:59:59,307236.5563500,5122,751043,151301.8707200
1725076800000,2024-08-31 04:00:00,0.2001600,0.2015700,0.1995800,0.2001600,2254776,1725091199999,2024-08-31 07:59:59,452190.6972500,7917,1192024,239190.8369500
1725091200000,2024-08-31 08:00:00,0.2000700,0.2004600,0.1975600,0.1994200,2334514,1725105599999,2024-08-31 11:59:59,464570.7811400,7759,919116,183061.1854700
1725105600000,2024-08-31 12:00:00,0.1993200,0.1995300,0.1961900,0.1974000,2610642,1725119999999,2024-08-31 15:59:59,515753.5614700,6946,1014717,200866.7821100
1725120000000,2024-08-31 16:00:00,0.1974000,0.1975400,0.1828200,0.1858400,16503224,1725134399999,2024-08-31 19:59:59,3087251.8380300,32601,7842120,1465055.7461600
1725134400000,2024-08-31 20:00:00,0.1858400,0.1889600,0.1848600,0.1883500,4614246,1725148799999,2024-08-31 23:59:59,863324.1047900,11140,2344056,438731.4415100
1725148800000,2024-09-01 00:00:00,0.1882700,0.1924400,0.1849400,0.1866000,6186238,1725163199999,2024-09-01 03:59:59,1167373.5051100,15475,2956704,558558.2297900
1725163200000,2024-09-01 04:00:00,0.1866600,0.1975000,0.1849300,0.1968900,17619050,1725177599999,2024-09-01 07:59:59,3381503.9726500,38101,9125476,1750373.6764200
1725177600000,2024-09-01 08:00:00,0.1968900,0.1971400,0.1916000,0.1929000,6715452,1725191999999,2024-09-01 11:59:59,1303165.2026200,20983,3265739,633824.1902000
1725192000000,2024-09-01 12:00:00,0.1928800,0.1939500,0.1867700,0.1929300,6115118,1725206399999,2024-09-01 15:59:59,1163701.3006000,17509,2977188,566726.4342900
1725206400000,2024-09-01 16:00:00,0.1929400,0.2036100,0.1875600,0.1987000,38711151,1725220799999,2024-09-01 19:59:59,7675646.7536900,66286,19331380,3831769.8813100
1725220800000,2024-09-01 20:00:00,0.1987200,0.2006600,0.1852700,0.1857300,20814969,1725235199999,2024-09-01 23:59:59,4021762.7608200,43144,9532568,1843802.3921800
1725235200000,2024-09-02 00:00:00,0.1857700,0.1931900,0.1840000,0.1919600,15757131,1725249599999,2024-09-02 03:59:59,2963330.0782300,33563,8165890,1537170.3345800
1725249600000,2024-09-02 04:00:00,0.1919100,0.1930900,0.1852500,0.1860100,13987083,1725263999999,2024-09-02 07:59:59,2643530.3949800,29338,6870097,1299825.7519200
1725264000000,2024-09-02 08:00:00,0.1860400,0.1980000,0.1858200,0.1977100,13415340,1725278399999,2024-09-02 11:59:59,2581924.3339600,31044,6520331,1255100.6794300
1725278400000,2024-09-02 12:00:00,0.1976900,0.2020100,0.1920100,0.2000600,11603506,1725292799999,2024-09-02 15:59:59,2290623.4907700,26991,5166976,1020054.5253000
1725292800000,2024-09-02 16:00:00,0.2001200,0.2016100,0.1965900,0.2006700,7202530,1725307199999,2024-09-02 19:59:59,1435277.2421900,18641,3499335,697193.6751700
1725307200000,2024-09-02 20:00:00,0.2006300,0.2095400,0.1998000,0.2073200,9529659,1725321599999,2024-09-02 23:59:59,1964540.9714500,23537,4541233,935764.6491200
1725321600000,2024-09-03 00:00:00,0.2072900,0.2100100,0.2041600,0.2044700,8948563,1725335999999,2024-09-03 03:59:59,1851666.7397500,20768,4308697,891622.8160400
1725336000000,2024-09-03 04:00:00,0.2044700,0.2056600,0.2016800,0.2039100,6111275,1725350399999,2024-09-03 07:59:59,1245630.9892300,15936,2958574,603347.5832000
1725350400000,2024-09-03 08:00:00,0.2039100,0.2039600,0.2001000,0.2012800,3497367,1725364799999,2024-09-03 11:59:59,705250.4479200,9989,1531157,308871.9122600
1725364800000,2024-09-03 12:00:00,0.2014100,0.2020500,0.1889800,0.1890700,8176509,1725379199999,2024-09-03 15:59:59,1594035.7874700,18957,3848898,749486.8079800
1725379200000,2024-09-03 16:00:00,0.1890900,0.1924700,0.1887000,0.1918100,3500724,1725393599999,2024-09-03 19:59:59,667174.4803500,12626,1910226,364037.9034800
1725393600000,2024-09-03 20:00:00,0.1917600,0.1924700,0.1874000,0.1878000,3471836,1725407999999,2024-09-03 23:59:59,660396.3784700,9499,1610046,306408.6935700
1725408000000,2024-09-04 00:00:00,0.1877700,0.1893600,0.1761500,0.1846100,10911389,1725422399999,2024-09-04 03:59:59,1992893.4159900,22234,5230211,955052.7117700
1725422400000,2024-09-04 04:00:00,0.1846100,0.1856500,0.1811900,0.1851000,4158836,1725436799999,2024-09-04 07:59:59,763115.4891400,11730,2146704,394102.7828100
1725436800000,2024-09-04 08:00:00,0.1850800,0.1861200,0.1809000,0.1823700,5087750,1725451199999,2024-09-04 11:59:59,931903.0536100,12186,2302094,421815.9188700
1725451200000,2024-09-04 12:00:00,0.1823300,0.1906800,0.1804600,0.1896100,6548585,1725465599999,2024-09-04 15:59:59,1214189.1664900,16030,3278423,608052.3137500
1725465600000,2024-09-04 16:00:00,0.1896000,0.1940400,0.1866700,0.1887100,5114361,1725479999999,2024-09-04 19:59:59,970764.9971500,12495,2457224,466368.8979100
1725480000000,2024-09-04 20:00:00,0.1887000,0.1917100,0.1883100,0.1906100,2746633,1725494399999,2024-09-04 23:59:59,521464.0543200,7872,1307502,248272.2543400
1725494400000,2024-09-05 00:00:00,0.1906300,0.1920000,0.1856400,0.1860500,3542641,1725508799999,2024-09-05 03:59:59,669260.6835900,8616,1789655,338290.6985500
1725508800000,2024-09-05 04:00:00,0.1861600,0.1886400,0.1838000,0.1880500,3259277,1725523199999,2024-09-05 07:59:59,606868.7881300,8737,1531087,285302.7380100
1725523200000,2024-09-05 08:00:00,0.1880100,0.1890300,0.1857000,0.1871300,2263574,1725537599999,2024-09-05 11:59:59,423689.0562500,5915,1127553,211069.1448000
1725537600000,2024-09-05 12:00:00,0.1871300,0.1895800,0.1819000,0.1830900,6089812,1725551999999,2024-09-05 15:59:59,1132445.4554300,12969,2947338,548645.6572600
1725552000000,2024-09-05 16:00:00,0.1831400,0.1861500,0.1810000,0.1820000,3076216,1725566399999,2024-09-05 19:59:59,564698.5029800,7419,1497935,275044.8767400
1725566400000,2024-09-05 20:00:00,0.1820100,0.1834600,0.1810700,0.1820000,1909630,1725580799999,2024-09-05 23:59:59,348472.0359300,4991,865985,158001.1494900
1725580800000,2024-09-06 00:00:00,0.1820000,0.1860600,0.1810300,0.1843300,2106449,1725595199999,2024-09-06 03:59:59,387254.3585100,5320,1106928,203534.2586100
1725595200000,2024-09-06 04:00:00,0.1843600,0.1850100,0.1786200,0.1803500,3839535,1725609599999,2024-09-06 07:59:59,696076.2628900,7884,1764145,319756.8903700
1725609600000,2024-09-06 08:00:00,0.1803200,0.1855300,0.1802200,0.1850900,3892019,1725623999999,2024-09-06 11:59:59,710249.6058500,7500,2062998,376283.2069000
1725624000000,2024-09-06 12:00:00,0.1850700,0.1943400,0.1822700,0.1868800,17928654,1725638399999,2024-09-06 15:59:59,3367759.1432900,32173,8870682,1665629.0799000
1725638400000,2024-09-06 16:00:00,0.1869200,0.1880200,0.1760100,0.1774800,12184536,1725652799999,2024-09-06 19:59:59,2206875.2575200,20491,5437695,985732.0076500
1725652800000,2024-09-06 20:00:00,0.1775500,0.1789200,0.1707900,0.1786600,7754496,1725667199999,2024-09-06 23:59:59,1358844.1152600,16181,3911768,685632.7303300
1725667200000,2024-09-07 00:00:00,0.1787100,0.1800800,0.1763100,0.1772300,2764013,1725681599999,2024-09-07 03:59:59,493195.2725200,5872,1391238,248365.4176300
1725681600000,2024-09-07 04:00:00,0.1771600,0.1806100,0.1768900,0.1801200,2965400,1725695999999,2024-09-07 07:59:59,531477.7938300,6580,1463413,262375.4629400
1725696000000,2024-09-07 08:00:00,0.1799900,0.1813100,0.1789400,0.1796400,2068438,1725710399999,2024-09-07 11:59:59,372495.4274200,4695,1069060,192569.1789400
1725710400000,2024-09-07 12:00:00,0.1797600,0.1888700,0.1797100,0.1870300,5025022,1725724799999,2024-09-07 15:59:59,921618.9075400,9697,2907654,533330.1259300
1725724800000,2024-09-07 16:00:00,0.1869900,0.1891000,0.1811400,0.1844500,5049836,1725739199999,2024-09-07 19:59:59,936337.5867800,11674,2366798,439069.9608500
1725739200000,2024-09-07 20:00:00,0.1844700,0.1846200,0.1798800,0.1827800,2098607,1725753599999,2024-09-07 23:59:59,381610.4544300,5716,995095,180887.3616200
1725753600000,2024-09-08 00:00:00,0.1827700,0.1854200,0.1814800,0.1854200,2032127,1725767999999,2024-09-08 03:59:59,372715.6080600,5146,1028711,188726.4623600
1725768000000,2024-09-08 04:00:00,0.1854000,0.1913600,0.1853600,0.1910300,3187899,1725782399999,2024-09-08 07:59:59,601200.0842700,7110,1631704,307692.9768200
1725782400000,2024-09-08 08:00:00,0.1911600,0.1978800,0.1906600,0.1914200,14510868,1725796799999,2024-09-08 11:59:59,2827548.5041000,27857,7023112,1368953.0419000
1725796800000,2024-09-08 12:00:00,0.1915700,0.1921200,0.1858800,0.1862000,7513175,1725811199999,2024-09-08 15:59:59,1417959.5572700,14138,3614057,682411.9470200
1725811200000,2024-09-08 16:00:00,0.1862800,0.1895500,0.1842000,0.1883300,4502146,1725825599999,2024-09-08 19:59:59,842078.4558500,8736,2156692,403712.0812100
1725825600000,2024-09-08 20:00:00,0.1883400,0.1946300,0.1875500,0.1917300,4484541,1725839999999,2024-09-08 23:59:59,856969.7341900,10870,2335274,446238.0898500
1725840000000,2024-09-09 00:00:00,0.1916600,0.1940100,0.1897500,0.1908700,3424536,1725854399999,2024-09-09 03:59:59,657875.0877900,8326,1563653,300391.8795200
1725854400000,2024-09-09 04:00:00,0.1909100,0.1919200,0.1882000,0.1915900,3153829,1725868799999,2024-09-09 07:59:59,598758.0713400,7263,1605765,304877.7950500
1725868800000,2024-09-09 08:00:00,0.1915600,0.1934200,0.1900500,0.1922400,3111504,1725883199999,2024-09-09 11:59:59,597081.9251200,8428,1539401,295435.9398300
1725883200000,2024-09-09 12:00:00,0.1921600,0.1934200,0.1875000,0.1911400,3944693,1725897599999,2024-09-09 15:59:59,752846.8277600,9885,1879505,358709.7421800
1725897600000,2024-09-09 16:00:00,0.1912500,0.1964100,0.1911100,0.1960800,5103586,1725911999999,2024-09-09 19:59:59,991938.7626200,12302,2638359,512678.2186800
1725912000000,2024-09-09 20:00:00,0.1960900,0.1996300,0.1945100,0.1948100,4133797,1725926399999,2024-09-09 23:59:59,813385.7922700,9801,2067314,406993.4552300
1725926400000,2024-09-10 00:00:00,0.1948300,0.1952000,0.1902000,0.1902400,2372515,1725940799999,2024-09-10 03:59:59,456207.1631600,6494,1050294,202100.9142100
1725940800000,2024-09-10 04:00:00,0.1903100,0.1965400,0.1900000,0.1951700,3096994,1725955199999,2024-09-10 07:59:59,596858.4592800,6870,1841420,354995.0220100
1725955200000,2024-09-10 08:00:00,0.1951700,0.1973500,0.1930600,0.1970800,1811568,1725969599999,2024-09-10 11:59:59,353338.8340600,5292,954685,186292.4956300
1725969600000,2024-09-10 12:00:00,0.1970700,0.1984400,0.1939000,0.1950600,4929592,1725983999999,2024-09-10 15:59:59,967585.1673000,10823,2372476,465824.9830000
1725984000000,2024-09-10 16:00:00,0.1952000,0.2022000,0.1952000,0.2002300,3650713,1725998399999,2024-09-10 19:59:59,727325.2950000,7796,1744991,347688.9540500
1725998400000,2024-09-10 20:00:00,0.2002100,0.2016200,0.1989000,0.1991300,1572178,1726012799999,2024-09-10 23:59:59,314427.6985900,5538,703485,140741.4389400
1726012800000,2024-09-11 00:00:00,0.1991300,0.1993100,0.1926400,0.1932800,2969307,1726027199999,2024-09-11 03:59:59,579739.3425200,8175,1355188,264418.6006100
1726027200000,2024-09-11 04:00:00,0.1933000,0.1933000,0.1873300,0.1911000,3277366,1726041599999,2024-09-11 07:59:59,623131.4871800,8095,1474200,280233.9148200
1726041600000,2024-09-11 08:00:00,0.1910700,0.1919500,0.1881800,0.1909800,2237771,1726055999999,2024-09-11 11:59:59,424672.4536500,5792,1240655,235524.1594700
1726056000000,2024-09-11 12:00:00,0.1909000,0.1954800,0.1858200,0.1909300,6366314,1726070399999,2024-09-11 15:59:59,1211311.3378500,14453,3041056,578806.9173400
1726070400000,2024-09-11 16:00:00,0.1908500,0.1952500,0.1903200,0.1931600,3457491,1726084799999,2024-09-11 19:59:59,668347.9253700,7847,1595646,308441.2589100
1726084800000,2024-09-11 20:00:00,0.1931400,0.1943600,0.1923500,0.1936200,1981854,1726099199999,2024-09-11 23:59:59,383252.9013800,4167,987682,190998.5064200
1726099200000,2024-09-12 00:00:00,0.1935200,0.1988700,0.1933800,0.1973900,2607854,1726113599999,2024-09-12 03:59:59,511292.0510400,6345,1344399,263557.4769200
1726113600000,2024-09-12 04:00:00,0.1974800,0.1993800,0.1959300,0.1970900,2585051,1726127999999,2024-09-12 07:59:59,509982.2457000,5845,1279124,252206.5409700
1726128000000,2024-09-12 08:00:00,0.1970300,0.1981200,0.1936000,0.1938800,1864484,1726142399999,2024-09-12 11:59:59,364827.5592600,4969,790831,154719.9203100
1726142400000,2024-09-12 12:00:00,0.1939500,0.1983600,0.1922600,0.1926100,4357692,1726156799999,2024-09-12 15:59:59,849595.8198000,9155,2195758,428653.4456700
1726156800000,2024-09-12 16:00:00,0.1926800,0.1983500,0.1924100,0.1977400,1537104,1726171199999,2024-09-12 19:59:59,301317.3311400,5172,743487,145719.0055400
1726171200000,2024-09-12 20:00:00,0.1979300,0.2012300,0.1970200,0.2009400,2132230,1726185599999,2024-09-12 23:59:59,425690.9250900,5069,944534,188514.3599500
1726185600000,2024-09-13 00:00:00,0.2009400,0.2012000,0.1976700,0.1978300,1085664,1726199999999,2024-09-13 03:59:59,216509.6386500,3900,468507,93422.1181800
1726200000000,2024-09-13 04:00:00,0.1978000,0.1994700,0.1971500,0.1988500,957440,1726214399999,2024-09-13 07:59:59,189802.7713800,3388,466499,92472.4722600
1726214400000,2024-09-13 08:00:00,0.1989200,0.2014000,0.1978800,0.1985200,1759500,1726228799999,2024-09-13 11:59:59,350861.8154400,4987,889254,177384.3776300
1726228800000,2024-09-13 12:00:00,0.1986100,0.2035900,0.1968900,0.2029200,4312926,1726243199999,2024-09-13 15:59:59,862178.0900800,9680,2320264,463857.3675100
1726243200000,2024-09-13 16:00:00,0.2029100,0.2049000,0.2010900,0.2028300,3468173,1726257599999,2024-09-13 19:59:59,705572.0652100,8791,1622569,330110.8639300
1726257600000,2024-09-13 20:00:00,0.2027900,0.2054000,0.2023500,0.2040700,1649226,1726271999999,2024-09-13 23:59:59,336489.0014700,5430,759256,154954.2849100
1726272000000,2024-09-14 00:00:00,0.2041000,0.2055700,0.2036300,0.2048400,1563058,1726286399999,2024-09-14 03:59:59,319817.3889500,4601,885797,181282.3876800
1726286400000,2024-09-14 04:00:00,0.2047400,0.2048000,0.2008500,0.2021500,1218800,1726300799999,2024-09-14 07:59:59,246767.1361400,3657,498456,100875.6702600
1726300800000,2024-09-14 08:00:00,0.2021500,0.2034700,0.2000100,0.2009100,1479149,1726315199999,2024-09-14 11:59:59,298565.0189700,4078,684689,138223.9747400
1726315200000,2024-09-14 12:00:00,0.2009200,0.2043000,0.2007000,0.2031600,1096741,1726329599999,2024-09-14 15:59:59,222561.5104000,3432,560122,113644.3528100
1726329600000,2024-09-14 16:00:00,0.2031900,0.2041100,0.1986400,0.1994800,2320270,1726343999999,2024-09-14 19:59:59,465238.6313800,5796,1101569,220897.0648000
1726344000000,2024-09-14 20:00:00,0.1995500,0.2021500,0.1994000,0.2015600,1241902,1726358399999,2024-09-14 23:59:59,249498.6706100,3553,601957,120946.2304800
1726358400000,2024-09-15 00:00:00,0.2015600,0.2037000,0.2010700,0.2023900,811540,1726372799999,2024-09-15 03:59:59,164343.3297200,3153,434063,87912.3325900
1726372800000,2024-09-15 04:00:00,0.2023800,0.2030200,0.2005000,0.2029800,994981,1726387199999,2024-09-15 07:59:59,200808.9952000,3250,594757,120077.5583300
1726387200000,2024-09-15 08:00:00,0.2030600,0.2032400,0.1994700,0.2006200,1209768,1726401599999,2024-09-15 11:59:59,243379.2725100,3999,486894,98016.5951400
1726401600000,2024-09-15 12:00:00,0.2005100,0.2035300,0.1998200,0.2014500,1447893,1726415999999,2024-09-15 15:59:59,291831.9918200,4278,723209,145815.3079200
1726416000000,2024-09-15 16:00:00,0.2015200,0.2018800,0.1964400,0.1978900,2194501,1726430399999,2024-09-15 19:59:59,434693.8721500,5802,1072490,212446.8864000
1726430400000,2024-09-15 20:00:00,0.1978900,0.1985300,0.1903500,0.1922100,3868440,1726444799999,2024-09-15 23:59:59,753367.4653200,8825,1843821,359910.0265000
1726444800000,2024-09-16 00:00:00,0.1921900,0.1927500,0.1861800,0.1896600,3525413,1726459199999,2024-09-16 03:59:59,668254.7088600,8568,1437130,272847.8551400
1726459200000,2024-09-16 04:00:00,0.1895700,0.1936000,0.1890100,0.1930300,1940190,1726473599999,2024-09-16 07:59:59,370297.8551200,5438,1111704,212286.6800800
1726473600000,2024-09-16 08:00:00,0.1929200,0.1952000,0.1903000,0.1922500,2145167,1726487999999,2024-09-16 11:59:59,413300.1874600,6616,1003510,193410.1902300
1726488000000,2024-09-16 12:00:00,0.1921100,0.1925900,0.1870200,0.1893800,2974416,1726502399999,2024-09-16 15:59:59,563892.3788500,7723,1491590,282611.8864600
1726502400000,2024-09-16 16:00:00,0.1894100,0.1900500,0.1856900,0.1872000,3048410,1726516799999,2024-09-16 19:59:59,572344.6882100,8225,1546882,290465.9660100
1726516800000,2024-09-16 20:00:00,0.1870700,0.1877500,0.1846300,0.1863400,1775277,1726531199999,2024-09-16 23:59:59,330303.4996100,4807,881379,164004.1002100
1726531200000,2024-09-17 00:00:00,0.1862900,0.1867900,0.1820000,0.1851400,2373105,1726545599999,2024-09-17 03:59:59,436664.2521600,6176,1182013,217481.0608800
1726545600000,2024-09-17 04:00:00,0.1851400,0.1900100,0.1849000,0.1890400,3503753,1726559999999,2024-09-17 07:59:59,659380.8305400,9302,1411774,265429.9586000
1726560000000,2024-09-17 08:00:00,0.1890700,0.1907000,0.1876200,0.1881500,2084858,1726574399999,2024-09-17 11:59:59,394669.2793400,5386,1021375,193412.9647900
1726574400000,2024-09-17 12:00:00,0.1882000,0.1964700,0.1874000,0.1956800,4907015,1726588799999,2024-09-17 15:59:59,941585.0038800,11738,2366604,454186.2615500
1726588800000,2024-09-17 16:00:00,0.1956800,0.1979000,0.1928100,0.1944100,3465083,1726603199999,2024-09-17 19:59:59,677329.5231600,10588,1806189,353182.6918800
1726603200000,2024-09-17 20:00:00,0.1945000,0.2026200,0.1942000,0.2002600,3886750,1726617599999,2024-09-17 23:59:59,772160.7953900,10541,1953731,388205.4047300
1726617600000,2024-09-18 00:00:00,0.2003200,0.2097100,0.1983000,0.2069500,4598894,1726631999999,2024-09-18 03:59:59,941009.0704700,13512,2237801,457798.5656700
1726632000000,2024-09-18 04:00:00,0.2069600,0.2081000,0.2039200,0.2052100,2777020,1726646399999,2024-09-18 07:59:59,571223.7862900,9395,1332924,274229.8303500
1726646400000,2024-09-18 08:00:00,0.2052800,0.2054300,0.1963300,0.1982700,3464715,1726660799999,2024-09-18 11:59:59,693514.1347000,10903,1452928,290102.8299700
1726660800000,2024-09-18 12:00:00,0.1983100,0.2004700,0.1913900,0.1920300,3076829,1726675199999,2024-09-18 15:59:59,603849.0633600,8867,1394375,273916.8150300
1726675200000,2024-09-18 16:00:00,0.1920000,0.2072200,0.1907100,0.2013600,8766314,1726689599999,2024-09-18 19:59:59,1755113.1840800,25639,4401242,880823.6873500
1726689600000,2024-09-18 20:00:00,0.2013900,0.2097500,0.1996300,0.2094900,2452623,1726703999999,2024-09-18 23:59:59,502420.3913000,9008,1268987,260133.1377700
1726704000000,2024-09-19 00:00:00,0.2095800,0.2136300,0.2074800,0.2120900,4160313,1726718399999,2024-09-19 03:59:59,877208.7622500,13688,2048579,432059.6492500
1726718400000,2024-09-19 04:00:00,0.2121400,0.2161500,0.2111800,0.2161400,4312992,1726732799999,2024-09-19 07:59:59,921243.4251100,11891,2254110,482062.4705000
1726732800000,2024-09-19 08:00:00,0.2161700,0.2169400,0.2132500,0.2158500,2532260,1726747199999,2024-09-19 11:59:59,544308.1576400,7551,1170333,251701.1957700
1726747200000,2024-09-19 12:00:00,0.2158500,0.2195800,0.2138500,0.2195800,4064235,1726761599999,2024-09-19 15:59:59,879768.5070200,11107,1915658,414961.4532700
1726761600000,2024-09-19 16:00:00,0.2194400,0.2303800,0.2192100,0.2249400,16563072,1726775999999,2024-09-19 19:59:59,3764540.1320300,39851,8619262,1958036.1343200
1726776000000,2024-09-19 20:00:00,0.2249800,0.2265900,0.2224400,0.2241100,3843518,1726790399999,2024-09-19 23:59:59,862572.4144600,12507,1667931,374431.5549400
1726790400000,2024-09-20 00:00:00,0.2240900,0.2310100,0.2188600,0.2309000,6147733,1726804799999,2024-09-20 03:59:59,1378423.3090700,15918,3299038,742485.8164600
1726804800000,2024-09-20 04:00:00,0.2306900,0.2313900,0.2265400,0.2282300,6996409,1726819199999,2024-09-20 07:59:59,1602453.6608000,18206,3006698,688985.9533900
1726819200000,2024-09-20 08:00:00,0.2282300,0.2285000,0.2216400,0.2229000,3419109,1726833599999,2024-09-20 11:59:59,772462.8426500,10868,1550277,350588.1128900
1726833600000,2024-09-20 12:00:00,0.2228900,0.2252600,0.2188500,0.2213600,5244537,1726847999999,2024-09-20 15:59:59,1160583.1856300,16114,2516143,557255.6985100
1726848000000,2024-09-20 16:00:00,0.2213900,0.2223600,0.2173700,0.2205600,2768955,1726862399999,2024-09-20 19:59:59,608048.9191900,9289,1281079,281640.2298700
1726862400000,2024-09-20 20:00:00,0.2203500,0.2241200,0.2200000,0.2230900,2026816,1726876799999,2024-09-20 23:59:59,450730.3518000,7402,935616,208122.6861900
1726876800000,2024-09-21 00:00:00,0.2230200,0.2241400,0.2186600,0.2187800,1914402,1726891199999,2024-09-21 03:59:59,423348.9973800,7516,916876,202881.0384200
1726891200000,2024-09-21 04:00:00,0.2187200,0.2208000,0.2166000,0.2205900,1424449,1726905599999,2024-09-21 07:59:59,312050.6527900,6541,741665,162586.4744400
1726905600000,2024-09-21 08:00:00,0.2206900,0.2209300,0.2177600,0.2191200,1045309,1726919999999,2024-09-21 11:59:59,229489.8930400,4398,487367,107011.9791100
1726920000000,2024-09-21 12:00:00,0.2191000,0.2231300,0.2183900,0.2212400,2543031,1726934399999,2024-09-21 15:59:59,561800.2553300,7775,1374351,303627.9459700
1726934400000,2024-09-21 16:00:00,0.2212200,0.2225200,0.2205700,0.2219300,1515070,1726948799999,2024-09-21 19:59:59,335296.8023800,5650,793767,175697.7481600
1726948800000,2024-09-21 20:00:00,0.2219300,0.2279200,0.2200300,0.2270800,2267353,1726963199999,2024-09-21 23:59:59,508134.7776000,7836,1296955,290931.5596200
1726963200000,2024-09-22 00:00:00,0.2270700,0.2276700,0.2209700,0.2234500,5421663,1726977599999,2024-09-22 03:59:59,1216342.2033800,13312,2384973,535088.6210600
1726977600000,2024-09-22 04:00:00,0.2234800,0.2272600,0.2214500,0.2270100,2034354,1726991999999,2024-09-22 07:59:59,455790.2516100,6722,1188421,266553.8029700
1726992000000,2024-09-22 08:00:00,0.2270800,0.2315500,0.2225600,0.2244000,16677789,1727006399999,2024-09-22 11:59:59,3789070.5195200,33522,8388249,1906248.9009700
1727006400000,2024-09-22 12:00:00,0.2242700,0.2266100,0.2200500,0.2225900,9276891,1727020799999,2024-09-22 15:59:59,2072839.6282700,24193,4391093,981476.1152500
1727020800000,2024-09-22 16:00:00,0.2225800,0.2253300,0.2196300,0.2228000,5504867,1727035199999,2024-09-22 19:59:59,1226263.6781300,14772,2446749,544942.0796900
1727035200000,2024-09-22 20:00:00,0.2228600,0.2249700,0.2162000,0.2219700,7218139,1727049599999,2024-09-22 23:59:59,1596374.3646500,18653,3166542,700412.1101600
1727049600000,2024-09-23 00:00:00,0.2219600,0.2325700,0.2167600,0.2304300,7684375,1727063999999,2024-09-23 03:59:59,1736460.4453100,20481,3755417,848916.0641800
1727064000000,2024-09-23 04:00:00,0.2305000,0.2346100,0.2282100,0.2297300,10278361,1727078399999,2024-09-23 07:59:59,2377722.9924900,24998,4997135,1157002.1998100
1727078400000,2024-09-23 08:00:00,0.2297700,0.2328000,0.2276200,0.2306300,4376791,1727092799999,2024-09-23 11:59:59,1009760.9232000,12138,1794018,414048.9421000
1727092800000,2024-09-23 12:00:00,0.2306400,0.2324100,0.2265200,0.2304600,9624403,1727107199999,2024-09-23 15:59:59,2210080.1507700,21765,4847121,1114582.8692600
1727107200000,2024-09-23 16:00:00,0.2305200,0.2317100,0.2274600,0.2277300,4493045,1727121599999,2024-09-23 19:59:59,1027934.1095000,11803,2006666,459205.8607500
1727121600000,2024-09-23 20:00:00,0.2277100,0.2302300,0.2261100,0.2298100,4729705,1727135999999,2024-09-23 23:59:59,1079343.2553000,10374,2358589,538108.2620300
1727136000000,2024-09-24 00:00:00,0.2298400,0.2323400,0.2247900,0.2269700,4687385,1727150399999,2024-09-24 03:59:59,1071596.8681100,14204,2274213,520295.0179600
1727150400000,2024-09-24 04:00:00,0.2269100,0.2338400,0.2227700,0.2317400,9977817,1727164799999,2024-09-24 07:59:59,2288172.3337300,18738,5638670,1293793.3962600
1727164800000,2024-09-24 08:00:00,0.2318400,0.2352300,0.2308200,0.2335000,3919041,1727179199999,2024-09-24 11:59:59,912321.9153200,11781,1772547,412649.4217000
1727179200000,2024-09-24 12:00:00,0.2335700,0.2354200,0.2256100,0.2256100,8562442,1727193599999,2024-09-24 15:59:59,1970460.4286700,20617,3651599,841533.5921900
1727193600000,2024-09-24 16:00:00,0.2256900,0.2318100,0.2246100,0.2313500,4030925,1727207999999,2024-09-24 19:59:59,918183.1840000,12347,2061810,469714.1446500
1727208000000,2024-09-24 20:00:00,0.2313700,0.2353700,0.2301300,0.2331800,3659703,1727222399999,2024-09-24 23:59:59,850787.0205500,9946,1691387,393393.8222800
1727222400000,2024-09-25 00:00:00,0.2334700,0.2394800,0.2326400,0.2374400,3521822,1727236799999,2024-09-25 03:59:59,834265.3566700,10826,1815519,430236.8989700
1727236800000,2024-09-25 04:00:00,0.2375100,0.2379300,0.2272200,0.2279600,4412654,1727251199999,2024-09-25 07:59:59,1020572.0053700,10128,1545698,358016.7234900
1727251200000,2024-09-25 08:00:00,0.2279300,0.2331500,0.2270200,0.2324600,5156701,1727265599999,2024-09-25 11:59:59,1186457.3023200,11738,2845795,654890.7675900
1727265600000,2024-09-25 12:00:00,0.2324500,0.2324700,0.2245000,0.2247900,7456770,1727279999999,2024-09-25 15:59:59,1702013.6920100,14918,3375018,770466.8589300
1727280000000,2024-09-25 16:00:00,0.2247600,0.2267100,0.2211300,0.2228000,3810717,1727294399999,2024-09-25 19:59:59,852492.8454000,9286,1829590,409472.1161900
1727294400000,2024-09-25 20:00:00,0.2227700,0.2256800,0.2187000,0.2207500,2859537,1727308799999,2024-09-25 23:59:59,636006.3282000,8555,1268242,282259.7037900
1727308800000,2024-09-26 00:00:00,0.2207200,0.2228100,0.2160000,0.2224700,4050297,1727323199999,2024-09-26 03:59:59,889395.8420400,10730,2035772,447382.8020400
1727323200000,2024-09-26 04:00:00,0.2224700,0.2305100,0.2215100,0.2300000,4308933,1727337599999,2024-09-26 07:59:59,978257.4484600,12509,2159645,490136.5616100
1727337600000,2024-09-26 08:00:00,0.2299400,0.2316100,0.2271600,0.2283300,3103020,1727351999999,2024-09-26 11:59:59,710933.4028600,9044,1479489,339223.2270500
1727352000000,2024-09-26 12:00:00,0.2284300,0.2319300,0.2261200,0.2308900,5114344,1727366399999,2024-09-26 15:59:59,1170363.2564700,14024,2426309,555432.4858900
1727366400000,2024-09-26 16:00:00,0.2307600,0.2382000,0.2303200,0.2346200,4742263,1727380799999,2024-09-26 19:59:59,1111852.8199600,13557,2222456,521376.6144800
1727380800000,2024-09-26 20:00:00,0.2346900,0.2390000,0.2315400,0.2376000,4717568,1727395199999,2024-09-26 23:59:59,1111739.1866800,13717,2418626,569917.8897300
1727395200000,2024-09-27 00:00:00,0.2375400,0.2402800,0.2335600,0.2386000,4151667,1727409599999,2024-09-27 03:59:59,983901.1730900,11835,2087767,495144.2208100
1727409600000,2024-09-27 04:00:00,0.2386000,0.2451400,0.2384400,0.2418500,4446121,1727423999999,2024-09-27 07:59:59,1074300.0576600,12867,2311933,559087.0930900
1727424000000,2024-09-27 08:00:00,0.2418500,0.2453200,0.2356900,0.2374000,4072255,1727438399999,2024-09-27 11:59:59,979773.5783500,11633,1652383,397592.0692400
1727438400000,2024-09-27 12:00:00,0.2373900,0.2438600,0.2362800,0.2399300,4467441,1727452799999,2024-09-27 15:59:59,1074021.0857600,12771,2109302,507361.7007100
1727452800000,2024-09-27 16:00:00,0.2398200,0.2449100,0.2380100,0.2407200,3825526,1727467199999,2024-09-27 19:59:59,920806.6802400,10385,1849532,445767.2785300
1727467200000,2024-09-27 20:00:00,0.2405500,0.2461300,0.2394600,0.2452500,2702763,1727481599999,2024-09-27 23:59:59,657861.4408100,7348,1473084,358464.3278800
1727481600000,2024-09-28 00:00:00,0.2451600,0.2538700,0.2442300,0.2493300,3610239,1727495999999,2024-09-28 03:59:59,899162.9727000,9848,1649901,411012.5217600
1727496000000,2024-09-28 04:00:00,0.2493000,0.2538600,0.2423300,0.2426600,3880282,1727510399999,2024-09-28 07:59:59,960927.0180600,11717,1717323,425361.5501600
1727510400000,2024-09-28 08:00:00,0.2426800,0.2458000,0.2352000,0.2418400,9463070,1727524799999,2024-09-28 11:59:59,2282341.4892200,21558,4827793,1165046.4073700
1727524800000,2024-09-28 12:00:00,0.2418500,0.2419900,0.2361300,0.2389500,3624233,1727539199999,2024-09-28 15:59:59,866294.5547200,10431,1669252,399139.1026200
1727539200000,2024-09-28 16:00:00,0.2389500,0.2411200,0.2376800,0.2393000,1684543,1727553599999,2024-09-28 19:59:59,403584.8225100,6118,815186,195397.5141500
1727553600000,2024-09-28 20:00:00,0.2392900,0.2395300,0.2331300,0.2386300,2194364,1727567999999,2024-09-28 23:59:59,518404.3735700,7623,989464,233922.4244000
1727568000000,2024-09-29 00:00:00,0.2387100,0.2405000,0.2345000,0.2397500,3306012,1727582399999,2024-09-29 03:59:59,785794.5159700,9730,1490396,354471.7780900
1727582400000,2024-09-29 04:00:00,0.2396500,0.2397900,0.2314600,0.2320300,2659082,1727596799999,2024-09-29 07:59:59,627857.0403500,8702,1183997,279641.0934400
1727596800000,2024-09-29 08:00:00,0.2321000,0.2351800,0.2304000,0.2325200,1917725,1727611199999,2024-09-29 11:59:59,446267.2118600,6776,833200,193828.8772300
1727611200000,2024-09-29 12:00:00,0.2326500,0.2355100,0.2273700,0.2355100,4405748,1727625599999,2024-09-29 15:59:59,1020809.6430700,11929,2209526,511768.2708400
1727625600000,2024-09-29 16:00:00,0.2355200,0.2432500,0.2348500,0.2428600,4027286,1727639999999,2024-09-29 19:59:59,966205.7485500,13743,2160951,517830.1027700
1727640000000,2024-09-29 20:00:00,0.2428900,0.2464900,0.2348500,0.2377500,5946784,1727654399999,2024-09-29 23:59:59,1435220.4362000,16658,2846421,687673.0210500
1727654400000,2024-09-30 00:00:00,0.2377700,0.2395800,0.2281200,0.2331000,4924786,1727668799999,2024-09-30 03:59:59,1151978.1544400,15136,2519654,589281.8109800
1727668800000,2024-09-30 04:00:00,0.2330300,0.2385400,0.2295300,0.2349100,4235787,1727683199999,2024-09-30 07:59:59,992823.4274700,10746,1972446,462474.8139200
1727683200000,2024-09-30 08:00:00,0.2349100,0.2350800,0.2233700,0.2269100,5870941,1727697599999,2024-09-30 11:59:59,1339857.6133200,14777,2998568,684791.3329400
1727697600000,2024-09-30 12:00:00,0.2269300,0.2311200,0.2209400,0.2212300,7839374,1727711999999,2024-09-30 15:59:59,1777690.9996900,19336,3789111,860949.7277700
1727712000000,2024-09-30 16:00:00,0.2212800,0.2221100,0.2177700,0.2199900,6040420,1727726399999,2024-09-30 19:59:59,1331634.0729400,17492,2826636,623601.7705400
1727726400000,2024-09-30 20:00:00,0.2200100,0.2223500,0.2136200,0.2153200,5309293,1727740799999,2024-09-30 23:59:59,1158984.9066000,18842,2452114,535461.3999900
1727740800000,2024-10-01 00:00:00,0.2153200,0.2230000,0.2135600,0.2221800,5882481,1727755199999,2024-10-01 03:59:59,1283087.3409800,17411,2800348,610821.2613700
1727755200000,2024-10-01 04:00:00,0.2221700,0.2254000,0.2202600,0.2239800,4258978,1727769599999,2024-10-01 07:59:59,950022.1169300,13968,2128149,474949.4668500
1727769600000,2024-10-01 08:00:00,0.2239300,0.2249200,0.2210400,0.2211600,2900740,1727783999999,2024-10-01 11:59:59,646647.6969200,8411,1154956,257497.7024700
1727784000000,2024-10-01 12:00:00,0.2211500,0.2220400,0.2004600,0.2061700,14782415,1727798399999,2024-10-01 15:59:59,3112781.4080100,33141,7004446,1475204.6154800
1727798400000,2024-10-01 16:00:00,0.2061700,0.2072200,0.1851700,0.1935000,20004782,1727812799999,2024-10-01 19:59:59,3894982.1494800,35508,9758811,1899633.0735500
1727812800000,2024-10-01 20:00:00,0.1933700,0.1975300,0.1907700,0.1957200,5912158,1727827199999,2024-10-01 23:59:59,1149545.3438700,13904,3031826,589677.3160500
1727827200000,2024-10-02 00:00:00,0.1956800,0.1974500,0.1933800,0.1950500,5442051,1727841599999,2024-10-02 03:59:59,1060268.2323900,11985,2498061,486879.7101500
1727841600000,2024-10-02 04:00:00,0.1950800,0.1984800,0.1923300,0.1969200,5113608,1727855999999,2024-10-02 07:59:59,998736.5655300,10163,2470967,482720.9757600
1727856000000,2024-10-02 08:00:00,0.1969700,0.1985800,0.1868400,0.1895600,8173926,1727870399999,2024-10-02 11:59:59,1570474.4074300,14251,3798544,731035.5811600
1727870400000,2024-10-02 12:00:00,0.1896200,0.1907400,0.1849600,0.1894500,6958267,1727884799999,2024-10-02 15:59:59,1311381.5346800,15284,3651696,688484.3871800
1727884800000,2024-10-02 16:00:00,0.1894000,0.1928100,0.1749500,0.1783300,9098303,1727899199999,2024-10-02 19:59:59,1664158.8093400,18845,3881013,711598.9020300
1727899200000,2024-10-02 20:00:00,0.1784000,0.1830900,0.1771800,0.1815600,4659657,1727913599999,2024-10-02 23:59:59,840400.6675400,11396,2620263,472652.6194300
1727913600000,2024-10-03 00:00:00,0.1815800,0.1857900,0.1799300,0.1846900,5167649,1727927999999,2024-10-03 03:59:59,950594.6238900,11238,2551783,469401.4745300
1727928000000,2024-10-03 04:00:00,0.1846900,0.1869000,0.1816100,0.1827000,11956803,1727942399999,2024-10-03 07:59:59,2206400.8117400,19135,6852151,1266335.8825600
1727942400000,2024-10-03 08:00:00,0.1827500,0.1836600,0.1755000,0.1789600,10237111,1727956799999,2024-10-03 11:59:59,1845575.6642100,18373,4598802,830525.6683000
1727956800000,2024-10-03 12:00:00,0.1789500,0.1816900,0.1719200,0.1764100,8571021,1727971199999,2024-10-03 15:59:59,1514693.3999400,20131,4123846,729446.9767600
1727971200000,2024-10-03 16:00:00,0.1764000,0.1783400,0.1720200,0.1782400,4762288,1727985599999,2024-10-03 19:59:59,837326.6383300,14227,2290004,402655.0475700
1727985600000,2024-10-03 20:00:00,0.1782000,0.1784800,0.1746000,0.1770000,3276556,1727999999999,2024-10-03 23:59:59,578463.6494500,9154,1755180,309875.5409300
1728000000000,2024-10-04 00:00:00,0.1769300,0.1822500,0.1763000,0.1781000,5622449,1728014399999,2024-10-04 03:59:59,1008573.8284200,15690,3016511,541540.3910600
1728014400000,2024-10-04 04:00:00,0.1782000,0.1822700,0.1781300,0.1816000,3234446,1728028799999,2024-10-04 07:59:59,584282.7774200,9494,1739273,314221.7180700
1728028800000,2024-10-04 08:00:00,0.1816400,0.1842800,0.1785600,0.1801200,3590944,1728043199999,2024-10-04 11:59:59,650102.6467100,10089,1703124,308555.0943200
1728043200000,2024-10-04 12:00:00,0.1800800,0.1855000,0.1769200,0.1842700,9395354,1728057599999,2024-10-04 15:59:59,1701658.2009500,20658,4953544,898171.2721100
1728057600000,2024-10-04 16:00:00,0.1842500,0.1843000,0.1778700,0.1823400,12925698,1728071999999,2024-10-04 19:59:59,2340810.4114600,21952,6201023,1122759.1504100
1728072000000,2024-10-04 20:00:00,0.1823600,0.1829100,0.1799600,0.1810500,3341051,1728086399999,2024-10-04 23:59:59,605827.9136200,8787,1478901,268152.9685800
1728086400000,2024-10-05 00:00:00,0.1810100,0.1840900,0.1787000,0.1794200,2864934,1728100799999,2024-10-05 03:59:59,520266.9081300,8855,1420750,258070.3307400
1728100800000,2024-10-05 04:00:00,0.1794300,0.1852500,0.1790800,0.1829400,5194452,1728115199999,2024-10-05 07:59:59,950059.9391000,10953,2590642,474231.2352800
1728115200000,2024-10-05 08:00:00,0.1829200,0.1854400,0.1815600,0.1831300,4434665,1728129599999,2024-10-05 11:59:59,813386.0272900,9869,2034069,373149.6346700
1728129600000,2024-10-05 12:00:00,0.1831000,0.1839000,0.1791600,0.1803400,4987156,1728143999999,2024-10-05 15:59:59,904378.1692000,10486,2067574,374716.4570500
1728144000000,2024-10-05 16:00:00,0.1802700,0.1803300,0.1730000,0.1733800,4410337,1728158399999,2024-10-05 19:59:59,777451.6061500,11776,1838612,324247.7389000
1728158400000,2024-10-05 20:00:00,0.1733800,0.1774200,0.1717400,0.1773400,3092361,1728172799999,2024-10-05 23:59:59,539098.8115500,8069,1574413,274779.1569300
1728172800000,2024-10-06 00:00:00,0.1773600,0.1801700,0.1760900,0.1762000,4407240,1728187199999,2024-10-06 03:59:59,782442.3252000,9615,2152144,382095.6662700
1728187200000,2024-10-06 04:00:00,0.1762000,0.1771300,0.1751000,0.1766500,1677563,1728201599999,2024-10-06 07:59:59,295754.9338200,5476,770654,135912.3000300
1728201600000,2024-10-06 08:00:00,0.1766900,0.1787500,0.1759100,0.1777500,1961568,1728215999999,2024-10-06 11:59:59,348043.3920200,5562,930886,165286.4702500
1728216000000,2024-10-06 12:00:00,0.1777900,0.1821200,0.1775500,0.1803800,4039779,1728230399999,2024-10-06 15:59:59,726714.8497100,9921,1921551,345721.2490000
1728230400000,2024-10-06 16:00:00,0.1804200,0.1826100,0.1777700,0.1792600,3874480,1728244799999,2024-10-06 19:59:59,698430.1896900,9983,1945100,350686.1770700
1728244800000,2024-10-06 20:00:00,0.1792000,0.1832900,0.1784800,0.1832000,2073246,1728259199999,2024-10-06 23:59:59,374465.9920100,6203,1134325,204984.2521100
1728259200000,2024-10-07 00:00:00,0.1831800,0.1895400,0.1821700,0.1880100,6060002,1728273599999,2024-10-07 03:59:59,1129532.0349500,14202,2964461,552545.5817100
1728273600000,2024-10-07 04:00:00,0.1880900,0.1890000,0.1849100,0.1871800,3072699,1728287999999,2024-10-07 07:59:59,574064.3581800,7528,1634442,305297.8313000
1728288000000,2024-10-07 08:00:00,0.1871100,0.1881300,0.1782600,0.1825900,11142430,1728302399999,2024-10-07 11:59:59,2037085.0966500,20192,4953425,904715.5223400
1728302400000,2024-10-07 12:00:00,0.1827000,0.1871300,0.1805100,0.1836600,8590908,1728316799999,2024-10-07 15:59:59,1580457.6770300,17231,4020554,739608.9934300
1728316800000,2024-10-07 16:00:00,0.1835600,0.1881800,0.1813100,0.1841600,10207968,1728331199999,2024-10-07 19:59:59,1891364.1623900,18193,5223709,968648.3251200
1728331200000,2024-10-07 20:00:00,0.1841700,0.1855400,0.1799500,0.1804200,4651704,1728345599999,2024-10-07 23:59:59,850016.7558900,11826,2256651,412361.6686800
1728345600000,2024-10-08 00:00:00,0.1804100,0.1848300,0.1804000,0.1833800,3209043,1728359999999,2024-10-08 03:59:59,588053.9726900,8712,1559432,285734.1249000
1728360000000,2024-10-08 04:00:00,0.1834200,0.1843900,0.1756000,0.1777800,5941555,1728374399999,2024-10-08 07:59:59,1064360.8733700,13253,2494588,447007.0672000
1728374400000,2024-10-08 08:00:00,0.1777700,0.1795800,0.1764700,0.1791900,2802255,1728388799999,2024-10-08 11:59:59,500225.2414000,7067,1337812,238914.4033000
1728388800000,2024-10-08 12:00:00,0.1791900,0.1795600,0.1732200,0.1751800,7808259,1728403199999,2024-10-08 15:59:59,1378240.5280100,17261,3917335,691630.8055200
1728403200000,2024-10-08 16:00:00,0.1751800,0.1780300,0.1717000,0.1755000,6650077,1728417599999,2024-10-08 19:59:59,1163487.4076700,13400,3191509,558292.4817300
1728417600000,2024-10-08 20:00:00,0.1754900,0.1783300,0.1743400,0.1765800,2534034,1728431999999,2024-10-08 23:59:59,446827.4520800,6504,1263246,222827.0138500
1728432000000,2024-10-09 00:00:00,0.1765400,0.1809100,0.1756200,0.1765400,3715652,1728446399999,2024-10-09 03:59:59,661820.9565000,9842,1826117,325266.4243800
1728446400000,2024-10-09 04:00:00,0.1764000,0.1794100,0.1756200,0.1767800,2139337,1728460799999,2024-10-09 07:59:59,379489.6634400,6180,1159573,205840.4407100
1728460800000,2024-10-09 08:00:00,0.1766300,0.1772500,0.1752100,0.1759800,2058101,1728475199999,2024-10-09 11:59:59,362507.3402500,6381,966516,170241.9298900
1728475200000,2024-10-09 12:00:00,0.1758500,0.1760100,0.1684700,0.1733600,12646796,1728489599999,2024-10-09 15:59:59,2166908.1386200,23969,5817831,997244.1952600
1728489600000,2024-10-09 16:00:00,0.1733800,0.1737200,0.1677000,0.1690300,8665052,1728503999999,2024-10-09 19:59:59,1470153.2017400,14717,3891159,660821.5015000
1728504000000,2024-10-09 20:00:00,0.1690200,0.1695500,0.1642200,0.1669200,6030461,1728518399999,2024-10-09 23:59:59,1003235.9100400,12167,2626620,436972.8679400
1728518400000,2024-10-10 00:00:00,0.1669000,0.1698600,0.1654200,0.1692500,2243853,1728532799999,2024-10-10 03:59:59,376511.6017200,6780,1173739,197149.6661200
1728532800000,2024-10-10 04:00:00,0.1691800,0.1707600,0.1670200,0.1671400,2570279,1728547199999,2024-10-10 07:59:59,434611.0179800,6425,1081474,183075.8312900
1728547200000,2024-10-10 08:00:00,0.1671400,0.1687700,0.1643100,0.1685800,3323584,1728561599999,2024-10-10 11:59:59,553962.1308500,6831,1715461,285895.2606400
1728561600000,2024-10-10 12:00:00,0.1685500,0.1690700,0.1633000,0.1654600,10161646,1728575999999,2024-10-10 15:59:59,1682649.4842000,16423,4868824,807194.6848400
1728576000000,2024-10-10 16:00:00,0.1654200,0.1667800,0.1600000,0.1647200,6437387,1728590399999,2024-10-10 19:59:59,1047952.5450700,13071,3169410,516487.0210200
1728590400000,2024-10-10 20:00:00,0.1646600,0.1691900,0.1640100,0.1691500,2646553,1728604799999,2024-10-10 23:59:59,439730.7092900,6189,1399791,232607.0803000
1728604800000,2024-10-11 00:00:00,0.1691400,0.1715400,0.1676600,0.1703300,2124257,1728619199999,2024-10-11 03:59:59,360301.6907000,6651,982736,166757.2614800
1728619200000,2024-10-11 04:00:00,0.1704300,0.1722500,0.1694400,0.1714400,2192070,1728633599999,2024-10-11 07:59:59,374653.9601100,5466,1051623,179828.1660100
1728633600000,2024-10-11 08:00:00,0.1713500,0.1749300,0.1712500,0.1741700,2577712,1728647999999,2024-10-11 11:59:59,446864.1022000,5783,1261379,218811.4813000
1728648000000,2024-10-11 12:00:00,0.1741600,0.1786300,0.1739500,0.1772300,4615402,1728662399999,2024-10-11 15:59:59,812553.2056000,10489,2265108,398959.0434600
1728662400000,2024-10-11 16:00:00,0.1772500,0.1819100,0.1764600,0.1807900,4529295,1728676799999,2024-10-11 19:59:59,812361.4341600,10786,2239684,401567.2904800
1728676800000,2024-10-11 20:00:00,0.1806800,0.1839500,0.1805700,0.1825700,4682000,1728691199999,2024-10-11 23:59:59,853810.4090500,9384,2170561,395978.1539200
1728691200000,2024-10-12 00:00:00,0.1824700,0.1845000,0.1804300,0.1811900,4167077,1728705599999,2024-10-12 03:59:59,761390.2558400,8759,1711825,313184.3743900
1728705600000,2024-10-12 04:00:00,0.1811700,0.1867800,0.1811700,0.1863500,4180915,1728719999999,2024-10-12 07:59:59,772293.0455700,9181,2351658,434268.8100700
1728720000000,2024-10-12 08:00:00,0.1862900,0.1894200,0.1858200,0.1862700,5008727,1728734399999,2024-10-12 11:59:59,939114.1448000,9523,2399911,450005.0624000
1728734400000,2024-10-12 12:00:00,0.1862500,0.1886000,0.1854500,0.1867200,2933227,1728748799999,2024-10-12 15:59:59,548833.3226200,7609,1351222,253090.0519800
1728748800000,2024-10-12 16:00:00,0.1867200,0.1882700,0.1847900,0.1854400,2300146,1728763199999,2024-10-12 19:59:59,428926.3986100,6121,1017691,190186.1456000
1728763200000,2024-10-12 20:00:00,0.1854200,0.1863800,0.1838000,0.1839900,2137948,1728777599999,2024-10-12 23:59:59,396123.0356600,5403,836393,154990.9522300
1728777600000,2024-10-13 00:00:00,0.1840600,0.1849000,0.1812700,0.1816300,2990301,1728791999999,2024-10-13 03:59:59,547069.8328400,7008,1272077,232881.4437500
1728792000000,2024-10-13 04:00:00,0.1815900,0.1844500,0.1814500,0.1844100,2445431,1728806399999,2024-10-13 07:59:59,447547.4374000,5347,1490840,272927.5952800
1728806400000,2024-10-13 08:00:00,0.1844100,0.1854800,0.1800600,0.1803300,3758634,1728820799999,2024-10-13 11:59:59,687820.2298000,7795,1617090,295828.9889000
1728820800000,2024-10-13 12:00:00,0.1803100,0.1825400,0.1750600,0.1760200,3765930,1728835199999,2024-10-13 15:59:59,673701.1198400,9164,1601669,287131.9760200
1728835200000,2024-10-13 16:00:00,0.1759800,0.1801400,0.1753800,0.1775400,2699185,1728849599999,2024-10-13 19:59:59,479603.4076700,7085,1590343,282577.1209700
1728849600000,2024-10-13 20:00:00,0.1775600,0.1861100,0.1769100,0.1834900,3959103,1728863999999,2024-10-13 23:59:59,720731.0027000,9737,2173521,395890.9110900
1728864000000,2024-10-14 00:00:00,0.1835500,0.1906700,0.1810000,0.1904200,4137554,1728878399999,2024-10-14 03:59:59,770111.5128900,12207,2337056,435631.8294500
1728878400000,2024-10-14 04:00:00,0.1903500,0.1919900,0.1864300,0.1908500,4086542,1728892799999,2024-10-14 07:59:59,775004.8637800,10859,1883457,357525.4068100
1728892800000,2024-10-14 08:00:00,0.1907400,0.1914100,0.1876800,0.1905400,3553175,1728907199999,2024-10-14 11:59:59,673494.1689300,8697,1717064,325563.4772300
1728907200000,2024-10-14 12:00:00,0.1906100,0.1935800,0.1896700,0.1928600,6176278,1728921599999,2024-10-14 15:59:59,1185189.0910000,14155,3043998,584253.5948500
1728921600000,2024-10-14 16:00:00,0.1928700,0.1941900,0.1908400,0.1924200,4324005,1728935999999,2024-10-14 19:59:59,833747.5968800,11131,2050406,395585.9278900
1728936000000,2024-10-14 20:00:00,0.1924300,0.1952800,0.1922100,0.1930600,3090682,1728950399999,2024-10-14 23:59:59,598218.3650700,8159,1477623,286143.2603800
1728950400000,2024-10-15 00:00:00,0.1931000,0.1940200,0.1894600,0.1895500,3262969,1728964799999,2024-10-15 03:59:59,627130.4038300,9025,1407495,270916.5887000
1728964800000,2024-10-15 04:00:00,0.1895100,0.1928400,0.1879900,0.1907300,2905890,1728979199999,2024-10-15 07:59:59,553187.8331200,8369,1282011,244115.9555500
1728979200000,2024-10-15 08:00:00,0.1907000,0.1941600,0.1831000,0.1838900,7211161,1728993599999,2024-10-15 11:59:59,1362675.2192900,16261,3088408,584947.9521800
1728993600000,2024-10-15 12:00:00,0.1839300,0.1933600,0.1794800,0.1849200,13306822,1729007999999,2024-10-15 15:59:59,2470495.8981600,29360,6538254,1215846.4732300
1729008000000,2024-10-15 16:00:00,0.1849700,0.1903800,0.1848400,0.1877900,5038628,1729022399999,2024-10-15 19:59:59,948135.4727300,11828,2362623,444852.7780500
1729022400000,2024-10-15 20:00:00,0.1878800,0.1892200,0.1827800,0.1891600,2919479,1729036799999,2024-10-15 23:59:59,540807.0117600,8328,1389019,257327.5139700
1729036800000,2024-10-16 00:00:00,0.1891600,0.1902800,0.1849700,0.1866500,2559599,1729051199999,2024-10-16 03:59:59,481251.1352300,8526,1251914,235459.0283200
1729051200000,2024-10-16 04:00:00,0.1865600,0.1870100,0.1806400,0.1814700,4620848,1729065599999,2024-10-16 07:59:59,847476.9261900,10215,2309222,423671.0819300
1729065600000,2024-10-16 08:00:00,0.1814800,0.1852500,0.1810000,0.1830000,4013502,1729079999999,2024-10-16 11:59:59,734165.0346000,11269,2023339,370108.3378100
1729080000000,2024-10-16 12:00:00,0.1829000,0.1846900,0.1780200,0.1787400,7913465,1729094399999,2024-10-16 15:59:59,1428537.4021500,16991,3485690,630279.2425000
1729094400000,2024-10-16 16:00:00,0.1787800,0.1790500,0.1752500,0.1774700,4764811,1729108799999,2024-10-16 19:59:59,844000.0398200,12912,2224476,394131.5062500
1729108800000,2024-10-16 20:00:00,0.1774300,0.1808100,0.1774200,0.1783500,2745059,1729123199999,2024-10-16 23:59:59,492144.7887900,9455,1331004,238679.9535300
1729123200000,2024-10-17 00:00:00,0.1783400,0.1814700,0.1774100,0.1788100,2341536,1729137599999,2024-10-17 03:59:59,420163.5409300,9051,1151014,206554.1907600
1729137600000,2024-10-17 04:00:00,0.1786700,0.1793000,0.1747400,0.1764900,2916236,1729151999999,2024-10-17 07:59:59,515352.5884600,9384,1328272,234838.7083100
1729152000000,2024-10-17 08:00:00,0.1764900,0.1777000,0.1706600,0.1710400,4382492,1729166399999,2024-10-17 11:59:59,763793.5001100,11896,1779092,310497.8912500
1729166400000,2024-10-17 12:00:00,0.1709700,0.1765700,0.1701600,0.1760300,4337944,1729180799999,2024-10-17 15:59:59,754639.0381800,11805,2385531,415359.5424800
1729180800000,2024-10-17 16:00:00,0.1759700,0.1760200,0.1681000,0.1704100,5234815,1729195199999,2024-10-17 19:59:59,897642.3887600,12482,2382297,408618.1535500
1729195200000,2024-10-17 20:00:00,0.1704100,0.1735600,0.1703500,0.1735100,2487542,1729209599999,2024-10-17 23:59:59,428095.6073700,7476,1188245,204534.8082000
1729209600000,2024-10-18 00:00:00,0.1734700,0.1782600,0.1727400,0.1752400,3999418,1729223999999,2024-10-18 03:59:59,702085.2219100,10224,2081435,365301.7219400
1729224000000,2024-10-18 04:00:00,0.1751700,0.1776000,0.1740300,0.1775500,2594281,1729238399999,2024-10-18 07:59:59,456767.1719500,7124,1393813,245450.8932200
1729238400000,2024-10-18 08:00:00,0.1775300,0.1783000,0.1765500,0.1766800,1247638,1729252799999,2024-10-18 11:59:59,221399.3179800,5207,538741,95621.5161800
1729252800000,2024-10-18 12:00:00,0.1766200,0.1789500,0.1744800,0.1778800,3829282,1729267199999,2024-10-18 15:59:59,677201.9765700,9399,1991724,352505.0697200
1729267200000,2024-10-18 16:00:00,0.1779700,0.1813200,0.1763300,0.1792500,2316485,1729281599999,2024-10-18 19:59:59,415597.0169000,6644,1288744,231174.7403700
1729281600000,2024-10-18 20:00:00,0.1790100,0.1812100,0.1779000,0.1812100,1311878,1729295999999,2024-10-18 23:59:59,235102.9235400,4291,660646,118414.1966700
1729296000000,2024-10-19 00:00:00,0.1812000,0.1837900,0.1805900,0.1807000,2812621,1729310399999,2024-10-19 03:59:59,512194.5249200,8027,1392282,253526.4451400
1729310400000,2024-10-19 04:00:00,0.1806700,0.1813800,0.1791400,0.1792500,1922616,1729324799999,2024-10-19 07:59:59,346231.5249600,5591,1003792,180782.1952500
1729324800000,2024-10-19 08:00:00,0.1793600,0.1803800,0.1746000,0.1752100,4065934,1729339199999,2024-10-19 11:59:59,721559.1502400,8382,1736828,308651.3582300
1729339200000,2024-10-19 12:00:00,0.1751100,0.1785700,0.1750500,0.1776500,4104097,1729353599999,2024-10-19 15:59:59,727028.7890100,8020,2314094,410033.7918400
1729353600000,2024-10-19 16:00:00,0.1776700,0.1777300,0.1744800,0.1747800,2387048,1729367999999,2024-10-19 19:59:59,419794.5823600,6989,1009506,177529.9526100
1729368000000,2024-10-19 20:00:00,0.1747000,0.1792700,0.1745800,0.1780600,1837688,1729382399999,2024-10-19 23:59:59,325120.1322000,5970,1070081,189204.4729300
1729382400000,2024-10-20 00:00:00,0.1780200,0.1796600,0.1749300,0.1761200,1805659,1729396799999,2024-10-20 03:59:59,319569.1332400,5827,776215,137324.2552200
1729396800000,2024-10-20 04:00:00,0.1761400,0.1825300,0.1758200,0.1815000,4996797,1729411199999,2024-10-20 07:59:59,900004.6417200,12809,2791097,502645.0342600
1729411200000,2024-10-20 08:00:00,0.1815000,0.1850000,0.1806400,0.1839900,4843318,1729425599999,2024-10-20 11:59:59,886906.7386700,12082,2503228,458583.2226700
1729425600000,2024-10-20 12:00:00,0.1840100,0.1913000,0.1839900,0.1912300,12329422,1729439999999,2024-10-20 15:59:59,2313559.2946900,28230,5992428,1124676.1243600
1729440000000,2024-10-20 16:00:00,0.1912400,0.1955000,0.1754400,0.1883100,22352793,1729454399999,2024-10-20 19:59:59,4288688.0027700,32882,9092905,1749021.2443800
1729454400000,2024-10-20 20:00:00,0.1883100,0.1945500,0.1865800,0.1939100,18110105,1729468799999,2024-10-20 23:59:59,3435119.6454600,32834,9049226,1717535.5704300
1729468800000,2024-10-21 00:00:00,0.1939100,0.1958600,0.1923600,0.1938000,8105109,1729483199999,2024-10-21 03:59:59,1574178.7979000,19367,3734033,725469.3428600
1729483200000,2024-10-21 04:00:00,0.1937700,0.1969900,0.1912100,0.1914200,6516154,1729497599999,2024-10-21 07:59:59,1265010.6428300,15708,2632217,511279.7411400
1729497600000,2024-10-21 08:00:00,0.1914100,0.1921800,0.1856900,0.1868900,7488750,1729511999999,2024-10-21 11:59:59,1411132.3768600,16011,3084962,581266.1547700
1729512000000,2024-10-21 12:00:00,0.1869600,0.1882800,0.1811800,0.1831600,7072655,1729526399999,2024-10-21 15:59:59,1300333.3836600,16304,2903547,533717.7002200
1729526400000,2024-10-21 16:00:00,0.1831300,0.1864400,0.1793400,0.1857800,5462012,1729540799999,2024-10-21 19:59:59,998115.0528600,13560,3030983,554704.4511000
1729540800000,2024-10-21 20:00:00,0.1857600,0.1858300,0.1809800,0.1810700,2658172,1729555199999,2024-10-21 23:59:59,487527.1168900,7053,1042135,191417.1211300
1729555200000,2024-10-22 00:00:00,0.1810900,0.1836100,0.1786800,0.1833000,3910724,1729569599999,2024-10-22 03:59:59,709799.7512400,10555,1901876,345309.0539800
1729569600000,2024-10-22 04:00:00,0.1832700,0.1865300,0.1817700,0.1820600,4202948,1729583999999,2024-10-22 07:59:59,773617.3539300,10573,2047600,376929.1117800
1729584000000,2024-10-22 08:00:00,0.1820300,0.1824000,0.1756300,0.1784000,6142645,1729598399999,2024-10-22 11:59:59,1095422.1011400,14316,2874198,512599.4262100
1729598400000,2024-10-22 12:00:00,0.1783500,0.1809800,0.1756800,0.1792600,5603764,1729612799999,2024-10-22 15:59:59,1001072.3080500,14704,2886072,515716.2057100
1729612800000,2024-10-22 16:00:00,0.1792700,0.1809500,0.1749600,0.1798500,3892568,1729627199999,2024-10-22 19:59:59,694068.4248000,10727,1787175,318727.6618600
1729627200000,2024-10-22 20:00:00,0.1797500,0.1828400,0.1789000,0.1803200,3077464,1729641599999,2024-10-22 23:59:59,556083.0533100,8143,1466974,265107.4829000
1729641600000,2024-10-23 00:00:00,0.1802900,0.1807400,0.1762900,0.1771800,1904290,1729655999999,2024-10-23 03:59:59,340218.5968600,6489,811335,145053.5603700
1729656000000,2024-10-23 04:00:00,0.1770800,0.1780300,0.1733300,0.1740200,3192625,1729670399999,2024-10-23 07:59:59,561565.2747100,8774,1450681,255532.1653700
1729670400000,2024-10-23 08:00:00,0.1739900,0.1754600,0.1717900,0.1721500,3895394,1729684799999,2024-10-23 11:59:59,675864.6896700,10902,2091615,362931.7057700
1729684800000,2024-10-23 12:00:00,0.1722500,0.1748000,0.1690700,0.1708300,4032824,1729699199999,2024-10-23 15:59:59,693908.2336700,11289,2159186,371669.9993800
1729699200000,2024-10-23 16:00:00,0.1708500,0.1710500,0.1634600,0.1693900,8120897,1729713599999,2024-10-23 19:59:59,1355052.0467000,19174,3754500,626876.5455800
1729713600000,2024-10-23 20:00:00,0.1693700,0.1712000,0.1686200,0.1708600,2156472,1729727999999,2024-10-23 23:59:59,366166.7758900,7398,1093305,185698.8097800
1729728000000,2024-10-24 00:00:00,0.1708200,0.1742400,0.1694000,0.1729500,3580656,1729742399999,2024-10-24 03:59:59,617638.0101000,10554,1777729,306719.8561400
1729742400000,2024-10-24 04:00:00,0.1728900,0.1836600,0.1728000,0.1782300,22564507,1729756799999,2024-10-24 07:59:59,4059357.6557800,48424,11612520,2086709.3208000
1729756800000,2024-10-24 08:00:00,0.1782300,0.1838400,0.1732200,0.1758400,22304310,1729771199999,2024-10-24 11:59:59,3941766.9463700,42197,12016471,2122717.5576300
1729771200000,2024-10-24 12:00:00,0.1758700,0.1782400,0.1727100,0.1768200,20467623,1729785599999,2024-10-24 15:59:59,3591901.4271500,40374,9941774,1744974.3880600
1729785600000,2024-10-24 16:00:00,0.1768000,0.1784200,0.1750700,0.1774000,4941545,1729799999999,2024-10-24 19:59:59,873772.9765900,13450,2306066,407758.7604300
1729800000000,2024-10-24 20:00:00,0.1773700,0.1775600,0.1712200,0.1721800,10060314,1729814399999,2024-10-24 23:59:59,1748376.1632000,22766,4300431,746737.0073000
1729814400000,2024-10-25 00:00:00,0.1722300,0.1734300,0.1694100,0.1716800,4220453,1729828799999,2024-10-25 03:59:59,724536.3347500,12069,2093354,359585.9092900
1729828800000,2024-10-25 04:00:00,0.1717000,0.1721100,0.1679500,0.1699000,4809953,1729843199999,2024-10-25 07:59:59,814729.1074500,12085,2026749,343401.2680800
1729843200000,2024-10-25 08:00:00,0.1698800,0.1732800,0.1680400,0.1731800,4104882,1729857599999,2024-10-25 11:59:59,703884.8658500,11246,2068029,354712.0242200
1729857600000,2024-10-25 12:00:00,0.1731700,0.1738500,0.1685200,0.1695700,5081510,1729871999999,2024-10-25 15:59:59,873865.6947300,15103,2378199,409137.7276000
1729872000000,2024-10-25 16:00:00,0.1695100,0.1699200,0.1628000,0.1651300,8388438,1729886399999,2024-10-25 19:59:59,1395655.5120900,20025,3804110,633342.5957800
1729886400000,2024-10-25 20:00:00,0.1650100,0.1662900,0.1447000,0.1516900,24025201,1729900799999,2024-10-25 23:59:59,3681669.5997400,35120,10886258,1666608.8270800
1729900800000,2024-10-26 00:00:00,0.1516600,0.1533800,0.1462300,0.1521800,10406070,1729915199999,2024-10-26 03:59:59,1555846.7780000,19502,5447805,814981.0781200
1729915200000,2024-10-26 04:00:00,0.1522200,0.1540900,0.1514600,0.1522500,4419927,1729929599999,2024-10-26 07:59:59,675535.0649700,9988,2430311,371639.3520200
1729929600000,2024-10-26 08:00:00,0.1522000,0.1543800,0.1519300,0.1530100,4851610,1729943999999,2024-10-26 11:59:59,743941.7483000,11599,2555777,391956.6747200
1729944000000,2024-10-26 12:00:00,0.1530000,0.1539700,0.1475400,0.1493300,6862197,1729958399999,2024-10-26 15:59:59,1034827.1798500,18212,3077582,464040.6181900
1729958400000,2024-10-26 16:00:00,0.1493100,0.1539500,0.1485100,0.1533800,3102789,1729972799999,2024-10-26 19:59:59,470361.4190700,11667,1664748,252431.7268400
1729972800000,2024-10-26 20:00:00,0.1533700,0.1591400,0.1531100,0.1549800,16846904,1729987199999,2024-10-26 23:59:59,2645242.5996300,26235,8544675,1342010.8325700
1729987200000,2024-10-27 00:00:00,0.1549900,0.1628300,0.1532900,0.1603200,22878560,1730001599999,2024-10-27 03:59:59,3631431.4465300,40416,11055692,1755344.4053500
1730001600000,2024-10-27 04:00:00,0.1603700,0.1604300,0.1560400,0.1563900,7880497,1730015999999,2024-10-27 07:59:59,1249374.0849800,16874,3832762,608152.7920900
1730016000000,2024-10-27 08:00:00,0.1563100,0.1618600,0.1550200,0.1567300,17369124,1730030399999,2024-10-27 11:59:59,2746985.7807100,27294,9150321,1447346.2602900
1730030400000,2024-10-27 12:00:00,0.1567400,0.1628400,0.1558200,0.1590100,38888369,1730044799999,2024-10-27 15:59:59,6189565.1721700,50353,20688397,3296007.3248700
1730044800000,2024-10-27 16:00:00,0.1590400,0.1601500,0.1523600,0.1536300,25499707,1730059199999,2024-10-27 19:59:59,3959478.4582000,28009,12526253,1945505.7364900
1730059200000,2024-10-27 20:00:00,0.1536200,0.1590900,0.1534500,0.1567900,5577949,1730073599999,2024-10-27 23:59:59,871916.3373600,11625,3255886,508776.6546300
1730073600000,2024-10-28 00:00:00,0.1568100,0.1577500,0.1512000,0.1514600,4478744,1730087999999,2024-10-28 03:59:59,692112.9810000,12317,1977365,306189.6628800
1730088000000,2024-10-28 04:00:00,0.1513900,0.1551300,0.1490600,0.1533900,7388840,1730102399999,2024-10-28 07:59:59,1124216.0160400,15152,3449625,525782.9885000
1730102400000,2024-10-28 08:00:00,0.1533800,0.1546700,0.1525200,0.1532400,3659500,1730116799999,2024-10-28 11:59:59,561922.7134800,8950,1933772,297109.1621200
1730116800000,2024-10-28 12:00:00,0.1531800,0.1533900,0.1480100,0.1480400,8002939,1730131199999,2024-10-28 15:59:59,1208292.7618700,16621,3818277,576974.5353300
1730131200000,2024-10-28 16:00:00,0.1480300,0.1513600,0.1456300,0.1496300,6738506,1730145599999,2024-10-28 19:59:59,1002853.3031000,16601,3363754,500911.9167500
1730145600000,2024-10-28 20:00:00,0.1512500,0.1570500,0.1510100,0.1547600,6193764,1730159999999,2024-10-28 23:59:59,960287.4193800,10522,3314672,514093.8396800
1730160000000,2024-10-29 00:00:00,0.1547900,0.1599900,0.1541100,0.1590200,4638586,1730174399999,2024-10-29 03:59:59,731982.6375800,13149,2242085,353752.3333500
1730174400000,2024-10-29 04:00:00,0.1590800,0.1612800,0.1579400,0.1599000,7904477,1730188799999,2024-10-29 07:59:59,1261550.1394300,15903,4337759,692438.9937000
1730188800000,2024-10-29 08:00:00,0.1598900,0.1618900,0.1591800,0.1595400,4736325,1730203199999,2024-10-29 11:59:59,759904.4677900,10122,2090554,335578.5939200
1730203200000,2024-10-29 12:00:00,0.1595900,0.1625000,0.1593500,0.1624200,6071450,1730217599999,2024-10-29 15:59:59,977520.2009600,12966,2986196,481011.7082200
1730217600000,2024-10-29 16:00:00,0.1623300,0.1684000,0.1617300,0.1622600,10757781,1730231999999,2024-10-29 19:59:59,1772892.0386200,24176,4658211,767850.8154100
1730232000000,2024-10-29 20:00:00,0.1623100,0.1654700,0.1608800,0.1647300,4421199,1730246399999,2024-10-29 23:59:59,721239.8709000,10880,2038573,332814.9770900
1730246400000,2024-10-30 00:00:00,0.1647200,0.1675300,0.1622500,0.1656500,6231410,1730260799999,2024-10-30 03:59:59,1027164.6196700,14212,3257974,537439.8388200
1730260800000,2024-10-30 04:00:00,0.1656100,0.1656300,0.1626300,0.1627300,3633695,1730275199999,2024-10-30 07:59:59,596085.7568000,8277,1676482,275114.2405800
1730275200000,2024-10-30 08:00:00,0.1627900,0.1638700,0.1600000,0.1600600,3979471,1730289599999,2024-10-30 11:59:59,645645.2896100,9881,1814803,294716.2300300
1730289600000,2024-10-30 12:00:00,0.1601500,0.1647300,0.1590800,0.1621500,6579050,1730303999999,2024-10-30 15:59:59,1064852.4000600,15528,3202058,518632.2952400
1730304000000,2024-10-30 16:00:00,0.1621400,0.1636100,0.1603300,0.1608400,4684739,1730318399999,2024-10-30 19:59:59,756606.4902100,10300,2143912,346335.7245400
1730318400000,2024-10-30 20:00:00,0.1607700,0.1636200,0.1602000,0.1616400,3377252,1730332799999,2024-10-30 23:59:59,546728.1296500,9028,1766650,286069.2506900
1730332800000,2024-10-31 00:00:00,0.1616600,0.1629200,0.1573100,0.1599300,14432646,1730347199999,2024-10-31 03:59:59,2313879.1857200,21223,8268472,1327096.6210600
1730347200000,2024-10-31 04:00:00,0.1599500,0.1604600,0.1571100,0.1583400,11528683,1730361599999,2024-10-31 07:59:59,1832596.8742000,19678,5317923,846237.4780200
1730361600000,2024-10-31 08:00:00,0.1583600,0.1584000,0.1534300,0.1547500,9044016,1730375999999,2024-10-31 11:59:59,1404231.3288000,16256,3970456,616130.4898100
1730376000000,2024-10-31 12:00:00,0.1547000,0.1563900,0.1503700,0.1526200,54761141,1730390399999,2024-10-31 15:59:59,8382730.8220400,58547,27929628,4279849.2260700
1730390400000,2024-10-31 16:00:00,0.1526500,0.1530200,0.1481400,0.1488400,8259689,1730404799999,2024-10-31 19:59:59,1245198.3753300,16137,3859954,581762.9897000
1730404800000,2024-10-31 20:00:00,0.1488200,0.1521500,0.1485800,0.1511400,4246572,1730419199999,2024-10-31 23:59:59,640040.1721700,10029,2327113,350861.6988900
1730419200000,2024-11-01 00:00:00,0.1511500,0.1517500,0.1466100,0.1495200,5127282,1730433599999,2024-11-01 03:59:59,766994.1230200,11909,2267374,339567.2782200
1730433600000,2024-11-01 04:00:00,0.1495400,0.1503000,0.1454300,0.1461000,5090685,1730447999999,2024-11-01 07:59:59,752137.3964500,11286,2123282,314242.7330000
1730448000000,2024-11-01 08:00:00,0.1461300,0.1503700,0.1459100,0.1495800,4397697,1730462399999,2024-11-01 11:59:59,651310.5158300,10465,2332983,345802.3611300
1730462400000,2024-11-01 12:00:00,0.1495700,0.1541900,0.1442200,0.1456700,12876033,1730476799999,2024-11-01 15:59:59,1937799.4842500,24383,5658089,851922.8498600
1730476800000,2024-11-01 16:00:00,0.1456700,0.1483900,0.1446100,0.1450200,8876531,1730491199999,2024-11-01 19:59:59,1301391.5228300,19569,4505706,661185.8471200
1730491200000,2024-11-01 20:00:00,0.1450200,0.1462800,0.1402100,0.1435400,7051076,1730505599999,2024-11-01 23:59:59,1008127.6065300,14952,2943141,421430.0009600
1730505600000,2024-11-02 00:00:00,0.1436000,0.1457400,0.1431900,0.1434300,3663858,1730519999999,2024-11-02 03:59:59,529723.6956500,8421,1736861,251127.9657300
1730520000000,2024-11-02 04:00:00,0.1434400,0.1440200,0.1424300,0.1438200,2803944,1730534399999,2024-11-02 07:59:59,401795.4252600,7375,1398312,200400.4800900
1730534400000,2024-11-02 08:00:00,0.1437900,0.1451300,0.1432700,0.1450700,3999582,1730548799999,2024-11-02 11:59:59,575824.3830800,9094,2106697,303408.3284300
1730548800000,2024-11-02 12:00:00,0.1450100,0.1450200,0.1386400,0.1406000,10281729,1730563199999,2024-11-02 15:59:59,1455953.6157100,21448,4874651,689487.7514000
1730563200000,2024-11-02 16:00:00,0.1405700,0.1414200,0.1381000,0.1403200,4607084,1730577599999,2024-11-02 19:59:59,644348.7941700,10424,2420704,338745.2858200
1730577600000,2024-11-02 20:00:00,0.1402900,0.1419500,0.1399200,0.1410500,2447541,1730591999999,2024-11-02 23:59:59,344826.6649600,6241,1302177,183525.1473300
1730592000000,2024-11-03 00:00:00,0.1410400,0.1416400,0.1331400,0.1358400,8438369,1730606399999,2024-11-03 03:59:59,1155224.8550700,20310,3379705,462646.6424500
1730606400000,2024-11-03 04:00:00,0.1358600,0.1387100,0.1358200,0.1375900,4534743,1730620799999,2024-11-03 07:59:59,622710.3284700,10058,2185711,300348.2324800
1730620800000,2024-11-03 08:00:00,0.1375800,0.1410400,0.1352800,0.1357200,20621789,1730635199999,2024-11-03 11:59:59,2849371.9858500,29523,10256338,1418807.8625800
1730635200000,2024-11-03 12:00:00,0.1357600,0.1367700,0.1264000,0.1287700,25356759,1730649599999,2024-11-03 15:59:59,3327845.7133100,37657,12065814,1583285.6032600
1730649600000,2024-11-03 16:00:00,0.1287500,0.1447900,0.1250000,0.1335600,133849623,1730663999999,2024-11-03 19:59:59,18031387.4036900,159684,67173050,9046402.8747000
1730664000000,2024-11-03 20:00:00,0.1335600,0.1369300,0.1325600,0.1343900,22076517,1730678399999,2024-11-03 23:59:59,2968296.0535600,28858,10435364,1404000.2448200
1730678400000,2024-11-04 00:00:00,0.1343500,0.1368200,0.1323900,0.1342900,13458666,1730692799999,2024-11-04 03:59:59,1810967.0489200,23166,6378835,858643.8389500
1730692800000,2024-11-04 04:00:00,0.1343500,0.1354200,0.1317000,0.1320400,7782051,1730707199999,2024-11-04 07:59:59,1038708.6959300,16187,3791502,506428.5794600
1730707200000,2024-11-04 08:00:00,0.1320200,0.1378800,0.1312500,0.1368300,15919444,1730721599999,2024-11-04 11:59:59,2150298.4690400,31157,7640330,1031919.7138800
1730721600000,2024-11-04 12:00:00,0.1368800,0.1381400,0.1334100,0.1337900,11310672,1730735999999,2024-11-04 15:59:59,1535205.9416400,26675,5486535,744497.9707800
1730736000000,2024-11-04 16:00:00,0.1337700,0.1344700,0.1306600,0.1322500,12847802,1730750399999,2024-11-04 19:59:59,1700905.6001500,24924,6179546,818193.1236500
1730750400000,2024-11-04 20:00:00,0.1322200,0.1322800,0.1260000,0.1302600,13870742,1730764799999,2024-11-04 23:59:59,1790931.4100800,30604,7156356,924140.5645300
1730764800000,2024-11-05 00:00:00,0.1302600,0.1328600,0.1301600,0.1320700,8209350,1730779199999,2024-11-05 03:59:59,1081373.1386600,21301,3966335,522451.4786700
1730779200000,2024-11-05 04:00:00,0.1320500,0.1347500,0.1317600,0.1340600,6118837,1730793599999,2024-11-05 07:59:59,816378.7036100,15046,3216023,429092.4191000
1730793600000,2024-11-05 08:00:00,0.1340800,0.1351600,0.1329600,0.1345000,5128319,1730807999999,2024-11-05 11:59:59,686857.9083700,13500,2521791,337753.0347900
1730808000000,2024-11-05 12:00:00,0.1344600,0.1390100,0.1337400,0.1370100,12263728,1730822399999,2024-11-05 15:59:59,1675892.9549700,27406,5817297,795104.7838800
1730822400000,2024-11-05 16:00:00,0.1370200,0.1405900,0.1364900,0.1371500,9675263,1730836799999,2024-11-05 19:59:59,1343027.3363000,21873,4874003,676778.2100100
1730836800000,2024-11-05 20:00:00,0.1371600,0.1394500,0.1366500,0.1382300,5205421,1730851199999,2024-11-05 23:59:59,718694.3064700,15114,2471953,341372.5790100
1730851200000,2024-11-06 00:00:00,0.1382300,0.1476800,0.1379200,0.1464800,15952043,1730865599999,2024-11-06 03:59:59,2296774.1808600,37895,8146588,1172484.2166900
1730865600000,2024-11-06 04:00:00,0.1465000,0.1532500,0.1457700,0.1498900,15435132,1730879999999,2024-11-06 07:59:59,2309707.1734500,29741,8030676,1201316.1686000
1730880000000,2024-11-06 08:00:00,0.1499800,0.1521400,0.1468600,0.1512300,9396040,1730894399999,2024-11-06 11:59:59,1405794.9454300,21451,4233031,633832.0657300
1730894400000,2024-11-06 12:00:00,0.1512300,0.1548500,0.1491200,0.1535900,15812388,1730908799999,2024-11-06 15:59:59,2400102.2768900,27715,7939965,1205998.4488500
1730908800000,2024-11-06 16:00:00,0.1535900,0.1558200,0.1514300,0.1532400,15556728,1730923199999,2024-11-06 19:59:59,2382702.9889200,26776,8020270,1228859.8505200
1730923200000,2024-11-06 20:00:00,0.1532600,0.1585200,0.1528000,0.1573400,8633279,1730937599999,2024-11-06 23:59:59,1346140.8172200,15524,4806903,749693.8557500
1730937600000,2024-11-07 00:00:00,0.1572900,0.1643800,0.1572600,0.1628100,11838700,1730951999999,2024-11-07 03:59:59,1908401.1869900,22554,6057258,976450.9156400
1730952000000,2024-11-07 04:00:00,0.1628900,0.1632800,0.1553100,0.1570700,10229396,1730966399999,2024-11-07 07:59:59,1625862.8851200,17021,3794173,602503.1717200
1730966400000,2024-11-07 08:00:00,0.1570800,0.1607500,0.1567100,0.1574800,18115652,1730980799999,2024-11-07 11:59:59,2880820.9095800,28039,9849021,1567954.1710000
1730980800000,2024-11-07 12:00:00,0.1574700,0.1599800,0.1538500,0.1581900,21229668,1730995199999,2024-11-07 15:59:59,3333949.8212800,34740,9381561,1475041.6236300
1730995200000,2024-11-07 16:00:00,0.1581400,0.1728500,0.1581300,0.1630500,147826370,1731009599999,2024-11-07 19:59:59,24611873.6434500,164815,75239246,12525713.2360000
1731009600000,2024-11-07 20:00:00,0.1630600,0.1704700,0.1600000,0.1654400,38230163,1731023999999,2024-11-07 23:59:59,6311973.9743600,48041,20316992,3358452.0780700
1731024000000,2024-11-08 00:00:00,0.1654200,0.1662400,0.1590800,0.1607600,10008275,1731038399999,2024-11-08 03:59:59,1630926.5448000,20240,4742989,773171.3490600
1731038400000,2024-11-08 04:00:00,0.1607200,0.1620500,0.1584900,0.1599000,6388558,1731052799999,2024-11-08 07:59:59,1026004.7911500,12641,3045661,488917.4113800
1731052800000,2024-11-08 08:00:00,0.1598400,0.1620500,0.1581800,0.1613900,6616212,1731067199999,2024-11-08 11:59:59,1057397.5787800,12754,3602937,575989.3024800
1731067200000,2024-11-08 12:00:00,0.1614500,0.1659900,0.1594500,0.1618400,10813117,1731081599999,2024-11-08 15:59:59,1756152.7103600,21923,5204010,845096.7740000
1731081600000,2024-11-08 16:00:00,0.1618400,0.1633000,0.1575600,0.1622900,9450942,1731095999999,2024-11-08 19:59:59,1514268.3517500,18543,4550902,729236.7347200
1731096000000,2024-11-08 20:00:00,0.1622000,0.1654400,0.1599100,0.1650600,5565024,1731110399999,2024-11-08 23:59:59,903776.2036800,12501,2684406,436083.8574200
1731110400000,2024-11-09 00:00:00,0.1650900,0.1678000,0.1632800,0.1648200,8208986,1731124799999,2024-11-09 03:59:59,1357170.1861000,18317,3847440,636229.0077700
1731124800000,2024-11-09 04:00:00,0.1647500,0.1728200,0.1647400,0.1705100,8196418,1731139199999,2024-11-09 07:59:59,1387605.2500600,17687,3879378,657158.4949600
1731139200000,2024-11-09 08:00:00,0.1704500,0.1764800,0.1688500,0.1725500,28669810,1731153599999,2024-11-09 11:59:59,4950330.6601600,41851,14532517,2508816.2770100
1731153600000,2024-11-09 12:00:00,0.1726000,0.1734400,0.1680900,0.1718200,9321666,1731167999999,2024-11-09 15:59:59,1589262.1379300,17617,4131335,704599.7791700
1731168000000,2024-11-09 16:00:00,0.1718200,0.1758000,0.1671900,0.1740200,9498931,1731182399999,2024-11-09 19:59:59,1636267.4873300,18040,4313371,743822.9482700
1731182400000,2024-11-09 20:00:00,0.1739600,0.1782100,0.1724400,0.1772700,5504279,1731196799999,2024-11-09 23:59:59,967437.5678200,12163,2410112,423668.0008000
1731196800000,2024-11-10 00:00:00,0.1772300,0.1779700,0.1741300,0.1767700,4946968,1731211199999,2024-11-10 03:59:59,871359.5915000,11579,2338123,412024.5149400
1731211200000,2024-11-10 04:00:00,0.1767800,0.1835600,0.1761600,0.1819000,11224379,1731225599999,2024-11-10 07:59:59,2014398.7995200,20431,5790529,1040590.5583800
1731225600000,2024-11-10 08:00:00,0.1819300,0.1865100,0.1814800,0.1853900,7362128,1731239999999,2024-11-10 11:59:59,1351281.9839000,14679,3586703,658696.9160300
1731240000000,2024-11-10 12:00:00,0.1854500,0.1888400,0.1822300,0.1876600,10482478,1731254399999,2024-11-10 15:59:59,1945249.0224200,20547,4717306,876059.8872800
1731254400000,2024-11-10 16:00:00,0.1877500,0.1920500,0.1814800,0.1846700,10061508,1731268799999,2024-11-10 19:59:59,1888042.4437200,18877,3904926,734118.0690700
1731268800000,2024-11-10 20:00:00,0.1846500,0.1855600,0.1722700,0.1830900,16139282,1731283199999,2024-11-10 23:59:59,2899844.7066200,26607,7629423,1372292.1356100
1731283200000,2024-11-11 00:00:00,0.1832100,0.1901000,0.1820300,0.1881000,6449458,1731297599999,2024-11-11 03:59:59,1201064.8794600,14069,3199445,596319.4574200
1731297600000,2024-11-11 04:00:00,0.1881000,0.1884000,0.1764600,0.1801700,9807149,1731311999999,2024-11-11 07:59:59,1773908.2683100,20191,4540647,821784.9310700
1731312000000,2024-11-11 08:00:00,0.1802200,0.1882700,0.1797700,0.1880400,7178631,1731326399999,2024-11-11 11:59:59,1313885.0904200,16190,3827542,700902.2889100
1731326400000,2024-11-11 12:00:00,0.1880400,0.1886300,0.1787600,0.1818700,12139853,1731340799999,2024-11-11 15:59:59,2218448.7907500,20439,5457662,997107.5931700
1731340800000,2024-11-11 16:00:00,0.1819300,0.1911700,0.1818300,0.1875600,11512607,1731355199999,2024-11-11 19:59:59,2148821.7631500,19517,5806476,1083930.2977300
1731355200000,2024-11-11 20:00:00,0.1875000,0.1951100,0.1857200,0.1940800,13070611,1731369599999,2024-11-11 23:59:59,2484648.4535700,22655,6237533,1186873.4029900
1731369600000,2024-11-12 00:00:00,0.1941600,0.1943600,0.1857800,0.1921100,9579808,1731383999999,2024-11-12 03:59:59,1826397.2956300,21579,4690595,894609.5116700
1731384000000,2024-11-12 04:00:00,0.1919800,0.1927400,0.1870500,0.1910100,9873273,1731398399999,2024-11-12 07:59:59,1874522.5153800,17811,4707025,893836.7764100
1731398400000,2024-11-12 08:00:00,0.1910200,0.1947400,0.1685200,0.1765500,26759418,1731412799999,2024-11-12 11:59:59,4811809.1794400,38694,12162897,2187842.4554800
1731412800000,2024-11-12 12:00:00,0.1764600,0.1783700,0.1690200,0.1730000,17579642,1731427199999,2024-11-12 15:59:59,3057768.9561000,29121,8714942,1516812.9815100
1731427200000,2024-11-12 16:00:00,0.1729600,0.1796400,0.1689500,0.1782600,10184099,1731441599999,2024-11-12 19:59:59,1774212.5785200,19192,4859768,847105.4139900
1731441600000,2024-11-12 20:00:00,0.1783200,0.1828800,0.1741700,0.1796600,7952453,1731455999999,2024-11-12 23:59:59,1413187.5991300,15541,3806323,676989.5455000
1731456000000,2024-11-13 00:00:00,0.1796000,0.1810300,0.1677300,0.1678300,10843141,1731470399999,2024-11-13 03:59:59,1891025.8079800,23716,4987968,870406.6257800
1731470400000,2024-11-13 04:00:00,0.1679100,0.1714100,0.1609000,0.1667700,12902204,1731484799999,2024-11-13 07:59:59,2131921.5220900,26138,6420390,1062387.5309900
1731484800000,2024-11-13 08:00:00,0.1667800,0.1701800,0.1646100,0.1669200,7107836,1731499199999,2024-11-13 11:59:59,1187404.2637500,17281,3395470,567387.8042000
1731499200000,2024-11-13 12:00:00,0.1668500,0.1752400,0.1647000,0.1751700,18659195,1731513599999,2024-11-13 15:59:59,3191544.7472700,30724,9347488,1599278.8438000
1731513600000,2024-11-13 16:00:00,0.1750500,0.1773000,0.1660000,0.1663800,12089847,1731527999999,2024-11-13 19:59:59,2084788.9957800,25775,5332962,921260.8219300
1731528000000,2024-11-13 20:00:00,0.1663700,0.1689300,0.1609900,0.1680200,12357141,1731542399999,2024-11-13 23:59:59,2040108.5582800,23730,6059821,1000869.3427500
1731542400000,2024-11-14 00:00:00,0.1679600,0.1702200,0.1638300,0.1701500,7482983,1731556799999,2024-11-14 03:59:59,1249735.9449600,20084,3945387,659731.4793600
1731556800000,2024-11-14 04:00:00,0.1700700,0.1764800,0.1691400,0.1724900,8237280,1731571199999,2024-11-14 07:59:59,1418592.2668500,18066,3653820,630110.2925000
1731571200000,2024-11-14 08:00:00,0.1724800,0.1737100,0.1634500,0.1666400,7476966,1731585599999,2024-11-14 11:59:59,1264131.9865700,17289,3394765,574806.8651100
1731585600000,2024-11-14 12:00:00,0.1665800,0.1696600,0.1602600,0.1625100,12599271,1731599999999,2024-11-14 15:59:59,2080725.2253100,29358,6137111,1013585.6446300
1731600000000,2024-11-14 16:00:00,0.1624600,0.1673900,0.1608400,0.1661900,7572614,1731614399999,2024-11-14 19:59:59,1249197.9547100,17327,3711404,612552.6240200
1731614400000,2024-11-14 20:00:00,0.1661600,0.1691600,0.1594500,0.1618200,8348151,1731628799999,2024-11-14 23:59:59,1370407.8941300,21298,3811872,626968.7352900
1731628800000,2024-11-15 00:00:00,0.1618500,0.1644200,0.1593900,0.1614300,7517940,1731643199999,2024-11-15 03:59:59,1214046.2401100,17064,3480363,562179.6178300
1731643200000,2024-11-15 04:00:00,0.1613700,0.1649300,0.1574700,0.1629500,12245151,1731657599999,2024-11-15 07:59:59,1960887.6070600,18988,4833994,774636.7592600
1731657600000,2024-11-15 08:00:00,0.1629800,0.1703600,0.1611700,0.1701300,5680312,1731671999999,2024-11-15 11:59:59,949719.0154400,13534,2943921,492394.1000700
1731672000000,2024-11-15 12:00:00,0.1700500,0.1722900,0.1629400,0.1639500,10716725,1731686399999,2024-11-15 15:59:59,1797871.4218900,22946,4760883,799301.6660600
1731686400000,2024-11-15 16:00:00,0.1638800,0.1716100,0.1626000,0.1703800,7595056,1731700799999,2024-11-15 19:59:59,1273126.4797200,17666,3746011,627377.1364200
1731700800000,2024-11-15 20:00:00,0.1703600,0.1748800,0.1702900,0.1737900,3703568,1731715199999,2024-11-15 23:59:59,642058.8354400,11224,1769895,306716.2257500
1731715200000,2024-11-16 00:00:00,0.1738300,0.1758500,0.1730000,0.1754300,4329502,1731729599999,2024-11-16 03:59:59,755103.0971700,11580,1862572,325008.3332600
1731729600000,2024-11-16 04:00:00,0.1754300,0.1759100,0.1726100,0.1734700,4202690,1731743999999,2024-11-16 07:59:59,730934.7229000,11358,1897710,330233.3812400
1731744000000,2024-11-16 08:00:00,0.1734000,0.1814800,0.1733100,0.1814800,13776775,1731758399999,2024-11-16 11:59:59,2433508.7585200,25881,8035028,1420697.5794700
1731758400000,2024-11-16 12:00:00,0.1814300,0.1831700,0.1753000,0.1779600,8835150,1731772799999,2024-11-16 15:59:59,1595078.6138100,19657,3530592,637765.3591300
1731772800000,2024-11-16 16:00:00,0.1779900,0.1849400,0.1764800,0.1836000,4192953,1731787199999,2024-11-16 19:59:59,762482.2833200,12168,2062181,375208.6172100
1731787200000,2024-11-16 20:00:00,0.1835400,0.1861300,0.1820700,0.1854800,4215740,1731801599999,2024-11-16 23:59:59,777525.0290500,12729,2142684,395242.6702400
1731801600000,2024-11-17 00:00:00,0.1854700,0.1868400,0.1744400,0.1783900,6796981,1731815999999,2024-11-17 03:59:59,1223325.7908400,19103,3061752,551300.2537500
1731816000000,2024-11-17 04:00:00,0.1783800,0.1861400,0.1774800,0.1848800,4340989,1731830399999,2024-11-17 07:59:59,791065.6567600,13405,2271149,413505.3389500
1731830400000,2024-11-17 08:00:00,0.1848800,0.1890100,0.1835500,0.1838100,6152909,1731844799999,2024-11-17 11:59:59,1146111.9980400,16846,3126732,582716.4936400
1731844800000,2024-11-17 12:00:00,0.1837700,0.1895000,0.1835800,0.1854600,8143935,1731859199999,2024-11-17 15:59:59,1520247.0116500,19777,4215270,787271.3973000
1731859200000,2024-11-17 16:00:00,0.1854100,0.1855800,0.1771700,0.1796200,7529061,1731873599999,2024-11-17 19:59:59,1362832.7102300,17783,3157945,571368.6772800
1731873600000,2024-11-17 20:00:00,0.1796100,0.1808000,0.1748600,0.1777500,4878824,1731887999999,2024-11-17 23:59:59,866181.3610000,14025,2204318,391665.4845500
1731888000000,2024-11-18 00:00:00,0.1777400,0.1845800,0.1758100,0.1844700,5413664,1731902399999,2024-11-18 03:59:59,978190.5879300,14677,2756406,498217.0292100
1731902400000,2024-11-18 04:00:00,0.1844800,0.1904400,0.1818600,0.1897300,4698119,1731916799999,2024-11-18 07:59:59,870778.1716900,15742,2459846,456354.8177800
1731916800000,2024-11-18 08:00:00,0.1897700,0.1902900,0.1823700,0.1841000,5678993,1731931199999,2024-11-18 11:59:59,1056007.6817700,16897,2564373,476568.8522200
1731931200000,2024-11-18 12:00:00,0.1842700,0.1911900,0.1814600,0.1904500,8456907,1731945599999,2024-11-18 15:59:59,1573373.9642200,23370,4193243,780239.5349300
1731945600000,2024-11-18 16:00:00,0.1904400,0.1967800,0.1875900,0.1902400,9890200,1731959999999,2024-11-18 19:59:59,1903800.2357400,23754,4282057,825113.2674200
1731960000000,2024-11-18 20:00:00,0.1902000,0.1988600,0.1893100,0.1969200,7217030,1731974399999,2024-11-18 23:59:59,1409155.0310800,20640,3897117,761478.1459300
1731974400000,2024-11-19 00:00:00,0.1969200,0.1980400,0.1918100,0.1923000,4848016,1731988799999,2024-11-19 03:59:59,945076.1918000,13709,2151295,419673.7805400
1731988800000,2024-11-19 04:00:00,0.1923000,0.1933200,0.1900000,0.1919600,3517344,1732003199999,2024-11-19 07:59:59,674332.8490400,10153,1665258,319379.0032600
1732003200000,2024-11-19 08:00:00,0.1920500,0.1944500,0.1874700,0.1897000,11093408,1732017599999,2024-11-19 11:59:59,2113103.2249000,22926,5203476,993521.0072700
1732017600000,2024-11-19 12:00:00,0.1896300,0.1925100,0.1849900,0.1879700,5049022,1732031999999,2024-11-19 15:59:59,950101.3543600,14524,2297776,432703.7035300
1732032000000,2024-11-19 16:00:00,0.1879400,0.1920200,0.1863800,0.1903000,4095069,1732046399999,2024-11-19 19:59:59,774559.7853500,11324,2098347,396919.1418700
1732046400000,2024-11-19 20:00:00,0.1903700,0.1910100,0.1824900,0.1885900,5239293,1732060799999,2024-11-19 23:59:59,973478.0296900,15124,2469090,458438.4995800
1732060800000,2024-11-20 00:00:00,0.1885800,0.1887000,0.1789600,0.1833700,5759435,1732075199999,2024-11-20 03:59:59,1055309.0876600,13096,2640044,483780.5728800
1732075200000,2024-11-20 04:00:00,0.1834200,0.1862000,0.1811700,0.1836900,3745984,1732089599999,2024-11-20 07:59:59,688237.7926900,10642,1816599,333788.7672200
1732089600000,2024-11-20 08:00:00,0.1836800,0.1905900,0.1832700,0.1856800,12310930,1732103999999,2024-11-20 11:59:59,2310034.1989700,24631,6329656,1187750.0676100
1732104000000,2024-11-20 12:00:00,0.1857500,0.1871900,0.1808200,0.1847800,8666941,1732118399999,2024-11-20 15:59:59,1592740.3398600,18890,4342051,797849.1628500
1732118400000,2024-11-20 16:00:00,0.1848900,0.1861200,0.1695900,0.1719600,12550101,1732132799999,2024-11-20 19:59:59,2206645.6916300,23395,5867464,1031699.3209400
1732132800000,2024-11-20 20:00:00,0.1718600,0.1756600,0.1699100,0.1722100,4966363,1732147199999,2024-11-20 23:59:59,862317.2762200,12329,2401376,416956.6724900
1732147200000,2024-11-21 00:00:00,0.1722200,0.1743800,0.1652400,0.1684900,8440966,1732161599999,2024-11-21 03:59:59,1432634.2310800,18425,4279270,727435.1706700
1732161600000,2024-11-21 04:00:00,0.1685300,0.1767500,0.1671000,0.1751200,6593794,1732175999999,2024-11-21 07:59:59,1140636.1329600,14645,3485906,602871.7772800
1732176000000,2024-11-21 08:00:00,0.1752500,0.1765200,0.1693800,0.1730400,7295602,1732190399999,2024-11-21 11:59:59,1258467.5975700,17373,3448516,594519.8549900
1732190400000,2024-11-21 12:00:00,0.1729900,0.1924500,0.1728400,0.1863300,16813006,1732204799999,2024-11-21 15:59:59,3121966.4692700,32350,8078571,1499375.9457400
1732204800000,2024-11-21 16:00:00,0.1863700,0.1925200,0.1860500,0.1912700,9847980,1732219199999,2024-11-21 19:59:59,1865456.8358700,23919,4655239,882543.5067500
1732219200000,2024-11-21 20:00:00,0.1912800,0.1941000,0.1896500,0.1917500,6933641,1732233599999,2024-11-21 23:59:59,1331748.3117700,18287,3242539,622770.1078500
1732233600000,2024-11-22 00:00:00,0.1917700,0.1933800,0.1871900,0.1903600,5691795,1732247999999,2024-11-22 03:59:59,1079529.3801400,14735,2623473,498246.9639400
1732248000000,2024-11-22 04:00:00,0.1903500,0.1954600,0.1895800,0.1899400,6045123,1732262399999,2024-11-22 07:59:59,1164610.4457700,13867,2803879,540671.8516300
1732262400000,2024-11-22 08:00:00,0.1900100,0.1929300,0.1878000,0.1902100,7656505,1732276799999,2024-11-22 11:59:59,1459924.4067000,16668,4080677,778388.6571900
1732276800000,2024-11-22 12:00:00,0.1902100,0.1928000,0.1830000,0.1904800,10720306,1732291199999,2024-11-22 15:59:59,2012693.1651200,23327,4711225,883438.1004600
1732291200000,2024-11-22 16:00:00,0.1904800,0.1905700,0.1848700,0.1873000,5789542,1732305599999,2024-11-22 19:59:59,1086916.3288500,18007,2772185,520736.9206100
1732305600000,2024-11-22 20:00:00,0.1871200,0.1978100,0.1862100,0.1977200,4226746,1732319999999,2024-11-22 23:59:59,808190.4440000,14975,2127188,407741.1708400
1732320000000,2024-11-23 00:00:00,0.1976700,0.2037000,0.1961900,0.2007600,7812523,1732334399999,2024-11-23 03:59:59,1561693.3505100,24646,3754987,751374.2723500
1732334400000,2024-11-23 04:00:00,0.2008000,0.2083500,0.1980500,0.2068000,7280627,1732348799999,2024-11-23 07:59:59,1481484.6655300,22234,3793879,773187.1883200
1732348800000,2024-11-23 08:00:00,0.2067900,0.2087500,0.2045400,0.2083300,5650738,1732363199999,2024-11-23 11:59:59,1168313.0209900,18539,2736126,566137.9853800
1732363200000,2024-11-23 12:00:00,0.2083600,0.2160900,0.2071100,0.2148000,7975324,1732377599999,2024-11-23 15:59:59,1692969.2653200,20720,4013561,851981.9929300
1732377600000,2024-11-23 16:00:00,0.2149600,0.2171000,0.2035500,0.2149500,16232196,1732391999999,2024-11-23 19:59:59,3426961.8116500,40328,7262837,1534018.4589200
1732392000000,2024-11-23 20:00:00,0.2150000,0.2199600,0.2077600,0.2177000,7520615,1732406399999,2024-11-23 23:59:59,1616919.9144400,27786,3543540,762968.7500400
1732406400000,2024-11-24 00:00:00,0.2177000,0.2351500,0.2157500,0.2345300,12068912,1732420799999,2024-11-24 03:59:59,2744371.0450600,32470,6346766,1442281.4887900
1732420800000,2024-11-24 04:00:00,0.2344800,0.2371900,0.2295600,0.2340200,9973568,1732435199999,2024-11-24 07:59:59,2326397.6555100,31096,4302703,1005077.3230700
1732435200000,2024-11-24 08:00:00,0.2339300,0.2380600,0.2232000,0.2239100,13174416,1732449599999,2024-11-24 11:59:59,3058576.3943700,41460,5955208,1384960.4354000
1732449600000,2024-11-24 12:00:00,0.2238600,0.2278500,0.2126900,0.2154600,17306490,1732463999999,2024-11-24 15:59:59,3812447.0680600,48869,8170918,1800418.8646100
1732464000000,2024-11-24 16:00:00,0.2154600,0.2288100,0.2141900,0.2244900,12040503,1732478399999,2024-11-24 19:59:59,2687277.0179900,32293,5725213,1276843.1315200
1732478400000,2024-11-24 20:00:00,0.2244700,0.2398200,0.2235300,0.2392300,8347386,1732492799999,2024-11-24 23:59:59,1948748.3221700,26521,4421515,1032034.2654300
1732492800000,2024-11-25 00:00:00,0.2392000,0.2393200,0.2290900,0.2359600,6899223,1732507199999,2024-11-25 03:59:59,1620188.6120700,25493,3171600,744973.5289700
1732507200000,2024-11-25 04:00:00,0.2359300,0.2383700,0.2324100,0.2357700,6171199,1732521599999,2024-11-25 07:59:59,1452673.2354100,17045,2785417,656093.7969200
1732521600000,2024-11-25 08:00:00,0.2357400,0.2445100,0.2338800,0.2390400,12958969,1732535999999,2024-11-25 11:59:59,3120623.8182000,29790,6145854,1481010.0233400
1732536000000,2024-11-25 12:00:00,0.2390000,0.2402600,0.2199900,0.2324200,19910167,1732550399999,2024-11-25 15:59:59,4581494.0617700,42935,9397961,2163080.9188600
1732550400000,2024-11-25 16:00:00,0.2324100,0.2339500,0.2250000,0.2306600,11401033,1732564799999,2024-11-25 19:59:59,2617475.1073300,27073,5509104,1264761.8554300
1732564800000,2024-11-25 20:00:00,0.2306600,0.2372300,0.2235900,0.2302100,11539722,1732579199999,2024-11-25 23:59:59,2677296.3745700,32577,5689869,1321684.9820300
1732579200000,2024-11-26 00:00:00,0.2303600,0.2356900,0.2279500,0.2328700,6620003,1732593599999,2024-11-26 03:59:59,1542889.9439300,20586,3284950,765524.5417600
1732593600000,2024-11-26 04:00:00,0.2327300,0.2366100,0.2266900,0.2282700,6335570,1732607999999,2024-11-26 07:59:59,1469226.6747900,19263,3066107,711548.3984300
1732608000000,2024-11-26 08:00:00,0.2282800,0.2286600,0.2088700,0.2138600,16220877,1732622399999,2024-11-26 11:59:59,3537261.0703200,38006,7299677,1593459.0942700
1732622400000,2024-11-26 12:00:00,0.2138600,0.2165800,0.2058800,0.2081600,24463401,1732636799999,2024-11-26 15:59:59,5173731.0467700,46206,12127338,2567078.4851400
1732636800000,2024-11-26 16:00:00,0.2081400,0.2149500,0.2049000,0.2097400,14731820,1732651199999,2024-11-26 19:59:59,3097056.3229400,33253,6954121,1461948.8458900
1732651200000,2024-11-26 20:00:00,0.2097200,0.2199100,0.2085600,0.2192000,7511854,1732665599999,2024-11-26 23:59:59,1609679.1698200,23815,3914947,839162.0930300
1732665600000,2024-11-27 00:00:00,0.2191900,0.2303700,0.2157400,0.2295900,13171801,1732679999999,2024-11-27 03:59:59,2927496.1725500,33413,6021890,1338915.6751500
1732680000000,2024-11-27 04:00:00,0.2295200,0.2355000,0.2286800,0.2327500,8197136,1732694399999,2024-11-27 07:59:59,1901495.4003200,28392,3921004,909552.0301200
1732694400000,2024-11-27 08:00:00,0.2328600,0.2363700,0.2288000,0.2304900,9911595,1732708799999,2024-11-27 11:59:59,2300820.6049100,28856,4805470,1116211.8140300
1732708800000,2024-11-27 12:00:00,0.2303700,0.2434300,0.2253300,0.2427600,12610015,1732723199999,2024-11-27 15:59:59,2969555.7864500,34724,6406913,1508629.4400000
1732723200000,2024-11-27 16:00:00,0.2427100,0.2527000,0.2418800,0.2470800,16840169,1732737599999,2024-11-27 19:59:59,4163451.7376200,42393,8227899,2035719.9955900
1732737600000,2024-11-27 20:00:00,0.2470500,0.2517700,0.2449800,0.2502900,7428028,1732751999999,2024-11-27 23:59:59,1840904.8166300,24258,3831401,949974.9758300
1732752000000,2024-11-28 00:00:00,0.2504600,0.2585400,0.2470100,0.2500200,14464628,1732766399999,2024-11-28 03:59:59,3663378.0834700,34623,6623116,1677418.7353700
1732766400000,2024-11-28 04:00:00,0.2501700,0.2615500,0.2492000,0.2525100,10403777,1732780799999,2024-11-28 07:59:59,2667364.3110800,29893,4946285,1268731.0728900
1732780800000,2024-11-28 08:00:00,0.2524200,0.2556400,0.2462000,0.2499800,8797012,1732795199999,2024-11-28 11:59:59,2204963.7180500,24955,4180633,1048631.3153700
1732795200000,2024-11-28 12:00:00,0.2497800,0.2513300,0.2426300,0.2432800,8225325,1732809599999,2024-11-28 15:59:59,2038500.7939900,24206,3777624,937086.8065400
1732809600000,2024-11-28 16:00:00,0.2435000,0.2541900,0.2432700,0.2536900,5367912,1732823999999,2024-11-28 19:59:59,1334862.5468700,17555,2880842,716212.1511000
1732824000000,2024-11-28 20:00:00,0.2536800,0.2654200,0.2500400,0.2591200,7954497,1732838399999,2024-11-28 23:59:59,2058206.5310000,27087,3795938,983480.7065500
1732838400000,2024-11-29 00:00:00,0.2590500,0.2591200,0.2525800,0.2539300,5526442,1732852799999,2024-11-29 03:59:59,1413374.7152100,18798,2523219,645540.8404700
1732852800000,2024-11-29 04:00:00,0.2539500,0.2544600,0.2474400,0.2496700,5158208,1732867199999,2024-11-29 07:59:59,1293209.2375600,15216,2467506,618459.5441900
1732867200000,2024-11-29 08:00:00,0.2496500,0.2594300,0.2493900,0.2559300,7065702,1732881599999,2024-11-29 11:59:59,1805266.1145500,20080,3384932,864205.6361700
1732881600000,2024-11-29 12:00:00,0.2559300,0.2582900,0.2518500,0.2539200,6734572,1732895999999,2024-11-29 15:59:59,1722688.8727000,17877,3352994,857990.2410200
1732896000000,2024-11-29 16:00:00,0.2539300,0.2555400,0.2485300,0.2511000,5080723,1732910399999,2024-11-29 19:59:59,1283652.5463000,15842,2461751,622174.6744300
1732910400000,2024-11-29 20:00:00,0.2511200,0.2578800,0.2508000,0.2554900,3597887,1732924799999,2024-11-29 23:59:59,915590.6389200,12477,1773226,451017.1386800
1732924800000,2024-11-30 00:00:00,0.2555500,0.2649400,0.2505700,0.2643800,5440408,1732939199999,2024-11-30 03:59:59,1394496.2710800,18251,2771121,710428.1740100
1732939200000,2024-11-30 04:00:00,0.2643300,0.2830400,0.2642000,0.2802600,13503536,1732953599999,2024-11-30 07:59:59,3696854.7815300,39427,7005417,1917631.3219400
1732953600000,2024-11-30 08:00:00,0.2801000,0.2916300,0.2759300,0.2903300,27484607,1732967999999,2024-11-30 11:59:59,7789625.2470300,58970,12957023,3673529.4928100
1732968000000,2024-11-30 12:00:00,0.2902700,0.3056900,0.2891600,0.2928100,47548599,1732982399999,2024-11-30 15:59:59,14131052.9039600,108745,23221322,6903325.5272100
1732982400000,2024-11-30 16:00:00,0.2928600,0.2969100,0.2880500,0.2950000,14428568,1732996799999,2024-11-30 19:59:59,4228178.4387200,35532,7251456,2125902.0965500
1732996800000,2024-11-30 20:00:00,0.2950700,0.2973800,0.2923100,0.2925600,7471550,1733011199999,2024-11-30 23:59:59,2203008.5751400,23917,3542900,1045108.6134200
1733011200000,2024-12-01 00:00:00,0.2925700,0.2960900,0.2829300,0.2897500,15134363,1733025599999,2024-12-01 03:59:59,4378948.6824700,50993,7442241,2154824.0497100
1733025600000,2024-12-01 04:00:00,0.2897300,0.2940400,0.2847000,0.2928200,6614050,1733039999999,2024-12-01 07:59:59,1910362.8902000,23361,3486089,1007050.4785500
1733040000000,2024-12-01 08:00:00,0.2928100,0.2944800,0.2870000,0.2913200,6937927,1733054399999,2024-12-01 11:59:59,2016218.3124700,21814,3153695,917102.7114500
1733054400000,2024-12-01 12:00:00,0.2912700,0.2964100,0.2871900,0.2939400,9877884,1733068799999,2024-12-01 15:59:59,2890498.6991900,29038,4532026,1327473.0953900
1733068800000,2024-12-01 16:00:00,0.2939900,0.2957100,0.2890500,0.2953400,6379271,1733083199999,2024-12-01 19:59:59,1864029.7763100,24364,3066741,896486.7566400
1733083200000,2024-12-01 20:00:00,0.2953400,0.3046700,0.2896600,0.3033200,10042314,1733097599999,2024-12-01 23:59:59,3000848.3833900,35487,4645046,1387872.0278000
1733097600000,2024-12-02 00:00:00,0.3032600,0.3120400,0.2926000,0.2952000,11170940,1733111999999,2024-12-02 03:59:59,3405286.4679100,41170,4838240,1477054.2679800
1733112000000,2024-12-02 04:00:00,0.2953500,0.3054600,0.2901900,0.2967400,10437218,1733126399999,2024-12-02 07:59:59,3101215.8654100,43512,5212921,1549203.7994800
1733126400000,2024-12-02 08:00:00,0.2967600,0.2976800,0.2751300,0.2856600,16057189,1733140799999,2024-12-02 11:59:59,4574497.0602500,49971,7145255,2036737.3031000
1733140800000,2024-12-02 12:00:00,0.2854200,0.3015500,0.2839600,0.2982500,8619233,1733155199999,2024-12-02 15:59:59,2537925.7350900,36007,4302118,1267798.5789700
1733155200000,2024-12-02 16:00:00,0.2982500,0.2993000,0.2823200,0.2890200,6341820,1733169599999,2024-12-02 19:59:59,1835518.2977800,25580,2875819,832121.7839100
1733169600000,2024-12-02 20:00:00,0.2890000,0.3031700,0.2883900,0.3001400,7862686,1733183999999,2024-12-02 23:59:59,2340273.2223900,29800,3914642,1165026.1251800
1733184000000,2024-12-03 00:00:00,0.3000900,0.3003300,0.2933200,0.2978000,5382444,1733198399999,2024-12-03 03:59:59,1599054.3026700,22231,2708350,804735.9812000
1733198400000,2024-12-03 04:00:00,0.2978000,0.3111700,0.2963400,0.3019500,11854462,1733212799999,2024-12-03 07:59:59,3601380.4885600,36374,5835905,1774867.0128200
1733212800000,2024-12-03 08:00:00,0.3020400,0.3045700,0.2926900,0.2989100,9498009,1733227199999,2024-12-03 11:59:59,2834947.5379100,27945,4628326,1382039.3352400
1733227200000,2024-12-03 12:00:00,0.2988800,0.3052100,0.2754000,0.2938500,18638508,1733241599999,2024-12-03 15:59:59,5405901.9256900,49130,8806516,2556165.8915800
1733241600000,2024-12-03 16:00:00,0.2938700,0.3019100,0.2902900,0.3006200,8777261,1733255999999,2024-12-03 19:59:59,2607716.5075400,29895,4386895,1303314.5688600
1733256000000,2024-12-03 20:00:00,0.3007000,0.3149800,0.3002400,0.3053000,11333759,1733270399999,2024-12-03 23:59:59,3496276.7629600,33540,4884488,1506424.0822400
1733270400000,2024-12-04 00:00:00,0.3053000,0.3092200,0.2977500,0.3071700,8599010,1733284799999,2024-12-04 03:59:59,2619724.6642800,27651,4078076,1243202.3311100
1733284800000,2024-12-04 04:00:00,0.3070800,0.3182000,0.3049100,0.3162600,5261787,1733299199999,2024-12-04 07:59:59,1635116.1989000,19618,2843637,885171.9867200
1733299200000,2024-12-04 08:00:00,0.3163600,0.3199500,0.3145100,0.3145100,6268785,1733313599999,2024-12-04 11:59:59,1989508.2393900,20224,2761183,876811.1075300
1733313600000,2024-12-04 12:00:00,0.3145100,0.3163800,0.3036600,0.3109600,10166431,1733327999999,2024-12-04 15:59:59,3153273.3873800,30365,4850157,1505368.1087600
1733328000000,2024-12-04 16:00:00,0.3108100,0.3126000,0.2948700,0.3115000,12088741,1733342399999,2024-12-04 19:59:59,3662958.0653800,36994,5726608,1737680.2263800
1733342400000,2024-12-04 20:00:00,0.3116100,0.3145800,0.2978000,0.3038700,8377638,1733356799999,2024-12-04 23:59:59,2564770.7209400,29168,3766961,1153029.3845200
1733356800000,2024-12-05 00:00:00,0.3040400,0.3075800,0.2853400,0.2964600,13615739,1733371199999,2024-12-05 03:59:59,4025695.1626900,39839,6183873,1828936.8930200
1733371200000,2024-12-05 04:00:00,0.2963800,0.3081100,0.2947300,0.3061300,6430393,1733385599999,2024-12-05 07:59:59,1936754.5621300,23566,3525188,1062015.8295000
1733385600000,2024-12-05 08:00:00,0.3059900,0.3099700,0.3032800,0.3089400,5069182,1733399999999,2024-12-05 11:59:59,1551357.3130900,18283,2280738,698444.3449800
1733400000000,2024-12-05 12:00:00,0.3089300,0.3122700,0.3032900,0.3071600,6641473,1733414399999,2024-12-05 15:59:59,2049796.7296700,22096,2972159,917197.5557600
1733414400000,2024-12-05 16:00:00,0.3071200,0.3147800,0.3050000,0.3061000,5884436,1733428799999,2024-12-05 19:59:59,1830205.1512500,22638,2816444,876393.3773700
1733428800000,2024-12-05 20:00:00,0.3060500,0.3143300,0.2968200,0.3092500,12467541,1733443199999,2024-12-05 23:59:59,3816795.0553100,35854,6090309,1865384.3346300
1733443200000,2024-12-06 00:00:00,0.3092200,0.3233000,0.3038000,0.3178600,7530786,1733457599999,2024-12-06 03:59:59,2377547.7865300,28092,3769230,1190377.1065400
1733457600000,2024-12-06 04:00:00,0.3179000,0.3333000,0.3177200,0.3265900,10712407,1733471999999,2024-12-06 07:59:59,3504239.3134200,34083,5182605,1695649.4113100
1733472000000,2024-12-06 08:00:00,0.3265500,0.3291300,0.3126000,0.3164000,14009583,1733486399999,2024-12-06 11:59:59,4486514.6351800,40182,5746788,1841242.5388200
1733486400000,2024-12-06 12:00:00,0.3162800,0.3249900,0.3070800,0.3212400,11118737,1733500799999,2024-12-06 15:59:59,3499573.5621300,36928,5259616,1657661.3212300
1733500800000,2024-12-06 16:00:00,0.3213200,0.3279100,0.3206000,0.3262100,5452356,1733515199999,2024-12-06 19:59:59,1771492.5502900,21601,2521478,819438.8888500
1733515200000,2024-12-06 20:00:00,0.3263200,0.3269700,0.3166900,0.3191200,4025722,1733529599999,2024-12-06 23:59:59,1296499.8949700,17560,1571793,506097.7403300
1733529600000,2024-12-07 00:00:00,0.3192000,0.3235300,0.3164500,0.3170000,5258073,1733543999999,2024-12-07 03:59:59,1681626.2296800,20939,2544538,813688.5498900
1733544000000,2024-12-07 04:00:00,0.3169000,0.3306500,0.3156400,0.3207500,13748712,1733558399999,2024-12-07 07:59:59,4435935.5101700,41361,6988200,2255396.7604400
1733558400000,2024-12-07 08:00:00,0.3206400,0.3207400,0.3105200,0.3128800,9230868,1733572799999,2024-12-07 11:59:59,2909613.6391300,31666,3966121,1250209.9306200
1733572800000,2024-12-07 12:00:00,0.3128300,0.3162500,0.3111400,0.3141700,4449787,1733587199999,2024-12-07 15:59:59,1397464.6401400,17823,2242733,704166.8918700
1733587200000,2024-12-07 16:00:00,0.3141500,0.3146800,0.3072200,0.3087300,4279265,1733601599999,2024-12-07 19:59:59,1330147.4949800,22987,1911554,594498.0975700
1733601600000,2024-12-07 20:00:00,0.3088000,0.3122300,0.3082300,0.3092400,2790012,1733615999999,2024-12-07 23:59:59,864751.2734400,13624,1486111,460671.4675600
1733616000000,2024-12-08 00:00:00,0.3092200,0.3126700,0.3079500,0.3087800,3479395,1733630399999,2024-12-08 03:59:59,1078223.7002400,16087,1552025,481213.9197800
1733630400000,2024-12-08 04:00:00,0.3086900,0.3105700,0.3021300,0.3103500,3799233,1733644799999,2024-12-08 07:59:59,1163605.1094800,15219,1582564,484903.5027100
1733644800000,2024-12-08 08:00:00,0.3102600,0.3102900,0.3014000,0.3055000,6506325,1733659199999,2024-12-08 11:59:59,1984134.1278000,22022,2906505,886387.9384500
1733659200000,2024-12-08 12:00:00,0.3055200,0.3137500,0.3030600,0.3129400,6640027,1733673599999,2024-12-08 15:59:59,2051583.2337900,24944,3298275,1019377.2980200
1733673600000,2024-12-08 16:00:00,0.3130000,0.3180400,0.3081000,0.3138800,5303117,1733687999999,2024-12-08 19:59:59,1655099.2848100,20221,2673859,834668.8626600
1733688000000,2024-12-08 20:00:00,0.3139800,0.3208200,0.3134800,0.3187000,4796094,1733702399999,2024-12-08 23:59:59,1524323.7491400,20476,2418167,769045.2445900
1733702400000,2024-12-09 00:00:00,0.3185100,0.3200800,0.3012900,0.3051300,5715770,1733716799999,2024-12-09 03:59:59,1783453.7881900,25402,2512794,785574.2171000
1733716800000,2024-12-09 04:00:00,0.3049800,0.3095000,0.2972000,0.3012000,10649419,1733731199999,2024-12-09 07:59:59,3229393.3992300,29910,4940955,1499171.1676900
1733731200000,2024-12-09 08:00:00,0.3012600,0.3013900,0.2863000,0.2916600,12797192,1733745599999,2024-12-09 11:59:59,3768219.4952200,37658,6388339,1882302.6553300
1733745600000,2024-12-09 12:00:00,0.2917300,0.3080900,0.2880800,0.2996100,8989278,1733759999999,2024-12-09 15:59:59,2683696.0265100,32053,4304243,1284663.3700900
1733760000000,2024-12-09 16:00:00,0.2993400,0.3038000,0.2919600,0.2925200,6596615,1733774399999,2024-12-09 19:59:59,1958489.7895500,22653,2905660,863145.3357100
1733774400000,2024-12-09 20:00:00,0.2925000,0.2940200,0.2319000,0.2547900,51109086,1733788799999,2024-12-09 23:59:59,13232909.1316000,111905,22102452,5721713.1944600
1733788800000,2024-12-10 00:00:00,0.2548400,0.2631300,0.2357300,0.2463300,21702051,1733803199999,2024-12-10 03:59:59,5405049.2229800,51072,10365378,2585865.1049900
1733803200000,2024-12-10 04:00:00,0.2462600,0.2597000,0.2398800,0.2528800,13693246,1733817599999,2024-12-10 07:59:59,3435020.3612900,33809,6956494,1744386.9847200
1733817600000,2024-12-10 08:00:00,0.2527700,0.2618600,0.2495700,0.2587200,8752070,1733831999999,2024-12-10 11:59:59,2239085.3214100,24110,3879175,993217.5955600
1733832000000,2024-12-10 12:00:00,0.2588600,0.2597600,0.2313600,0.2321400,19469878,1733846399999,2024-12-10 15:59:59,4780029.4043400,49189,8928597,2197517.6090200
1733846400000,2024-12-10 16:00:00,0.2322200,0.2427100,0.2244000,0.2422700,25658730,1733860799999,2024-12-10 19:59:59,5949989.6777800,50373,12673126,2939868.1078600
1733860800000,2024-12-10 20:00:00,0.2421800,0.2561600,0.2398000,0.2515200,7071735,1733875199999,2024-12-10 23:59:59,1765673.7057000,21860,3658661,913530.5640800
1733875200000,2024-12-11 00:00:00,0.2515600,0.2612300,0.2425900,0.2591200,10690198,1733889599999,2024-12-11 03:59:59,2689317.0895000,31799,5414276,1364532.0115400
1733889600000,2024-12-11 04:00:00,0.2591800,0.2617200,0.2529600,0.2533200,5762783,1733903999999,2024-12-11 07:59:59,1479449.4620700,17856,2875568,738488.9476200
1733904000000,2024-12-11 08:00:00,0.2533600,0.2654400,0.2533200,0.2614300,7048049,1733918399999,2024-12-11 11:59:59,1839439.3513700,22468,3379752,881892.2138300
1733918400000,2024-12-11 12:00:00,0.2613700,0.2799000,0.2610500,0.2777900,11035973,1733932799999,2024-12-11 15:59:59,2980661.8265500,31055,5188823,1401943.9486900
1733932800000,2024-12-11 16:00:00,0.2777100,0.2819000,0.2738800,0.2786500,5991660,1733947199999,2024-12-11 19:59:59,1668001.4897300,20284,2844453,792420.0708800
1733947200000,2024-12-11 20:00:00,0.2786000,0.2815200,0.2773000,0.2798400,3111522,1733961599999,2024-12-11 23:59:59,868727.7948500,11321,1445106,403536.6946100
1733961600000,2024-12-12 00:00:00,0.2798800,0.2969300,0.2779500,0.2938300,6593115,1733975999999,2024-12-12 03:59:59,1889103.4735000,22227,3243166,930079.0264300
1733976000000,2024-12-12 04:00:00,0.2938300,0.3022000,0.2918100,0.2972600,12047993,1733990399999,2024-12-12 07:59:59,3578370.1641700,30150,5555083,1650365.6359400
1733990400000,2024-12-12 08:00:00,0.2973000,0.3086600,0.2928000,0.2963300,23537138,1734004799999,2024-12-12 11:59:59,7075301.0058300,55715,12736023,3830673.6883300
1734004800000,2024-12-12 12:00:00,0.2963200,0.3077400,0.2957000,0.3023400,16494580,1734019199999,2024-12-12 15:59:59,4984649.7312400,48875,7773850,2350215.4930600
1734019200000,2024-12-12 16:00:00,0.3023300,0.3057100,0.2890400,0.2903300,7854833,1734033599999,2024-12-12 19:59:59,2336348.8384600,26947,3432513,1021995.2904700
1734033600000,2024-12-12 20:00:00,0.2903900,0.3012600,0.2901800,0.2987900,6135754,1734047999999,2024-12-12 23:59:59,1825009.0233800,24747,3079508,915846.6268900
1734048000000,2024-12-13 00:00:00,0.2987900,0.3021400,0.2893300,0.3003800,7347279,1734062399999,2024-12-13 03:59:59,2183017.5782300,27207,3360496,997681.2700600
1734062400000,2024-12-13 04:00:00,0.3002900,0.3006800,0.2860700,0.2895500,12996450,1734076799999,2024-12-13 07:59:59,3792932.5843200,40729,6306149,1840717.8656900
1734076800000,2024-12-13 08:00:00,0.2896000,0.2959100,0.2857000,0.2907000,6253595,1734091199999,2024-12-13 11:59:59,1817855.6063700,21769,3335696,969696.6809500
1734091200000,2024-12-13 12:00:00,0.2907000,0.2932900,0.2816300,0.2819800,6174124,1734105599999,2024-12-13 15:59:59,1781156.7010800,26878,2853326,823414.2301200
1734105600000,2024-12-13 16:00:00,0.2820400,0.2921900,0.2816800,0.2917300,8007175,1734119999999,2024-12-13 19:59:59,2306673.9171200,27343,3725146,1073812.7484800
1734120000000,2024-12-13 20:00:00,0.2917400,0.2965500,0.2886400,0.2929400,4103650,1734134399999,2024-12-13 23:59:59,1203833.7211300,16447,1939754,568810.0631300
1734134400000,2024-12-14 00:00:00,0.2929100,0.2998300,0.2889000,0.2897100,3945925,1734148799999,2024-12-14 03:59:59,1164197.1424400,19169,2048579,604997.4593800
1734148800000,2024-12-14 04:00:00,0.2897400,0.2913500,0.2857800,0.2868800,2796442,1734163199999,2024-12-14 07:59:59,806777.5698800,12829,1415284,408534.1845500
1734163200000,2024-12-14 08:00:00,0.2868700,0.2898700,0.2840300,0.2848500,3609744,1734177599999,2024-12-14 11:59:59,1034717.6791100,15276,1876914,538192.9302600
1734177600000,2024-12-14 12:00:00,0.2848000,0.2855000,0.2717900,0.2730800,7569260,1734191999999,2024-12-14 15:59:59,2094096.6127000,25675,3099060,857494.7160700
1734192000000,2024-12-14 16:00:00,0.2731100,0.2735500,0.2655500,0.2690900,5066426,1734206399999,2024-12-14 19:59:59,1365024.0856200,21764,2422048,652849.1573200
1734206400000,2024-12-14 20:00:00,0.2691500,0.2716300,0.2644100,0.2708900,3578352,1734220799999,2024-12-14 23:59:59,961206.1475800,16219,1765776,474759.3369900
1734220800000,2024-12-15 00:00:00,0.2708900,0.2796300,0.2670100,0.2689300,4662886,1734235199999,2024-12-15 03:59:59,1274190.1467300,20397,2271044,620439.6061500
1734235200000,2024-12-15 04:00:00,0.2690600,0.2750000,0.2630500,0.2651700,4819062,1734249599999,2024-12-15 07:59:59,1297364.9249200,19740,2148434,579432.8889600
1734249600000,2024-12-15 08:00:00,0.2652500,0.2745600,0.2651700,0.2707500,5071415,1734263999999,2024-12-15 11:59:59,1373989.0344700,18897,2786665,754984.3045400
1734264000000,2024-12-15 12:00:00,0.2707600,0.2833800,0.2678900,0.2808700,4900472,1734278399999,2024-12-15 15:59:59,1351482.6237800,21229,2506354,691460.0147600
1734278400000,2024-12-15 16:00:00,0.2809500,0.2828400,0.2753600,0.2787000,3807856,1734292799999,2024-12-15 19:59:59,1062963.0558800,16374,1722666,481069.3283300
1734292800000,2024-12-15 20:00:00,0.2786900,0.2848700,0.2675000,0.2829000,5690247,1734307199999,2024-12-15 23:59:59,1571355.8602100,23373,2874116,794520.4988600
1734307200000,2024-12-16 00:00:00,0.2830500,0.2906000,0.2740700,0.2753600,6488340,1734321599999,2024-12-16 03:59:59,1839141.2495700,25824,2997316,849154.1008300
1734321600000,2024-12-16 04:00:00,0.2753700,0.2772700,0.2680800,0.2715300,15715979,1734335999999,2024-12-16 07:59:59,4296238.8850200,36244,7809893,2136816.0279500
1734336000000,2024-12-16 08:00:00,0.2715600,0.2781600,0.2633300,0.2640000,22008244,1734350399999,2024-12-16 11:59:59,5995631.8260200,51953,10961395,2987750.3403900
1734350400000,2024-12-16 12:00:00,0.2640200,0.2690500,0.2619600,0.2676100,15003593,1734364799999,2024-12-16 15:59:59,3989595.1811600,37636,7751894,2062037.0310100
1734364800000,2024-12-16 16:00:00,0.2676500,0.2796900,0.2653000,0.2750100,6179756,1734379199999,2024-12-16 19:59:59,1681985.7661800,23316,3027319,824619.3047600
1734379200000,2024-12-16 20:00:00,0.2751800,0.2822700,0.2700400,0.2705500,5153907,1734393599999,2024-12-16 23:59:59,1426305.1211600,20810,2441294,675853.2480300
1734393600000,2024-12-17 00:00:00,0.2705200,0.2714000,0.2639800,0.2675500,17095283,1734407999999,2024-12-17 03:59:59,4577407.8425500,42150,8739353,2340851.4376700
1734408000000,2024-12-17 04:00:00,0.2675500,0.2675500,0.2587800,0.2603200,6258222,1734422399999,2024-12-17 07:59:59,1638710.7070500,21270,2933437,767760.9831600
1734422400000,2024-12-17 08:00:00,0.2603300,0.2671500,0.2572100,0.2654500,5179874,1734436799999,2024-12-17 11:59:59,1359921.6729300,19858,2698375,709125.4694700
1734436800000,2024-12-17 12:00:00,0.2654800,0.2690000,0.2496700,0.2514100,10594703,1734451199999,2024-12-17 15:59:59,2739776.5254900,31458,4841245,1251973.3720000
1734451200000,2024-12-17 16:00:00,0.2513600,0.2600800,0.2488700,0.2548900,6579491,1734465599999,2024-12-17 19:59:59,1677062.3076300,23153,3051371,777710.7315100
1734465600000,2024-12-17 20:00:00,0.2548700,0.2565500,0.2437700,0.2473400,5597217,1734479999999,2024-12-17 23:59:59,1396756.1952700,20731,2542131,634161.0941800
1734480000000,2024-12-18 00:00:00,0.2473700,0.2486400,0.2420800,0.2435900,5807877,1734494399999,2024-12-18 03:59:59,1423474.8732700,22221,2765349,678262.7365200
1734494400000,2024-12-18 04:00:00,0.2435900,0.2448500,0.2389000,0.2417700,7173934,1734508799999,2024-12-18 07:59:59,1736179.4930100,24406,3262484,790300.1199800
1734508800000,2024-12-18 08:00:00,0.2418000,0.2449800,0.2393700,0.2412200,3438468,1734523199999,2024-12-18 11:59:59,832983.4304700,14717,1777676,430681.6740400
1734523200000,2024-12-18 12:00:00,0.2412100,0.2416400,0.2340100,0.2372300,6265014,1734537599999,2024-12-18 15:59:59,1485835.3805400,25027,3154675,748505.1758500
1734537600000,2024-12-18 16:00:00,0.2371800,0.2428200,0.2316900,0.2318600,8313974,1734551999999,2024-12-18 19:59:59,1977309.6754200,30962,3930037,935591.0001700
1734552000000,2024-12-18 20:00:00,0.2316700,0.2336000,0.2133800,0.2209200,25206983,1734566399999,2024-12-18 23:59:59,5621482.7262700,64818,12286914,2739391.7560000
1734566400000,2024-12-19 00:00:00,0.2208900,0.2218700,0.2045000,0.2211900,14477131,1734580799999,2024-12-19 03:59:59,3099842.7262100,46120,6725106,1443039.6392400
1734580800000,2024-12-19 04:00:00,0.2211600,0.2222600,0.2168900,0.2177400,4908850,1734595199999,2024-12-19 07:59:59,1077243.4705900,18018,2540043,557944.3137200
1734595200000,2024-12-19 08:00:00,0.2177700,0.2213200,0.2143700,0.2186100,5592469,1734609599999,2024-12-19 11:59:59,1214466.5020000,21134,2819119,612452.2701500
1734609600000,2024-12-19 12:00:00,0.2185900,0.2191500,0.2051600,0.2088200,8202204,1734623999999,2024-12-19 15:59:59,1741820.6363600,28876,3922810,833910.5816800
1734624000000,2024-12-19 16:00:00,0.2088000,0.2115000,0.1897100,0.1940100,27430491,1734638399999,2024-12-19 19:59:59,5439510.3484000,71035,13334532,2648621.3219500
1734638400000,2024-12-19 20:00:00,0.1942400,0.2002000,0.1878200,0.1953000,10109363,1734652799999,2024-12-19 23:59:59,1968112.0068200,31194,5047053,983868.2590500
1734652800000,2024-12-20 00:00:00,0.1953300,0.2047300,0.1917400,0.2006400,7232684,1734667199999,2024-12-20 03:59:59,1440149.4558900,24962,3696428,736146.6868100
1734667200000,2024-12-20 04:00:00,0.2006900,0.2032600,0.1922700,0.1975600,7787574,1734681599999,2024-12-20 07:59:59,1547531.2217100,25787,3595834,714807.6627200
1734681600000,2024-12-20 08:00:00,0.1974500,0.1977000,0.1706000,0.1717100,30561801,1734695999999,2024-12-20 11:59:59,5529743.4309700,64534,14247012,2578398.7610800
1734696000000,2024-12-20 12:00:00,0.1718300,0.1954800,0.1714500,0.1942700,15878603,1734710399999,2024-12-20 15:59:59,2925413.6972500,37495,8459727,1558919.3983200
1734710400000,2024-12-20 16:00:00,0.1942700,0.2073100,0.1926500,0.2035400,9990084,1734724799999,2024-12-20 19:59:59,1991081.0788200,29418,5211455,1039549.5474200
1734724800000,2024-12-20 20:00:00,0.2035400,0.2062800,0.1964400,0.2043200,6127276,1734739199999,2024-12-20 23:59:59,1236987.4821900,22545,3101738,626720.0716100
1734739200000,2024-12-21 00:00:00,0.2043400,0.2091000,0.2032800,0.2052800,4313457,1734753599999,2024-12-21 03:59:59,887620.9743300,18332,2101283,432458.8952300
1734753600000,2024-12-21 04:00:00,0.2052800,0.2199400,0.2050900,0.2170600,5070667,1734767999999,2024-12-21 07:59:59,1083856.7137400,21245,2531639,540249.9021700
1734768000000,2024-12-21 08:00:00,0.2170600,0.2183300,0.2094800,0.2124600,7301887,1734782399999,2024-12-21 11:59:59,1553018.8004600,27215,3416743,726941.5456900
1734782400000,2024-12-21 12:00:00,0.2124800,0.2127000,0.1975200,0.2013700,10785145,1734796799999,2024-12-21 15:59:59,2193183.3517900,42462,5104656,1038524.0344400
1734796800000,2024-12-21 16:00:00,0.2013400,0.2017500,0.1917600,0.1948800,8798212,1734811199999,2024-12-21 19:59:59,1730281.3936500,36092,4014543,789672.9550300
1734811200000,2024-12-21 20:00:00,0.1949500,0.1979500,0.1900400,0.1935600,5137715,1734825599999,2024-12-21 23:59:59,996514.5675600,22553,2483384,481662.7658400
1734825600000,2024-12-22 00:00:00,0.1936100,0.1975300,0.1907700,0.1947500,4909802,1734839999999,2024-12-22 03:59:59,955335.4357900,20759,2369057,461128.4976500
1734840000000,2024-12-22 04:00:00,0.1946900,0.1951800,0.1884400,0.1932600,3924654,1734854399999,2024-12-22 07:59:59,754547.9192100,17384,1915187,368273.7970800
1734854400000,2024-12-22 08:00:00,0.1932400,0.1991400,0.1931300,0.1947500,6316323,1734868799999,2024-12-22 11:59:59,1236845.2086600,22139,2863216,561072.5428800
1734868800000,2024-12-22 12:00:00,0.1947200,0.1987200,0.1891500,0.1920200,6985167,1734883199999,2024-12-22 15:59:59,1351709.6856200,26072,3400680,658687.9549400
1734883200000,2024-12-22 16:00:00,0.1920200,0.1956000,0.1868000,0.1876000,5336825,1734897599999,2024-12-22 19:59:59,1027377.1023500,19088,2690885,518393.4949500
1734897600000,2024-12-22 20:00:00,0.1876200,0.1956600,0.1850900,0.1928900,12253277,1734911999999,2024-12-22 23:59:59,2354676.1225000,30626,5513702,1059148.5761900
1734912000000,2024-12-23 00:00:00,0.1928800,0.2009400,0.1870900,0.2004000,8251480,1734926399999,2024-12-23 03:59:59,1593474.9325800,29307,4237110,819275.4628300
1734926400000,2024-12-23 04:00:00,0.2003200,0.2012500,0.1925400,0.1958400,6561502,1734940799999,2024-12-23 07:59:59,1289711.8180300,22928,3269142,642639.7191000
1734940800000,2024-12-23 08:00:00,0.1958400,0.2010700,0.1945700,0.1967100,3762552,1734955199999,2024-12-23 11:59:59,742936.3752500,17276,1843253,363983.9461700
1734955200000,2024-12-23 12:00:00,0.1966900,0.1985900,0.1907100,0.1917200,6085615,1734969599999,2024-12-23 15:59:59,1183299.8829400,21739,2921715,568189.1265900
1734969600000,2024-12-23 16:00:00,0.1917500,0.1993200,0.1913400,0.1977600,5296500,1734983999999,2024-12-23 19:59:59,1036591.1030600,19588,2676724,523933.4960900
1734984000000,2024-12-23 20:00:00,0.1977300,0.2109500,0.1975700,0.2075300,7346386,1734998399999,2024-12-23 23:59:59,1516605.7352600,26662,3669781,756624.9317200
1734998400000,2024-12-24 00:00:00,0.2074800,0.2080900,0.2014100,0.2067300,3927664,1735012799999,2024-12-24 03:59:59,804913.0406300,17580,1931442,395710.3632400
1735012800000,2024-12-24 04:00:00,0.2067500,0.2102700,0.2048400,0.2080500,3573344,1735027199999,2024-12-24 07:59:59,742254.3708000,13637,1795514,372947.2969400
1735027200000,2024-12-24 08:00:00,0.2081400,0.2122900,0.2071600,0.2121600,3688500,1735041599999,2024-12-24 11:59:59,771147.8981000,14317,1740877,364417.0638600
1735041600000,2024-12-24 12:00:00,0.2121500,0.2236000,0.2096600,0.2222200,6636551,1735055999999,2024-12-24 15:59:59,1441447.9378700,22884,3648242,792322.9889800
1735056000000,2024-12-24 16:00:00,0.2223200,0.2258000,0.2166500,0.2166900,5335707,1735070399999,2024-12-24 19:59:59,1182317.2010700,19942,2271942,503501.3571200
1735070400000,2024-12-24 20:00:00,0.2167100,0.2212700,0.2146700,0.2200800,3295857,1735084799999,2024-12-24 23:59:59,718213.3466100,12846,1559206,339657.6692900
1735084800000,2024-12-25 00:00:00,0.2200100,0.2261800,0.2192600,0.2253100,6898764,1735099199999,2024-12-25 03:59:59,1538648.0058700,19401,3975537,887066.2399500
1735099200000,2024-12-25 04:00:00,0.2253300,0.2253900,0.2195700,0.2205300,5071335,1735113599999,2024-12-25 07:59:59,1126129.4591100,16874,2231041,495315.3571300
1735113600000,2024-12-25 08:00:00,0.2205400,0.2249900,0.2197100,0.2199900,5128967,1735127999999,2024-12-25 11:59:59,1139204.1611100,17728,2392671,531386.5506800
1735128000000,2024-12-25 12:00:00,0.2200000,0.2239000,0.2180800,0.2189000,5642789,1735142399999,2024-12-25 15:59:59,1247969.8933300,16900,2740684,606268.9007200
1735142400000,2024-12-25 16:00:00,0.2189400,0.2213400,0.2153500,0.2206900,3384780,1735156799999,2024-12-25 19:59:59,740485.7229600,13258,1542848,337653.6293000
1735156800000,2024-12-25 20:00:00,0.2207200,0.2212500,0.2146600,0.2183700,3750529,1735171199999,2024-12-25 23:59:59,814563.9620400,12785,2096773,455325.5935200
1735171200000,2024-12-26 00:00:00,0.2184000,0.2213400,0.2119400,0.2127000,3990522,1735185599999,2024-12-26 03:59:59,862343.8333600,14844,1813138,392084.0570000
1735185600000,2024-12-26 04:00:00,0.2126700,0.2127000,0.2074800,0.2079800,3981560,1735199999999,2024-12-26 07:59:59,834854.2322500,14386,1777744,372703.4726100
1735200000000,2024-12-26 08:00:00,0.2080400,0.2088400,0.2025700,0.2068000,5807292,1735214399999,2024-12-26 11:59:59,1193869.4935500,16857,3200303,658242.7539600
1735214400000,2024-12-26 12:00:00,0.2067900,0.2078300,0.2035800,0.2041600,3833708,1735228799999,2024-12-26 15:59:59,787204.3460000,13839,1827804,375485.3483200
1735228800000,2024-12-26 16:00:00,0.2041200,0.2059500,0.1993200,0.2008200,5061714,1735243199999,2024-12-26 19:59:59,1022889.9303800,15436,2200160,445033.5236500
1735243200000,2024-12-26 20:00:00,0.2008000,0.2013900,0.1975800,0.1996500,6046738,1735257599999,2024-12-26 23:59:59,1204200.4184500,17636,3044258,606457.8992400
1735257600000,2024-12-27 00:00:00,0.1996400,0.2022900,0.1979000,0.2011900,4524491,1735271999999,2024-12-27 03:59:59,904511.2878300,15696,2358486,471542.2132300
1735272000000,2024-12-27 04:00:00,0.2011300,0.2154100,0.2002400,0.2092700,16859105,1735286399999,2024-12-27 07:59:59,3505749.3161900,41271,9462250,1965792.5087100
1735286400000,2024-12-27 08:00:00,0.2092700,0.2204800,0.2092600,0.2194600,10507704,1735300799999,2024-12-27 11:59:59,2264836.8226100,30285,5354681,1155659.0104100
1735300800000,2024-12-27 12:00:00,0.2194700,0.2198700,0.2081600,0.2095900,6170976,1735315199999,2024-12-27 15:59:59,1321731.2818200,22169,3112247,667052.4965400
1735315200000,2024-12-27 16:00:00,0.2095400,0.2152200,0.2062400,0.2134700,6293720,1735329599999,2024-12-27 19:59:59,1326616.7578200,19344,2961522,624344.3534900
1735329600000,2024-12-27 20:00:00,0.2134900,0.2138200,0.2083900,0.2105900,3858316,1735343999999,2024-12-27 23:59:59,814646.9509800,12929,1701915,359404.7423600
1735344000000,2024-12-28 00:00:00,0.2106000,0.2111900,0.2071200,0.2092200,5637394,1735358399999,2024-12-28 03:59:59,1178840.2876200,16338,3085106,645254.8173800
1735358400000,2024-12-28 04:00:00,0.2092200,0.2111300,0.2025800,0.2032700,16448592,1735372799999,2024-12-28 07:59:59,3402637.5415400,31400,7107985,1471280.0396700
1735372800000,2024-12-28 08:00:00,0.2032900,0.2066500,0.2023000,0.2066000,4501950,1735387199999,2024-12-28 11:59:59,921544.4502000,13547,2335069,478233.3361300
1735387200000,2024-12-28 12:00:00,0.2065200,0.2213700,0.2055400,0.2149500,9780266,1735401599999,2024-12-28 15:59:59,2095758.8922400,23190,4862558,1040651.0465800
1735401600000,2024-12-28 16:00:00,0.2149700,0.2212300,0.2136800,0.2179800,3539294,1735415999999,2024-12-28 19:59:59,771381.6957700,10680,1710846,372959.9527400
1735416000000,2024-12-28 20:00:00,0.2179300,0.2186900,0.2155400,0.2161400,3483931,1735430399999,2024-12-28 23:59:59,754878.7404800,14325,1631977,353674.0838000
1735430400000,2024-12-29 00:00:00,0.2161800,0.2172800,0.2127100,0.2170900,3336831,1735444799999,2024-12-29 03:59:59,717625.3384700,13098,1748161,375986.7077500
1735444800000,2024-12-29 04:00:00,0.2170800,0.2174900,0.2108400,0.2150900,2691755,1735459199999,2024-12-29 07:59:59,574167.8184000,9291,1268454,270657.7745500
1735459200000,2024-12-29 08:00:00,0.2150900,0.2170600,0.2134200,0.2138400,4841090,1735473599999,2024-12-29 11:59:59,1041467.4153800,13149,2081074,447737.9957600
1735473600000,2024-12-29 12:00:00,0.2138700,0.2185800,0.2120500,0.2132500,6202226,1735487999999,2024-12-29 15:59:59,1326882.3702200,14550,2925170,626208.9017700
1735488000000,2024-12-29 16:00:00,0.2132500,0.2135900,0.2083400,0.2098800,2595558,1735502399999,2024-12-29 19:59:59,546302.5378400,9379,1153034,242548.5131500
1735502400000,2024-12-29 20:00:00,0.2098600,0.2103900,0.2056800,0.2088200,2753528,1735516799999,2024-12-29 23:59:59,572210.3712000,8793,1310746,272469.3580400
1735516800000,2024-12-30 00:00:00,0.2088600,0.2161500,0.2076300,0.2130300,3525850,1735531199999,2024-12-30 03:59:59,748243.8682100,12077,1849920,392536.4701000
1735531200000,2024-12-30 04:00:00,0.2130600,0.2167300,0.2093000,0.2123700,2759247,1735545599999,2024-12-30 07:59:59,587606.5057800,9813,1230692,262111.8848600
1735545600000,2024-12-30 08:00:00,0.2123400,0.2143900,0.2054700,0.2088200,3846864,1735559999999,2024-12-30 11:59:59,804856.0009900,12466,1981892,414746.7210200
1735560000000,2024-12-30 12:00:00,0.2087100,0.2117600,0.1986700,0.2001400,7401810,1735574399999,2024-12-30 15:59:59,1514000.6332900,19388,3581013,733340.6449600
1735574400000,2024-12-30 16:00:00,0.2000600,0.2135800,0.1980300,0.2113900,5823717,1735588799999,2024-12-30 19:59:59,1209313.3929000,18272,3059546,635386.2328400
1735588800000,2024-12-30 20:00:00,0.2114700,0.2143600,0.2035400,0.2072600,5652858,1735603199999,2024-12-30 23:59:59,1172028.8033600,16000,2738122,567856.5578800
1735603200000,2024-12-31 00:00:00,0.2072900,0.2072900,0.1995800,0.2001500,3000292,1735617599999,2024-12-31 03:59:59,606888.9664100,10429,1468561,297073.3478900
1735617600000,2024-12-31 04:00:00,0.2001100,0.2019600,0.1981200,0.2007800,3412400,1735631999999,2024-12-31 07:59:59,683380.5498600,9180,1747572,350044.6987300
1735632000000,2024-12-31 08:00:00,0.2007900,0.2084000,0.2007500,0.2038200,5251387,1735646399999,2024-12-31 11:59:59,1076982.1810100,14098,2251926,461913.2198500
1735646400000,2024-12-31 12:00:00,0.2038300,0.2106200,0.2027400,0.2060500,4084814,1735660799999,2024-12-31 15:59:59,845362.1319800,13608,2012742,416425.0410800
1735660800000,2024-12-31 16:00:00,0.2061000,0.2069100,0.1984900,0.1991500,5346954,1735675199999,2024-12-31 19:59:59,1079684.0865400,15715,2498166,504347.4098900
1735675200000,2024-12-31 20:00:00,0.1991400,0.2011800,0.1962300,0.1978800,4572510,1735689599999,2024-12-31 23:59:59,908786.0184700,11279,2501398,497372.1011200
1735689600000,2025-01-01 00:00:00,0.1979000,0.2018700,0.1974100,0.1982300,4034813,1735703999999,2025-01-01 03:59:59,804975.3274700,10548,1983521,395868.8538900
1735704000000,2025-01-01 04:00:00,0.1982300,0.1984200,0.1956600,0.1982900,2554968,1735718399999,2025-01-01 07:59:59,504044.1632100,8589,1488356,293688.7449500
1735718400000,2025-01-01 08:00:00,0.1982900,0.1990500,0.1940700,0.1974700,3388078,1735732799999,2025-01-01 11:59:59,665595.5336800,10344,1571886,308782.7955600
1735732800000,2025-01-01 12:00:00,0.1975400,0.2023400,0.1968600,0.2022600,4209915,1735747199999,2025-01-01 15:59:59,837266.9059700,11592,2155493,428301.8083000
1735747200000,2025-01-01 16:00:00,0.2023400,0.2058200,0.1983000,0.2048300,4766750,1735761599999,2025-01-01 19:59:59,963378.0913000,11288,2263118,456996.5559800
1735761600000,2025-01-01 20:00:00,0.2049300,0.2090800,0.2049300,0.2073600,3336097,1735775999999,2025-01-01 23:59:59,691613.2490900,10950,1620235,335797.4419200
1735776000000,2025-01-02 00:00:00,0.2074200,0.2121000,0.2071700,0.2103300,4114020,1735790399999,2025-01-02 03:59:59,864795.5775000,12322,2052059,431461.3501200
1735790400000,2025-01-02 04:00:00,0.2102600,0.2138800,0.2094000,0.2134700,3662074,1735804799999,2025-01-02 07:59:59,774655.8920500,10803,1883098,398467.6405700
1735804800000,2025-01-02 08:00:00,0.2134400,0.2168600,0.2123100,0.2164000,3250577,1735819199999,2025-01-02 11:59:59,698285.4865600,11125,1654565,355447.7883300
1735819200000,2025-01-02 12:00:00,0.2164200,0.2189400,0.2132500,0.2153200,5831927,1735833599999,2025-01-02 15:59:59,1259779.3078600,14910,2879857,622359.1731700
1735833600000,2025-01-02 16:00:00,0.2152900,0.2198300,0.2129500,0.2132100,4739470,1735847999999,2025-01-02 19:59:59,1022695.4454400,13967,2059275,444739.7046800
1735848000000,2025-01-02 20:00:00,0.2132900,0.2145200,0.2081600,0.2119600,4039995,1735862399999,2025-01-02 23:59:59,853010.5639900,11628,1904807,402053.8440800
1735862400000,2025-01-03 00:00:00,0.2119700,0.2125500,0.2081100,0.2097300,3794919,1735876799999,2025-01-03 03:59:59,797610.6323700,10490,1758901,369609.4441100
1735876800000,2025-01-03 04:00:00,0.2097200,0.2099900,0.2051800,0.2057400,3022260,1735891199999,2025-01-03 07:59:59,626661.6220500,10076,1487834,308534.9977700
1735891200000,2025-01-03 08:00:00,0.2057600,0.2138600,0.2055200,0.2135600,3573503,1735905599999,2025-01-03 11:59:59,749082.6178200,10929,1763464,369456.6339500
1735905600000,2025-01-03 12:00:00,0.2135900,0.2226100,0.2127900,0.2223100,4535156,1735919999999,2025-01-03 15:59:59,984463.0486000,14789,2273273,493812.5429400
1735920000000,2025-01-03 16:00:00,0.2223100,0.2273500,0.2217000,0.2253700,5163392,1735934399999,2025-01-03 19:59:59,1160968.8300800,15962,2419845,544069.5684900
1735934400000,2025-01-03 20:00:00,0.2253400,0.2272100,0.2234400,0.2264400,2775404,1735948799999,2025-01-03 23:59:59,626006.9697100,10547,1209697,272925.1000200
1735948800000,2025-01-04 00:00:00,0.2264200,0.2274200,0.2229900,0.2263400,2799760,1735963199999,2025-01-04 03:59:59,631375.2108800,10808,1247657,281500.8568300
1735963200000,2025-01-04 04:00:00,0.2263100,0.2304600,0.2232400,0.2300400,3788413,1735977599999,2025-01-04 07:59:59,861217.7949900,11087,2093292,476286.2656900
1735977600000,2025-01-04 08:00:00,0.2300900,0.2300900,0.2232000,0.2256800,5078058,1735991999999,2025-01-04 11:59:59,1145891.1590500,11924,2175281,490834.3826900
1735992000000,2025-01-04 12:00:00,0.2256400,0.2309200,0.2226300,0.2242400,5938655,1736006399999,2025-01-04 15:59:59,1350557.0213600,14851,2910997,661386.4813200
1736006400000,2025-01-04 16:00:00,0.2242600,0.2276900,0.2236500,0.2268900,2993170,1736020799999,2025-01-04 19:59:59,675301.4963500,8175,1334658,301400.6294200
1736020800000,2025-01-04 20:00:00,0.2268900,0.2290600,0.2267900,0.2278400,2769601,1736035199999,2025-01-04 23:59:59,630763.2998400,7811,1357120,309114.1087500
1736035200000,2025-01-05 00:00:00,0.2278800,0.2280700,0.2239500,0.2260800,2231090,1736049599999,2025-01-05 03:59:59,504153.4331100,7786,1012457,228789.8591700
1736049600000,2025-01-05 04:00:00,0.2260300,0.2289100,0.2249600,0.2279600,2444241,1736063999999,2025-01-05 07:59:59,554295.2172200,8045,1279512,290290.5226300
1736064000000,2025-01-05 08:00:00,0.2280100,0.2281300,0.2223900,0.2249500,3608312,1736078399999,2025-01-05 11:59:59,811543.8247000,11400,1596958,359216.2887000
1736078400000,2025-01-05 12:00:00,0.2249600,0.2270800,0.2220400,0.2253200,3981895,1736092799999,2025-01-05 15:59:59,894496.3882100,11911,1896406,425944.8917700
1736092800000,2025-01-05 16:00:00,0.2252900,0.2272200,0.2226600,0.2271600,5204851,1736107199999,2025-01-05 19:59:59,1171111.0190800,13212,2835631,637850.4229100
1736107200000,2025-01-05 20:00:00,0.2272100,0.2360100,0.2268300,0.2325500,11908031,1736121599999,2025-01-05 23:59:59,2764421.1750500,27442,6492707,1506969.8232500
1736121600000,2025-01-06 00:00:00,0.2325500,0.2413100,0.2273400,0.2392800,8923209,1736135999999,2025-01-06 03:59:59,2090228.8329300,22836,4445135,1042969.3608700
1736136000000,2025-01-06 04:00:00,0.2393200,0.2403500,0.2310000,0.2326600,6285893,1736150399999,2025-01-06 07:59:59,1474860.4653000,18051,2967832,695952.3534300
1736150400000,2025-01-06 08:00:00,0.2327100,0.2335700,0.2270300,0.2299500,5181782,1736164799999,2025-01-06 11:59:59,1188054.5072500,15077,2163976,495996.9890400
1736164800000,2025-01-06 12:00:00,0.2299500,0.2371800,0.2271500,0.2369600,6338781,1736179199999,2025-01-06 15:59:59,1467358.4237500,18172,3208942,742649.3418900
1736179200000,2025-01-06 16:00:00,0.2371500,0.2392800,0.2295200,0.2312700,3875911,1736193599999,2025-01-06 19:59:59,907494.5889100,10778,1739159,407223.5665900
1736193600000,2025-01-06 20:00:00,0.2312700,0.2320500,0.2279000,0.2315400,2467722,1736207999999,2025-01-06 23:59:59,566943.7643300,8759,1223967,281187.0544900
1736208000000,2025-01-07 00:00:00,0.2314600,0.2323300,0.2262600,0.2275200,3001632,1736222399999,2025-01-07 03:59:59,687093.4641600,9481,1464422,335370.7917900
1736222400000,2025-01-07 04:00:00,0.2275200,0.2282100,0.2255000,0.2262200,2576623,1736236799999,2025-01-07 07:59:59,584005.8735500,8023,1334469,302477.1222700
1736236800000,2025-01-07 08:00:00,0.2262200,0.2281600,0.2208800,0.2227400,3392859,1736251199999,2025-01-07 11:59:59,761982.2922800,9532,1482200,333247.2115900
1736251200000,2025-01-07 12:00:00,0.2227600,0.2252900,0.2074400,0.2102200,18140281,1736265599999,2025-01-07 15:59:59,3920795.8952700,28977,8643361,1867961.1331200
1736265600000,2025-01-07 16:00:00,0.2101200,0.2110500,0.2017700,0.2023400,10589193,1736279999999,2025-01-07 19:59:59,2193761.9349500,19289,5121967,1062261.3310100
1736280000000,2025-01-07 20:00:00,0.2023400,0.2033600,0.1973000,0.1974600,6388145,1736294399999,2025-01-07 23:59:59,1279489.6183400,13193,3098240,620804.0280300
1736294400000,2025-01-08 00:00:00,0.1974100,0.2006900,0.1938200,0.1950000,5786665,1736308799999,2025-01-08 03:59:59,1142840.6730200,14860,3091232,611356.0975700
1736308800000,2025-01-08 04:00:00,0.1949100,0.1957900,0.1863600,0.1920400,10223485,1736323199999,2025-01-08 07:59:59,1946203.4974100,17497,5581780,1062342.5189500
1736323200000,2025-01-08 08:00:00,0.1919700,0.1938200,0.1891900,0.1906000,5322521,1736337599999,2025-01-08 11:59:59,1021888.0806100,12019,2708527,520337.5711500
1736337600000,2025-01-08 12:00:00,0.1906400,0.1948200,0.1884000,0.1929800,7730388,1736351999999,2025-01-08 15:59:59,1480023.3521600,14290,3723010,713354.6030900
1736352000000,2025-01-08 16:00:00,0.1929100,0.1931900,0.1800600,0.1870900,12931215,1736366399999,2025-01-08 19:59:59,2413613.4769200,26302,6030898,1125288.2177900
1736366400000,2025-01-08 20:00:00,0.1871300,0.1908000,0.1851500,0.1897600,3351860,1736380799999,2025-01-08 23:59:59,629653.7622900,10112,1849567,347625.7245700
1736380800000,2025-01-09 00:00:00,0.1897300,0.1928000,0.1881000,0.1896700,4089864,1736395199999,2025-01-09 03:59:59,778711.6855600,17891,1923505,366658.8877400
1736395200000,2025-01-09 04:00:00,0.1896700,0.1902000,0.1829500,0.1835300,3852366,1736409599999,2025-01-09 07:59:59,721067.5000000,11071,1954490,366134.4353900
1736409600000,2025-01-09 08:00:00,0.1835800,0.1886100,0.1824100,0.1864900,4765106,1736423999999,2025-01-09 11:59:59,883501.9246200,12741,2373140,440307.4564100
1736424000000,2025-01-09 12:00:00,0.1864800,0.1885300,0.1776700,0.1869600,7759761,1736438399999,2025-01-09 15:59:59,1413434.5923200,19935,3955730,720604.9677100
1736438400000,2025-01-09 16:00:00,0.1870400,0.1881800,0.1782800,0.1790400,4530266,1736452799999,2025-01-09 19:59:59,830989.6395900,12857,2166650,397800.1924500
1736452800000,2025-01-09 20:00:00,0.1790600,0.1832200,0.1763500,0.1822300,5521803,1736467199999,2025-01-09 23:59:59,992722.6686300,12457,2682886,482356.1837600
1736467200000,2025-01-10 00:00:00,0.1822800,0.1847500,0.1813000,0.1843800,2861618,1736481599999,2025-01-10 03:59:59,524304.3310200,8888,1417784,259811.8743200
1736481600000,2025-01-10 04:00:00,0.1843300,0.1884300,0.1826400,0.1870900,4403067,1736495999999,2025-01-10 07:59:59,814887.4117000,10258,2147893,397781.6597200
1736496000000,2025-01-10 08:00:00,0.1871100,0.1882300,0.1853200,0.1869200,3535825,1736510399999,2025-01-10 11:59:59,661117.0959500,8499,1914575,358173.9389400
1736510400000,2025-01-10 12:00:00,0.1869200,0.1899500,0.1804700,0.1844100,13987670,1736524799999,2025-01-10 15:59:59,2583038.2116000,22808,6615320,1222876.7677600
1736524800000,2025-01-10 16:00:00,0.1844100,0.1887600,0.1812200,0.1878200,8298084,1736539199999,2025-01-10 19:59:59,1531261.6909100,17506,4286224,791150.6902800
1736539200000,2025-01-10 20:00:00,0.1879200,0.1885100,0.1851600,0.1870200,2760893,1736553599999,2025-01-10 23:59:59,516223.7658500,8444,1428818,267165.7295600
1736553600000,2025-01-11 00:00:00,0.1869200,0.1887200,0.1839700,0.1843400,2311372,1736567999999,2025-01-11 03:59:59,430031.4413200,7781,1049835,195472.6073200
1736568000000,2025-01-11 04:00:00,0.1843400,0.1853800,0.1824900,0.1831500,3525056,1736582399999,2025-01-11 07:59:59,647849.6170500,9581,1741226,320067.2556300
1736582400000,2025-01-11 08:00:00,0.1831500,0.1849700,0.1816000,0.1842600,3211046,1736596799999,2025-01-11 11:59:59,588809.0047500,7687,1818402,333523.7576200
1736596800000,2025-01-11 12:00:00,0.1842900,0.1846400,0.1808500,0.1813600,2385308,1736611199999,2025-01-11 15:59:59,435377.0295900,7465,1194609,217952.4270000
1736611200000,2025-01-11 16:00:00,0.1814100,0.1820800,0.1793600,0.1801000,4896033,1736625599999,2025-01-11 19:59:59,884949.6497000,10280,2225047,401975.5592300
1736625600000,2025-01-11 20:00:00,0.1801500,0.1875200,0.1801500,0.1827000,5800038,1736639999999,2025-01-11 23:59:59,1066904.7120600,12380,3021325,555381.7145400
1736640000000,2025-01-12 00:00:00,0.1827600,0.1837900,0.1815400,0.1833000,3117746,1736654399999,2025-01-12 03:59:59,569867.9784000,7281,1722064,314779.6249800
1736654400000,2025-01-12 04:00:00,0.1833000,0.1837900,0.1801500,0.1817500,3008568,1736668799999,2025-01-12 07:59:59,548529.7295400,7120,1300748,237186.3615500
1736668800000,2025-01-12 08:00:00,0.1817300,0.1819700,0.1794200,0.1813400,3346321,1736683199999,2025-01-12 11:59:59,604442.6385500,7418,1703434,307758.8783000
1736683200000,2025-01-12 12:00:00,0.1813100,0.1827800,0.1795900,0.1821500,7791822,1736697599999,2025-01-12 15:59:59,1409662.7183700,11668,3931894,711169.6034500
1736697600000,2025-01-12 16:00:00,0.1821600,0.1829200,0.1796600,0.1802600,3263964,1736711999999,2025-01-12 19:59:59,590795.4148000,7559,1680015,304173.8201300
1736712000000,2025-01-12 20:00:00,0.1802800,0.1809500,0.1755600,0.1773600,4442926,1736726399999,2025-01-12 23:59:59,789530.6155200,11562,2108375,374751.1640900
1736726400000,2025-01-13 00:00:00,0.1773700,0.1831300,0.1717200,0.1722300,6697415,1736740799999,2025-01-13 03:59:59,1186553.7146400,17259,2980472,528779.6915200
1736740800000,2025-01-13 04:00:00,0.1722200,0.1755800,0.1684000,0.1704400,4565243,1736755199999,2025-01-13 07:59:59,782086.8550900,11665,2011271,345020.4367600
1736755200000,2025-01-13 08:00:00,0.1704600,0.1708100,0.1599500,0.1600600,7642649,1736769599999,2025-01-13 11:59:59,1258260.8557700,17212,3438829,566108.9772300
1736769600000,2025-01-13 12:00:00,0.1600800,0.1689100,0.1581200,0.1666400,9930457,1736783999999,2025-01-13 15:59:59,1618665.3047200,19583,5091818,830841.5465900
1736784000000,2025-01-13 16:00:00,0.1667000,0.1671600,0.1590500,0.1635000,5876590,1736798399999,2025-01-13 19:59:59,959580.2382500,13095,2923038,477403.5190800
1736798400000,2025-01-13 20:00:00,0.1635100,0.1718800,0.1619700,0.1703200,4240833,1736812799999,2025-01-13 23:59:59,714841.7004400,11345,2040155,343851.5412900
1736812800000,2025-01-14 00:00:00,0.1704000,0.1724700,0.1690400,0.1705700,3160548,1736827199999,2025-01-14 03:59:59,539050.2319800,8241,1551661,264666.8719600
1736827200000,2025-01-14 04:00:00,0.1706100,0.1739500,0.1706100,0.1713900,2931408,1736841599999,2025-01-14 07:59:59,505079.9083900,7053,1501152,258789.0974200
1736841600000,2025-01-14 08:00:00,0.1713900,0.1782900,0.1713900,0.1748200,4034448,1736855999999,2025-01-14 11:59:59,706525.8845100,8870,1984867,347675.5768000
1736856000000,2025-01-14 12:00:00,0.1747500,0.1780300,0.1726600,0.1753400,5788601,1736870399999,2025-01-14 15:59:59,1014027.7258700,10933,2815340,493235.5250800
1736870400000,2025-01-14 16:00:00,0.1752400,0.1765000,0.1731200,0.1759700,3931031,1736884799999,2025-01-14 19:59:59,687983.9501500,9570,1765186,309111.0349600
1736884800000,2025-01-14 20:00:00,0.1759800,0.1796600,0.1744600,0.1783800,2523795,1736899199999,2025-01-14 23:59:59,446345.7969400,11986,1407160,248988.2264600
1736899200000,2025-01-15 00:00:00,0.1783200,0.1793500,0.1762400,0.1784000,3422947,1736913599999,2025-01-15 03:59:59,608342.0059400,11396,1644434,292325.9649600
1736913600000,2025-01-15 04:00:00,0.1784400,0.1801800,0.1764700,0.1784300,3238029,1736927999999,2025-01-15 07:59:59,575914.5197000,6964,1685516,299788.4353600
1736928000000,2025-01-15 08:00:00,0.1784800,0.1791500,0.1715500,0.1729600,5758718,1736942399999,2025-01-15 11:59:59,1007582.3399900,11425,2889898,505621.8353900
1736942400000,2025-01-15 12:00:00,0.1729700,0.1845000,0.1716000,0.1831800,10413939,1736956799999,2025-01-15 15:59:59,1869253.5476200,21617,5316668,953825.8983000
1736956800000,2025-01-15 16:00:00,0.1832100,0.1873800,0.1812900,0.1871500,4980808,1736971199999,2025-01-15 19:59:59,919202.9857100,9882,2775086,512312.3199400
1736971200000,2025-01-15 20:00:00,0.1871200,0.1888800,0.1855000,0.1886600,3710179,1736985599999,2025-01-15 23:59:59,695270.2365700,8506,2032395,381052.5771900
1736985600000,2025-01-16 00:00:00,0.1886600,0.1891300,0.1828000,0.1839800,3674726,1736999999999,2025-01-16 03:59:59,682626.1452700,10348,1716421,319038.8758400
1737000000000,2025-01-16 04:00:00,0.1840000,0.1856900,0.1826500,0.1847100,2075201,1737014399999,2025-01-16 07:59:59,382603.6900000,6170,1126448,207771.8368700
1737014400000,2025-01-16 08:00:00,0.1847100,0.1850400,0.1804300,0.1843500,4961374,1737028799999,2025-01-16 11:59:59,903535.8522500,11790,2350504,427948.1458400
1737028800000,2025-01-16 12:00:00,0.1843200,0.1862400,0.1771100,0.1813900,11534409,1737043199999,2025-01-16 15:59:59,2089998.7438100,20948,5467489,990503.2189400
1737043200000,2025-01-16 16:00:00,0.1813600,0.1857400,0.1813200,0.1855400,7689917,1737057599999,2025-01-16 19:59:59,1410075.5989300,13400,3575378,656068.1458500
1737057600000,2025-01-16 20:00:00,0.1855200,0.1863600,0.1792500,0.1807400,3649471,1737071999999,2025-01-16 23:59:59,665460.5476900,9390,1786992,325673.6167000
1737072000000,2025-01-17 00:00:00,0.1807400,0.1878400,0.1804900,0.1861400,4616829,1737086399999,2025-01-17 03:59:59,853587.6124400,10397,2573180,475398.8896700
1737086400000,2025-01-17 04:00:00,0.1861700,0.1884100,0.1851300,0.1869300,2772114,1737100799999,2025-01-17 07:59:59,518128.0764300,7558,1258904,235302.0698700
1737100800000,2025-01-17 08:00:00,0.1868500,0.1928100,0.1860700,0.1910300,6325859,1737115199999,2025-01-17 11:59:59,1201033.9388700,14894,3602281,684572.3766100
1737115200000,2025-01-17 12:00:00,0.1910300,0.1945100,0.1903500,0.1922500,8461474,1737129599999,2025-01-17 15:59:59,1626941.1953300,18725,4039690,777055.1174400
1737129600000,2025-01-17 16:00:00,0.1923200,0.1944700,0.1898200,0.1923500,4037971,1737143999999,2025-01-17 19:59:59,775461.5780800,10162,1894037,363815.1193700
1737144000000,2025-01-17 20:00:00,0.1923800,0.1962900,0.1918800,0.1934000,5275129,1737158399999,2025-01-17 23:59:59,1025022.8068000,13263,2446550,475455.3934500
1737158400000,2025-01-18 00:00:00,0.1934300,0.1960000,0.1869100,0.1872100,5141065,1737172799999,2025-01-18 03:59:59,986499.4622400,12236,2470868,474376.9629600
1737172800000,2025-01-18 04:00:00,0.1872400,0.1881200,0.1778800,0.1785500,10320355,1737187199999,2025-01-18 07:59:59,1882360.1203900,17002,4946292,901721.9982300
1737187200000,2025-01-18 08:00:00,0.1785600,0.1801300,0.1749500,0.1799200,7601604,1737201599999,2025-01-18 11:59:59,1349832.9586200,15592,3668175,651259.2797700
1737201600000,2025-01-18 12:00:00,0.1798700,0.1809900,0.1757300,0.1769200,3967731,1737215999999,2025-01-18 15:59:59,710017.1489100,11777,2096392,375421.1437700
1737216000000,2025-01-18 16:00:00,0.1769800,0.1780200,0.1725600,0.1755300,6430067,1737230399999,2025-01-18 19:59:59,1125124.4253400,14627,2986204,522883.3123000
1737230400000,2025-01-18 20:00:00,0.1755800,0.1767900,0.1727400,0.1756100,3435905,1737244799999,2025-01-18 23:59:59,599655.0401900,10287,1800793,314228.5676200
1737244800000,2025-01-19 00:00:00,0.1756100,0.1831000,0.1752800,0.1792400,4825127,1737259199999,2025-01-19 03:59:59,866174.6679700,15824,2814207,505400.4175400
1737259200000,2025-01-19 04:00:00,0.1792500,0.1797600,0.1723000,0.1726600,3927462,1737273599999,2025-01-19 07:59:59,691854.5441700,14108,1800625,317501.9653900
1737273600000,2025-01-19 08:00:00,0.1726000,0.1726700,0.1600000,0.1611200,12943836,1737287999999,2025-01-19 11:59:59,2141065.6794200,28174,5932631,981217.2001300
1737288000000,2025-01-19 12:00:00,0.1611000,0.1751600,0.1608500,0.1731200,9487422,1737302399999,2025-01-19 15:59:59,1606143.4586900,21714,4861895,823707.3183300
1737302400000,2025-01-19 16:00:00,0.1731600,0.1781100,0.1714200,0.1780700,4518389,1737316799999,2025-01-19 19:59:59,788567.1220100,11191,2457598,428897.4201000
1737316800000,2025-01-19 20:00:00,0.1781100,0.1790000,0.1562700,0.1586600,20159036,1737331199999,2025-01-19 23:59:59,3330796.9716000,41227,9088626,1501961.0682200
1737331200000,2025-01-20 00:00:00,0.1585500,0.1588400,0.1489800,0.1515300,20260653,1737345599999,2025-01-20 03:59:59,3108830.9976200,34878,9682433,1486953.2725300
1737345600000,2025-01-20 04:00:00,0.1514700,0.1688100,0.1498000,0.1637700,14660154,1737359999999,2025-01-20 07:59:59,2355852.7394100,26898,7251649,1163224.0491500
1737360000000,2025-01-20 08:00:00,0.1638400,0.1656400,0.1590600,0.1616400,4990261,1737374399999,2025-01-20 11:59:59,811733.3385100,13450,2539653,413201.2394500
1737374400000,2025-01-20 12:00:00,0.1617300,0.1618200,0.1548900,0.1553500,7576461,1737388799999,2025-01-20 15:59:59,1191824.5165800,19430,3715357,584521.0537800
1737388800000,2025-01-20 16:00:00,0.1554000,0.1581200,0.1463500,0.1531900,18830777,1737403199999,2025-01-20 19:59:59,2856896.5726200,31344,9233190,1400762.7168500
1737403200000,2025-01-20 20:00:00,0.1531000,0.1544000,0.1476600,0.1500400,4473861,1737417599999,2025-01-20 23:59:59,676741.4893800,12581,1993062,301527.8099300
1737417600000,2025-01-21 00:00:00,0.1499700,0.1509900,0.1435100,0.1446000,5658676,1737431999999,2025-01-21 03:59:59,831541.8066600,15942,2562478,376968.6400300
1737432000000,2025-01-21 04:00:00,0.1445300,0.1451500,0.1405400,0.1442000,5607521,1737446399999,2025-01-21 07:59:59,803484.7121700,17622,2960748,424323.3844100
1737446400000,2025-01-21 08:00:00,0.1441500,0.1508900,0.1424500,0.1503800,7360722,1737460799999,2025-01-21 11:59:59,1079961.3091600,19354,4380568,643372.7816000
1737460800000,2025-01-21 12:00:00,0.1503900,0.1521900,0.1476200,0.1500000,5424758,1737475199999,2025-01-21 15:59:59,813565.8124800,14714,2858445,428952.0305900
1737475200000,2025-01-21 16:00:00,0.1500100,0.1584300,0.1493300,0.1568200,6491726,1737489599999,2025-01-21 19:59:59,1007012.3407200,16213,3047507,472581.0740900
1737489600000,2025-01-21 20:00:00,0.1567900,0.1594900,0.1549500,0.1576500,6320379,1737503999999,2025-01-21 23:59:59,992563.0133800,15537,2942950,461811.4586400
1737504000000,2025-01-22 00:00:00,0.1575600,0.1636000,0.1574000,0.1619600,7885765,1737518399999,2025-01-22 03:59:59,1261371.1056500,15683,3863456,618400.8686200
1737518400000,2025-01-22 04:00:00,0.1618900,0.1636600,0.1572800,0.1579600,8282761,1737532799999,2025-01-22 07:59:59,1325581.0077500,17255,3794387,606836.1321000
1737532800000,2025-01-22 08:00:00,0.1579600,0.1589000,0.1557000,0.1582200,4975977,1737547199999,2025-01-22 11:59:59,782987.6041300,12770,2415817,380499.2750700
1737547200000,2025-01-22 12:00:00,0.1582700,0.1590000,0.1525400,0.1537100,6212964,1737561599999,2025-01-22 15:59:59,962632.9477800,14967,3095275,479412.9161200
1737561600000,2025-01-22 16:00:00,0.1537100,0.1555700,0.1514200,0.1525100,6061494,1737575999999,2025-01-22 19:59:59,930564.9883900,14502,2946809,452551.9374100
1737576000000,2025-01-22 20:00:00,0.1525400,0.1539800,0.1496000,0.1508000,3616856,1737590399999,2025-01-22 23:59:59,548444.0085600,10766,1795462,272257.2110600
1737590400000,2025-01-23 00:00:00,0.1507900,0.1515000,0.1480100,0.1494800,4080241,1737604799999,2025-01-23 03:59:59,610580.7611800,12586,1861341,278559.8770800
1737604800000,2025-01-23 04:00:00,0.1495200,0.1507000,0.1478800,0.1506200,3351970,1737619199999,2025-01-23 07:59:59,499572.6923000,13239,1813448,270309.5425700
1737619200000,2025-01-23 08:00:00,0.1506400,0.1507700,0.1468000,0.1480500,3343250,1737633599999,2025-01-23 11:59:59,497117.1766500,10032,1585283,235811.4869500
1737633600000,2025-01-23 12:00:00,0.1480200,0.1541600,0.1455700,0.1508800,7565516,1737647999999,2025-01-23 15:59:59,1132354.0634400,18023,3916659,587239.3105000
1737648000000,2025-01-23 16:00:00,0.1508600,0.1540200,0.1446500,0.1454900,5066038,1737662399999,2025-01-23 19:59:59,759119.9906800,14788,2432804,364961.6887100
1737662400000,2025-01-23 20:00:00,0.1454500,0.1511500,0.1447500,0.1503400,8284522,1737676799999,2025-01-23 23:59:59,1228313.1756100,19687,4333029,642632.6968600
1737676800000,2025-01-24 00:00:00,0.1504000,0.1510700,0.1443100,0.1464100,4706773,1737691199999,2025-01-24 03:59:59,691913.9901100,13969,2203271,324011.9090800
1737691200000,2025-01-24 04:00:00,0.1464100,0.1544400,0.1457400,0.1522900,6683793,1737705599999,2025-01-24 07:59:59,1011226.9419500,14214,3363815,508031.6455700
1737705600000,2025-01-24 08:00:00,0.1522900,0.1528000,0.1503400,0.1523400,5697020,1737719999999,2025-01-24 11:59:59,863045.4661100,14733,2734954,414339.6401600
1737720000000,2025-01-24 12:00:00,0.1524000,0.1538300,0.1497600,0.1512100,5061998,1737734399999,2025-01-24 15:59:59,769151.5172600,11958,2311423,351473.8500000
1737734400000,2025-01-24 16:00:00,0.1512300,0.1514100,0.1461100,0.1466400,5465748,1737748799999,2025-01-24 19:59:59,813656.4493700,14396,2762945,410941.8458900
1737748800000,2025-01-24 20:00:00,0.1466700,0.1474000,0.1423200,0.1438500,4594368,1737763199999,2025-01-24 23:59:59,662775.8312700,12655,2264883,326746.1222700
1737763200000,2025-01-25 00:00:00,0.1438300,0.1460400,0.1405700,0.1457800,3911651,1737777599999,2025-01-25 03:59:59,558642.3645900,12670,1959657,279895.9103600
1737777600000,2025-01-25 04:00:00,0.1457700,0.1457700,0.1371600,0.1391000,10606758,1737791999999,2025-01-25 07:59:59,1491487.2191000,24143,4509059,634078.2583400
1737792000000,2025-01-25 08:00:00,0.1391100,0.1398900,0.1363400,0.1397000,8353420,1737806399999,2025-01-25 11:59:59,1153377.6391000,21864,4010839,553852.0690000
1737806400000,2025-01-25 12:00:00,0.1396700,0.1423900,0.1378900,0.1413200,8086340,1737820799999,2025-01-25 15:59:59,1130737.4804800,18417,4182733,585126.1599300
1737820800000,2025-01-25 16:00:00,0.1413600,0.1423100,0.1391500,0.1408600,6156132,1737835199999,2025-01-25 19:59:59,865219.0649200,13055,2568490,361229.4280400
1737835200000,2025-01-25 20:00:00,0.1408600,0.1424000,0.1392600,0.1395000,3133424,1737849599999,2025-01-25 23:59:59,440674.9540000,10141,1503826,211409.2241600
1737849600000,2025-01-26 00:00:00,0.1395500,0.1424300,0.1389400,0.1415100,3131528,1737863999999,2025-01-26 03:59:59,440308.7416200,10308,1644705,231388.5392000
1737864000000,2025-01-26 04:00:00,0.1415400,0.1437000,0.1412200,0.1436400,5530841,1737878399999,2025-01-26 07:59:59,787268.1918300,12648,2552272,363513.3432200
1737878400000,2025-01-26 08:00:00,0.1436300,0.1442200,0.1407400,0.1422900,4015632,1737892799999,2025-01-26 11:59:59,570396.0797400,14363,1907827,270915.4023900
1737892800000,2025-01-26 12:00:00,0.1422600,0.1429200,0.1411500,0.1420200,3117611,1737907199999,2025-01-26 15:59:59,442811.2113000,10726,1589265,225785.8843100
1737907200000,2025-01-26 16:00:00,0.1420100,0.1434000,0.1409500,0.1430600,3025974,1737921599999,2025-01-26 19:59:59,430262.1093600,10075,1498795,213091.9517100
1737921600000,2025-01-26 20:00:00,0.1430700,0.1432200,0.1355800,0.1358900,6706494,1737935999999,2025-01-26 23:59:59,930402.8496200,18955,3002331,416408.8667200
1737936000000,2025-01-27 00:00:00,0.1358500,0.1358800,0.1281000,0.1293200,9973857,1737950399999,2025-01-27 03:59:59,1311355.8993600,24505,4389567,577041.3140300
1737950400000,2025-01-27 04:00:00,0.1293000,0.1293400,0.1198900,0.1237100,12814415,1737964799999,2025-01-27 07:59:59,1599958.7923900,28489,5547016,693302.0992200
1737964800000,2025-01-27 08:00:00,0.1236600,0.1252900,0.1209400,0.1230500,8227181,1737979199999,2025-01-27 11:59:59,1015911.5981300,22967,4309776,532492.3546500
1737979200000,2025-01-27 12:00:00,0.1230900,0.1309000,0.1225200,0.1298000,11860323,1737993599999,2025-01-27 15:59:59,1511582.2413700,28264,6296053,801824.6659700
1737993600000,2025-01-27 16:00:00,0.1297900,0.1307700,0.1261000,0.1272800,6545807,1738007999999,2025-01-27 19:59:59,839409.6011100,19168,3291190,422237.7326700
1738008000000,2025-01-27 20:00:00,0.1273300,0.1341600,0.1273100,0.1324600,6278528,1738022399999,2025-01-27 23:59:59,824766.3085300,17805,3183116,418944.4489400
1738022400000,2025-01-28 00:00:00,0.1324500,0.1338600,0.1303100,0.1315700,4483449,1738036799999,2025-01-28 03:59:59,590936.2733400,12911,2130285,280807.0410300
1738036800000,2025-01-28 04:00:00,0.1316400,0.1329900,0.1298300,0.1301400,3237230,1738051199999,2025-01-28 07:59:59,425593.6273700,10458,1702838,223911.4821800
1738051200000,2025-01-28 08:00:00,0.1301400,0.1307800,0.1291200,0.1297800,5270445,1738065599999,2025-01-28 11:59:59,685112.9493200,12399,2854122,371081.9459300
1738065600000,2025-01-28 12:00:00,0.1297400,0.1308500,0.1276400,0.1292400,6661534,1738079999999,2025-01-28 15:59:59,860567.7391100,18819,3323483,429561.7079000
1738080000000,2025-01-28 16:00:00,0.1293200,0.1294100,0.1255200,0.1262200,4796951,1738094399999,2025-01-28 19:59:59,610861.8811700,14862,2192604,279392.9954300
1738094400000,2025-01-28 20:00:00,0.1262100,0.1270700,0.1188700,0.1196400,6783656,1738108799999,2025-01-28 23:59:59,827608.6662300,19928,2895432,352943.1185100
1738108800000,2025-01-29 00:00:00,0.1196900,0.1245300,0.1181300,0.1242800,6266172,1738123199999,2025-01-29 03:59:59,761026.2834100,16541,3454300,419996.2741600
1738123200000,2025-01-29 04:00:00,0.1243100,0.1272900,0.1237000,0.1270800,3456621,1738137599999,2025-01-29 07:59:59,432705.5788900,11434,1779996,222979.2067400
1738137600000,2025-01-29 08:00:00,0.1270000,0.1277500,0.1237800,0.1252000,4108396,1738151999999,2025-01-29 11:59:59,516025.5081500,10527,2182641,274327.6728600
1738152000000,2025-01-29 12:00:00,0.1252400,0.1257700,0.1214500,0.1230800,4580258,1738166399999,2025-01-29 15:59:59,563829.3763200,13150,2150251,264741.4381000
1738166400000,2025-01-29 16:00:00,0.1230700,0.1278000,0.1202100,0.1262600,10596123,1738180799999,2025-01-29 19:59:59,1316251.5543800,23194,5398155,671171.3419400
1738180800000,2025-01-29 20:00:00,0.1262800,0.1299700,0.1243200,0.1247100,8274081,1738195199999,2025-01-29 23:59:59,1052724.6687700,19942,4233216,538858.1121500
1738195200000,2025-01-30 00:00:00,0.1246900,0.1283500,0.1226900,0.1281400,4448242,1738209599999,2025-01-30 03:59:59,558497.7612100,10785,2263512,284333.1968500
1738209600000,2025-01-30 04:00:00,0.1281000,0.1290400,0.1258900,0.1270300,5439105,1738223999999,2025-01-30 07:59:59,692930.3832000,10258,2999875,382247.3087000
1738224000000,2025-01-30 08:00:00,0.1270500,0.1283000,0.1259200,0.1273500,4294419,1738238399999,2025-01-30 11:59:59,546703.4123500,8487,2167884,276108.2243300
1738238400000,2025-01-30 12:00:00,0.1273700,0.1305000,0.1260600,0.1293100,6024050,1738252799999,2025-01-30 15:59:59,773247.5657100,12588,3036619,389785.3391300
1738252800000,2025-01-30 16:00:00,0.1293200,0.1310500,0.1282900,0.1295400,5060906,1738267199999,2025-01-30 19:59:59,655750.8460700,10650,2189496,283904.0207800
1738267200000,2025-01-30 20:00:00,0.1296000,0.1297000,0.1275000,0.1278400,3088943,1738281599999,2025-01-30 23:59:59,396833.0161600,8040,1492684,191757.9147500
1738281600000,2025-01-31 00:00:00,0.1278700,0.1302900,0.1262200,0.1271700,5051882,1738295999999,2025-01-31 03:59:59,647916.9843600,12337,2450067,314004.2426400
1738296000000,2025-01-31 04:00:00,0.1271900,0.1292800,0.1256700,0.1278000,3102923,1738310399999,2025-01-31 07:59:59,395265.6267500,7197,1667307,212397.2022400
1738310400000,2025-01-31 08:00:00,0.1277900,0.1315300,0.1265100,0.1313600,4535256,1738324799999,2025-01-31 11:59:59,583420.2919000,10567,2185589,281343.3135400
1738324800000,2025-01-31 12:00:00,0.1313300,0.1355400,0.1310200,0.1355100,6417681,1738339199999,2025-01-31 15:59:59,852078.5459300,14366,3289556,437014.8309700
1738339200000,2025-01-31 16:00:00,0.1355100,0.1358000,0.1282400,0.1302400,6401107,1738353599999,2025-01-31 19:59:59,841061.4310700,15650,2808188,369379.2447400
1738353600000,2025-01-31 20:00:00,0.1302000,0.1304800,0.1273100,0.1289600,3640097,1738367999999,2025-01-31 23:59:59,468624.5509200,9374,1760265,226720.0174800
1738368000000,2025-02-01 00:00:00,0.1289700,0.1299600,0.1271100,0.1286000,3356081,1738382399999,2025-02-01 03:59:59,431978.1076300,8858,1768932,227721.6755800
1738382400000,2025-02-01 04:00:00,0.1286100,0.1299000,0.1276400,0.1281400,2677297,1738396799999,2025-02-01 07:59:59,344405.0462400,8268,1328911,171013.7960400
1738396800000,2025-02-01 08:00:00,0.1281500,0.1284400,0.1235300,0.1254600,4049301,1738411199999,2025-02-01 11:59:59,507984.1509200,9665,1697500,212898.2601000
1738411200000,2025-02-01 12:00:00,0.1253600,0.1267800,0.1224700,0.1242100,5504906,1738425599999,2025-02-01 15:59:59,687838.6989200,11618,2550523,318846.5595400
1738425600000,2025-02-01 16:00:00,0.1242300,0.1248600,0.1187300,0.1193900,8130514,1738439999999,2025-02-01 19:59:59,991862.1692200,16653,3936358,480275.8364400
1738440000000,2025-02-01 20:00:00,0.1193800,0.1194800,0.1132300,0.1137700,8386699,1738454399999,2025-02-01 23:59:59,976427.5331500,18638,3752767,436626.2516700
1738454400000,2025-02-02 00:00:00,0.1137700,0.1161700,0.1090600,0.1093200,8466659,1738468799999,2025-02-02 03:59:59,954341.2165100,18277,3927255,443404.8060900
1738468800000,2025-02-02 04:00:00,0.1093600,0.1143900,0.1089600,0.1128400,7659684,1738483199999,2025-02-02 07:59:59,858728.1861400,16202,4050801,454260.3327700
1738483200000,2025-02-02 08:00:00,0.1128100,0.1150700,0.1098300,0.1104900,6534559,1738497599999,2025-02-02 11:59:59,734546.3847800,14171,3267546,367420.6847300
1738497600000,2025-02-02 12:00:00,0.1104700,0.1137600,0.1102800,0.1120800,8129758,1738511999999,2025-02-02 15:59:59,911273.2994300,16412,3921516,439578.3574000
1738512000000,2025-02-02 16:00:00,0.1120800,0.1121100,0.0974200,0.1018300,34786644,1738526399999,2025-02-02 19:59:59,3608764.2353100,49518,15160126,1575211.4162900
1738526400000,2025-02-02 20:00:00,0.1018100,0.1030500,0.0914300,0.0975700,23640015,1738540799999,2025-02-02 23:59:59,2281932.7204700,32437,10928555,1057302.1574300
1738540800000,2025-02-03 00:00:00,0.0976300,0.0976400,0.0720700,0.0790800,73793379,1738555199999,2025-02-03 03:59:59,6203361.5026000,84159,33729202,2835072.0773200
1738555200000,2025-02-03 04:00:00,0.0791200,0.0859000,0.0765600,0.0855700,23612923,1738569599999,2025-02-03 07:59:59,1901377.6474100,43965,11082375,891384.5221200
1738569600000,2025-02-03 08:00:00,0.0855800,0.0878300,0.0827400,0.0860200,12104942,1738583999999,2025-02-03 11:59:59,1034113.8174300,20346,6445928,550653.9246400
1738584000000,2025-02-03 12:00:00,0.0861200,0.0929300,0.0823000,0.0918400,22046342,1738598399999,2025-02-03 15:59:59,1923646.3786100,37062,11314235,987521.4050800
1738598400000,2025-02-03 16:00:00,0.0918600,0.0947100,0.0908400,0.0947000,13863676,1738612799999,2025-02-03 19:59:59,1281513.9090700,22290,7019397,649086.3563000
1738612800000,2025-02-03 20:00:00,0.0946500,0.0993900,0.0923100,0.0986100,11307033,1738627199999,2025-02-03 23:59:59,1090073.4791600,20023,5703878,550594.7716900
1738627200000,2025-02-04 00:00:00,0.0985900,0.0999300,0.0949900,0.0962200,8726598,1738641599999,2025-02-04 03:59:59,847820.0995200,14255,4069841,395677.8700400
1738641600000,2025-02-04 04:00:00,0.0962200,0.0974500,0.0881400,0.0884300,16326129,1738655999999,2025-02-04 07:59:59,1505796.0820000,28780,7860974,724998.4042100
1738656000000,2025-02-04 08:00:00,0.0884700,0.0921500,0.0878300,0.0905500,10964979,1738670399999,2025-02-04 11:59:59,986838.5567900,21752,5585691,502660.2294300
1738670400000,2025-02-04 12:00:00,0.0905700,0.0941600,0.0905400,0.0925000,12385992,1738684799999,2025-02-04 15:59:59,1144516.1635000,20040,6270842,579467.2369800
1738684800000,2025-02-04 16:00:00,0.0925200,0.0957200,0.0912100,0.0912100,10271695,1738699199999,2025-02-04 19:59:59,958275.6565200,18909,4773825,445464.1756300
1738699200000,2025-02-04 20:00:00,0.0912700,0.0928400,0.0883200,0.0915700,14115590,1738713599999,2025-02-04 23:59:59,1275775.9396400,22680,7238909,654499.6208900
1738713600000,2025-02-05 00:00:00,0.0915600,0.0937600,0.0908000,0.0932500,6638009,1738727999999,2025-02-05 03:59:59,611922.3308100,12407,3602889,332445.5121100
1738728000000,2025-02-05 04:00:00,0.0932500,0.0950500,0.0923900,0.0934000,6801904,1738742399999,2025-02-05 07:59:59,635265.3325800,11788,3566910,333007.6209200
1738742400000,2025-02-05 08:00:00,0.0933900,0.0951400,0.0917800,0.0941300,5198536,1738756799999,2025-02-05 11:59:59,485204.8756300,9996,2637966,246216.6094500
1738756800000,2025-02-05 12:00:00,0.0941300,0.0950400,0.0915100,0.0932100,7463234,1738771199999,2025-02-05 15:59:59,698494.7474500,13631,3797988,355598.6681600
1738771200000,2025-02-05 16:00:00,0.0932000,0.0937200,0.0891300,0.0921300,9825279,1738785599999,2025-02-05 19:59:59,894356.0913400,18376,4904675,446552.5855000
1738785600000,2025-02-05 20:00:00,0.0921500,0.0928200,0.0895600,0.0905600,4983120,1738799999999,2025-02-05 23:59:59,453178.5238900,11890,2460390,223878.6799400
1738800000000,2025-02-06 00:00:00,0.0905000,0.0925200,0.0891700,0.0906400,5655512,1738814399999,2025-02-06 03:59:59,513989.9485000,11837,2806575,254935.8822600
1738814400000,2025-02-06 04:00:00,0.0906400,0.0924900,0.0902600,0.0908600,4097969,1738828799999,2025-02-06 07:59:59,373752.4593400,9111,1997005,182154.0116800
1738828800000,2025-02-06 08:00:00,0.0909200,0.0914400,0.0883400,0.0892500,5414201,1738843199999,2025-02-06 11:59:59,487715.9137400,12545,2528389,227867.7232600
1738843200000,2025-02-06 12:00:00,0.0892500,0.0898500,0.0824400,0.0830200,14729826,1738857599999,2025-02-06 15:59:59,1268284.4052700,23518,6635207,572162.1083600
1738857600000,2025-02-06 16:00:00,0.0829700,0.0848000,0.0816400,0.0819000,9946147,1738871999999,2025-02-06 19:59:59,825943.7304200,19593,5267876,437845.4553800
1738872000000,2025-02-06 20:00:00,0.0818900,0.0833800,0.0813200,0.0824300,6641649,1738886399999,2025-02-06 23:59:59,547442.4177200,13953,3394585,279894.4948000
1738886400000,2025-02-07 00:00:00,0.0824500,0.0861500,0.0823000,0.0844200,9360393,1738900799999,2025-02-07 03:59:59,789331.8796700,17481,4694586,395850.9713800
1738900800000,2025-02-07 04:00:00,0.0844500,0.0851100,0.0823400,0.0836800,7192934,1738915199999,2025-02-07 07:59:59,604653.7901900,14837,3666077,308502.5841300
1738915200000,2025-02-07 08:00:00,0.0836800,0.0855900,0.0831100,0.0854100,5490208,1738929599999,2025-02-07 11:59:59,464386.3144600,12224,2863572,242251.7341300
1738929600000,2025-02-07 12:00:00,0.0854000,0.0899600,0.0850500,0.0877100,11748773,1738943999999,2025-02-07 15:59:59,1030439.8468500,23236,5855102,513284.8713600
1738944000000,2025-02-07 16:00:00,0.0876600,0.0878000,0.0847900,0.0849100,8610561,1738958399999,2025-02-07 19:59:59,741410.9830400,16510,4217055,363238.4064100
1738958400000,2025-02-07 20:00:00,0.0848800,0.0849400,0.0782000,0.0820300,11963409,1738972799999,2025-02-07 23:59:59,968962.3133000,23734,5628787,455546.4270100
1738972800000,2025-02-08 00:00:00,0.0820300,0.0831500,0.0814100,0.0819600,5271795,1738987199999,2025-02-08 03:59:59,433397.7717000,13853,2682276,220545.1179300
1738987200000,2025-02-08 04:00:00,0.0819600,0.0823800,0.0803200,0.0818900,6739615,1739001599999,2025-02-08 07:59:59,548410.0801000,13257,3005929,244588.8206800
1739001600000,2025-02-08 08:00:00,0.0818800,0.0822300,0.0802500,0.0813300,4976688,1739015999999,2025-02-08 11:59:59,403933.5593500,9278,2464137,199955.8982500
1739016000000,2025-02-08 12:00:00,0.0813300,0.0855100,0.0809600,0.0837900,7421552,1739030399999,2025-02-08 15:59:59,617932.9492100,13934,3937499,327591.2364400
1739030400000,2025-02-08 16:00:00,0.0837800,0.0899600,0.0834000,0.0896700,8899395,1739044799999,2025-02-08 19:59:59,779553.1055500,15029,4940263,432492.1370700
1739044800000,2025-02-08 20:00:00,0.0897000,0.0902800,0.0879000,0.0890200,6465203,1739059199999,2025-02-08 23:59:59,577145.4375100,12925,2867840,256111.9662500
1739059200000,2025-02-09 00:00:00,0.0890000,0.0916800,0.0881400,0.0908800,6446417,1739073599999,2025-02-09 03:59:59,577531.1552100,14249,3282064,294299.7953800
1739073600000,2025-02-09 04:00:00,0.0908800,0.0920200,0.0890000,0.0917000,8329750,1739087999999,2025-02-09 07:59:59,749813.2869100,16602,4902500,441183.3446300
1739088000000,2025-02-09 08:00:00,0.0917300,0.0925200,0.0906600,0.0907900,7168206,1739102399999,2025-02-09 11:59:59,656592.5415100,13939,3342191,306121.1317900
1739102400000,2025-02-09 12:00:00,0.0907800,0.0917400,0.0872000,0.0886200,8705004,1739116799999,2025-02-09 15:59:59,776446.4738000,18726,3560620,317786.5551600
1739116800000,2025-02-09 16:00:00,0.0886100,0.0891900,0.0857000,0.0860400,5143679,1739131199999,2025-02-09 19:59:59,448863.0992300,11689,2473054,215926.8868400
1739131200000,2025-02-09 20:00:00,0.0860200,0.0880500,0.0829100,0.0875000,11288022,1739145599999,2025-02-09 23:59:59,966511.2802800,24728,5705458,489172.4365500
1739145600000,2025-02-10 00:00:00,0.0874900,0.0899900,0.0838400,0.0873600,13996135,1739159999999,2025-02-10 03:59:59,1218252.3587000,25866,6585456,573357.2346500
1739160000000,2025-02-10 04:00:00,0.0873300,0.0906400,0.0867200,0.0888300,6326588,1739174399999,2025-02-10 07:59:59,561077.6266200,14619,3391123,300709.8972600
1739174400000,2025-02-10 08:00:00,0.0888500,0.0905900,0.0882900,0.0890400,4849038,1739188799999,2025-02-10 11:59:59,433182.7729400,10707,2475177,221121.9688200
1739188800000,2025-02-10 12:00:00,0.0890600,0.0920400,0.0882500,0.0909300,7625611,1739203199999,2025-02-10 15:59:59,688819.8960800,16112,4078027,368466.0564300
1739203200000,2025-02-10 16:00:00,0.0910000,0.0924400,0.0901900,0.0918500,7054901,1739217599999,2025-02-10 19:59:59,645562.6089300,13340,3192061,292129.7738600
1739217600000,2025-02-10 20:00:00,0.0918400,0.0939700,0.0913300,0.0923000,5921870,1739231999999,2025-02-10 23:59:59,548600.5660400,14050,3280532,303898.1825500
1739232000000,2025-02-11 00:00:00,0.0923000,0.0944400,0.0918500,0.0940700,5599362,1739246399999,2025-02-11 03:59:59,522303.2232300,11130,2858393,266499.0116700
1739246400000,2025-02-11 04:00:00,0.0940800,0.0981000,0.0934900,0.0968600,5827918,1739260799999,2025-02-11 07:59:59,559925.6397900,11339,3161309,304111.2176400
1739260800000,2025-02-11 08:00:00,0.0968500,0.0979100,0.0947800,0.0961700,4660997,1739275199999,2025-02-11 11:59:59,447719.6434100,9923,2538232,243820.7799100
1739275200000,2025-02-11 12:00:00,0.0962300,0.0970600,0.0916100,0.0932300,12566247,1739289599999,2025-02-11 15:59:59,1182109.8792100,21592,6041788,568712.6536500
1739289600000,2025-02-11 16:00:00,0.0932500,0.0938600,0.0899900,0.0902300,8229389,1739303999999,2025-02-11 19:59:59,756849.0992200,15730,3864500,355646.6856500
1739304000000,2025-02-11 20:00:00,0.0902600,0.0922100,0.0900500,0.0916200,4366355,1739318399999,2025-02-11 23:59:59,397878.0575700,11985,1953550,178069.4702000
1739318400000,2025-02-12 00:00:00,0.0916200,0.0932500,0.0903900,0.0913900,7916589,1739332799999,2025-02-12 03:59:59,727561.9701300,15074,3749446,344749.0356200
1739332800000,2025-02-12 04:00:00,0.0913600,0.0918000,0.0888400,0.0896600,6367298,1739347199999,2025-02-12 07:59:59,574699.2894100,12720,2500510,225798.5379300
1739347200000,2025-02-12 08:00:00,0.0896200,0.0910500,0.0887100,0.0903100,4267399,1739361599999,2025-02-12 11:59:59,383531.3228500,10033,2274906,204457.4030200
1739361600000,2025-02-12 12:00:00,0.0903100,0.0937900,0.0869900,0.0937000,15987518,1739375999999,2025-02-12 15:59:59,1438173.8948900,30198,8641480,778713.9582900
1739376000000,2025-02-12 16:00:00,0.0937400,0.0997200,0.0923400,0.0983200,21025531,1739390399999,2025-02-12 19:59:59,2037048.0953100,38342,11297509,1094358.7114200
1739390400000,2025-02-12 20:00:00,0.0983300,0.1021500,0.0978400,0.1001100,9287659,1739404799999,2025-02-12 23:59:59,925798.5671000,23229,4432125,441719.8191300
1739404800000,2025-02-13 00:00:00,0.1001100,0.1035600,0.0990700,0.1035600,7726269,1739419199999,2025-02-13 03:59:59,782561.9847400,21244,3962717,401189.4412200
1739419200000,2025-02-13 04:00:00,0.1035600,0.1036500,0.0976400,0.0978300,8376353,1739433599999,2025-02-13 07:59:59,840770.8322400,19456,3805792,382067.0258100
1739433600000,2025-02-13 08:00:00,0.0978400,0.0988000,0.0964100,0.0974300,7821008,1739447999999,2025-02-13 11:59:59,763259.9393700,19876,3826248,373640.3680600
1739448000000,2025-02-13 12:00:00,0.0974900,0.0981900,0.0946300,0.0959900,10154116,1739462399999,2025-02-13 15:59:59,980358.0480300,27996,5014130,484281.0216300
1739462400000,2025-02-13 16:00:00,0.0959700,0.0973800,0.0941500,0.0965000,6234134,1739476799999,2025-02-13 19:59:59,596088.9846300,18550,3222517,308341.6899200
1739476800000,2025-02-13 20:00:00,0.0965200,0.0986700,0.0958900,0.0977200,8288246,1739491199999,2025-02-13 23:59:59,806261.1464600,19143,3062166,298080.3603400
1739491200000,2025-02-14 00:00:00,0.0977600,0.0993600,0.0966900,0.0991100,4564759,1739505599999,2025-02-14 03:59:59,447124.3316500,13984,2084492,204166.0857000
1739505600000,2025-02-14 04:00:00,0.0991200,0.0991800,0.0962400,0.0970800,3791764,1739519999999,2025-02-14 07:59:59,369633.2348300,11561,1796306,175102.7672700
1739520000000,2025-02-14 08:00:00,0.0970800,0.0994400,0.0966200,0.0971500,6207651,1739534399999,2025-02-14 11:59:59,608569.1977200,16995,3089183,303055.8918000
1739534400000,2025-02-14 12:00:00,0.0971400,0.1009700,0.0965400,0.0998700,7928778,1739548799999,2025-02-14 15:59:59,781297.7252200,22677,4131905,406895.1299300
1739548800000,2025-02-14 16:00:00,0.0998600,0.1019600,0.0985800,0.1007100,6415588,1739563199999,2025-02-14 19:59:59,645471.6619500,21812,3187890,320681.4956900
1739563200000,2025-02-14 20:00:00,0.1007700,0.1015900,0.0986400,0.1007600,6474143,1739577599999,2025-02-14 23:59:59,648301.1063500,21536,3287060,329081.9629200
1739577600000,2025-02-15 00:00:00,0.1007600,0.1009700,0.0985200,0.0986000,4592398,1739591999999,2025-02-15 03:59:59,456945.1107300,13463,2339151,232719.4444700
1739592000000,2025-02-15 04:00:00,0.0986200,0.0994200,0.0967200,0.0972900,4182298,1739606399999,2025-02-15 07:59:59,409928.6042500,11649,2032538,199356.9493200
1739606400000,2025-02-15 08:00:00,0.0972900,0.0981600,0.0958600,0.0964800,4409272,1739620799999,2025-02-15 11:59:59,427654.2916300,11753,2078886,201786.3392200
1739620800000,2025-02-15 12:00:00,0.0964800,0.0972000,0.0939900,0.0948000,4808038,1739635199999,2025-02-15 15:59:59,459038.9044400,14168,2411580,230351.0805000
1739635200000,2025-02-15 16:00:00,0.0948000,0.0963900,0.0941000,0.0942500,4202024,1739649599999,2025-02-15 19:59:59,399447.0299300,11752,1989918,189156.2812100
1739649600000,2025-02-15 20:00:00,0.0942200,0.0949500,0.0931000,0.0942900,4652542,1739663999999,2025-02-15 23:59:59,437666.7833900,12670,2333414,219521.7348600
1739664000000,2025-02-16 00:00:00,0.0942700,0.0957200,0.0933500,0.0941100,5756679,1739678399999,2025-02-16 03:59:59,543951.6657700,15112,2864245,270687.6139800
1739678400000,2025-02-16 04:00:00,0.0941700,0.0950600,0.0933800,0.0942000,3293189,1739692799999,2025-02-16 07:59:59,309981.2503000,11165,1660381,156298.9418700
1739692800000,2025-02-16 08:00:00,0.0942000,0.0993400,0.0939000,0.0970300,12533844,1739707199999,2025-02-16 11:59:59,1218838.8396000,29747,5973654,581119.4941100
1739707200000,2025-02-16 12:00:00,0.0970300,0.0971700,0.0939200,0.0961000,9681446,1739721599999,2025-02-16 15:59:59,926562.8032300,20772,5208457,498369.2035300
1739721600000,2025-02-16 16:00:00,0.0961000,0.0969400,0.0925400,0.0934900,5116101,1739735999999,2025-02-16 19:59:59,483430.4141400,15642,2478973,234427.1220300
1739736000000,2025-02-16 20:00:00,0.0934800,0.0940800,0.0919600,0.0932200,7765824,1739750399999,2025-02-16 23:59:59,722694.0941600,17323,3289674,306066.3777400
1739750400000,2025-02-17 00:00:00,0.0932200,0.0961200,0.0930800,0.0952600,6633846,1739764799999,2025-02-17 03:59:59,628363.4769200,15789,3441238,326144.2172100
1739764800000,2025-02-17 04:00:00,0.0952600,0.0956400,0.0922500,0.0930800,5530646,1739779199999,2025-02-17 07:59:59,518070.9937500,17598,2738006,256504.6847200
1739779200000,2025-02-17 08:00:00,0.0930600,0.0962000,0.0916000,0.0958800,6130944,1739793599999,2025-02-17 11:59:59,576439.9540000,17099,3045816,286397.0171400
1739793600000,2025-02-17 12:00:00,0.0958500,0.0985700,0.0946800,0.0950300,6410775,1739807999999,2025-02-17 15:59:59,621029.4754700,16693,3119520,302160.3708600
1739808000000,2025-02-17 16:00:00,0.0950100,0.0953900,0.0898200,0.0907900,8462038,1739822399999,2025-02-17 19:59:59,780893.3653300,18502,3624424,334784.2727100
1739822400000,2025-02-17 20:00:00,0.0907800,0.0941400,0.0906200,0.0928500,4260849,1739836799999,2025-02-17 23:59:59,395753.2998400,10724,2115146,196427.6610700
1739836800000,2025-02-18 00:00:00,0.0928400,0.0935500,0.0918500,0.0926100,2859952,1739851199999,2025-02-18 03:59:59,264539.5335000,7046,1277239,118119.9585700
1739851200000,2025-02-18 04:00:00,0.0924700,0.0925400,0.0867900,0.0876800,7950503,1739865599999,2025-02-18 07:59:59,705964.0575400,14368,3590130,319118.1690600
1739865600000,2025-02-18 08:00:00,0.0876600,0.0895500,0.0865000,0.0889900,5144712,1739879999999,2025-02-18 11:59:59,453899.4562300,11746,2543833,224546.9081800
1739880000000,2025-02-18 12:00:00,0.0888900,0.0906700,0.0850100,0.0855500,6760578,1739894399999,2025-02-18 15:59:59,595610.8055900,12770,3287646,290219.7137500
1739894400000,2025-02-18 16:00:00,0.0855100,0.0867500,0.0837300,0.0853500,10428406,1739908799999,2025-02-18 19:59:59,888035.6410800,14924,5001880,426529.0970000
1739908800000,2025-02-18 20:00:00,0.0853500,0.0874300,0.0844800,0.0871600,4179818,1739923199999,2025-02-18 23:59:59,359931.1017600,10753,2329473,200588.7326400
1739923200000,2025-02-19 00:00:00,0.0871700,0.0881100,0.0862800,0.0871400,3094735,1739937599999,2025-02-19 03:59:59,269684.6928300,9145,1527734,133183.7100900
1739937600000,2025-02-19 04:00:00,0.0871200,0.0891400,0.0860300,0.0885500,3458580,1739951999999,2025-02-19 07:59:59,302956.4185500,9420,1818198,159300.8275000
1739952000000,2025-02-19 08:00:00,0.0885400,0.0890900,0.0880400,0.0883600,3687323,1739966399999,2025-02-19 11:59:59,326250.0228600,8234,1840743,162886.7173200
1739966400000,2025-02-19 12:00:00,0.0883800,0.0886200,0.0859400,0.0863600,3843186,1739980799999,2025-02-19 15:59:59,335627.8270300,8464,1699669,148521.8299200
1739980800000,2025-02-19 16:00:00,0.0863600,0.0880300,0.0861800,0.0868600,3819064,1739995199999,2025-02-19 19:59:59,332484.5523000,8909,1890336,164568.1070800
1739995200000,2025-02-19 20:00:00,0.0868700,0.0889000,0.0860400,0.0887600,4455230,1740009599999,2025-02-19 23:59:59,389469.1454100,9407,2398564,209741.0347700
1740009600000,2025-02-20 00:00:00,0.0887700,0.0911800,0.0882900,0.0907300,7062096,1740023999999,2025-02-20 03:59:59,634447.7206700,13272,3569194,320665.3634000
1740024000000,2025-02-20 04:00:00,0.0907500,0.0917400,0.0892200,0.0895200,5212988,1740038399999,2025-02-20 07:59:59,470610.3258300,11225,2421619,218614.3671600
1740038400000,2025-02-20 08:00:00,0.0895100,0.0911700,0.0893700,0.0909400,3208879,1740052799999,2025-02-20 11:59:59,289533.8374100,7237,1501261,135510.4550000
1740052800000,2025-02-20 12:00:00,0.0909500,0.0917800,0.0890800,0.0891700,5259680,1740067199999,2025-02-20 15:59:59,476912.9610400,9027,2574889,233654.1657800
1740067200000,2025-02-20 16:00:00,0.0891900,0.0929900,0.0890700,0.0927500,5551966,1740081599999,2025-02-20 19:59:59,508181.7362900,10329,2978583,272726.1511500
1740081600000,2025-02-20 20:00:00,0.0927700,0.0939000,0.0922000,0.0933600,3721448,1740095999999,2025-02-20 23:59:59,346128.7673100,7456,1932150,179776.7679600
1740096000000,2025-02-21 00:00:00,0.0933600,0.0962600,0.0927500,0.0949900,9419909,1740110399999,2025-02-21 03:59:59,889133.1777900,16442,4693136,443061.2262300
1740110400000,2025-02-21 04:00:00,0.0950100,0.0976600,0.0949600,0.0971700,6726605,1740124799999,2025-02-21 07:59:59,648780.5744600,11716,3159784,304858.3850600
1740124800000,2025-02-21 08:00:00,0.0972100,0.1006100,0.0964900,0.0997000,9993153,1740139199999,2025-02-21 11:59:59,985725.5114800,17470,4864559,479918.1924600
1740139200000,2025-02-21 12:00:00,0.0997000,0.1029300,0.0963300,0.0973700,18427044,1740153599999,2025-02-21 15:59:59,1843284.1409500,30669,8691811,870569.6147200
1740153600000,2025-02-21 16:00:00,0.0974000,0.1001000,0.0924900,0.0928700,17262594,1740167999999,2025-02-21 19:59:59,1662426.6879400,26053,7847858,757997.1321500
1740168000000,2025-02-21 20:00:00,0.0928400,0.0941800,0.0912900,0.0918400,7913747,1740182399999,2025-02-21 23:59:59,734271.9638300,13707,4361698,404962.7205400
1740182400000,2025-02-22 00:00:00,0.0918900,0.0926900,0.0910600,0.0915100,5484931,1740196799999,2025-02-22 03:59:59,504811.7401900,9464,2799838,257756.3848900
1740196800000,2025-02-22 04:00:00,0.0915200,0.0929000,0.0912600,0.0924200,3462341,1740211199999,2025-02-22 07:59:59,318914.8289500,6977,1981299,182495.1863000
1740211200000,2025-02-22 08:00:00,0.0924200,0.0953600,0.0924200,0.0949300,5993905,1740225599999,2025-02-22 11:59:59,564517.7152100,11230,3074652,289559.1119300
1740225600000,2025-02-22 12:00:00,0.0949300,0.0967900,0.0945700,0.0966100,7654541,1740239999999,2025-02-22 15:59:59,732989.9107800,12346,3370940,322833.2700000
1740240000000,2025-02-22 16:00:00,0.0966000,0.0984800,0.0963700,0.0976100,3762441,1740254399999,2025-02-22 19:59:59,366257.4815200,7585,2038925,198431.2041100
1740254400000,2025-02-22 20:00:00,0.0976200,0.0991700,0.0966500,0.0982700,3990352,1740268799999,2025-02-22 23:59:59,390981.4467200,6750,2082580,204305.1104700
1740268800000,2025-02-23 00:00:00,0.0982700,0.0992500,0.0972600,0.0977800,5769329,1740283199999,2025-02-23 03:59:59,567553.9467400,11368,2701650,265623.0959000
1740283200000,2025-02-23 04:00:00,0.0977800,0.0994400,0.0968000,0.0992600,5131288,1740297599999,2025-02-23 07:59:59,502486.2043700,9822,2647565,259264.3798100
1740297600000,2025-02-23 08:00:00,0.0992700,0.1003600,0.0971500,0.0973400,5448222,1740311999999,2025-02-23 11:59:59,536970.3495800,9872,2944493,290412.5349800
1740312000000,2025-02-23 12:00:00,0.0973400,0.0978500,0.0943500,0.0944500,7196087,1740326399999,2025-02-23 15:59:59,691566.8790600,11059,3221362,310053.0119600
1740326400000,2025-02-23 16:00:00,0.0944100,0.0964600,0.0943800,0.0958900,3678611,1740340799999,2025-02-23 19:59:59,351709.7766900,7212,1554329,148624.5677900
1740340800000,2025-02-23 20:00:00,0.0959100,0.0973100,0.0948200,0.0965000,3496685,1740355199999,2025-02-23 23:59:59,335507.8618000,7791,1712041,164306.3913900
1740355200000,2025-02-24 00:00:00,0.0965100,0.0973900,0.0924200,0.0924700,7017096,1740369599999,2025-02-24 03:59:59,665924.9640100,13314,3284778,311809.2106100
1740369600000,2025-02-24 04:00:00,0.0925300,0.0929600,0.0911200,0.0927000,6093143,1740383999999,2025-02-24 07:59:59,561509.8697600,11239,2664671,245870.1362900
1740384000000,2025-02-24 08:00:00,0.0926900,0.0926900,0.0881500,0.0903600,10383545,1740398399999,2025-02-24 11:59:59,932520.4256400,17033,4652316,417972.3497600
1740398400000,2025-02-24 12:00:00,0.0903400,0.0907900,0.0863100,0.0876700,8646059,1740412799999,2025-02-24 15:59:59,766143.4008700,17427,4144287,367413.9976400
1740412800000,2025-02-24 16:00:00,0.0876700,0.0891600,0.0853500,0.0859900,6765253,1740427199999,2025-02-24 19:59:59,591581.9050400,14576,3452640,301625.8076900
1740427200000,2025-02-24 20:00:00,0.0860000,0.0878000,0.0765000,0.0788700,51202906,1740441599999,2025-02-24 23:59:59,4174024.6992000,60819,21295921,1725765.9206200
1740441600000,2025-02-25 00:00:00,0.0788700,0.0795800,0.0752900,0.0765500,21092180,1740455999999,2025-02-25 03:59:59,1631516.4656400,38274,10413396,805539.5033800
1740456000000,2025-02-25 04:00:00,0.0765600,0.0781000,0.0728600,0.0755900,22161532,1740470399999,2025-02-25 07:59:59,1676970.1400000,32341,11414909,864517.9531100
1740470400000,2025-02-25 08:00:00,0.0755400,0.0783000,0.0748000,0.0780600,15945281,1740484799999,2025-02-25 11:59:59,1217380.1069900,24051,8501765,649101.7309700
1740484800000,2025-02-25 12:00:00,0.0780900,0.0805700,0.0758100,0.0785100,32861682,1740499199999,2025-02-25 15:59:59,2567900.5035300,37821,16182658,1265462.1267300
1740499200000,2025-02-25 16:00:00,0.0784900,0.0803700,0.0774700,0.0803000,9733675,1740513599999,2025-02-25 19:59:59,768198.7067500,16940,4553355,359459.3177000
1740513600000,2025-02-25 20:00:00,0.0802800,0.0816000,0.0796100,0.0801900,8058794,1740527999999,2025-02-25 23:59:59,649158.8145100,14005,3443176,277342.0330900
1740528000000,2025-02-26 00:00:00,0.0802100,0.0807000,0.0787400,0.0803100,6400912,1740542399999,2025-02-26 03:59:59,511168.6396700,11064,3174312,253582.0391200
1740542400000,2025-02-26 04:00:00,0.0803200,0.0816100,0.0798000,0.0806100,9907373,1740556799999,2025-02-26 07:59:59,801098.9373800,14214,5410445,437607.5641100
1740556800000,2025-02-26 08:00:00,0.0806100,0.0808000,0.0788500,0.0789800,9382796,1740571199999,2025-02-26 11:59:59,748142.6889500,13226,4552634,363199.6565800
1740571200000,2025-02-26 12:00:00,0.0789900,0.0811500,0.0767800,0.0803200,11043201,1740585599999,2025-02-26 15:59:59,870849.8338700,18015,5201249,409986.8077800
1740585600000,2025-02-26 16:00:00,0.0803300,0.0808500,0.0757900,0.0767600,12862093,1740599999999,2025-02-26 19:59:59,1000509.7900700,20309,6118258,476704.1140600
1740600000000,2025-02-26 20:00:00,0.0768000,0.0812800,0.0757800,0.0800900,10303759,1740614399999,2025-02-26 23:59:59,813627.4405200,15842,5294283,418491.9308000
1740614400000,2025-02-27 00:00:00,0.0801200,0.0815400,0.0795000,0.0807200,6461145,1740628799999,2025-02-27 03:59:59,519849.0376900,10846,2886634,232169.5156700
1740628800000,2025-02-27 04:00:00,0.0807200,0.0822200,0.0794600,0.0819400,8207178,1740643199999,2025-02-27 07:59:59,663503.6428100,11885,4178528,338363.0221200
1740643200000,2025-02-27 08:00:00,0.0819300,0.0827500,0.0809700,0.0817300,5435094,1740657599999,2025-02-27 11:59:59,444998.5136300,8939,2475094,202631.9286900
1740657600000,2025-02-27 12:00:00,0.0817300,0.0820200,0.0789600,0.0806600,7179360,1740671999999,2025-02-27 15:59:59,577907.9760800,12322,3406974,274203.4563600
1740672000000,2025-02-27 16:00:00,0.0806600,0.0813400,0.0794700,0.0797900,5148340,1740686399999,2025-02-27 19:59:59,414299.0369600,12479,2383486,191861.9344800
1740686400000,2025-02-27 20:00:00,0.0797900,0.0807100,0.0776200,0.0804300,6500333,1740700799999,2025-02-27 23:59:59,513909.0865400,13130,3059071,242103.5278600
1740700800000,2025-02-28 00:00:00,0.0804100,0.0806000,0.0745000,0.0747300,16520388,1740715199999,2025-02-28 03:59:59,1273276.0490400,22258,8247989,636191.6273500
1740715200000,2025-02-28 04:00:00,0.0747400,0.0753700,0.0732500,0.0740400,11689166,1740729599999,2025-02-28 07:59:59,867888.8800500,18689,5789367,430037.8027600
1740729600000,2025-02-28 08:00:00,0.0740300,0.0767500,0.0727200,0.0757300,13719124,1740743999999,2025-02-28 11:59:59,1031617.6323900,17903,8000121,602219.9338300
1740744000000,2025-02-28 12:00:00,0.0757000,0.0798200,0.0753200,0.0793700,14669681,1740758399999,2025-02-28 15:59:59,1133829.3585700,20047,7495721,579251.0883600
1740758400000,2025-02-28 16:00:00,0.0793600,0.0819300,0.0787100,0.0812400,7181939,1740772799999,2025-02-28 19:59:59,578358.9871500,13435,3544190,285245.8539200
1740772800000,2025-02-28 20:00:00,0.0812400,0.0825300,0.0805600,0.0816300,6240879,1740787199999,2025-02-28 23:59:59,509074.7053200,11235,3050486,248959.3467600
1740787200000,2025-03-01 00:00:00,0.0816600,0.0819500,0.0802500,0.0810600,4717569,1740801599999,2025-03-01 03:59:59,383090.8147600,8634,2019697,164002.0294900
1740801600000,2025-03-01 04:00:00,0.0810900,0.0821400,0.0798200,0.0801200,3962468,1740815999999,2025-03-01 07:59:59,320572.4098600,8024,1878362,152040.6239500
1740816000000,2025-03-01 08:00:00,0.0801200,0.0811600,0.0778200,0.0780600,6103139,1740830399999,2025-03-01 11:59:59,486325.0054100,10775,2908328,231954.7781500
1740830400000,2025-03-01 12:00:00,0.0780600,0.0786900,0.0772400,0.0776600,4656032,1740844799999,2025-03-01 15:59:59,362708.2073500,9389,2501787,194979.8082300
1740844800000,2025-03-01 16:00:00,0.0776500,0.0783900,0.0772800,0.0777300,3771799,1740859199999,2025-03-01 19:59:59,293300.8178800,8303,1968485,153059.8533800
1740859200000,2025-03-01 20:00:00,0.0777400,0.0795000,0.0774700,0.0792900,5018600,1740873599999,2025-03-01 23:59:59,394253.7004900,8889,2621534,206024.8568500
1740873600000,2025-03-02 00:00:00,0.0793000,0.0793700,0.0782200,0.0785200,4124590,1740887999999,2025-03-02 03:59:59,325047.1345900,9006,1898976,149642.7169700
1740888000000,2025-03-02 04:00:00,0.0785300,0.0792600,0.0777000,0.0780800,3964697,1740902399999,2025-03-02 07:59:59,311197.5307900,8093,2261743,177509.5825900
1740902400000,2025-03-02 08:00:00,0.0780900,0.0807600,0.0779900,0.0801700,5459680,1740916799999,2025-03-02 11:59:59,433543.8071600,9354,2959533,235245.5500800
1740916800000,2025-03-02 12:00:00,0.0801700,0.0829000,0.0781200,0.0817400,12412026,1740931199999,2025-03-02 15:59:59,1003582.5496900,18700,7122512,577275.9190300
1740931200000,2025-03-02 16:00:00,0.0818200,0.0887600,0.0815000,0.0883300,21496456,1740945599999,2025-03-02 19:59:59,1851766.4943900,33344,10452853,900307.9426400
1740945600000,2025-03-02 20:00:00,0.0882800,0.0888500,0.0875400,0.0881600,5897740,1740959999999,2025-03-02 23:59:59,520009.4628600,10992,2903451,256101.6995300
1740960000000,2025-03-03 00:00:00,0.0881400,0.0883200,0.0836900,0.0843900,7619751,1740974399999,2025-03-03 03:59:59,656595.8231700,14029,3609301,311237.0117700
1740974400000,2025-03-03 04:00:00,0.0844000,0.0856200,0.0814100,0.0828000,7393896,1740988799999,2025-03-03 07:59:59,617870.4242300,13092,3438601,287034.9861700
1740988800000,2025-03-03 08:00:00,0.0828100,0.0829900,0.0810500,0.0822300,6283425,1741003199999,2025-03-03 11:59:59,515455.3872000,11656,3599777,295320.0052500
1741003200000,2025-03-03 12:00:00,0.0822000,0.0834500,0.0797000,0.0806400,11996594,1741017599999,2025-03-03 15:59:59,975939.7928600,17413,6221665,506248.3047900
1741017600000,2025-03-03 16:00:00,0.0806500,0.0816900,0.0740000,0.0743000,14768283,1741031999999,2025-03-03 19:59:59,1149407.5955500,24346,7185508,559641.8482500
1741032000000,2025-03-03 20:00:00,0.0742600,0.0748900,0.0716500,0.0729200,11598143,1741046399999,2025-03-03 23:59:59,851369.1358600,19080,5537181,406459.0690400
1741046400000,2025-03-04 00:00:00,0.0729300,0.0736800,0.0666900,0.0694100,19185934,1741060799999,2025-03-04 03:59:59,1330280.8999800,27082,8950472,620329.7511200
1741060800000,2025-03-04 04:00:00,0.0694100,0.0710300,0.0689300,0.0699400,16630989,1741075199999,2025-03-04 07:59:59,1166133.0798500,19571,8216545,576377.5203600
1741075200000,2025-03-04 08:00:00,0.0699300,0.0703700,0.0681100,0.0682200,10379556,1741089599999,2025-03-04 11:59:59,720251.0907100,14747,4562498,316589.5267000
1741089600000,2025-03-04 12:00:00,0.0682200,0.0701800,0.0655800,0.0678700,19075231,1741103999999,2025-03-04 15:59:59,1289327.9175800,26241,9496112,641627.5433400
1741104000000,2025-03-04 16:00:00,0.0678600,0.0700200,0.0630300,0.0697200,16541146,1741118399999,2025-03-04 19:59:59,1101671.7471500,21155,7978758,532747.8492300
1741118400000,2025-03-04 20:00:00,0.0697600,0.0710900,0.0683200,0.0698700,5801672,1741132799999,2025-03-04 23:59:59,404454.1384000,9641,2924846,203921.6781200
1741132800000,2025-03-05 00:00:00,0.0698800,0.0703600,0.0679600,0.0679800,5985704,1741147199999,2025-03-05 03:59:59,414719.2420400,10566,2697714,187039.0064200
1741147200000,2025-03-05 04:00:00,0.0679800,0.0698900,0.0679800,0.0696700,5051627,1741161599999,2025-03-05 07:59:59,346900.4213600,8926,2470069,169646.6431000
1741161600000,2025-03-05 08:00:00,0.0696700,0.0721700,0.0696100,0.0704500,6036956,1741175999999,2025-03-05 11:59:59,427754.5890300,9910,2846984,201870.6667900
1741176000000,2025-03-05 12:00:00,0.0704600,0.0713000,0.0688900,0.0696700,7005864,1741190399999,2025-03-05 15:59:59,490661.2779100,11956,3529159,247109.9404800
1741190400000,2025-03-05 16:00:00,0.0697000,0.0728000,0.0685700,0.0723800,7686382,1741204799999,2025-03-05 19:59:59,544724.3506600,12792,3838173,271829.3499600
1741204800000,2025-03-05 20:00:00,0.0723800,0.0732300,0.0722900,0.0727300,3873757,1741219199999,2025-03-05 23:59:59,281711.7686300,7401,1712510,124550.4799400
1741219200000,2025-03-06 00:00:00,0.0727300,0.0734400,0.0712800,0.0731700,7406658,1741233599999,2025-03-06 03:59:59,537600.2007300,10910,3686500,267557.9426200
1741233600000,2025-03-06 04:00:00,0.0731800,0.0741200,0.0717000,0.0719200,6770745,1741247999999,2025-03-06 07:59:59,494265.0616600,9573,2997628,218974.5748800
1741248000000,2025-03-06 08:00:00,0.0719300,0.0749100,0.0719100,0.0742400,16528082,1741262399999,2025-03-06 11:59:59,1217447.7522500,18501,8175429,601578.5254200
1741262400000,2025-03-06 12:00:00,0.0742700,0.0750800,0.0723200,0.0744000,13010848,1741276799999,2025-03-06 15:59:59,956805.8521700,15010,5859777,431124.0384700
1741276800000,2025-03-06 16:00:00,0.0744300,0.0747900,0.0710800,0.0717300,11457521,1741291199999,2025-03-06 19:59:59,830726.3968300,13481,5159625,373764.1405500
1741291200000,2025-03-06 20:00:00,0.0717500,0.0739700,0.0716000,0.0734000,8107486,1741305599999,2025-03-06 23:59:59,591211.6711700,10887,4366054,318310.2731500
1741305600000,2025-03-07 00:00:00,0.0733600,0.0743500,0.0692100,0.0722500,17460582,1741319999999,2025-03-07 03:59:59,1251345.4096800,20345,8621839,617842.7309000
1741320000000,2025-03-07 04:00:00,0.0722700,0.0745800,0.0719900,0.0744700,13895567,1741334399999,2025-03-07 07:59:59,1017288.7830300,12689,7066216,517560.4890800
1741334400000,2025-03-07 08:00:00,0.0744800,0.0779000,0.0735000,0.0767200,25764869,1741348799999,2025-03-07 11:59:59,1951164.3718000,23019,12844381,972824.1227200
1741348800000,2025-03-07 12:00:00,0.0767800,0.0794700,0.0749300,0.0792500,35236798,1741363199999,2025-03-07 15:59:59,2720217.5076500,28251,17412662,1343850.5140700
1741363200000,2025-03-07 16:00:00,0.0792800,0.0812500,0.0759400,0.0798200,39915488,1741377599999,2025-03-07 19:59:59,3149769.4126700,34610,17893845,1411996.2503400
1741377600000,2025-03-07 20:00:00,0.0797900,0.0812200,0.0762300,0.0768800,41195274,1741391999999,2025-03-07 23:59:59,3246338.0593400,35391,19443001,1533079.2726600
1741392000000,2025-03-08 00:00:00,0.0768800,0.0773800,0.0751200,0.0767000,15306086,1741406399999,2025-03-08 03:59:59,1167703.8823500,18988,7593311,579501.5499200
1741406400000,2025-03-08 04:00:00,0.0766900,0.0781400,0.0752200,0.0754400,13586445,1741420799999,2025-03-08 07:59:59,1040733.8978800,12890,6403546,491053.3374300
1741420800000,2025-03-08 08:00:00,0.0754300,0.0767700,0.0746300,0.0750700,12629975,1741435199999,2025-03-08 11:59:59,958028.6644100,11939,6195621,470356.9129200
1741435200000,2025-03-08 12:00:00,0.0750800,0.0761700,0.0741400,0.0755500,13563221,1741449599999,2025-03-08 15:59:59,1020420.2268100,14798,6874851,517525.2085600
1741449600000,2025-03-08 16:00:00,0.0755500,0.0789900,0.0745700,0.0784800,11401230,1741463999999,2025-03-08 19:59:59,882488.4190400,13570,5258797,406375.8159400
1741464000000,2025-03-08 20:00:00,0.0784900,0.0787200,0.0755900,0.0766400,8711066,1741478399999,2025-03-08 23:59:59,671899.9263300,11362,4604627,354536.7117100
1741478400000,2025-03-09 00:00:00,0.0766400,0.0773300,0.0759800,0.0771900,7092591,1741492799999,2025-03-09 03:59:59,543316.2881800,12198,3689605,282626.1254100
1741492800000,2025-03-09 04:00:00,0.0772000,0.0787000,0.0759100,0.0770300,14737431,1741507199999,2025-03-09 07:59:59,1139483.8106100,22540,6833010,528326.8498000
1741507200000,2025-03-09 08:00:00,0.0770300,0.0772500,0.0738600,0.0745100,11048777,1741521599999,2025-03-09 11:59:59,833491.1279100,20692,5411914,408738.6171200
1741521600000,2025-03-09 12:00:00,0.0745100,0.0746400,0.0710700,0.0717800,17136602,1741535999999,2025-03-09 15:59:59,1245507.2667800,21460,8486247,616823.4077300
1741536000000,2025-03-09 16:00:00,0.0718000,0.0723600,0.0659600,0.0676400,26448764,1741550399999,2025-03-09 19:59:59,1809940.7874000,38012,12673714,866377.4755500
1741550400000,2025-03-09 20:00:00,0.0676400,0.0687800,0.0663400,0.0669400,11822016,1741564799999,2025-03-09 23:59:59,798126.9883100,17375,6198204,418559.6792700
1741564800000,2025-03-10 00:00:00,0.0669600,0.0696100,0.0664000,0.0672600,11324563,1741579199999,2025-03-10 03:59:59,771093.8210300,13970,5949057,404832.8514800
1741579200000,2025-03-10 04:00:00,0.0672700,0.0685600,0.0671600,0.0682000,6791726,1741593599999,2025-03-10 07:59:59,460710.2534100,9077,3393093,230162.4787900
1741593600000,2025-03-10 08:00:00,0.0682200,0.0716500,0.0672900,0.0707600,12586321,1741607999999,2025-03-10 11:59:59,875438.1014100,15716,5818091,404976.7970400
1741608000000,2025-03-10 12:00:00,0.0708000,0.0720300,0.0668500,0.0680700,15760772,1741622399999,2025-03-10 15:59:59,1090821.8025900,18036,7574015,523153.8771000
1741622400000,2025-03-10 16:00:00,0.0680400,0.0686000,0.0604900,0.0631800,23497266,1741636799999,2025-03-10 19:59:59,1500242.2407900,24986,11269361,719901.4774900
1741636800000,2025-03-10 20:00:00,0.0631800,0.0646600,0.0626100,0.0639400,16138617,1741651199999,2025-03-10 23:59:59,1026948.9579200,15772,8853463,562958.7770900
1741651200000,2025-03-11 00:00:00,0.0639500,0.0642700,0.0590500,0.0630300,20895539,1741665599999,2025-03-11 03:59:59,1289632.4533600,21172,9906622,611374.2481400
1741665600000,2025-03-11 04:00:00,0.0630300,0.0652100,0.0628400,0.0642700,7717061,1741679999999,2025-03-11 07:59:59,495946.1286600,8888,4005384,257331.2299100
1741680000000,2025-03-11 08:00:00,0.0642500,0.0653700,0.0638400,0.0646100,11045038,1741694399999,2025-03-11 11:59:59,711540.1312500,13507,5055324,325666.6333600
1741694400000,2025-03-11 12:00:00,0.0646200,0.0659000,0.0624400,0.0651600,18369416,1741708799999,2025-03-11 15:59:59,1180824.5666200,20039,9331269,599607.3707200
1741708800000,2025-03-11 16:00:00,0.0651600,0.0670600,0.0640800,0.0664500,14644417,1741723199999,2025-03-11 19:59:59,967320.8585800,14120,7190428,475341.3244400
1741723200000,2025-03-11 20:00:00,0.0664200,0.0672300,0.0655300,0.0657500,7525886,1741737599999,2025-03-11 23:59:59,500909.3720700,7449,4261764,283633.3207400
1741737600000,2025-03-12 00:00:00,0.0657500,0.0666400,0.0640200,0.0641300,7440679,1741751999999,2025-03-12 03:59:59,488541.4143000,7313,3846138,252306.0392100
1741752000000,2025-03-12 04:00:00,0.0641200,0.0663100,0.0635000,0.0660800,5934453,1741766399999,2025-03-12 07:59:59,383274.2604100,7216,3322603,214590.2717800
1741766400000,2025-03-12 08:00:00,0.0661300,0.0680000,0.0658600,0.0679400,8691768,1741780799999,2025-03-12 11:59:59,583467.0709400,9285,4193230,281724.2688000
1741780800000,2025-03-12 12:00:00,0.0679400,0.0701000,0.0665400,0.0681700,12838994,1741795199999,2025-03-12 15:59:59,879421.5505500,14535,7335200,502100.3494200
1741795200000,2025-03-12 16:00:00,0.0681600,0.0718000,0.0680300,0.0704300,23826602,1741809599999,2025-03-12 19:59:59,1672952.1461200,20770,11728293,823461.0771100
1741809600000,2025-03-12 20:00:00,0.0704300,0.0714300,0.0701500,0.0713400,11999191,1741823999999,2025-03-12 23:59:59,849169.3442500,13638,5604309,396618.6679300
1741824000000,2025-03-13 00:00:00,0.0713100,0.0718000,0.0700800,0.0707700,10266718,1741838399999,2025-03-13 03:59:59,728983.8711000,10716,4751175,337373.5115400
1741838400000,2025-03-13 04:00:00,0.0707600,0.0709000,0.0690900,0.0696100,6893121,1741852799999,2025-03-13 07:59:59,480589.2503900,8147,3477784,242406.9486500
1741852800000,2025-03-13 08:00:00,0.0696500,0.0722700,0.0688900,0.0722200,13115728,1741867199999,2025-03-13 11:59:59,932364.6228800,12425,7022426,499211.2376500
1741867200000,2025-03-13 12:00:00,0.0721900,0.0726700,0.0696800,0.0704800,11891361,1741881599999,2025-03-13 15:59:59,845153.8926700,12885,6036455,429466.3332100
1741881600000,2025-03-13 16:00:00,0.0704300,0.0705000,0.0674900,0.0681400,10687472,1741895999999,2025-03-13 19:59:59,733488.0401100,10829,5875991,403694.0804300
1741896000000,2025-03-13 20:00:00,0.0681600,0.0699600,0.0670700,0.0697400,7832315,1741910399999,2025-03-13 23:59:59,537234.7903200,8204,3759321,257344.4488000
1741910400000,2025-03-14 00:00:00,0.0697800,0.0721600,0.0695400,0.0721600,12213015,1741924799999,2025-03-14 03:59:59,867885.1603700,11634,6337422,450070.5804700
1741924800000,2025-03-14 04:00:00,0.0721300,0.0728200,0.0712700,0.0723700,6445741,1741939199999,2025-03-14 07:59:59,463659.0701800,7332,3413169,245438.0273600
1741939200000,2025-03-14 08:00:00,0.0723800,0.0737500,0.0720000,0.0735300,8172121,1741953599999,2025-03-14 11:59:59,594199.9102200,10269,3893344,282984.4963200
1741953600000,2025-03-14 12:00:00,0.0735200,0.0756600,0.0728500,0.0751700,11275611,1741967999999,2025-03-14 15:59:59,836326.0135800,14946,4893552,363296.7043900
1741968000000,2025-03-14 16:00:00,0.0751800,0.0760700,0.0743600,0.0746900,6652575,1741982399999,2025-03-14 19:59:59,500391.2805700,9330,3218236,242048.9548500
1741982400000,2025-03-14 20:00:00,0.0746600,0.0746600,0.0736300,0.0738600,4943824,1741996799999,2025-03-14 23:59:59,366519.2648900,6305,2386834,176934.5712600
1741996800000,2025-03-15 00:00:00,0.0738500,0.0744600,0.0733400,0.0744300,5449622,1742011199999,2025-03-15 03:59:59,402640.6338700,7104,2501870,184759.0292000
1742011200000,2025-03-15 04:00:00,0.0744100,0.0745000,0.0734800,0.0739200,4712230,1742025599999,2025-03-15 07:59:59,348308.6559000,7559,2367210,175010.9736500
1742025600000,2025-03-15 08:00:00,0.0739000,0.0739400,0.0729000,0.0738500,3650755,1742039999999,2025-03-15 11:59:59,268168.1061600,6189,1820984,133747.2705400
1742040000000,2025-03-15 12:00:00,0.0738500,0.0756900,0.0734800,0.0755000,5423569,1742054399999,2025-03-15 15:59:59,403850.9745000,7320,2654999,197656.9708800
1742054400000,2025-03-15 16:00:00,0.0755200,0.0782500,0.0754800,0.0770300,7469737,1742068799999,2025-03-15 19:59:59,576357.4741500,9135,3590082,276763.3750100
1742068800000,2025-03-15 20:00:00,0.0770300,0.0802200,0.0770300,0.0780600,12125805,1742083199999,2025-03-15 23:59:59,956704.5517300,12748,5816485,458427.6619400
1742083200000,2025-03-16 00:00:00,0.0780600,0.0781700,0.0756900,0.0760900,7308877,1742097599999,2025-03-16 03:59:59,560203.1793900,10117,3684273,282308.3119200
1742097600000,2025-03-16 04:00:00,0.0760900,0.0782800,0.0757400,0.0776500,16975205,1742111999999,2025-03-16 07:59:59,1303661.5945400,14935,9547750,733213.0380600
1742112000000,2025-03-16 08:00:00,0.0776400,0.0781800,0.0745600,0.0746400,10396843,1742126399999,2025-03-16 11:59:59,797798.6294000,12847,4755854,365249.7314800
1742126400000,2025-03-16 12:00:00,0.0746400,0.0756800,0.0732900,0.0738800,11834376,1742140799999,2025-03-16 15:59:59,880942.0151700,11908,6781156,504811.3078000
1742140800000,2025-03-16 16:00:00,0.0738500,0.0757400,0.0729500,0.0732500,7558304,1742155199999,2025-03-16 19:59:59,561506.4857300,10148,3462000,257534.6319600
1742155200000,2025-03-16 20:00:00,0.0732600,0.0749000,0.0727800,0.0739200,10872683,1742169599999,2025-03-16 23:59:59,801760.1920800,10945,5231246,385520.5320700
1742169600000,2025-03-17 00:00:00,0.0739400,0.0768300,0.0738000,0.0766700,11525126,1742183999999,2025-03-17 03:59:59,866495.9422400,11544,5691331,427417.6544300
1742184000000,2025-03-17 04:00:00,0.0766600,0.0770200,0.0752000,0.0769300,6367083,1742198399999,2025-03-17 07:59:59,485188.8872800,8770,3138275,239157.3877800
1742198400000,2025-03-17 08:00:00,0.0769500,0.0802300,0.0766700,0.0796300,9955043,1742212799999,2025-03-17 11:59:59,784306.5223300,11940,5146369,405520.4902900
1742212800000,2025-03-17 12:00:00,0.0796100,0.0812200,0.0771200,0.0786300,18517053,1742227199999,2025-03-17 15:59:59,1457997.7787800,19868,9251143,728360.2748600
1742227200000,2025-03-17 16:00:00,0.0786600,0.0815800,0.0780400,0.0799900,12344175,1742241599999,2025-03-17 19:59:59,988668.6741500,13829,5465623,437910.3050000
1742241600000,2025-03-17 20:00:00,0.0800200,0.0834100,0.0795700,0.0798100,25641290,1742255999999,2025-03-17 23:59:59,2083864.2974000,26643,11689363,949118.4562700
1742256000000,2025-03-18 00:00:00,0.0798200,0.0803200,0.0764300,0.0772600,13601403,1742270399999,2025-03-18 03:59:59,1061477.5521700,14460,6141334,478966.5981400
1742270400000,2025-03-18 04:00:00,0.0772400,0.0778500,0.0760200,0.0771200,7072597,1742284799999,2025-03-18 07:59:59,544448.4923700,9276,3679696,283335.4598900
1742284800000,2025-03-18 08:00:00,0.0771400,0.0799100,0.0766300,0.0777400,7948152,1742299199999,2025-03-18 11:59:59,622581.9447100,10967,3999263,313319.2317000
1742299200000,2025-03-18 12:00:00,0.0777100,0.0780000,0.0748100,0.0749500,9013938,1742313599999,2025-03-18 15:59:59,691391.7917700,11361,4414872,338872.4775100
1742313600000,2025-03-18 16:00:00,0.0749400,0.0760700,0.0742300,0.0760000,6246238,1742327999999,2025-03-18 19:59:59,468309.6162200,9315,3328670,249752.7292000
1742328000000,2025-03-18 20:00:00,0.0760200,0.0790600,0.0752600,0.0789300,12328699,1742342399999,2025-03-18 23:59:59,948038.3392900,12665,6369856,490578.2329700
1742342400000,2025-03-19 00:00:00,0.0789300,0.0800400,0.0782700,0.0800400,10600955,1742356799999,2025-03-19 03:59:59,838958.0093600,11440,4950715,391885.5863700
1742356800000,2025-03-19 04:00:00,0.0800800,0.0816900,0.0789400,0.0792300,12859000,1742371199999,2025-03-19 07:59:59,1035851.3908000,13858,5788746,466470.1209500
1742371200000,2025-03-19 08:00:00,0.0792300,0.0803300,0.0782000,0.0799900,9478430,1742385599999,2025-03-19 11:59:59,749200.5979900,14082,5026368,397277.3870400
1742385600000,2025-03-19 12:00:00,0.0799900,0.0806700,0.0785200,0.0801700,10685373,1742399999999,2025-03-19 15:59:59,851971.8035700,13976,5082917,405316.2200800
1742400000000,2025-03-19 16:00:00,0.0801700,0.0811000,0.0776000,0.0795400,21963011,1742414399999,2025-03-19 19:59:59,1735393.8911300,20432,9903550,783220.3598100
1742414400000,2025-03-19 20:00:00,0.0795600,0.0810700,0.0786000,0.0801100,10237773,1742428799999,2025-03-19 23:59:59,816552.8343100,13205,4959523,395463.1003100
1742428800000,2025-03-20 00:00:00,0.0801200,0.0806400,0.0786900,0.0790500,6134319,1742443199999,2025-03-20 03:59:59,488214.2854300,10022,2947513,234657.2287300
1742443200000,2025-03-20 04:00:00,0.0790300,0.0800100,0.0786900,0.0796700,3380070,1742457599999,2025-03-20 07:59:59,268314.3291200,5941,1805151,143240.0975900
1742457600000,2025-03-20 08:00:00,0.0796800,0.0803200,0.0773000,0.0783200,6502253,1742471999999,2025-03-20 11:59:59,510886.4138600,8526,3248283,255180.4512900
1742472000000,2025-03-20 12:00:00,0.0783700,0.0797800,0.0780200,0.0782600,4899845,1742486399999,2025-03-20 15:59:59,386155.4656700,8489,2268320,178744.7236100
1742486400000,2025-03-20 16:00:00,0.0782100,0.0786100,0.0768300,0.0777000,3655905,1742500799999,2025-03-20 19:59:59,284239.5921400,6809,1820607,141514.8841300
1742500800000,2025-03-20 20:00:00,0.0776900,0.0781800,0.0769300,0.0773400,4177875,1742515199999,2025-03-20 23:59:59,323479.2700400,7127,2364366,183040.1548600
1742515200000,2025-03-21 00:00:00,0.0773400,0.0777200,0.0755000,0.0756200,12041066,1742529599999,2025-03-21 03:59:59,924199.0725100,14482,5374751,412632.8842800
1742529600000,2025-03-21 04:00:00,0.0756200,0.0775200,0.0754900,0.0758000,6461736,1742543999999,2025-03-21 07:59:59,493212.3550700,9261,3350339,255641.7024100
1742544000000,2025-03-21 08:00:00,0.0758100,0.0764200,0.0733600,0.0739400,10243716,1742558399999,2025-03-21 11:59:59,769247.8149200,12156,4743715,356503.8004300
1742558400000,2025-03-21 12:00:00,0.0739500,0.0753600,0.0735700,0.0741500,5684333,1742572799999,2025-03-21 15:59:59,423141.3528100,8982,2697221,200859.6822300
1742572800000,2025-03-21 16:00:00,0.0741700,0.0756500,0.0735500,0.0753600,4042063,1742587199999,2025-03-21 19:59:59,301482.3090600,5776,2338982,174480.8210000
1742587200000,2025-03-21 20:00:00,0.0753700,0.0759500,0.0743200,0.0745700,3529221,1742601599999,2025-03-21 23:59:59,265565.5860000,6236,1548559,116503.3021800
1742601600000,2025-03-22 00:00:00,0.0745900,0.0763100,0.0741700,0.0754800,7331027,1742615999999,2025-03-22 03:59:59,551331.9685100,9077,3448664,259307.9584000
1742616000000,2025-03-22 04:00:00,0.0754600,0.0780900,0.0754600,0.0775500,3919798,1742630399999,2025-03-22 07:59:59,301897.0934700,6692,1877701,144665.1778800
1742630400000,2025-03-22 08:00:00,0.0775400,0.0794300,0.0773700,0.0791300,5955594,1742644799999,2025-03-22 11:59:59,467872.7653200,8640,3043295,239048.0161200
1742644800000,2025-03-22 12:00:00,0.0791400,0.0805500,0.0778200,0.0802300,17177972,1742659199999,2025-03-22 15:59:59,1359863.1004900,12682,8373957,662941.3232200
1742659200000,2025-03-22 16:00:00,0.0802300,0.0803200,0.0780500,0.0794900,7732383,1742673599999,2025-03-22 19:59:59,614185.9804500,10533,3471962,275860.9412900
1742673600000,2025-03-22 20:00:00,0.0795100,0.0795100,0.0780700,0.0784400,3270169,1742687999999,2025-03-22 23:59:59,257527.7706700,6584,1468572,115668.0453300
1742688000000,2025-03-23 00:00:00,0.0784100,0.0816600,0.0780700,0.0812300,11630432,1742702399999,2025-03-23 03:59:59,934538.2654900,13296,5834517,468468.7380700
1742702400000,2025-03-23 04:00:00,0.0812400,0.0825000,0.0792500,0.0814500,17534420,1742716799999,2025-03-23 07:59:59,1423179.1844100,17491,8550537,694032.7275400
1742716800000,2025-03-23 08:00:00,0.0814600,0.0866000,0.0801600,0.0815000,45008716,1742731199999,2025-03-23 11:59:59,3725509.8597400,42201,21231859,1759632.4935000
1742731200000,2025-03-23 12:00:00,0.0815000,0.0815200,0.0795800,0.0798200,10586901,1742745599999,2025-03-23 15:59:59,852204.8400300,12089,5009057,403384.3434300
1742745600000,2025-03-23 16:00:00,0.0798100,0.0801300,0.0784100,0.0800000,7989244,1742759999999,2025-03-23 19:59:59,634323.1724100,9744,4109723,326688.3729400
1742760000000,2025-03-23 20:00:00,0.0800000,0.0812000,0.0797600,0.0810400,7650298,1742774399999,2025-03-23 23:59:59,615789.2558500,10786,3670114,295560.5579200
1742774400000,2025-03-24 00:00:00,0.0810700,0.0811000,0.0784500,0.0798900,7464258,1742788799999,2025-03-24 03:59:59,593550.2609600,10847,3416554,271473.4559000
1742788800000,2025-03-24 04:00:00,0.0799300,0.0818000,0.0798200,0.0805300,9566190,1742803199999,2025-03-24 07:59:59,775729.2913000,12368,4807830,389737.5244100
1742803200000,2025-03-24 08:00:00,0.0805300,0.0819700,0.0805300,0.0808600,5804496,1742817599999,2025-03-24 11:59:59,470763.0180000,9694,2792018,226373.2899900
1742817600000,2025-03-24 12:00:00,0.0808500,0.0837400,0.0807300,0.0830700,8558299,1742831999999,2025-03-24 15:59:59,705833.9393100,12670,4475991,368628.4184000
1742832000000,2025-03-24 16:00:00,0.0831000,0.0837500,0.0822900,0.0829300,4799293,1742846399999,2025-03-24 19:59:59,399031.7517900,8492,2362985,196414.2572800
1742846400000,2025-03-24 20:00:00,0.0829500,0.0838100,0.0825100,0.0831200,4353355,1742860799999,2025-03-24 23:59:59,361708.6549000,8053,1919112,159501.8378000
1742860800000,2025-03-25 00:00:00,0.0831200,0.0839300,0.0808600,0.0813500,9506364,1742875199999,2025-03-25 03:59:59,784354.2632400,14591,4092738,338011.8356600
1742875200000,2025-03-25 04:00:00,0.0813400,0.0818100,0.0804800,0.0806900,6634308,1742889599999,2025-03-25 07:59:59,538176.4054000,10699,2842029,230602.1843000
1742889600000,2025-03-25 08:00:00,0.0806900,0.0823400,0.0805700,0.0819000,4374945,1742903999999,2025-03-25 11:59:59,357148.3180200,10134,2035326,166074.7502800
1742904000000,2025-03-25 12:00:00,0.0819100,0.0819600,0.0805000,0.0814500,5630271,1742918399999,2025-03-25 15:59:59,457779.1617100,9844,2589278,210600.8832700
1742918400000,2025-03-25 16:00:00,0.0814500,0.0829000,0.0810200,0.0824400,4079561,1742932799999,2025-03-25 19:59:59,334647.6149400,8606,1845647,151385.4024100
1742932800000,2025-03-25 20:00:00,0.0824500,0.0829700,0.0814700,0.0821800,3751819,1742947199999,2025-03-25 23:59:59,308255.8363400,6905,1724052,141665.0085200
1742947200000,2025-03-26 00:00:00,0.0821800,0.0824000,0.0804100,0.0805200,3836582,1742961599999,2025-03-26 03:59:59,312633.4501000,8556,2010933,163911.4641000
1742961600000,2025-03-26 04:00:00,0.0805200,0.0833700,0.0802000,0.0831200,6564313,1742975999999,2025-03-26 07:59:59,538846.8364500,9342,2977783,244427.3339400
1742976000000,2025-03-26 08:00:00,0.0831200,0.0840100,0.0821600,0.0835700,6011364,1742990399999,2025-03-26 11:59:59,500484.5501600,8497,2623110,218261.9654900
1742990400000,2025-03-26 12:00:00,0.0835700,0.0837900,0.0794000,0.0810400,10765005,1743004799999,2025-03-26 15:59:59,874026.2385400,14225,5517812,447914.3692900
1743004800000,2025-03-26 16:00:00,0.0810400,0.0816900,0.0792300,0.0803700,6889395,1743019199999,2025-03-26 19:59:59,554756.2204600,11626,3070550,247347.8798800
1743019200000,2025-03-26 20:00:00,0.0803900,0.0819700,0.0795800,0.0800700,11673450,1743033599999,2025-03-26 23:59:59,945103.1695700,12595,6216251,503713.4137300
1743033600000,2025-03-27 00:00:00,0.0800800,0.0826000,0.0799000,0.0824800,5069947,1743047999999,2025-03-27 03:59:59,412692.5965900,8173,2306730,187856.3362300
1743048000000,2025-03-27 04:00:00,0.0824900,0.0830000,0.0817300,0.0820000,4874588,1743062399999,2025-03-27 07:59:59,401240.3554000,8037,2062631,169761.2414700
1743062400000,2025-03-27 08:00:00,0.0820100,0.0825700,0.0786200,0.0787000,9762016,1743076799999,2025-03-27 11:59:59,785635.2997600,12624,4371778,351644.6088400
1743076800000,2025-03-27 12:00:00,0.0787100,0.0798900,0.0772300,0.0793800,9870475,1743091199999,2025-03-27 15:59:59,776432.0855600,12623,5251190,413288.6214200
1743091200000,2025-03-27 16:00:00,0.0793900,0.0799600,0.0777900,0.0790500,21572176,1743105599999,2025-03-27 19:59:59,1696252.7488400,17309,11381019,895674.6274400
1743105600000,2025-03-27 20:00:00,0.0790500,0.0797000,0.0784600,0.0786400,5065385,1743119999999,2025-03-27 23:59:59,400645.5656400,7268,2460358,194529.9275900
1743120000000,2025-03-28 00:00:00,0.0786300,0.0791500,0.0761400,0.0766900,6301094,1743134399999,2025-03-28 03:59:59,490222.3001800,10558,2658587,206686.9492400
1743134400000,2025-03-28 04:00:00,0.0767000,0.0773800,0.0723900,0.0727800,12729154,1743148799999,2025-03-28 07:59:59,948236.2556100,16458,5872988,437569.6281800
1743148800000,2025-03-28 08:00:00,0.0728100,0.0735200,0.0716000,0.0727200,5982461,1743163199999,2025-03-28 11:59:59,434660.0972600,10388,3239291,235420.9533600
1743163200000,2025-03-28 12:00:00,0.0727000,0.0730300,0.0707800,0.0713400,7297810,1743177599999,2025-03-28 15:59:59,524625.6660400,11257,4290854,308388.4607400
1743177600000,2025-03-28 16:00:00,0.0713400,0.0718700,0.0697500,0.0700400,5370874,1743191999999,2025-03-28 19:59:59,378997.8086900,8725,2467328,174114.6979600
1743192000000,2025-03-28 20:00:00,0.0700700,0.0714800,0.0696700,0.0714100,4387660,1743206399999,2025-03-28 23:59:59,310176.7804300,7003,2179686,154126.6753100
1743206400000,2025-03-29 00:00:00,0.0714100,0.0720500,0.0691500,0.0708500,7158790,1743220799999,2025-03-29 03:59:59,508570.6381300,8849,2985411,211834.7649900
1743220800000,2025-03-29 04:00:00,0.0708000,0.0709600,0.0684000,0.0688700,6929488,1743235199999,2025-03-29 07:59:59,482642.1632600,8579,3416657,237699.2536100
1743235200000,2025-03-29 08:00:00,0.0688800,0.0699400,0.0673000,0.0689000,13923410,1743249599999,2025-03-29 11:59:59,954464.6666700,13776,7740918,530235.6675200
1743249600000,2025-03-29 12:00:00,0.0689200,0.0691600,0.0677300,0.0679800,11594215,1743263999999,2025-03-29 15:59:59,794850.0219600,11252,5870111,402405.7322200
1743264000000,2025-03-29 16:00:00,0.0679800,0.0680800,0.0652500,0.0669300,8420996,1743278399999,2025-03-29 19:59:59,559556.1394600,11505,4169612,277027.6865500
1743278400000,2025-03-29 20:00:00,0.0669400,0.0673500,0.0659600,0.0669600,4300038,1743292799999,2025-03-29 23:59:59,286330.8824400,6968,1878320,125035.8209000
1743292800000,2025-03-30 00:00:00,0.0669400,0.0676400,0.0657300,0.0671400,4527709,1743307199999,2025-03-30 03:59:59,303027.3876000,8088,2558728,171323.5102900
1743307200000,2025-03-30 04:00:00,0.0671200,0.0696800,0.0671100,0.0693400,7058337,1743321599999,2025-03-30 07:59:59,485084.3134800,9307,4096413,281474.1631600
1743321600000,2025-03-30 08:00:00,0.0693300,0.0701700,0.0683700,0.0685600,6887377,1743335999999,2025-03-30 11:59:59,477243.5440300,8272,2961413,205253.3630100
1743336000000,2025-03-30 12:00:00,0.0685400,0.0693300,0.0676700,0.0682000,4555972,1743350399999,2025-03-30 15:59:59,312169.8385800,8241,2383399,163390.1463500
1743350400000,2025-03-30 16:00:00,0.0682400,0.0699800,0.0668000,0.0695000,6512655,1743364799999,2025-03-30 19:59:59,446688.9941500,9501,3687833,252906.7063500
1743364800000,2025-03-30 20:00:00,0.0695000,0.0702500,0.0674600,0.0683400,7005334,1743379199999,2025-03-30 23:59:59,483144.3938800,11375,3488474,240698.1218000
1743379200000,2025-03-31 00:00:00,0.0683500,0.0690500,0.0663600,0.0674600,9738656,1743393599999,2025-03-31 03:59:59,663129.0508500,15185,4400877,299506.6326900
1743393600000,2025-03-31 04:00:00,0.0674600,0.0684400,0.0662700,0.0669000,5860128,1743407999999,2025-03-31 07:59:59,395719.2234000,8991,3432667,231939.2129700
1743408000000,2025-03-31 08:00:00,0.0668900,0.0674500,0.0652000,0.0668100,8679220,1743422399999,2025-03-31 11:59:59,576408.1691700,11395,3647487,242490.2738800
1743422400000,2025-03-31 12:00:00,0.0668100,0.0680000,0.0652800,0.0669900,14047195,1743436799999,2025-03-31 15:59:59,941495.9137800,22947,5812560,389454.2400800
1743436800000,2025-03-31 16:00:00,0.0669900,0.0674100,0.0657200,0.0659600,11504442,1743451199999,2025-03-31 19:59:59,766221.2565800,17984,4185816,278739.5026100
1743451200000,2025-03-31 20:00:00,0.0659300,0.0662300,0.0650400,0.0655800,5307619,1743465599999,2025-03-31 23:59:59,348550.2130100,8328,2883822,189368.7772300
1743465600000,2025-04-01 00:00:00,0.0655800,0.0676000,0.0653100,0.0669900,9245224,1743479999999,2025-04-01 03:59:59,614043.4973900,12945,4546906,301899.9274800
1743480000000,2025-04-01 04:00:00,0.0670500,0.0684300,0.0669500,0.0680600,4756047,1743494399999,2025-04-01 07:59:59,322439.0993000,7102,2115470,143402.4778600
1743494400000,2025-04-01 08:00:00,0.0680500,0.0692400,0.0661700,0.0663100,6244802,1743508799999,2025-04-01 11:59:59,425271.5466200,9607,3171139,216012.4142500
1743508800000,2025-04-01 12:00:00,0.0663000,0.0670900,0.0652100,0.0661900,12590429,1743523199999,2025-04-01 15:59:59,832789.1136600,14933,6229527,412174.4798600
1743523200000,2025-04-01 16:00:00,0.0661900,0.0665800,0.0630700,0.0636500,17078418,1743537599999,2025-04-01 19:59:59,1107273.5917300,16911,7522784,488144.0496700
1743537600000,2025-04-01 20:00:00,0.0636500,0.0648300,0.0627400,0.0641000,6889893,1743551999999,2025-04-01 23:59:59,439886.1617200,10651,3270681,208729.6943800
1743552000000,2025-04-02 00:00:00,0.0641000,0.0641200,0.0600300,0.0615000,19474685,1743566399999,2025-04-02 03:59:59,1193912.0079900,18758,9145278,560113.4039300
1743566400000,2025-04-02 04:00:00,0.0615000,0.0617600,0.0600800,0.0607200,6994340,1743580799999,2025-04-02 07:59:59,424955.8550100,9469,4009926,243708.6516800
1743580800000,2025-04-02 08:00:00,0.0607200,0.0616900,0.0603100,0.0606600,5890640,1743595199999,2025-04-02 11:59:59,359531.5354800,7860,2941833,179525.0262400
1743595200000,2025-04-02 12:00:00,0.0606400,0.0633100,0.0597100,0.0628000,13260347,1743609599999,2025-04-02 15:59:59,813666.3371400,14133,7780571,477813.1633500
1743609600000,2025-04-02 16:00:00,0.0628100,0.0633900,0.0614600,0.0624600,5675295,1743623999999,2025-04-02 19:59:59,353586.3265100,9112,2618264,163217.9598400
1743624000000,2025-04-02 20:00:00,0.0624400,0.0641700,0.0571500,0.0579700,23837033,1743638399999,2025-04-02 23:59:59,1453160.5753400,21305,12124561,739690.7733900
1743638400000,2025-04-03 00:00:00,0.0579700,0.0600600,0.0576500,0.0589600,14110103,1743652799999,2025-04-03 03:59:59,832776.3944500,12364,7206707,425258.5086000
1743652800000,2025-04-03 04:00:00,0.0589800,0.0595600,0.0567100,0.0577100,9837133,1743667199999,2025-04-03 07:59:59,573248.3963000,9511,5148246,299521.2554200
1743667200000,2025-04-03 08:00:00,0.0577200,0.0577700,0.0547700,0.0551300,12717440,1743681599999,2025-04-03 11:59:59,715338.7208100,13626,5413016,304498.7271000
1743681600000,2025-04-03 12:00:00,0.0551200,0.0558500,0.0538400,0.0556900,11599098,1743695999999,2025-04-03 15:59:59,637539.6174900,12634,5972258,328277.9631200
1743696000000,2025-04-03 16:00:00,0.0556900,0.0584300,0.0554700,0.0574600,43065897,1743710399999,2025-04-03 19:59:59,2470912.0827200,34483,19036108,1090976.7667600
1743710400000,2025-04-03 20:00:00,0.0574500,0.0583300,0.0569400,0.0570600,14028336,1743724799999,2025-04-03 23:59:59,806176.0600100,12542,6449126,370322.1095300
1743724800000,2025-04-04 00:00:00,0.0570800,0.0576600,0.0560700,0.0564000,6807854,1743739199999,2025-04-04 03:59:59,386093.8055300,8813,3460584,196255.2793400
1743739200000,2025-04-04 04:00:00,0.0563900,0.0574100,0.0561000,0.0571000,7808834,1743753599999,2025-04-04 07:59:59,444413.4438400,8598,4032315,229506.0291300
1743753600000,2025-04-04 08:00:00,0.0571100,0.0578400,0.0542200,0.0552500,12167234,1743767999999,2025-04-04 11:59:59,674838.3958100,11751,6900979,381504.1693200
1743768000000,2025-04-04 12:00:00,0.0552300,0.0567900,0.0547800,0.0554500,12157861,1743782399999,2025-04-04 15:59:59,676774.4653200,13020,5881574,327639.8675300
1743782400000,2025-04-04 16:00:00,0.0554600,0.0563000,0.0547000,0.0552800,7436080,1743796799999,2025-04-04 19:59:59,412198.6612500,9918,3700470,205059.4242000
1743796800000,2025-04-04 20:00:00,0.0552700,0.0558000,0.0548800,0.0551500,3834294,1743811199999,2025-04-04 23:59:59,211972.8688600,6284,2125898,117547.1920000
1743811200000,2025-04-05 00:00:00,0.0551500,0.0558700,0.0543900,0.0547800,8757983,1743825599999,2025-04-05 03:59:59,481865.0289500,7769,3393223,186894.4022000
1743825600000,2025-04-05 04:00:00,0.0547700,0.0554900,0.0545000,0.0552100,5642373,1743839999999,2025-04-05 07:59:59,309884.1771600,6240,3101408,170355.8038300
1743840000000,2025-04-05 08:00:00,0.0552200,0.0560600,0.0550100,0.0551500,5387278,1743854399999,2025-04-05 11:59:59,298812.3942200,5415,2957199,164005.7699600
1743854400000,2025-04-05 12:00:00,0.0551400,0.0552300,0.0532700,0.0535300,9795722,1743868799999,2025-04-05 15:59:59,528636.8673600,8246,4867386,262526.4429000
1743868800000,2025-04-05 16:00:00,0.0535300,0.0542500,0.0533300,0.0535900,4129958,1743883199999,2025-04-05 19:59:59,221834.4270800,4942,1823235,97923.4783300
1743883200000,2025-04-05 20:00:00,0.0535900,0.0549400,0.0534800,0.0548200,3973501,1743897599999,2025-04-05 23:59:59,214650.3405400,5584,2117905,114410.3429000
1743897600000,2025-04-06 00:00:00,0.0548500,0.0549000,0.0541100,0.0542800,2654610,1743911999999,2025-04-06 03:59:59,144714.3162100,4545,1293754,70527.9815000
1743912000000,2025-04-06 04:00:00,0.0542800,0.0549400,0.0537200,0.0538300,3508389,1743926399999,2025-04-06 07:59:59,190506.2421400,5797,1583505,85984.1062300
1743926400000,2025-04-06 08:00:00,0.0538400,0.0543900,0.0533100,0.0536800,4382449,1743940799999,2025-04-06 11:59:59,235669.3224700,7016,2205880,118581.1546900
1743940800000,2025-04-06 12:00:00,0.0536700,0.0537400,0.0522800,0.0525900,8168132,1743955199999,2025-04-06 15:59:59,430994.3150800,11469,3989672,210506.3769800
1743955200000,2025-04-06 16:00:00,0.0525800,0.0529200,0.0493200,0.0503100,15948305,1743969599999,2025-04-06 19:59:59,811604.1274100,17139,8253391,420590.0844300
1743969600000,2025-04-06 20:00:00,0.0503100,0.0506500,0.0475400,0.0489200,16576939,1743983999999,2025-04-06 23:59:59,812320.4320800,26059,7222668,353760.0740000
1743984000000,2025-04-07 00:00:00,0.0489200,0.0498700,0.0472500,0.0480200,20592921,1743998399999,2025-04-07 03:59:59,1001455.9403600,21492,9258860,450162.6883300
1743998400000,2025-04-07 04:00:00,0.0480200,0.0493200,0.0444200,0.0461000,33583651,1744012799999,2025-04-07 07:59:59,1563946.0038700,23752,16446918,766016.0143000
1744012800000,2025-04-07 08:00:00,0.0460900,0.0486800,0.0458700,0.0479800,18735471,1744027199999,2025-04-07 11:59:59,894137.4459400,14723,9087870,433393.9263400
1744027200000,2025-04-07 12:00:00,0.0479900,0.0576000,0.0477000,0.0506300,47428643,1744041599999,2025-04-07 15:59:59,2380077.1384900,31696,23856492,1198705.5307600
1744041600000,2025-04-07 16:00:00,0.0506300,0.0512700,0.0496100,0.0505100,6976608,1744055999999,2025-04-07 19:59:59,352989.0467500,9965,3372843,170625.9284800
1744056000000,2025-04-07 20:00:00,0.0505100,0.0515500,0.0505100,0.0507700,3452161,1744070399999,2025-04-07 23:59:59,176172.2941100,5966,1857109,94763.5322400
1744070400000,2025-04-08 00:00:00,0.0507900,0.0525300,0.0504200,0.0515200,4897899,1744084799999,2025-04-08 03:59:59,252229.0940500,6558,2524200,129904.1204600
1744084800000,2025-04-08 04:00:00,0.0515100,0.0517800,0.0500300,0.0504800,5485786,1744099199999,2025-04-08 07:59:59,278123.8969700,7099,2520818,127691.3095100
1744099200000,2025-04-08 08:00:00,0.0504700,0.0513600,0.0498600,0.0511900,7327780,1744113599999,2025-04-08 11:59:59,369717.4567900,8070,4004317,202267.3586100
1744113600000,2025-04-08 12:00:00,0.0512100,0.0513900,0.0495500,0.0500000,10447481,1744127999999,2025-04-08 15:59:59,524132.1109000,10851,5322137,266927.7195600
1744128000000,2025-04-08 16:00:00,0.0499900,0.0499900,0.0475300,0.0476300,9374892,1744142399999,2025-04-08 19:59:59,454528.3495000,13487,4729385,229202.0056500
1744142400000,2025-04-08 20:00:00,0.0476700,0.0481100,0.0471000,0.0473800,10204186,1744156799999,2025-04-08 23:59:59,485035.9561200,9364,5385133,255978.3244500
1744156800000,2025-04-09 00:00:00,0.0473800,0.0482300,0.0457600,0.0474800,12933743,1744171199999,2025-04-09 03:59:59,612784.2733900,14009,6576456,311622.5677200
1744171200000,2025-04-09 04:00:00,0.0474600,0.0490300,0.0473800,0.0487900,8435975,1744185599999,2025-04-09 07:59:59,408084.6518000,8616,4614699,223252.9434400
1744185600000,2025-04-09 08:00:00,0.0488000,0.0494500,0.0467800,0.0473800,20826974,1744199999999,2025-04-09 11:59:59,1012800.0225000,19678,9284360,452346.9584000
1744200000000,2025-04-09 12:00:00,0.0473900,0.0489400,0.0470400,0.0482400,10626955,1744214399999,2025-04-09 15:59:59,510173.3690900,15091,5030597,241452.2500100
1744214400000,2025-04-09 16:00:00,0.0482300,0.0523900,0.0481300,0.0522600,15747942,1744228799999,2025-04-09 19:59:59,796917.9851100,16989,8744838,441634.8386300
1744228800000,2025-04-09 20:00:00,0.0522800,0.0537600,0.0522200,0.0532300,7533828,1744243199999,2025-04-09 23:59:59,400735.6145900,7764,3180636,169112.8827600
1744243200000,2025-04-10 00:00:00,0.0531900,0.0532000,0.0507100,0.0510100,10708760,1744257599999,2025-04-10 03:59:59,556428.8712000,11352,4046931,210544.6271200
1744257600000,2025-04-10 04:00:00,0.0509900,0.0520400,0.0506000,0.0510800,12099278,1744271999999,2025-04-10 07:59:59,619999.5651500,12189,6336565,325094.9146700
1744272000000,2025-04-10 08:00:00,0.0510700,0.0511100,0.0503100,0.0506200,12423576,1744286399999,2025-04-10 11:59:59,630069.2375100,11528,6576259,333598.7603800
1744286400000,2025-04-10 12:00:00,0.0506200,0.0516500,0.0493600,0.0494700,15551666,1744300799999,2025-04-10 15:59:59,788260.4260600,17159,7795596,395519.6336100
1744300800000,2025-04-10 16:00:00,0.0494600,0.0508600,0.0492500,0.0503900,9695649,1744315199999,2025-04-10 19:59:59,486371.6568100,13846,4831346,242499.8974200
1744315200000,2025-04-10 20:00:00,0.0504100,0.0511100,0.0503800,0.0506700,7523142,1744329599999,2025-04-10 23:59:59,381925.9451900,8054,3676217,186644.8165200
1744329600000,2025-04-11 00:00:00,0.0506500,0.0518700,0.0504800,0.0515700,5922792,1744343999999,2025-04-11 03:59:59,303691.9579900,7689,2465207,126314.6312600
1744344000000,2025-04-11 04:00:00,0.0515700,0.0520200,0.0512600,0.0518500,4726395,1744358399999,2025-04-11 07:59:59,243912.1485400,5595,2310119,119311.7801300
1744358400000,2025-04-11 08:00:00,0.0518500,0.0524000,0.0514900,0.0515900,5594611,1744372799999,2025-04-11 11:59:59,290267.1539200,6601,2415432,125389.4585300
1744372800000,2025-04-11 12:00:00,0.0516200,0.0521300,0.0508500,0.0521000,6398927,1744387199999,2025-04-11 15:59:59,329926.3726100,8138,3394978,175164.0292700
1744387200000,2025-04-11 16:00:00,0.0521100,0.0531400,0.0517700,0.0527100,8934456,1744401599999,2025-04-11 19:59:59,469846.2294300,8393,5490897,288735.4525100
1744401600000,2025-04-11 20:00:00,0.0527000,0.0531500,0.0522500,0.0522800,3126349,1744415999999,2025-04-11 23:59:59,164804.0845400,5117,1403832,74012.4520800
1744416000000,2025-04-12 00:00:00,0.0522900,0.0523500,0.0515500,0.0517600,4475561,1744430399999,2025-04-12 03:59:59,232731.9334000,5556,2072185,107772.8007400
1744430400000,2025-04-12 04:00:00,0.0517800,0.0531900,0.0514800,0.0530700,13326494,1744444799999,2025-04-12 07:59:59,698708.9130800,12589,7069238,370575.6686000
1744444800000,2025-04-12 08:00:00,0.0530900,0.0536200,0.0522800,0.0523000,12004431,1744459199999,2025-04-12 11:59:59,636967.4196500,10161,5195476,275843.6299200
1744459200000,2025-04-12 12:00:00,0.0522900,0.0542600,0.0521600,0.0539500,11409381,1744473599999,2025-04-12 15:59:59,609656.7275800,8914,5937617,317213.4504200
1744473600000,2025-04-12 16:00:00,0.0539400,0.0545500,0.0538500,0.0542100,6946194,1744487999999,2025-04-12 19:59:59,376251.1097600,6930,3409600,184745.8733800
1744488000000,2025-04-12 20:00:00,0.0542000,0.0546800,0.0540900,0.0541400,5727591,1744502399999,2025-04-12 23:59:59,311688.8763500,5371,2581044,140462.6162300
1744502400000,2025-04-13 00:00:00,0.0541300,0.0542400,0.0531100,0.0534300,4732226,1744516799999,2025-04-13 03:59:59,253704.0684100,5685,1847214,98996.0624600
1744516800000,2025-04-13 04:00:00,0.0534200,0.0534200,0.0525800,0.0529200,9847299,1744531199999,2025-04-13 07:59:59,520517.2690200,7683,5206667,275218.6640800
1744531200000,2025-04-13 08:00:00,0.0529400,0.0534800,0.0522600,0.0526200,8304214,1744545599999,2025-04-13 11:59:59,439729.8180800,8046,3632788,192615.4800700
1744545600000,2025-04-13 12:00:00,0.0526200,0.0529800,0.0507500,0.0510300,12055357,1744559999999,2025-04-13 15:59:59,623021.8475700,9169,5909652,305337.7797300
1744560000000,2025-04-13 16:00:00,0.0510100,0.0531600,0.0493600,0.0498500,22541443,1744574399999,2025-04-13 19:59:59,1146068.6536900,13120,11337117,576441.8129500
1744574400000,2025-04-13 20:00:00,0.0498500,0.0507300,0.0488100,0.0501600,15870065,1744588799999,2025-04-13 23:59:59,787895.7404300,13581,9367388,465405.0038400
1744588800000,2025-04-14 00:00:00,0.0501700,0.0517800,0.0501200,0.0505900,6353697,1744603199999,2025-04-14 03:59:59,323224.8105100,8393,2693863,137077.6271600
1744603200000,2025-04-14 04:00:00,0.0506000,0.0514500,0.0497000,0.0501300,12958644,1744617599999,2025-04-14 07:59:59,654190.0322400,9648,5901479,297852.2693800
1744617600000,2025-04-14 08:00:00,0.0501400,0.0514400,0.0499000,0.0511900,8718378,1744631999999,2025-04-14 11:59:59,441066.2276500,8741,4274629,216443.1717100
1744632000000,2025-04-14 12:00:00,0.0511900,0.0513700,0.0492900,0.0494400,7534439,1744646399999,2025-04-14 15:59:59,380240.5485600,9473,3465895,174932.0813500
1744646400000,2025-04-14 16:00:00,0.0493900,0.0502300,0.0488200,0.0497400,7838632,1744660799999,2025-04-14 19:59:59,389717.0137300,8853,4262056,212037.9809300
1744660800000,2025-04-14 20:00:00,0.0497500,0.0499900,0.0492400,0.0495700,4453396,1744675199999,2025-04-14 23:59:59,221182.4557500,6349,2409643,119640.2765600
1744675200000,2025-04-15 00:00:00,0.0495700,0.0497100,0.0485000,0.0492600,6781216,1744689599999,2025-04-15 03:59:59,332806.8814900,7825,2879564,141282.5903800
1744689600000,2025-04-15 04:00:00,0.0492400,0.0499500,0.0488500,0.0496300,9871236,1744703999999,2025-04-15 07:59:59,487633.7127100,8152,5788021,286053.8387000
1744704000000,2025-04-15 08:00:00,0.0496500,0.0503600,0.0494500,0.0497600,5210046,1744718399999,2025-04-15 11:59:59,259542.3127200,6092,2790017,138952.3696300
1744718400000,2025-04-15 12:00:00,0.0497400,0.0504600,0.0488700,0.0494700,9187945,1744732799999,2025-04-15 15:59:59,455299.2437600,9018,4168818,206670.9416500
1744732800000,2025-04-15 16:00:00,0.0494700,0.0496400,0.0481300,0.0483400,7429687,1744747199999,2025-04-15 19:59:59,362314.6164700,8848,3362304,164052.1591900
1744747200000,2025-04-15 20:00:00,0.0483300,0.0484200,0.0476600,0.0482500,5291264,1744761599999,2025-04-15 23:59:59,254629.9536400,7028,2744498,132090.5115500
1744761600000,2025-04-16 00:00:00,0.0482500,0.0489400,0.0479300,0.0484700,5748630,1744775999999,2025-04-16 03:59:59,278993.4353800,7852,2619688,127180.1013300
1744776000000,2025-04-16 04:00:00,0.0484700,0.0487200,0.0473000,0.0474600,4924484,1744790399999,2025-04-16 07:59:59,236690.5167900,6965,2213171,106295.3870000
1744790400000,2025-04-16 08:00:00,0.0474700,0.0482600,0.0470200,0.0475300,9617179,1744804799999,2025-04-16 11:59:59,455748.5423100,9199,4983733,236149.5562300
1744804800000,2025-04-16 12:00:00,0.0475300,0.0477000,0.0463300,0.0467600,9560886,1744819199999,2025-04-16 15:59:59,448842.5490500,10489,4596621,215884.4244800
1744819200000,2025-04-16 16:00:00,0.0467800,0.0477000,0.0453500,0.0474800,11993018,1744833599999,2025-04-16 19:59:59,559672.9548200,12310,6002190,280185.6362800
1744833600000,2025-04-16 20:00:00,0.0474900,0.0479400,0.0465400,0.0466300,4638673,1744847999999,2025-04-16 23:59:59,218413.1351500,5719,2374593,111755.5814300
1744848000000,2025-04-17 00:00:00,0.0466400,0.0473300,0.0457900,0.0461300,8236828,1744862399999,2025-04-17 03:59:59,383912.7512600,7050,3903908,182065.4360300
1744862400000,2025-04-17 04:00:00,0.0461100,0.0473200,0.0459900,0.0471500,4607354,1744876799999,2025-04-17 07:59:59,215836.4298300,5597,2248415,105243.8397900
1744876800000,2025-04-17 08:00:00,0.0471800,0.0474000,0.0466100,0.0469600,4863176,1744891199999,2025-04-17 11:59:59,228623.3525300,6014,2425944,114057.0752200
1744891200000,2025-04-17 12:00:00,0.0469700,0.0473500,0.0458500,0.0466900,8569610,1744905599999,2025-04-17 15:59:59,397639.1662700,7682,4401157,204207.8240900
1744905600000,2025-04-17 16:00:00,0.0466800,0.0477800,0.0464100,0.0469800,9007908,1744919999999,2025-04-17 19:59:59,425623.1893300,7198,5179833,244764.8275700
1744920000000,2025-04-17 20:00:00,0.0469800,0.0475900,0.0467800,0.0471800,3685892,1744934399999,2025-04-17 23:59:59,174111.2921800,4725,1673794,79020.9095500
1744934400000,2025-04-18 00:00:00,0.0472200,0.0477800,0.0468000,0.0476700,8875495,1744948799999,2025-04-18 03:59:59,419832.9862500,6920,4640976,219556.3032100
1744948800000,2025-04-18 04:00:00,0.0476600,0.0488500,0.0475800,0.0487300,5793863,1744963199999,2025-04-18 07:59:59,278908.7273600,6112,3149368,151619.6008500
1744963200000,2025-04-18 08:00:00,0.0487500,0.0499900,0.0487500,0.0493000,8683029,1744977599999,2025-04-18 11:59:59,429282.3677900,8719,4237811,209514.6839500
1744977600000,2025-04-18 12:00:00,0.0493400,0.0494900,0.0485600,0.0488800,5210244,1744991999999,2025-04-18 15:59:59,255418.7822300,7053,2325503,113968.3708000
1744992000000,2025-04-18 16:00:00,0.0488900,0.0501200,0.0488800,0.0492300,10014214,1745006399999,2025-04-18 19:59:59,496474.5338900,8843,4162716,206477.0822100
1745006400000,2025-04-18 20:00:00,0.0492400,0.0493700,0.0486400,0.0490500,7129608,1745020799999,2025-04-18 23:59:59,349704.1804900,6180,3586185,175913.1738500
1745020800000,2025-04-19 00:00:00,0.0490500,0.0504800,0.0489300,0.0502500,15057679,1745035199999,2025-04-19 03:59:59,747294.8503300,11410,8003033,397055.7744900
1745035200000,2025-04-19 04:00:00,0.0502600,0.0511300,0.0499700,0.0509100,4940957,1745049599999,2025-04-19 07:59:59,249587.0910000,6309,2532932,127960.8949200
1745049600000,2025-04-19 08:00:00,0.0509000,0.0510500,0.0501900,0.0502600,4033622,1745063999999,2025-04-19 11:59:59,204298.4343100,4956,1465691,74272.3262200
1745064000000,2025-04-19 12:00:00,0.0502500,0.0516900,0.0500100,0.0515100,6488090,1745078399999,2025-04-19 15:59:59,330182.7674400,6742,3585001,182322.7297400
1745078400000,2025-04-19 16:00:00,0.0515100,0.0531200,0.0509600,0.0530400,8935406,1745092799999,2025-04-19 19:59:59,467317.7759700,8669,4860018,254483.4762600
1745092800000,2025-04-19 20:00:00,0.0530500,0.0537300,0.0526800,0.0535900,5349705,1745107199999,2025-04-19 23:59:59,285189.0548200,7008,2007739,107062.0540700
1745107200000,2025-04-20 00:00:00,0.0535900,0.0549000,0.0532300,0.0545600,7583295,1745121599999,2025-04-20 03:59:59,411311.1366200,8659,3698642,200656.0135000
1745121600000,2025-04-20 04:00:00,0.0545700,0.0558100,0.0542300,0.0546200,10961234,1745135999999,2025-04-20 07:59:59,603085.6096600,12467,4898736,269565.2287400
1745136000000,2025-04-20 08:00:00,0.0546200,0.0551600,0.0531300,0.0537400,9876962,1745150399999,2025-04-20 11:59:59,533652.9645700,10762,4622670,249782.8616400
1745150400000,2025-04-20 12:00:00,0.0537400,0.0544800,0.0536200,0.0540700,5675814,1745164799999,2025-04-20 15:59:59,306448.2378200,6361,2668475,144117.3098700
1745164800000,2025-04-20 16:00:00,0.0540800,0.0559300,0.0539600,0.0559000,11739149,1745179199999,2025-04-20 19:59:59,648119.7017100,9533,6135458,338680.6290600
1745179200000,2025-04-20 20:00:00,0.0559000,0.0566200,0.0554000,0.0559600,7650835,1745193599999,2025-04-20 23:59:59,428415.1185200,8005,3390080,190011.0381100
1745193600000,2025-04-21 00:00:00,0.0559700,0.0568400,0.0558600,0.0564600,7650532,1745207999999,2025-04-21 03:59:59,430669.2667700,10784,3400579,191466.2517500
1745208000000,2025-04-21 04:00:00,0.0564600,0.0575800,0.0554000,0.0559400,12928330,1745222399999,2025-04-21 07:59:59,728879.4122100,14314,5967554,335666.0015700
1745222400000,2025-04-21 08:00:00,0.0559400,0.0568200,0.0556700,0.0559800,6747290,1745236799999,2025-04-21 11:59:59,379249.4069300,7263,2996293,168472.5307200
1745236800000,2025-04-21 12:00:00,0.0559700,0.0570500,0.0559500,0.0565900,5783327,1745251199999,2025-04-21 15:59:59,326430.4091000,6932,3177156,179181.7125000
1745251200000,2025-04-21 16:00:00,0.0566000,0.0570000,0.0550800,0.0564300,5883614,1745265599999,2025-04-21 19:59:59,329340.3026600,7242,3024888,169377.8535800
1745265600000,2025-04-21 20:00:00,0.0564100,0.0564200,0.0549400,0.0552700,4210562,1745279999999,2025-04-21 23:59:59,234328.9508000,5215,2187314,121693.0664900
1745280000000,2025-04-22 00:00:00,0.0552700,0.0563500,0.0548800,0.0553300,5567828,1745294399999,2025-04-22 03:59:59,308963.2395600,6632,3070973,170439.2081600
1745294400000,2025-04-22 04:00:00,0.0553200,0.0556500,0.0540600,0.0553800,5639682,1745308799999,2025-04-22 07:59:59,309505.9069800,6930,2623703,144135.5043100
1745308800000,2025-04-22 08:00:00,0.0553300,0.0556000,0.0545700,0.0555500,3586521,1745323199999,2025-04-22 11:59:59,197237.2569200,5215,2064387,113519.6590100
1745323200000,2025-04-22 12:00:00,0.0555200,0.0569500,0.0550000,0.0560700,12093435,1745337599999,2025-04-22 15:59:59,673788.0819700,12270,5761521,321104.5140200
1745337600000,2025-04-22 16:00:00,0.0560700,0.0572700,0.0558700,0.0571000,5033120,1745351999999,2025-04-22 19:59:59,284898.7846500,7360,2544126,143940.4369400
1745352000000,2025-04-22 20:00:00,0.0571100,0.0589100,0.0569100,0.0586300,14214467,1745366399999,2025-04-22 23:59:59,826182.5140600,12301,6485308,377003.4880700
1745366400000,2025-04-23 00:00:00,0.0586300,0.0594500,0.0579400,0.0592800,7936597,1745380799999,2025-04-23 03:59:59,465736.3917800,9586,3715704,218201.7405600
1745380800000,2025-04-23 04:00:00,0.0593000,0.0603200,0.0588900,0.0600800,6234564,1745395199999,2025-04-23 07:59:59,372172.8714900,7226,2817748,168162.1463400
1745395200000,2025-04-23 08:00:00,0.0600400,0.0605700,0.0577100,0.0586100,10806813,1745409599999,2025-04-23 11:59:59,637723.2912900,10884,5056558,298312.4909300
1745409600000,2025-04-23 12:00:00,0.0585900,0.0597900,0.0570100,0.0582300,17494272,1745423999999,2025-04-23 15:59:59,1020793.7423000,14865,8640239,503888.1409600
1745424000000,2025-04-23 16:00:00,0.0582300,0.0590400,0.0569800,0.0576900,13743143,1745438399999,2025-04-23 19:59:59,799681.0499600,12045,7142659,415433.7722400
1745438400000,2025-04-23 20:00:00,0.0576900,0.0593500,0.0576900,0.0590300,5344883,1745452799999,2025-04-23 23:59:59,313495.7547400,6397,2585575,151650.3778300
1745452800000,2025-04-24 00:00:00,0.0590300,0.0592000,0.0573000,0.0573800,5142142,1745467199999,2025-04-24 03:59:59,300967.9633000,7664,2173527,127187.9980700
1745467200000,2025-04-24 04:00:00,0.0573800,0.0589000,0.0572700,0.0575100,6041683,1745481599999,2025-04-24 07:59:59,350683.0525800,7801,3389808,196715.0196700
1745481600000,2025-04-24 08:00:00,0.0575200,0.0580100,0.0566200,0.0579500,6284637,1745495999999,2025-04-24 11:59:59,360976.7508400,7524,3056400,175568.0475100
1745496000000,2025-04-24 12:00:00,0.0579700,0.0602100,0.0574400,0.0600100,14270042,1745510399999,2025-04-24 15:59:59,841861.6798600,19660,7856021,463747.4691100
1745510400000,2025-04-24 16:00:00,0.0600300,0.0621600,0.0593000,0.0609200,55471314,1745524799999,2025-04-24 19:59:59,3368156.2020200,47935,27381150,1663336.3916800
1745524800000,2025-04-24 20:00:00,0.0609500,0.0641300,0.0607200,0.0629000,36055672,1745539199999,2025-04-24 23:59:59,2250579.3898900,36842,15359812,959303.3368800
1745539200000,2025-04-25 00:00:00,0.0629000,0.0637500,0.0614500,0.0619400,13685030,1745553599999,2025-04-25 03:59:59,858964.4183900,13207,6037252,379023.5789600
1745553600000,2025-04-25 04:00:00,0.0619300,0.0631900,0.0612300,0.0628100,9762001,1745567999999,2025-04-25 07:59:59,607377.8068600,11136,4922836,306291.2574400
1745568000000,2025-04-25 08:00:00,0.0628000,0.0649200,0.0627800,0.0643500,16826837,1745582399999,2025-04-25 11:59:59,1072604.6382100,14999,8824315,562624.0459200
1745582400000,2025-04-25 12:00:00,0.0643800,0.0646300,0.0621100,0.0627000,10475779,1745596799999,2025-04-25 15:59:59,660597.1010800,14722,5080828,320345.8985600
1745596800000,2025-04-25 16:00:00,0.0627200,0.0634100,0.0619400,0.0630800,7525738,1745611199999,2025-04-25 19:59:59,472027.5824000,9971,3709101,232693.9079900
1745611200000,2025-04-25 20:00:00,0.0630800,0.0644000,0.0626700,0.0636600,5779826,1745625599999,2025-04-25 23:59:59,366943.9700400,8308,2849544,180909.8908500
1745625600000,2025-04-26 00:00:00,0.0636500,0.0685200,0.0636300,0.0665100,13598716,1745639999999,2025-04-26 03:59:59,905910.0688200,16243,7048391,469788.0217700
1745640000000,2025-04-26 04:00:00,0.0665000,0.0665500,0.0649800,0.0651900,5888508,1745654399999,2025-04-26 07:59:59,386222.6623600,7784,2764944,181465.2493100
1745654400000,2025-04-26 08:00:00,0.0651900,0.0661400,0.0625800,0.0629900,17450267,1745668799999,2025-04-26 11:59:59,1131513.1962800,15353,8087338,524962.6814900
1745668800000,2025-04-26 12:00:00,0.0629900,0.0644600,0.0625800,0.0642200,5482955,1745683199999,2025-04-26 15:59:59,347786.5959600,7188,2594007,164517.8461100
1745683200000,2025-04-26 16:00:00,0.0642500,0.0643500,0.0633000,0.0639000,4560393,1745697599999,2025-04-26 19:59:59,291841.1768200,5866,2027200,129742.3457700
1745697600000,2025-04-26 20:00:00,0.0639100,0.0644000,0.0634600,0.0642400,2179826,1745711999999,2025-04-26 23:59:59,139335.3985400,4625,1111417,71041.1798600
1745712000000,2025-04-27 00:00:00,0.0642300,0.0642300,0.0609700,0.0620800,7290405,1745726399999,2025-04-27 03:59:59,455302.1600600,8779,3182618,198743.0369300
1745726400000,2025-04-27 04:00:00,0.0620800,0.0622400,0.0603300,0.0615200,8766503,1745740799999,2025-04-27 07:59:59,537574.6752200,8410,4487808,275311.2591500
1745740800000,2025-04-27 08:00:00,0.0615300,0.0634800,0.0613900,0.0628700,22212968,1745755199999,2025-04-27 11:59:59,1394146.3435900,19181,10843301,680464.1682800
1745755200000,2025-04-27 12:00:00,0.0628500,0.0629000,0.0593400,0.0605700,11220954,1745769599999,2025-04-27 15:59:59,684361.7812200,12408,4959127,301930.3489800
1745769600000,2025-04-27 16:00:00,0.0605600,0.0627500,0.0593700,0.0613600,25206383,1745783999999,2025-04-27 19:59:59,1547964.4364200,20883,12641696,775485.7372800
1745784000000,2025-04-27 20:00:00,0.0613600,0.0616200,0.0599700,0.0601300,5765344,1745798399999,2025-04-27 23:59:59,351008.5222800,7365,2741964,167055.3303900
1745798400000,2025-04-28 00:00:00,0.0601200,0.0604900,0.0575900,0.0596000,9343609,1745812799999,2025-04-28 03:59:59,553306.0124400,10499,4371232,258800.1651400
1745812800000,2025-04-28 04:00:00,0.0596000,0.0618400,0.0596000,0.0616800,5623982,1745827199999,2025-04-28 07:59:59,340659.5219300,7496,2697616,163538.7316200
1745827200000,2025-04-28 08:00:00,0.0617200,0.0636800,0.0615700,0.0623700,12467232,1745841599999,2025-04-28 11:59:59,782356.8427500,12190,5704258,358338.0612400
1745841600000,2025-04-28 12:00:00,0.0623600,0.0629800,0.0594200,0.0599500,13556918,1745855999999,2025-04-28 15:59:59,832022.4027800,12631,6526054,400448.8616400
1745856000000,2025-04-28 16:00:00,0.0599500,0.0624400,0.0596500,0.0623600,4811943,1745870399999,2025-04-28 19:59:59,294293.8587700,7129,2482259,151848.2106000
1745870400000,2025-04-28 20:00:00,0.0623500,0.0624800,0.0613200,0.0618600,6508111,1745884799999,2025-04-28 23:59:59,402146.5077000,7288,3088803,190971.4001800
1745884800000,2025-04-29 00:00:00,0.0618900,0.0630600,0.0618400,0.0629300,4204976,1745899199999,2025-04-29 03:59:59,262322.8055100,6899,2020190,126071.6506900
1745899200000,2025-04-29 04:00:00,0.0629300,0.0654300,0.0620500,0.0647400,21528638,1745913599999,2025-04-29 07:59:59,1383047.6938500,21342,11269339,724217.1940500
1745913600000,2025-04-29 08:00:00,0.0647800,0.0658900,0.0624200,0.0629400,13815347,1745927999999,2025-04-29 11:59:59,884245.4423300,14850,5708097,365821.9284000
1745928000000,2025-04-29 12:00:00,0.0629400,0.0646200,0.0621700,0.0630400,11165916,1745942399999,2025-04-29 15:59:59,709110.8264200,13929,5321290,338031.0517600
1745942400000,2025-04-29 16:00:00,0.0630800,0.0635400,0.0621500,0.0628800,7517957,1745956799999,2025-04-29 19:59:59,472588.5432100,10084,3625690,228152.5532900
1745956800000,2025-04-29 20:00:00,0.0629000,0.0630300,0.0600100,0.0607100,9739865,1745971199999,2025-04-29 23:59:59,599594.2110400,9850,3814449,234478.9337000
1745971200000,2025-04-30 00:00:00,0.0607400,0.0619200,0.0602300,0.0617100,5871319,1745985599999,2025-04-30 03:59:59,357371.2958400,8236,2949012,179688.1618000
1745985600000,2025-04-30 04:00:00,0.0617200,0.0644700,0.0614300,0.0626400,8732625,1745999999999,2025-04-30 07:59:59,551241.5148700,11594,4064626,256523.0290300
1746000000000,2025-04-30 08:00:00,0.0626100,0.0669000,0.0624800,0.0657100,15607261,1746014399999,2025-04-30 11:59:59,1015956.6744900,17303,8092246,527061.8505100
1746014400000,2025-04-30 12:00:00,0.0657100,0.0665600,0.0626800,0.0661800,14972057,1746028799999,2025-04-30 15:59:59,967578.2766300,19180,6902541,446349.1532500
1746028800000,2025-04-30 16:00:00,0.0662100,0.0668400,0.0649300,0.0654100,8575461,1746043199999,2025-04-30 19:59:59,565291.7805500,13781,4034974,266132.6946000
1746043200000,2025-04-30 20:00:00,0.0653800,0.0659300,0.0646400,0.0651100,3708951,1746057599999,2025-04-30 23:59:59,242113.9204500,6614,1755423,114596.2138900
1746057600000,2025-05-01 00:00:00,0.0650900,0.0660800,0.0641700,0.0644400,5818024,1746071999999,2025-05-01 03:59:59,378448.3640900,7964,2829070,184017.8906800
1746072000000,2025-05-01 04:00:00,0.0644200,0.0657700,0.0641000,0.0654000,4442185,1746086399999,2025-05-01 07:59:59,288343.1137400,6673,2195860,142664.0093700
1746086400000,2025-05-01 08:00:00,0.0654200,0.0667200,0.0648000,0.0662200,16084001,1746100799999,2025-05-01 11:59:59,1060938.5279000,14982,6984595,460602.6200600
1746100800000,2025-05-01 12:00:00,0.0662200,0.0666300,0.0642200,0.0655500,14108727,1746115199999,2025-05-01 15:59:59,926779.3382100,17624,5573631,366706.1092600
1746115200000,2025-05-01 16:00:00,0.0655200,0.0660400,0.0647500,0.0650600,6947468,1746129599999,2025-05-01 19:59:59,453825.3801900,9003,2814685,183943.3302400
1746129600000,2025-05-01 20:00:00,0.0650500,0.0656800,0.0634800,0.0642100,6046747,1746143999999,2025-05-01 23:59:59,390694.3118500,9343,2673555,172843.7224300
1746144000000,2025-05-02 00:00:00,0.0642600,0.0652800,0.0640100,0.0649400,6065385,1746158399999,2025-05-02 03:59:59,392387.6807300,9413,3164204,204714.7842900
1746158400000,2025-05-02 04:00:00,0.0649100,0.0657400,0.0639600,0.0646600,8138400,1746172799999,2025-05-02 07:59:59,527628.0203000,12183,3961129,256618.2104400
1746172800000,2025-05-02 08:00:00,0.0646900,0.0663800,0.0645500,0.0650000,8161247,1746187199999,2025-05-02 11:59:59,535027.4771800,11532,3374813,221267.1166700
1746187200000,2025-05-02 12:00:00,0.0650200,0.0660500,0.0646300,0.0660500,7413796,1746201599999,2025-05-02 15:59:59,485453.3375100,10310,3193583,209188.0589600
1746201600000,2025-05-02 16:00:00,0.0660400,0.0667600,0.0649000,0.0650700,5149862,1746215999999,2025-05-02 19:59:59,338838.4144800,7530,2407353,158195.0672800
1746216000000,2025-05-02 20:00:00,0.0650800,0.0654600,0.0643600,0.0645800,4401901,1746230399999,2025-05-02 23:59:59,285252.7979600,7759,1867941,121000.1728500
1746230400000,2025-05-03 00:00:00,0.0646000,0.0649900,0.0629500,0.0635200,6500461,1746244799999,2025-05-03 03:59:59,414487.4962400,9020,3161530,201695.5919700
1746244800000,2025-05-03 04:00:00,0.0635100,0.0639400,0.0622300,0.0624100,13692491,1746259199999,2025-05-03 07:59:59,862731.6905600,16952,6804038,428568.8110500
1746259200000,2025-05-03 08:00:00,0.0624000,0.0627300,0.0603100,0.0603700,6366508,1746273599999,2025-05-03 11:59:59,391856.6178400,10100,2904685,178810.7218300
1746273600000,2025-05-03 12:00:00,0.0603600,0.0610100,0.0602600,0.0605100,5048103,1746287999999,2025-05-03 15:59:59,305946.8716000,12698,2647686,160426.5949500
1746288000000,2025-05-03 16:00:00,0.0605000,0.0605200,0.0570400,0.0588100,16437843,1746302399999,2025-05-03 19:59:59,959123.8886400,14825,7905400,461078.8433500
1746302400000,2025-05-03 20:00:00,0.0587800,0.0592800,0.0577400,0.0578100,4517711,1746316799999,2025-05-03 23:59:59,264321.0579800,7610,2087061,122107.6139400
1746316800000,2025-05-04 00:00:00,0.0578000,0.0583800,0.0565300,0.0568800,9612493,1746331199999,2025-05-04 03:59:59,552678.8497700,13082,4507141,259263.3959400
1746331200000,2025-05-04 04:00:00,0.0568400,0.0570500,0.0560300,0.0565700,5767909,1746345599999,2025-05-04 07:59:59,326437.6096800,8921,3152758,178434.3049700
1746345600000,2025-05-04 08:00:00,0.0565800,0.0569800,0.0553200,0.0565600,5821734,1746359999999,2025-05-04 11:59:59,327302.1848000,9564,3228131,181558.1770500
1746360000000,2025-05-04 12:00:00,0.0565500,0.0566200,0.0551700,0.0555200,7369408,1746374399999,2025-05-04 15:59:59,411124.1705700,9550,3842208,214283.6462200
1746374400000,2025-05-04 16:00:00,0.0555200,0.0565200,0.0534900,0.0542900,13179087,1746388799999,2025-05-04 19:59:59,722611.6477900,14836,6281507,344330.5619700
1746388800000,2025-05-04 20:00:00,0.0542900,0.0554200,0.0539300,0.0542000,8885983,1746403199999,2025-05-04 23:59:59,484871.6382500,11458,4645504,253563.8205200
1746403200000,2025-05-05 00:00:00,0.0541900,0.0554200,0.0538400,0.0549900,4766625,1746417599999,2025-05-05 03:59:59,260545.7124100,8193,2490412,136117.6067700
1746417600000,2025-05-05 04:00:00,0.0550200,0.0556500,0.0548500,0.0556100,3090515,1746431999999,2025-05-05 07:59:59,170790.0144700,6493,1518095,83862.1469400
1746432000000,2025-05-05 08:00:00,0.0556300,0.0559100,0.0540800,0.0544300,5692796,1746446399999,2025-05-05 11:59:59,313772.4782500,8552,2774722,153065.6317400
1746446400000,2025-05-05 12:00:00,0.0544300,0.0549000,0.0537100,0.0541900,5207534,1746460799999,2025-05-05 15:59:59,282569.4752500,8599,2521326,136808.5941000
1746460800000,2025-05-05 16:00:00,0.0542000,0.0552500,0.0541200,0.0543500,5217121,1746475199999,2025-05-05 19:59:59,285616.0603700,7008,2375432,130058.5287900
1746475200000,2025-05-05 20:00:00,0.0543800,0.0547100,0.0530300,0.0540800,4490562,1746489599999,2025-05-05 23:59:59,242599.4361700,7804,2513111,135988.3144100
1746489600000,2025-05-06 00:00:00,0.0541000,0.0545500,0.0532700,0.0544700,6753544,1746503999999,2025-05-06 03:59:59,365050.9367600,8365,3478454,188126.2456400
1746504000000,2025-05-06 04:00:00,0.0544800,0.0553400,0.0535500,0.0546200,16952925,1746518399999,2025-05-06 07:59:59,926113.4607400,12725,8260567,451270.5987800
1746518400000,2025-05-06 08:00:00,0.0546200,0.0546800,0.0514100,0.0518500,12492855,1746532799999,2025-05-06 11:59:59,660966.4000900,10641,5975743,315886.1542200
1746532800000,2025-05-06 12:00:00,0.0518300,0.0532900,0.0515300,0.0522600,7861646,1746547199999,2025-05-06 15:59:59,411386.6178100,7961,4308419,225383.2587600
1746547200000,2025-05-06 16:00:00,0.0523000,0.0532300,0.0517500,0.0524600,5857427,1746561599999,2025-05-06 19:59:59,306947.0738900,7069,2990715,156682.5549700
1746561600000,2025-05-06 20:00:00,0.0524600,0.0535300,0.0507800,0.0533900,6715869,1746575999999,2025-05-06 23:59:59,351735.4689000,8673,3058856,160295.9583400
1746576000000,2025-05-07 00:00:00,0.0534100,0.0546300,0.0531400,0.0538200,5422845,1746590399999,2025-05-07 03:59:59,292510.4202200,7013,2562179,138235.7607500
1746590400000,2025-05-07 04:00:00,0.0538500,0.0551500,0.0537300,0.0550000,6817102,1746604799999,2025-05-07 07:59:59,369656.2881900,7384,3709233,201193.4460400
1746604800000,2025-05-07 08:00:00,0.0550000,0.0559600,0.0541000,0.0546600,8680310,1746619199999,2025-05-07 11:59:59,476450.8055000,8873,4273911,234625.7513200
1746619200000,2025-05-07 12:00:00,0.0546900,0.0548100,0.0533800,0.0535200,9007619,1746633599999,2025-05-07 15:59:59,488230.8392700,10190,3589380,194662.6799300
1746633600000,2025-05-07 16:00:00,0.0535000,0.0540800,0.0525800,0.0528800,7876588,1746647999999,2025-05-07 19:59:59,420358.4838500,10511,4090088,218299.0120800
1746648000000,2025-05-07 20:00:00,0.0529000,0.0541500,0.0526600,0.0537200,3313433,1746662399999,2025-05-07 23:59:59,177094.8669100,6144,1769929,94606.3978100
1746662400000,2025-05-08 00:00:00,0.0537200,0.0555100,0.0534600,0.0554400,6052299,1746676799999,2025-05-08 03:59:59,330143.1119400,8353,3158431,172350.1897200
1746676800000,2025-05-08 04:00:00,0.0554400,0.0573500,0.0553400,0.0572200,7369318,1746691199999,2025-05-08 07:59:59,414540.3065200,9237,3855935,217039.3697100
1746691200000,2025-05-08 08:00:00,0.0572200,0.0583100,0.0570400,0.0580000,7716757,1746705599999,2025-05-08 11:59:59,446034.1521400,9444,3001121,173422.5255600
1746705600000,2025-05-08 12:00:00,0.0579900,0.0602500,0.0577300,0.0598000,8581142,1746719999999,2025-05-08 15:59:59,503699.2191800,11983,4291298,252125.0199900
1746720000000,2025-05-08 16:00:00,0.0598100,0.0614400,0.0597000,0.0610800,6929188,1746734399999,2025-05-08 19:59:59,420077.1587000,11464,3013286,182624.0747900
1746734400000,2025-05-08 20:00:00,0.0610900,0.0639200,0.0609300,0.0638400,11027171,1746748799999,2025-05-08 23:59:59,690167.9336000,16021,5133790,321240.4061400
1746748800000,2025-05-09 00:00:00,0.0638500,0.0698600,0.0637800,0.0688100,24177844,1746763199999,2025-05-09 03:59:59,1625482.5996600,30130,12198088,819071.1955500
1746763200000,2025-05-09 04:00:00,0.0687700,0.0719700,0.0681900,0.0710000,26731380,1746777599999,2025-05-09 07:59:59,1875804.7174800,32901,12959694,909876.3193600
1746777600000,2025-05-09 08:00:00,0.0710000,0.0725600,0.0673700,0.0693200,24732613,1746791999999,2025-05-09 11:59:59,1721093.8235900,28952,10932097,762329.6712400
1746792000000,2025-05-09 12:00:00,0.0693100,0.0725500,0.0675800,0.0691200,18886882,1746806399999,2025-05-09 15:59:59,1314723.8789600,24912,8623308,600697.7374900
1746806400000,2025-05-09 16:00:00,0.0691200,0.0711900,0.0684200,0.0699200,10942733,1746820799999,2025-05-09 19:59:59,766704.9794300,16919,5642281,395664.0587900
1746820800000,2025-05-09 20:00:00,0.0699500,0.0723100,0.0698900,0.0722000,8208245,1746835199999,2025-05-09 23:59:59,583022.4123900,11666,4082981,290269.4848400
1746835200000,2025-05-10 00:00:00,0.0722000,0.0793200,0.0719000,0.0753700,20965266,1746849599999,2025-05-10 03:59:59,1587678.9174500,32690,10697261,808815.2529300
1746849600000,2025-05-10 04:00:00,0.0753800,0.0768600,0.0745500,0.0762200,9367231,1746863999999,2025-05-10 07:59:59,710390.9848800,16018,4225774,320426.4093600
1746864000000,2025-05-10 08:00:00,0.0762200,0.0778400,0.0731000,0.0739000,13659830,1746878399999,2025-05-10 11:59:59,1029577.8295600,19728,6627076,499653.5450000
1746878400000,2025-05-10 12:00:00,0.0738800,0.0783100,0.0735700,0.0766500,30819286,1746892799999,2025-05-10 15:59:59,2357883.3565200,35965,14912710,1139602.6873300
1746892800000,2025-05-10 16:00:00,0.0766300,0.0770600,0.0750800,0.0759100,9568452,1746907199999,2025-05-10 19:59:59,728157.3520000,16013,4550620,346440.2665000
1746907200000,2025-05-10 20:00:00,0.0758900,0.0784400,0.0752800,0.0780300,8681355,1746921599999,2025-05-10 23:59:59,670521.0202000,12816,4503425,347532.0805800
1746921600000,2025-05-11 00:00:00,0.0779900,0.0784000,0.0753400,0.0780000,13561277,1746935999999,2025-05-11 03:59:59,1043638.5463000,22806,6736567,518345.8070000
1746936000000,2025-05-11 04:00:00,0.0779500,0.0788100,0.0740800,0.0748400,8972926,1746950399999,2025-05-11 07:59:59,690604.1824600,17095,4444863,342717.2793900
1746950400000,2025-05-11 08:00:00,0.0747600,0.0770600,0.0738100,0.0768100,6104527,1746964799999,2025-05-11 11:59:59,460714.0894000,11669,3322331,250833.8912900
1746964800000,2025-05-11 12:00:00,0.0768100,0.0773400,0.0747000,0.0753600,6310596,1746979199999,2025-05-11 15:59:59,480521.9953200,10961,3082416,234753.6418600
1746979200000,2025-05-11 16:00:00,0.0753100,0.0775500,0.0742700,0.0766300,6313528,1746993599999,2025-05-11 19:59:59,480521.8834900,10843,3160046,240682.2144800
1746993600000,2025-05-11 20:00:00,0.0766000,0.0771300,0.0755800,0.0761100,4265254,1747007999999,2025-05-11 23:59:59,325330.8949200,7617,1983721,151285.4437200
1747008000000,2025-05-12 00:00:00,0.0761300,0.0790200,0.0759300,0.0787300,7259980,1747022399999,2025-05-12 03:59:59,563535.9576400,12037,3452214,267969.4414500
1747022400000,2025-05-12 04:00:00,0.0787100,0.0819400,0.0774700,0.0800900,9168251,1747036799999,2025-05-12 07:59:59,731262.5292700,16368,4599083,367095.1379600
1747036800000,2025-05-12 08:00:00,0.0801700,0.0831800,0.0797400,0.0800900,9285118,1747051199999,2025-05-12 11:59:59,757765.0645500,16180,4407770,359712.6396400
1747051200000,2025-05-12 12:00:00,0.0801500,0.0824100,0.0777000,0.0784500,14857013,1747065599999,2025-05-12 15:59:59,1190476.7303400,21724,6224109,499399.2988600
1747065600000,2025-05-12 16:00:00,0.0784000,0.0797600,0.0737900,0.0767600,11217582,1747079999999,2025-05-12 19:59:59,864182.4475000,17825,5273656,406612.8289700
1747080000000,2025-05-12 20:00:00,0.0768000,0.0791300,0.0762200,0.0783300,4060640,1747094399999,2025-05-12 23:59:59,316011.7660700,8450,2243418,174501.9460100
1747094400000,2025-05-13 00:00:00,0.0783300,0.0786100,0.0732800,0.0737400,7489120,1747108799999,2025-05-13 03:59:59,568312.6441300,12461,3482257,264389.5274600
1747108800000,2025-05-13 04:00:00,0.0737100,0.0759700,0.0735000,0.0757700,4533530,1747123199999,2025-05-13 07:59:59,339572.6942900,9167,2672790,200063.7967100
1747123200000,2025-05-13 08:00:00,0.0757300,0.0782300,0.0757200,0.0774600,6130084,1747137599999,2025-05-13 11:59:59,472266.6347900,11264,2937972,226375.4812600
1747137600000,2025-05-13 12:00:00,0.0774800,0.0788600,0.0763900,0.0778400,6989047,1747151999999,2025-05-13 15:59:59,542999.6917100,14103,3377841,262515.4839000
1747152000000,2025-05-13 16:00:00,0.0778400,0.0820400,0.0777200,0.0816600,10078036,1747166399999,2025-05-13 19:59:59,809626.0706100,16295,5027208,404017.5763700
1747166400000,2025-05-13 20:00:00,0.0816800,0.0824100,0.0808300,0.0815800,6247415,1747180799999,2025-05-13 23:59:59,510129.4795800,11136,3076198,251291.3982300
1747180800000,2025-05-14 00:00:00,0.0816000,0.0827200,0.0802300,0.0811200,7356688,1747195199999,2025-05-14 03:59:59,599657.7332300,10628,3955602,322838.7771900
1747195200000,2025-05-14 04:00:00,0.0811000,0.0826400,0.0799900,0.0801900,5674675,1747209599999,2025-05-14 07:59:59,459513.0888300,9879,2452992,198940.7145800
1747209600000,2025-05-14 08:00:00,0.0801600,0.0809600,0.0781000,0.0809000,8393657,1747223999999,2025-05-14 11:59:59,668160.6622000,14047,4134000,329293.6305300
1747224000000,2025-05-14 12:00:00,0.0809000,0.0809000,0.0773100,0.0783200,8078327,1747238399999,2025-05-14 15:59:59,636415.2188900,13350,3618074,285326.7182500
1747238400000,2025-05-14 16:00:00,0.0782900,0.0790100,0.0772800,0.0785400,4617658,1747252799999,2025-05-14 19:59:59,361685.2576900,9455,2557288,200377.9558800
1747252800000,2025-05-14 20:00:00,0.0785400,0.0790600,0.0772400,0.0778800,7434026,1747267199999,2025-05-14 23:59:59,580093.0328700,11193,3371114,263158.8940300
1747267200000,2025-05-15 00:00:00,0.0779000,0.0791000,0.0751500,0.0752300,8838175,1747281599999,2025-05-15 03:59:59,678635.0898900,16307,3949236,303929.9828600
1747281600000,2025-05-15 04:00:00,0.0752300,0.0758800,0.0707100,0.0708100,12119923,1747295999999,2025-05-15 07:59:59,888522.0420900,22631,5579721,408833.7293400
1747296000000,2025-05-15 08:00:00,0.0708000,0.0723300,0.0699200,0.0713900,8972326,1747310399999,2025-05-15 11:59:59,638981.8601200,14344,5222570,372182.1616300
1747310400000,2025-05-15 12:00:00,0.0713900,0.0735000,0.0691400,0.0728900,11542055,1747324799999,2025-05-15 15:59:59,820129.9365600,16157,4585050,325873.6461200
1747324800000,2025-05-15 16:00:00,0.0729100,0.0745800,0.0711200,0.0718200,5795491,1747339199999,2025-05-15 19:59:59,422322.1120700,12415,2908424,212182.7583100
1747339200000,2025-05-15 20:00:00,0.0718700,0.0724400,0.0687500,0.0706200,8617878,1747353599999,2025-05-15 23:59:59,610896.2287500,12405,4066521,288491.1376900
1747353600000,2025-05-16 00:00:00,0.0706300,0.0725800,0.0704300,0.0722600,5700877,1747367999999,2025-05-16 03:59:59,407763.9728900,11768,3113227,222624.7152900
1747368000000,2025-05-16 04:00:00,0.0722700,0.0731500,0.0711400,0.0728500,4559869,1747382399999,2025-05-16 07:59:59,330019.4396800,9148,2197233,159028.8183800
1747382400000,2025-05-16 08:00:00,0.0728600,0.0733100,0.0712800,0.0720400,4640013,1747396799999,2025-05-16 11:59:59,336185.4254000,10271,2415074,175020.7996200
1747396800000,2025-05-16 12:00:00,0.0720500,0.0726000,0.0700500,0.0709200,6441768,1747411199999,2025-05-16 15:59:59,460354.9666700,12198,3274639,233896.0439500
1747411200000,2025-05-16 16:00:00,0.0709600,0.0716700,0.0700300,0.0710900,5226253,1747425599999,2025-05-16 19:59:59,370652.9964300,10678,2653723,188090.6983900
1747425600000,2025-05-16 20:00:00,0.0710400,0.0713100,0.0685600,0.0692900,4229811,1747439999999,2025-05-16 23:59:59,295785.2241700,8774,1944335,135892.5213700
1747440000000,2025-05-17 00:00:00,0.0693200,0.0695200,0.0662900,0.0674900,6653132,1747454399999,2025-05-17 03:59:59,449439.4443700,11737,2851726,192447.3406500
1747454400000,2025-05-17 04:00:00,0.0674900,0.0679900,0.0656700,0.0662100,8761478,1747468799999,2025-05-17 07:59:59,584697.9387300,12980,4317941,287959.1978000
1747468800000,2025-05-17 08:00:00,0.0661700,0.0673800,0.0649500,0.0665600,7648997,1747483199999,2025-05-17 11:59:59,506307.1895500,11924,3607991,239338.5363300
1747483200000,2025-05-17 12:00:00,0.0665600,0.0669600,0.0653300,0.0664700,3964613,1747497599999,2025-05-17 15:59:59,262934.2737700,8110,1919070,127406.5661300
1747497600000,2025-05-17 16:00:00,0.0664600,0.0671000,0.0655700,0.0658700,8858120,1747511999999,2025-05-17 19:59:59,587247.8332200,11902,3892653,258288.0154100
1747512000000,2025-05-17 20:00:00,0.0658400,0.0671700,0.0656400,0.0666500,5903031,1747526399999,2025-05-17 23:59:59,392392.8930200,8535,3607147,239772.5278800
1747526400000,2025-05-18 00:00:00,0.0666500,0.0673400,0.0662200,0.0665300,4968758,1747540799999,2025-05-18 03:59:59,331602.4212600,8834,2515269,167911.1840500
1747540800000,2025-05-18 04:00:00,0.0665300,0.0689600,0.0664300,0.0683800,7061878,1747555199999,2025-05-18 07:59:59,479896.9050200,11176,4026455,273701.1380100
1747555200000,2025-05-18 08:00:00,0.0684000,0.0705900,0.0683900,0.0686800,29433762,1747569599999,2025-05-18 11:59:59,2047963.8193100,31065,14945838,1040263.9451400
1747569600000,2025-05-18 12:00:00,0.0686800,0.0714400,0.0678800,0.0713400,8217391,1747583999999,2025-05-18 15:59:59,571798.9192800,14457,3505176,243771.8413100
1747584000000,2025-05-18 16:00:00,0.0713500,0.0715800,0.0664100,0.0665300,12430883,1747598399999,2025-05-18 19:59:59,855525.5397900,16914,5128040,352712.2491400
1747598400000,2025-05-18 20:00:00,0.0665400,0.0701500,0.0642400,0.0699000,9550005,1747612799999,2025-05-18 23:59:59,637835.0990100,16264,4505872,301242.0043400
1747612800000,2025-05-19 00:00:00,0.0698800,0.0703700,0.0658000,0.0659700,8270072,1747627199999,2025-05-19 03:59:59,566099.0676100,15066,3867054,264949.2537900
1747627200000,2025-05-19 04:00:00,0.0659800,0.0660800,0.0635900,0.0648200,8525406,1747641599999,2025-05-19 07:59:59,551196.1930400,14811,4433595,286330.2962600
1747641600000,2025-05-19 08:00:00,0.0648000,0.0650200,0.0637000,0.0644800,5893041,1747655999999,2025-05-19 11:59:59,379162.4350100,10785,3167826,203831.3694700
1747656000000,2025-05-19 12:00:00,0.0644900,0.0661700,0.0631600,0.0657700,6486142,1747670399999,2025-05-19 15:59:59,418921.1123900,11367,3110408,200796.3911700
1747670400000,2025-05-19 16:00:00,0.0657900,0.0675900,0.0650800,0.0660900,5643766,1747684799999,2025-05-19 19:59:59,373569.9688800,11422,2829650,187009.2061000
1747684800000,2025-05-19 20:00:00,0.0660900,0.0665000,0.0653700,0.0662500,2850781,1747699199999,2025-05-19 23:59:59,188119.0966300,7002,1205433,79534.4798100
1747699200000,2025-05-20 00:00:00,0.0662500,0.0687200,0.0658600,0.0673400,5737450,1747713599999,2025-05-20 03:59:59,385392.4700600,12249,2934252,197098.1736500
1747713600000,2025-05-20 04:00:00,0.0673500,0.0681200,0.0665300,0.0667700,3564751,1747727999999,2025-05-20 07:59:59,239960.1630000,8503,1540318,103742.6583400
1747728000000,2025-05-20 08:00:00,0.0667500,0.0670300,0.0652700,0.0660000,4315810,1747742399999,2025-05-20 11:59:59,286036.3765300,8505,2031233,134648.7986900
1747742400000,2025-05-20 12:00:00,0.0660000,0.0663800,0.0649400,0.0660300,3891220,1747756799999,2025-05-20 15:59:59,255587.1296900,9533,1927944,126692.5055300
1747756800000,2025-05-20 16:00:00,0.0660400,0.0670800,0.0650400,0.0668000,10237480,1747771199999,2025-05-20 19:59:59,677169.2351100,15506,4833457,319841.4568600
1747771200000,2025-05-20 20:00:00,0.0667900,0.0691100,0.0664800,0.0685700,5204934,1747785599999,2025-05-20 23:59:59,354257.9759700,12627,2709595,184309.1632700
1747785600000,2025-05-21 00:00:00,0.0685900,0.0693200,0.0676500,0.0689400,6931490,1747799999999,2025-05-21 03:59:59,476171.6538400,13658,3470416,238615.4249100
1747800000000,2025-05-21 04:00:00,0.0689700,0.0705800,0.0684600,0.0687300,7803156,1747814399999,2025-05-21 07:59:59,541892.3609500,14242,3874288,269104.4605500
1747814400000,2025-05-21 08:00:00,0.0687400,0.0690700,0.0670800,0.0682400,5374635,1747828799999,2025-05-21 11:59:59,364611.2401800,10979,2359654,160275.5273500
1747828800000,2025-05-21 12:00:00,0.0682200,0.0697500,0.0676500,0.0690700,7842214,1747843199999,2025-05-21 15:59:59,539763.8242700,12779,3514439,241967.1872400
1747843200000,2025-05-21 16:00:00,0.0690800,0.0709700,0.0664500,0.0691800,10371308,1747857599999,2025-05-21 19:59:59,708322.8800800,17369,5683356,387546.7280700
1747857600000,2025-05-21 20:00:00,0.0691800,0.0708500,0.0684900,0.0699200,4659635,1747871999999,2025-05-21 23:59:59,323609.8535700,9068,1759908,122385.1389400
1747872000000,2025-05-22 00:00:00,0.0699500,0.0719100,0.0695500,0.0718100,5303754,1747886399999,2025-05-22 03:59:59,375235.3120200,11497,2739433,193947.4854200
1747886400000,2025-05-22 04:00:00,0.0718200,0.0731700,0.0714000,0.0721000,8276457,1747900799999,2025-05-22 07:59:59,598730.2890300,12163,4442000,321157.2863900
1747900800000,2025-05-22 08:00:00,0.0721200,0.0742900,0.0718900,0.0730900,10435205,1747915199999,2025-05-22 11:59:59,764506.4996700,14864,4995506,365905.8164400
1747915200000,2025-05-22 12:00:00,0.0730700,0.0754500,0.0725700,0.0746500,6097465,1747929599999,2025-05-22 15:59:59,450958.7104300,11174,3094436,228971.1529400
1747929600000,2025-05-22 16:00:00,0.0747000,0.0761500,0.0745900,0.0748800,5029980,1747943999999,2025-05-22 19:59:59,379095.0958200,10783,2292694,172882.7510000
1747944000000,2025-05-22 20:00:00,0.0749000,0.0756600,0.0736500,0.0753000,4256181,1747958399999,2025-05-22 23:59:59,317677.5180900,9451,1600372,119618.9719800
1747958400000,2025-05-23 00:00:00,0.0752900,0.0763000,0.0742700,0.0756200,5436467,1747972799999,2025-05-23 03:59:59,408857.8643400,12676,2449990,184018.2082500
1747972800000,2025-05-23 04:00:00,0.0756100,0.0756700,0.0725900,0.0729400,7368736,1747987199999,2025-05-23 07:59:59,543035.7225400,13501,3183888,234781.4911400
1747987200000,2025-05-23 08:00:00,0.0729300,0.0749400,0.0698500,0.0705300,9504386,1748001599999,2025-05-23 11:59:59,689700.6161000,14383,4108433,298403.6652700
1748001600000,2025-05-23 12:00:00,0.0705900,0.0718200,0.0684500,0.0702400,11500289,1748015999999,2025-05-23 15:59:59,807300.2599400,19864,5505022,386691.5388700
1748016000000,2025-05-23 16:00:00,0.0703000,0.0708700,0.0691100,0.0692800,7250650,1748030399999,2025-05-23 19:59:59,506352.1615900,11762,3095921,216348.0029000
1748030400000,2025-05-23 20:00:00,0.0692800,0.0693300,0.0647600,0.0651900,9791310,1748044799999,2025-05-23 23:59:59,655361.1756900,15348,3925876,262606.3177900
1748044800000,2025-05-24 00:00:00,0.0651900,0.0661000,0.0645800,0.0653500,6819972,1748059199999,2025-05-24 03:59:59,445330.7067500,12489,3139448,204970.6317300
1748059200000,2025-05-24 04:00:00,0.0653200,0.0657600,0.0647500,0.0651100,5268301,1748073599999,2025-05-24 07:59:59,343761.9795200,9758,2893226,188905.1484400
1748073600000,2025-05-24 08:00:00,0.0651000,0.0662900,0.0645000,0.0658400,7259305,1748087999999,2025-05-24 11:59:59,473510.3187300,11038,3706306,241874.9038800
1748088000000,2025-05-24 12:00:00,0.0658800,0.0665700,0.0653600,0.0658600,4291662,1748102399999,2025-05-24 15:59:59,283141.8048800,8318,2166376,142992.8959800
1748102400000,2025-05-24 16:00:00,0.0658500,0.0664800,0.0649000,0.0651100,2833627,1748116799999,2025-05-24 19:59:59,185743.8098000,6607,1416809,92899.9714000
1748116800000,2025-05-24 20:00:00,0.0651100,0.0653500,0.0636400,0.0641400,4866533,1748131199999,2025-05-24 23:59:59,313606.4255700,7847,2062354,133118.4789400
1748131200000,2025-05-25 00:00:00,0.0641500,0.0645500,0.0614300,0.0623600,7465894,1748145599999,2025-05-25 03:59:59,467890.8040500,13220,3327919,208491.2702400
1748145600000,2025-05-25 04:00:00,0.0623500,0.0631700,0.0619000,0.0623000,3859493,1748159999999,2025-05-25 07:59:59,241431.9764000,7581,1899035,118838.9645800
1748160000000,2025-05-25 08:00:00,0.0622900,0.0622900,0.0609000,0.0615200,3941580,1748174399999,2025-05-25 11:59:59,242075.3965300,9132,2022759,124224.7126400
1748174400000,2025-05-25 12:00:00,0.0615100,0.0620700,0.0598800,0.0609400,8209803,1748188799999,2025-05-25 15:59:59,502357.7320000,11669,4202090,257180.3501500
1748188800000,2025-05-25 16:00:00,0.0609300,0.0618500,0.0598700,0.0615700,6003041,1748203199999,2025-05-25 19:59:59,365324.7639800,11397,2779519,169257.2544600
1748203200000,2025-05-25 20:00:00,0.0615600,0.0637700,0.0611000,0.0636100,6185878,1748217599999,2025-05-25 23:59:59,385934.2102100,11035,3081079,192615.5976800
1748217600000,2025-05-26 00:00:00,0.0636100,0.0649000,0.0634800,0.0646000,4844955,1748231999999,2025-05-26 03:59:59,310673.8920800,10546,2271166,145724.6237700
1748232000000,2025-05-26 04:00:00,0.0646200,0.0652600,0.0642900,0.0649700,3171446,1748246399999,2025-05-26 07:59:59,205170.8137800,6857,1677935,108660.8457100
1748246400000,2025-05-26 08:00:00,0.0649800,0.0653900,0.0636700,0.0640600,5002668,1748260799999,2025-05-26 11:59:59,323146.2758200,8447,2140957,138329.5480900
1748260800000,2025-05-26 12:00:00,0.0640700,0.0647000,0.0626400,0.0637600,6282343,1748275199999,2025-05-26 15:59:59,399672.2989400,10699,2984289,189998.3683200
1748275200000,2025-05-26 16:00:00,0.0637500,0.0642200,0.0621600,0.0627400,4690824,1748289599999,2025-05-26 19:59:59,295100.4982600,8206,2249696,141694.2513900
1748289600000,2025-05-26 20:00:00,0.0627400,0.0636100,0.0623900,0.0631200,2574707,1748303999999,2025-05-26 23:59:59,162201.1010500,6238,1339405,84386.7988700
1748304000000,2025-05-27 00:00:00,0.0631200,0.0640400,0.0611500,0.0626100,5445170,1748318399999,2025-05-27 03:59:59,339543.5995000,10614,2378375,148326.3489900
1748318400000,2025-05-27 04:00:00,0.0626100,0.0642200,0.0622300,0.0640400,3969515,1748332799999,2025-05-27 07:59:59,251366.0836100,8950,2218075,140447.8651600
1748332800000,2025-05-27 08:00:00,0.0640200,0.0656800,0.0626000,0.0637400,11700589,1748347199999,2025-05-27 11:59:59,749244.5658500,18258,5415264,347279.0506400
1748347200000,2025-05-27 12:00:00,0.0637400,0.0648700,0.0626800,0.0641400,9011901,1748361599999,2025-05-27 15:59:59,576737.3825600,15319,4803791,307398.1531800
1748361600000,2025-05-27 16:00:00,0.0641600,0.0655500,0.0637800,0.0649200,7812690,1748375999999,2025-05-27 19:59:59,506710.6458000,11787,3415044,221630.5353900
1748376000000,2025-05-27 20:00:00,0.0649000,0.0652300,0.0635800,0.0640900,3979298,1748390399999,2025-05-27 23:59:59,256257.6859200,8546,1522494,98052.8157300
1748390400000,2025-05-28 00:00:00,0.0640900,0.0651400,0.0637000,0.0650100,3622659,1748404799999,2025-05-28 03:59:59,233228.3018400,9307,1525283,98190.5787100
1748404800000,2025-05-28 04:00:00,0.0650100,0.0653900,0.0636200,0.0637400,6000441,1748419199999,2025-05-28 07:59:59,387033.0437000,9782,2370476,153182.5615100
1748419200000,2025-05-28 08:00:00,0.0637400,0.0650800,0.0626400,0.0647900,11783357,1748433599999,2025-05-28 11:59:59,754005.7788000,18568,6516959,416958.0450100
1748433600000,2025-05-28 12:00:00,0.0647800,0.0665900,0.0630600,0.0632000,13407583,1748447999999,2025-05-28 15:59:59,871173.4566000,19192,6736976,438208.9576500
1748448000000,2025-05-28 16:00:00,0.0632200,0.0643800,0.0620700,0.0620900,5440955,1748462399999,2025-05-28 19:59:59,344469.0999900,10528,2534263,160962.4133300
1748462400000,2025-05-28 20:00:00,0.0621000,0.0650000,0.0619000,0.0647500,5392490,1748476799999,2025-05-28 23:59:59,341840.7597800,9806,2649368,168020.5305200
1748476800000,2025-05-29 00:00:00,0.0647700,0.0672700,0.0640100,0.0664400,6877297,1748491199999,2025-05-29 03:59:59,452840.0750100,13235,3340992,219841.3514900
1748491200000,2025-05-29 04:00:00,0.0664400,0.0665800,0.0645400,0.0650200,3961082,1748505599999,2025-05-29 07:59:59,258482.0601600,8963,1483113,96763.7154900
1748505600000,2025-05-29 08:00:00,0.0650600,0.0656700,0.0642800,0.0647800,5870664,1748519999999,2025-05-29 11:59:59,381056.5890200,10204,2874471,186770.7878100
1748520000000,2025-05-29 12:00:00,0.0647900,0.0648100,0.0621100,0.0628600,9274092,1748534399999,2025-05-29 15:59:59,587996.1173700,14183,3952506,250668.4778200
1748534400000,2025-05-29 16:00:00,0.0628500,0.0631300,0.0611100,0.0614000,5281048,1748548799999,2025-05-29 19:59:59,327876.1939700,11981,2373781,147548.1947200
1748548800000,2025-05-29 20:00:00,0.0614200,0.0623900,0.0605200,0.0607500,4298689,1748563199999,2025-05-29 23:59:59,264294.9916600,8899,2214118,136160.4871500
1748563200000,2025-05-30 00:00:00,0.0607500,0.0614300,0.0566400,0.0589100,14446624,1748577599999,2025-05-30 03:59:59,848809.7662100,18302,6725446,395063.5256500
1748577600000,2025-05-30 04:00:00,0.0589100,0.0589500,0.0572200,0.0575500,8644755,1748591999999,2025-05-30 07:59:59,502910.7502100,12351,4599051,267506.7577500
1748592000000,2025-05-30 08:00:00,0.0575000,0.0585300,0.0565100,0.0582200,7987375,1748606399999,2025-05-30 11:59:59,458304.8576100,11563,4458085,255992.6793100
1748606400000,2025-05-30 12:00:00,0.0582100,0.0590200,0.0570000,0.0580300,9706946,1748620799999,2025-05-30 15:59:59,564588.7852300,13823,4894851,284501.1197200
1748620800000,2025-05-30 16:00:00,0.0580300,0.0583300,0.0551200,0.0566600,10508934,1748635199999,2025-05-30 19:59:59,591156.1348200,15196,4668139,262385.3662600
1748635200000,2025-05-30 20:00:00,0.0566700,0.0567300,0.0524800,0.0534500,12573795,1748649599999,2025-05-30 23:59:59,682906.6806900,15185,6458292,350277.5707700
1748649600000,2025-05-31 00:00:00,0.0534800,0.0538400,0.0516700,0.0524700,33682706,1748663999999,2025-05-31 03:59:59,1778317.0052300,28070,14866126,783886.6038300
1748664000000,2025-05-31 04:00:00,0.0524600,0.0541700,0.0517700,0.0538900,6517149,1748678399999,2025-05-31 07:59:59,345885.4084700,10343,3270936,173695.9996500
1748678400000,2025-05-31 08:00:00,0.0538700,0.0541100,0.0526700,0.0529000,5049196,1748692799999,2025-05-31 11:59:59,268782.5043600,8607,2554767,135992.6340600
1748692800000,2025-05-31 12:00:00,0.0529100,0.0546000,0.0528600,0.0533200,6287518,1748707199999,2025-05-31 15:59:59,338285.1438100,9766,2630176,141480.6339200
1748707200000,2025-05-31 16:00:00,0.0533000,0.0545500,0.0531200,0.0542300,4304569,1748721599999,2025-05-31 19:59:59,232584.9839100,7392,2341772,126365.9222000
1748721600000,2025-05-31 20:00:00,0.0542500,0.0550200,0.0540300,0.0544100,6267732,1748735999999,2025-05-31 23:59:59,342669.0960800,7042,3162886,172980.4697500
1748736000000,2025-06-01 00:00:00,0.0544100,0.0551000,0.0540300,0.0547600,4955363,1748750399999,2025-06-01 03:59:59,270429.3519600,8048,2696977,147255.2813500
1748750400000,2025-06-01 04:00:00,0.0547600,0.0557700,0.0545800,0.0549800,7521975,1748764799999,2025-06-01 07:59:59,414763.7110500,9270,3517835,193950.6730600
1748764800000,2025-06-01 08:00:00,0.0549900,0.0556000,0.0537100,0.0544500,33822314,1748779199999,2025-06-01 11:59:59,1848065.8260800,23996,15735554,859596.9632800
1748779200000,2025-06-01 12:00:00,0.0544600,0.0556300,0.0536900,0.0553200,7820356,1748793599999,2025-06-01 15:59:59,428149.7461800,11634,3705990,202947.6205500
1748793600000,2025-06-01 16:00:00,0.0553000,0.0559700,0.0546800,0.0555300,7214820,1748807999999,2025-06-01 19:59:59,400250.4697800,9468,3407542,189063.5717500
1748808000000,2025-06-01 20:00:00,0.0555300,0.0564700,0.0554700,0.0561800,4621260,1748822399999,2025-06-01 23:59:59,259047.0555100,7227,2372343,133021.6427600
1748822400000,2025-06-02 00:00:00,0.0561900,0.0563900,0.0552000,0.0552900,4636359,1748836799999,2025-06-02 03:59:59,258522.7091900,7806,1810793,100932.8619600
1748836800000,2025-06-02 04:00:00,0.0552800,0.0558800,0.0547000,0.0556300,4910290,1748851199999,2025-06-02 07:59:59,271051.7827100,8591,2230645,123190.7306900
1748851200000,2025-06-02 08:00:00,0.0556100,0.0557700,0.0543000,0.0547600,7769004,1748865599999,2025-06-02 11:59:59,425941.9230100,9575,3291032,180271.3419100
1748865600000,2025-06-02 12:00:00,0.0547600,0.0564600,0.0544800,0.0564200,6539437,1748879999999,2025-06-02 15:59:59,363810.0140100,9480,3574301,199033.3221100
1748880000000,2025-06-02 16:00:00,0.0564000,0.0564700,0.0551800,0.0555500,5912030,1748894399999,2025-06-02 19:59:59,330379.1147100,8440,2609707,145891.1657700
1748894400000,2025-06-02 20:00:00,0.0555800,0.0578500,0.0555800,0.0575800,5224050,1748908799999,2025-06-02 23:59:59,298060.3402300,9004,3030902,172831.8787000
1748908800000,2025-06-03 00:00:00,0.0575900,0.0592300,0.0572100,0.0582400,6254818,1748923199999,2025-06-03 03:59:59,364599.4793200,9996,3128061,182296.0559300
1748923200000,2025-06-03 04:00:00,0.0582000,0.0588400,0.0576700,0.0585200,4088782,1748937599999,2025-06-03 07:59:59,238441.6363200,6438,2101533,122563.4996300
1748937600000,2025-06-03 08:00:00,0.0585100,0.0585300,0.0578000,0.0580400,3909588,1748951999999,2025-06-03 11:59:59,227286.9648700,6712,1635463,95090.7628800
1748952000000,2025-06-03 12:00:00,0.0580300,0.0606900,0.0579500,0.0586900,14972270,1748966399999,2025-06-03 15:59:59,886300.2970200,17517,7160142,423703.0906900
1748966400000,2025-06-03 16:00:00,0.0586700,0.0593000,0.0583300,0.0590200,3888399,1748980799999,2025-06-03 19:59:59,228516.8373300,7462,1868695,109861.8362400
1748980800000,2025-06-03 20:00:00,0.0590400,0.0591000,0.0572200,0.0580400,9473626,1748995199999,2025-06-03 23:59:59,549735.2709000,9763,5829330,338249.7821900
1748995200000,2025-06-04 00:00:00,0.0580700,0.0590800,0.0575700,0.0584500,4102807,1749009599999,2025-06-04 03:59:59,239583.7106100,7180,1603628,93689.1328500
1749009600000,2025-06-04 04:00:00,0.0584600,0.0585400,0.0575000,0.0577300,5497849,1749023999999,2025-06-04 07:59:59,318374.3518900,7371,2131286,123496.9332700
1749024000000,2025-06-04 08:00:00,0.0577500,0.0580300,0.0565100,0.0565600,7630649,1749038399999,2025-06-04 11:59:59,436565.8715700,9696,3024844,172961.3377100
1749038400000,2025-06-04 12:00:00,0.0565600,0.0576200,0.0556800,0.0573900,6124654,1749052799999,2025-06-04 15:59:59,347106.0776000,8450,3380612,191634.3938000
1749052800000,2025-06-04 16:00:00,0.0574100,0.0574300,0.0557600,0.0557600,4138529,1749067199999,2025-06-04 19:59:59,234031.1098800,6833,1716738,97269.1285200
1749067200000,2025-06-04 20:00:00,0.0557700,0.0559200,0.0547900,0.0550800,4699373,1749081599999,2025-06-04 23:59:59,260185.7112700,8190,2035573,112697.9454700
1749081600000,2025-06-05 00:00:00,0.0550900,0.0560000,0.0549500,0.0553200,5827814,1749095999999,2025-06-05 03:59:59,322894.6126500,7849,3065352,169893.1774800
1749096000000,2025-06-05 04:00:00,0.0553200,0.0561400,0.0541100,0.0553800,7567572,1749110399999,2025-06-05 07:59:59,415579.1811600,9771,3862742,212505.7472900
1749110400000,2025-06-05 08:00:00,0.0553800,0.0558700,0.0547400,0.0549800,3389749,1749124799999,2025-06-05 11:59:59,187303.2257300,6724,1641423,90669.3487500
1749124800000,2025-06-05 12:00:00,0.0549900,0.0560800,0.0540100,0.0549400,7262955,1749139199999,2025-06-05 15:59:59,399603.6894400,11104,3591841,197728.7729100
1749139200000,2025-06-05 16:00:00,0.0549400,0.0549700,0.0516600,0.0522900,9100369,1749153599999,2025-06-05 19:59:59,485586.7984800,13037,4107031,219019.2695100
1749153600000,2025-06-05 20:00:00,0.0522900,0.0523400,0.0501400,0.0506500,9881490,1749167999999,2025-06-05 23:59:59,504384.1754800,15114,4637507,236336.2534000
1749168000000,2025-06-06 00:00:00,0.0506400,0.0514900,0.0504600,0.0514400,3889610,1749182399999,2025-06-06 03:59:59,198223.8329400,7712,2044373,104178.3547800
1749182400000,2025-06-06 04:00:00,0.0514300,0.0520300,0.0512100,0.0516900,3884234,1749196799999,2025-06-06 07:59:59,200625.9168300,6988,2262440,116876.1685800
1749196800000,2025-06-06 08:00:00,0.0516900,0.0523800,0.0516700,0.0521600,4847930,1749211199999,2025-06-06 11:59:59,252507.5095400,6708,2695207,140439.9475100
1749211200000,2025-06-06 12:00:00,0.0521600,0.0534100,0.0521100,0.0530300,5873603,1749225599999,2025-06-06 15:59:59,309862.9747500,8783,2791239,147263.5901900
1749225600000,2025-06-06 16:00:00,0.0530300,0.0532300,0.0510700,0.0514100,7253283,1749239999999,2025-06-06 19:59:59,376077.4592600,9340,3339017,173154.4874000
1749240000000,2025-06-06 20:00:00,0.0514300,0.0520400,0.0510400,0.0514100,2667208,1749254399999,2025-06-06 23:59:59,137257.1446600,5315,1584277,81518.5951800
1749254400000,2025-06-07 00:00:00,0.0514100,0.0527400,0.0511000,0.0525600,3972156,1749268799999,2025-06-07 03:59:59,206793.5696100,7016,2184076,113724.6187500
1749268800000,2025-06-07 04:00:00,0.0525600,0.0534200,0.0523800,0.0533400,3343105,1749283199999,2025-06-07 07:59:59,176871.2320800,6162,1666701,88162.9447000
1749283200000,2025-06-07 08:00:00,0.0533200,0.0535100,0.0528000,0.0533200,2695706,1749297599999,2025-06-07 11:59:59,143347.8785200,4936,1455978,77447.5734400
1749297600000,2025-06-07 12:00:00,0.0533100,0.0538200,0.0530700,0.0532700,3568831,1749311999999,2025-06-07 15:59:59,190693.4090200,5506,1859246,99378.4708200
1749312000000,2025-06-07 16:00:00,0.0532900,0.0535500,0.0527500,0.0533800,2290427,1749326399999,2025-06-07 19:59:59,121700.7173600,5013,1276910,67848.9990700
1749326400000,2025-06-07 20:00:00,0.0533800,0.0536900,0.0532200,0.0534700,2382964,1749340799999,2025-06-07 23:59:59,127427.3654400,4731,1177085,62955.3640100
1749340800000,2025-06-08 00:00:00,0.0534900,0.0540200,0.0530900,0.0537200,3505015,1749355199999,2025-06-08 03:59:59,187954.0762100,5769,1504347,80625.3528000
1749355200000,2025-06-08 04:00:00,0.0537100,0.0543200,0.0528500,0.0529900,7036048,1749369599999,2025-06-08 07:59:59,377023.8257700,11039,3839023,205840.7976500
1749369600000,2025-06-08 08:00:00,0.0529900,0.0533200,0.0523200,0.0532300,7001858,1749383999999,2025-06-08 11:59:59,370219.8946300,8333,3186640,168500.5105500
1749384000000,2025-06-08 12:00:00,0.0532200,0.0534800,0.0525900,0.0529800,4568618,1749398399999,2025-06-08 15:59:59,242306.7847300,9263,2498144,132499.8109000
1749398400000,2025-06-08 16:00:00,0.0529900,0.0536200,0.0529100,0.0532000,3132201,1749412799999,2025-06-08 19:59:59,166787.7712800,6263,1872181,99678.0401700
1749412800000,2025-06-08 20:00:00,0.0532000,0.0536900,0.0524000,0.0525800,3680682,1749427199999,2025-06-08 23:59:59,195522.2960000,6558,1659400,88203.6884500
1749427200000,2025-06-09 00:00:00,0.0526000,0.0530100,0.0518700,0.0520800,4292409,1749441599999,2025-06-09 03:59:59,224910.7649800,7130,2029812,106369.3038800
1749441600000,2025-06-09 04:00:00,0.0521100,0.0525100,0.0515900,0.0520300,2856544,1749455999999,2025-06-09 07:59:59,148336.2556300,6250,1415698,73525.8226500
1749456000000,2025-06-09 08:00:00,0.0520400,0.0533900,0.0516500,0.0530600,5260298,1749470399999,2025-06-09 11:59:59,277221.2482700,9660,2785709,146889.9752400
1749470400000,2025-06-09 12:00:00,0.0530600,0.0534400,0.0523000,0.0527800,7247228,1749484799999,2025-06-09 15:59:59,383390.5338700,13495,3844896,203339.4039100
1749484800000,2025-06-09 16:00:00,0.0527800,0.0538800,0.0527800,0.0537300,3795579,1749499199999,2025-06-09 19:59:59,203281.0532800,7248,2071806,110945.9434800
1749499200000,2025-06-09 20:00:00,0.0537600,0.0560100,0.0537600,0.0559600,6365056,1749513599999,2025-06-09 23:59:59,351058.7624700,10064,3233775,178168.7786000
1749513600000,2025-06-10 00:00:00,0.0559800,0.0567900,0.0555600,0.0556600,8767444,1749527999999,2025-06-10 03:59:59,492681.0111500,12066,3383765,190196.0095600
1749528000000,2025-06-10 04:00:00,0.0557000,0.0558300,0.0543500,0.0555400,14402166,1749542399999,2025-06-10 07:59:59,791290.2412300,17142,6997947,384420.6496300
1749542400000,2025-06-10 08:00:00,0.0555500,0.0570000,0.0550100,0.0568700,7011986,1749556799999,2025-06-10 11:59:59,390541.7716900,10956,3386979,188894.7608000
1749556800000,2025-06-10 12:00:00,0.0568700,0.0582100,0.0568200,0.0578100,9787281,1749571199999,2025-06-10 15:59:59,563246.1607900,14806,5069776,291954.3895000
1749571200000,2025-06-10 16:00:00,0.0578300,0.0603200,0.0576400,0.0599500,15267039,1749585599999,2025-06-10 19:59:59,902418.3327900,18131,8026213,474025.6571000
1749585600000,2025-06-10 20:00:00,0.0599600,0.0613400,0.0587000,0.0612900,13570899,1749599999999,2025-06-10 23:59:59,815185.3080900,15660,7491156,450797.5281500
1749600000000,2025-06-11 00:00:00,0.0613100,0.0614100,0.0597000,0.0604800,6801115,1749614399999,2025-06-11 03:59:59,411067.5849500,10951,3366492,203503.4155200
1749614400000,2025-06-11 04:00:00,0.0604800,0.0606700,0.0598600,0.0600900,5475465,1749628799999,2025-06-11 07:59:59,329564.0056000,8684,2134523,128530.5367200
1749628800000,2025-06-11 08:00:00,0.0601000,0.0603400,0.0575100,0.0579600,12850928,1749643199999,2025-06-11 11:59:59,757759.0856100,15402,5005055,294668.9869800
1749643200000,2025-06-11 12:00:00,0.0579700,0.0600600,0.0577100,0.0599900,11381804,1749657599999,2025-06-11 15:59:59,672457.7304300,14706,6330385,374244.3032100
1749657600000,2025-06-11 16:00:00,0.0599700,0.0603200,0.0583500,0.0585100,6294437,1749671999999,2025-06-11 19:59:59,373919.6489900,10277,2542876,151002.4112500
1749672000000,2025-06-11 20:00:00,0.0585100,0.0587600,0.0565100,0.0571600,5588654,1749686399999,2025-06-11 23:59:59,320956.2472100,9358,2742900,157614.5744200
1749686400000,2025-06-12 00:00:00,0.0571800,0.0576400,0.0562100,0.0562100,4698374,1749700799999,2025-06-12 03:59:59,268202.3971400,7892,2190814,125163.8442800
1749700800000,2025-06-12 04:00:00,0.0562200,0.0562500,0.0550000,0.0550000,5393003,1749715199999,2025-06-12 07:59:59,300539.2395600,7994,2629541,146662.1760400
1749715200000,2025-06-12 08:00:00,0.0550000,0.0551700,0.0535300,0.0535800,10869954,1749729599999,2025-06-12 11:59:59,592470.2296000,12235,5000922,272817.5936200
1749729600000,2025-06-12 12:00:00,0.0535900,0.0552200,0.0532800,0.0536800,8422987,1749743999999,2025-06-12 15:59:59,456814.2682300,12923,4766951,258605.1959100
1749744000000,2025-06-12 16:00:00,0.0537000,0.0550000,0.0526300,0.0528400,5386230,1749758399999,2025-06-12 19:59:59,290870.7436800,10833,2462566,133043.8297800
1749758400000,2025-06-12 20:00:00,0.0528400,0.0531500,0.0512200,0.0513000,9664622,1749772799999,2025-06-12 23:59:59,501842.0731000,14417,4033634,209568.9719500
1749772800000,2025-06-13 00:00:00,0.0513000,0.0513800,0.0476300,0.0487700,16926435,1749787199999,2025-06-13 03:59:59,828280.0559800,22101,8298906,405848.1755300
1749787200000,2025-06-13 04:00:00,0.0487800,0.0490100,0.0477400,0.0486600,8185367,1749801599999,2025-06-13 07:59:59,395851.1170300,11399,4500223,217631.1774000
1749801600000,2025-06-13 08:00:00,0.0486500,0.0489900,0.0477100,0.0488200,7295417,1749815999999,2025-06-13 11:59:59,352687.1343000,11540,4166570,201506.5803200
1749816000000,2025-06-13 12:00:00,0.0488300,0.0493200,0.0479600,0.0489300,8109750,1749830399999,2025-06-13 15:59:59,394430.9775200,14139,4150077,201897.1964000
1749830400000,2025-06-13 16:00:00,0.0489500,0.0498200,0.0484500,0.0494600,9808788,1749844799999,2025-06-13 19:59:59,482585.0052600,13106,5038216,247859.4544800
1749844800000,2025-06-13 20:00:00,0.0494700,0.0509000,0.0494100,0.0506500,4892091,1749859199999,2025-06-13 23:59:59,245485.1689600,8236,2445322,122685.4140300
1749859200000,2025-06-14 00:00:00,0.0506500,0.0509100,0.0497900,0.0503600,5273369,1749873599999,2025-06-14 03:59:59,264931.2822000,7901,2705406,135888.2675900
1749873600000,2025-06-14 04:00:00,0.0503600,0.0505900,0.0497600,0.0500300,2325266,1749887999999,2025-06-14 07:59:59,116865.5972100,4567,1057034,53126.1647000
1749888000000,2025-06-14 08:00:00,0.0500300,0.0502000,0.0494400,0.0500200,5096839,1749902399999,2025-06-14 11:59:59,253711.1309300,6892,2383701,118805.7034800
1749902400000,2025-06-14 12:00:00,0.0500000,0.0503000,0.0490800,0.0492600,3262419,1749916799999,2025-06-14 15:59:59,162495.0875100,6145,1514969,75486.5527900
1749916800000,2025-06-14 16:00:00,0.0492700,0.0494600,0.0485700,0.0488200,5017464,1749931199999,2025-06-14 19:59:59,245870.4439800,7995,2295015,112450.6869600
1749931200000,2025-06-14 20:00:00,0.0488200,0.0499000,0.0484800,0.0497600,2681397,1749945599999,2025-06-14 23:59:59,132323.5084200,5472,1309324,64605.8787500
1749945600000,2025-06-15 00:00:00,0.0497500,0.0503300,0.0497200,0.0498800,2986647,1749959999999,2025-06-15 03:59:59,149489.5513200,5619,1661409,83147.0439100
1749960000000,2025-06-15 04:00:00,0.0498700,0.0504700,0.0497200,0.0499900,3377387,1749974399999,2025-06-15 07:59:59,169274.3078700,6079,1817276,91058.7766600
1749974400000,2025-06-15 08:00:00,0.0500000,0.0501400,0.0493000,0.0499000,7376931,1749988799999,2025-06-15 11:59:59,366447.6964300,8256,3330602,165473.2315400
1749988800000,2025-06-15 12:00:00,0.0499000,0.0511500,0.0498100,0.0506200,12411520,1750003199999,2025-06-15 15:59:59,625742.2208900,13034,6511677,328208.6386200
1750003200000,2025-06-15 16:00:00,0.0506400,0.0508500,0.0502000,0.0505300,4218387,1750017599999,2025-06-15 19:59:59,213507.8338200,6063,2063447,104476.5671500
1750017600000,2025-06-15 20:00:00,0.0505200,0.0508700,0.0493300,0.0508600,7475677,1750031999999,2025-06-15 23:59:59,374277.2697900,9019,4057312,202972.4368100
1750032000000,2025-06-16 00:00:00,0.0508500,0.0515000,0.0502300,0.0513500,4020064,1750046399999,2025-06-16 03:59:59,205115.4519800,7673,2038044,104114.0362700
1750046400000,2025-06-16 04:00:00,0.0513400,0.0528700,0.0511200,0.0527900,5897762,1750060799999,2025-06-16 07:59:59,307745.9246900,8249,3566593,186115.6077700
1750060800000,2025-06-16 08:00:00,0.0528000,0.0561000,0.0525300,0.0544500,38831404,1750075199999,2025-06-16 11:59:59,2127070.8801700,37797,19032573,1043330.8352800
1750075200000,2025-06-16 12:00:00,0.0544600,0.0550100,0.0533800,0.0534600,22366529,1750089599999,2025-06-16 15:59:59,1206685.1682100,22994,10324600,557293.5791100
1750089600000,2025-06-16 16:00:00,0.0534700,0.0537600,0.0527000,0.0529900,9102702,1750103999999,2025-06-16 19:59:59,484134.6293400,12416,4513019,240148.5480400
1750104000000,2025-06-16 20:00:00,0.0529800,0.0533300,0.0506300,0.0508800,13013911,1750118399999,2025-06-16 23:59:59,680374.1241900,15376,5575970,291719.0953800
1750118400000,2025-06-17 00:00:00,0.0508700,0.0514600,0.0490100,0.0493300,26400200,1750132799999,2025-06-17 03:59:59,1330283.2767100,26060,11957415,602672.5173100
1750132800000,2025-06-17 04:00:00,0.0493500,0.0495900,0.0483200,0.0485700,11846532,1750147199999,2025-06-17 07:59:59,579079.7363500,13221,6202115,303393.2720900
1750147200000,2025-06-17 08:00:00,0.0485500,0.0486200,0.0478100,0.0484300,15636757,1750161599999,2025-06-17 11:59:59,753961.1215900,15769,8403664,405179.0370900
1750161600000,2025-06-17 12:00:00,0.0484200,0.0493000,0.0475100,0.0476400,19174060,1750175999999,2025-06-17 15:59:59,928171.9185300,19119,9253551,448421.3611800
1750176000000,2025-06-17 16:00:00,0.0476600,0.0485700,0.0462400,0.0479400,14373340,1750190399999,2025-06-17 19:59:59,679130.7201900,17203,7129105,337623.4538400
1750190400000,2025-06-17 20:00:00,0.0479800,0.0482400,0.0463800,0.0467000,6370216,1750204799999,2025-06-17 23:59:59,300543.8143600,14149,2670190,126203.5004700
1750204800000,2025-06-18 00:00:00,0.0467100,0.0474200,0.0457000,0.0466300,11505506,1750219199999,2025-06-18 03:59:59,535770.4483200,12529,5547677,258454.4592000
1750219200000,2025-06-18 04:00:00,0.0466200,0.0473800,0.0450500,0.0454200,12309432,1750233599999,2025-06-18 07:59:59,567876.3703200,13397,5473192,252794.7509100
1750233600000,2025-06-18 08:00:00,0.0454000,0.0460800,0.0440000,0.0446900,17619427,1750247999999,2025-06-18 11:59:59,795813.8089800,17713,8196635,370882.2758100
1750248000000,2025-06-18 12:00:00,0.0446900,0.0450600,0.0432000,0.0446600,15655559,1750262399999,2025-06-18 15:59:59,693762.6763000,23485,6419494,284832.9536600
1750262400000,2025-06-18 16:00:00,0.0446600,0.0452500,0.0440700,0.0443800,8413066,1750276799999,2025-06-18 19:59:59,375502.3616900,15037,4609043,205806.3534000
1750276800000,2025-06-18 20:00:00,0.0443800,0.0459600,0.0442200,0.0456300,5765833,1750291199999,2025-06-18 23:59:59,262120.7422100,8773,3095880,140710.2022000
1750291200000,2025-06-19 00:00:00,0.0456300,0.0462600,0.0454500,0.0459200,4845923,1750305599999,2025-06-19 03:59:59,221885.4577000,6248,2667351,122166.5413100
1750305600000,2025-06-19 04:00:00,0.0459000,0.0461000,0.0454500,0.0454600,3635932,1750319999999,2025-06-19 07:59:59,166258.1365200,4463,1803613,82527.8625900
1750320000000,2025-06-19 08:00:00,0.0454700,0.0461200,0.0454000,0.0454800,5082066,1750334399999,2025-06-19 11:59:59,232427.4347500,5354,2592142,118600.1646300
1750334400000,2025-06-19 12:00:00,0.0454800,0.0456900,0.0446300,0.0446700,5660675,1750348799999,2025-06-19 15:59:59,255472.6970300,8897,2491739,112427.7459400
1750348800000,2025-06-19 16:00:00,0.0446600,0.0447900,0.0438900,0.0444900,10602234,1750363199999,2025-06-19 19:59:59,470808.8777100,9615,4443933,197560.7900800
1750363200000,2025-06-19 20:00:00,0.0444900,0.0449400,0.0444100,0.0447200,5276293,1750377599999,2025-06-19 23:59:59,235759.9932800,5726,2961436,132353.1214600
1750377600000,2025-06-20 00:00:00,0.0447400,0.0450800,0.0442000,0.0443400,4984595,1750391999999,2025-06-20 03:59:59,222434.9715100,5515,1781428,79669.7905800
1750392000000,2025-06-20 04:00:00,0.0443300,0.0460800,0.0435400,0.0460400,11104016,1750406399999,2025-06-20 07:59:59,495404.2435000,11668,7313600,326407.9557300
1750406400000,2025-06-20 08:00:00,0.0460500,0.0462000,0.0455900,0.0461600,4937996,1750420799999,2025-06-20 11:59:59,226904.3653300,6652,2328955,107024.3109200
1750420800000,2025-06-20 12:00:00,0.0461600,0.0462700,0.0445100,0.0446100,5933330,1750435199999,2025-06-20 15:59:59,269324.3294100,8430,2620921,119179.9015100
1750435200000,2025-06-20 16:00:00,0.0446000,0.0446900,0.0425000,0.0437900,12752862,1750449599999,2025-06-20 19:59:59,555569.5882200,12501,6050046,263443.7513700
1750449600000,2025-06-20 20:00:00,0.0437700,0.0441300,0.0428300,0.0430900,3801236,1750463999999,2025-06-20 23:59:59,165017.0933300,6005,1702186,73886.4373600
1750464000000,2025-06-21 00:00:00,0.0431000,0.0444800,0.0430000,0.0441600,4849739,1750478399999,2025-06-21 03:59:59,212611.8010800,5996,3005682,131757.6894800
1750478400000,2025-06-21 04:00:00,0.0441700,0.0445400,0.0440400,0.0442300,2698992,1750492799999,2025-06-21 07:59:59,119514.1572100,3860,1350474,59808.3540900
1750492800000,2025-06-21 08:00:00,0.0442400,0.0443600,0.0437800,0.0440300,2865304,1750507199999,2025-06-21 11:59:59,126373.2301500,4277,1409297,62194.7705900
1750507200000,2025-06-21 12:00:00,0.0440300,0.0441200,0.0422000,0.0428500,5928906,1750521599999,2025-06-21 15:59:59,254256.6914000,7220,2983814,127840.4957600
1750521600000,2025-06-21 16:00:00,0.0428000,0.0432100,0.0416300,0.0417700,6141359,1750535999999,2025-06-21 19:59:59,259900.1491500,8263,2749036,116545.5153300
1750536000000,2025-06-21 20:00:00,0.0417500,0.0421500,0.0403400,0.0415600,9242940,1750550399999,2025-06-21 23:59:59,380600.7328300,10280,4423706,182204.7109500
1750550400000,2025-06-22 00:00:00,0.0415600,0.0422900,0.0403900,0.0407300,7662481,1750564799999,2025-06-22 03:59:59,316740.7391900,9688,3582340,148483.5822900
1750564800000,2025-06-22 04:00:00,0.0407500,0.0415600,0.0405300,0.0409700,4810332,1750579199999,2025-06-22 07:59:59,197641.5079000,6176,2373094,97535.1417400
1750579200000,2025-06-22 08:00:00,0.0409800,0.0411400,0.0400700,0.0404800,4441883,1750593599999,2025-06-22 11:59:59,180079.4424100,6369,2078227,84224.7229300
1750593600000,2025-06-22 12:00:00,0.0404700,0.0407900,0.0378500,0.0385500,17807555,1750607999999,2025-06-22 15:59:59,694746.0094200,15549,8972177,350014.1640700
1750608000000,2025-06-22 16:00:00,0.0385600,0.0393300,0.0380900,0.0383400,7730467,1750622399999,2025-06-22 19:59:59,298616.5779600,8474,3799538,146842.8533400
1750622400000,2025-06-22 20:00:00,0.0383300,0.0395800,0.0371400,0.0395000,8716105,1750636799999,2025-06-22 23:59:59,334795.3075200,10601,4640180,178291.1866800
1750636800000,2025-06-23 00:00:00,0.0395000,0.0400400,0.0392300,0.0396100,5386956,1750651199999,2025-06-23 03:59:59,213475.3778400,6912,2658175,105350.6124200
1750651200000,2025-06-23 04:00:00,0.0396200,0.0405200,0.0395600,0.0402700,5717137,1750665599999,2025-06-23 07:59:59,228655.7279400,6277,2521241,100992.1298100
1750665600000,2025-06-23 08:00:00,0.0402500,0.0404600,0.0400800,0.0404100,3895891,1750679999999,2025-06-23 11:59:59,156780.6342500,4791,1964945,79108.6928100
1750680000000,2025-06-23 12:00:00,0.0404200,0.0416500,0.0401200,0.0409900,9337092,1750694399999,2025-06-23 15:59:59,383013.0071800,10210,4904066,201348.2245300
1750694400000,2025-06-23 16:00:00,0.0410100,0.0425400,0.0397800,0.0424300,11626865,1750708799999,2025-06-23 19:59:59,480777.2278400,12885,5802358,239722.9680800
1750708800000,2025-06-23 20:00:00,0.0424000,0.0449900,0.0424000,0.0448200,12820048,1750723199999,2025-06-23 23:59:59,561224.6255100,13682,6477579,283470.5461400
1750723200000,2025-06-24 00:00:00,0.0448300,0.0459500,0.0447900,0.0453600,10869534,1750737599999,2025-06-24 03:59:59,494570.3607700,11525,4851500,220769.2676500
1750737600000,2025-06-24 04:00:00,0.0453300,0.0467000,0.0451800,0.0461000,10750049,1750751999999,2025-06-24 07:59:59,495097.7835700,11191,5079892,233977.5221400
1750752000000,2025-06-24 08:00:00,0.0461100,0.0464700,0.0454100,0.0454800,11970779,1750766399999,2025-06-24 11:59:59,549564.5615400,12926,4884024,224273.1861300
1750766400000,2025-06-24 12:00:00,0.0454900,0.0457300,0.0448900,0.0456600,9275059,1750780799999,2025-06-24 15:59:59,420387.2298200,12778,4240338,192257.5156200
1750780800000,2025-06-24 16:00:00,0.0456700,0.0466600,0.0455800,0.0459200,5501000,1750795199999,2025-06-24 19:59:59,253412.4246600,8411,2617546,120628.3335300
1750795200000,2025-06-24 20:00:00,0.0459100,0.0467700,0.0458000,0.0466900,7123504,1750809599999,2025-06-24 23:59:59,329919.3141400,8728,3727983,172842.6748300
1750809600000,2025-06-25 00:00:00,0.0466900,0.0475400,0.0462200,0.0464600,7319009,1750823999999,2025-06-25 03:59:59,342241.8729700,10175,3423144,160002.4667200
1750824000000,2025-06-25 04:00:00,0.0465000,0.0469700,0.0453500,0.0455300,8527885,1750838399999,2025-06-25 07:59:59,391537.8777800,10171,3943804,181187.8917300
1750838400000,2025-06-25 08:00:00,0.0455200,0.0457300,0.0441000,0.0448000,11928355,1750852799999,2025-06-25 11:59:59,532290.8983200,11785,4987402,222466.8263700
1750852800000,2025-06-25 12:00:00,0.0448400,0.0456000,0.0439800,0.0441100,11778794,1750867199999,2025-06-25 15:59:59,528291.1350000,12380,6697721,300917.9396500
1750867200000,2025-06-25 16:00:00,0.0441300,0.0447100,0.0436300,0.0441200,7354091,1750881599999,2025-06-25 19:59:59,324592.6297400,9654,3978928,175699.9380900
1750881600000,2025-06-25 20:00:00,0.0441400,0.0447400,0.0434100,0.0435500,15558728,1750895999999,2025-06-25 23:59:59,685192.2149200,14347,7643663,336943.7247900
1750896000000,2025-06-26 00:00:00,0.0435600,0.0455600,0.0434400,0.0447100,8394624,1750910399999,2025-06-26 03:59:59,373071.5627900,11351,4958596,220578.8336400
1750910400000,2025-06-26 04:00:00,0.0447100,0.0456000,0.0438900,0.0451900,8270566,1750924799999,2025-06-26 07:59:59,369585.3652800,10120,5004078,224043.9310500
1750924800000,2025-06-26 08:00:00,0.0451900,0.0457300,0.0438900,0.0439700,10096889,1750939199999,2025-06-26 11:59:59,451508.3823700,11483,4343761,194756.7108600
1750939200000,2025-06-26 12:00:00,0.0439800,0.0439800,0.0420300,0.0426200,12500930,1750953599999,2025-06-26 15:59:59,534831.0064200,14287,6064496,259382.9190700
1750953600000,2025-06-26 16:00:00,0.0426100,0.0429400,0.0419300,0.0426600,6882234,1750967999999,2025-06-26 19:59:59,291724.0259700,11186,4152886,176076.7241600
1750968000000,2025-06-26 20:00:00,0.0426500,0.0436600,0.0423000,0.0423400,7741657,1750982399999,2025-06-26 23:59:59,332840.2497900,8559,3721952,160155.8641300
1750982400000,2025-06-27 00:00:00,0.0423300,0.0435900,0.0418500,0.0434500,6049832,1750996799999,2025-06-27 03:59:59,259205.2398000,7789,3716416,159478.4435400
1750996800000,2025-06-27 04:00:00,0.0434500,0.0438900,0.0425200,0.0425900,4574728,1751011199999,2025-06-27 07:59:59,197191.3487800,6713,1970098,85065.5586300
1751011200000,2025-06-27 08:00:00,0.0425800,0.0433300,0.0420700,0.0422300,8614249,1751025599999,2025-06-27 11:59:59,367412.9869300,9788,3996456,170394.2400200
1751025600000,2025-06-27 12:00:00,0.0422600,0.0430400,0.0417200,0.0430300,9103595,1751039999999,2025-06-27 15:59:59,385000.2801300,10322,4720291,199959.4600600
1751040000000,2025-06-27 16:00:00,0.0429900,0.0435200,0.0416200,0.0419600,7578058,1751054399999,2025-06-27 19:59:59,321833.3283800,9183,3279048,139530.0517000
1751054400000,2025-06-27 20:00:00,0.0419600,0.0429600,0.0418800,0.0426800,5875092,1751068799999,2025-06-27 23:59:59,250338.6224900,6366,3621185,154254.2179500
1751068800000,2025-06-28 00:00:00,0.0426900,0.0430500,0.0423300,0.0423700,3011764,1751083199999,2025-06-28 03:59:59,128598.4705500,4423,1310688,55964.8079300
1751083200000,2025-06-28 04:00:00,0.0423800,0.0427000,0.0421200,0.0424900,4414259,1751097599999,2025-06-28 07:59:59,187094.4707800,4792,1906270,80808.5794200
1751097600000,2025-06-28 08:00:00,0.0425200,0.0432500,0.0424100,0.0430800,5214327,1751111999999,2025-06-28 11:59:59,223131.6986800,5886,3122826,133629.1013100
1751112000000,2025-06-28 12:00:00,0.0430800,0.0436700,0.0427900,0.0436600,4236441,1751126399999,2025-06-28 15:59:59,182406.2971100,5843,2227066,96013.0738400
1751126400000,2025-06-28 16:00:00,0.0436700,0.0442400,0.0434500,0.0441400,4485529,1751140799999,2025-06-28 19:59:59,196716.5736800,7426,2096730,91962.8326100
1751140800000,2025-06-28 20:00:00,0.0441100,0.0447700,0.0440000,0.0445700,3327632,1751155199999,2025-06-28 23:59:59,147833.1985000,5866,1350673,60010.9856000
1751155200000,2025-06-29 00:00:00,0.0445700,0.0446500,0.0440300,0.0442700,3938743,1751169599999,2025-06-29 03:59:59,174756.4010900,5731,1716668,76184.1072100
1751169600000,2025-06-29 04:00:00,0.0442800,0.0452900,0.0442100,0.0452900,6202504,1751183999999,2025-06-29 07:59:59,276962.4780400,6275,3380522,150959.7204100
1751184000000,2025-06-29 08:00:00,0.0453000,0.0459500,0.0447700,0.0447900,10585686,1751198399999,2025-06-29 11:59:59,482060.7749900,9987,4478649,204040.1535000
1751198400000,2025-06-29 12:00:00,0.0448100,0.0452800,0.0428000,0.0433300,13455496,1751212799999,2025-06-29 15:59:59,594140.4897400,13214,5397412,238627.8339200
1751212800000,2025-06-29 16:00:00,0.0433200,0.0455500,0.0433000,0.0454400,9458306,1751227199999,2025-06-29 19:59:59,422279.1566600,10472,5392977,240546.5201900
1751227200000,2025-06-29 20:00:00,0.0454300,0.0476800,0.0450600,0.0473500,12640611,1751241599999,2025-06-29 23:59:59,585321.8165300,11816,6542143,302596.1618700
1751241600000,2025-06-30 00:00:00,0.0473500,0.0476100,0.0456200,0.0457700,8340702,1751255999999,2025-06-30 03:59:59,387057.1093900,9097,3661225,169726.0934800
1751256000000,2025-06-30 04:00:00,0.0457700,0.0463100,0.0452400,0.0459500,5808736,1751270399999,2025-06-30 07:59:59,265917.1142500,7492,3092856,141721.4230500
1751270400000,2025-06-30 08:00:00,0.0459500,0.0459900,0.0442300,0.0448400,8578522,1751284799999,2025-06-30 11:59:59,385575.7436600,8914,4297518,192936.3032300
1751284800000,2025-06-30 12:00:00,0.0448300,0.0452600,0.0438900,0.0445700,8716612,1751299199999,2025-06-30 15:59:59,387078.0668900,10210,4760764,211391.0711500
1751299200000,2025-06-30 16:00:00,0.0445900,0.0459300,0.0445900,0.0458400,9104278,1751313599999,2025-06-30 19:59:59,412577.6063100,10465,4270710,193446.2241200
1751313600000,2025-06-30 20:00:00,0.0458300,0.0504900,0.0458000,0.0494700,96775550,1751327999999,2025-06-30 23:59:59,4684289.8729500,72102,47181272,2284890.0562200
1751328000000,2025-07-01 00:00:00,0.0494900,0.0600800,0.0484000,0.0524900,768206703,1751342399999,2025-07-01 03:59:59,41987739.7828000,417415,373397126,20449958.1336700
1751342400000,2025-07-01 04:00:00,0.0525200,0.0577600,0.0496600,0.0568700,850784948,1751356799999,2025-07-01 07:59:59,46355577.5201500,379759,418193450,22813746.6591100
1751356800000,2025-07-01 08:00:00,0.0568200,0.0814600,0.0557200,0.0579900,3847437806,1751371199999,2025-07-01 11:59:59,263844231.6998400,1478162,1921094061,131705673.2521800
1751371200000,2025-07-01 12:00:00,0.0579900,0.0606000,0.0535000,0.0543200,1753309276,1751385599999,2025-07-01 15:59:59,100743401.6247600,664764,869397770,50012568.1544300
1751385600000,2025-07-01 16:00:00,0.0543000,0.0561900,0.0504700,0.0532100,710211577,1751399999999,2025-07-01 19:59:59,37803759.1579600,278493,349373233,18604990.7104800
1751400000000,2025-07-01 20:00:00,0.0532000,0.0533700,0.0485900,0.0495000,325630292,1751414399999,2025-07-01 23:59:59,16514761.7431100,150831,153223969,7778022.3657300
1751414400000,2025-07-02 00:00:00,0.0495100,0.0496100,0.0471900,0.0477500,235934948,1751428799999,2025-07-02 03:59:59,11473869.4735300,108611,115581343,5625267.4716900
1751428800000,2025-07-02 04:00:00,0.0477300,0.0485800,0.0472900,0.0475200,149451305,1751443199999,2025-07-02 07:59:59,7161870.6890900,76560,77711378,3725212.9998100
1751443200000,2025-07-02 08:00:00,0.0475200,0.0514400,0.0466700,0.0490900,546391292,1751457599999,2025-07-02 11:59:59,27031031.1264300,255519,267098495,13224157.7989800
1751457600000,2025-07-02 12:00:00,0.0490900,0.0493900,0.0476500,0.0484200,221260678,1751471999999,2025-07-02 15:59:59,10707907.7353200,104311,108393263,5248544.6907900
1751472000000,2025-07-02 16:00:00,0.0483900,0.0510300,0.0483400,0.0507200,218778145,1751486399999,2025-07-02 19:59:59,10900126.2453500,106287,106202357,5292311.8936000
1751486400000,2025-07-02 20:00:00,0.0507300,0.0511800,0.0493000,0.0502800,123228276,1751500799999,2025-07-02 23:59:59,6191902.4717400,60546,54755154,2752786.0624700
1751500800000,2025-07-03 00:00:00,0.0502800,0.0533400,0.0497500,0.0500700,233022937,1751515199999,2025-07-03 03:59:59,12001989.1314800,135327,110091084,5675137.9708400
1751515200000,2025-07-03 04:00:00,0.0500600,0.0505700,0.0494000,0.0497300,92581830,1751529599999,2025-07-03 07:59:59,4625733.9364200,65630,43462710,2172820.6343700
1751529600000,2025-07-03 08:00:00,0.0497600,0.0502800,0.0482300,0.0487400,110181851,1751543999999,2025-07-03 11:59:59,5416391.8737100,61199,47767644,2349859.6355200
1751544000000,2025-07-03 12:00:00,0.0487400,0.0497000,0.0460800,0.0465500,127443962,1751558399999,2025-07-03 15:59:59,6147125.4025700,73581,53197088,2573095.7497500
1751558400000,2025-07-03 16:00:00,0.0465800,0.0477300,0.0463600,0.0476300,70047435,1751572799999,2025-07-03 19:59:59,3282363.8621000,48940,37740005,1769227.5514500
1751572800000,2025-07-03 20:00:00,0.0476300,0.0481300,0.0460800,0.0474200,71177954,1751587199999,2025-07-03 23:59:59,3363738.3084400,43819,32965337,1560875.2058500
1751587200000,2025-07-04 00:00:00,0.0474200,0.0474400,0.0455000,0.0457400,64310954,1751601599999,2025-07-04 03:59:59,2973156.2903800,36258,27686666,1280638.4905200
1751601600000,2025-07-04 04:00:00,0.0457300,0.0466100,0.0451200,0.0453900,64213110,1751615999999,2025-07-04 07:59:59,2939288.2672100,34487,31939977,1462782.3715900
1751616000000,2025-07-04 08:00:00,0.0454100,0.0458400,0.0451900,0.0455400,51977630,1751630399999,2025-07-04 11:59:59,2366582.5094300,28596,26171481,1191504.0182600
1751630400000,2025-07-04 12:00:00,0.0455400,0.0455400,0.0440200,0.0441500,71905366,1751644799999,2025-07-04 15:59:59,3224754.9413900,37285,30060345,1349408.0524100
1751644800000,2025-07-04 16:00:00,0.0441500,0.0442100,0.0433400,0.0435700,49577462,1751659199999,2025-07-04 19:59:59,2167289.5025100,27111,22852713,999312.3988200
1751659200000,2025-07-04 20:00:00,0.0435600,0.0437300,0.0431100,0.0434400,35297942,1751673599999,2025-07-04 23:59:59,1531343.1210400,18019,17140239,743530.7359300
1751673600000,2025-07-05 00:00:00,0.0434300,0.0438200,0.0428800,0.0436600,35246285,1751687999999,2025-07-05 03:59:59,1532386.1441000,16932,16727450,727778.5961200
1751688000000,2025-07-05 04:00:00,0.0436600,0.0441400,0.0430700,0.0437600,32613435,1751702399999,2025-07-05 07:59:59,1421846.3472800,15652,16207736,706355.6813600
1751702400000,2025-07-05 08:00:00,0.0437600,0.0438800,0.0430500,0.0431100,29326747,1751716799999,2025-07-05 11:59:59,1271344.1644100,15151,12984126,562820.6642300
1751716800000,2025-07-05 12:00:00,0.0431100,0.0432000,0.0424900,0.0425900,41520030,1751731199999,2025-07-05 15:59:59,1779790.7214700,19725,16970632,728016.6781200
1751731200000,2025-07-05 16:00:00,0.0425800,0.0432400,0.0407800,0.0411300,72212617,1751745599999,2025-07-05 19:59:59,3016998.0470900,30040,33295021,1390803.3366900
1751745600000,2025-07-05 20:00:00,0.0411200,0.0413800,0.0406000,0.0409800,34225071,1751759999999,2025-07-05 23:59:59,1405322.8417800,17956,18330573,752977.5974400
1751760000000,2025-07-06 00:00:00,0.0409800,0.0410500,0.0400800,0.0401500,41912066,1751774399999,2025-07-06 03:59:59,1696031.0240500,21873,18895331,764723.1767700
1751774400000,2025-07-06 04:00:00,0.0401600,0.0403400,0.0396600,0.0397300,38880853,1751788799999,2025-07-06 07:59:59,1553182.6630900,17681,18115761,723890.3610100
1751788800000,2025-07-06 08:00:00,0.0397200,0.0404100,0.0394400,0.0403600,38156112,1751803199999,2025-07-06 11:59:59,1523471.0617200,19994,19626453,783882.3127200
1751803200000,2025-07-06 12:00:00,0.0403600,0.0411500,0.0401300,0.0408600,52947942,1751817599999,2025-07-06 15:59:59,2152233.3939000,22786,27396476,1113990.9452800
1751817600000,2025-07-06 16:00:00,0.0408600,0.0414200,0.0408200,0.0411500,37114059,1751831999999,2025-07-06 19:59:59,1524780.1450900,20181,17353346,712676.4200700
1751832000000,2025-07-06 20:00:00,0.0411400,0.0420400,0.0404800,0.0406700,53368004,1751846399999,2025-07-06 23:59:59,2212652.6567300,21493,26291640,1091473.9158500
1751846400000,2025-07-07 00:00:00,0.0406700,0.0411900,0.0403700,0.0404900,29278745,1751860799999,2025-07-07 03:59:59,1190972.0474600,16589,12003506,488508.5662100
1751860800000,2025-07-07 04:00:00,0.0404900,0.0406300,0.0396300,0.0403600,45644103,1751875199999,2025-07-07 07:59:59,1826419.6680000,18934,20415853,816888.2303300
1751875200000,2025-07-07 08:00:00,0.0403400,0.0406300,0.0390600,0.0391500,41075898,1751889599999,2025-07-07 11:59:59,1632815.2093500,18978,17802239,708565.4212200
1751889600000,2025-07-07 12:00:00,0.0391500,0.0398700,0.0388200,0.0391900,45712466,1751903999999,2025-07-07 15:59:59,1794331.8831300,23210,23148848,909078.6280900
1751904000000,2025-07-07 16:00:00,0.0392000,0.0396400,0.0387100,0.0392300,39013662,1751918399999,2025-07-07 19:59:59,1526033.9928600,19861,18826011,736562.0165200
1751918400000,2025-07-07 20:00:00,0.0392200,0.0394900,0.0386800,0.0393900,27617302,1751932799999,2025-07-07 23:59:59,1077594.7488500,14521,13891262,542110.8571900
1751932800000,2025-07-08 00:00:00,0.0393900,0.0394800,0.0383700,0.0385500,30320719,1751947199999,2025-07-08 03:59:59,1176137.2881000,17101,13355749,518297.7654900
1751947200000,2025-07-08 04:00:00,0.0385600,0.0388800,0.0381300,0.0386700,21131205,1751961599999,2025-07-08 07:59:59,812399.7317200,17519,9471338,364410.0745900
1751961600000,2025-07-08 08:00:00,0.0386800,0.0393100,0.0383600,0.0391000,23592565,1751975999999,2025-07-08 11:59:59,917164.1186600,17679,12291235,478091.8474800
1751976000000,2025-07-08 12:00:00,0.0391000,0.0392900,0.0384300,0.0386700,30211973,1751990399999,2025-07-08 15:59:59,1176148.0629400,19298,14344015,558236.7803500
1751990400000,2025-07-08 16:00:00,0.0386800,0.0397500,0.0385200,0.0393200,29324901,1752004799999,2025-07-08 19:59:59,1149943.3169000,18813,13802222,541713.8678900
1752004800000,2025-07-08 20:00:00,0.0393000,0.0395400,0.0389500,0.0390600,16302965,1752019199999,2025-07-08 23:59:59,638983.6663100,11900,8195084,321275.8233900
1752019200000,2025-07-09 00:00:00,0.0390500,0.0393100,0.0387000,0.0391900,17737399,1752033599999,2025-07-09 03:59:59,691764.4403100,11266,9506519,370884.7754700
1752033600000,2025-07-09 04:00:00,0.0391900,0.0397400,0.0389200,0.0394800,23352978,1752047999999,2025-07-09 07:59:59,919389.8916600,16757,10909687,429438.5096000
1752048000000,2025-07-09 08:00:00,0.0394700,0.0396900,0.0390200,0.0395000,23955975,1752062399999,2025-07-09 11:59:59,942786.2249200,15005,11350674,446771.5336600
1752062400000,2025-07-09 12:00:00,0.0395000,0.0398900,0.0387700,0.0391600,41775472,1752076799999,2025-07-09 15:59:59,1642343.5064800,22287,19643683,773209.0810900
1752076800000,2025-07-09 16:00:00,0.0391600,0.0405000,0.0387600,0.0403900,67673111,1752091199999,2025-07-09 19:59:59,2697658.7109700,31116,34074948,1357839.5668900
1752091200000,2025-07-09 20:00:00,0.0404100,0.0407800,0.0400400,0.0401400,31732977,1752105599999,2025-07-09 23:59:59,1280897.9454400,17394,13458356,543701.8298500
1752105600000,2025-07-10 00:00:00,0.0401400,0.0416100,0.0397800,0.0415300,44014420,1752119999999,2025-07-10 03:59:59,1791708.3133900,20113,24675706,1004928.0612300
1752120000000,2025-07-10 04:00:00,0.0415400,0.0416300,0.0408500,0.0409900,33975220,1752134399999,2025-07-10 07:59:59,1399779.7487000,23320,13911580,573229.4786800
1752134400000,2025-07-10 08:00:00,0.0410000,0.0413000,0.0400600,0.0402800,40272829,1752148799999,2025-07-10 11:59:59,1638830.8935600,20162,16988390,692090.8725900
1752148800000,2025-07-10 12:00:00,0.0402900,0.0408600,0.0396000,0.0398100,49387913,1752163199999,2025-07-10 15:59:59,1985665.9268900,22923,20553501,827581.6134300
1752163200000,2025-07-10 16:00:00,0.0398200,0.0415900,0.0397700,0.0411500,45946388,1752177599999,2025-07-10 19:59:59,1876499.7657500,22788,22728230,928276.5703300
1752177600000,2025-07-10 20:00:00,0.0411500,0.0427600,0.0411500,0.0424700,79196051,1752191999999,2025-07-10 23:59:59,3338809.7507500,32984,37050825,1562274.2090100
1752192000000,2025-07-11 00:00:00,0.0424700,0.0431500,0.0415200,0.0429800,48657550,1752206399999,2025-07-11 03:59:59,2063709.3700900,23656,22679892,963177.4708600
1752206400000,2025-07-11 04:00:00,0.0429900,0.0498500,0.0427800,0.0479500,300647978,1752220799999,2025-07-11 07:59:59,14141779.8603700,120420,147254404,6913952.5325100
1752220800000,2025-07-11 08:00:00,0.0479700,0.0502900,0.0464000,0.0468200,212901509,1752235199999,2025-07-11 11:59:59,10300941.9433800,96099,97785552,4738035.5076000
1752235200000,2025-07-11 12:00:00,0.0468200,0.0560300,0.0468200,0.0473800,474839909,1752249599999,2025-07-11 15:59:59,24312686.3190400,214104,228985853,11747152.0301800
1752249600000,2025-07-11 16:00:00,0.0474500,0.0485800,0.0470400,0.0482500,80924240,1752263999999,2025-07-11 19:59:59,3870848.9834300,43458,40234212,1926501.4818900
1752264000000,2025-07-11 20:00:00,0.0482300,0.0482400,0.0444300,0.0456500,90439452,1752278399999,2025-07-11 23:59:59,4160515.9914400,43405,39579987,1819710.0268800
1752278400000,2025-07-12 00:00:00,0.0456700,0.0474000,0.0448900,0.0471900,60891596,1752292799999,2025-07-12 03:59:59,2817445.8094300,37301,31293558,1449706.9435200
1752292800000,2025-07-12 04:00:00,0.0471900,0.0486500,0.0447100,0.0468500,132441392,1752307199999,2025-07-12 07:59:59,6148673.4385700,66497,64520269,2998943.9049400
1752307200000,2025-07-12 08:00:00,0.0468500,0.0479200,0.0461600,0.0465800,61397517,1752321599999,2025-07-12 11:59:59,2886462.7051200,36563,28878294,1358416.4840500
1752321600000,2025-07-12 12:00:00,0.0465800,0.0468800,0.0428200,0.0431600,103701250,1752335999999,2025-07-12 15:59:59,4619309.1834700,46892,43882605,1956598.6827900
1752336000000,2025-07-12 16:00:00,0.0431600,0.0448700,0.0427900,0.0443500,32633949,1752350399999,2025-07-12 19:59:59,1433123.2959900,23483,17322365,761167.1034500
1752350400000,2025-07-12 20:00:00,0.0443500,0.0443500,0.0433400,0.0439400,26106079,1752364799999,2025-07-12 23:59:59,1142531.1651700,20997,12062440,527710.4033900
1752364800000,2025-07-13 00:00:00,0.0439500,0.0441600,0.0428500,0.0432500,33963319,1752379199999,2025-07-13 03:59:59,1479835.7277700,22493,17264653,753749.7500100
1752379200000,2025-07-13 04:00:00,0.0432600,0.0447800,0.0430000,0.0445300,26372080,1752393599999,2025-07-13 07:59:59,1164431.9974200,16223,14646094,646924.8301600
1752393600000,2025-07-13 08:00:00,0.0445300,0.0446300,0.0433700,0.0445300,33554337,1752407999999,2025-07-13 11:59:59,1477473.4917100,18965,15395040,677910.5894900
1752408000000,2025-07-13 12:00:00,0.0445200,0.0475600,0.0444500,0.0465000,139281239,1752422399999,2025-07-13 15:59:59,6456092.3236300,63585,72670836,3365255.3951900
1752422400000,2025-07-13 16:00:00,0.0464700,0.0468200,0.0457100,0.0460900,36459034,1752436799999,2025-07-13 19:59:59,1687765.3463200,20048,18279313,846755.9375300
1752436800000,2025-07-13 20:00:00,0.0460900,0.0465400,0.0438200,0.0448400,49001527,1752451199999,2025-07-13 23:59:59,2208244.7383100,26263,21155461,953594.4094200
1752451200000,2025-07-14 00:00:00,0.0448400,0.0460400,0.0442000,0.0455900,37932143,1752465599999,2025-07-14 03:59:59,1709333.6042900,25864,18814943,848373.7630500
1752465600000,2025-07-14 04:00:00,0.0455800,0.0467700,0.0448500,0.0457600,47640835,1752479999999,2025-07-14 07:59:59,2185216.2759000,24012,22517739,1033586.5957500
1752480000000,2025-07-14 08:00:00,0.0457700,0.0463800,0.0450300,0.0455500,38412209,1752494399999,2025-07-14 11:59:59,1754669.4229400,23334,18914996,864597.4669500
1752494400000,2025-07-14 12:00:00,0.0455400,0.0458700,0.0438200,0.0444300,52470092,1752508799999,2025-07-14 15:59:59,2357976.6839200,24301,25550133,1148299.2406100
1752508800000,2025-07-14 16:00:00,0.0444100,0.0449400,0.0433300,0.0436400,35107658,1752523199999,2025-07-14 19:59:59,1548900.3528600,18677,14449554,637989.9622800
1752523200000,2025-07-14 20:00:00,0.0436700,0.0441600,0.0428800,0.0439600,23260808,1752537599999,2025-07-14 23:59:59,1015681.6175400,15954,11514685,503297.6533000
1752537600000,2025-07-15 00:00:00,0.0439600,0.0443400,0.0415300,0.0420500,40387961,1752551999999,2025-07-15 03:59:59,1718125.5219800,21734,16548767,704321.4313300
1752552000000,2025-07-15 04:00:00,0.0420300,0.0426800,0.0414600,0.0419800,23911364,1752566399999,2025-07-15 07:59:59,1010754.7941300,14810,10972225,464126.7273100
1752566400000,2025-07-15 08:00:00,0.0419600,0.0429200,0.0417200,0.0428400,30081415,1752580799999,2025-07-15 11:59:59,1272730.1477000,18179,15990222,677185.0441900
1752580800000,2025-07-15 12:00:00,0.0428400,0.0441500,0.0423400,0.0439700,48497997,1752595199999,2025-07-15 15:59:59,2094492.3234100,25148,23103807,997937.4107900
1752595200000,2025-07-15 16:00:00,0.0439800,0.0459800,0.0439600,0.0447800,50143724,1752609599999,2025-07-15 19:59:59,2259602.5833800,25402,23745692,1070368.4713900
1752609600000,2025-07-15 20:00:00,0.0447700,0.0470300,0.0447600,0.0465900,33292662,1752623999999,2025-07-15 23:59:59,1531364.8421400,18999,17295811,795141.2619900
1752624000000,2025-07-16 00:00:00,0.0466000,0.0469500,0.0451600,0.0457900,31703453,1752638399999,2025-07-16 03:59:59,1464566.2401500,24107,13202201,610147.7448800
1752638400000,2025-07-16 04:00:00,0.0457900,0.0496400,0.0455100,0.0481000,124253006,1752652799999,2025-07-16 07:59:59,5952802.2425800,58418,63987488,3064332.7601300
1752652800000,2025-07-16 08:00:00,0.0480900,0.0519500,0.0469400,0.0473700,246699173,1752667199999,2025-07-16 11:59:59,12236725.6228100,109215,118790615,5899255.6552400
1752667200000,2025-07-16 12:00:00,0.0473700,0.0485600,0.0470300,0.0480000,74698323,1752681599999,2025-07-16 15:59:59,3574993.7529200,37572,34136659,1633707.4947700
1752681600000,2025-07-16 16:00:00,0.0479700,0.0514900,0.0479000,0.0506000,188416129,1752695999999,2025-07-16 19:59:59,9462575.8315400,70911,92118449,4626392.6111800
1752696000000,2025-07-16 20:00:00,0.0505700,0.0519100,0.0488000,0.0490200,71128591,1752710399999,2025-07-16 23:59:59,3581138.4757600,36890,31261736,1575749.3057600
1752710400000,2025-07-17 00:00:00,0.0490300,0.0507100,0.0477700,0.0495800,78340025,1752724799999,2025-07-17 03:59:59,3868248.8045600,40811,36658063,1812441.6161300
1752724800000,2025-07-17 04:00:00,0.0495600,0.0506800,0.0488800,0.0503600,61625032,1752739199999,2025-07-17 07:59:59,3075671.0999000,35378,30068025,1501414.2899400
1752739200000,2025-07-17 08:00:00,0.0503700,0.0519900,0.0498900,0.0512500,100208432,1752753599999,2025-07-17 11:59:59,5111873.6556000,49032,49132800,2507835.5011800
1752753600000,2025-07-17 12:00:00,0.0512300,0.0513100,0.0490100,0.0497800,73899869,1752767999999,2025-07-17 15:59:59,3713079.1299500,36358,34101319,1714110.1899100
1752768000000,2025-07-17 16:00:00,0.0497600,0.0538500,0.0472900,0.0522800,176852633,1752782399999,2025-07-17 19:59:59,8996355.8304500,69148,87037372,4429878.0569800
1752782400000,2025-07-17 20:00:00,0.0523100,0.0529400,0.0501300,0.0514400,104795052,1752796799999,2025-07-17 23:59:59,5405196.5932900,49871,48579620,2506760.1131100
1752796800000,2025-07-18 00:00:00,0.0514200,0.0532000,0.0508500,0.0527200,62073225,1752811199999,2025-07-18 03:59:59,3226764.0574400,36871,29810341,1550404.4510400
1752811200000,2025-07-18 04:00:00,0.0527200,0.0539500,0.0516300,0.0529300,108887686,1752825599999,2025-07-18 07:59:59,5777159.4789700,47095,49992904,2653622.8773600
1752825600000,2025-07-18 08:00:00,0.0529200,0.0534900,0.0521200,0.0527300,88347891,1752839999999,2025-07-18 11:59:59,4666837.2287000,40768,39614672,2093009.1704900
1752840000000,2025-07-18 12:00:00,0.0527500,0.0534100,0.0503700,0.0506500,94943163,1752854399999,2025-07-18 15:59:59,4912966.2111800,46535,41616250,2154847.5340100
1752854400000,2025-07-18 16:00:00,0.0506300,0.0512300,0.0493900,0.0499600,55794226,1752868799999,2025-07-18 19:59:59,2810541.7112200,33763,24165743,1218737.8051000
1752868800000,2025-07-18 20:00:00,0.0499800,0.0505000,0.0482300,0.0496700,52696543,1752883199999,2025-07-18 23:59:59,2601965.4339400,33317,23879826,1180136.5157700
1752883200000,2025-07-19 00:00:00,0.0496800,0.0507600,0.0475100,0.0503200,45619852,1752897599999,2025-07-19 03:59:59,2238726.1825600,27773,22518382,1106931.1666600
1752897600000,2025-07-19 04:00:00,0.0503200,0.0508200,0.0495000,0.0495400,23241909,1752911999999,2025-07-19 07:59:59,1166480.2373700,17440,9856227,495015.5595600
1752912000000,2025-07-19 08:00:00,0.0495300,0.0502800,0.0490000,0.0496100,22054481,1752926399999,2025-07-19 11:59:59,1091460.9042400,17432,10490009,519390.9975800
1752926400000,2025-07-19 12:00:00,0.0496100,0.0497000,0.0481700,0.0487800,28197892,1752940799999,2025-07-19 15:59:59,1380768.3188800,20315,13574804,665188.0391500
1752940800000,2025-07-19 16:00:00,0.0487900,0.0509700,0.0484800,0.0507000,22636752,1752955199999,2025-07-19 19:59:59,1126159.5718300,16199,11137839,554501.8659900
1752955200000,2025-07-19 20:00:00,0.0507000,0.0512200,0.0498400,0.0508900,19191111,1752969599999,2025-07-19 23:59:59,970776.4358100,12989,8737579,441993.1767000
1752969600000,2025-07-20 00:00:00,0.0508800,0.0511100,0.0500700,0.0506100,13094847,1752983999999,2025-07-20 03:59:59,661142.3933400,11880,5613384,283510.6105800
1752984000000,2025-07-20 04:00:00,0.0506300,0.0526400,0.0504300,0.0523600,44284374,1752998399999,2025-07-20 07:59:59,2289019.6521700,22600,23580163,1219924.0478800
1752998400000,2025-07-20 08:00:00,0.0523600,0.0531000,0.0512600,0.0517200,45354787,1753012799999,2025-07-20 11:59:59,2363806.8019400,27079,19274590,1005369.0024200
1753012800000,2025-07-20 12:00:00,0.0517600,0.0525500,0.0510900,0.0522400,39783784,1753027199999,2025-07-20 15:59:59,2062187.0614000,23445,17934962,930353.6913700
1753027200000,2025-07-20 16:00:00,0.0522300,0.0528400,0.0515900,0.0520200,40039584,1753041599999,2025-07-20 19:59:59,2093186.7722200,23220,18982950,992968.8123700
1753041600000,2025-07-20 20:00:00,0.0520200,0.0523200,0.0501600,0.0514000,39237086,1753055999999,2025-07-20 23:59:59,2016917.2667500,20389,16783765,863552.9934200
1753056000000,2025-07-21 00:00:00,0.0514200,0.0554200,0.0505000,0.0553600,63495475,1753070399999,2025-07-21 03:59:59,3362765.4753700,30503,33606290,1782385.9323100
1753070400000,2025-07-21 04:00:00,0.0553400,0.0556300,0.0524700,0.0527600,56340721,1753084799999,2025-07-21 07:59:59,3042480.3585000,26862,23242283,1256655.0612200
1753084800000,2025-07-21 08:00:00,0.0527700,0.0538000,0.0521300,0.0531700,40376243,1753099199999,2025-07-21 11:59:59,2139310.7678200,20113,18088090,959593.3930800
1753099200000,2025-07-21 12:00:00,0.0531800,0.0542000,0.0526600,0.0527400,40751204,1753113599999,2025-07-21 15:59:59,2175517.1118000,19649,18334733,979627.3655300
1753113600000,2025-07-21 16:00:00,0.0527500,0.0529300,0.0507800,0.0515900,44375221,1753127999999,2025-07-21 19:59:59,2298643.6288000,20956,20514216,1063081.7488200
1753128000000,2025-07-21 20:00:00,0.0516000,0.0528900,0.0512300,0.0525300,24261314,1753142399999,2025-07-21 23:59:59,1260563.1811200,13065,11464101,596693.5447500
1753142400000,2025-07-22 00:00:00,0.0525300,0.0527900,0.0497000,0.0502200,41525403,1753156799999,2025-07-22 03:59:59,2129774.4323300,20459,18060741,926283.6282600
1753156800000,2025-07-22 04:00:00,0.0502100,0.0507300,0.0490000,0.0500800,36404654,1753171199999,2025-07-22 07:59:59,1812430.3582200,17660,17639516,878554.3167700
1753171200000,2025-07-22 08:00:00,0.0500700,0.0506000,0.0483000,0.0503000,40507345,1753185599999,2025-07-22 11:59:59,2003890.5304500,17016,19207952,951338.4300700
1753185600000,2025-07-22 12:00:00,0.0503000,0.0514900,0.0489800,0.0505300,42646373,1753199999999,2025-07-22 15:59:59,2141891.4884600,17106,20539532,1032357.7127900
1753200000000,2025-07-22 16:00:00,0.0505300,0.0518800,0.0500200,0.0504200,46397844,1753214399999,2025-07-22 19:59:59,2359361.6858000,18994,23527972,1196539.4273000
1753214400000,2025-07-22 20:00:00,0.0504000,0.0527000,0.0503200,0.0526400,18900887,1753228799999,2025-07-22 23:59:59,979367.7292300,11944,10274024,531797.1260800
1753228800000,2025-07-23 00:00:00,0.0526500,0.0527000,0.0504000,0.0507700,38337624,1753243199999,2025-07-23 03:59:59,1975253.2724600,16472,16243410,836922.2077100
1753243200000,2025-07-23 04:00:00,0.0507500,0.0516700,0.0501700,0.0504900,30330919,1753257599999,2025-07-23 07:59:59,1544425.2530000,17566,14770812,752658.7008400
1753257600000,2025-07-23 08:00:00,0.0505000,0.0513000,0.0492700,0.0499300,36234662,1753271999999,2025-07-23 11:59:59,1809887.5046500,15950,16969667,847480.2847000
1753272000000,2025-07-23 12:00:00,0.0499100,0.0503300,0.0475000,0.0484000,62886562,1753286399999,2025-07-23 15:59:59,3055954.6831700,29925,29332122,1426570.6892600
1753286400000,2025-07-23 16:00:00,0.0484100,0.0484600,0.0460600,0.0471500,55344959,1753300799999,2025-07-23 19:59:59,2601657.9060300,27194,24949966,1173109.8199900
1753300800000,2025-07-23 20:00:00,0.0471100,0.0474300,0.0444000,0.0461600,56665377,1753315199999,2025-07-23 23:59:59,2609786.7337400,24705,26529063,1222473.2973000
1753315200000,2025-07-24 00:00:00,0.0461600,0.0469500,0.0458100,0.0461000,22201447,1753329599999,2025-07-24 03:59:59,1030220.8585400,13697,11505099,533945.9048600
1753329600000,2025-07-24 04:00:00,0.0461100,0.0463300,0.0420200,0.0441600,63008151,1753343999999,2025-07-24 07:59:59,2767002.2036900,36530,30764878,1351610.0396800
1753344000000,2025-07-24 08:00:00,0.0441800,0.0455400,0.0437400,0.0453300,29193207,1753358399999,2025-07-24 11:59:59,1305459.9789400,25826,14111967,631674.6555500
1753358400000,2025-07-24 12:00:00,0.0453300,0.0464000,0.0443200,0.0455800,33479733,1753372799999,2025-07-24 15:59:59,1519875.5917300,24273,16556654,751855.0117500
1753372800000,2025-07-24 16:00:00,0.0455700,0.0457900,0.0441800,0.0451000,23843263,1753387199999,2025-07-24 19:59:59,1077167.4713400,21350,11770768,532114.5032900
1753387200000,2025-07-24 20:00:00,0.0451100,0.0458900,0.0445400,0.0447900,20843769,1753401599999,2025-07-24 23:59:59,941863.2092100,24431,10350133,467870.4819600
1753401600000,2025-07-25 00:00:00,0.0448000,0.0448800,0.0431300,0.0437200,30317625,1753415999999,2025-07-25 03:59:59,1336801.0844400,28231,14642162,645773.8671800
1753416000000,2025-07-25 04:00:00,0.0436800,0.0449600,0.0431000,0.0444600,29447416,1753430399999,2025-07-25 07:59:59,1301147.2525600,28351,16119592,712475.5427700
1753430400000,2025-07-25 08:00:00,0.0444300,0.0460200,0.0443700,0.0458900,59425586,1753444799999,2025-07-25 11:59:59,2700071.5205000,31491,31429848,1427818.0060500
1753444800000,2025-07-25 12:00:00,0.0459100,0.0462400,0.0439100,0.0447100,43274344,1753459199999,2025-07-25 15:59:59,1958548.9998900,27162,20084329,909123.7815300
1753459200000,2025-07-25 16:00:00,0.0446900,0.0458000,0.0445800,0.0454800,22742078,1753473599999,2025-07-25 19:59:59,1027985.9199800,23978,10987887,496923.7907200
1753473600000,2025-07-25 20:00:00,0.0454600,0.0466900,0.0453700,0.0465000,18376904,1753487999999,2025-07-25 23:59:59,849643.3047300,16597,9458455,437560.7973000
1753488000000,2025-07-26 00:00:00,0.0465000,0.0470800,0.0462700,0.0468300,15836065,1753502399999,2025-07-26 03:59:59,739290.9011700,12230,8192085,382586.7941700
1753502400000,2025-07-26 04:00:00,0.0468200,0.0468900,0.0463100,0.0465800,14792129,1753516799999,2025-07-26 07:59:59,689735.8025200,8139,6115448,285301.4084800
1753516800000,2025-07-26 08:00:00,0.0465800,0.0469200,0.0464400,0.0466600,17274896,1753531199999,2025-07-26 11:59:59,806516.2942800,8760,9840718,459385.5398600
1753531200000,2025-07-26 12:00:00,0.0466700,0.0470200,0.0462200,0.0466600,12630204,1753545599999,2025-07-26 15:59:59,589083.5230700,8576,5442080,253997.3795700
1753545600000,2025-07-26 16:00:00,0.0467100,0.0472500,0.0462500,0.0471500,14142315,1753559999999,2025-07-26 19:59:59,661623.6245300,9094,7064876,330684.8638700
1753560000000,2025-07-26 20:00:00,0.0471500,0.0472300,0.0464100,0.0465300,11088497,1753574399999,2025-07-26 23:59:59,518921.2141300,7228,5028520,235377.2376700
1753574400000,2025-07-27 00:00:00,0.0465100,0.0473300,0.0463500,0.0470100,13004182,1753588799999,2025-07-27 03:59:59,609887.0277300,7811,7664635,359358.3968300
1753588800000,2025-07-27 04:00:00,0.0470300,0.0502400,0.0469800,0.0499100,70524677,1753603199999,2025-07-27 07:59:59,3437434.0502200,27851,39675401,1932607.3406000
1753603200000,2025-07-27 08:00:00,0.0499300,0.0513200,0.0484400,0.0492700,192292832,1753617599999,2025-07-27 11:59:59,9641246.3643300,75339,91985145,4613645.0579700
1753617600000,2025-07-27 12:00:00,0.0492700,0.0517800,0.0490400,0.0513900,117842052,1753631999999,2025-07-27 15:59:59,5960098.9674800,50646,57818118,2922782.6735100
1753632000000,2025-07-27 16:00:00,0.0513800,0.0563900,0.0507400,0.0524000,292724124,1753646399999,2025-07-27 19:59:59,15648255.1338400,131271,141016053,7539534.3583000
1753646400000,2025-07-27 20:00:00,0.0523900,0.0539800,0.0518300,0.0533200,56029877,1753660799999,2025-07-27 23:59:59,2969040.5446800,33287,27020399,1432716.8210500
1753660800000,2025-07-28 00:00:00,0.0533200,0.0739500,0.0529900,0.0583500,1047011529,1753675199999,2025-07-28 03:59:59,65849564.0220300,419471,508946130,32005665.6599900
1753675200000,2025-07-28 04:00:00,0.0583500,0.0598300,0.0542300,0.0553700,281161285,1753689599999,2025-07-28 07:59:59,16047980.7438600,118825,129258321,7380832.7567500
1753689600000,2025-07-28 08:00:00,0.0553700,0.0564500,0.0533600,0.0536400,159096522,1753703999999,2025-07-28 11:59:59,8752283.5284800,68865,74138274,4082475.8391500
1753704000000,2025-07-28 12:00:00,0.0536400,0.0539100,0.0495500,0.0498700,208491106,1753718399999,2025-07-28 15:59:59,10724595.2692500,98672,93249916,4795927.9328400
1753718400000,2025-07-28 16:00:00,0.0498500,0.0507000,0.0492300,0.0496600,84657782,1753732799999,2025-07-28 19:59:59,4235871.4746400,44831,41232901,2064566.9616200
1753732800000,2025-07-28 20:00:00,0.0496600,0.0497800,0.0480300,0.0484300,58265763,1753747199999,2025-07-28 23:59:59,2848417.1480000,36589,26866202,1313716.4671500
1753747200000,2025-07-29 00:00:00,0.0484200,0.0488200,0.0469100,0.0480200,89997709,1753761599999,2025-07-29 03:59:59,4307557.4774000,52000,42331303,2027734.8575900
1753761600000,2025-07-29 04:00:00,0.0480200,0.0495400,0.0473800,0.0492900,73229549,1753775999999,2025-07-29 07:59:59,3561755.9482500,43520,37825101,1840544.0913700
1753776000000,2025-07-29 08:00:00,0.0493000,0.0506800,0.0484800,0.0490800,89849294,1753790399999,2025-07-29 11:59:59,4449557.4861400,41778,42366282,2100163.5795800
1753790400000,2025-07-29 12:00:00,0.0490700,0.0497000,0.0467500,0.0470800,72014779,1753804799999,2025-07-29 15:59:59,3468041.5567500,43925,33354057,1607970.6585800
1753804800000,2025-07-29 16:00:00,0.0470800,0.0484600,0.0461300,0.0478300,63123996,1753819199999,2025-07-29 19:59:59,2983342.3167500,36228,32982244,1560030.6771900
1753819200000,2025-07-29 20:00:00,0.0478700,0.0530000,0.0473200,0.0500600,130375293,1753833599999,2025-07-29 23:59:59,6566360.8260700,68783,65723227,3306925.3095500
1753833600000,2025-07-30 00:00:00,0.0500700,0.0526600,0.0493300,0.0509200,133832329,1753847999999,2025-07-30 03:59:59,6818764.0883500,74310,65493729,3338278.5017200
1753848000000,2025-07-30 04:00:00,0.0509000,0.0528600,0.0501900,0.0518700,103850615,1753862399999,2025-07-30 07:59:59,5323101.9370300,58134,51288946,2631444.5676200
1753862400000,2025-07-30 08:00:00,0.0518400,0.0522500,0.0482300,0.0485500,110002055,1753876799999,2025-07-30 11:59:59,5521747.5022900,59867,48480025,2437282.2811000
1753876800000,2025-07-30 12:00:00,0.0485800,0.0498000,0.0474300,0.0487300,78931318,1753891199999,2025-07-30 15:59:59,3822078.0716500,46508,37324469,1808922.5524400
1753891200000,2025-07-30 16:00:00,0.0487300,0.0508100,0.0466100,0.0492000,127501641,1753905599999,2025-07-30 19:59:59,6217518.1929900,61531,61211048,2988680.3858700
1753905600000,2025-07-30 20:00:00,0.0491900,0.0506700,0.0487100,0.0506600,44641229,1753919999999,2025-07-30 23:59:59,2204708.4711700,29289,22994894,1136438.6078900
1753920000000,2025-07-31 00:00:00,0.0506600,0.0519500,0.0504900,0.0515000,48991876,1753934399999,2025-07-31 03:59:59,2508726.4136200,33356,24170233,1238498.0689100
1753934400000,2025-07-31 04:00:00,0.0514900,0.0519600,0.0502800,0.0503300,41549536,1753948799999,2025-07-31 07:59:59,2118624.4078000,25160,18526715,945367.7766000
1753948800000,2025-07-31 08:00:00,0.0503200,0.0510300,0.0500500,0.0506700,32349229,1753963199999,2025-07-31 11:59:59,1633215.0428200,21460,16315473,824360.2775600
1753963200000,2025-07-31 12:00:00,0.0506600,0.0507800,0.0482000,0.0489200,53603823,1753977599999,2025-07-31 15:59:59,2634238.2840600,32049,24412757,1198939.4338900
1753977600000,2025-07-31 16:00:00,0.0489200,0.0501100,0.0485500,0.0487300,40739300,1753991999999,2025-07-31 19:59:59,2009417.3853000,28046,19775344,975715.8755800
1753992000000,2025-07-31 20:00:00,0.0487300,0.0487900,0.0463500,0.0465000,51471424,1754006399999,2025-07-31 23:59:59,2450146.1232700,30982,24085456,1147871.0242800
1754006400000,2025-08-01 00:00:00,0.0464800,0.0467200,0.0446900,0.0464200,64651125,1754020799999,2025-08-01 03:59:59,2964316.3078100,35975,30347115,1392997.0905300
1754020800000,2025-08-01 04:00:00,0.0464300,0.0468800,0.0455600,0.0458400,33936519,1754035199999,2025-08-01 07:59:59,1568319.8024400,22641,15628835,722594.1820300
1754035200000,2025-08-01 08:00:00,0.0458500,0.0460200,0.0448700,0.0458600,37718071,1754049599999,2025-08-01 11:59:59,1717230.3926900,23646,18162014,827282.2519500
1754049600000,2025-08-01 12:00:00,0.0458600,0.0468500,0.0447600,0.0464600,50680066,1754063999999,2025-08-01 15:59:59,2334429.2007000,30964,24697289,1137570.5149100
1754064000000,2025-08-01 16:00:00,0.0464500,0.0482800,0.0451100,0.0481700,67642320,1754078399999,2025-08-01 19:59:59,3129391.0791500,35421,35268748,1634023.4870000
1754078400000,2025-08-01 20:00:00,0.0481700,0.0490000,0.0447800,0.0465100,96257074,1754092799999,2025-08-01 23:59:59,4524290.6810900,44874,43814820,2058784.7279300
1754092800000,2025-08-02 00:00:00,0.0464900,0.0472600,0.0461000,0.0462400,23061819,1754107199999,2025-08-02 03:59:59,1073726.2664700,17978,9675721,450726.5494400
1754107200000,2025-08-02 04:00:00,0.0462400,0.0469400,0.0443800,0.0456800,35572250,1754121599999,2025-08-02 07:59:59,1617988.4740800,19844,17337488,788429.3359300
1754121600000,2025-08-02 08:00:00,0.0456800,0.0456800,0.0439700,0.0449300,53377524,1754135999999,2025-08-02 11:59:59,2389986.2392300,26929,26601275,1190643.6225500
1754136000000,2025-08-02 12:00:00,0.0449300,0.0453200,0.0436100,0.0438500,39756941,1754150399999,2025-08-02 15:59:59,1769817.9681300,23248,17837751,794839.9890400
1754150400000,2025-08-02 16:00:00,0.0438500,0.0444400,0.0423100,0.0432000,63625753,1754164799999,2025-08-02 19:59:59,2756331.4346800,31536,30015287,1300689.3469600
1754164800000,2025-08-02 20:00:00,0.0432200,0.0442300,0.0427900,0.0434200,37419716,1754179199999,2025-08-02 23:59:59,1627962.7716000,19638,16150802,703077.4322500
1754179200000,2025-08-03 00:00:00,0.0434200,0.0442400,0.0427500,0.0441000,24558944,1754193599999,2025-08-03 03:59:59,1074312.5093900,15889,12193350,533528.5090600
1754193600000,2025-08-03 04:00:00,0.0440800,0.0442900,0.0437600,0.0442300,14649524,1754207999999,2025-08-03 07:59:59,645586.0083600,10036,7034642,310192.0524200
1754208000000,2025-08-03 08:00:00,0.0442400,0.0453300,0.0441300,0.0447900,31064474,1754222399999,2025-08-03 11:59:59,1389093.9839500,14520,15855479,708613.2484300
1754222400000,2025-08-03 12:00:00,0.0448100,0.0449600,0.0444300,0.0447300,20400642,1754236799999,2025-08-03 15:59:59,912120.2524700,12078,8525117,381250.7461300
1754236800000,2025-08-03 16:00:00,0.0447200,0.0452600,0.0444300,0.0448500,14715043,1754251199999,2025-08-03 19:59:59,659031.3622700,9825,7424917,332674.2095600
1754251200000,2025-08-03 20:00:00,0.0448600,0.0452700,0.0444900,0.0446400,23131984,1754265599999,2025-08-03 23:59:59,1036114.5986900,12946,9345954,418867.1695500
1754265600000,2025-08-04 00:00:00,0.0446300,0.0455500,0.0445000,0.0450700,23788653,1754279999999,2025-08-04 03:59:59,1070688.6653900,15745,12504051,562858.3169400
1754280000000,2025-08-04 04:00:00,0.0450800,0.0455700,0.0446300,0.0455600,43292094,1754294399999,2025-08-04 07:59:59,1947108.3577100,15630,22424827,1009029.5486100
1754294400000,2025-08-04 08:00:00,0.0455700,0.0458100,0.0447300,0.0450300,25176231,1754308799999,2025-08-04 11:59:59,1142251.7366100,14827,11863131,538770.1982600
1754308800000,2025-08-04 12:00:00,0.0450400,0.0464300,0.0448300,0.0459800,34242005,1754323199999,2025-08-04 15:59:59,1565741.5351400,17934,16099163,736726.8087600
1754323200000,2025-08-04 16:00:00,0.0459700,0.0470000,0.0458900,0.0459800,23187696,1754337599999,2025-08-04 19:59:59,1075756.2970500,13202,11195172,519230.9132900
1754337600000,2025-08-04 20:00:00,0.0459900,0.0474600,0.0459900,0.0472300,23872587,1754351999999,2025-08-04 23:59:59,1117083.0795400,13494,12466699,583658.4506700
1754352000000,2025-08-05 00:00:00,0.0472400,0.0475600,0.0459200,0.0460100,23151986,1754366399999,2025-08-05 03:59:59,1083431.3685700,13058,9634315,451158.4271700
1754366400000,2025-08-05 04:00:00,0.0460000,0.0466500,0.0449500,0.0450300,27609494,1754380799999,2025-08-05 07:59:59,1267254.0826100,15674,12732800,585074.3386600
1754380800000,2025-08-05 08:00:00,0.0450200,0.0469400,0.0449000,0.0467000,32655972,1754395199999,2025-08-05 11:59:59,1501855.4843200,14640,16810661,773357.1920200
1754395200000,2025-08-05 12:00:00,0.0467000,0.0468700,0.0433200,0.0435200,67932568,1754409599999,2025-08-05 15:59:59,3067803.0609000,29631,30698992,1386359.5951500
1754409600000,2025-08-05 16:00:00,0.0435100,0.0439800,0.0431400,0.0433000,26495683,1754423999999,2025-08-05 19:59:59,1154667.0698100,18281,12885912,561599.8758700
1754424000000,2025-08-05 20:00:00,0.0433000,0.0438000,0.0424600,0.0436200,32024078,1754438399999,2025-08-05 23:59:59,1385845.8985300,16967,15117699,654604.7459000
1754438400000,2025-08-06 00:00:00,0.0436200,0.0437500,0.0425200,0.0426900,16135080,1754452799999,2025-08-06 03:59:59,694553.9870000,12821,8248317,355155.0277300
1754452800000,2025-08-06 04:00:00,0.0426800,0.0442500,0.0422700,0.0442400,24987556,1754467199999,2025-08-06 07:59:59,1079688.0630500,15055,12433966,537343.6972000
1754467200000,2025-08-06 08:00:00,0.0442400,0.0445000,0.0432500,0.0433800,33730965,1754481599999,2025-08-06 11:59:59,1476400.5151300,17927,14253407,624512.3895100
1754481600000,2025-08-06 12:00:00,0.0433800,0.0449000,0.0429400,0.0448100,33424014,1754495999999,2025-08-06 15:59:59,1458759.0236400,20291,17779808,776499.9172100
1754496000000,2025-08-06 16:00:00,0.0448300,0.0452600,0.0444300,0.0449000,22127880,1754510399999,2025-08-06 19:59:59,992364.4994000,13488,10607281,475745.5696900
1754510400000,2025-08-06 20:00:00,0.0449000,0.0450600,0.0445800,0.0446500,10429987,1754524799999,2025-08-06 23:59:59,467706.5022500,7694,3843001,172384.6545100
1754524800000,2025-08-07 00:00:00,0.0446500,0.0452200,0.0442900,0.0443500,13779913,1754539199999,2025-08-07 03:59:59,616326.1653700,9541,6459061,289088.4290800
1754539200000,2025-08-07 04:00:00,0.0443300,0.0465700,0.0442700,0.0463200,42960121,1754553599999,2025-08-07 07:59:59,1956227.6258900,18965,24320771,1107571.7568900
1754553600000,2025-08-07 08:00:00,0.0463100,0.0514900,0.0460300,0.0477500,307559207,1754567999999,2025-08-07 11:59:59,14851392.1307900,100826,157012342,7581481.2409100
1754568000000,2025-08-07 12:00:00,0.0477700,0.0495900,0.0474800,0.0476100,97145800,1754582399999,2025-08-07 15:59:59,4681941.0553200,37409,45057649,2173250.2891200
1754582400000,2025-08-07 16:00:00,0.0476100,0.0496400,0.0464100,0.0492700,129604553,1754596799999,2025-08-07 19:59:59,6244977.2517800,42230,65571809,3159742.1419700
1754596800000,2025-08-07 20:00:00,0.0492800,0.0521700,0.0492000,0.0505800,172517431,1754611199999,2025-08-07 23:59:59,8744770.5030300,63532,84262020,4271124.9955800
1754611200000,2025-08-08 00:00:00,0.0505900,0.0507600,0.0494000,0.0507300,72120653,1754625599999,2025-08-08 03:59:59,3615609.2533700,37348,34920245,1751934.2614400
1754625600000,2025-08-08 04:00:00,0.0507500,0.0513000,0.0491600,0.0497300,57480512,1754639999999,2025-08-08 07:59:59,2877992.7262500,28227,27486909,1376766.7830800
1754640000000,2025-08-08 08:00:00,0.0497300,0.0504200,0.0491400,0.0500300,42396693,1754654399999,2025-08-08 11:59:59,2112356.6190200,21005,21002970,1046704.7338800
1754654400000,2025-08-08 12:00:00,0.0500600,0.0503400,0.0484300,0.0493100,69898978,1754668799999,2025-08-08 15:59:59,3460059.9101600,31001,30872952,1527969.4796200
1754668800000,2025-08-08 16:00:00,0.0493400,0.0504800,0.0492400,0.0502600,38231512,1754683199999,2025-08-08 19:59:59,1914296.5161300,21237,19185103,960819.8098400
1754683200000,2025-08-08 20:00:00,0.0502400,0.0513900,0.0501100,0.0507200,58652540,1754697599999,2025-08-08 23:59:59,2984285.7360300,24179,28987663,1475332.6710100
1754697600000,2025-08-09 00:00:00,0.0507100,0.0514800,0.0504500,0.0505500,25207069,1754711999999,2025-08-09 03:59:59,1282022.6104800,17250,11578527,589193.8952400
1754712000000,2025-08-09 04:00:00,0.0505400,0.0529300,0.0504100,0.0526100,56998039,1754726399999,2025-08-09 07:59:59,2955857.0621000,27142,30239120,1569616.4889400
1754726400000,2025-08-09 08:00:00,0.0526300,0.0533900,0.0523700,0.0528900,55076768,1754740799999,2025-08-09 11:59:59,2915422.0953600,25217,28396872,1503472.2478100
1754740800000,2025-08-09 12:00:00,0.0529200,0.0542200,0.0526500,0.0535600,90123015,1754755199999,2025-08-09 15:59:59,4831062.9628900,38776,44986020,2411775.9065200
1754755200000,2025-08-09 16:00:00,0.0535400,0.0559500,0.0533100,0.0549500,97280099,1754769599999,2025-08-09 19:59:59,5302161.8137300,41330,48105180,2621194.7895100
1754769600000,2025-08-09 20:00:00,0.0549400,0.0592300,0.0545100,0.0564500,154456293,1754783999999,2025-08-09 23:59:59,8805064.8453400,71147,72855499,4153250.7662400
1754784000000,2025-08-10 00:00:00,0.0564100,0.0599100,0.0557000,0.0587500,111625925,1754798399999,2025-08-10 03:59:59,6432692.2526800,55239,55568862,3202163.3224400
1754798400000,2025-08-10 04:00:00,0.0587400,0.0588200,0.0543500,0.0547100,133998006,1754812799999,2025-08-10 07:59:59,7568283.7082700,60749,63452822,3588120.8952000
1754812800000,2025-08-10 08:00:00,0.0547000,0.0586300,0.0535900,0.0567800,201238725,1754827199999,2025-08-10 11:59:59,11305650.9083600,80311,102045572,5738723.5824400
1754827200000,2025-08-10 12:00:00,0.0567800,0.0576300,0.0560000,0.0562500,86150306,1754841599999,2025-08-10 15:59:59,4889137.2598700,42347,38245586,2171506.9382600
1754841600000,2025-08-10 16:00:00,0.0562300,0.0601200,0.0559300,0.0584200,149609603,1754855999999,2025-08-10 19:59:59,8706811.7337200,63896,77608343,4518103.7226800
1754856000000,2025-08-10 20:00:00,0.0584100,0.0619400,0.0572800,0.0596100,157764044,1754870399999,2025-08-10 23:59:59,9402477.1003400,84276,76369159,4550541.1015900
1754870400000,2025-08-11 00:00:00,0.0596400,0.0598900,0.0581300,0.0589300,78218522,1754884799999,2025-08-11 03:59:59,4608880.3877400,46285,36783031,2168166.1135600
1754884800000,2025-08-11 04:00:00,0.0589100,0.0592400,0.0564200,0.0566200,72970664,1754899199999,2025-08-11 07:59:59,4228194.5073700,39418,32116912,1863510.0565800
1754899200000,2025-08-11 08:00:00,0.0566200,0.0576500,0.0543400,0.0545700,102917820,1754913599999,2025-08-11 11:59:59,5773712.4856700,44680,43568326,2450525.0409100
1754913600000,2025-08-11 12:00:00,0.0545500,0.0557800,0.0537400,0.0552800,74466179,1754927999999,2025-08-11 15:59:59,4075805.3244700,35023,36077044,1976648.1333200
1754928000000,2025-08-11 16:00:00,0.0552900,0.0563600,0.0543900,0.0548900,45574785,1754942399999,2025-08-11 19:59:59,2518888.7021100,26050,21216799,1173323.1699000
1754942400000,2025-08-11 20:00:00,0.0548800,0.0552100,0.0520400,0.0535900,60518006,1754956799999,2025-08-11 23:59:59,3237174.8779500,27888,25853814,1383680.9537900
1754956800000,2025-08-12 00:00:00,0.0536200,0.0544700,0.0530800,0.0532100,26500408,1754971199999,2025-08-12 03:59:59,1426361.1178000,17494,12733772,686078.1095700
1754971200000,2025-08-12 04:00:00,0.0531800,0.0554100,0.0522700,0.0554000,51845714,1754985599999,2025-08-12 07:59:59,2796842.8814300,28376,27284116,1474494.5815000
1754985600000,2025-08-12 08:00:00,0.0553800,0.0639600,0.0548800,0.0626500,491435046,1754999999999,2025-08-12 11:59:59,29102463.3490100,220998,248092843,14697652.0059500
1755000000000,2025-08-12 12:00:00,0.0626300,0.0656000,0.0590400,0.0601300,580923383,1755014399999,2025-08-12 15:59:59,35766863.1993700,291283,284276467,17515914.3512900
1755014400000,2025-08-12 16:00:00,0.0601300,0.0615800,0.0577900,0.0605400,184556884,1755028799999,2025-08-12 19:59:59,11078177.8358400,90203,90432621,5433734.8036000
1755028800000,2025-08-12 20:00:00,0.0605500,0.0614900,0.0596000,0.0608400,70744789,1755043199999,2025-08-12 23:59:59,4295546.1487800,44196,30851072,1874057.0117700
1755043200000,2025-08-13 00:00:00,0.0608400,0.0633300,0.0592400,0.0600200,167129121,1755057599999,2025-08-13 03:59:59,10256758.8416800,87102,79144652,4857533.3745300
1755057600000,2025-08-13 04:00:00,0.0600300,0.0614000,0.0590600,0.0605400,69894408,1755071999999,2025-08-13 07:59:59,4208647.6440900,46072,33284749,2005342.4698600
1755072000000,2025-08-13 08:00:00,0.0605600,0.0664500,0.0595900,0.0641300,240103446,1755086399999,2025-08-13 11:59:59,15274597.5738800,114620,119783160,7619238.1833600
1755086400000,2025-08-13 12:00:00,0.0640600,0.0672900,0.0624300,0.0638200,216994367,1755100799999,2025-08-13 15:59:59,13999266.5377000,116777,99712255,6436701.2190000
1755100800000,2025-08-13 16:00:00,0.0638400,0.0647400,0.0621000,0.0644600,71498213,1755115199999,2025-08-13 19:59:59,4529952.6785300,47084,34517375,2188026.8923600
1755115200000,2025-08-13 20:00:00,0.0644400,0.0649200,0.0628100,0.0628600,60488895,1755129599999,2025-08-13 23:59:59,3856383.9625500,42262,27070748,1726153.2382600
1755129600000,2025-08-14 00:00:00,0.0628700,0.0635700,0.0619900,0.0631900,53569917,1755143999999,2025-08-14 03:59:59,3359192.9844800,38759,24206180,1519414.9869700
1755144000000,2025-08-14 04:00:00,0.0631800,0.0631800,0.0602600,0.0608800,67561345,1755158399999,2025-08-14 07:59:59,4157486.9260800,38453,28389536,1747546.8632400
1755158400000,2025-08-14 08:00:00,0.0608700,0.0608800,0.0590000,0.0597400,76707444,1755172799999,2025-08-14 11:59:59,4596089.1941100,38312,32614130,1956518.8675900
1755172800000,2025-08-14 12:00:00,0.0597500,0.0601000,0.0515000,0.0566000,184189137,1755187199999,2025-08-14 15:59:59,10389646.4735000,94907,81762892,4612244.1681300
1755187200000,2025-08-14 16:00:00,0.0565900,0.0566000,0.0539500,0.0548300,76251467,1755201599999,2025-08-14 19:59:59,4215419.8007900,45123,34864430,1928550.2491300
1755201600000,2025-08-14 20:00:00,0.0548000,0.0548100,0.0528700,0.0540300,46806444,1755215999999,2025-08-14 23:59:59,2533004.3859400,30761,21714232,1176204.0007600
1755216000000,2025-08-15 00:00:00,0.0540200,0.0550500,0.0536400,0.0546100,33154215,1755230399999,2025-08-15 03:59:59,1801072.4623800,25760,18224583,990556.7613700
1755230400000,2025-08-15 04:00:00,0.0546300,0.0555700,0.0541100,0.0549900,33915488,1755244799999,2025-08-15 07:59:59,1860106.4349500,24908,17814676,976979.7079200
1755244800000,2025-08-15 08:00:00,0.0549700,0.0552600,0.0533700,0.0536300,51665828,1755259199999,2025-08-15 11:59:59,2792951.6000300,29703,23767116,1285097.4650900
1755259200000,2025-08-15 12:00:00,0.0536500,0.0546400,0.0512500,0.0517900,81733534,1755273599999,2025-08-15 15:59:59,4334580.3247600,51257,34986415,1858878.2007400
1755273600000,2025-08-15 16:00:00,0.0517800,0.0521700,0.0509200,0.0513700,48404392,1755287999999,2025-08-15 19:59:59,2492675.7856400,28069,21149262,1090100.3497400
1755288000000,2025-08-15 20:00:00,0.0513700,0.0523600,0.0510900,0.0519700,32664549,1755302399999,2025-08-15 23:59:59,1687034.0120800,20110,16824108,869366.1248000
1755302400000,2025-08-16 00:00:00,0.0519600,0.0527300,0.0516100,0.0516700,26481661,1755316799999,2025-08-16 03:59:59,1381462.0455300,19139,12257758,639935.7988700
1755316800000,2025-08-16 04:00:00,0.0516900,0.0522500,0.0515100,0.0519800,23993543,1755331199999,2025-08-16 07:59:59,1244986.3116300,14764,12150435,630756.9602100
1755331200000,2025-08-16 08:00:00,0.0519800,0.0522500,0.0511100,0.0515000,27936609,1755345599999,2025-08-16 11:59:59,1444995.1911400,19832,13794618,713610.4522700
1755345600000,2025-08-16 12:00:00,0.0515000,0.0541500,0.0514000,0.0533600,58333893,1755359999999,2025-08-16 15:59:59,3086315.9443600,31311,30757328,1628150.2570700
1755360000000,2025-08-16 16:00:00,0.0533600,0.0593600,0.0524600,0.0577100,317358315,1755374399999,2025-08-16 19:59:59,17886290.2953900,128565,157935741,8889827.8429300
1755374400000,2025-08-16 20:00:00,0.0577200,0.0589500,0.0565500,0.0579500,87297543,1755388799999,2025-08-16 23:59:59,5025198.0702700,58242,43755103,2520512.6179700
1755388800000,2025-08-17 00:00:00,0.0580000,0.0626500,0.0565200,0.0615400,190807751,1755403199999,2025-08-17 03:59:59,11439804.2214500,107461,94842110,5686319.1461600
1755403200000,2025-08-17 04:00:00,0.0615600,0.0616800,0.0565800,0.0570500,172396856,1755417599999,2025-08-17 07:59:59,10109155.2381300,95339,79083481,4638737.4595900
1755417600000,2025-08-17 08:00:00,0.0570400,0.0577800,0.0564900,0.0572600,70716286,1755431999999,2025-08-17 11:59:59,4040688.8307100,38866,33375362,1907996.6428800
1755432000000,2025-08-17 12:00:00,0.0572700,0.0599400,0.0569300,0.0583700,117070982,1755446399999,2025-08-17 15:59:59,6810088.4164300,67876,55386518,3221581.4729900
1755446400000,2025-08-17 16:00:00,0.0583700,0.0585200,0.0571200,0.0576600,70027306,1755460799999,2025-08-17 19:59:59,4051168.7607000,42837,31268596,1809917.0256000
1755460800000,2025-08-17 20:00:00,0.0576600,0.0584000,0.0567700,0.0574900,43971051,1755475199999,2025-08-17 23:59:59,2532568.2654500,32249,19673544,1133558.3509700
1755475200000,2025-08-18 00:00:00,0.0574900,0.0577800,0.0537200,0.0544700,83986500,1755489599999,2025-08-18 03:59:59,4660094.5614000,54967,31282111,1735526.6143400
1755489600000,2025-08-18 04:00:00,0.0544600,0.0552400,0.0530500,0.0544700,59387041,1755503999999,2025-08-18 07:59:59,3222083.0865800,41523,29216167,1585752.8144900
1755504000000,2025-08-18 08:00:00,0.0544900,0.0576400,0.0540700,0.0569800,100162974,1755518399999,2025-08-18 11:59:59,5587725.4968500,63391,48532745,2708652.7279200
1755518400000,2025-08-18 12:00:00,0.0569500,0.0577500,0.0556500,0.0566000,103495469,1755532799999,2025-08-18 15:59:59,5873453.8258500,56706,47691068,2708142.5188700
1755532800000,2025-08-18 16:00:00,0.0566200,0.0569600,0.0555500,0.0558400,40257559,1755547199999,2025-08-18 19:59:59,2259932.2690600,30669,18854555,1058666.5389300
1755547200000,2025-08-18 20:00:00,0.0558600,0.0569200,0.0553600,0.0564100,36397930,1755561599999,2025-08-18 23:59:59,2044544.7139200,25506,17178607,965719.8967600
1755561600000,2025-08-19 00:00:00,0.0564200,0.0575000,0.0546200,0.0548100,50344657,1755575999999,2025-08-19 03:59:59,2810118.9641500,36547,22466675,1254272.4179300
1755576000000,2025-08-19 04:00:00,0.0547900,0.0552600,0.0536600,0.0544300,41843271,1755590399999,2025-08-19 07:59:59,2278592.8578500,34113,19048391,1037498.7480400
1755590400000,2025-08-19 08:00:00,0.0544200,0.0562800,0.0538500,0.0561800,57329612,1755604799999,2025-08-19 11:59:59,3164773.1088500,37881,28297816,1562710.4694700
1755604800000,2025-08-19 12:00:00,0.0561700,0.0592600,0.0554300,0.0567700,183964070,1755619199999,2025-08-19 15:59:59,10536875.3751200,87391,91602091,5248407.5966300
1755619200000,2025-08-19 16:00:00,0.0567500,0.0572900,0.0543200,0.0553000,72912203,1755633599999,2025-08-19 19:59:59,4063328.9066200,46500,33438012,1863798.5950900
1755633600000,2025-08-19 20:00:00,0.0552900,0.0575300,0.0548800,0.0551500,60104705,1755647999999,2025-08-19 23:59:59,3389231.9508500,40658,27008687,1523454.8873900
1755648000000,2025-08-20 00:00:00,0.0551400,0.0567100,0.0544000,0.0565700,52507206,1755662399999,2025-08-20 03:59:59,2918508.7920600,40038,26072199,1449768.3365900
1755662400000,2025-08-20 04:00:00,0.0565600,0.0588000,0.0562700,0.0565800,69709720,1755676799999,2025-08-20 07:59:59,3998903.9863400,44631,32132390,1843798.6181000
1755676800000,2025-08-20 08:00:00,0.0565800,0.0590200,0.0555500,0.0561200,99228174,1755691199999,2025-08-20 11:59:59,5697132.4839800,52128,45983759,2645762.1969000
1755691200000,2025-08-20 12:00:00,0.0561500,0.0571900,0.0544800,0.0561400,87288259,1755705599999,2025-08-20 15:59:59,4882125.4725800,56643,41864751,2342159.0851700
1755705600000,2025-08-20 16:00:00,0.0562200,0.0590000,0.0560400,0.0576600,111559507,1755719999999,2025-08-20 19:59:59,6432237.8733800,58834,53203628,3069588.9644800
1755720000000,2025-08-20 20:00:00,0.0576600,0.0592000,0.0573500,0.0585400,57039036,1755734399999,2025-08-20 23:59:59,3328725.9759300,38896,29028271,1694576.6736900
1755734400000,2025-08-21 00:00:00,0.0585400,0.0596600,0.0573000,0.0577800,62260487,1755748799999,2025-08-21 03:59:59,3637717.9079300,41791,29872428,1745219.4378900
1755748800000,2025-08-21 04:00:00,0.0577900,0.0582000,0.0550900,0.0560600,67406323,1755763199999,2025-08-21 07:59:59,3804764.8508500,36794,31213902,1761425.2144900
1755763200000,2025-08-21 08:00:00,0.0560300,0.0569700,0.0550700,0.0568900,58595517,1755777599999,2025-08-21 11:59:59,3282622.9165000,35832,28822169,1615304.3719500
1755777600000,2025-08-21 12:00:00,0.0569000,0.0576100,0.0543100,0.0544900,126398911,1755791999999,2025-08-21 15:59:59,7045544.7032100,61084,55800969,3111469.1471900
1755792000000,2025-08-21 16:00:00,0.0545000,0.0547100,0.0527900,0.0536900,75758033,1755806399999,2025-08-21 19:59:59,4078890.9608200,40811,36470657,1964907.9982900
1755806400000,2025-08-21 20:00:00,0.0537000,0.0550500,0.0534400,0.0541100,42964365,1755820799999,2025-08-21 23:59:59,2333520.8404700,25183,19029204,1033111.2882900
1755820800000,2025-08-22 00:00:00,0.0541100,0.0551300,0.0535600,0.0539400,32608259,1755835199999,2025-08-22 03:59:59,1770973.7076300,25616,15717299,854257.8907000
1755835200000,2025-08-22 04:00:00,0.0539200,0.0552900,0.0537000,0.0546400,42432868,1755849599999,2025-08-22 07:59:59,2309283.2187000,26879,20395099,1110741.0459500
1755849600000,2025-08-22 08:00:00,0.0546400,0.0550400,0.0529000,0.0538100,83742001,1755863999999,2025-08-22 11:59:59,4511887.9221200,40095,39741668,2140418.4389100
1755864000000,2025-08-22 12:00:00,0.0538000,0.0575600,0.0515000,0.0567400,197438519,1755878399999,2025-08-22 15:59:59,10780183.7761800,93536,87334462,4769292.8897100
1755878400000,2025-08-22 16:00:00,0.0567300,0.0612600,0.0567300,0.0585200,136756797,1755892799999,2025-08-22 19:59:59,8100330.7207200,84145,68728966,4072325.0074400
1755892800000,2025-08-22 20:00:00,0.0585000,0.0591600,0.0580200,0.0581900,52880573,1755907199999,2025-08-22 23:59:59,3100754.4593200,35492,25275812,1483455.6086700
1755907200000,2025-08-23 00:00:00,0.0581800,0.0589100,0.0564300,0.0565300,57700093,1755921599999,2025-08-23 03:59:59,3326670.3193900,41640,27710894,1599028.4701700
1755921600000,2025-08-23 04:00:00,0.0565200,0.0575200,0.0555600,0.0558400,43651103,1755935999999,2025-08-23 07:59:59,2475677.7413800,30007,20536250,1165385.7066200
1755936000000,2025-08-23 08:00:00,0.0558500,0.0565700,0.0553600,0.0556100,48006945,1755950399999,2025-08-23 11:59:59,2688406.6673200,29360,23413631,1312463.9787200
1755950400000,2025-08-23 12:00:00,0.0556100,0.0579700,0.0550700,0.0573700,88035555,1755964799999,2025-08-23 15:59:59,4980334.0198000,49937,46283269,2618186.4464500
1755964800000,2025-08-23 16:00:00,0.0573700,0.0584800,0.0564100,0.0581600,40777336,1755979199999,2025-08-23 19:59:59,2332075.2645000,27488,18570723,1063562.1332700
1755979200000,2025-08-23 20:00:00,0.0581600,0.0607300,0.0577600,0.0597600,115080888,1755993599999,2025-08-23 23:59:59,6847105.4514700,65360,52782074,3138931.6881500
1755993600000,2025-08-24 00:00:00,0.0597800,0.0604700,0.0578400,0.0586800,43981190,1756007999999,2025-08-24 03:59:59,2594089.6457000,34764,19767839,1166027.9509700
1756008000000,2025-08-24 04:00:00,0.0586800,0.0626800,0.0567900,0.0603200,224580532,1756022399999,2025-08-24 07:59:59,13388350.1713900,128333,109405143,6521026.4844200
1756022400000,2025-08-24 08:00:00,0.0603000,0.0612400,0.0576000,0.0593600,169434144,1756036799999,2025-08-24 11:59:59,9976429.9028700,104375,78805789,4641390.1017600
1756036800000,2025-08-24 12:00:00,0.0593700,0.0619100,0.0575800,0.0589800,174651309,1756051199999,2025-08-24 15:59:59,10439226.7139100,90816,80201564,4798115.8021800
1756051200000,2025-08-24 16:00:00,0.0590000,0.0621300,0.0572600,0.0594100,197591497,1756065599999,2025-08-24 19:59:59,11829526.4181300,99942,90942698,5443014.7545400
1756065600000,2025-08-24 20:00:00,0.0593700,0.0604100,0.0579500,0.0601300,106029282,1756079999999,2025-08-24 23:59:59,6289766.1715700,59781,50718952,3011624.1180000
1756080000000,2025-08-25 00:00:00,0.0601200,0.0624700,0.0591900,0.0600500,115269911,1756094399999,2025-08-25 03:59:59,7010199.6288800,76245,54952980,3341597.0240800
1756094400000,2025-08-25 04:00:00,0.0600600,0.0621600,0.0584600,0.0607700,138361747,1756108799999,2025-08-25 07:59:59,8331645.8556600,83516,67091472,4039740.5225300
1756108800000,2025-08-25 08:00:00,0.0607300,0.0651200,0.0589700,0.0598300,320615743,1756123199999,2025-08-25 11:59:59,19967390.4036200,203107,155816649,9719374.3184500
1756123200000,2025-08-25 12:00:00,0.0598500,0.0641800,0.0595000,0.0641600,154900279,1756137599999,2025-08-25 15:59:59,9582578.5172200,111728,76881886,4756537.7272100
1756137600000,2025-08-25 16:00:00,0.0641300,0.0699500,0.0622000,0.0639300,680395351,1756151999999,2025-08-25 19:59:59,44698560.1007000,412217,334222074,21966410.5000400
1756152000000,2025-08-25 20:00:00,0.0639400,0.0660000,0.0620100,0.0656300,274966891,1756166399999,2025-08-25 23:59:59,17690659.3147100,168397,135225067,8702482.0859100
1756166400000,2025-08-26 00:00:00,0.0656100,0.0656700,0.0584700,0.0590500,242490768,1756180799999,2025-08-26 03:59:59,14866845.2032200,138588,109723555,6730239.2721400
1756180800000,2025-08-26 04:00:00,0.0590600,0.0642800,0.0573800,0.0622200,311934559,1756195199999,2025-08-26 07:59:59,19143703.6697600,187269,153175162,9405161.9062200
1756195200000,2025-08-26 08:00:00,0.0621800,0.0632800,0.0602200,0.0625300,119983910,1756209599999,2025-08-26 11:59:59,7357099.9340500,87652,58925462,3613399.1647300
1756209600000,2025-08-26 12:00:00,0.0625300,0.0636300,0.0612100,0.0613600,134714337,1756223999999,2025-08-26 15:59:59,8387974.7045500,94370,61937264,3856488.0229500
1756224000000,2025-08-26 16:00:00,0.0613800,0.0650000,0.0610900,0.0627700,114176331,1756238399999,2025-08-26 19:59:59,7175179.9491000,82805,52955858,3328088.8263100
1756238400000,2025-08-26 20:00:00,0.0627800,0.0643600,0.0626500,0.0628000,67200460,1756252799999,2025-08-26 23:59:59,4262166.7690100,54728,31624075,2005754.5283400
1756252800000,2025-08-27 00:00:00,0.0628100,0.0628300,0.0599900,0.0608200,64138075,1756267199999,2025-08-27 03:59:59,3919947.2127900,48500,29875937,1826178.8048700
1756267200000,2025-08-27 04:00:00,0.0608300,0.0624800,0.0589900,0.0601600,75972180,1756281599999,2025-08-27 07:59:59,4605843.6284000,54568,34747217,2107648.3493100
1756281600000,2025-08-27 08:00:00,0.0601700,0.0608500,0.0584300,0.0588600,68649752,1756295999999,2025-08-27 11:59:59,4081586.5579000,47692,32038212,1905083.1063000
1756296000000,2025-08-27 12:00:00,0.0588600,0.0616700,0.0583200,0.0605800,107033955,1756310399999,2025-08-27 15:59:59,6437528.0365500,72470,51825206,3113680.6381800
1756310400000,2025-08-27 16:00:00,0.0605600,0.0684300,0.0602000,0.0665400,186603751,1756324799999,2025-08-27 19:59:59,12139725.6793400,132353,88059443,5729587.8061500
1756324800000,2025-08-27 20:00:00,0.0665400,0.0690000,0.0643200,0.0687400,204039856,1756339199999,2025-08-27 23:59:59,13585915.3188700,139514,101796965,6783922.6949700
1756339200000,2025-08-28 00:00:00,0.0687400,0.0687500,0.0644100,0.0652200,93117913,1756353599999,2025-08-28 03:59:59,6160396.5083100,78246,46727167,3088949.0522300
1756353600000,2025-08-28 04:00:00,0.0652000,0.0683900,0.0634500,0.0674800,151644870,1756367999999,2025-08-28 07:59:59,9965893.5775400,98258,73210816,4813686.0588200
1756368000000,2025-08-28 08:00:00,0.0674800,0.0680800,0.0648400,0.0659000,88303918,1756382399999,2025-08-28 11:59:59,5839854.2584900,68262,45531929,3010801.0191600
1756382400000,2025-08-28 12:00:00,0.0659000,0.0682000,0.0647100,0.0668100,189334902,1756396799999,2025-08-28 15:59:59,12506745.3510400,122200,88934346,5872238.5882000
1756396800000,2025-08-28 16:00:00,0.0668000,0.0679700,0.0651200,0.0663500,90529348,1756411199999,2025-08-28 19:59:59,6007366.9371600,71739,47191560,3131491.2300900
1756411200000,2025-08-28 20:00:00,0.0663400,0.0695000,0.0659400,0.0690100,86821718,1756425599999,2025-08-28 23:59:59,5897525.8305200,70034,40730197,2767529.9441400
1756425600000,2025-08-29 00:00:00,0.0689900,0.0731000,0.0677200,0.0691600,158420577,1756439999999,2025-08-29 03:59:59,11110148.3240400,129288,75729504,5309551.0967100
1756440000000,2025-08-29 04:00:00,0.0691400,0.0774500,0.0683600,0.0734200,303151959,1756454399999,2025-08-29 07:59:59,22275264.3949000,227081,150310624,11053746.3590200
1756454400000,2025-08-29 08:00:00,0.0733900,0.0766200,0.0685600,0.0702100,290684670,1756468799999,2025-08-29 11:59:59,21081018.5812500,220563,146043761,10612936.2289600
1756468800000,2025-08-29 12:00:00,0.0702200,0.0737900,0.0696000,0.0700400,206312544,1756483199999,2025-08-29 15:59:59,14730550.0024700,132582,99746180,7120835.5524300
1756483200000,2025-08-29 16:00:00,0.0700500,0.0757100,0.0682300,0.0738900,295506423,1756497599999,2025-08-29 19:59:59,21092730.1678200,179935,149684103,10693981.2120200
1756497600000,2025-08-29 20:00:00,0.0739000,0.0796000,0.0727600,0.0749900,277208850,1756511999999,2025-08-29 23:59:59,21099075.6297400,244991,133698327,10179345.7062200
1756512000000,2025-08-30 00:00:00,0.0749700,0.0754600,0.0711300,0.0725200,128689578,1756526399999,2025-08-30 03:59:59,9426292.9554800,109663,63572495,4661203.9098500
1756526400000,2025-08-30 04:00:00,0.0725400,0.0784800,0.0717400,0.0741600,146254385,1756540799999,2025-08-30 07:59:59,11030936.8664600,117774,68006236,5123408.7546000
1756540800000,2025-08-30 08:00:00,0.0741300,0.0743900,0.0692100,0.0703100,127350242,1756555199999,2025-08-30 11:59:59,9084193.2512900,86728,59467432,4240599.6817300
1756555200000,2025-08-30 12:00:00,0.0703200,0.0703800,0.0664400,0.0677000,123788958,1756569599999,2025-08-30 15:59:59,8385551.1163900,78449,57352328,3881555.2919300
1756569600000,2025-08-30 16:00:00,0.0676800,0.0677200,0.0650400,0.0656900,98106634,1756583999999,2025-08-30 19:59:59,6469612.1554600,58843,44765760,2950895.1976600
1756584000000,2025-08-30 20:00:00,0.0656800,0.0667700,0.0640400,0.0659000,70570617,1756598399999,2025-08-30 23:59:59,4632837.3932300,46281,35307827,2318744.8383700
1756598400000,2025-08-31 00:00:00,0.0659100,0.0672600,0.0654200,0.0666500,79528193,1756612799999,2025-08-31 03:59:59,5278482.8770100,44597,41359559,2745681.5195200
1756612800000,2025-08-31 04:00:00,0.0666500,0.0731800,0.0661400,0.0724200,155349093,1756627199999,2025-08-31 07:59:59,10797700.4076900,113563,72344279,5029599.0807500
1756627200000,2025-08-31 08:00:00,0.0723700,0.0750400,0.0698300,0.0701300,172694960,1756641599999,2025-08-31 11:59:59,12502139.1739000,131884,82810280,5995471.3271700
1756641600000,2025-08-31 12:00:00,0.0701500,0.0704500,0.0669200,0.0681800,96427472,1756655999999,2025-08-31 15:59:59,6604094.6617900,61235,44576632,3052610.2703900
1756656000000,2025-08-31 16:00:00,0.0681600,0.0743700,0.0675100,0.0707300,204244446,1756670399999,2025-08-31 19:59:59,14516507.9356600,145437,98522007,6995733.0283900
1756670400000,2025-08-31 20:00:00,0.0707300,0.0745500,0.0704400,0.0724300,159753508,1756684799999,2025-08-31 23:59:59,11659587.9533100,125998,79738343,5818894.1482500
1756684800000,2025-09-01 00:00:00,0.0724200,0.0727500,0.0686600,0.0692300,117852635,1756699199999,2025-09-01 03:59:59,8351361.5195100,93491,56542372,4010573.9669000
1756699200000,2025-09-01 04:00:00,0.0692400,0.0717100,0.0674700,0.0693500,134086192,1756713599999,2025-09-01 07:59:59,9280724.3805400,104662,66395795,4597391.6034300
1756713600000,2025-09-01 08:00:00,0.0693300,0.0745000,0.0693300,0.0726900,182818253,1756727999999,2025-09-01 11:59:59,13167970.0597900,143271,90032906,6484356.0120400
1756728000000,2025-09-01 12:00:00,0.0726900,0.0764100,0.0713400,0.0762100,265502084,1756742399999,2025-09-01 15:59:59,19509517.7407900,192644,135204572,9941440.4295900
1756742400000,2025-09-01 16:00:00,0.0762100,0.0773900,0.0733600,0.0742700,247048843,1756756799999,2025-09-01 19:59:59,18627818.9510500,195680,123685162,9327885.0199900
1756756800000,2025-09-01 20:00:00,0.0742600,0.0779700,0.0727900,0.0775700,162157039,1756771199999,2025-09-01 23:59:59,12197516.2185900,136964,80770341,6077339.2684300
1756771200000,2025-09-02 00:00:00,0.0775900,0.0839900,0.0754700,0.0822000,338260854,1756785599999,2025-09-02 03:59:59,27236585.0067200,267321,169030683,13619536.2635600
1756785600000,2025-09-02 04:00:00,0.0822000,0.0845500,0.0783400,0.0812700,279265479,1756799999999,2025-09-02 07:59:59,22670447.3700100,273459,138242022,11228873.4505900
1756800000000,2025-09-02 08:00:00,0.0812300,0.0832900,0.0788400,0.0807100,232332714,1756814399999,2025-09-02 11:59:59,18785407.7931900,192097,110464854,8933044.5133200
1756814400000,2025-09-02 12:00:00,0.0807200,0.0825600,0.0791800,0.0800900,208033308,1756828799999,2025-09-02 15:59:59,16848086.0612200,179436,101458601,8217289.1887500
1756828800000,2025-09-02 16:00:00,0.0801000,0.0839700,0.0800000,0.0837800,131562132,1756843199999,2025-09-02 19:59:59,10826583.7502700,124958,62810913,5171211.3711700
1756843200000,2025-09-02 20:00:00,0.0838000,0.0843800,0.0795400,0.0798300,120770874,1756857599999,2025-09-02 23:59:59,9850072.0771800,109391,58987276,4812035.1640600
1756857600000,2025-09-03 00:00:00,0.0798300,0.0798500,0.0756600,0.0758600,118170592,1756871999999,2025-09-03 03:59:59,9184820.6762200,93023,54702877,4254509.8744100
1756872000000,2025-09-03 04:00:00,0.0758700,0.0779600,0.0748600,0.0762500,100645007,1756886399999,2025-09-03 07:59:59,7660340.5246500,74183,51369877,3911380.5840100
1756886400000,2025-09-03 08:00:00,0.0762500,0.0788900,0.0744400,0.0775900,87331548,1756900799999,2025-09-03 11:59:59,6659729.9813200,75009,43691356,3335136.9407800
1756900800000,2025-09-03 12:00:00,0.0776200,0.0797000,0.0760600,0.0764100,106752444,1756915199999,2025-09-03 15:59:59,8344260.6594200,95852,49591351,3877658.3501100
1756915200000,2025-09-03 16:00:00,0.0764100,0.0798800,0.0757400,0.0798200,92432564,1756929599999,2025-09-03 19:59:59,7162992.2931200,83059,46321191,3591689.4553800
1756929600000,2025-09-03 20:00:00,0.0798100,0.0834000,0.0787500,0.0812300,125743206,1756943999999,2025-09-03 23:59:59,10185412.5387600,116684,59890141,4850919.1729300
1756944000000,2025-09-04 00:00:00,0.0812600,0.0825900,0.0781200,0.0782100,55190653,1756958399999,2025-09-04 03:59:59,4418744.7355400,64796,25952105,2078869.0857900
1756958400000,2025-09-04 04:00:00,0.0782200,0.0790000,0.0759600,0.0767700,79628009,1756972799999,2025-09-04 07:59:59,6163410.3655000,73255,40506690,3136257.6197000
1756972800000,2025-09-04 08:00:00,0.0767700,0.0781700,0.0761100,0.0772600,66934393,1756987199999,2025-09-04 11:59:59,5146642.8350200,58713,35601543,2737843.6564500
1756987200000,2025-09-04 12:00:00,0.0772300,0.0780800,0.0736000,0.0746600,101140609,1757001599999,2025-09-04 15:59:59,7669921.5100500,78462,46404256,3520745.0588700
1757001600000,2025-09-04 16:00:00,0.0746500,0.0755800,0.0732300,0.0751100,72754676,1757015999999,2025-09-04 19:59:59,5410548.0033900,59825,36124556,2687735.4679900
1757016000000,2025-09-04 20:00:00,0.0751200,0.0769200,0.0747700,0.0750700,57250715,1757030399999,2025-09-04 23:59:59,4340659.7572600,54183,25464884,1931582.5235700
1757030400000,2025-09-05 00:00:00,0.0750800,0.0789600,0.0750100,0.0770800,61259780,1757044799999,2025-09-05 03:59:59,4732235.3362000,56060,31429285,2425925.2216600
1757044800000,2025-09-05 04:00:00,0.0770900,0.0775000,0.0758000,0.0768200,52898159,1757059199999,2025-09-05 07:59:59,4051561.9639300,50058,25691802,1968392.7492300
1757059200000,2025-09-05 08:00:00,0.0768200,0.0798900,0.0768200,0.0789700,73987495,1757073599999,2025-09-05 11:59:59,5822127.3432400,75734,34846333,2741749.4870400
1757073600000,2025-09-05 12:00:00,0.0789600,0.0798100,0.0754000,0.0757900,102065787,1757087999999,2025-09-05 15:59:59,7896252.7765600,94917,49318975,3813678.1414500
1757088000000,2025-09-05 16:00:00,0.0758000,0.0764200,0.0742200,0.0761100,53631159,1757102399999,2025-09-05 19:59:59,4046927.2313500,53082,24992056,1886019.2595400
1757102400000,2025-09-05 20:00:00,0.0761100,0.0764600,0.0746500,0.0748600,36923615,1757116799999,2025-09-05 23:59:59,2790530.7888600,39800,17597971,1329591.2963000
1757116800000,2025-09-06 00:00:00,0.0748700,0.0761200,0.0741000,0.0743600,33075398,1757131199999,2025-09-06 03:59:59,2489770.3016500,37469,15751377,1186466.0924200
1757131200000,2025-09-06 04:00:00,0.0743600,0.0751600,0.0730800,0.0751000,65273020,1757145599999,2025-09-06 07:59:59,4820500.7563500,49384,32683321,2414351.7774200
1757145600000,2025-09-06 08:00:00,0.0750900,0.0768700,0.0739100,0.0753500,76304432,1757159999999,2025-09-06 11:59:59,5744607.3762900,67437,36784075,2768771.5462100
1757160000000,2025-09-06 12:00:00,0.0753500,0.0781600,0.0750100,0.0772100,94775692,1757174399999,2025-09-06 15:59:59,7249882.0697400,77150,46096209,3525517.7304400
1757174400000,2025-09-06 16:00:00,0.0772600,0.0785700,0.0761100,0.0781800,98154428,1757188799999,2025-09-06 19:59:59,7603523.7101700,94122,46364868,3591953.7682900
1757188800000,2025-09-06 20:00:00,0.0781800,0.0809600,0.0779700,0.0796900,96633224,1757203199999,2025-09-06 23:59:59,7679128.5253200,93087,47178546,3749213.5121500
1757203200000,2025-09-07 00:00:00,0.0797000,0.0816700,0.0791600,0.0797600,76603088,1757217599999,2025-09-07 03:59:59,6149503.4083800,76904,36975477,2968036.2481800
1757217600000,2025-09-07 04:00:00,0.0797800,0.0808300,0.0774300,0.0782100,72322356,1757231999999,2025-09-07 07:59:59,5695268.8660600,78930,33796647,2661581.6769400
1757232000000,2025-09-07 08:00:00,0.0782300,0.0792200,0.0775300,0.0781400,44428640,1757246399999,2025-09-07 11:59:59,3475265.6351100,52430,21633318,1692937.2797800
1757246400000,2025-09-07 12:00:00,0.0781400,0.0812600,0.0765400,0.0804600,124123422,1757260799999,2025-09-07 15:59:59,9771083.5363800,95389,61116679,4816443.5451300
1757260800000,2025-09-07 16:00:00,0.0804200,0.0810500,0.0774800,0.0804000,119009982,1757275199999,2025-09-07 19:59:59,9408789.0157000,105453,56762725,4490506.7696900
1757275200000,2025-09-07 20:00:00,0.0804300,0.0807600,0.0792600,0.0793000,65370389,1757289599999,2025-09-07 23:59:59,5231293.5410700,64811,29772134,2383066.5963500
1757289600000,2025-09-08 00:00:00,0.0793100,0.0805000,0.0715500,0.0753600,110726216,1757303999999,2025-09-08 03:59:59,8499271.2396700,74675,44370404,3418418.7228700
1757304000000,2025-09-08 04:00:00,0.0753800,0.0777500,0.0749500,0.0773100,111249104,1757318399999,2025-09-08 07:59:59,8459203.1863900,100946,56470676,4294108.3388500
1757318400000,2025-09-08 08:00:00,0.0773200,0.0776600,0.0755800,0.0759700,94213504,1757332799999,2025-09-08 11:59:59,7233922.8051700,65879,43756255,3358848.5441900
1757332800000,2025-09-08 12:00:00,0.0760000,0.0765400,0.0746800,0.0748500,67548570,1757347199999,2025-09-08 15:59:59,5103705.4302700,53741,31780396,2401448.5525000
1757347200000,2025-09-08 16:00:00,0.0748400,0.0753400,0.0726900,0.0733400,66940465,1757361599999,2025-09-08 19:59:59,4950042.3501000,54030,31977343,2363543.4580400
1757361600000,2025-09-08 20:00:00,0.0733300,0.0737700,0.0716600,0.0722200,56849358,1757375999999,2025-09-08 23:59:59,4122355.6551300,44232,27731048,2011292.8502800
1757376000000,2025-09-09 00:00:00,0.0722300,0.0727100,0.0700100,0.0707300,51647238,1757390399999,2025-09-09 03:59:59,3681594.8250300,47136,22885255,1632665.5199600
1757390400000,2025-09-09 04:00:00,0.0707300,0.0708000,0.0690500,0.0697700,74205382,1757404799999,2025-09-09 07:59:59,5168069.9473100,57142,34739036,2420065.0934200
1757404800000,2025-09-09 08:00:00,0.0697700,0.0712600,0.0687600,0.0705600,97572773,1757419199999,2025-09-09 11:59:59,6829890.3403000,69497,46873875,3285472.0527900
1757419200000,2025-09-09 12:00:00,0.0705600,0.0706000,0.0671600,0.0676800,120024143,1757433599999,2025-09-09 15:59:59,8291801.9607200,86968,54980562,3802275.7631600
1757433600000,2025-09-09 16:00:00,0.0676800,0.0677900,0.0651300,0.0658800,90976779,1757447999999,2025-09-09 19:59:59,6023786.6901600,61383,38945068,2577719.2573700
1757448000000,2025-09-09 20:00:00,0.0658600,0.0660800,0.0644200,0.0645100,45087455,1757462399999,2025-09-09 23:59:59,2936835.2058400,34377,19725231,1284902.3311200
1757462400000,2025-09-10 00:00:00,0.0645300,0.0662700,0.0645300,0.0655800,47638095,1757476799999,2025-09-10 03:59:59,3127195.8991000,40813,23850014,1565408.6212800
1757476800000,2025-09-10 04:00:00,0.0655800,0.0672500,0.0651100,0.0662700,48372843,1757491199999,2025-09-10 07:59:59,3200690.8921800,38780,24545707,1624867.6622700
1757491200000,2025-09-10 08:00:00,0.0662700,0.0673600,0.0654000,0.0661600,49154755,1757505599999,2025-09-10 11:59:59,3261840.2079800,42462,23748648,1576685.7889600
1757505600000,2025-09-10 12:00:00,0.0661500,0.0689600,0.0656700,0.0681600,105244539,1757519999999,2025-09-10 15:59:59,7062763.5934800,88252,51550319,3461936.1705000
1757520000000,2025-09-10 16:00:00,0.0681600,0.0681900,0.0628600,0.0650200,99884050,1757534399999,2025-09-10 19:59:59,6539345.2598900,71999,42634390,2790548.4992400
1757534400000,2025-09-10 20:00:00,0.0650300,0.0652600,0.0635200,0.0636300,38868361,1757548799999,2025-09-10 23:59:59,2496291.5182500,36832,19412901,1247472.7756100
1757548800000,2025-09-11 00:00:00,0.0636400,0.0648300,0.0633400,0.0646900,29819411,1757563199999,2025-09-11 03:59:59,1909984.5624300,25921,14824453,949923.8748500
1757563200000,2025-09-11 04:00:00,0.0647000,0.0680700,0.0632800,0.0671000,99212462,1757577599999,2025-09-11 07:59:59,6517841.3355400,65361,52162589,3428380.2988200
1757577600000,2025-09-11 08:00:00,0.0671100,0.0687000,0.0658000,0.0664900,72797523,1757591999999,2025-09-11 11:59:59,4893040.5633700,59356,35443799,2382962.6402000
1757592000000,2025-09-11 12:00:00,0.0665000,0.0743500,0.0663900,0.0735600,214131987,1757606399999,2025-09-11 15:59:59,15014071.6565700,160135,103331736,7248669.0139400
1757606400000,2025-09-11 16:00:00,0.0735800,0.0754800,0.0722000,0.0735500,160895267,1757620799999,2025-09-11 19:59:59,11871712.2629300,130841,73194035,5400530.0709800
1757620800000,2025-09-11 20:00:00,0.0735600,0.0742400,0.0691300,0.0695700,75498496,1757635199999,2025-09-11 23:59:59,5375030.7204300,62694,32619161,2322235.0660000
1757635200000,2025-09-12 00:00:00,0.0695600,0.0706000,0.0674000,0.0676900,56847007,1757649599999,2025-09-12 03:59:59,3923336.6018800,45265,26965198,1863349.5311000
1757649600000,2025-09-12 04:00:00,0.0676800,0.0713800,0.0672200,0.0694900,109227296,1757663999999,2025-09-12 07:59:59,7574774.6476700,70119,58422211,4049286.0155800
1757664000000,2025-09-12 08:00:00,0.0694800,0.0728000,0.0693600,0.0696000,120901215,1757678399999,2025-09-12 11:59:59,8531177.2754600,80995,57435152,4053754.5762600
1757678400000,2025-09-12 12:00:00,0.0696100,0.0709800,0.0687600,0.0709300,67778510,1757692799999,2025-09-12 15:59:59,4734732.0864500,46726,31051002,2170456.8275300
1757692800000,2025-09-12 16:00:00,0.0709300,0.0711100,0.0696300,0.0702000,71827965,1757707199999,2025-09-12 19:59:59,5045783.8684100,51229,31999525,2248878.9889300
1757707200000,2025-09-12 20:00:00,0.0701800,0.0725600,0.0697000,0.0714100,83547230,1757721599999,2025-09-12 23:59:59,5915488.2057600,53141,40386733,2856930.0548600
1757721600000,2025-09-13 00:00:00,0.0714100,0.0722600,0.0703900,0.0721900,37405339,1757735999999,2025-09-13 03:59:59,2666792.9488700,42332,17340416,1236187.1998900
1757736000000,2025-09-13 04:00:00,0.0721700,0.0722900,0.0700800,0.0701700,34808675,1757750399999,2025-09-13 07:59:59,2473712.9578600,34211,15023018,1067638.3539400
1757750400000,2025-09-13 08:00:00,0.0701900,0.0717200,0.0700900,0.0714100,37870105,1757764799999,2025-09-13 11:59:59,2686833.6263900,28793,18882150,1339855.7576000
1757764800000,2025-09-13 12:00:00,0.0714400,0.0718100,0.0678000,0.0696600,71647001,1757779199999,2025-09-13 15:59:59,5033430.6797300,50315,29559508,2078139.1022400
1757779200000,2025-09-13 16:00:00,0.0696300,0.0698100,0.0680100,0.0689500,43290521,1757793599999,2025-09-13 19:59:59,2981034.5426300,33923,17681372,1217830.5903500
1757793600000,2025-09-13 20:00:00,0.0689700,0.0699300,0.0689200,0.0694700,26868635,1757807999999,2025-09-13 23:59:59,1866329.9126800,22478,13996251,972374.5482900
1757808000000,2025-09-14 00:00:00,0.0694700,0.0700400,0.0682000,0.0683600,28195247,1757822399999,2025-09-14 03:59:59,1951378.1442500,29769,12660057,876435.8790000
1757822400000,2025-09-14 04:00:00,0.0683700,0.0718900,0.0675800,0.0707100,75581898,1757836799999,2025-09-14 07:59:59,5293003.3265200,53885,39072526,2732916.1831500
1757836800000,2025-09-14 08:00:00,0.0706900,0.0733800,0.0703800,0.0717700,100921485,1757851199999,2025-09-14 11:59:59,7288461.3068900,80654,46388100,3348931.0116700
1757851200000,2025-09-14 12:00:00,0.0717700,0.0727700,0.0702100,0.0710800,76533625,1757865599999,2025-09-14 15:59:59,5479177.3872500,58749,35070026,2511304.2761400
1757865600000,2025-09-14 16:00:00,0.0710800,0.0722000,0.0703200,0.0712400,44265191,1757879999999,2025-09-14 19:59:59,3154410.7065700,43922,22301160,1589447.4757100
1757880000000,2025-09-14 20:00:00,0.0712400,0.0754900,0.0711500,0.0737800,168928782,1757894399999,2025-09-14 23:59:59,12480805.6331500,128432,85503927,6320572.0565100
1757894400000,2025-09-15 00:00:00,0.0737900,0.0759900,0.0722400,0.0741200,91095774,1757908799999,2025-09-15 03:59:59,6750234.2585900,86267,43679740,3237001.7797300
1757908800000,2025-09-15 04:00:00,0.0741000,0.0741400,0.0690700,0.0692000,83092399,1757923199999,2025-09-15 07:59:59,5951091.1747200,60305,35688469,2558146.7649200
1757923200000,2025-09-15 08:00:00,0.0691900,0.0695600,0.0678100,0.0687500,63753919,1757937599999,2025-09-15 11:59:59,4374754.7333400,51989,30526082,2095959.7909500
1757937600000,2025-09-15 12:00:00,0.0687800,0.0691600,0.0657400,0.0666800,70930607,1757951999999,2025-09-15 15:59:59,4806138.7719600,55871,30702727,2082076.6726200
1757952000000,2025-09-15 16:00:00,0.0666600,0.0701100,0.0651400,0.0683400,101369401,1757966399999,2025-09-15 19:59:59,6857004.8341300,76586,48287875,3267126.9713900
1757966400000,2025-09-15 20:00:00,0.0683400,0.0685500,0.0674800,0.0684600,27237782,1757980799999,2025-09-15 23:59:59,1853387.8510000,28472,12882964,876705.4867200
1757980800000,2025-09-16 00:00:00,0.0684600,0.0712200,0.0680500,0.0695300,45384593,1757995199999,2025-09-16 03:59:59,3168498.2664700,43823,20512313,1432613.0412800
1757995200000,2025-09-16 04:00:00,0.0695300,0.0698600,0.0678500,0.0682300,27652353,1758009599999,2025-09-16 07:59:59,1899352.3293600,36576,12064108,829198.3716900
1758009600000,2025-09-16 08:00:00,0.0682400,0.0687100,0.0672100,0.0674600,24842157,1758023999999,2025-09-16 11:59:59,1684813.5914100,28938,10821319,733854.5438400
1758024000000,2025-09-16 12:00:00,0.0674600,0.0682100,0.0662800,0.0673400,36809497,1758038399999,2025-09-16 15:59:59,2474855.6863100,33819,17822774,1198499.4238000
1758038400000,2025-09-16 16:00:00,0.0673500,0.0690600,0.0667200,0.0685900,56899489,1758052799999,2025-09-16 19:59:59,3854540.1149700,39805,26433229,1789479.1390500
1758052800000,2025-09-16 20:00:00,0.0686000,0.0696600,0.0673300,0.0685300,42041199,1758067199999,2025-09-16 23:59:59,2890134.7604200,31958,18958033,1304184.2985700
1758067200000,2025-09-17 00:00:00,0.0685300,0.0685800,0.0672400,0.0673900,23906094,1758081599999,2025-09-17 03:59:59,1626205.7228500,23327,11262385,765860.5687900
1758081600000,2025-09-17 04:00:00,0.0674000,0.0711500,0.0667900,0.0702900,59851091,1758095999999,2025-09-17 07:59:59,4134796.3454300,46091,27530881,1900471.6128400
1758096000000,2025-09-17 08:00:00,0.0702800,0.0707400,0.0692200,0.0698100,47920744,1758110399999,2025-09-17 11:59:59,3353723.0181200,42436,23463601,1642803.2483300
1758110400000,2025-09-17 12:00:00,0.0698100,0.0729900,0.0697100,0.0717600,94207706,1758124799999,2025-09-17 15:59:59,6741013.4071300,64923,43220523,3092993.8384300
1758124800000,2025-09-17 16:00:00,0.0717500,0.0727500,0.0702000,0.0719800,69222891,1758139199999,2025-09-17 19:59:59,4948553.3608000,58636,32669497,2336679.1325000
1758139200000,2025-09-17 20:00:00,0.0719400,0.0722600,0.0702400,0.0716500,39687079,1758153599999,2025-09-17 23:59:59,2843483.4806500,31372,19538053,1399677.3476500
1758153600000,2025-09-18 00:00:00,0.0716500,0.0723000,0.0714400,0.0721200,22633200,1758167999999,2025-09-18 03:59:59,1626395.9873500,19681,11048904,794043.8616300
1758168000000,2025-09-18 04:00:00,0.0721200,0.0725800,0.0703700,0.0712400,34316632,1758182399999,2025-09-18 07:59:59,2443542.2957500,26133,16309718,1161121.0223600
1758182400000,2025-09-18 08:00:00,0.0712400,0.0735700,0.0703800,0.0732800,79945289,1758196799999,2025-09-18 11:59:59,5761284.8950200,54457,38909835,2802410.6917300
1758196800000,2025-09-18 12:00:00,0.0732700,0.0767600,0.0727500,0.0762400,117435952,1758211199999,2025-09-18 15:59:59,8797796.4309500,93128,53960219,4044335.2706600
1758211200000,2025-09-18 16:00:00,0.0762400,0.0792000,0.0757400,0.0763200,112571403,1758225599999,2025-09-18 19:59:59,8705619.8644400,87279,51555712,3988304.1303900
1758225600000,2025-09-18 20:00:00,0.0763200,0.0777500,0.0755600,0.0763400,35001456,1758239999999,2025-09-18 23:59:59,2676356.9707100,28517,17458837,1334998.7524600
1758240000000,2025-09-19 00:00:00,0.0763500,0.0767800,0.0746200,0.0748100,23737904,1758254399999,2025-09-19 03:59:59,1798342.8223300,25392,11013371,834973.6631100
1758254400000,2025-09-19 04:00:00,0.0748300,0.0756800,0.0736900,0.0739300,37582095,1758268799999,2025-09-19 07:59:59,2805445.7245900,36001,17721765,1324039.3222000
1758268800000,2025-09-19 08:00:00,0.0739400,0.0745400,0.0710300,0.0712900,41459512,1758283199999,2025-09-19 11:59:59,3014273.4125100,35538,16723210,1216009.6394900
1758283200000,2025-09-19 12:00:00,0.0712900,0.0721200,0.0690100,0.0699800,52970449,1758297599999,2025-09-19 15:59:59,3743342.6375700,39584,24333349,1722781.2258200
1758297600000,2025-09-19 16:00:00,0.0699900,0.0735300,0.0699100,0.0725700,77341060,1758311999999,2025-09-19 19:59:59,5568380.3282400,57678,37827000,2721211.0468200
1758312000000,2025-09-19 20:00:00,0.0725500,0.0738600,0.0721200,0.0729400,49185616,1758326399999,2025-09-19 23:59:59,3585497.5340600,35166,20507330,1494750.0784500
1758326400000,2025-09-20 00:00:00,0.0729300,0.0729300,0.0708000,0.0719900,18949036,1758340799999,2025-09-20 03:59:59,1360753.0289400,17664,9293306,667465.1980600
1758340800000,2025-09-20 04:00:00,0.0719800,0.0741900,0.0712200,0.0732700,40329612,1758355199999,2025-09-20 07:59:59,2944567.7279500,34720,20780896,1517488.3492400
1758355200000,2025-09-20 08:00:00,0.0732700,0.0735400,0.0709300,0.0728000,36156402,1758369599999,2025-09-20 11:59:59,2604243.2117400,28245,17619478,1268810.7089500
1758369600000,2025-09-20 12:00:00,0.0728100,0.0729900,0.0715400,0.0725000,28824397,1758383999999,2025-09-20 15:59:59,2087024.2883800,24882,13614561,985963.7657000
1758384000000,2025-09-20 16:00:00,0.0725100,0.0734500,0.0719600,0.0727400,36000081,1758398399999,2025-09-20 19:59:59,2617452.4518200,28689,20049273,1458293.6676300
1758398400000,2025-09-20 20:00:00,0.0727400,0.0736200,0.0724400,0.0730000,22702426,1758412799999,2025-09-20 23:59:59,1660277.4095000,21848,11452051,837554.6108400
1758412800000,2025-09-21 00:00:00,0.0730100,0.0738200,0.0722900,0.0729500,14382404,1758427199999,2025-09-21 03:59:59,1048815.9367600,15079,6889492,502438.9020500
1758427200000,2025-09-21 04:00:00,0.0729500,0.0749400,0.0725200,0.0740600,27936008,1758441599999,2025-09-21 07:59:59,2061808.0438200,26828,13710495,1012321.0271400
1758441600000,2025-09-21 08:00:00,0.0740800,0.0748600,0.0726100,0.0729600,44914946,1758455999999,2025-09-21 11:59:59,3307002.5168700,39134,21024587,1547946.2460100
1758456000000,2025-09-21 12:00:00,0.0729500,0.0734400,0.0712600,0.0714400,33269095,1758470399999,2025-09-21 15:59:59,2403762.0715400,28036,13814339,998289.1864200
1758470400000,2025-09-21 16:00:00,0.0714400,0.0720300,0.0700000,0.0713900,37366490,1758484799999,2025-09-21 19:59:59,2644045.3116700,28870,16496137,1167735.4508400
1758484800000,2025-09-21 20:00:00,0.0713900,0.0763600,0.0709600,0.0744400,100217189,1758499199999,2025-09-21 23:59:59,7381382.8666000,71056,49388053,3638234.2635900
1758499200000,2025-09-22 00:00:00,0.0744400,0.0746100,0.0675100,0.0682500,77402730,1758513599999,2025-09-22 03:59:59,5426779.8415800,59578,33537030,2343964.4497300
1758513600000,2025-09-22 04:00:00,0.0682500,0.0692800,0.0583100,0.0656300,107964988,1758527999999,2025-09-22 07:59:59,6992931.8157800,68168,50678584,3292895.1149100
1758528000000,2025-09-22 08:00:00,0.0656300,0.0692400,0.0646000,0.0668800,95905655,1758542399999,2025-09-22 11:59:59,6469059.1566000,85430,43564311,2939241.6050200
1758542400000,2025-09-22 12:00:00,0.0668800,0.0682400,0.0646400,0.0650800,54105721,1758556799999,2025-09-22 15:59:59,3591822.7953600,43447,23677178,1573446.1024200
1758556800000,2025-09-22 16:00:00,0.0650600,0.0673200,0.0644700,0.0655300,58631069,1758571199999,2025-09-22 19:59:59,3858894.2430900,45700,27357949,1800518.2910300
1758571200000,2025-09-22 20:00:00,0.0655400,0.0686500,0.0654300,0.0681400,34264313,1758585599999,2025-09-22 23:59:59,2296868.1007100,28066,16464925,1103978.3301000
1758585600000,2025-09-23 00:00:00,0.0681200,0.0687800,0.0649000,0.0667500,29596303,1758599999999,2025-09-23 03:59:59,1979530.4619800,27875,13569356,907541.4586100
1758600000000,2025-09-23 04:00:00,0.0667500,0.0672200,0.0655200,0.0663600,31969198,1758614399999,2025-09-23 07:59:59,2122378.5064500,23717,15438897,1024989.8420400
1758614400000,2025-09-23 08:00:00,0.0663600,0.0668600,0.0651600,0.0656100,30224477,1758628799999,2025-09-23 11:59:59,1996788.8515100,25306,13634812,901614.0788400
1758628800000,2025-09-23 12:00:00,0.0656000,0.0663800,0.0643400,0.0652800,32498829,1758643199999,2025-09-23 15:59:59,2129290.3753900,26661,16084673,1054094.3559700
1758643200000,2025-09-23 16:00:00,0.0652600,0.0657300,0.0621500,0.0629700,51196367,1758657599999,2025-09-23 19:59:59,3263229.5025500,37541,24249603,1546040.2122500
1758657600000,2025-09-23 20:00:00,0.0629700,0.0635800,0.0621000,0.0621500,20224418,1758671999999,2025-09-23 23:59:59,1270861.1695000,19064,8048665,506116.9544000
1758672000000,2025-09-24 00:00:00,0.0621400,0.0636700,0.0611500,0.0618600,24796755,1758686399999,2025-09-24 03:59:59,1555859.2420700,23842,12497254,784688.4066400
1758686400000,2025-09-24 04:00:00,0.0618600,0.0646900,0.0610000,0.0644700,41300906,1758700799999,2025-09-24 07:59:59,2614007.9997000,33272,20995701,1330205.4498500
1758700800000,2025-09-24 08:00:00,0.0645000,0.0646900,0.0629600,0.0636500,36183288,1758715199999,2025-09-24 11:59:59,2303639.6619000,29721,16274949,1036913.6484100
1758715200000,2025-09-24 12:00:00,0.0636400,0.0672600,0.0632700,0.0665500,69096056,1758729599999,2025-09-24 15:59:59,4517474.2295300,43082,35108163,2296002.6389600
1758729600000,2025-09-24 16:00:00,0.0665300,0.0681500,0.0655400,0.0660600,63485781,1758743999999,2025-09-24 19:59:59,4253650.7995400,48068,29920712,2005675.6889800
1758744000000,2025-09-24 20:00:00,0.0660700,0.0668700,0.0651000,0.0652700,22668514,1758758399999,2025-09-24 23:59:59,1491555.1710300,25191,10910049,717932.9745600
1758758400000,2025-09-25 00:00:00,0.0652800,0.0653800,0.0626100,0.0632400,30931484,1758772799999,2025-09-25 03:59:59,1973220.9185200,27271,13153724,838814.6915400
1758772800000,2025-09-25 04:00:00,0.0632100,0.0635200,0.0614700,0.0619000,31802586,1758787199999,2025-09-25 07:59:59,1984512.5722000,27820,14523136,906982.4563600
1758787200000,2025-09-25 08:00:00,0.0619200,0.0630500,0.0612100,0.0614600,32240120,1758801599999,2025-09-25 11:59:59,1998886.0960500,26256,14978848,929341.5023600
1758801600000,2025-09-25 12:00:00,0.0614600,0.0620800,0.0588000,0.0611900,48456478,1758815999999,2025-09-25 15:59:59,2949583.7453100,39787,21989078,1340171.2329300
1758816000000,2025-09-25 16:00:00,0.0611900,0.0615600,0.0582900,0.0605600,76207978,1758830399999,2025-09-25 19:59:59,4567571.5534100,44775,36068081,2163595.0403800
1758830400000,2025-09-25 20:00:00,0.0605700,0.0605800,0.0584700,0.0591800,34592656,1758844799999,2025-09-25 23:59:59,2059770.5777900,26041,16967804,1010523.5508500
1758844800000,2025-09-26 00:00:00,0.0591700,0.0602800,0.0586500,0.0601900,20988312,1758859199999,2025-09-26 03:59:59,1251791.2409700,20468,9885830,589708.5262300
1758859200000,2025-09-26 04:00:00,0.0602000,0.0603400,0.0587000,0.0596700,24230822,1758873599999,2025-09-26 07:59:59,1439914.8372800,20322,10587582,629239.7921800
1758873600000,2025-09-26 08:00:00,0.0596700,0.0602100,0.0583200,0.0588200,25120688,1758887999999,2025-09-26 11:59:59,1487745.8254600,18970,10660691,631491.2444500
1758888000000,2025-09-26 12:00:00,0.0588300,0.0592800,0.0569300,0.0588200,52485765,1758902399999,2025-09-26 15:59:59,3059896.0125800,36441,22510099,1313292.3636100
1758902400000,2025-09-26 16:00:00,0.0588200,0.0602800,0.0586800,0.0588600,41287893,1758916799999,2025-09-26 19:59:59,2453564.0302300,28519,18698901,1111742.8499200
1758916800000,2025-09-26 20:00:00,0.0588700,0.0593900,0.0580700,0.0589500,18129234,1758931199999,2025-09-26 23:59:59,1065431.8116800,15717,8499274,499700.9767700
1758931200000,2025-09-27 00:00:00,0.0589600,0.0599100,0.0585700,0.0595000,15189755,1758945599999,2025-09-27 03:59:59,898045.6129300,15582,7524084,445051.7633400
1758945600000,2025-09-27 04:00:00,0.0595000,0.0604500,0.0590600,0.0596700,18863902,1758959999999,2025-09-27 07:59:59,1128599.8255200,18992,9111396,545121.3523900
1758960000000,2025-09-27 08:00:00,0.0596600,0.0602500,0.0586000,0.0590100,26525492,1758974399999,2025-09-27 11:59:59,1574061.4840300,20648,13742334,815487.6977400
1758974400000,2025-09-27 12:00:00,0.0590200,0.0595600,0.0580400,0.0584900,21749122,1758988799999,2025-09-27 15:59:59,1278845.3835100,17376,9667961,568741.1163100
1758988800000,2025-09-27 16:00:00,0.0585200,0.0598400,0.0570800,0.0593000,65587410,1759003199999,2025-09-27 19:59:59,3822337.0351400,37040,32886254,1916967.0337000
1759003200000,2025-09-27 20:00:00,0.0592900,0.0608500,0.0589000,0.0590500,60998227,1759017599999,2025-09-27 23:59:59,3638070.4948200,37782,28481970,1697969.6397800
1759017600000,2025-09-28 00:00:00,0.0590600,0.0591900,0.0576300,0.0583100,29159891,1759031999999,2025-09-28 03:59:59,1701747.8780200,21267,13593152,793258.4454900
1759032000000,2025-09-28 04:00:00,0.0582800,0.0585900,0.0573400,0.0574900,23826940,1759046399999,2025-09-28 07:59:59,1381969.7331500,15731,12235077,709758.1947600
1759046400000,2025-09-28 08:00:00,0.0574900,0.0578200,0.0565700,0.0571300,29340351,1759060799999,2025-09-28 11:59:59,1677159.8399900,20221,12465434,712827.4300800
1759060800000,2025-09-28 12:00:00,0.0571200,0.0576800,0.0561300,0.0572900,36382744,1759075199999,2025-09-28 15:59:59,2073506.3781900,20706,17515667,998050.9012600
1759075200000,2025-09-28 16:00:00,0.0572900,0.0579500,0.0571100,0.0572300,23468683,1759089599999,2025-09-28 19:59:59,1348139.0768500,16734,11213923,644195.9768200
1759089600000,2025-09-28 20:00:00,0.0572300,0.0585600,0.0572000,0.0583900,30200922,1759103999999,2025-09-28 23:59:59,1747551.2387700,21603,12627585,731309.6986300
1759104000000,2025-09-29 00:00:00,0.0583900,0.0586500,0.0578400,0.0580700,12805126,1759118399999,2025-09-29 03:59:59,745965.2472500,12564,5842681,340473.8538200
1759118400000,2025-09-29 04:00:00,0.0580900,0.0581100,0.0563200,0.0568800,17487796,1759132799999,2025-09-29 07:59:59,999491.4325600,16012,8204089,468843.5111500
1759132800000,2025-09-29 08:00:00,0.0568900,0.0602200,0.0565700,0.0595200,101738617,1759147199999,2025-09-29 11:59:59,6006659.6425900,57069,56456608,3333229.6873300
1759147200000,2025-09-29 12:00:00,0.0595000,0.0599000,0.0573200,0.0584900,54922868,1759161599999,2025-09-29 15:59:59,3219866.0943000,42521,25654232,1504240.6481800
1759161600000,2025-09-29 16:00:00,0.0584900,0.0602900,0.0574900,0.0595400,56297121,1759175999999,2025-09-29 19:59:59,3324186.0876400,40915,26342300,1555001.7109000
1759176000000,2025-09-29 20:00:00,0.0595300,0.0600700,0.0577000,0.0582600,31224973,1759190399999,2025-09-29 23:59:59,1840941.9407100,22006,12402863,732033.0272000
1759190400000,2025-09-30 00:00:00,0.0582500,0.0582500,0.0566300,0.0572200,21812740,1759204799999,2025-09-30 03:59:59,1249749.2953300,21747,10397035,595813.6709300
1759204800000,2025-09-30 04:00:00,0.0572200,0.0581100,0.0567700,0.0569700,22773023,1759219199999,2025-09-30 07:59:59,1308359.5549300,21519,11435991,657441.8760000
1759219200000,2025-09-30 08:00:00,0.0569400,0.0574200,0.0566300,0.0571300,20632354,1759233599999,2025-09-30 11:59:59,1175943.0377100,18372,10074486,574296.4923000
1759233600000,2025-09-30 12:00:00,0.0571100,0.0594000,0.0564000,0.0584800,47387719,1759247999999,2025-09-30 15:59:59,2747366.4019600,40100,23977266,1391359.2251600
1759248000000,2025-09-30 16:00:00,0.0584500,0.0610700,0.0571800,0.0592300,82257777,1759262399999,2025-09-30 19:59:59,4853666.3357000,52403,41044540,2419730.6250400
1759262400000,2025-09-30 20:00:00,0.0592300,0.0597500,0.0580500,0.0581800,32355400,1759276799999,2025-09-30 23:59:59,1905947.6610300,27140,12831584,756143.2758500
1759276800000,2025-10-01 00:00:00,0.0581900,0.0585900,0.0574300,0.0575800,18574687,1759291199999,2025-10-01 03:59:59,1077862.9555400,19570,8761430,508224.1502800
1759291200000,2025-10-01 04:00:00,0.0576000,0.0581300,0.0569100,0.0573700,18413734,1759305599999,2025-10-01 07:59:59,1058727.3776100,19142,8042742,462497.8063000
1759305600000,2025-10-01 08:00:00,0.0573700,0.0626600,0.0571400,0.0614500,82833857,1759319999999,2025-10-01 11:59:59,5040386.6821800,62015,41031538,2497706.7294900
1759320000000,2025-10-01 12:00:00,0.0614400,0.0629900,0.0605000,0.0620500,62191560,1759334399999,2025-10-01 15:59:59,3834742.6765400,42259,27471627,1696034.4056100
1759334400000,2025-10-01 16:00:00,0.0620600,0.0644100,0.0611100,0.0634600,65652334,1759348799999,2025-10-01 19:59:59,4120367.3457700,45063,33092536,2079130.8737900
1759348800000,2025-10-01 20:00:00,0.0634700,0.0636900,0.0617600,0.0626400,43024679,1759363199999,2025-10-01 23:59:59,2698443.9718400,34356,21086079,1323339.8377600
1759363200000,2025-10-02 00:00:00,0.0626200,0.0644200,0.0622800,0.0638300,20483877,1759377599999,2025-10-02 03:59:59,1296744.7334800,20505,10509833,665550.5054900
1759377600000,2025-10-02 04:00:00,0.0638200,0.0640500,0.0623100,0.0624000,28015112,1759391999999,2025-10-02 07:59:59,1772169.8953700,22818,12783994,809012.5990300
1759392000000,2025-10-02 08:00:00,0.0624200,0.0629100,0.0621000,0.0623700,15695405,1759406399999,2025-10-02 11:59:59,982802.2051400,15474,7432970,465607.3618600
1759406400000,2025-10-02 12:00:00,0.0623600,0.0631400,0.0603100,0.0613200,53938319,1759420799999,2025-10-02 15:59:59,3313217.3970500,35709,24305838,1492998.4704100
1759420800000,2025-10-02 16:00:00,0.0613400,0.0621600,0.0602500,0.0617700,49952921,1759435199999,2025-10-02 19:59:59,3058755.5826900,32975,23048991,1411528.7736200
1759435200000,2025-10-02 20:00:00,0.0617800,0.0621300,0.0605600,0.0613700,29578465,1759449599999,2025-10-02 23:59:59,1812588.7310900,21824,11923822,730913.8817400
1759449600000,2025-10-03 00:00:00,0.0613700,0.0616300,0.0603600,0.0604700,24773992,1759463999999,2025-10-03 03:59:59,1506856.5682900,21431,12182514,741387.3526100
1759464000000,2025-10-03 04:00:00,0.0604300,0.0611700,0.0600900,0.0604500,20224048,1759478399999,2025-10-03 07:59:59,1225517.5366700,21573,8788079,533123.1017000
1759478400000,2025-10-03 08:00:00,0.0604800,0.0604800,0.0590100,0.0592300,28355386,1759492799999,2025-10-03 11:59:59,1693916.0233700,21896,10653949,636437.1670900
1759492800000,2025-10-03 12:00:00,0.0592500,0.0606400,0.0590200,0.0604100,43688206,1759507199999,2025-10-03 15:59:59,2615336.9290100,30742,18906897,1131926.3476400
1759507200000,2025-10-03 16:00:00,0.0604100,0.0625600,0.0592300,0.0623200,70538878,1759521599999,2025-10-03 19:59:59,4309599.2166200,48692,35083318,2146814.8862300
1759521600000,2025-10-03 20:00:00,0.0623200,0.0625000,0.0610000,0.0612200,26861179,1759535999999,2025-10-03 23:59:59,1657917.8756500,21159,12582583,776889.9682100
1759536000000,2025-10-04 00:00:00,0.0612300,0.0614400,0.0593800,0.0596900,29211906,1759550399999,2025-10-04 03:59:59,1753295.5895400,25320,12649815,758955.7534100
1759550400000,2025-10-04 04:00:00,0.0596900,0.0603400,0.0593700,0.0598000,20703222,1759564799999,2025-10-04 07:59:59,1237904.1525200,19416,9521381,569525.2384600
1759564800000,2025-10-04 08:00:00,0.0597800,0.0597800,0.0580000,0.0583900,30371649,1759579199999,2025-10-04 11:59:59,1787769.1346300,24411,13279907,781887.5112400
1759579200000,2025-10-04 12:00:00,0.0584100,0.0590800,0.0573300,0.0576800,25574362,1759593599999,2025-10-04 15:59:59,1487218.8351600,21133,11915642,692996.0326500
1759593600000,2025-10-04 16:00:00,0.0576600,0.0583000,0.0571100,0.0578100,19870716,1759607999999,2025-10-04 19:59:59,1146671.9763200,20993,9187550,530379.4548200
1759608000000,2025-10-04 20:00:00,0.0578100,0.0591200,0.0578100,0.0588500,10428355,1759622399999,2025-10-04 23:59:59,609544.0945500,18625,5700606,333278.0793000
1759622400000,2025-10-05 00:00:00,0.0588500,0.0606200,0.0584600,0.0599100,18948496,1759636799999,2025-10-05 03:59:59,1129637.9957200,19654,9060260,539935.5465400
1759636800000,2025-10-05 04:00:00,0.0599000,0.0615900,0.0597500,0.0615400,24561255,1759651199999,2025-10-05 07:59:59,1484585.9370200,21509,11238702,679492.9970200
1759651200000,2025-10-05 08:00:00,0.0615200,0.0617000,0.0588000,0.0592600,27623075,1759665599999,2025-10-05 11:59:59,1655685.8473500,21680,12117892,725831.0212800
1759665600000,2025-10-05 12:00:00,0.0592500,0.0592500,0.0583600,0.0589500,13209857,1759679999999,2025-10-05 15:59:59,777333.1352000,13393,6045451,355886.8818000
1759680000000,2025-10-05 16:00:00,0.0589500,0.0589800,0.0565000,0.0566700,24422114,1759694399999,2025-10-05 19:59:59,1410243.2666700,21690,10383839,600328.9444100
1759694400000,2025-10-05 20:00:00,0.0566500,0.0571800,0.0564600,0.0567800,14423436,1759708799999,2025-10-05 23:59:59,820000.5719100,13133,7259257,412849.6509400
1759708800000,2025-10-06 00:00:00,0.0567900,0.0573400,0.0542400,0.0567900,41382830,1759723199999,2025-10-06 03:59:59,2320008.3291100,32825,16353366,917861.2974200
1759723200000,2025-10-06 04:00:00,0.0567900,0.0574000,0.0557600,0.0563100,24963078,1759737599999,2025-10-06 07:59:59,1412364.2615200,23919,10523942,595455.9411600
1759737600000,2025-10-06 08:00:00,0.0563400,0.0575400,0.0562000,0.0569500,27312228,1759751999999,2025-10-06 11:59:59,1550587.5245700,24368,13568950,770440.8032100
1759752000000,2025-10-06 12:00:00,0.0569200,0.0598200,0.0568800,0.0594200,32417684,1759766399999,2025-10-06 15:59:59,1886630.5326900,26567,17213088,1002557.5144200
1759766400000,2025-10-06 16:00:00,0.0594200,0.0598000,0.0588000,0.0592300,32742123,1759780799999,2025-10-06 19:59:59,1943294.4654500,28836,14907526,885054.0069500
1759780800000,2025-10-06 20:00:00,0.0592400,0.0593900,0.0583000,0.0583900,16789758,1759795199999,2025-10-06 23:59:59,988987.2783500,15548,6219777,366548.2767000
1759795200000,2025-10-07 00:00:00,0.0583800,0.0588200,0.0576400,0.0580400,13283375,1759809599999,2025-10-07 03:59:59,773027.6962500,13177,5466370,318233.8966400
1759809600000,2025-10-07 04:00:00,0.0580300,0.0587300,0.0571000,0.0572100,15071352,1759823999999,2025-10-07 07:59:59,872242.0276300,14882,7392197,428294.5565700
1759824000000,2025-10-07 08:00:00,0.0572100,0.0577700,0.0564100,0.0576300,20744506,1759838399999,2025-10-07 11:59:59,1185946.1890400,17581,10172624,582006.9079300
1759838400000,2025-10-07 12:00:00,0.0576100,0.0580600,0.0531600,0.0541700,60542855,1759852799999,2025-10-07 15:59:59,3374601.8217600,36285,28363916,1582874.6025400
1759852800000,2025-10-07 16:00:00,0.0541500,0.0546500,0.0534000,0.0535000,28691030,1759867199999,2025-10-07 19:59:59,1547244.8419400,21167,13854389,747588.0173400
1759867200000,2025-10-07 20:00:00,0.0535000,0.0541500,0.0520100,0.0522700,20650591,1759881599999,2025-10-07 23:59:59,1096833.1811500,20657,9038807,480721.0904400
1759881600000,2025-10-08 00:00:00,0.0522700,0.0536000,0.0517600,0.0519900,23073519,1759895999999,2025-10-08 03:59:59,1214918.4928900,16618,11887372,626721.0710800
1759896000000,2025-10-08 04:00:00,0.0520000,0.0525700,0.0515300,0.0521600,17483464,1759910399999,2025-10-08 07:59:59,908620.0879600,13791,7951724,413408.9910700
1759910400000,2025-10-08 08:00:00,0.0521700,0.0532200,0.0518100,0.0518900,28775658,1759924799999,2025-10-08 11:59:59,1511409.3119700,19071,13642097,716488.0757900
1759924800000,2025-10-08 12:00:00,0.0518900,0.0531100,0.0517800,0.0522200,22130771,1759939199999,2025-10-08 15:59:59,1156592.3875700,19186,12206376,637936.8318100
1759939200000,2025-10-08 16:00:00,0.0522200,0.0536700,0.0520300,0.0530000,28797724,1759953599999,2025-10-08 19:59:59,1525417.4615200,20733,14310448,757962.5406500
1759953600000,2025-10-08 20:00:00,0.0529900,0.0532100,0.0521800,0.0524200,12489763,1759967999999,2025-10-08 23:59:59,658941.4376400,11356,5068586,267508.1081800
1759968000000,2025-10-09 00:00:00,0.0524200,0.0527700,0.0500100,0.0512900,30854388,1759982399999,2025-10-09 03:59:59,1583663.2475000,21852,11073078,569044.0381400
1759982400000,2025-10-09 04:00:00,0.0512800,0.0525700,0.0504500,0.0505400,22261644,1759996799999,2025-10-09 07:59:59,1144046.0169600,21238,10961724,563157.6447500
1759996800000,2025-10-09 08:00:00,0.0505500,0.0508000,0.0491200,0.0495900,39687158,1760011199999,2025-10-09 11:59:59,1976347.2582300,26052,16300154,812029.3734000
1760011200000,2025-10-09 12:00:00,0.0496000,0.0506200,0.0488800,0.0496300,40817118,1760025599999,2025-10-09 15:59:59,2029357.6496000,24806,19563138,973191.3866300
1760025600000,2025-10-09 16:00:00,0.0496300,0.0506700,0.0493100,0.0500700,25101243,1760039999999,2025-10-09 19:59:59,1253835.0468600,20252,12813963,640209.7264300
1760040000000,2025-10-09 20:00:00,0.0500900,0.0505700,0.0498000,0.0499000,11724672,1760054399999,2025-10-09 23:59:59,587090.7767800,12153,5968122,298937.7223600
1760054400000,2025-10-10 00:00:00,0.0499100,0.0511500,0.0495000,0.0506600,18505608,1760068799999,2025-10-10 03:59:59,928652.0110300,14895,9790288,491378.7819700
1760068800000,2025-10-10 04:00:00,0.0506500,0.0512500,0.0498000,0.0499900,16732693,1760083199999,2025-10-10 07:59:59,844970.5382800,16112,8402279,424479.7378900
1760083200000,2025-10-10 08:00:00,0.0499800,0.0508100,0.0498400,0.0504400,14235237,1760097599999,2025-10-10 11:59:59,715359.3258300,14541,7405575,372241.4018500
1760097600000,2025-10-10 12:00:00,0.0504300,0.0507000,0.0460400,0.0467100,63126541,1760111999999,2025-10-10 15:59:59,3049762.8399600,35132,26899133,1305274.9223800
1760112000000,2025-10-10 16:00:00,0.0467100,0.0487400,0.0457900,0.0463000,67648471,1760126399999,2025-10-10 19:59:59,3192390.2350500,35558,30922675,1459942.5943700
1760126400000,2025-10-10 20:00:00,0.0463000,0.0466700,0.0107400,0.0347200,281849855,1760140799999,2025-10-10 23:59:59,8802200.8418100,104854,126502467,3834159.9249600
1760140800000,2025-10-11 00:00:00,0.0347300,0.0357900,0.0318100,0.0331600,78880120,1760155199999,2025-10-11 03:59:59,2666784.8758500,50746,36932090,1248935.6457100
1760155200000,2025-10-11 04:00:00,0.0331700,0.0348500,0.0331600,0.0341700,43406502,1760169599999,2025-10-11 07:59:59,1477380.8734400,35379,18740271,637940.8591900
1760169600000,2025-10-11 08:00:00,0.0341700,0.0366100,0.0340300,0.0363900,45048854,1760183999999,2025-10-11 11:59:59,1604931.2056900,36835,19874834,707748.2029700
1760184000000,2025-10-11 12:00:00,0.0363900,0.0399900,0.0352100,0.0391000,109563437,1760198399999,2025-10-11 15:59:59,4109445.9186900,71703,58489004,2199196.6650900
1760198400000,2025-10-11 16:00:00,0.0391700,0.0423000,0.0373800,0.0388600,222296746,1760212799999,2025-10-11 19:59:59,8913468.0680800,130463,107062716,4291967.7829600
1760212800000,2025-10-11 20:00:00,0.0388600,0.0393200,0.0367300,0.0387100,104082489,1760227199999,2025-10-11 23:59:59,3972267.7785600,52664,52429112,2003281.5306000
1760227200000,2025-10-12 00:00:00,0.0387100,0.0400900,0.0371900,0.0390900,89873676,1760241599999,2025-10-12 03:59:59,3474039.5546400,52573,42947628,1658997.7166200
1760241600000,2025-10-12 04:00:00,0.0390900,0.0437000,0.0386800,0.0424300,279432479,1760255999999,2025-10-12 07:59:59,11680956.0293300,167742,138484724,5792301.8137600
1760256000000,2025-10-12 08:00:00,0.0424300,0.0427900,0.0392100,0.0397600,105787047,1760270399999,2025-10-12 11:59:59,4308758.2362400,61725,48325934,1966633.2167700
1760270400000,2025-10-12 12:00:00,0.0397600,0.0412800,0.0388400,0.0407800,118144004,1760284799999,2025-10-12 15:59:59,4735344.1761600,66205,58253680,2335356.7390500
1760284800000,2025-10-12 16:00:00,0.0407900,0.0432200,0.0403600,0.0431500,68284837,1760299199999,2025-10-12 19:59:59,2830515.4214800,41844,33025833,1369417.1716600
1760299200000,2025-10-12 20:00:00,0.0431500,0.0434700,0.0425500,0.0430300,45044513,1760313599999,2025-10-12 23:59:59,1937687.7355600,29111,20050673,862846.4129900
1760313600000,2025-10-13 00:00:00,0.0430300,0.0447000,0.0423700,0.0430400,48776633,1760327999999,2025-10-13 03:59:59,2120094.4189200,31018,23325232,1014838.5153500
1760328000000,2025-10-13 04:00:00,0.0430600,0.0443600,0.0427700,0.0435500,29745536,1760342399999,2025-10-13 07:59:59,1291949.5619200,22218,14210504,617408.7146800
1760342400000,2025-10-13 08:00:00,0.0435600,0.0464000,0.0434800,0.0458500,71636010,1760356799999,2025-10-13 11:59:59,3211131.8997700,39892,33425275,1499487.2113800
1760356800000,2025-10-13 12:00:00,0.0458300,0.0480100,0.0445100,0.0461700,107904836,1760371199999,2025-10-13 15:59:59,4982704.1509600,62632,49842084,2304658.1960100
1760371200000,2025-10-13 16:00:00,0.0461500,0.0466900,0.0449000,0.0465300,37460741,1760385599999,2025-10-13 19:59:59,1717299.6521800,27252,16780067,769406.1801800
1760385600000,2025-10-13 20:00:00,0.0465300,0.0469800,0.0458000,0.0459900,27603665,1760399999999,2025-10-13 23:59:59,1279652.1869100,19531,12874075,597177.5520200
1760400000000,2025-10-14 00:00:00,0.0460000,0.0462000,0.0437400,0.0437900,28605751,1760414399999,2025-10-14 03:59:59,1285204.4457600,23987,12185883,547443.3002400
1760414400000,2025-10-14 04:00:00,0.0438200,0.0443400,0.0404500,0.0415300,47454070,1760428799999,2025-10-14 07:59:59,2015153.7125800,28343,22910135,973638.3717900
1760428800000,2025-10-14 08:00:00,0.0415000,0.0420800,0.0400900,0.0408200,39914545,1760443199999,2025-10-14 11:59:59,1643291.3522400,23718,18619181,767270.8736500
1760443200000,2025-10-14 12:00:00,0.0408200,0.0430300,0.0398800,0.0429200,44617409,1760457599999,2025-10-14 15:59:59,1848280.0943300,22853,24484744,1014622.4495100
1760457600000,2025-10-14 16:00:00,0.0429400,0.0439000,0.0420300,0.0426900,32707947,1760471999999,2025-10-14 19:59:59,1404960.2316900,20257,14641246,629237.1023900
1760472000000,2025-10-14 20:00:00,0.0427000,0.0434000,0.0422600,0.0430900,12427992,1760486399999,2025-10-14 23:59:59,533161.4598600,9422,6326488,271269.6392500
1760486400000,2025-10-15 00:00:00,0.0430700,0.0435800,0.0424300,0.0428400,14259997,1760500799999,2025-10-15 03:59:59,612947.2142000,12846,5830906,250551.6840500
1760500800000,2025-10-15 04:00:00,0.0428400,0.0439000,0.0425700,0.0435300,20724861,1760515199999,2025-10-15 07:59:59,895019.4024900,16490,10022112,433196.5348900
1760515200000,2025-10-15 08:00:00,0.0435400,0.0443300,0.0426600,0.0428100,20831441,1760529599999,2025-10-15 11:59:59,904837.4517000,13365,10360904,449910.3304600
1760529600000,2025-10-15 12:00:00,0.0428200,0.0441700,0.0411800,0.0422200,52311823,1760543999999,2025-10-15 15:59:59,2234322.6791900,28955,24639172,1053913.2251900
1760544000000,2025-10-15 16:00:00,0.0422200,0.0425300,0.0414000,0.0416300,26373374,1760558399999,2025-10-15 19:59:59,1111743.5000000,17249,13403167,564983.9579900
1760558400000,2025-10-15 20:00:00,0.0416600,0.0418800,0.0407100,0.0414900,19249348,1760572799999,2025-10-15 23:59:59,795521.4459200,12572,10806934,446890.0880500
1760572800000,2025-10-16 00:00:00,0.0415000,0.0421900,0.0412500,0.0417700,10125875,1760587199999,2025-10-16 03:59:59,422664.5421300,9403,5314558,221828.7513000
1760587200000,2025-10-16 04:00:00,0.0417700,0.0426900,0.0414400,0.0419000,13862107,1760601599999,2025-10-16 07:59:59,582946.2259300,11849,6556188,275699.3966500
1760601600000,2025-10-16 08:00:00,0.0419200,0.0424900,0.0396700,0.0422800,20495467,1760615999999,2025-10-16 11:59:59,852030.2895600,13354,9517240,396289.2910600
1760616000000,2025-10-16 12:00:00,0.0423000,0.0444900,0.0405100,0.0410100,72901894,1760630399999,2025-10-16 15:59:59,3117705.0768000,34427,36408389,1560454.4376500
1760630400000,2025-10-16 16:00:00,0.0410100,0.0419300,0.0390100,0.0396800,42534693,1760644799999,2025-10-16 19:59:59,1724241.5429300,24078,19384582,786760.1927900
1760644800000,2025-10-16 20:00:00,0.0396900,0.0399200,0.0385900,0.0397500,19181131,1760659199999,2025-10-16 23:59:59,755457.0592200,12772,9256344,364774.3962800
1760659200000,2025-10-17 00:00:00,0.0397400,0.0402900,0.0393400,0.0402100,21937231,1760673599999,2025-10-17 03:59:59,873398.5286200,15732,9437255,375554.7893600
1760673600000,2025-10-17 04:00:00,0.0402100,0.0402400,0.0369200,0.0370500,33434715,1760687999999,2025-10-17 07:59:59,1280766.7518700,17861,16058606,615210.2513000
1760688000000,2025-10-17 08:00:00,0.0370900,0.0383900,0.0365900,0.0379200,45963698,1760702399999,2025-10-17 11:59:59,1717585.5134200,23151,22755063,850305.1185000
1760702400000,2025-10-17 12:00:00,0.0378900,0.0386000,0.0374100,0.0385800,24839200,1760716799999,2025-10-17 15:59:59,943063.6468100,14001,12569225,477171.8272800
1760716800000,2025-10-17 16:00:00,0.0385700,0.0392400,0.0383200,0.0391700,16109799,1760731199999,2025-10-17 19:59:59,624442.4707700,10544,6945106,269268.0692600
1760731200000,2025-10-17 20:00:00,0.0391700,0.0399900,0.0389100,0.0391300,10396722,1760745599999,2025-10-17 23:59:59,409911.4884800,7996,4452407,175548.2378400
1760745600000,2025-10-18 00:00:00,0.0391100,0.0397800,0.0387800,0.0396900,10382754,1760759999999,2025-10-18 03:59:59,406964.2770000,7866,5320142,208504.8046100
1760760000000,2025-10-18 04:00:00,0.0396900,0.0405600,0.0390800,0.0399400,12635337,1760774399999,2025-10-18 07:59:59,503090.4498000,8899,6295484,250745.9043500
1760774400000,2025-10-18 08:00:00,0.0399300,0.0402900,0.0394200,0.0402500,9750654,1760788799999,2025-10-18 11:59:59,388698.8527100,7488,4210093,167864.5053100
1760788800000,2025-10-18 12:00:00,0.0402400,0.0402600,0.0389200,0.0394100,10642162,1760803199999,2025-10-18 15:59:59,420626.5224700,7208,4766481,188299.6846800
1760803200000,2025-10-18 16:00:00,0.0394100,0.0397400,0.0388000,0.0394400,13248985,1760817599999,2025-10-18 19:59:59,519722.4711900,8490,5643224,221421.6052800
1760817600000,2025-10-18 20:00:00,0.0394200,0.0397900,0.0392600,0.0395100,6964576,1760831999999,2025-10-18 23:59:59,275436.7500900,6583,2900203,114627.4306100
1760832000000,2025-10-19 00:00:00,0.0395000,0.0396100,0.0388300,0.0396100,6426715,1760846399999,2025-10-19 03:59:59,251956.3029300,5683,2603847,102106.0958300
1760846400000,2025-10-19 04:00:00,0.0395900,0.0397200,0.0387000,0.0390600,9637441,1760860799999,2025-10-19 07:59:59,377886.3159600,6303,4541607,177943.7831600
1760860800000,2025-10-19 08:00:00,0.0390500,0.0406900,0.0385800,0.0401200,19548087,1760875199999,2025-10-19 11:59:59,772781.9384100,13810,9966904,394273.5013700
1760875200000,2025-10-19 12:00:00,0.0401600,0.0411400,0.0398500,0.0407800,10471292,1760889599999,2025-10-19 15:59:59,425079.7482200,9081,4887762,198382.1993700
1760889600000,2025-10-19 16:00:00,0.0407800,0.0412600,0.0404700,0.0408200,10540886,1760903999999,2025-10-19 19:59:59,430088.9104000,9103,4244547,173225.1838100
1760904000000,2025-10-19 20:00:00,0.0408300,0.0408800,0.0401300,0.0402200,6123123,1760918399999,2025-10-19 23:59:59,247974.5961100,5487,2708165,109691.4021900
1760918400000,2025-10-20 00:00:00,0.0402200,0.0411700,0.0392800,0.0410400,11157350,1760932799999,2025-10-20 03:59:59,445345.3030400,8014,5358085,213943.5824600
1760932800000,2025-10-20 04:00:00,0.0410800,0.0416400,0.0407700,0.0413600,8930854,1760947199999,2025-10-20 07:59:59,367892.2179400,6693,4810255,198084.0509300
1760947200000,2025-10-20 08:00:00,0.0413600,0.0415700,0.0407000,0.0410700,8085648,1760961599999,2025-10-20 11:59:59,332594.3878300,6818,3982190,163884.1948700
1760961600000,2025-10-20 12:00:00,0.0410500,0.0415000,0.0404600,0.0405000,9001454,1760975999999,2025-10-20 15:59:59,369549.2164000,6386,4577993,188040.4198300
1760976000000,2025-10-20 16:00:00,0.0404800,0.0406200,0.0397700,0.0404500,16838580,1760990399999,2025-10-20 19:59:59,675820.2205200,13767,7813666,313734.9314200
1760990400000,2025-10-20 20:00:00,0.0404500,0.0410800,0.0402700,0.0403600,6344831,1761004799999,2025-10-20 23:59:59,257683.4898400,4741,2754571,111943.1818200
1761004800000,2025-10-21 00:00:00,0.0403900,0.0404800,0.0394600,0.0395200,7050780,1761019199999,2025-10-21 03:59:59,282471.0161300,4942,2898578,116223.5460700
1761019200000,2025-10-21 04:00:00,0.0395100,0.0395700,0.0384200,0.0391400,9563191,1761033599999,2025-10-21 07:59:59,371886.7445700,6204,4811899,187161.1875800
1761033600000,2025-10-21 08:00:00,0.0391400,0.0393900,0.0385000,0.0391400,8855468,1761047999999,2025-10-21 11:59:59,344723.1743700,5597,4150403,161573.0320500
1761048000000,2025-10-21 12:00:00,0.0391600,0.0415700,0.0388500,0.0413500,21265600,1761062399999,2025-10-21 15:59:59,856599.6940100,11362,10905670,439284.0410200
1761062400000,2025-10-21 16:00:00,0.0413300,0.0416900,0.0402300,0.0402500,17051152,1761076799999,2025-10-21 19:59:59,696737.2497900,10063,7527601,307628.5632400
1761076800000,2025-10-21 20:00:00,0.0402500,0.0404000,0.0376000,0.0378700,16268798,1761091199999,2025-10-21 23:59:59,635860.7860900,9000,7464638,291422.7363000
1761091200000,2025-10-22 00:00:00,0.0378600,0.0382400,0.0375500,0.0378500,13609131,1761105599999,2025-10-22 03:59:59,515782.2514900,7849,6920990,262304.0444700
1761105600000,2025-10-22 04:00:00,0.0378300,0.0383600,0.0374600,0.0381400,17850401,1761119999999,2025-10-22 07:59:59,677137.2287000,8180,9679001,367207.0371800
1761120000000,2025-10-22 08:00:00,0.0381500,0.0384000,0.0370700,0.0379800,15173184,1761134399999,2025-10-22 11:59:59,574959.5933600,8515,6896933,261395.6569900
1761134400000,2025-10-22 12:00:00,0.0379600,0.0387600,0.0378000,0.0384000,14350695,1761148799999,2025-10-22 15:59:59,548360.5423500,9077,7306598,279256.0377800
1761148800000,2025-10-22 16:00:00,0.0384300,0.0385700,0.0368600,0.0374300,12136159,1761163199999,2025-10-22 19:59:59,458389.2270900,8034,5283582,199514.7844600
1761163200000,2025-10-22 20:00:00,0.0374300,0.0375600,0.0355700,0.0369000,14422309,1761177599999,2025-10-22 23:59:59,524302.7029200,8438,6415680,233529.0693900
1761177600000,2025-10-23 00:00:00,0.0369000,0.0374100,0.0369000,0.0372400,7507512,1761191999999,2025-10-23 03:59:59,278922.5985400,4787,3616670,134436.5979400
1761192000000,2025-10-23 04:00:00,0.0372400,0.0381700,0.0371800,0.0379200,7574228,1761206399999,2025-10-23 07:59:59,285360.4360500,5019,4118747,155051.8212800
1761206400000,2025-10-23 08:00:00,0.0379200,0.0383600,0.0376300,0.0377100,9089201,1761220799999,2025-10-23 11:59:59,345614.0973100,5691,4579504,174292.3448400
1761220800000,2025-10-23 12:00:00,0.0377300,0.0388900,0.0372100,0.0382700,23056261,1761235199999,2025-10-23 15:59:59,879427.0557200,10571,12985033,495912.4270400
1761235200000,2025-10-23 16:00:00,0.0382800,0.0393300,0.0382800,0.0385500,11690498,1761249599999,2025-10-23 19:59:59,452157.2925400,7135,4234569,163986.8906500
1761249600000,2025-10-23 20:00:00,0.0385500,0.0386900,0.0379600,0.0384800,6034888,1761263999999,2025-10-23 23:59:59,231196.1964400,4097,3049363,116816.4734400
1761264000000,2025-10-24 00:00:00,0.0384800,0.0388800,0.0384500,0.0387500,5837410,1761278399999,2025-10-24 03:59:59,225862.7928200,4409,2936137,113565.8622100
1761278400000,2025-10-24 04:00:00,0.0387600,0.0395200,0.0386500,0.0390100,9493839,1761292799999,2025-10-24 07:59:59,371385.1127800,5730,4834039,189143.5840300
1761292800000,2025-10-24 08:00:00,0.0389900,0.0392000,0.0383600,0.0387000,4651771,1761307199999,2025-10-24 11:59:59,180745.2853800,4317,2375927,92404.8959500
1761307200000,2025-10-24 12:00:00,0.0387100,0.0397600,0.0382200,0.0383500,12428168,1761321599999,2025-10-24 15:59:59,483479.6392800,7217,5854110,227923.2694600
1761321600000,2025-10-24 16:00:00,0.0383400,0.0388100,0.0379600,0.0387200,8293353,1761335999999,2025-10-24 19:59:59,318485.0662900,4897,3904637,150111.2852700
1761336000000,2025-10-24 20:00:00,0.0387300,0.0391000,0.0385900,0.0389400,3776903,1761350399999,2025-10-24 23:59:59,146788.0765800,3722,2154867,83754.2595000
1761350400000,2025-10-25 00:00:00,0.0389400,0.0389700,0.0385200,0.0385600,3790525,1761364799999,2025-10-25 03:59:59,146923.7726800,3624,1895778,73466.1543400
1761364800000,2025-10-25 04:00:00,0.0385600,0.0388500,0.0383500,0.0384700,4028498,1761379199999,2025-10-25 07:59:59,155292.2109900,3454,2057850,79332.8608600
1761379200000,2025-10-25 08:00:00,0.0384800,0.0388900,0.0382600,0.0383900,5062344,1761393599999,2025-10-25 11:59:59,195292.8604000,3281,2426793,93594.0621200
1761393600000,2025-10-25 12:00:00,0.0383800,0.0386900,0.0383100,0.0384800,5367075,1761407999999,2025-10-25 15:59:59,206440.6703800,3509,3124873,120194.8890100
1761408000000,2025-10-25 16:00:00,0.0384900,0.0390700,0.0382300,0.0390100,7620172,1761422399999,2025-10-25 19:59:59,293982.1528100,4951,3953907,152638.7359400
1761422400000,2025-10-25 20:00:00,0.0390200,0.0392700,0.0387200,0.0387600,4840290,1761436799999,2025-10-25 23:59:59,188675.7982700,3902,2217864,86508.3416300
1761436800000,2025-10-26 00:00:00,0.0387600,0.0387900,0.0382600,0.0385000,5595867,1761451199999,2025-10-26 03:59:59,215603.9368500,4496,2481990,95646.7147600
1761451200000,2025-10-26 04:00:00,0.0385000,0.0390200,0.0384700,0.0389600,4307838,1761465599999,2025-10-26 07:59:59,166977.3485800,3344,2118853,82182.0359900
1761465600000,2025-10-26 08:00:00,0.0389600,0.0397800,0.0388400,0.0396000,7292977,1761479999999,2025-10-26 11:59:59,285830.4485400,5262,3486255,136591.1025300
1761480000000,2025-10-26 12:00:00,0.0396300,0.0397700,0.0391300,0.0395700,9674556,1761494399999,2025-10-26 15:59:59,381855.9493700,6108,4774919,188508.7217800
1761494400000,2025-10-26 16:00:00,0.0395700,0.0395700,0.0388200,0.0390100,5776374,1761508799999,2025-10-26 19:59:59,226171.6306500,6474,2531510,99203.2848900
1761508800000,2025-10-26 20:00:00,0.0390100,0.0400600,0.0387100,0.0396800,14914121,1761523199999,2025-10-26 23:59:59,589048.7893000,7732,8373655,330724.1227600
1761523200000,2025-10-27 00:00:00,0.0396800,0.0405700,0.0395400,0.0402300,8183740,1761537599999,2025-10-27 03:59:59,328337.9078200,5758,3539432,141973.8407600
1761537600000,2025-10-27 04:00:00,0.0402300,0.0404800,0.0393600,0.0397400,14041226,1761551999999,2025-10-27 07:59:59,561025.1491500,7163,5854399,234093.3193200
1761552000000,2025-10-27 08:00:00,0.0397200,0.0397500,0.0383400,0.0387300,12163590,1761566399999,2025-10-27 11:59:59,473597.8067300,6869,5521982,214960.0304600
1761566400000,2025-10-27 12:00:00,0.0387300,0.0387300,0.0375200,0.0381400,17404405,1761580799999,2025-10-27 15:59:59,662940.1852500,8458,7852466,298930.5964800
1761580800000,2025-10-27 16:00:00,0.0381600,0.0388100,0.0380400,0.0381400,9065622,1761595199999,2025-10-27 19:59:59,348814.0521300,6060,4087556,157299.2886000
1761595200000,2025-10-27 20:00:00,0.0381300,0.0383100,0.0371400,0.0373500,7326383,1761609599999,2025-10-27 23:59:59,276561.4119200,6015,3432431,129687.9305900
1761609600000,2025-10-28 00:00:00,0.0373300,0.0376900,0.0371700,0.0373600,8019057,1761623999999,2025-10-28 03:59:59,300403.6406500,5323,4336977,162502.0590100
1761624000000,2025-10-28 04:00:00,0.0373400,0.0382900,0.0372900,0.0376200,7311164,1761638399999,2025-10-28 07:59:59,275777.5170200,5507,3437661,129741.4132300
1761638400000,2025-10-28 08:00:00,0.0376100,0.0379100,0.0373000,0.0375200,6305145,1761652799999,2025-10-28 11:59:59,236918.5914600,4300,3192794,119946.8614000
1761652800000,2025-10-28 12:00:00,0.0375000,0.0385900,0.0371400,0.0376700,15641136,1761667199999,2025-10-28 15:59:59,594107.2889700,8030,7444570,282954.4470800
1761667200000,2025-10-28 16:00:00,0.0376500,0.0381800,0.0368200,0.0369100,9774696,1761681599999,2025-10-28 19:59:59,367664.0659500,6250,4342717,163649.7228000
1761681600000,2025-10-28 20:00:00,0.0368600,0.0369000,0.0353400,0.0360600,14414158,1761695999999,2025-10-28 23:59:59,520583.1579100,8463,7261312,262143.5512500
1761696000000,2025-10-29 00:00:00,0.0360600,0.0364800,0.0360000,0.0362100,4673195,1761710399999,2025-10-29 03:59:59,169316.3249500,4098,2097577,76036.8674900
1761710400000,2025-10-29 04:00:00,0.0362100,0.0364600,0.0360400,0.0361300,4364142,1761724799999,2025-10-29 07:59:59,158207.0530200,3860,2522241,91457.9023700
1761724800000,2025-10-29 08:00:00,0.0361200,0.0366000,0.0356300,0.0362400,8635545,1761739199999,2025-10-29 11:59:59,311901.4201800,6756,4257532,153862.5082300
1761739200000,2025-10-29 12:00:00,0.0362300,0.0365300,0.0348900,0.0352700,12606648,1761753599999,2025-10-29 15:59:59,452445.1412600,6940,5867456,210754.8300400
1761753600000,2025-10-29 16:00:00,0.0352400,0.0363800,0.0340400,0.0358300,35852400,1761767999999,2025-10-29 19:59:59,1270536.2032400,15787,17255043,612092.5753700
1761768000000,2025-10-29 20:00:00,0.0358200,0.0363600,0.0350300,0.0351600,10532811,1761782399999,2025-10-29 23:59:59,376904.1223600,6826,5261920,188458.6621500
1761782400000,2025-10-30 00:00:00,0.0351400,0.0356300,0.0349400,0.0350800,6749767,1761796799999,2025-10-30 03:59:59,237935.1193200,5359,3266718,115190.4855600
1761796800000,2025-10-30 04:00:00,0.0351000,0.0351000,0.0333100,0.0345800,16176430,1761811199999,2025-10-30 07:59:59,552263.2358000,9535,8109957,277150.3615500
1761811200000,2025-10-30 08:00:00,0.0345600,0.0345600,0.0335600,0.0336000,10037409,1761825599999,2025-10-30 11:59:59,341332.1695100,7177,4886431,166015.0124500
1761825600000,2025-10-30 12:00:00,0.0335900,0.0337300,0.0318400,0.0320600,22559164,1761839999999,2025-10-30 15:59:59,738622.4190700,11044,9353170,306492.0641600
1761840000000,2025-10-30 16:00:00,0.0320600,0.0330100,0.0310800,0.0313000,22256025,1761854399999,2025-10-30 19:59:59,710487.8365000,9660,10649908,341049.1146600
1761854400000,2025-10-30 20:00:00,0.0313200,0.0321700,0.0311700,0.0320800,8296702,1761868799999,2025-10-30 23:59:59,262111.2638600,6056,3932304,124207.0479600
1761868800000,2025-10-31 00:00:00,0.0320800,0.0327400,0.0320300,0.0325400,5616337,1761883199999,2025-10-31 03:59:59,182402.2999400,4656,2730581,88675.1679300
1761883200000,2025-10-31 04:00:00,0.0325500,0.0329400,0.0322900,0.0323900,7601731,1761897599999,2025-10-31 07:59:59,248164.0002100,4957,3271804,106871.2277600
1761897600000,2025-10-31 08:00:00,0.0323900,0.0327200,0.0321100,0.0327000,5427400,1761911999999,2025-10-31 11:59:59,176064.8456800,3627,3141757,101905.7032800
1761912000000,2025-10-31 12:00:00,0.0327000,0.0329200,0.0322600,0.0325900,12585559,1761926399999,2025-10-31 15:59:59,410449.2455200,6774,6540454,213352.2393000
1761926400000,2025-10-31 16:00:00,0.0326100,0.0327300,0.0315300,0.0326000,12162892,1761940799999,2025-10-31 19:59:59,390804.8558400,7914,6030575,193707.1334900
1761940800000,2025-10-31 20:00:00,0.0325800,0.0326400,0.0320000,0.0320500,4203625,1761955199999,2025-10-31 23:59:59,135508.3870000,4219,1956725,63090.0361400
1761955200000,2025-11-01 00:00:00,0.0320500,0.0325800,0.0318100,0.0325600,6580316,1761969599999,2025-11-01 03:59:59,211772.0948000,4657,3126527,100688.3054700
1761969600000,2025-11-01 04:00:00,0.0325600,0.0331900,0.0322100,0.0329800,13230366,1761983999999,2025-11-01 07:59:59,433215.7412500,6822,7287496,238568.9695000
1761984000000,2025-11-01 08:00:00,0.0329600,0.0332900,0.0328100,0.0330900,7255827,1761998399999,2025-11-01 11:59:59,239788.2257500,4958,3421653,113120.7368400
1761998400000,2025-11-01 12:00:00,0.0331000,0.0332700,0.0326300,0.0329500,10259006,1762012799999,2025-11-01 15:59:59,338699.2082400,5397,5434341,179455.0717900
1762012800000,2025-11-01 16:00:00,0.0329500,0.0333100,0.0329100,0.0330600,7357490,1762027199999,2025-11-01 19:59:59,243765.1511700,5416,3474532,115145.8104000
1762027200000,2025-11-01 20:00:00,0.0330800,0.0335400,0.0329600,0.0333900,4905145,1762041599999,2025-11-01 23:59:59,163185.2528900,4119,2290233,76171.9573400
1762041600000,2025-11-02 00:00:00,0.0334000,0.0334700,0.0328000,0.0328000,4501760,1762055999999,2025-11-02 03:59:59,149170.3365100,4203,2051560,68014.7671900
1762056000000,2025-11-02 04:00:00,0.0328100,0.0352500,0.0327300,0.0350300,40926037,1762070399999,2025-11-02 07:59:59,1396545.4993100,14609,22035978,751716.1042100
1762070400000,2025-11-02 08:00:00,0.0350200,0.0356000,0.0342600,0.0351100,58947603,1762084799999,2025-11-02 11:59:59,2063544.5921000,24138,31432892,1100622.6690100
1762084800000,2025-11-02 12:00:00,0.0350900,0.0351100,0.0335000,0.0339400,28321857,1762099199999,2025-11-02 15:59:59,969782.3346000,13291,12727076,435846.6897300
1762099200000,2025-11-02 16:00:00,0.0339400,0.0343400,0.0334200,0.0341700,24535884,1762113599999,2025-11-02 19:59:59,833158.4376400,10381,13547409,459996.8565700
1762113600000,2025-11-02 20:00:00,0.0341100,0.0348000,0.0338800,0.0346400,36491768,1762127999999,2025-11-02 23:59:59,1253846.8540000,18391,20123240,691820.1052300
1762128000000,2025-11-03 00:00:00,0.0346400,0.0346400,0.0317100,0.0318800,22032770,1762142399999,2025-11-03 03:59:59,733957.3639100,12017,8648838,288183.0870300
1762142400000,2025-11-03 04:00:00,0.0318800,0.0323900,0.0308600,0.0313600,18095441,1762156799999,2025-11-03 07:59:59,571738.7505600,12057,8881817,280744.1270600
1762156800000,2025-11-03 08:00:00,0.0313400,0.0318000,0.0304100,0.0309300,14605546,1762171199999,2025-11-03 11:59:59,454301.2851800,9514,6630399,206230.4400700
1762171200000,2025-11-03 12:00:00,0.0309400,0.0315600,0.0271500,0.0288300,29085459,1762185599999,2025-11-03 15:59:59,870511.5023800,15665,13954052,418566.7101300
1762185600000,2025-11-03 16:00:00,0.0288400,0.0306900,0.0286900,0.0292900,16929765,1762199999999,2025-11-03 19:59:59,503675.8793100,23562,6832106,203939.1148900
1762200000000,2025-11-03 20:00:00,0.0293100,0.0294700,0.0286800,0.0289300,10620743,1762214399999,2025-11-03 23:59:59,309209.6997600,20413,4649238,135351.1718300
1762214400000,2025-11-04 00:00:00,0.0289300,0.0297700,0.0289100,0.0296700,8181366,1762228799999,2025-11-04 03:59:59,240901.2360000,19169,4422463,130176.9026100
1762228800000,2025-11-04 04:00:00,0.0296900,0.0300300,0.0283400,0.0285100,22154277,1762243199999,2025-11-04 07:59:59,647729.5524900,25457,9048477,263674.6047400
1762243200000,2025-11-04 08:00:00,0.0285100,0.0295100,0.0284100,0.0290600,11368180,1762257599999,2025-11-04 11:59:59,329048.0437900,22001,5628274,162846.4648900
1762257600000,2025-11-04 12:00:00,0.0290600,0.0297200,0.0285300,0.0289900,13350403,1762271999999,2025-11-04 15:59:59,388907.9743700,26985,5641989,164294.0811700
1762272000000,2025-11-04 16:00:00,0.0289900,0.0293700,0.0273600,0.0280600,19393681,1762286399999,2025-11-04 19:59:59,550837.0857000,15478,8889461,252635.3113100
1762286400000,2025-11-04 20:00:00,0.0280700,0.0289500,0.0266100,0.0286600,18753272,1762300799999,2025-11-04 23:59:59,523401.3074600,14995,8789822,245725.6349400
1762300800000,2025-11-05 00:00:00,0.0286600,0.0291600,0.0269300,0.0288700,12341961,1762315199999,2025-11-05 03:59:59,350497.2019100,8854,5544313,157560.7437800
1762315200000,2025-11-05 04:00:00,0.0288800,0.0293100,0.0286200,0.0292500,6469035,1762329599999,2025-11-05 07:59:59,187341.7156700,4737,3432666,99438.3138000
1762329600000,2025-11-05 08:00:00,0.0292400,0.0292600,0.0283200,0.0291200,8220878,1762343999999,2025-11-05 11:59:59,236957.6593900,5554,4013508,115723.8488300
1762344000000,2025-11-05 12:00:00,0.0291300,0.0293700,0.0285400,0.0289800,10690582,1762358399999,2025-11-05 15:59:59,309428.2250000,7463,4000843,115904.6997200
1762358400000,2025-11-05 16:00:00,0.0289800,0.0294700,0.0285800,0.0292800,6363477,1762372799999,2025-11-05 19:59:59,185052.4408600,7504,2836093,82514.7382000
1762372800000,2025-11-05 20:00:00,0.0292800,0.0301600,0.0290400,0.0295300,10605684,1762387199999,2025-11-05 23:59:59,314402.4955900,7233,5148646,152613.9978600
1762387200000,2025-11-06 00:00:00,0.0295400,0.0302900,0.0289700,0.0299600,11871354,1762401599999,2025-11-06 03:59:59,352484.1705000,6897,6419274,190798.1215500
1762401600000,2025-11-06 04:00:00,0.0299600,0.0301300,0.0292900,0.0294300,9299629,1762415999999,2025-11-06 07:59:59,275782.8932700,5494,3574866,105879.1637200
1762416000000,2025-11-06 08:00:00,0.0294300,0.0297800,0.0290100,0.0292200,8226445,1762430399999,2025-11-06 11:59:59,241897.6266800,5397,4103837,120789.3269500
1762430400000,2025-11-06 12:00:00,0.0292400,0.0296600,0.0282700,0.0284600,10074893,1762444799999,2025-11-06 15:59:59,292312.2683000,6405,4983281,144864.5827500
1762444800000,2025-11-06 16:00:00,0.0285000,0.0291900,0.0279600,0.0290400,7546340,1762459199999,2025-11-06 19:59:59,216005.0494500,6123,3931871,112530.3217000
1762459200000,2025-11-06 20:00:00,0.0290600,0.0294400,0.0285800,0.0292200,7023653,1762473599999,2025-11-06 23:59:59,203712.5942800,5443,3440988,99831.2797900
1762473600000,2025-11-07 00:00:00,0.0292200,0.0305100,0.0292200,0.0300800,10773994,1762487999999,2025-11-07 03:59:59,321642.2648300,6689,5457597,162954.4560100
1762488000000,2025-11-07 04:00:00,0.0300700,0.0306500,0.0297200,0.0305900,9747647,1762502399999,2025-11-07 07:59:59,294170.3508500,6767,5045625,152353.4709600
1762502400000,2025-11-07 08:00:00,0.0305800,0.0306200,0.0291400,0.0294800,10799874,1762516799999,2025-11-07 11:59:59,322677.2391600,6148,5852464,175007.1475600
1762516800000,2025-11-07 12:00:00,0.0294600,0.0305500,0.0286600,0.0301700,16345928,1762531199999,2025-11-07 15:59:59,485917.2542400,8743,7561321,224713.7213100
1762531200000,2025-11-07 16:00:00,0.0301700,0.0336300,0.0301500,0.0331000,26370212,1762545599999,2025-11-07 19:59:59,848970.9481200,14752,14133055,453807.5884500
1762545600000,2025-11-07 20:00:00,0.0330800,0.0336700,0.0326100,0.0328700,9050417,1762559999999,2025-11-07 23:59:59,300807.9380000,6561,3932038,130694.7803800
1762560000000,2025-11-08 00:00:00,0.0328600,0.0333600,0.0322200,0.0326600,7688670,1762574399999,2025-11-08 03:59:59,253312.6318400,5867,3232011,106544.0438200
1762574400000,2025-11-08 04:00:00,0.0326800,0.0330900,0.0316100,0.0321100,8607478,1762588799999,2025-11-08 07:59:59,277016.2837600,5884,4064367,130871.9811300
1762588800000,2025-11-08 08:00:00,0.0321100,0.0326700,0.0318300,0.0323400,8574866,1762603199999,2025-11-08 11:59:59,276595.4453400,5275,3903301,125999.0214000
1762603200000,2025-11-08 12:00:00,0.0323400,0.0326500,0.0314200,0.0318100,12100633,1762617599999,2025-11-08 15:59:59,387267.1077700,6678,5913116,189221.3544400
1762617600000,2025-11-08 16:00:00,0.0317800,0.0355800,0.0315900,0.0341400,176439696,1762631999999,2025-11-08 19:59:59,5922750.9170700,80760,87128189,2926326.5727600
1762632000000,2025-11-08 20:00:00,0.0341500,0.0349600,0.0334700,0.0336000,75563957,1762646399999,2025-11-08 23:59:59,2562087.4631100,26965,40983826,1390574.5354500
1762646400000,2025-11-09 00:00:00,0.0336000,0.0337400,0.0316900,0.0318200,18330660,1762660799999,2025-11-09 03:59:59,602128.2553700,11134,8555261,280935.4330600
1762660800000,2025-11-09 04:00:00,0.0318300,0.0328900,0.0318100,0.0328200,11867714,1762675199999,2025-11-09 07:59:59,382819.8582000,7758,5917544,190963.7613900
1762675200000,2025-11-09 08:00:00,0.0328600,0.0351000,0.0320700,0.0340900,37560268,1762689599999,2025-11-09 11:59:59,1265578.2263400,18864,18918520,639036.9633600
1762689600000,2025-11-09 12:00:00,0.0340800,0.0378200,0.0340000,0.0353000,172338550,1762703999999,2025-11-09 15:59:59,6163497.5964700,90037,85018778,3044604.1300100
1762704000000,2025-11-09 16:00:00,0.0353100,0.0359900,0.0342000,0.0351800,42410575,1762718399999,2025-11-09 19:59:59,1483086.5337300,22394,19046594,666298.8997400
1762718400000,2025-11-09 20:00:00,0.0351900,0.0352600,0.0340800,0.0342700,16961546,1762732799999,2025-11-09 23:59:59,586487.3185900,11894,7417288,256488.5141600
1762732800000,2025-11-10 00:00:00,0.0342800,0.0349500,0.0340000,0.0347300,14724888,1762747199999,2025-11-10 03:59:59,508347.6745000,11440,7253468,250404.0734100
1762747200000,2025-11-10 04:00:00,0.0347200,0.0349400,0.0343300,0.0346100,12096858,1762761599999,2025-11-10 07:59:59,419307.7915600,10030,4950345,171696.3997400
1762761600000,2025-11-10 08:00:00,0.0345900,0.0353600,0.0342200,0.0349100,18929312,1762775999999,2025-11-10 11:59:59,658032.3884700,14203,8655912,301111.5244900
1762776000000,2025-11-10 12:00:00,0.0349200,0.0354100,0.0336800,0.0340800,25996664,1762790399999,2025-11-10 15:59:59,896411.4899700,16819,10875952,374749.9070000
1762790400000,2025-11-10 16:00:00,0.0340700,0.0347100,0.0334200,0.0344600,12371050,1762804799999,2025-11-10 19:59:59,422260.4646200,10876,5816327,198643.4826400
1762804800000,2025-11-10 20:00:00,0.0344600,0.0350500,0.0336800,0.0346200,13059725,1762819199999,2025-11-10 23:59:59,449163.1453000,10188,4910124,168919.2427600
1762819200000,2025-11-11 00:00:00,0.0346100,0.0353900,0.0341500,0.0349600,14603901,1762833599999,2025-11-11 03:59:59,506848.8063800,13312,5950521,206728.1073600
1762833600000,2025-11-11 04:00:00,0.0349600,0.0351800,0.0332600,0.0332800,11115089,1762847999999,2025-11-11 07:59:59,377763.4535500,11954,5005762,170102.9202600
1762848000000,2025-11-11 08:00:00,0.0332700,0.0340700,0.0332400,0.0338400,10364724,1762862399999,2025-11-11 11:59:59,349096.3237000,9674,4931926,166097.5389400
1762862400000,2025-11-11 12:00:00,0.0338500,0.0341200,0.0328300,0.0332700,15966736,1762876799999,2025-11-11 15:59:59,532728.5116200,13082,7844814,261763.4283800
1762876800000,2025-11-11 16:00:00,0.0332900,0.0338400,0.0325000,0.0325800,8595569,1762891199999,2025-11-11 19:59:59,286690.0107900,8200,4144611,138238.6727100
1762891200000,2025-11-11 20:00:00,0.0325800,0.0327400,0.0315300,0.0316200,12541846,1762905599999,2025-11-11 23:59:59,403596.6467600,9743,5799044,186737.7589600
1762905600000,2025-11-12 00:00:00,0.0316200,0.0322200,0.0313000,0.0320400,9295294,1762919999999,2025-11-12 03:59:59,295393.8110300,8807,5360155,170404.9170200
1762920000000,2025-11-12 04:00:00,0.0320200,0.0328000,0.0318900,0.0324000,8930738,1762934399999,2025-11-12 07:59:59,289589.8082400,7516,4690087,152139.6555500
1762934400000,2025-11-12 08:00:00,0.0324200,0.0336800,0.0324200,0.0333900,12528118,1762948799999,2025-11-12 11:59:59,417210.8987400,8548,5972523,198689.4956400
1762948800000,2025-11-12 12:00:00,0.0333900,0.0334700,0.0316800,0.0317900,11739194,1762963199999,2025-11-12 15:59:59,384280.7935900,8911,4572279,149590.6118900
1762963200000,2025-11-12 16:00:00,0.0317900,0.0319300,0.0297500,0.0301700,19084356,1762977599999,2025-11-12 19:59:59,586183.1896300,13426,7895078,242230.3888500
1762977600000,2025-11-12 20:00:00,0.0301700,0.0311600,0.0300800,0.0307900,10099162,1762991999999,2025-11-12 23:59:59,311011.9997500,6910,5571391,171569.6482800
1762992000000,2025-11-13 00:00:00,0.0307900,0.0322600,0.0307600,0.0319900,9421550,1763006399999,2025-11-13 03:59:59,295791.2741500,20680,4628424,145391.4706000
1763006400000,2025-11-13 04:00:00,0.0319800,0.0325400,0.0316800,0.0319100,7736468,1763020799999,2025-11-13 07:59:59,248672.2365700,21572,3293711,105876.4682700
1763020800000,2025-11-13 08:00:00,0.0319200,0.0321800,0.0315100,0.0315700,7084453,1763035199999,2025-11-13 11:59:59,225779.5381500,17620,3031932,96688.2242200
1763035200000,2025-11-13 12:00:00,0.0315900,0.0330600,0.0314600,0.0319500,16974420,1763049599999,2025-11-13 15:59:59,545840.2841900,27850,8441324,271593.3702400
1763049600000,2025-11-13 16:00:00,0.0319300,0.0320200,0.0292900,0.0295400,13532404,1763063999999,2025-11-13 19:59:59,412156.0583400,9008,6219913,189555.0507300
1763064000000,2025-11-13 20:00:00,0.0295400,0.0307700,0.0291700,0.0304300,10386424,1763078399999,2025-11-13 23:59:59,309903.8535900,6543,4795431,143120.8764900
1763078400000,2025-11-14 00:00:00,0.0304000,0.0306300,0.0298800,0.0300000,6081747,1763092799999,2025-11-14 03:59:59,184279.3797700,4627,3011371,91302.7434600
1763092800000,2025-11-14 04:00:00,0.0300000,0.0303900,0.0284300,0.0300700,12764989,1763107199999,2025-11-14 07:59:59,375832.8582300,7088,6118302,180270.3185700
1763107200000,2025-11-14 08:00:00,0.0300400,0.0300500,0.0289800,0.0291800,6796745,1763121599999,2025-11-14 11:59:59,200707.4679100,4877,2959852,87393.9680500
1763121600000,2025-11-14 12:00:00,0.0291600,0.0301700,0.0285300,0.0298700,14450741,1763135999999,2025-11-14 15:59:59,424795.2615800,7698,7297098,214689.9094100
1763136000000,2025-11-14 16:00:00,0.0298900,0.0301900,0.0291200,0.0297500,8729430,1763150399999,2025-11-14 19:59:59,258577.4005100,6107,4616565,136786.2816700
1763150400000,2025-11-14 20:00:00,0.0297800,0.0298100,0.0282900,0.0286800,9929166,1763164799999,2025-11-14 23:59:59,287472.9399600,7166,5014540,145308.1419000
1763164800000,2025-11-15 00:00:00,0.0286900,0.0299100,0.0286500,0.0297600,6835192,1763179199999,2025-11-15 03:59:59,200855.0403100,5350,3878803,113983.7391300
1763179200000,2025-11-15 04:00:00,0.0297600,0.0299600,0.0294000,0.0295200,6423172,1763193599999,2025-11-15 07:59:59,190697.4706000,4536,3280840,97445.0472700
1763193600000,2025-11-15 08:00:00,0.0294900,0.0295100,0.0286700,0.0289200,9970745,1763207999999,2025-11-15 11:59:59,290018.8290800,7521,4466157,129911.4143100
1763208000000,2025-11-15 12:00:00,0.0289000,0.0296300,0.0288400,0.0293600,8703106,1763222399999,2025-11-15 15:59:59,255009.4203300,5256,4687971,137367.1798400
1763222400000,2025-11-15 16:00:00,0.0293500,0.0298700,0.0290800,0.0296500,5231236,1763236799999,2025-11-15 19:59:59,154805.5742500,4166,2745569,81208.5257900
1763236800000,2025-11-15 20:00:00,0.0296600,0.0297600,0.0292300,0.0294300,5850680,1763251199999,2025-11-15 23:59:59,172714.3195300,4213,2559063,75519.6149700
1763251200000,2025-11-16 00:00:00,0.0294400,0.0299600,0.0289600,0.0297900,7542564,1763265599999,2025-11-16 03:59:59,221873.5013800,5436,3831952,112773.1571000
1763265600000,2025-11-16 04:00:00,0.0298200,0.0298500,0.0293600,0.0295900,6031343,1763279999999,2025-11-16 07:59:59,178388.1322600,4234,3332512,98553.8167400
1763280000000,2025-11-16 08:00:00,0.0296000,0.0299300,0.0288300,0.0289400,8604171,1763294399999,2025-11-16 11:59:59,253960.8687200,5265,4418591,130538.3589700
1763294400000,2025-11-16 12:00:00,0.0289200,0.0290800,0.0277600,0.0278600,10270192,1763308799999,2025-11-16 15:59:59,292520.0437900,6912,4856848,138511.0014200
1763308800000,2025-11-16 16:00:00,0.0278800,0.0283100,0.0269700,0.0273600,14109142,1763323199999,2025-11-16 19:59:59,389545.0093400,9104,6704315,185299.9535800
1763323200000,2025-11-16 20:00:00,0.0273600,0.0280600,0.0269000,0.0277800,10225433,1763337599999,2025-11-16 23:59:59,280758.9114200,6294,5147782,141397.5759500
1763337600000,2025-11-17 00:00:00,0.0277700,0.0283800,0.0274800,0.0282200,8763975,1763351999999,2025-11-17 03:59:59,245752.5714900,5407,4579025,128368.5898200
1763352000000,2025-11-17 04:00:00,0.0282500,0.0283000,0.0279500,0.0281200,5314816,1763366399999,2025-11-17 07:59:59,149368.1426900,5238,2357759,66302.5189000
1763366400000,2025-11-17 08:00:00,0.0281200,0.0281700,0.0275900,0.0278500,9359462,1763380799999,2025-11-17 11:59:59,260769.5419600,7545,4753986,132445.3777800
1763380800000,2025-11-17 12:00:00,0.0278500,0.0281000,0.0266700,0.0269300,16849377,1763395199999,2025-11-17 15:59:59,459702.0776300,8085,8337207,227641.7570900
1763395200000,2025-11-17 16:00:00,0.0269300,0.0273700,0.0258000,0.0260100,14248724,1763409599999,2025-11-17 19:59:59,377567.6065500,8045,7402561,196357.6483300
1763409600000,2025-11-17 20:00:00,0.0259900,0.0266200,0.0258000,0.0265600,7251054,1763423999999,2025-11-17 23:59:59,190410.0134400,5120,3836831,100787.3247700
1763424000000,2025-11-18 00:00:00,0.0265600,0.0271200,0.0259000,0.0268800,10079208,1763438399999,2025-11-18 03:59:59,267497.6889200,5938,4700965,124898.8060900
1763438400000,2025-11-18 04:00:00,0.0268900,0.0272000,0.0263600,0.0267200,8216814,1763452799999,2025-11-18 07:59:59,220014.7277800,5387,3678483,98546.7294600
1763452800000,2025-11-18 08:00:00,0.0267300,0.0270400,0.0262800,0.0263800,6668191,1763467199999,2025-11-18 11:59:59,177831.6363600,4026,3369864,89853.3752800
1763467200000,2025-11-18 12:00:00,0.0264100,0.0270400,0.0260100,0.0268600,9410545,1763481599999,2025-11-18 15:59:59,249435.0300100,5755,4535479,120197.5281700
1763481600000,2025-11-18 16:00:00,0.0268600,0.0273300,0.0267800,0.0269900,7532098,1763495999999,2025-11-18 19:59:59,203776.4231500,4658,4146069,112223.3915000
1763496000000,2025-11-18 20:00:00,0.0269700,0.0270900,0.0265400,0.0267800,4876140,1763510399999,2025-11-18 23:59:59,131052.1669400,3017,2110416,56725.3550900
1763510400000,2025-11-19 00:00:00,0.0267600,0.0271600,0.0264300,0.0265800,5287463,1763524799999,2025-11-19 03:59:59,141816.6435800,3480,2981655,79982.1205100
1763524800000,2025-11-19 04:00:00,0.0265600,0.0268000,0.0258900,0.0266500,11961190,1763539199999,2025-11-19 07:59:59,315383.5249300,5517,6658801,175622.0519900
1763539200000,2025-11-19 08:00:00,0.0266500,0.0267500,0.0263500,0.0265400,4674334,1763553599999,2025-11-19 11:59:59,123887.6085000,3046,2105746,55773.2838400
1763553600000,2025-11-19 12:00:00,0.0265200,0.0280800,0.0264600,0.0268700,31909233,1763567999999,2025-11-19 15:59:59,871353.4847900,11291,17478374,477115.2794800
1763568000000,2025-11-19 16:00:00,0.0268400,0.0270500,0.0254100,0.0257900,18948556,1763582399999,2025-11-19 19:59:59,493578.8789700,8811,8709541,227307.9429200
1763582400000,2025-11-19 20:00:00,0.0257900,0.0271200,0.0256600,0.0269600,9832802,1763596799999,2025-11-19 23:59:59,260203.8895700,5487,4632232,122489.2988800
1763596800000,2025-11-20 00:00:00,0.0269800,0.0273200,0.0268900,0.0270100,5814919,1763611199999,2025-11-20 03:59:59,157589.4636700,3986,2915298,79028.8326300
1763611200000,2025-11-20 04:00:00,0.0270300,0.0281800,0.0269300,0.0280300,16740422,1763625599999,2025-11-20 07:59:59,463769.4037100,7990,9052070,250831.2743500
1763625600000,2025-11-20 08:00:00,0.0280300,0.0330700,0.0275300,0.0277600,267022295,1763639999999,2025-11-20 11:59:59,8050616.3593700,91273,126077773,3801330.6701200
1763640000000,2025-11-20 12:00:00,0.0277600,0.0290200,0.0276100,0.0282200,63656099,1763654399999,2025-11-20 15:59:59,1797185.4004100,21018,29921174,845076.9816600
1763654400000,2025-11-20 16:00:00,0.0282300,0.0283100,0.0256900,0.0261400,52814689,1763668799999,2025-11-20 19:59:59,1403824.5500800,15352,25865225,686636.7464100
1763668800000,2025-11-20 20:00:00,0.0261600,0.0277800,0.0258900,0.0267200,19447765,1763683199999,2025-11-20 23:59:59,524775.8478200,10007,10207733,275500.5355700
1763683200000,2025-11-21 00:00:00,0.0267300,0.0282700,0.0259000,0.0264600,40456247,1763697599999,2025-11-21 03:59:59,1103060.9190700,14663,18959241,517839.5672700
1763697600000,2025-11-21 04:00:00,0.0264600,0.0272600,0.0219800,0.0250700,37315024,1763711999999,2025-11-21 07:59:59,957150.4210000,14790,17805148,458759.1387900
1763712000000,2025-11-21 08:00:00,0.0251000,0.0253900,0.0244000,0.0246100,32334284,1763726399999,2025-11-21 11:59:59,804512.8181500,23652,14169365,352797.6581200
1763726400000,2025-11-21 12:00:00,0.0246300,0.0259000,0.0245700,0.0248500,40860690,1763740799999,2025-11-21 15:59:59,1026983.1595000,23154,18071760,454591.9523800
1763740800000,2025-11-21 16:00:00,0.0248800,0.0278600,0.0246700,0.0269300,69350556,1763755199999,2025-11-21 19:59:59,1842222.1326000,24522,34155182,908748.3674700
1763755200000,2025-11-21 20:00:00,0.0269200,0.0317000,0.0250700,0.0263600,225274418,1763769599999,2025-11-21 23:59:59,6255513.5872200,102183,111560737,3110579.7950900
1763769600000,2025-11-22 00:00:00,0.0263500,0.0264100,0.0252800,0.0252900,28759643,1763783999999,2025-11-22 03:59:59,743861.0544500,17040,12731840,329508.5854100
1763784000000,2025-11-22 04:00:00,0.0252800,0.0257800,0.0247600,0.0255100,14772583,1763798399999,2025-11-22 07:59:59,373889.8893400,10529,6822718,172638.1894800
1763798400000,2025-11-22 08:00:00,0.0255200,0.0255300,0.0247200,0.0253200,19775103,1763812799999,2025-11-22 11:59:59,497287.7908600,11850,9726399,244525.3029700
1763812800000,2025-11-22 12:00:00,0.0253200,0.0303900,0.0249800,0.0269600,186545945,1763827199999,2025-11-22 15:59:59,5168286.9117600,76553,92464004,2562305.9017800
1763827200000,2025-11-22 16:00:00,0.0269500,0.0329900,0.0257900,0.0309800,1237306679,1763841599999,2025-11-22 19:59:59,37373054.6539300,424570,623547670,18840706.2887500
1763841600000,2025-11-22 20:00:00,0.0309800,0.0479000,0.0309500,0.0406800,3533460191,1763855999999,2025-11-22 23:59:59,144188295.2576100,1519706,1781797968,72688631.9277900
1763856000000,2025-11-23 00:00:00,0.0406400,0.0469000,0.0372100,0.0390700,2683335730,1763870399999,2025-11-23 03:59:59,111405900.7568500,1149990,1344741379,55897399.8083800
1763870400000,2025-11-23 04:00:00,0.0390800,0.0395400,0.0311500,0.0319800,1510516228,1763884799999,2025-11-23 07:59:59,52546831.3709100,538886,756348938,26304993.1952500
1763884800000,2025-11-23 08:00:00,0.0319800,0.0358000,0.0306100,0.0307600,1077787330,1763899199999,2025-11-23 11:59:59,35281279.6598000,363071,538614381,17648128.5454500
1763899200000,2025-11-23 12:00:00,0.0307500,0.0328500,0.0305500,0.0308600,634936987,1763913599999,2025-11-23 15:59:59,20037767.0443700,213146,311645005,9839690.4728400
1763913600000,2025-11-23 16:00:00,0.0308500,0.0313900,0.0302200,0.0309100,235765452,1763927999999,2025-11-23 19:59:59,7276353.8268800,96041,113064042,3490491.0332400
1763928000000,2025-11-23 20:00:00,0.0309000,0.0319500,0.0302100,0.0302500,202366291,1763942399999,2025-11-23 23:59:59,6282572.2397000,87518,101464600,3152407.7886300
1763942400000,2025-11-24 00:00:00,0.0302500,0.0313100,0.0289500,0.0310800,258423718,1763956799999,2025-11-24 03:59:59,7713499.2674300,101730,129989141,3885186.4905100
1763956800000,2025-11-24 04:00:00,0.0310800,0.0319800,0.0304500,0.0310600,189939864,1763971199999,2025-11-24 07:59:59,5916769.9086700,84903,90262287,2812625.1982500
1763971200000,2025-11-24 08:00:00,0.0310600,0.0320500,0.0295800,0.0319100,158571551,1763985599999,2025-11-24 11:59:59,4808985.6342400,67956,71431577,2168471.1857000
1763985600000,2025-11-24 12:00:00,0.0319200,0.0345000,0.0314800,0.0332300,568975418,1763999999999,2025-11-24 15:59:59,18770489.1336600,251588,276647385,9131597.2737700
1764000000000,2025-11-24 16:00:00,0.0332100,0.0332200,0.0316800,0.0320600,168594621,1764014399999,2025-11-24 19:59:59,5442455.0252600,84517,79798066,2576063.8088800
1764014400000,2025-11-24 20:00:00,0.0320600,0.0328500,0.0315300,0.0321400,77932463,1764028799999,2025-11-24 23:59:59,2496800.8853500,40495,38582127,1236264.2119500
1764028800000,2025-11-25 00:00:00,0.0321400,0.0332000,0.0315500,0.0326100,116743111,1764043199999,2025-11-25 03:59:59,3783290.3897700,66033,56591404,1835637.0977500
1764043200000,2025-11-25 04:00:00,0.0326200,0.0328500,0.0315200,0.0318200,75681146,1764057599999,2025-11-25 07:59:59,2425481.6103600,47104,38765036,1242621.9736400
1764057600000,2025-11-25 08:00:00,0.0318100,0.0318100,0.0306900,0.0314000,104190319,1764071999999,2025-11-25 11:59:59,3247133.2196900,49616,46442790,1448097.5510400
1764072000000,2025-11-25 12:00:00,0.0314100,0.0326800,0.0311200,0.0324700,79250851,1764086399999,2025-11-25 15:59:59,2528134.2752200,43350,37670928,1201592.3745000
1764086400000,2025-11-25 16:00:00,0.0324700,0.0335300,0.0316400,0.0327400,92330603,1764100799999,2025-11-25 19:59:59,3002231.3671000,50300,46156379,1500911.5773100
1764100800000,2025-11-25 20:00:00,0.0327400,0.0331600,0.0319700,0.0325100,53550062,1764115199999,2025-11-25 23:59:59,1743960.3181500,35886,24754910,806066.5287100
1764115200000,2025-11-26 00:00:00,0.0325200,0.0328600,0.0317800,0.0318400,35575786,1764129599999,2025-11-26 03:59:59,1146973.3689100,25418,17569958,566313.3246900
1764129600000,2025-11-26 04:00:00,0.0318300,0.0325600,0.0316000,0.0317700,27776037,1764143999999,2025-11-26 07:59:59,888198.0761600,18995,14106617,451240.6627400
1764144000000,2025-11-26 08:00:00,0.0317600,0.0320800,0.0307800,0.0308900,42012967,1764158399999,2025-11-26 11:59:59,1321697.6601800,21462,20984240,660181.8195400
1764158400000,2025-11-26 12:00:00,0.0308800,0.0310800,0.0302400,0.0305400,48475479,1764172799999,2025-11-26 15:59:59,1489863.6772000,26079,22307245,686058.2620400
1764172800000,2025-11-26 16:00:00,0.0305400,0.0312700,0.0304900,0.0309100,32756076,1764187199999,2025-11-26 19:59:59,1011585.5752400,20039,15862228,489883.4046900
1764187200000,2025-11-26 20:00:00,0.0309100,0.0311700,0.0304500,0.0305100,20078964,1764201599999,2025-11-26 23:59:59,619706.1327400,13926,9222441,284780.1906500
1764201600000,2025-11-27 00:00:00,0.0305000,0.0308400,0.0303000,0.0305500,24577123,1764215999999,2025-11-27 03:59:59,751836.6648600,18809,12543173,383742.5594500
1764216000000,2025-11-27 04:00:00,0.0305500,0.0306500,0.0297300,0.0297900,29274109,1764230399999,2025-11-27 07:59:59,880335.9876500,15033,15412830,464001.8037500
1764230400000,2025-11-27 08:00:00,0.0297900,0.0298100,0.0290500,0.0293500,28604873,1764244799999,2025-11-27 11:59:59,840252.0247000,19646,13463764,395486.9333700
1764244800000,2025-11-27 12:00:00,0.0293500,0.0293700,0.0288100,0.0293200,28858554,1764259199999,2025-11-27 15:59:59,840351.3389600,17229,14224065,414289.8869300
1764259200000,2025-11-27 16:00:00,0.0293200,0.0295700,0.0290400,0.0292200,24617448,1764273599999,2025-11-27 19:59:59,722633.8619500,13423,13146342,386003.9707000
1764273600000,2025-11-27 20:00:00,0.0292300,0.0294100,0.0288400,0.0289500,19296433,1764287999999,2025-11-27 23:59:59,563227.5837500,11074,9300161,271625.2092800
1764288000000,2025-11-28 00:00:00,0.0289500,0.0292100,0.0282900,0.0287800,23543475,1764302399999,2025-11-28 03:59:59,676929.3290800,14703,11005997,316674.5002300
1764302400000,2025-11-28 04:00:00,0.0287700,0.0288700,0.0283400,0.0285000,19068187,1764316799999,2025-11-28 07:59:59,545410.3463700,10297,9280108,265648.6706800
1764316800000,2025-11-28 08:00:00,0.0284900,0.0289800,0.0283600,0.0286200,18598263,1764331199999,2025-11-28 11:59:59,533499.0633200,10819,8865911,254415.0395900
1764331200000,2025-11-28 12:00:00,0.0286200,0.0291200,0.0286200,0.0286500,18575397,1764345599999,2025-11-28 15:59:59,536325.5103900,10313,8356210,241293.2964400
1764345600000,2025-11-28 16:00:00,0.0286600,0.0288000,0.0279500,0.0286800,27229364,1764359999999,2025-11-28 19:59:59,775736.6888600,16049,12673053,361362.3749800
1764360000000,2025-11-28 20:00:00,0.0286800,0.0311800,0.0284500,0.0299500,122446563,1764374399999,2025-11-28 23:59:59,3691836.6639200,57306,63025038,1900490.9347700
1764374400000,2025-11-29 00:00:00,0.0299600,0.0305300,0.0295800,0.0302100,30900898,1764388799999,2025-11-29 03:59:59,928827.7194100,17460,14956366,449593.9592100
1764388800000,2025-11-29 04:00:00,0.0302200,0.0306600,0.0290300,0.0295400,35263421,1764403199999,2025-11-29 07:59:59,1047073.8605600,17465,16150922,479343.3716300
1764403200000,2025-11-29 08:00:00,0.0295400,0.0305500,0.0291200,0.0292500,45689797,1764417599999,2025-11-29 11:59:59,1358129.2833500,21702,20352148,605622.2731900
1764417600000,2025-11-29 12:00:00,0.0292500,0.0293800,0.0288200,0.0289200,25878508,1764431999999,2025-11-29 15:59:59,751619.4922000,11575,12493799,362975.4489900
1764432000000,2025-11-29 16:00:00,0.0289100,0.0291700,0.0285600,0.0289600,22925293,1764446399999,2025-11-29 19:59:59,661128.2096600,12064,9527194,275008.1781000
1764446400000,2025-11-29 20:00:00,0.0289600,0.0293200,0.0289000,0.0291700,12469510,1764460799999,2025-11-29 23:59:59,363084.0477100,11492,5822067,169554.9646900
1764460800000,2025-11-30 00:00:00,0.0291600,0.0301600,0.0291100,0.0300600,14306810,1764475199999,2025-11-30 03:59:59,423427.5000000,8522,6863255,203244.1824500
1764475200000,2025-11-30 04:00:00,0.0300500,0.0300900,0.0294000,0.0295900,18545387,1764489599999,2025-11-30 07:59:59,550977.7637300,9736,8894463,264278.6987500
1764489600000,2025-11-30 08:00:00,0.0295900,0.0301100,0.0293500,0.0300300,12373987,1764503999999,2025-11-30 11:59:59,367435.8677900,8623,6491099,192777.7516100
1764504000000,2025-11-30 12:00:00,0.0300000,0.0326600,0.0299400,0.0302800,328592711,1764518399999,2025-11-30 15:59:59,10312651.2762400,117532,162851077,5114412.1816700
1764518400000,2025-11-30 16:00:00,0.0302700,0.0304800,0.0293500,0.0294800,42961500,1764532799999,2025-11-30 19:59:59,1284459.3868400,20886,18133091,542517.1844200
1764532800000,2025-11-30 20:00:00,0.0294800,0.0300000,0.0290100,0.0292400,23393767,1764547199999,2025-11-30 23:59:59,692898.2325600,12744,9831456,291241.5223400
1764547200000,2025-12-01 00:00:00,0.0292400,0.0292900,0.0273900,0.0275600,75957463,1764561599999,2025-12-01 03:59:59,2137079.0600000,29023,34259276,963589.5769600
1764561600000,2025-12-01 04:00:00,0.0275600,0.0286800,0.0273000,0.0286100,29949125,1764575999999,2025-12-01 07:59:59,840510.1338800,15777,15041021,422382.6873200
1764576000000,2025-12-01 08:00:00,0.0286100,0.0288300,0.0279700,0.0287300,30937923,1764590399999,2025-12-01 11:59:59,879298.8310900,15831,14681538,417665.9946400
1764590400000,2025-12-01 12:00:00,0.0287400,0.0287700,0.0275800,0.0280000,29591130,1764604799999,2025-12-01 15:59:59,837433.0648500,14078,12692882,359181.2296900
1764604800000,2025-12-01 16:00:00,0.0280100,0.0285000,0.0279600,0.0283600,32855610,1764619199999,2025-12-01 19:59:59,927921.2334100,14852,16195224,457627.0395000
1764619200000,2025-12-01 20:00:00,0.0283500,0.0314400,0.0282800,0.0304700,82797867,1764633599999,2025-12-01 23:59:59,2495178.2793100,40856,44740099,1348502.3941700
1764633600000,2025-12-02 00:00:00,0.0304800,0.0315900,0.0296800,0.0299600,79692978,1764647999999,2025-12-02 03:59:59,2423955.7167000,42965,39310364,1196153.0481200
1764648000000,2025-12-02 04:00:00,0.0299600,0.0308300,0.0297300,0.0306300,46736053,1764662399999,2025-12-02 07:59:59,1411943.8410800,22591,24269709,733294.0220700
1764662400000,2025-12-02 08:00:00,0.0306200,0.0311000,0.0298300,0.0305900,58548024,1764676799999,2025-12-02 11:59:59,1777739.9292900,25270,27180792,825719.6155000
1764676800000,2025-12-02 12:00:00,0.0305900,0.0320200,0.0301800,0.0317200,56003032,1764691199999,2025-12-02 15:59:59,1737511.9950800,25518,26807358,831908.3776400
1764691200000,2025-12-02 16:00:00,0.0317100,0.0333600,0.0312600,0.0312900,68185020,1764705599999,2025-12-02 19:59:59,2185043.0035300,29081,31695447,1016904.9296500
1764705600000,2025-12-02 20:00:00,0.0313000,0.0313400,0.0307100,0.0309200,13524244,1764719999999,2025-12-02 23:59:59,419470.2716700,12080,5746583,178139.3610200
1764720000000,2025-12-03 00:00:00,0.0309200,0.0312300,0.0302400,0.0309300,23394720,1764734399999,2025-12-03 03:59:59,719306.9154400,13288,12140074,373807.7803300
1764734400000,2025-12-03 04:00:00,0.0309300,0.0327600,0.0307400,0.0317000,41550353,1764748799999,2025-12-03 07:59:59,1321870.8726600,20759,22916178,727936.9274400
1764748800000,2025-12-03 08:00:00,0.0317000,0.0319700,0.0311200,0.0313300,22082089,1764763199999,2025-12-03 11:59:59,695518.1525100,11664,10763298,338938.1457400
1764763200000,2025-12-03 12:00:00,0.0313200,0.0320500,0.0308100,0.0313800,29168284,1764777599999,2025-12-03 15:59:59,915312.1167200,16283,14974928,470201.9753900
1764777600000,2025-12-03 16:00:00,0.0313600,0.0337000,0.0311200,0.0331000,68376692,1764791999999,2025-12-03 19:59:59,2222394.9383300,35134,36017735,1170196.0570000
1764792000000,2025-12-03 20:00:00,0.0330800,0.0330800,0.0321500,0.0323000,40530747,1764806399999,2025-12-03 23:59:59,1317358.5698600,22899,19010777,618296.5746100
1764806400000,2025-12-04 00:00:00,0.0323000,0.0329200,0.0322400,0.0324400,16916914,1764820799999,2025-12-04 03:59:59,550545.2255800,11001,8330440,271191.4152200
1764820800000,2025-12-04 04:00:00,0.0324300,0.0335800,0.0322100,0.0334100,27280867,1764835199999,2025-12-04 07:59:59,896090.1179400,13599,13799572,453157.4860200
1764835200000,2025-12-04 08:00:00,0.0333900,0.0336800,0.0323100,0.0324100,27759098,1764849599999,2025-12-04 11:59:59,918455.0512500,14485,13914902,460094.0395700
1764849600000,2025-12-04 12:00:00,0.0324100,0.0325800,0.0314100,0.0322600,19378730,1764863999999,2025-12-04 15:59:59,620072.0275000,11594,9259216,296164.7236200
1764864000000,2025-12-04 16:00:00,0.0322600,0.0326000,0.0309200,0.0316100,24111115,1764878399999,2025-12-04 19:59:59,765989.8036800,12504,10967884,348787.4684000
1764878400000,2025-12-04 20:00:00,0.0316100,0.0317500,0.0313000,0.0314700,18363121,1764892799999,2025-12-04 23:59:59,578522.4739900,10437,9197713,289803.5506700
1764892800000,2025-12-05 00:00:00,0.0314600,0.0317800,0.0312700,0.0313600,12654460,1764907199999,2025-12-05 03:59:59,399065.4870800,8424,6134398,193406.0340200
1764907200000,2025-12-05 04:00:00,0.0313600,0.0324700,0.0313300,0.0320300,22027302,1764921599999,2025-12-05 07:59:59,704649.0998700,10773,10431591,333598.0740900
1764921600000,2025-12-05 08:00:00,0.0320700,0.0322300,0.0302500,0.0305500,47734090,1764935999999,2025-12-05 11:59:59,1479231.9167700,18273,24018892,744320.0934800
1764936000000,2025-12-05 12:00:00,0.0305400,0.0309500,0.0302800,0.0305600,19653001,1764950399999,2025-12-05 15:59:59,601306.4021600,11276,8874749,271509.5765000
1764950400000,2025-12-05 16:00:00,0.0305600,0.0306800,0.0297200,0.0300100,31349811,1764964799999,2025-12-05 19:59:59,944456.1510000,15117,15037469,453052.6715100
1764964800000,2025-12-05 20:00:00,0.0299900,0.0302400,0.0296700,0.0300900,11027734,1764979199999,2025-12-05 23:59:59,330788.9424700,7209,5148700,154413.5324600
1764979200000,2025-12-06 00:00:00,0.0301000,0.0304800,0.0299400,0.0304500,7745491,1764993599999,2025-12-06 03:59:59,233581.9150700,6706,4072538,122851.9860600
1764993600000,2025-12-06 04:00:00,0.0304400,0.0307500,0.0300700,0.0306200,7068609,1765007999999,2025-12-06 07:59:59,215180.0810300,5116,3816834,116288.5048500
1765008000000,2025-12-06 08:00:00,0.0306300,0.0320600,0.0303000,0.0314900,58150922,1765022399999,2025-12-06 11:59:59,1826197.8371400,23562,28134394,884001.5776600
1765022400000,2025-12-06 12:00:00,0.0315100,0.0318900,0.0311700,0.0315900,38901027,1765036799999,2025-12-06 15:59:59,1226446.8883400,16055,18225726,574891.6033200
1765036800000,2025-12-06 16:00:00,0.0316000,0.0322400,0.0313700,0.0315000,25789470,1765051199999,2025-12-06 19:59:59,823359.0560300,13931,12113702,386917.0909900
1765051200000,2025-12-06 20:00:00,0.0315000,0.0316300,0.0309700,0.0311100,14436002,1765065599999,2025-12-06 23:59:59,451554.3373100,8345,6197117,193854.8125000
1765065600000,2025-12-07 00:00:00,0.0311100,0.0320700,0.0311000,0.0316200,14384230,1765079999999,2025-12-07 03:59:59,455263.9494700,8628,7052008,223022.7189300
1765080000000,2025-12-07 04:00:00,0.0316200,0.0321700,0.0315200,0.0315800,12355672,1765094399999,2025-12-07 07:59:59,393066.8099400,7768,6093837,193964.3913500
1765094400000,2025-12-07 08:00:00,0.0315900,0.0318000,0.0310200,0.0310600,20604175,1765108799999,2025-12-07 11:59:59,644585.7302800,8560,9332484,291740.8493000
1765108800000,2025-12-07 12:00:00,0.0310600,0.0312800,0.0297000,0.0307000,24952722,1765123199999,2025-12-07 15:59:59,758901.0892500,12470,12476598,379536.8753300
1765123200000,2025-12-07 16:00:00,0.0307200,0.0312900,0.0303300,0.0310400,21596653,1765137599999,2025-12-07 19:59:59,666114.8763100,10909,9860143,303854.5510800
1765137600000,2025-12-07 20:00:00,0.0310500,0.0311300,0.0296700,0.0303700,13718458,1765151999999,2025-12-07 23:59:59,416380.9149200,8079,7118397,215835.8934000
1765152000000,2025-12-08 00:00:00,0.0303700,0.0312100,0.0302900,0.0311000,12077983,1765166399999,2025-12-08 03:59:59,370059.6632800,8302,5495229,168353.9605900
1765166400000,2025-12-08 04:00:00,0.0311000,0.0314400,0.0309300,0.0310800,8857185,1765180799999,2025-12-08 07:59:59,276056.1583600,6912,4189468,130578.2199300
1765180800000,2025-12-08 08:00:00,0.0310800,0.0318400,0.0310500,0.0314300,18303953,1765195199999,2025-12-08 11:59:59,576420.5703300,7748,8178446,257458.2230200
1765195200000,2025-12-08 12:00:00,0.0314300,0.0317200,0.0308200,0.0310800,11819972,1765209599999,2025-12-08 15:59:59,370280.2642500,8399,5281991,165479.4836300
1765209600000,2025-12-08 16:00:00,0.0310800,0.0314600,0.0304300,0.0306800,13582153,1765223999999,2025-12-08 19:59:59,420089.1976300,8597,6974234,215680.6060000
1765224000000,2025-12-08 20:00:00,0.0306900,0.0313800,0.0306700,0.0311300,10641436,1765238399999,2025-12-08 23:59:59,331417.8684200,6766,4858785,151385.9268300
1765238400000,2025-12-09 00:00:00,0.0311300,0.0311700,0.0305900,0.0309100,7210002,1765252799999,2025-12-09 03:59:59,222111.8736700,5274,3870890,119253.9757200
1765252800000,2025-12-09 04:00:00,0.0309100,0.0309300,0.0304500,0.0308400,5084787,1765267199999,2025-12-09 07:59:59,156048.9646000,4008,2301155,70584.8280800
1765267200000,2025-12-09 08:00:00,0.0308300,0.0308600,0.0305000,0.0307800,5725510,1765281599999,2025-12-09 11:59:59,175798.8585600,4301,2701374,82959.3064200
1765281600000,2025-12-09 12:00:00,0.0307700,0.0316500,0.0304600,0.0315500,17434953,1765295999999,2025-12-09 15:59:59,541277.6418300,10220,8867059,275327.1627700
1765296000000,2025-12-09 16:00:00,0.0315600,0.0321200,0.0314500,0.0316600,21487611,1765310399999,2025-12-09 19:59:59,682221.9313400,12449,10234730,325116.7307500
1765310400000,2025-12-09 20:00:00,0.0316600,0.0317700,0.0311000,0.0315900,9509964,1765324799999,2025-12-09 23:59:59,298991.5571000,9805,4379904,137805.2665900
1765324800000,2025-12-10 00:00:00,0.0315800,0.0316900,0.0310800,0.0312100,5591252,1765339199999,2025-12-10 03:59:59,175229.7721300,5219,2870313,89902.7295100
1765339200000,2025-12-10 04:00:00,0.0312100,0.0326200,0.0311300,0.0320200,45104522,1765353599999,2025-12-10 07:59:59,1446678.5957000,19010,23601297,757033.9330000
1765353600000,2025-12-10 08:00:00,0.0320200,0.0324900,0.0317600,0.0318400,27656523,1765367999999,2025-12-10 11:59:59,886771.3260400,13777,12504785,401235.9453700
1765368000000,2025-12-10 12:00:00,0.0318300,0.0319800,0.0315800,0.0317400,11677130,1765382399999,2025-12-10 15:59:59,370997.2390000,7291,6053568,192402.6603600
1765382400000,2025-12-10 16:00:00,0.0317200,0.0324900,0.0315100,0.0322800,19483914,1765396799999,2025-12-10 19:59:59,622615.5297400,11773,8958742,286159.2581500
1765396800000,2025-12-10 20:00:00,0.0322900,0.0325000,0.0306500,0.0308600,26970195,1765411199999,2025-12-10 23:59:59,848425.0698000,13032,12104887,381130.6841200
1765411200000,2025-12-11 00:00:00,0.0308500,0.0309400,0.0296300,0.0299900,14360951,1765425599999,2025-12-11 03:59:59,432813.7948900,7344,6630901,199854.9041600
1765425600000,2025-12-11 04:00:00,0.0299900,0.0303500,0.0298300,0.0300100,8648990,1765439999999,2025-12-11 07:59:59,260770.6833500,4944,3969679,119736.1571300
1765440000000,2025-12-11 08:00:00,0.0300200,0.0301200,0.0296600,0.0297900,11064759,1765454399999,2025-12-11 11:59:59,330328.7997700,5624,5146410,153682.0556100
1765454400000,2025-12-11 12:00:00,0.0297900,0.0300600,0.0295400,0.0297500,11284635,1765468799999,2025-12-11 15:59:59,336318.2528800,6318,5368129,159982.5374900
1765468800000,2025-12-11 16:00:00,0.0297400,0.0303100,0.0296700,0.0299500,12437781,1765483199999,2025-12-11 19:59:59,372216.7312300,6126,5538690,165795.0389300
1765483200000,2025-12-11 20:00:00,0.0299400,0.0305300,0.0299000,0.0300900,11980145,1765497599999,2025-12-11 23:59:59,361016.2563000,6392,5615973,169336.7106200
1765497600000,2025-12-12 00:00:00,0.0301000,0.0302600,0.0297800,0.0300300,7544907,1765511999999,2025-12-12 03:59:59,226468.2608200,6415,4178923,125436.4982900
1765512000000,2025-12-12 04:00:00,0.0300200,0.0303200,0.0299400,0.0301500,6287844,1765526399999,2025-12-12 07:59:59,189370.7922900,4588,2971281,89445.0507500
1765526400000,2025-12-12 08:00:00,0.0301600,0.0304200,0.0299700,0.0301400,10680924,1765540799999,2025-12-12 11:59:59,322406.8802500,7167,4847246,146380.7113700
1765540800000,2025-12-12 12:00:00,0.0301300,0.0301800,0.0286100,0.0288900,17886221,1765555199999,2025-12-12 15:59:59,528157.1057900,11714,8093223,239327.6454600
1765555200000,2025-12-12 16:00:00,0.0289000,0.0291400,0.0284300,0.0288100,13496780,1765569599999,2025-12-12 19:59:59,388802.4905900,9287,6430912,185294.7287500
1765569600000,2025-12-12 20:00:00,0.0288300,0.0293800,0.0287400,0.0290900,9738921,1765583999999,2025-12-12 23:59:59,282230.0219000,5523,5105886,147946.1486700
1765584000000,2025-12-13 00:00:00,0.0291000,0.0294500,0.0291000,0.0293100,4269699,1765598399999,2025-12-13 03:59:59,125020.7086400,3461,2019931,59142.8741200
1765598400000,2025-12-13 04:00:00,0.0293100,0.0298000,0.0290800,0.0297000,6194171,1765612799999,2025-12-13 07:59:59,181774.9901800,4461,3027832,88849.1942600
1765612800000,2025-12-13 08:00:00,0.0297000,0.0309500,0.0295400,0.0305700,33611030,1765627199999,2025-12-13 11:59:59,1019507.4637500,12680,15627312,473947.3473800
1765627200000,2025-12-13 12:00:00,0.0305700,0.0306200,0.0299800,0.0302400,15121119,1765641599999,2025-12-13 15:59:59,456952.5090000,6710,7140583,215566.5957300
1765641600000,2025-12-13 16:00:00,0.0302400,0.0304500,0.0300900,0.0302500,8661285,1765655999999,2025-12-13 19:59:59,261848.2908300,5408,4954047,149813.5261600
1765656000000,2025-12-13 20:00:00,0.0302500,0.0316600,0.0300300,0.0305500,67060584,1765670399999,2025-12-13 23:59:59,2072189.1165900,23525,34159381,1055900.1497100
1765670400000,2025-12-14 00:00:00,0.0305400,0.0309500,0.0302900,0.0308000,19897107,1765684799999,2025-12-14 03:59:59,609606.5554600,9942,10602040,324865.7346500
1765684800000,2025-12-14 04:00:00,0.0307900,0.0310600,0.0301600,0.0303600,17260595,1765699199999,2025-12-14 07:59:59,528375.5467300,9021,6845239,209510.4381300
1765699200000,2025-12-14 08:00:00,0.0303600,0.0307000,0.0300900,0.0304000,11890653,1765713599999,2025-12-14 11:59:59,361387.6439900,6078,6387145,194226.7821500
1765713600000,2025-12-14 12:00:00,0.0304000,0.0309100,0.0300400,0.0303300,14860839,1765727999999,2025-12-14 15:59:59,452034.6908600,6170,7214540,219637.9870500
1765728000000,2025-12-14 16:00:00,0.0303300,0.0306000,0.0296500,0.0298500,12013250,1765742399999,2025-12-14 19:59:59,360431.3249900,5713,5467280,164130.5892300
1765742400000,2025-12-14 20:00:00,0.0298400,0.0300500,0.0291300,0.0294100,16118938,1765756799999,2025-12-14 23:59:59,475831.2138700,9472,7666559,226236.0969500
1765756800000,2025-12-15 00:00:00,0.0294300,0.0302900,0.0292900,0.0298400,7024696,1765771199999,2025-12-15 03:59:59,209275.0356100,5603,3093470,92130.9479000
1765771200000,2025-12-15 04:00:00,0.0298500,0.0302500,0.0298000,0.0299900,5211175,1765785599999,2025-12-15 07:59:59,156503.1645900,4135,2945363,88479.0116100
1765785600000,2025-12-15 08:00:00,0.0300000,0.0302700,0.0298900,0.0300100,4423524,1765799999999,2025-12-15 11:59:59,133008.7131600,3681,1878219,56458.9430500
1765800000000,2025-12-15 12:00:00,0.0300200,0.0302000,0.0288700,0.0291000,19521129,1765814399999,2025-12-15 15:59:59,574232.4302000,10581,9156432,269290.8852000
1765814400000,2025-12-15 16:00:00,0.0290900,0.0293900,0.0280600,0.0285600,17452112,1765828799999,2025-12-15 19:59:59,500191.3748600,13639,8478303,243060.4579800
1765828800000,2025-12-15 20:00:00,0.0285500,0.0297500,0.0282500,0.0293800,19479769,1765843199999,2025-12-15 23:59:59,564491.3454800,10447,9957215,288405.1341000
1765843200000,2025-12-16 00:00:00,0.0294000,0.0295800,0.0289700,0.0293700,10249127,1765857599999,2025-12-16 03:59:59,300124.7529900,7093,4943901,144755.7179300
1765857600000,2025-12-16 04:00:00,0.0293800,0.0301300,0.0286600,0.0289400,23327520,1765871999999,2025-12-16 07:59:59,685327.1152200,13369,10409387,306108.6501800
1765872000000,2025-12-16 08:00:00,0.0289300,0.0292200,0.0286500,0.0289800,10076145,1765886399999,2025-12-16 11:59:59,291155.4816800,7193,4241443,122584.1566200
1765886400000,2025-12-16 12:00:00,0.0289600,0.0290600,0.0282100,0.0289000,14345867,1765900799999,2025-12-16 15:59:59,411700.0455700,8917,7291034,209292.2860200
1765900800000,2025-12-16 16:00:00,0.0289000,0.0290500,0.0285200,0.0287500,5187711,1765915199999,2025-12-16 19:59:59,149414.7582200,5137,2277146,65521.3100700
1765915200000,2025-12-16 20:00:00,0.0287400,0.0288200,0.0284300,0.0285300,5863903,1765929599999,2025-12-16 23:59:59,167734.9751000,4835,1961739,56110.2294900
1765929600000,2025-12-17 00:00:00,0.0285300,0.0286600,0.0282500,0.0283200,6344924,1765943999999,2025-12-17 03:59:59,180192.8742800,4715,2405300,68342.1031100
1765944000000,2025-12-17 04:00:00,0.0283300,0.0283900,0.0277200,0.0278300,10484346,1765958399999,2025-12-17 07:59:59,293567.5598300,5571,4902886,137302.7375700
1765958400000,2025-12-17 08:00:00,0.0278500,0.0278700,0.0274700,0.0276500,13140055,1765972799999,2025-12-17 11:59:59,363406.6007600,6944,6168389,170652.5246400
1765972800000,2025-12-17 12:00:00,0.0276600,0.0283700,0.0271500,0.0272500,19649106,1765987199999,2025-12-17 15:59:59,546068.7359400,9008,8570943,238003.0287600
1765987200000,2025-12-17 16:00:00,0.0272500,0.0274600,0.0261200,0.0267900,22188009,1766001599999,2025-12-17 19:59:59,592895.1811100,10071,10941126,292356.5823700
1766001600000,2025-12-17 20:00:00,0.0268000,0.0268100,0.0261200,0.0264300,7279262,1766015999999,2025-12-17 23:59:59,192398.1109900,6090,3817409,100865.0272600
1766016000000,2025-12-18 00:00:00,0.0264400,0.0265200,0.0257600,0.0258800,12485861,1766030399999,2025-12-18 03:59:59,325232.8108400,8457,5667065,147564.9530600
1766030400000,2025-12-18 04:00:00,0.0258900,0.0261800,0.0254600,0.0259000,9228038,1766044799999,2025-12-18 07:59:59,238473.9088000,7210,4252268,109851.6431300
1766044800000,2025-12-18 08:00:00,0.0259000,0.0263200,0.0257900,0.0260900,10179753,1766059199999,2025-12-18 11:59:59,265669.0951600,6743,4731740,123566.0094600
1766059200000,2025-12-18 12:00:00,0.0260900,0.0268800,0.0260100,0.0263800,12786422,1766073599999,2025-12-18 15:59:59,337447.3970300,9579,5815660,153382.3462200
1766073600000,2025-12-18 16:00:00,0.0263800,0.0264900,0.0242700,0.0244500,23084197,1766087999999,2025-12-18 19:59:59,583960.0230900,12000,10898119,275627.3340200
1766088000000,2025-12-18 20:00:00,0.0244400,0.0252700,0.0244100,0.0249300,11412076,1766102399999,2025-12-18 23:59:59,283948.9313900,7010,6081662,151258.2949800
1766102400000,2025-12-19 00:00:00,0.0249400,0.0259600,0.0244900,0.0256200,12476727,1766116799999,2025-12-19 03:59:59,313316.9248300,6741,6194757,155500.1170800
1766116800000,2025-12-19 04:00:00,0.0256300,0.0260700,0.0254100,0.0257200,8529790,1766131199999,2025-12-19 07:59:59,219074.1099500,4946,4128256,106033.9835400
1766131200000,2025-12-19 08:00:00,0.0257300,0.0258100,0.0254200,0.0254700,9469554,1766145599999,2025-12-19 11:59:59,242210.6492800,5218,3621859,92650.7390800
1766145600000,2025-12-19 12:00:00,0.0254900,0.0259800,0.0252900,0.0255700,8600445,1766159999999,2025-12-19 15:59:59,219761.1331000,5001,4294434,109784.9271900
1766160000000,2025-12-19 16:00:00,0.0255600,0.0264800,0.0254000,0.0263200,13234101,1766174399999,2025-12-19 19:59:59,342180.2413300,7330,6621953,171198.4487300
1766174400000,2025-12-19 20:00:00,0.0263200,0.0266000,0.0261900,0.0263400,7018343,1766188799999,2025-12-19 23:59:59,185238.4310800,4489,3592411,94749.8521300
1766188800000,2025-12-20 00:00:00,0.0263500,0.0266300,0.0262500,0.0264600,7680880,1766203199999,2025-12-20 03:59:59,203074.3854800,4160,3696155,97731.2748700
1766203200000,2025-12-20 04:00:00,0.0264600,0.0265500,0.0262300,0.0264200,3603129,1766217599999,2025-12-20 07:59:59,95132.2538700,2927,1700065,44894.7676300
1766217600000,2025-12-20 08:00:00,0.0264300,0.0268000,0.0263400,0.0267600,5143823,1766231999999,2025-12-20 11:59:59,136582.9383400,6988,2615045,69483.8159000
1766232000000,2025-12-20 12:00:00,0.0267700,0.0268500,0.0264800,0.0266500,6948443,1766246399999,2025-12-20 15:59:59,185286.7666400,6582,3304801,88139.0839900
1766246400000,2025-12-20 16:00:00,0.0266500,0.0267800,0.0265300,0.0266200,4952752,1766260799999,2025-12-20 19:59:59,132065.0557500,5718,2608751,69591.2042700
1766260800000,2025-12-20 20:00:00,0.0266200,0.0267700,0.0265200,0.0266500,3829640,1766275199999,2025-12-20 23:59:59,102065.6321600,3579,1894863,50513.6583600
1766275200000,2025-12-21 00:00:00,0.0266500,0.0267200,0.0260600,0.0263900,5013198,1766289599999,2025-12-21 03:59:59,132541.1591500,3396,2392337,63255.3645000
1766289600000,2025-12-21 04:00:00,0.0264000,0.0265600,0.0262700,0.0265100,3232389,1766303999999,2025-12-21 07:59:59,85347.8989400,2941,1661717,43902.8715700
1766304000000,2025-12-21 08:00:00,0.0265200,0.0266200,0.0262900,0.0263100,3866993,1766318399999,2025-12-21 11:59:59,102282.1928900,3047,2007632,53111.5351900
1766318400000,2025-12-21 12:00:00,0.0263100,0.0263800,0.0253800,0.0256500,7686034,1766332799999,2025-12-21 15:59:59,198145.7460300,5121,3634120,93698.1813500
1766332800000,2025-12-21 16:00:00,0.0256400,0.0259500,0.0255300,0.0258200,4358848,1766347199999,2025-12-21 19:59:59,112145.5927000,3320,2039484,52502.6682200
1766347200000,2025-12-21 20:00:00,0.0258200,0.0261400,0.0254300,0.0258600,3925377,1766361599999,2025-12-21 23:59:59,101115.8751800,2820,1766982,45531.0731800
1766361600000,2025-12-22 00:00:00,0.0258600,0.0265600,0.0257100,0.0261700,9430144,1766375999999,2025-12-22 03:59:59,246343.5239200,5108,5121674,133824.2396600
1766376000000,2025-12-22 04:00:00,0.0261700,0.0264300,0.0260500,0.0263400,4333548,1766390399999,2025-12-22 07:59:59,113663.4184500,3218,2535868,66514.8077000
1766390400000,2025-12-22 08:00:00,0.0263300,0.0267300,0.0263200,0.0265600,5286866,1766404799999,2025-12-22 11:59:59,140272.8720700,11241,2320208,61579.8446200
1766404800000,2025-12-22 12:00:00,0.0265600,0.0267000,0.0262400,0.0265200,5223787,1766419199999,2025-12-22 15:59:59,138357.5323800,4845,2623553,69491.9905800
1766419200000,2025-12-22 16:00:00,0.0265300,0.0266700,0.0260300,0.0260900,7312439,1766433599999,2025-12-22 19:59:59,193386.1915900,5778,3461525,91542.1899300
1766433600000,2025-12-22 20:00:00,0.0260900,0.0264100,0.0258700,0.0263700,4057940,1766447999999,2025-12-22 23:59:59,106026.6980700,3435,1829799,47851.8608900
1766448000000,2025-12-23 00:00:00,0.0263500,0.0265700,0.0261800,0.0263300,3994433,1766462399999,2025-12-23 03:59:59,105524.7659300,3367,1551621,40958.6885100
1766462400000,2025-12-23 04:00:00,0.0263100,0.0264100,0.0259800,0.0261400,3458585,1766476799999,2025-12-23 07:59:59,90455.3688100,3065,1590588,41600.1340100
1766476800000,2025-12-23 08:00:00,0.0261400,0.0265100,0.0259400,0.0263000,6998407,1766491199999,2025-12-23 11:59:59,183735.2537300,3797,3235721,85013.5858000
1766491200000,2025-12-23 12:00:00,0.0263100,0.0263300,0.0257800,0.0260300,8970878,1766505599999,2025-12-23 15:59:59,233957.5244200,4006,4138321,107929.0305600
1766505600000,2025-12-23 16:00:00,0.0260400,0.0266800,0.0258500,0.0263800,15798619,1766519999999,2025-12-23 19:59:59,414100.7542400,7162,6313885,165445.5517500
1766520000000,2025-12-23 20:00:00,0.0264000,0.0267000,0.0262600,0.0265100,4427716,1766534399999,2025-12-23 23:59:59,117185.5416600,3593,2311548,61203.7473900
1766534400000,2025-12-24 00:00:00,0.0265100,0.0265900,0.0255400,0.0258500,11576061,1766548799999,2025-12-24 03:59:59,301055.7331100,5719,5288962,137596.5040300
1766548800000,2025-12-24 04:00:00,0.0258500,0.0260600,0.0254600,0.0255900,5875915,1766563199999,2025-12-24 07:59:59,150977.6145000,3346,2601013,66864.2533100
1766563200000,2025-12-24 08:00:00,0.0256000,0.0258600,0.0255900,0.0256700,4206417,1766577599999,2025-12-24 11:59:59,108116.7971600,2885,1975549,50777.7636400
1766577600000,2025-12-24 12:00:00,0.0256800,0.0261300,0.0255700,0.0260600,3856656,1766591999999,2025-12-24 15:59:59,99647.5104400,2685,1868528,48300.5767100
1766592000000,2025-12-24 16:00:00,0.0260600,0.0263100,0.0259100,0.0263100,4752004,1766606399999,2025-12-24 19:59:59,123974.6114500,2849,2436762,63587.9756800
1766606400000,2025-12-24 20:00:00,0.0263100,0.0266900,0.0262400,0.0266900,5745444,1766620799999,2025-12-24 23:59:59,151880.0118700,3139,2037601,53862.6078400
1766620800000,2025-12-25 00:00:00,0.0266700,0.0272100,0.0265300,0.0271900,11552164,1766635199999,2025-12-25 03:59:59,309715.8657800,4629,4473839,119926.1927700
1766635200000,2025-12-25 04:00:00,0.0271800,0.0274900,0.0268600,0.0274500,6976430,1766649599999,2025-12-25 07:59:59,189528.2676000,3254,3837428,104415.1833900
1766649600000,2025-12-25 08:00:00,0.0274300,0.0274400,0.0268400,0.0268500,5747041,1766663999999,2025-12-25 11:59:59,156004.1780700,3212,2400158,65179.3970500
1766664000000,2025-12-25 12:00:00,0.0268400,0.0270400,0.0267100,0.0270000,5207915,1766678399999,2025-12-25 15:59:59,139906.5701300,2754,3071169,82527.7734200
1766678400000,2025-12-25 16:00:00,0.0270100,0.0271800,0.0268800,0.0271000,6016167,1766692799999,2025-12-25 19:59:59,162728.3795900,2972,3324588,89925.5015200
1766692800000,2025-12-25 20:00:00,0.0270800,0.0271300,0.0260000,0.0261300,8677585,1766707199999,2025-12-25 23:59:59,230012.8909200,3912,3677087,97486.0628800
1766707200000,2025-12-26 00:00:00,0.0261200,0.0268800,0.0260400,0.0265700,5648485,1766721599999,2025-12-26 03:59:59,149564.6382000,3532,2937753,77722.8181100
1766721600000,2025-12-26 04:00:00,0.0265600,0.0267800,0.0264500,0.0265200,3196952,1766735999999,2025-12-26 07:59:59,85092.8501400,2206,1681404,44739.7043500
1766736000000,2025-12-26 08:00:00,0.0265200,0.0268300,0.0265000,0.0265700,4667262,1766750399999,2025-12-26 11:59:59,124501.8391700,2520,2621145,69949.1345900
1766750400000,2025-12-26 12:00:00,0.0265800,0.0268100,0.0262600,0.0265300,4819495,1766764799999,2025-12-26 15:59:59,128045.8155700,2750,2437817,64753.0695200
1766764800000,2025-12-26 16:00:00,0.0265300,0.0267200,0.0263000,0.0266900,3180406,1766779199999,2025-12-26 19:59:59,84349.1364600,2075,1566280,41551.6278200
1766779200000,2025-12-26 20:00:00,0.0266900,0.0267700,0.0265500,0.0267300,2413742,1766793599999,2025-12-26 23:59:59,64366.5755000,1737,1369787,36519.2018300
1766793600000,2025-12-27 00:00:00,0.0267300,0.0269400,0.0266800,0.0268900,2488780,1766807999999,2025-12-27 03:59:59,66661.3063100,2589,1061000,28430.5484800
1766808000000,2025-12-27 04:00:00,0.0268900,0.0269100,0.0266800,0.0268800,1480354,1766822399999,2025-12-27 07:59:59,39694.9427000,1445,743951,19958.6675100
1766822400000,2025-12-27 08:00:00,0.0268700,0.0269600,0.0263500,0.0268800,3860437,1766836799999,2025-12-27 11:59:59,103070.9065200,2338,1928852,51520.0697500
1766836800000,2025-12-27 12:00:00,0.0268900,0.0273300,0.0267200,0.0270000,20739776,1766851199999,2025-12-27 15:59:59,559713.8203200,4573,10148762,273432.7490600
1766851200000,2025-12-27 16:00:00,0.0269900,0.0282000,0.0268500,0.0274600,44797807,1766865599999,2025-12-27 19:59:59,1242614.7936200,15662,22335278,619698.0175200
1766865600000,2025-12-27 20:00:00,0.0274600,0.0276300,0.0272500,0.0276000,12673308,1766879999999,2025-12-27 23:59:59,347941.7384600,6118,6602211,181215.8626600
1766880000000,2025-12-28 00:00:00,0.0276000,0.0277200,0.0273700,0.0275700,3640812,1766894399999,2025-12-28 03:59:59,100306.2727000,3495,1747402,48125.2335600
1766894400000,2025-12-28 04:00:00,0.0275700,0.0276200,0.0273100,0.0273800,3719194,1766908799999,2025-12-28 07:59:59,102124.5812100,2784,1895395,52062.0247800
1766908800000,2025-12-28 08:00:00,0.0274000,0.0275200,0.0272200,0.0273100,3393472,1766923199999,2025-12-28 11:59:59,92965.7144700,2298,1379216,37786.0967500
1766923200000,2025-12-28 12:00:00,0.0273100,0.0276000,0.0271400,0.0272600,5225161,1766937599999,2025-12-28 15:59:59,142829.8957000,3115,2458148,67226.0625400
1766937600000,2025-12-28 16:00:00,0.0272700,0.0274100,0.0265600,0.0266000,8683246,1766951999999,2025-12-28 19:59:59,234093.9562300,4066,3286833,88776.1556400
1766952000000,2025-12-28 20:00:00,0.0266000,0.0269000,0.0265200,0.0268800,3979999,1766966399999,2025-12-28 23:59:59,106290.3384400,3558,1761669,47082.8469400
1766966400000,2025-12-29 00:00:00,0.0268700,0.0273000,0.0266500,0.0272300,5502371,1766980799999,2025-12-29 03:59:59,148579.5226000,4477,2800602,75702.3578900
1766980800000,2025-12-29 04:00:00,0.0272400,0.0272600,0.0268300,0.0271300,4386378,1766995199999,2025-12-29 07:59:59,118855.8830200,3677,2307912,62536.8917700
1766995200000,2025-12-29 08:00:00,0.0271200,0.0271700,0.0266300,0.0267400,7062227,1767009599999,2025-12-29 11:59:59,190023.7419400,4778,3768597,101410.1831900
1767009600000,2025-12-29 12:00:00,0.0267400,0.0267800,0.0262300,0.0266300,10052056,1767023999999,2025-12-29 15:59:59,266242.3390400,8983,4725894,125183.6458600
1767024000000,2025-12-29 16:00:00,0.0266200,0.0268100,0.0263800,0.0265300,4369491,1767038399999,2025-12-29 19:59:59,116184.8822900,8717,2020068,53716.5201100
1767038400000,2025-12-29 20:00:00,0.0265200,0.0266200,0.0262200,0.0263500,5664089,1767052799999,2025-12-29 23:59:59,149564.2469500,4109,2650937,70054.8670300
1767052800000,2025-12-30 00:00:00,0.0263400,0.0265000,0.0255600,0.0257600,7683553,1767067199999,2025-12-30 03:59:59,199694.3895900,4333,3291027,85469.2045000
1767067200000,2025-12-30 04:00:00,0.0257600,0.0259200,0.0255800,0.0258700,2881251,1767081599999,2025-12-30 07:59:59,74345.6443000,2333,1494265,38558.9135600
1767081600000,2025-12-30 08:00:00,0.0258700,0.0262700,0.0258600,0.0262100,4998812,1767095999999,2025-12-30 11:59:59,130142.4699900,3141,2597255,67607.4601800
1767096000000,2025-12-30 12:00:00,0.0262100,0.0262900,0.0254400,0.0259000,10020333,1767110399999,2025-12-30 15:59:59,258945.4059800,4995,3522740,91116.7588100
1767110400000,2025-12-30 16:00:00,0.0258900,0.0259700,0.0255000,0.0256500,6819788,1767124799999,2025-12-30 19:59:59,175486.7502100,3850,2884044,74210.2815400
1767124800000,2025-12-30 20:00:00,0.0256600,0.0257500,0.0254700,0.0256800,6467317,1767139199999,2025-12-30 23:59:59,165557.6694400,3313,2075320,53141.5127700
1767139200000,2025-12-31 00:00:00,0.0256900,0.0258400,0.0255300,0.0256600,4489905,1767153599999,2025-12-31 03:59:59,115381.4917700,2803,2399000,61649.9871700
1767153600000,2025-12-31 04:00:00,0.0256600,0.0257900,0.0255000,0.0257600,5835245,1767167999999,2025-12-31 07:59:59,149620.9918800,2949,2731823,70063.5529200
1767168000000,2025-12-31 08:00:00,0.0257700,0.0267100,0.0255900,0.0261100,41846890,1767182399999,2025-12-31 11:59:59,1095916.5979400,13165,21712940,568767.1463200
1767182400000,2025-12-31 12:00:00,0.0261400,0.0263900,0.0258200,0.0262000,12526158,1767196799999,2025-12-31 15:59:59,327119.0585400,6260,5852767,152825.9787200
1767196800000,2025-12-31 16:00:00,0.0262000,0.0281900,0.0253100,0.0267900,44442617,1767211199999,2025-12-31 19:59:59,1186816.7372200,17301,21078702,563657.4089100
1767211200000,2025-12-31 20:00:00,0.0267800,0.0280000,0.0261500,0.0270700,53032462,1767225599999,2025-12-31 23:59:59,1427231.1831600,21721,25072983,675138.9229800
1767225600000,2026-01-01 00:00:00,0.0270900,0.0275500,0.0268000,0.0270900,13025021,1767239999999,2026-01-01 03:59:59,353875.4715800,7221,6181314,168064.6527200
1767240000000,2026-01-01 04:00:00,0.0271200,0.0280300,0.0264600,0.0270600,39262617,1767254399999,2026-01-01 07:59:59,1065681.5850100,15727,19444343,528743.8813100
1767254400000,2026-01-01 08:00:00,0.0270700,0.0274000,0.0263900,0.0270300,23334603,1767268799999,2026-01-01 11:59:59,626419.5176400,9664,12699962,341233.9334600
1767268800000,2026-01-01 12:00:00,0.0270300,0.0275300,0.0267200,0.0273600,15546105,1767283199999,2026-01-01 15:59:59,421650.8684100,7444,7345535,199224.5549300
1767283200000,2026-01-01 16:00:00,0.0273500,0.0275400,0.0271500,0.0275300,7417366,1767297599999,2026-01-01 19:59:59,202358.3067200,4979,3551616,96921.1450800
1767297600000,2026-01-01 20:00:00,0.0275300,0.0275600,0.0273000,0.0274300,7101045,1767311999999,2026-01-01 23:59:59,194734.6618100,4352,3585659,98325.2200200
1767312000000,2026-01-02 00:00:00,0.0274300,0.0275400,0.0271900,0.0274500,4626804,1767326399999,2026-01-02 03:59:59,126695.8936600,3792,2373822,65028.9568700
1767326400000,2026-01-02 04:00:00,0.0274500,0.0274800,0.0271900,0.0274100,5543525,1767340799999,2026-01-02 07:59:59,151579.1635800,3992,3067520,83915.4630600
1767340800000,2026-01-02 08:00:00,0.0273900,0.0276500,0.0270500,0.0273300,15456554,1767355199999,2026-01-02 11:59:59,423521.4973300,6205,7034792,192813.2360000
1767355200000,2026-01-02 12:00:00,0.0273300,0.0276200,0.0270100,0.0272400,15027015,1767369599999,2026-01-02 15:59:59,410382.9371800,8429,8532623,233005.5150400
1767369600000,2026-01-02 16:00:00,0.0272300,0.0278800,0.0271500,0.0278500,10676585,1767383999999,2026-01-02 19:59:59,293588.1727200,8077,5267968,144977.1448300
1767384000000,2026-01-02 20:00:00,0.0278600,0.0278600,0.0275700,0.0276600,6095752,1767398399999,2026-01-02 23:59:59,168924.7236300,4321,3175826,88016.6307500
1767398400000,2026-01-03 00:00:00,0.0276600,0.0279300,0.0276000,0.0278600,3891593,1767412799999,2026-01-03 03:59:59,107954.5387300,3420,2225776,61734.0368300
1767412800000,2026-01-03 04:00:00,0.0278700,0.0278800,0.0268000,0.0268700,11114305,1767427199999,2026-01-03 07:59:59,303116.4567300,5938,4268602,116519.8111000
1767427200000,2026-01-03 08:00:00,0.0269100,0.0271100,0.0267800,0.0270800,6727607,1767441599999,2026-01-03 11:59:59,181458.5426500,7357,3015832,81394.3818700
1767441600000,2026-01-03 12:00:00,0.0270800,0.0274300,0.0270400,0.0272000,5366269,1767455999999,2026-01-03 15:59:59,146243.5818600,4182,2553335,69598.3791700
1767456000000,2026-01-03 16:00:00,0.0271900,0.0275400,0.0271000,0.0273000,8258939,1767470399999,2026-01-03 19:59:59,225772.2868700,3813,4022615,110002.3793300
1767470400000,2026-01-03 20:00:00,0.0273100,0.0275900,0.0271300,0.0275600,8088873,1767484799999,2026-01-03 23:59:59,221617.9216300,4150,4175356,114368.5455500
1767484800000,2026-01-04 00:00:00,0.0275600,0.0278100,0.0274700,0.0277500,5082126,1767499199999,2026-01-04 03:59:59,140218.4531400,3095,2092187,57739.7311600
1767499200000,2026-01-04 04:00:00,0.0277600,0.0278300,0.0273600,0.0276100,6582548,1767513599999,2026-01-04 07:59:59,181923.3338000,3118,3485900,96325.6025800
1767513600000,2026-01-04 08:00:00,0.0276100,0.0278400,0.0274100,0.0276800,5736959,1767527999999,2026-01-04 11:59:59,158782.5822500,6130,2605982,72121.7208000
1767528000000,2026-01-04 12:00:00,0.0276700,0.0285300,0.0276200,0.0281800,22342344,1767542399999,2026-01-04 15:59:59,629240.8188200,8860,10854009,305839.9577100
1767542400000,2026-01-04 16:00:00,0.0281700,0.0287700,0.0279000,0.0280200,15356623,1767556799999,2026-01-04 19:59:59,434931.3803400,6860,7955393,225463.5888400
1767556800000,2026-01-04 20:00:00,0.0280300,0.0286600,0.0279700,0.0282400,11587924,1767571199999,2026-01-04 23:59:59,327394.9616000,7628,5072352,143356.9604900
1767571200000,2026-01-05 00:00:00,0.0282400,0.0285500,0.0280000,0.0281700,13125116,1767585599999,2026-01-05 03:59:59,371004.3718300,5408,6133479,173456.4733100
1767585600000,2026-01-05 04:00:00,0.0281700,0.0282500,0.0275700,0.0279000,14336840,1767599999999,2026-01-05 07:59:59,400632.2766200,5128,7375454,206281.3533700
1767600000000,2026-01-05 08:00:00,0.0279000,0.0281300,0.0273000,0.0276300,16593367,1767614399999,2026-01-05 11:59:59,458883.0880700,5637,7325496,202547.8988400
1767614400000,2026-01-05 12:00:00,0.0276200,0.0281200,0.0274300,0.0280500,6464788,1767628799999,2026-01-05 15:59:59,179164.6615500,3853,3203120,88787.3743600
1767628800000,2026-01-05 16:00:00,0.0280500,0.0281900,0.0277100,0.0280700,6988462,1767643199999,2026-01-05 19:59:59,195960.7197100,3714,3223447,90400.1627600
1767643200000,2026-01-05 20:00:00,0.0280700,0.0284200,0.0280000,0.0282200,11146908,1767657599999,2026-01-05 23:59:59,314199.7615800,7783,6688571,188557.5047300
1767657600000,2026-01-06 00:00:00,0.0282000,0.0285900,0.0278300,0.0285100,10327499,1767671999999,2026-01-06 03:59:59,291267.6791900,4629,4450145,125598.4841700
1767672000000,2026-01-06 04:00:00,0.0285100,0.0294600,0.0281800,0.0283400,33219493,1767686399999,2026-01-06 07:59:59,951879.3340300,10984,15935542,457172.8458600
1767686400000,2026-01-06 08:00:00,0.0283400,0.0291200,0.0281400,0.0288900,23021405,1767700799999,2026-01-06 11:59:59,662106.1756500,9053,10124754,291692.4079800
1767700800000,2026-01-06 12:00:00,0.0289000,0.0295400,0.0287900,0.0291000,18259802,1767715199999,2026-01-06 15:59:59,532624.0271700,8332,8808314,256974.4075100
1767715200000,2026-01-06 16:00:00,0.0291100,0.0309300,0.0286400,0.0297300,130139572,1767729599999,2026-01-06 19:59:59,3863036.9404300,36671,67656643,2008953.2290200
1767729600000,2026-01-06 20:00:00,0.0297100,0.0301200,0.0292500,0.0297400,26023634,1767743999999,2026-01-06 23:59:59,772453.6755200,11639,11729535,348540.4467200
1767744000000,2026-01-07 00:00:00,0.0297400,0.0298400,0.0286100,0.0290800,34697956,1767758399999,2026-01-07 03:59:59,1008276.0696600,11419,15323646,444755.9080100
1767758400000,2026-01-07 04:00:00,0.0290800,0.0295200,0.0288200,0.0295100,10422813,1767772799999,2026-01-07 07:59:59,303741.7906500,5015,4779500,139241.8722800
1767772800000,2026-01-07 08:00:00,0.0295200,0.0295400,0.0285700,0.0290000,16281880,1767787199999,2026-01-07 11:59:59,471657.9390000,6785,6505034,188529.0396500
1767787200000,2026-01-07 12:00:00,0.0290000,0.0291500,0.0280800,0.0283300,19341007,1767801599999,2026-01-07 15:59:59,552303.6177300,6994,8125994,231958.5068800
1767801600000,2026-01-07 16:00:00,0.0283300,0.0288000,0.0281700,0.0287600,9532381,1767815999999,2026-01-07 19:59:59,271827.8021000,4982,4553370,129862.8224600
1767816000000,2026-01-07 20:00:00,0.0287500,0.0288000,0.0281500,0.0285000,5878635,1767830399999,2026-01-07 23:59:59,167458.7902400,3805,2713881,77256.7954500
1767830400000,2026-01-08 00:00:00,0.0285100,0.0289800,0.0282900,0.0285100,7420976,1767844799999,2026-01-08 03:59:59,212720.8210600,4511,3547174,101747.2242600
1767844800000,2026-01-08 04:00:00,0.0285100,0.0296600,0.0280100,0.0286200,16581699,1767859199999,2026-01-08 07:59:59,476727.1932800,7823,8351374,240730.6430000
1767859200000,2026-01-08 08:00:00,0.0286100,0.0287200,0.0269400,0.0271200,29054485,1767873599999,2026-01-08 11:59:59,799303.0714100,13066,11620372,319598.2295000
1767873600000,2026-01-08 12:00:00,0.0271200,0.0277200,0.0262600,0.0275600,30555153,1767887999999,2026-01-08 15:59:59,824559.3996300,15488,14619791,394978.4455200
1767888000000,2026-01-08 16:00:00,0.0275500,0.0278500,0.0270700,0.0272100,17209879,1767902399999,2026-01-08 19:59:59,471796.8753000,8636,6445061,176693.2047000
1767902400000,2026-01-08 20:00:00,0.0272100,0.0275000,0.0270600,0.0273800,5643782,1767916799999,2026-01-08 23:59:59,154359.0760200,4140,2792071,76347.9177800
1767916800000,2026-01-09 00:00:00,0.0274000,0.0275400,0.0268300,0.0272700,13088240,1767931199999,2026-01-09 03:59:59,355615.6981600,6804,5607517,152390.1388300
1767931200000,2026-01-09 04:00:00,0.0272700,0.0273700,0.0270200,0.0272400,4414781,1767945599999,2026-01-09 07:59:59,120079.9716000,3754,2319473,63089.9174000
1767945600000,2026-01-09 08:00:00,0.0272300,0.0273400,0.0267600,0.0270400,8411962,1767959999999,2026-01-09 11:59:59,227506.8015700,5015,4213685,113989.8951900
1767960000000,2026-01-09 12:00:00,0.0270400,0.0273700,0.0265400,0.0271500,13921664,1767974399999,2026-01-09 15:59:59,375918.0840500,7729,7249435,196059.0817800
1767974400000,2026-01-09 16:00:00,0.0271600,0.0273100,0.0266000,0.0267100,7013537,1767988799999,2026-01-09 19:59:59,189016.0796500,4480,3144565,84753.3578500
1767988800000,2026-01-09 20:00:00,0.0267000,0.0271100,0.0266200,0.0270600,3900925,1768003199999,2026-01-09 23:59:59,104869.5025600,3613,1854260,49856.2616500
1768003200000,2026-01-10 00:00:00,0.0270600,0.0270900,0.0266300,0.0268000,3270144,1768017599999,2026-01-10 03:59:59,87843.2564000,2741,1584905,42558.3699100
1768017600000,2026-01-10 04:00:00,0.0267900,0.0270000,0.0266100,0.0269700,4349874,1768031999999,2026-01-10 07:59:59,116481.9601600,2871,2225483,59616.3917700
1768032000000,2026-01-10 08:00:00,0.0269700,0.0273500,0.0269400,0.0271500,6721360,1768046399999,2026-01-10 11:59:59,182582.4645600,3791,3204391,87041.0106200
1768046400000,2026-01-10 12:00:00,0.0271400,0.0271900,0.0269000,0.0269600,3547730,1768060799999,2026-01-10 15:59:59,95852.9217100,2992,1740117,47052.1780400
1768060800000,2026-01-10 16:00:00,0.0269600,0.0271700,0.0268100,0.0271500,3019217,1768075199999,2026-01-10 19:59:59,81478.2000200,2530,1809120,48827.3067800
1768075200000,2026-01-10 20:00:00,0.0271500,0.0271800,0.0265100,0.0267000,3698342,1768089599999,2026-01-10 23:59:59,99397.4575700,3113,1431178,38445.6388400
1768089600000,2026-01-11 00:00:00,0.0267200,0.0268800,0.0266200,0.0268100,4461188,1768103999999,2026-01-11 03:59:59,119360.1744100,2945,2167626,58005.8052700
1768104000000,2026-01-11 04:00:00,0.0267900,0.0269100,0.0265600,0.0268900,3946738,1768118399999,2026-01-11 07:59:59,105607.3591000,2169,2048320,54833.8256000
1768118400000,2026-01-11 08:00:00,0.0268900,0.0271100,0.0268000,0.0270500,3785715,1768132799999,2026-01-11 11:59:59,101990.4567300,2348,1837773,49486.5908900
1768132800000,2026-01-11 12:00:00,0.0270400,0.0271800,0.0265900,0.0267200,4513498,1768147199999,2026-01-11 15:59:59,121527.2064700,2612,2043687,55068.7433700
1768147200000,2026-01-11 16:00:00,0.0267100,0.0271400,0.0267100,0.0267500,5363540,1768161599999,2026-01-11 19:59:59,144233.5730600,2826,2510955,67527.5953000
1768161600000,2026-01-11 20:00:00,0.0267500,0.0267600,0.0255000,0.0259800,18896470,1768175999999,2026-01-11 23:59:59,490442.1091800,5790,6924299,180014.4374900
1768176000000,2026-01-12 00:00:00,0.0259800,0.0266100,0.0257400,0.0261900,8578410,1768190399999,2026-01-12 03:59:59,224384.5278700,4463,4280311,111924.1957900
1768190400000,2026-01-12 04:00:00,0.0261800,0.0264000,0.0259000,0.0259400,5826754,1768204799999,2026-01-12 07:59:59,152630.4179300,4705,2802328,73412.3736600
1768204800000,2026-01-12 08:00:00,0.0259400,0.0260500,0.0255700,0.0259300,7323116,1768219199999,2026-01-12 11:59:59,189069.6308800,3399,3787030,97789.6506400
1768219200000,2026-01-12 12:00:00,0.0259400,0.0261000,0.0255400,0.0261000,7489770,1768233599999,2026-01-12 15:59:59,193242.2299800,3665,3272677,84495.9693100
1768233600000,2026-01-12 16:00:00,0.0260900,0.0263200,0.0257700,0.0261200,4850993,1768247999999,2026-01-12 19:59:59,126478.9316700,2915,2318382,60431.3479200
1768248000000,2026-01-12 20:00:00,0.0261200,0.0262200,0.0256100,0.0258500,5546279,1768262399999,2026-01-12 23:59:59,143404.1235900,3065,2212109,57231.3799500
1768262400000,2026-01-13 00:00:00,0.0258500,0.0261500,0.0258100,0.0260900,3293517,1768276799999,2026-01-13 03:59:59,85579.5836600,2297,1756635,45635.2101700
1768276800000,2026-01-13 04:00:00,0.0260800,0.0263400,0.0260200,0.0261700,2774025,1768291199999,2026-01-13 07:59:59,72608.0227600,2465,1301406,34073.0962100
1768291200000,2026-01-13 08:00:00,0.0261700,0.0264800,0.0261500,0.0264000,4026302,1768305599999,2026-01-13 11:59:59,105961.7713800,3135,2407479,63360.6971100
1768305600000,2026-01-13 12:00:00,0.0264000,0.0268600,0.0263400,0.0267800,6409731,1768319999999,2026-01-13 15:59:59,170650.1758000,3943,2799882,74550.2795900
1768320000000,2026-01-13 16:00:00,0.0267800,0.0272800,0.0266800,0.0272200,12570291,1768334399999,2026-01-13 19:59:59,339663.8277600,5520,5210511,140820.4987000
1768334400000,2026-01-13 20:00:00,0.0272400,0.0280300,0.0269600,0.0277200,17343954,1768348799999,2026-01-13 23:59:59,476231.2071900,7183,8028395,220723.7144900
1768348800000,2026-01-14 00:00:00,0.0277300,0.0281200,0.0277100,0.0278900,5851666,1768363199999,2026-01-14 03:59:59,163283.3762100,4037,2448970,68375.9966500
1768363200000,2026-01-14 04:00:00,0.0279000,0.0281300,0.0274700,0.0276200,10379178,1768377599999,2026-01-14 07:59:59,288434.0001900,5704,4190842,116491.6201700
1768377600000,2026-01-14 08:00:00,0.0276200,0.0280500,0.0271700,0.0275400,8651342,1768391999999,2026-01-14 11:59:59,239246.0889300,4880,3903922,108031.4538400
1768392000000,2026-01-14 12:00:00,0.0275400,0.0279400,0.0273900,0.0276300,8761120,1768406399999,2026-01-14 15:59:59,242445.2079300,4690,4325793,119742.5220500
1768406400000,2026-01-14 16:00:00,0.0276500,0.0279400,0.0271200,0.0274700,11057849,1768420799999,2026-01-14 19:59:59,304159.7879200,5558,6378765,175334.5077800
1768420800000,2026-01-14 20:00:00,0.0274900,0.0276600,0.0268700,0.0270800,7776527,1768435199999,2026-01-14 23:59:59,211473.7507500,4168,2980304,81163.0628400
1768435200000,2026-01-15 00:00:00,0.0270900,0.0271000,0.0262600,0.0262800,7421250,1768449599999,2026-01-15 03:59:59,198749.7297400,5184,3414371,91518.9206100
1768449600000,2026-01-15 04:00:00,0.0262900,0.0268900,0.0261900,0.0268600,5210659,1768463999999,2026-01-15 07:59:59,138374.2192500,4618,3585041,95243.0110500
1768464000000,2026-01-15 08:00:00,0.0268400,0.0268600,0.0265500,0.0266200,4744651,1768478399999,2026-01-15 11:59:59,126670.3941900,3256,2490027,66455.5657700
1768478400000,2026-01-15 12:00:00,0.0266300,0.0269800,0.0257900,0.0261900,10228997,1768492799999,2026-01-15 15:59:59,270138.4118200,5020,4350707,115240.6429600
1768492800000,2026-01-15 16:00:00,0.0261900,0.0263700,0.0255600,0.0257000,10942804,1768507199999,2026-01-15 19:59:59,283945.9799000,5976,5365917,139407.6613100
1768507200000,2026-01-15 20:00:00,0.0256900,0.0259400,0.0254300,0.0259300,8314082,1768521599999,2026-01-15 23:59:59,213666.0937400,4662,3767155,96906.2872500
1768521600000,2026-01-16 00:00:00,0.0259300,0.0260700,0.0256500,0.0258900,6438298,1768535999999,2026-01-16 03:59:59,166454.2907200,3701,3309769,85623.9546300
1768536000000,2026-01-16 04:00:00,0.0259000,0.0264500,0.0256900,0.0262800,4122371,1768550399999,2026-01-16 07:59:59,107680.3901300,3170,2321049,60665.2418500
1768550400000,2026-01-16 08:00:00,0.0262900,0.0265300,0.0262200,0.0263800,3065165,1768564799999,2026-01-16 11:59:59,80951.2319600,2858,1415374,37373.7196800
1768564800000,2026-01-16 12:00:00,0.0263900,0.0266100,0.0258400,0.0260400,7303511,1768579199999,2026-01-16 15:59:59,191810.6973700,4359,3584672,94240.2322400
1768579200000,2026-01-16 16:00:00,0.0260300,0.0267400,0.0260000,0.0266000,5917017,1768593599999,2026-01-16 19:59:59,156455.4829000,3905,2807679,74255.8010400
1768593600000,2026-01-16 20:00:00,0.0265900,0.0272100,0.0264800,0.0271900,4420561,1768607999999,2026-01-16 23:59:59,118976.4601400,3226,2556116,68839.9125600
1768608000000,2026-01-17 00:00:00,0.0271800,0.0276500,0.0271800,0.0273300,9181927,1768622399999,2026-01-17 03:59:59,251343.4301200,4583,4278651,117077.8793200
1768622400000,2026-01-17 04:00:00,0.0273300,0.0275700,0.0270900,0.0275500,7752011,1768636799999,2026-01-17 07:59:59,212030.3341200,4373,3229613,88365.4454800
1768636800000,2026-01-17 08:00:00,0.0275300,0.0277300,0.0273300,0.0273700,5190921,1768651199999,2026-01-17 11:59:59,142847.9439900,3737,2372224,65293.6959800
1768651200000,2026-01-17 12:00:00,0.0273600,0.0278800,0.0273200,0.0277700,6221341,1768665599999,2026-01-17 15:59:59,172140.6512000,4076,3222883,89224.0110700
1768665600000,2026-01-17 16:00:00,0.0277800,0.0278000,0.0273000,0.0274400,5013756,1768679999999,2026-01-17 19:59:59,137878.4220000,3436,2081891,57234.1605800
1768680000000,2026-01-17 20:00:00,0.0274300,0.0274900,0.0269700,0.0271500,5181213,1768694399999,2026-01-17 23:59:59,141286.8941000,3066,2564772,69965.9262500
1768694400000,2026-01-18 00:00:00,0.0271600,0.0273600,0.0266900,0.0268700,7966688,1768708799999,2026-01-18 03:59:59,214645.9009500,3787,3642439,98184.7224300
1768708800000,2026-01-18 04:00:00,0.0268500,0.0269200,0.0265300,0.0266900,3441789,1768723199999,2026-01-18 07:59:59,92083.0203300,2539,1698581,45465.6411600
1768723200000,2026-01-18 08:00:00,0.0266900,0.0270700,0.0265800,0.0269800,7817631,1768737599999,2026-01-18 11:59:59,210398.0159000,3191,4681312,126036.1507500
1768737600000,2026-01-18 12:00:00,0.0270000,0.0271200,0.0267500,0.0269300,8821027,1768751999999,2026-01-18 15:59:59,237881.8596600,3553,4410695,118964.9362000
1768752000000,2026-01-18 16:00:00,0.0269300,0.0271300,0.0268100,0.0269500,4429554,1768766399999,2026-01-18 19:59:59,119428.9463300,2537,2263472,61018.3122400
1768766400000,2026-01-18 20:00:00,0.0269600,0.0277200,0.0258600,0.0259100,30541280,1768780799999,2026-01-18 23:59:59,828764.6710700,12635,14115147,383010.4134400
1768780800000,2026-01-19 00:00:00,0.0259000,0.0259000,0.0216000,0.0241300,58760222,1768795199999,2026-01-19 03:59:59,1399952.3715600,26987,26233333,624872.6102100
1768795200000,2026-01-19 04:00:00,0.0241200,0.0244000,0.0236500,0.0243600,11188478,1768809599999,2026-01-19 07:59:59,267655.8337600,16075,4945737,118331.1650200
1768809600000,2026-01-19 08:00:00,0.0243600,0.0246700,0.0236800,0.0239200,17438676,1768823999999,2026-01-19 11:59:59,421864.1495800,18605,7748281,187370.2725000
1768824000000,2026-01-19 12:00:00,0.0239200,0.0265600,0.0236800,0.0263100,50656630,1768838399999,2026-01-19 15:59:59,1284270.0604100,20361,28970946,732543.6843500
1768838400000,2026-01-19 16:00:00,0.0263200,0.0275100,0.0263000,0.0273500,49416795,1768852799999,2026-01-19 19:59:59,1331757.6905100,15789,24476584,659525.4957900
1768852800000,2026-01-19 20:00:00,0.0273400,0.0277400,0.0267600,0.0271700,28261499,1768867199999,2026-01-19 23:59:59,767036.0110000,12978,12308355,334292.2412500
1768867200000,2026-01-20 00:00:00,0.0271700,0.0287600,0.0266200,0.0271100,106641635,1768881599999,2026-01-20 03:59:59,2941737.1698000,31498,53002258,1462263.0555100
1768881600000,2026-01-20 04:00:00,0.0271100,0.0273800,0.0253500,0.0254200,50863392,1768895999999,2026-01-20 07:59:59,1338038.4663300,16639,21606117,569200.3565000
1768896000000,2026-01-20 08:00:00,0.0254300,0.0256000,0.0248600,0.0249300,18316985,1768910399999,2026-01-20 11:59:59,462256.1926700,8084,8912328,225086.5782200
1768910400000,2026-01-20 12:00:00,0.0249300,0.0250200,0.0243500,0.0245400,15190634,1768924799999,2026-01-20 15:59:59,375408.8202900,6946,6827073,168838.3138200
1768924800000,2026-01-20 16:00:00,0.0245500,0.0246900,0.0240200,0.0241900,11084433,1768939199999,2026-01-20 19:59:59,269384.9947600,5118,5311249,129213.0157900
1768939200000,2026-01-20 20:00:00,0.0241800,0.0243800,0.0237100,0.0239800,7556896,1768953599999,2026-01-20 23:59:59,181785.1454300,4396,3678201,88496.2193100
1768953600000,2026-01-21 00:00:00,0.0239800,0.0248900,0.0239300,0.0248000,9960955,1768967999999,2026-01-21 03:59:59,244761.6127700,5799,5478016,134655.3200600
1768968000000,2026-01-21 04:00:00,0.0248000,0.0249800,0.0247000,0.0248600,6091272,1768982399999,2026-01-21 07:59:59,151354.9924000,4051,3405544,84636.6547600
1768982400000,2026-01-21 08:00:00,0.0248600,0.0251300,0.0245300,0.0248800,7691684,1768996799999,2026-01-21 11:59:59,191610.8734000,4360,3213115,80113.3514000
1768996800000,2026-01-21 12:00:00,0.0248800,0.0255500,0.0246400,0.0255200,17009286,1769011199999,2026-01-21 15:59:59,426957.7699100,8125,8781136,220240.0248400
1769011200000,2026-01-21 16:00:00,0.0255100,0.0258100,0.0248600,0.0257600,14245058,1769025599999,2026-01-21 19:59:59,361568.1942300,9237,7045816,178935.6410500
1769025600000,2026-01-21 20:00:00,0.0257600,0.0262100,0.0255100,0.0258200,9138061,1769039999999,2026-01-21 23:59:59,236785.1839100,5376,3942895,102161.2288500
1769040000000,2026-01-22 00:00:00,0.0258100,0.0262100,0.0256600,0.0257400,5781380,1769054399999,2026-01-22 03:59:59,149992.8217500,4517,2567613,66607.2581700
1769054400000,2026-01-22 04:00:00,0.0257600,0.0258100,0.0251000,0.0251100,5759786,1769068799999,2026-01-22 07:59:59,146426.8398500,3475,2743753,69710.5979000
1769068800000,2026-01-22 08:00:00,0.0251100,0.0253600,0.0250200,0.0250500,7103960,1769083199999,2026-01-22 11:59:59,178919.6455600,4285,3904917,98413.6469600
1769083200000,2026-01-22 12:00:00,0.0250500,0.0251900,0.0245900,0.0247400,11994653,1769097599999,2026-01-22 15:59:59,298438.7011800,5919,5634559,140281.6515000
1769097600000,2026-01-22 16:00:00,0.0247500,0.0260900,0.0246800,0.0256400,30424514,1769111999999,2026-01-22 19:59:59,770609.8222800,7882,17571574,445232.2428100
1769112000000,2026-01-22 20:00:00,0.0256600,0.0262000,0.0244800,0.0246100,139187081,1769126399999,2026-01-22 23:59:59,3536461.0596900,35141,77434617,1967176.5670100
1769126400000,2026-01-23 00:00:00,0.0246200,0.0253400,0.0245000,0.0251000,16326514,1769140799999,2026-01-23 03:59:59,407239.8444600,7287,7831160,195025.8148500
1769140800000,2026-01-23 04:00:00,0.0251000,0.0260200,0.0250400,0.0254600,26041319,1769155199999,2026-01-23 07:59:59,665354.2600300,9865,12463925,318540.8874400
1769155200000,2026-01-23 08:00:00,0.0254600,0.0256300,0.0251600,0.0253400,11221391,1769169599999,2026-01-23 11:59:59,285291.1375800,5038,4316249,109759.9523000
1769169600000,2026-01-23 12:00:00,0.0253500,0.0255200,0.0248100,0.0254300,11727438,1769183999999,2026-01-23 15:59:59,295790.1812500,5371,5398478,136073.0161500
1769184000000,2026-01-23 16:00:00,0.0254400,0.0260000,0.0249900,0.0250200,13412224,1769198399999,2026-01-23 19:59:59,341414.6275400,7772,7002910,178287.5661300
1769198400000,2026-01-23 20:00:00,0.0250200,0.0252700,0.0246400,0.0252200,5608570,1769212799999,2026-01-23 23:59:59,140121.8724100,4625,3307280,82563.1352400
1769212800000,2026-01-24 00:00:00,0.0252100,0.0259400,0.0251500,0.0257400,7187356,1769227199999,2026-01-24 03:59:59,183411.6742200,4499,3591199,91674.5149900
1769227200000,2026-01-24 04:00:00,0.0257300,0.0257900,0.0254100,0.0255600,5839637,1769241599999,2026-01-24 07:59:59,149674.5095300,3691,2991030,76702.8439300
1769241600000,2026-01-24 08:00:00,0.0255600,0.0261800,0.0254800,0.0261400,6230349,1769255999999,2026-01-24 11:59:59,160745.0816600,3598,3453647,89090.4262600
1769256000000,2026-01-24 12:00:00,0.0261500,0.0265400,0.0258500,0.0262300,13026617,1769270399999,2026-01-24 15:59:59,341240.5233500,6034,5955697,155986.8576100
1769270400000,2026-01-24 16:00:00,0.0262300,0.0262400,0.0257200,0.0257400,5672092,1769284799999,2026-01-24 19:59:59,147165.6612900,3882,2162123,56118.9120800
1769284800000,2026-01-24 20:00:00,0.0257500,0.0259200,0.0255900,0.0258100,3467828,1769299199999,2026-01-24 23:59:59,89239.7856900,3000,1422488,36623.7623100
1769299200000,2026-01-25 00:00:00,0.0258100,0.0261700,0.0257700,0.0260200,6323520,1769313599999,2026-01-25 03:59:59,164472.6192800,4584,3438021,89403.8277400
1769313600000,2026-01-25 04:00:00,0.0260200,0.0260900,0.0256900,0.0257500,4888658,1769327999999,2026-01-25 07:59:59,126527.0306900,3464,2190580,56738.4455700
1769328000000,2026-01-25 08:00:00,0.0257500,0.0262600,0.0254800,0.0258700,9669338,1769342399999,2026-01-25 11:59:59,251161.2335400,4998,4745461,123417.3858000
1769342400000,2026-01-25 12:00:00,0.0258600,0.0258600,0.0252200,0.0253100,6428308,1769356799999,2026-01-25 15:59:59,164042.3968100,4992,2734626,69752.7750600
1769356800000,2026-01-25 16:00:00,0.0253000,0.0253000,0.0239000,0.0240100,16240022,1769371199999,2026-01-25 19:59:59,399280.4855100,9844,7233271,177927.5866800
1769371200000,2026-01-25 20:00:00,0.0240200,0.0245400,0.0240200,0.0244300,10518044,1769385599999,2026-01-25 23:59:59,255375.6781300,6194,5566021,135190.6793700
1769385600000,2026-01-26 00:00:00,0.0244400,0.0248400,0.0243200,0.0245400,4698120,1769399999999,2026-01-26 03:59:59,115552.2928900,4085,2248335,55318.5983100
1769400000000,2026-01-26 04:00:00,0.0245500,0.0249400,0.0245500,0.0247900,4495251,1769414399999,2026-01-26 07:59:59,111368.1090000,3638,2197934,54467.2087300
1769414400000,2026-01-26 08:00:00,0.0248100,0.0249800,0.0245500,0.0247700,5604070,1769428799999,2026-01-26 11:59:59,138627.4011200,3484,3270038,80909.1033800
1769428800000,2026-01-26 12:00:00,0.0247900,0.0251700,0.0247200,0.0249700,6712530,1769443199999,2026-01-26 15:59:59,166957.2435100,4145,3210895,79928.2695000
1769443200000,2026-01-26 16:00:00,0.0249600,0.0258200,0.0249600,0.0254900,11434821,1769457599999,2026-01-26 19:59:59,291618.2607200,6262,5829304,148538.6492000
1769457600000,2026-01-26 20:00:00,0.0254900,0.0256300,0.0252100,0.0253300,5937308,1769471999999,2026-01-26 23:59:59,150925.5713600,4229,2617861,66579.5909600
1769472000000,2026-01-27 00:00:00,0.0253200,0.0255500,0.0252400,0.0252700,4496531,1769486399999,2026-01-27 03:59:59,114246.4778900,3170,2273239,57769.8007100
1769486400000,2026-01-27 04:00:00,0.0252800,0.0253400,0.0249200,0.0250900,4227767,1769500799999,2026-01-27 07:59:59,105979.4481200,3327,2201709,55165.7389300
1769500800000,2026-01-27 08:00:00,0.0250900,0.0251900,0.0247800,0.0248500,3626000,1769515199999,2026-01-27 11:59:59,90415.2072200,3288,1759203,43887.4327500
1769515200000,2026-01-27 12:00:00,0.0248500,0.0248700,0.0243600,0.0246700,6561948,1769529599999,2026-01-27 15:59:59,161103.5435500,4212,3055055,74988.9860400
1769529600000,2026-01-27 16:00:00,0.0246700,0.0250300,0.0245700,0.0249600,6151680,1769543999999,2026-01-27 19:59:59,152623.6530600,4067,3144533,78002.7082500
1769544000000,2026-01-27 20:00:00,0.0249600,0.0251600,0.0249200,0.0250800,3641765,1769558399999,2026-01-27 23:59:59,91142.4017000,3139,1955481,48944.5489000
1769558400000,2026-01-28 00:00:00,0.0251000,0.0252800,0.0250100,0.0250300,4801429,1769572799999,2026-01-28 03:59:59,120709.3668900,3635,2574220,64741.4900700
1769572800000,2026-01-28 04:00:00,0.0250200,0.0250400,0.0247300,0.0248300,2721513,1769587199999,2026-01-28 07:59:59,67669.1779100,2935,1318716,32791.1527000
1769587200000,2026-01-28 08:00:00,0.0248300,0.0251200,0.0247400,0.0251100,4387599,1769601599999,2026-01-28 11:59:59,109363.2051000,3141,2474251,61675.4758400
1769601600000,2026-01-28 12:00:00,0.0251100,0.0251300,0.0245600,0.0246500,4605115,1769615999999,2026-01-28 15:59:59,114123.5946200,3134,2130021,52770.1007500
1769616000000,2026-01-28 16:00:00,0.0246700,0.0248500,0.0244500,0.0246600,4534947,1769630399999,2026-01-28 19:59:59,111802.4206600,3237,2051252,50594.0896600
1769630400000,2026-01-28 20:00:00,0.0246400,0.0249700,0.0244400,0.0247000,6078226,1769644799999,2026-01-28 23:59:59,150063.8569400,3528,2946803,72748.4989400
1769644800000,2026-01-29 00:00:00,0.0247300,0.0247700,0.0240400,0.0242000,4617764,1769659199999,2026-01-29 03:59:59,112228.1701300,3623,2124474,51666.7414900
1769659200000,2026-01-29 04:00:00,0.0242000,0.0244100,0.0240800,0.0241900,4229814,1769673599999,2026-01-29 07:59:59,102478.0669300,3436,1964805,47591.0088000
1769673600000,2026-01-29 08:00:00,0.0241900,0.0242100,0.0238200,0.0239000,3958562,1769687999999,2026-01-29 11:59:59,95051.0021100,3275,2086441,50106.2428700
1769688000000,2026-01-29 12:00:00,0.0239100,0.0240900,0.0227700,0.0232400,10752039,1769702399999,2026-01-29 15:59:59,251830.8954200,5614,4835094,113165.0865400
1769702400000,2026-01-29 16:00:00,0.0232400,0.0236700,0.0228600,0.0230800,8892273,1769716799999,2026-01-29 19:59:59,206200.2902500,5803,4531684,105112.9586700
1769716800000,2026-01-29 20:00:00,0.0230800,0.0232800,0.0227800,0.0229700,6450137,1769731199999,2026-01-29 23:59:59,148661.9524400,4475,2903814,66979.6720500
1769731200000,2026-01-30 00:00:00,0.0229600,0.0230300,0.0217200,0.0222900,14024073,1769745599999,2026-01-30 03:59:59,314148.6148400,7675,6515382,145903.4459500
1769745600000,2026-01-30 04:00:00,0.0222800,0.0225600,0.0220600,0.0224400,9376280,1769759999999,2026-01-30 07:59:59,209113.2526900,5202,5387938,120194.3202500
1769760000000,2026-01-30 08:00:00,0.0224400,0.0227500,0.0221600,0.0226700,6993565,1769774399999,2026-01-30 11:59:59,156459.8187700,5175,3714454,83110.4277000
1769774400000,2026-01-30 12:00:00,0.0226800,0.0227200,0.0222500,0.0225100,5911206,1769788799999,2026-01-30 15:59:59,133013.4880300,3999,3134425,70529.1978700
1769788800000,2026-01-30 16:00:00,0.0225100,0.0245300,0.0224100,0.0238700,41378682,1769803199999,2026-01-30 19:59:59,970222.1392800,14497,20521473,480511.1373700
1769803200000,2026-01-30 20:00:00,0.0238700,0.0243700,0.0233600,0.0237800,23541035,1769817599999,2026-01-30 23:59:59,558146.9357500,10075,10983011,260351.6177000
1769817600000,2026-01-31 00:00:00,0.0237600,0.0237700,0.0233200,0.0234200,5455651,1769831999999,2026-01-31 03:59:59,127919.3085600,4534,2536631,59482.5732900
1769832000000,2026-01-31 04:00:00,0.0234200,0.0239800,0.0228100,0.0230200,15443129,1769846399999,2026-01-31 07:59:59,361502.2544900,7786,6891033,161345.4841500
1769846400000,2026-01-31 08:00:00,0.0230300,0.0230700,0.0220800,0.0222300,13153186,1769860799999,2026-01-31 11:59:59,296055.9010600,7530,5702992,128183.2862800
1769860800000,2026-01-31 12:00:00,0.0222300,0.0223100,0.0205600,0.0209600,21617840,1769875199999,2026-01-31 15:59:59,460200.3716100,9978,9429983,200714.1132100
1769875200000,2026-01-31 16:00:00,0.0209600,0.0213400,0.0186800,0.0199200,31544071,1769889599999,2026-01-31 19:59:59,632142.3054000,21264,14151261,283250.2475700
1769889600000,2026-01-31 20:00:00,0.0199200,0.0208800,0.0197600,0.0208300,9522594,1769903999999,2026-01-31 23:59:59,194246.7665400,6926,5662496,115378.9478400
1769904000000,2026-02-01 00:00:00,0.0208100,0.0210700,0.0207200,0.0210300,7004214,1769918399999,2026-02-01 03:59:59,146658.0299400,4538,3734708,78177.8110800
1769918400000,2026-02-01 04:00:00,0.0210200,0.0211600,0.0207300,0.0208000,6639801,1769932799999,2026-02-01 07:59:59,139160.6742500,4291,3421526,71706.6942300
1769932800000,2026-02-01 08:00:00,0.0207900,0.0209500,0.0204200,0.0206500,7245821,1769947199999,2026-02-01 11:59:59,150012.1643200,4755,4324206,89509.4161300
1769947200000,2026-02-01 12:00:00,0.0206500,0.0208200,0.0198300,0.0200800,11240306,1769961599999,2026-02-01 15:59:59,229071.1558600,5713,6027156,122958.1249500
1769961600000,2026-02-01 16:00:00,0.0200800,0.0204300,0.0198500,0.0201500,8964483,1769975999999,2026-02-01 19:59:59,180434.9152800,5748,4489553,90324.2611800
1769976000000,2026-02-01 20:00:00,0.0201600,0.0204200,0.0194500,0.0198000,11668250,1769990399999,2026-02-01 23:59:59,233092.7241900,6397,5670694,113264.9092500
1769990400000,2026-02-02 00:00:00,0.0198200,0.0202600,0.0193100,0.0200000,19745736,1770004799999,2026-02-02 03:59:59,391277.4670500,8201,9800261,194176.2930300
1770004800000,2026-02-02 04:00:00,0.0200000,0.0202500,0.0193600,0.0199000,13637571,1770019199999,2026-02-02 07:59:59,270324.7144500,6607,6451366,127763.4806200
1770019200000,2026-02-02 08:00:00,0.0199200,0.0202400,0.0198600,0.0199500,7708182,1770033599999,2026-02-02 11:59:59,154421.2023200,5127,4211339,84374.6886900
1770033600000,2026-02-02 12:00:00,0.0199500,0.0208000,0.0199500,0.0206800,9350072,1770047999999,2026-02-02 15:59:59,190324.5850800,5241,4775960,97174.5294900
1770048000000,2026-02-02 16:00:00,0.0206800,0.0207800,0.0204500,0.0204500,4904310,1770062399999,2026-02-02 19:59:59,101149.6434200,3902,2480092,51152.0271900
1770062400000,2026-02-02 20:00:00,0.0204400,0.0207000,0.0203000,0.0206100,4129780,1770076799999,2026-02-02 23:59:59,84684.5836300,3872,2269938,46579.8325800
1770076800000,2026-02-03 00:00:00,0.0206100,0.0206300,0.0201000,0.0205400,5922659,1770091199999,2026-02-03 03:59:59,120792.4344800,3773,2865518,58480.2557100
1770091200000,2026-02-03 04:00:00,0.0205300,0.0209200,0.0204600,0.0207700,6259981,1770105599999,2026-02-03 07:59:59,129724.3161800,3496,2291211,47490.5106400
1770105600000,2026-02-03 08:00:00,0.0207800,0.0208400,0.0201900,0.0203300,7885225,1770119999999,2026-02-03 11:59:59,161019.8431300,3620,4246186,86718.1077700
1770120000000,2026-02-03 12:00:00,0.0203500,0.0207300,0.0200600,0.0205600,9726377,1770134399999,2026-02-03 15:59:59,198517.9386800,4230,4703173,95919.4225000
1770134400000,2026-02-03 16:00:00,0.0205500,0.0205600,0.0192200,0.0199400,19324514,1770148799999,2026-02-03 19:59:59,381845.0490600,7526,9563975,188845.1900900
1770148800000,2026-02-03 20:00:00,0.0199300,0.0208600,0.0197900,0.0200500,15258277,1770163199999,2026-02-03 23:59:59,311474.1472400,5907,6563697,133908.7115800
1770163200000,2026-02-04 00:00:00,0.0200500,0.0206200,0.0199900,0.0205300,6057606,1770177599999,2026-02-04 03:59:59,123657.9567800,3453,3070601,62568.0148500
1770177600000,2026-02-04 04:00:00,0.0205200,0.0206200,0.0203000,0.0205500,5064957,1770191999999,2026-02-04 07:59:59,103751.4976500,2743,2331508,47780.6018600
1770192000000,2026-02-04 08:00:00,0.0205300,0.0206400,0.0201300,0.0203200,9514489,1770206399999,2026-02-04 11:59:59,194058.7694000,3895,3820245,77871.0725900
1770206400000,2026-02-04 12:00:00,0.0203100,0.0203500,0.0195100,0.0197100,9225589,1770220799999,2026-02-04 15:59:59,183944.4561500,4814,4496363,89537.6075400
1770220800000,2026-02-04 16:00:00,0.0196800,0.0197700,0.0182200,0.0196300,48293308,1770235199999,2026-02-04 19:59:59,909963.5486500,15845,23160333,436322.4428900
1770235200000,2026-02-04 20:00:00,0.0196300,0.0200400,0.0193600,0.0198600,15662059,1770249599999,2026-02-04 23:59:59,308222.2135300,8060,8372353,164761.9713300
1770249600000,2026-02-05 00:00:00,0.0198600,0.0200600,0.0195900,0.0198100,8987646,1770263999999,2026-02-05 03:59:59,178298.0787300,8129,4702001,93278.9306900
1770264000000,2026-02-05 04:00:00,0.0198000,0.0199000,0.0193600,0.0194100,9502713,1770278399999,2026-02-05 07:59:59,186722.3717700,5368,4466662,87809.5958900
1770278400000,2026-02-05 08:00:00,0.0194000,0.0197400,0.0188400,0.0190200,9546044,1770292799999,2026-02-05 11:59:59,184652.1868500,5256,4653107,89988.2839600
1770292800000,2026-02-05 12:00:00,0.0190300,0.0192800,0.0178000,0.0182800,22014418,1770307199999,2026-02-05 15:59:59,408345.9276800,8646,10620061,197204.2382400
1770307200000,2026-02-05 16:00:00,0.0182700,0.0186100,0.0174400,0.0174600,18605148,1770321599999,2026-02-05 19:59:59,334289.3817100,8635,8738983,157163.4305900
1770321600000,2026-02-05 20:00:00,0.0174600,0.0176300,0.0165800,0.0167500,30618890,1770335999999,2026-02-05 23:59:59,521219.6697600,11994,14522264,247093.3912800
1770336000000,2026-02-06 00:00:00,0.0167500,0.0173000,0.0151300,0.0167600,46962115,1770350399999,2026-02-06 03:59:59,763876.2682000,18969,21986479,357556.1782100
1770350400000,2026-02-06 04:00:00,0.0167600,0.0174400,0.0166300,0.0170700,10687072,1770364799999,2026-02-06 07:59:59,181914.9030300,6028,5536964,94151.2408000
1770364800000,2026-02-06 08:00:00,0.0170700,0.0174900,0.0168100,0.0174300,12627169,1770379199999,2026-02-06 11:59:59,216012.9670300,6301,6197068,106181.6638800
1770379200000,2026-02-06 12:00:00,0.0174400,0.0179300,0.0173100,0.0178700,9050697,1770393599999,2026-02-06 15:59:59,159749.8792200,5146,4865802,85864.1155000
1770393600000,2026-02-06 16:00:00,0.0178700,0.0185300,0.0178100,0.0181700,10152412,1770407999999,2026-02-06 19:59:59,185140.9668100,6604,4945116,90183.2823800
1770408000000,2026-02-06 20:00:00,0.0181600,0.0184400,0.0179400,0.0182600,5732662,1770422399999,2026-02-06 23:59:59,104243.4060300,4314,2881378,52382.5610900
1770422400000,2026-02-07 00:00:00,0.0182700,0.0183500,0.0178900,0.0182000,7043580,1770436799999,2026-02-07 03:59:59,127456.1078400,4805,3415936,61837.5212100
1770436800000,2026-02-07 04:00:00,0.0182000,0.0182900,0.0173700,0.0174600,9396478,1770451199999,2026-02-07 07:59:59,167646.9001000,5191,3684395,65959.5347900
1770451200000,2026-02-07 08:00:00,0.0174400,0.0176400,0.0174300,0.0176300,5703253,1770465599999,2026-02-07 11:59:59,99933.4512700,3663,2945120,51636.7255100
1770465600000,2026-02-07 12:00:00,0.0176200,0.0180800,0.0176100,0.0178900,11097156,1770479999999,2026-02-07 15:59:59,198025.3376000,5310,5813882,103749.0172200
1770480000000,2026-02-07 16:00:00,0.0179000,0.0184700,0.0178000,0.0182000,16771481,1770494399999,2026-02-07 19:59:59,304560.4823000,7610,8227550,149480.8339100
1770494400000,2026-02-07 20:00:00,0.0182000,0.0183300,0.0178700,0.0180100,4237318,1770508799999,2026-02-07 23:59:59,76593.5038500,2910,2195668,39650.8944800
1770508800000,2026-02-08 00:00:00,0.0180400,0.0180500,0.0177000,0.0177100,4254313,1770523199999,2026-02-08 03:59:59,76031.8116300,2826,2177598,38917.6778500
1770523200000,2026-02-08 04:00:00,0.0177100,0.0177800,0.0173800,0.0174900,4115678,1770537599999,2026-02-08 07:59:59,72388.8169600,3198,1657253,29178.8069100
1770537600000,2026-02-08 08:00:00,0.0174900,0.0177700,0.0172900,0.0175800,5472019,1770551999999,2026-02-08 11:59:59,95864.2096400,3634,2794981,49021.0227800
1770552000000,2026-02-08 12:00:00,0.0176000,0.0176200,0.0172500,0.0173000,6629148,1770566399999,2026-02-08 15:59:59,115460.5490400,3709,3162144,55070.2056300
1770566400000,2026-02-08 16:00:00,0.0172900,0.0173400,0.0168600,0.0171400,9839932,1770580799999,2026-02-08 19:59:59,168372.6563100,4675,4553219,77885.1186000
1770580800000,2026-02-08 20:00:00,0.0171500,0.0171900,0.0166000,0.0167900,9355588,1770595199999,2026-02-08 23:59:59,157986.6971300,4337,4400612,74412.5088300
1770595200000,2026-02-09 00:00:00,0.0167900,0.0173700,0.0167200,0.0173600,7291668,1770609599999,2026-02-09 03:59:59,124084.9829600,3626,4363740,74226.8219400
1770609600000,2026-02-09 04:00:00,0.0173500,0.0173600,0.0162900,0.0166200,29857170,1770623999999,2026-02-09 07:59:59,500987.8082000,11320,12143771,203485.1766000
1770624000000,2026-02-09 08:00:00,0.0166100,0.0167500,0.0161200,0.0162400,14627604,1770638399999,2026-02-09 11:59:59,240823.5488300,5706,6441602,106181.0006300
1770638400000,2026-02-09 12:00:00,0.0162500,0.0166400,0.0162200,0.0166100,7438350,1770652799999,2026-02-09 15:59:59,122162.3586800,4149,3640321,59793.4372600
1770652800000,2026-02-09 16:00:00,0.0165900,0.0169400,0.0164100,0.0168600,8595026,1770667199999,2026-02-09 19:59:59,143612.5503200,4363,4869270,81378.6722400
1770667200000,2026-02-09 20:00:00,0.0168700,0.0169200,0.0165100,0.0165500,4762872,1770681599999,2026-02-09 23:59:59,79491.8291500,3079,2481744,41453.9625900
1770681600000,2026-02-10 00:00:00,0.0165700,0.0165900,0.0160600,0.0163300,5668371,1770695999999,2026-02-10 03:59:59,92998.1306600,2954,3550898,58272.4073800
1770696000000,2026-02-10 04:00:00,0.0163200,0.0164300,0.0161300,0.0161800,7371523,1770710399999,2026-02-10 07:59:59,120294.1726800,3230,3306539,53998.1867900
1770710400000,2026-02-10 08:00:00,0.0161700,0.0163700,0.0161400,0.0162300,5373250,1770724799999,2026-02-10 11:59:59,87349.5317500,3036,2680579,43580.0002600
1770724800000,2026-02-10 12:00:00,0.0162300,0.0164400,0.0160900,0.0163100,9963923,1770739199999,2026-02-10 15:59:59,162091.2026100,3661,6311366,102692.5097900
1770739200000,2026-02-10 16:00:00,0.0163100,0.0164400,0.0159500,0.0161900,9921969,1770753599999,2026-02-10 19:59:59,160287.6091600,3478,4972191,80313.3784700
1770753600000,2026-02-10 20:00:00,0.0162000,0.0162200,0.0159300,0.0161000,6478998,1770767999999,2026-02-10 23:59:59,104122.7947800,2695,2859090,45942.7388600
1770768000000,2026-02-11 00:00:00,0.0161100,0.0163600,0.0160500,0.0161600,5912232,1770782399999,2026-02-11 03:59:59,95878.4212600,3602,3203524,51960.1773500
1770782400000,2026-02-11 04:00:00,0.0161600,0.0162200,0.0157900,0.0158300,9035294,1770796799999,2026-02-11 07:59:59,144340.6110100,3571,4231939,67626.4871600
1770796800000,2026-02-11 08:00:00,0.0158000,0.0160100,0.0157600,0.0160100,6251378,1770811199999,2026-02-11 11:59:59,99054.9062000,2965,3372507,53421.2710700
1770811200000,2026-02-11 12:00:00,0.0160000,0.0165000,0.0157500,0.0159000,10938896,1770825599999,2026-02-11 15:59:59,175340.7749600,4848,5222980,83708.4630700
1770825600000,2026-02-11 16:00:00,0.0159200,0.0160600,0.0156700,0.0157200,13033305,1770839999999,2026-02-11 19:59:59,206858.0804500,5051,5429086,86144.4941200
1770840000000,2026-02-11 20:00:00,0.0157100,0.0161600,0.0155700,0.0161000,9877955,1770854399999,2026-02-11 23:59:59,157703.6882300,3848,5194562,82927.7397400
1770854400000,2026-02-12 00:00:00,0.0161000,0.0162600,0.0160300,0.0161500,7337569,1770868799999,2026-02-12 03:59:59,118305.3353600,3707,3382075,54530.2347900
1770868800000,2026-02-12 04:00:00,0.0161500,0.0163400,0.0160400,0.0163200,10355202,1770883199999,2026-02-12 07:59:59,167702.9024300,5695,6101381,98802.9990900
1770883200000,2026-02-12 08:00:00,0.0163300,0.0167500,0.0162000,0.0165400,10805936,1770897599999,2026-02-12 11:59:59,178243.9511600,4436,4682089,77145.4115100
1770897600000,2026-02-12 12:00:00,0.0165400,0.0165600,0.0160700,0.0161000,10498380,1770911999999,2026-02-12 15:59:59,171060.9649600,3908,5618359,91610.9343500
1770912000000,2026-02-12 16:00:00,0.0161000,0.0162500,0.0158100,0.0161000,12145009,1770926399999,2026-02-12 19:59:59,194108.8576900,4765,6126016,98009.6780800
1770926400000,2026-02-12 20:00:00,0.0161000,0.0162200,0.0158800,0.0161800,5369933,1770940799999,2026-02-12 23:59:59,86134.4183000,2957,2801860,44973.5915800
1770940800000,2026-02-13 00:00:00,0.0161700,0.0164200,0.0160500,0.0163500,7246493,1770955199999,2026-02-13 03:59:59,117701.0045200,3382,4296808,69751.3122900
1770955200000,2026-02-13 04:00:00,0.0163500,0.0166400,0.0162100,0.0165700,9209397,1770969599999,2026-02-13 07:59:59,151213.0607500,3828,4082512,67049.9386800
1770969600000,2026-02-13 08:00:00,0.0165800,0.0169500,0.0164500,0.0165400,16327969,1770983999999,2026-02-13 11:59:59,272417.5584500,5672,7108855,118592.2284900
1770984000000,2026-02-13 12:00:00,0.0165400,0.0166200,0.0162500,0.0164900,11452849,1770998399999,2026-02-13 15:59:59,187868.6176800,4941,6295536,103317.2939600
1770998400000,2026-02-13 16:00:00,0.0164800,0.0168600,0.0164300,0.0167800,8245086,1771012799999,2026-02-13 19:59:59,137621.9068700,3796,4159831,69468.4644900
1771012800000,2026-02-13 20:00:00,0.0167700,0.0169300,0.0167000,0.0167700,7877273,1771027199999,2026-02-13 23:59:59,132324.3649200,4971,3476540,58382.7780100
1771027200000,2026-02-14 00:00:00,0.0167600,0.0168400,0.0166400,0.0166800,6106578,1771041599999,2026-02-14 03:59:59,102161.8647300,3687,3408285,57050.3887200
1771041600000,2026-02-14 04:00:00,0.0166800,0.0167100,0.0164300,0.0166800,7704475,1771055999999,2026-02-14 07:59:59,127664.7005400,2651,4590670,76089.4030500
1771056000000,2026-02-14 08:00:00,0.0166700,0.0170700,0.0166700,0.0169800,8620526,1771070399999,2026-02-14 11:59:59,145185.6716700,6471,4248648,71614.1498800
1771070400000,2026-02-14 12:00:00,0.0170100,0.0172700,0.0168900,0.0172200,10250681,1771084799999,2026-02-14 15:59:59,175014.4108400,3518,5417998,92592.1928300
1771084800000,2026-02-14 16:00:00,0.0172200,0.0173700,0.0170400,0.0173300,8301796,1771099199999,2026-02-14 19:59:59,142930.4464200,3200,3322871,57253.0010100
1771099200000,2026-02-14 20:00:00,0.0173400,0.0174100,0.0171100,0.0173000,6004553,1771113599999,2026-02-14 23:59:59,103963.7293300,3084,2472049,42792.1616300
1771113600000,2026-02-15 00:00:00,0.0172900,0.0174200,0.0169700,0.0171900,8986466,1771127999999,2026-02-15 03:59:59,154974.1083200,3277,3223475,55537.5234000
1771128000000,2026-02-15 04:00:00,0.0171800,0.0173200,0.0170800,0.0172500,5952886,1771142399999,2026-02-15 07:59:59,102420.5334900,2679,2743226,47208.3663200
1771142400000,2026-02-15 08:00:00,0.0172600,0.0172700,0.0168700,0.0169000,7088610,1771156799999,2026-02-15 11:59:59,120649.9187100,3028,2976683,50639.8648800
1771156800000,2026-02-15 12:00:00,0.0168900,0.0169100,0.0162800,0.0164700,12053450,1771171199999,2026-02-15 15:59:59,199400.3042300,4853,5592888,92494.1846600
1771171200000,2026-02-15 16:00:00,0.0164700,0.0164800,0.0160700,0.0161100,14417438,1771185599999,2026-02-15 19:59:59,234076.2923600,5179,7023796,114044.1186900
1771185600000,2026-02-15 20:00:00,0.0161100,0.0163300,0.0160700,0.0163100,5404010,1771199999999,2026-02-15 23:59:59,87551.9119200,3335,2943244,47686.5142800
1771200000000,2026-02-16 00:00:00,0.0163200,0.0163700,0.0161700,0.0162800,5690947,1771214399999,2026-02-16 03:59:59,92661.7993200,3014,3120897,50819.6382100
1771214400000,2026-02-16 04:00:00,0.0162900,0.0164200,0.0160800,0.0161600,5379979,1771228799999,2026-02-16 07:59:59,87207.7422700,2795,2817841,45712.0328000
1771228800000,2026-02-16 08:00:00,0.0161600,0.0163300,0.0160200,0.0161900,5616169,1771243199999,2026-02-16 11:59:59,91052.4782900,2677,2992825,48523.5788800
1771243200000,2026-02-16 12:00:00,0.0162000,0.0164400,0.0159200,0.0160500,11457702,1771257599999,2026-02-16 15:59:59,185083.9485200,4552,5013366,81055.7109500
1771257600000,2026-02-16 16:00:00,0.0160500,0.0164100,0.0160200,0.0163800,7130368,1771271999999,2026-02-16 19:59:59,115335.7934200,3272,4026448,65118.6057600
1771272000000,2026-02-16 20:00:00,0.0163700,0.0166900,0.0162800,0.0166000,11442176,1771286399999,2026-02-16 23:59:59,189359.9780400,4891,6109709,101122.1612400
1771286400000,2026-02-17 00:00:00,0.0166100,0.0166800,0.0164800,0.0164800,4928809,1771300799999,2026-02-17 03:59:59,81808.6038600,3071,2783011,46197.5179900
1771300800000,2026-02-17 04:00:00,0.0164800,0.0165300,0.0162300,0.0162600,4912467,1771315199999,2026-02-17 07:59:59,80439.7170100,3243,2239561,36700.2195400
1771315200000,2026-02-17 08:00:00,0.0162700,0.0163100,0.0160000,0.0160900,6982706,1771329599999,2026-02-17 11:59:59,112470.5786300,4047,3622662,58369.7989400
1771329600000,2026-02-17 12:00:00,0.0160900,0.0163300,0.0160200,0.0162700,12413800,1771343999999,2026-02-17 15:59:59,200917.2740700,4454,6115804,98979.9941100
1771344000000,2026-02-17 16:00:00,0.0162900,0.0165700,0.0161500,0.0164400,8423976,1771358399999,2026-02-17 19:59:59,138135.5109900,4644,4549481,74566.8362700
1771358400000,2026-02-17 20:00:00,0.0164300,0.0164700,0.0162700,0.0163500,4935344,1771372799999,2026-02-17 23:59:59,80692.9033700,3390,2314717,37849.3610000
1771372800000,2026-02-18 00:00:00,0.0163400,0.0163700,0.0161400,0.0162000,5879507,1771387199999,2026-02-18 03:59:59,95551.5904200,3606,2912881,47365.8117000
1771387200000,2026-02-18 04:00:00,0.0162000,0.0162700,0.0160400,0.0162500,6832253,1771401599999,2026-02-18 07:59:59,110424.6806100,3029,3260489,52731.4029700
1771401600000,2026-02-18 08:00:00,0.0162500,0.0166300,0.0161300,0.0163700,20806583,1771415999999,2026-02-18 11:59:59,340599.7035400,7446,9785496,160170.0157300
1771416000000,2026-02-18 12:00:00,0.0163700,0.0164500,0.0158700,0.0162000,21179913,1771430399999,2026-02-18 15:59:59,341937.9292500,6230,8766864,141471.3332800
1771430400000,2026-02-18 16:00:00,0.0162100,0.0166700,0.0160000,0.0162800,30311803,1771444799999,2026-02-18 19:59:59,494742.6704800,9678,15834194,258343.6115000
1771444800000,2026-02-18 20:00:00,0.0162800,0.0174800,0.0161700,0.0162400,89728842,1771459199999,2026-02-18 23:59:59,1502827.2326400,23882,42962940,720032.4113300
1771459200000,2026-02-19 00:00:00,0.0162600,0.0171100,0.0162200,0.0168400,32848981,1771473599999,2026-02-19 03:59:59,548584.1665300,10873,15489838,258752.7049500
1771473600000,2026-02-19 04:00:00,0.0168400,0.0170600,0.0162100,0.0164300,64217034,1771487999999,2026-02-19 07:59:59,1072896.1976300,16531,27920218,466226.9053900
1771488000000,2026-02-19 08:00:00,0.0164300,0.0164400,0.0155900,0.0157100,37643247,1771502399999,2026-02-19 11:59:59,600161.8139800,10440,14906328,237750.6606500
1771502400000,2026-02-19 12:00:00,0.0157100,0.0158000,0.0153200,0.0156200,23235879,1771516799999,2026-02-19 15:59:59,362607.6758400,7788,10248245,159948.9830200
1771516800000,2026-02-19 16:00:00,0.0156200,0.0159300,0.0155100,0.0158200,16860450,1771531199999,2026-02-19 19:59:59,265351.2557400,5976,8495081,133713.8740500
1771531200000,2026-02-19 20:00:00,0.0158300,0.0159000,0.0156600,0.0158100,6799174,1771545599999,2026-02-19 23:59:59,107420.4748400,3888,3494482,55245.0541200
1771545600000,2026-02-20 00:00:00,0.0158200,0.0159000,0.0157000,0.0157800,9374626,1771559999999,2026-02-20 03:59:59,148048.5231200,3660,4239837,67008.1741900
1771560000000,2026-02-20 04:00:00,0.0157900,0.0159100,0.0156100,0.0157900,8773261,1771574399999,2026-02-20 07:59:59,138261.4855400,4467,5138186,81001.1188700
1771574400000,2026-02-20 08:00:00,0.0157900,0.0162200,0.0157900,0.0158200,11614019,1771588799999,2026-02-20 11:59:59,185899.3266700,4854,6284093,100592.8562500
1771588800000,2026-02-20 12:00:00,0.0158100,0.0158700,0.0150800,0.0155200,35669361,1771603199999,2026-02-20 15:59:59,549217.8027700,10504,18518188,285380.0116400
1771603200000,2026-02-20 16:00:00,0.0155300,0.0158800,0.0153200,0.0156400,17423684,1771617599999,2026-02-20 19:59:59,272339.4987500,6709,8487732,132682.9196900
1771617600000,2026-02-20 20:00:00,0.0156600,0.0158600,0.0156000,0.0157400,8381885,1771631999999,2026-02-20 23:59:59,131762.0375400,3768,4009170,63048.9356500
1771632000000,2026-02-21 00:00:00,0.0157400,0.0158600,0.0156200,0.0157500,7263901,1771646399999,2026-02-21 03:59:59,114463.0340100,3427,3644630,57454.0550800
1771646400000,2026-02-21 04:00:00,0.0157600,0.0157800,0.0155700,0.0156900,7054064,1771660799999,2026-02-21 07:59:59,110592.2799100,3416,3992004,62609.5222700
1771660800000,2026-02-21 08:00:00,0.0156800,0.0159400,0.0156500,0.0158100,6281561,1771675199999,2026-02-21 11:59:59,99442.3121700,3385,3571863,56518.7883800
1771675200000,2026-02-21 12:00:00,0.0158100,0.0158200,0.0155700,0.0156100,7626007,1771689599999,2026-02-21 15:59:59,119647.2048100,3839,3956694,62126.6569400
1771689600000,2026-02-21 16:00:00,0.0156100,0.0156400,0.0152500,0.0152500,14038368,1771703999999,2026-02-21 19:59:59,215935.3900600,4328,5426780,83533.8546900
1771704000000,2026-02-21 20:00:00,0.0152600,0.0153100,0.0151200,0.0151900,5529273,1771718399999,2026-02-21 23:59:59,84168.1626000,2415,2781293,42342.4049800
1771718400000,2026-02-22 00:00:00,0.0151800,0.0152500,0.0149500,0.0150400,9157048,1771732799999,2026-02-22 03:59:59,138409.2548300,3437,4028696,60922.4248200
1771732800000,2026-02-22 04:00:00,0.0150400,0.0153400,0.0149900,0.0152900,5664522,1771747199999,2026-02-22 07:59:59,85784.1265900,2716,2789763,42203.7198400
1771747200000,2026-02-22 08:00:00,0.0152900,0.0153300,0.0150700,0.0151900,6819934,1771761599999,2026-02-22 11:59:59,103825.1168500,3015,3754894,57162.6094000
1771761600000,2026-02-22 12:00:00,0.0151900,0.0151900,0.0146900,0.0148100,10675174,1771775999999,2026-02-22 15:59:59,159067.4441300,4000,4765969,71070.4591100
1771776000000,2026-02-22 16:00:00,0.0148000,0.0150200,0.0147200,0.0147400,7728437,1771790399999,2026-02-22 19:59:59,114687.6509400,3436,4338614,64396.8353000
1771790400000,2026-02-22 20:00:00,0.0147300,0.0147900,0.0144500,0.0146000,15616009,1771804799999,2026-02-22 23:59:59,227907.2017900,3680,7803479,113819.9573200
1771804800000,2026-02-23 00:00:00,0.0146000,0.0146400,0.0137700,0.0139300,30294752,1771819199999,2026-02-23 03:59:59,424598.3822900,7151,15606057,218817.1916500
1771819200000,2026-02-23 04:00:00,0.0139300,0.0143800,0.0138700,0.0143300,8804575,1771833599999,2026-02-23 07:59:59,124672.4531000,3741,4976060,70385.7179400
1771833600000,2026-02-23 08:00:00,0.0143200,0.0147100,0.0142400,0.0146900,7167042,1771847999999,2026-02-23 11:59:59,103870.8413800,3154,3252058,47101.7226600
1771848000000,2026-02-23 12:00:00,0.0146900,0.0148500,0.0143500,0.0143600,10079279,1771862399999,2026-02-23 15:59:59,146918.1972800,3706,4770644,69522.8219600
1771862400000,2026-02-23 16:00:00,0.0143500,0.0144500,0.0139700,0.0140900,8153380,1771876799999,2026-02-23 19:59:59,115794.9886800,3558,3950731,56117.2747400
1771876800000,2026-02-23 20:00:00,0.0141000,0.0143200,0.0140200,0.0141900,7357573,1771891199999,2026-02-23 23:59:59,104585.4464200,2508,3559773,50568.4292900
1771891200000,2026-02-24 00:00:00,0.0141900,0.0143500,0.0139300,0.0141000,9925522,1771905599999,2026-02-24 03:59:59,140613.5610700,3152,4931413,69826.6583700
1771905600000,2026-02-24 04:00:00,0.0141000,0.0142200,0.0137200,0.0137900,11109152,1771919999999,2026-02-24 07:59:59,154873.1050800,3606,5461885,76250.9012900
1771920000000,2026-02-24 08:00:00,0.0137900,0.0138700,0.0136600,0.0137800,7151120,1771934399999,2026-02-24 11:59:59,98484.8029500,2573,4136335,56955.6307200
1771934400000,2026-02-24 12:00:00,0.0137800,0.0141800,0.0136400,0.0141000,7727254,1771948799999,2026-02-24 15:59:59,107501.5160100,3228,4575963,63733.1943100
1771948800000,2026-02-24 16:00:00,0.0141000,0.0142200,0.0139900,0.0140800,9883207,1771963199999,2026-02-24 19:59:59,139264.6290100,4140,4295998,60572.2105000
1771963200000,2026-02-24 20:00:00,0.0140800,0.0141200,0.0138600,0.0138900,6507289,1771977599999,2026-02-24 23:59:59,91028.5960100,3162,3336047,46649.1746400
1771977600000,2026-02-25 00:00:00,0.0139000,0.0144400,0.0138800,0.0142400,10250447,1771991999999,2026-02-25 03:59:59,145960.6356500,4467,4967700,70587.6679400
1771992000000,2026-02-25 04:00:00,0.0142400,0.0143700,0.0140900,0.0143600,5382358,1772006399999,2026-02-25 07:59:59,76727.9276700,2729,3005820,42847.0162800
1772006400000,2026-02-25 08:00:00,0.0143500,0.0144500,0.0141800,0.0142900,6910751,1772020799999,2026-02-25 11:59:59,99082.4549700,3007,3190176,45763.3980600
1772020800000,2026-02-25 12:00:00,0.0142800,0.0147700,0.0142300,0.0146800,10390279,1772035199999,2026-02-25 15:59:59,150031.9653900,4057,5062813,73149.3589400
1772035200000,2026-02-25 16:00:00,0.0146800,0.0153200,0.0146700,0.0150400,20490424,1772049599999,2026-02-25 19:59:59,308612.9571200,6318,9374296,141046.2542800
1772049600000,2026-02-25 20:00:00,0.0150500,0.0152500,0.0144200,0.0145600,16523062,1772063999999,2026-02-25 23:59:59,245222.9733800,4683,8125031,120531.1665200
1772064000000,2026-02-26 00:00:00,0.0145500,0.0147900,0.0144800,0.0146100,14301737,1772078399999,2026-02-26 03:59:59,209413.1204900,4545,6684850,97942.3952000
1772078400000,2026-02-26 04:00:00,0.0146000,0.0146500,0.0142000,0.0143000,11882195,1772092799999,2026-02-26 07:59:59,170914.3201100,3895,5869725,84442.8790500
1772092800000,2026-02-26 08:00:00,0.0143000,0.0144600,0.0142400,0.0142800,12339927,1772107199999,2026-02-26 11:59:59,177196.8524200,10153,6163256,88499.5348000
1772107200000,2026-02-26 12:00:00,0.0142800,0.0144200,0.0141200,0.0143100,11841213,1772121599999,2026-02-26 15:59:59,169215.4603500,7957,6202745,88732.9418800
1772121600000,2026-02-26 16:00:00,0.0143200,0.0144200,0.0139500,0.0143000,14755659,1772135999999,2026-02-26 19:59:59,208683.6584600,6171,7376686,104366.2838900
1772136000000,2026-02-26 20:00:00,0.0143000,0.0143600,0.0141600,0.0143400,5394840,1772150399999,2026-02-26 23:59:59,77056.9552600,11177,2539814,36285.6924900
1772150400000,2026-02-27 00:00:00,0.0143400,0.0143900,0.0141500,0.0143500,10534201,1772164799999,2026-02-27 03:59:59,149916.6097700,7930,5391388,76715.9413100
1772164800000,2026-02-27 04:00:00,0.0143500,0.0145500,0.0143300,0.0145200,9951716,1772179199999,2026-02-27 07:59:59,143789.8777600,6766,5205904,75251.9784800
1772179200000,2026-02-27 08:00:00,0.0145300,0.0145800,0.0142200,0.0142900,12130813,1772193599999,2026-02-27 11:59:59,174966.6478500,3957,5737725,82759.1434500
1772193600000,2026-02-27 12:00:00,0.0142700,0.0143700,0.0140500,0.0141600,8078724,1772207999999,2026-02-27 15:59:59,114887.2137600,3840,3668046,52175.5859300
1772208000000,2026-02-27 16:00:00,0.0141600,0.0144200,0.0140300,0.0140800,8020901,1772222399999,2026-02-27 19:59:59,113990.1247900,10176,3566015,50661.1351200
1772222400000,2026-02-27 20:00:00,0.0140800,0.0141300,0.0138100,0.0141200,7215466,1772236799999,2026-02-27 23:59:59,100966.8778500,7198,4079636,57087.9536900
1772236800000,2026-02-28 00:00:00,0.0141200,0.0143300,0.0140900,0.0142000,5376017,1772251199999,2026-02-28 03:59:59,76526.6748900,11904,2751659,39172.3461500
1772251200000,2026-02-28 04:00:00,0.0142000,0.0142000,0.0130400,0.0132900,29690824,1772265599999,2026-02-28 07:59:59,401188.3646600,13292,13053221,176025.0722400
1772265600000,2026-02-28 08:00:00,0.0132800,0.0132800,0.0129400,0.0130000,10378639,1772279999999,2026-02-28 11:59:59,136041.5474400,4571,5109341,66978.1433600
1772280000000,2026-02-28 12:00:00,0.0130100,0.0133800,0.0129100,0.0131800,13664408,1772294399999,2026-02-28 15:59:59,179315.2941300,5413,6691008,87836.6249800
1772294400000,2026-02-28 16:00:00,0.0131700,0.0136000,0.0129300,0.0135200,11429007,1772308799999,2026-02-28 19:59:59,151306.4313400,4146,5883989,77989.4769600
1772308800000,2026-02-28 20:00:00,0.0135300,0.0139600,0.0135200,0.0139600,9384946,1772323199999,2026-02-28 23:59:59,128942.2977000,4681,4861383,66852.2568900
1772323200000,2026-03-01 00:00:00,0.0139600,0.0144800,0.0137900,0.0143500,13842024,1772337599999,2026-03-01 03:59:59,196231.9903300,10129,7119547,100934.7183900
1772337600000,2026-03-01 04:00:00,0.0143500,0.0144000,0.0139900,0.0140200,8215096,1772351999999,2026-03-01 07:59:59,116444.3842400,5942,3449733,48900.1059600
1772352000000,2026-03-01 08:00:00,0.0140300,0.0140600,0.0137600,0.0138700,10044694,1772366399999,2026-03-01 11:59:59,139485.8582300,3525,4683379,64972.5196600
1772366400000,2026-03-01 12:00:00,0.0138600,0.0139800,0.0135800,0.0137900,17781899,1772380799999,2026-03-01 15:59:59,245501.9230100,5211,10587083,146271.0939800
1772380800000,2026-03-01 16:00:00,0.0137900,0.0138800,0.0133400,0.0133600,14445831,1772395199999,2026-03-01 19:59:59,196659.3452300,4628,6312931,86054.4017900
1772395200000,2026-03-01 20:00:00,0.0133500,0.0135500,0.0131200,0.0134100,14874263,1772409599999,2026-03-01 23:59:59,198383.6117200,4847,6898622,91997.1300800
1772409600000,2026-03-02 00:00:00,0.0134100,0.0137600,0.0133600,0.0137100,10690838,1772423999999,2026-03-02 03:59:59,144985.0851100,7610,5024458,68215.2095200
1772424000000,2026-03-02 04:00:00,0.0137100,0.0137500,0.0133000,0.0134800,7475205,1772438399999,2026-03-02 07:59:59,101089.6040900,12639,3470790,46974.9999100
1772438400000,2026-03-02 08:00:00,0.0134800,0.0136100,0.0133200,0.0134600,8541296,1772452799999,2026-03-02 11:59:59,115008.4603900,3643,4219176,56820.5760700
1772452800000,2026-03-02 12:00:00,0.0134500,0.0141200,0.0133200,0.0140000,11712522,1772467199999,2026-03-02 15:59:59,160308.5300000,6588,6388221,87421.4000800
1772467200000,2026-03-02 16:00:00,0.0139900,0.0142200,0.0136700,0.0138400,11108564,1772481599999,2026-03-02 19:59:59,154891.9672700,12330,4724684,65913.1027800
1772481600000,2026-03-02 20:00:00,0.0138400,0.0139200,0.0136100,0.0137000,11118757,1772495999999,2026-03-02 23:59:59,152835.4913900,3834,4975000,68344.0515600
1772496000000,2026-03-03 00:00:00,0.0137000,0.0138200,0.0135500,0.0136400,12548903,1772510399999,2026-03-03 03:59:59,171652.8224600,3831,6428567,87961.9613100
1772510400000,2026-03-03 04:00:00,0.0136400,0.0138800,0.0134300,0.0138700,9670876,1772524799999,2026-03-03 07:59:59,131728.9244300,8221,4995772,68080.6900600
1772524800000,2026-03-03 08:00:00,0.0138600,0.0139900,0.0132400,0.0134300,13324001,1772539199999,2026-03-03 11:59:59,181219.4099100,9942,6205701,84441.5808700
1772539200000,2026-03-03 12:00:00,0.0134200,0.0136200,0.0130500,0.0133800,17148294,1772553599999,2026-03-03 15:59:59,228107.0505700,10497,9083618,120789.9890300
1772553600000,2026-03-03 16:00:00,0.0133700,0.0136800,0.0133000,0.0134000,17269503,1772567999999,2026-03-03 19:59:59,232764.7286700,5481,8506459,114675.9765800
1772568000000,2026-03-03 20:00:00,0.0134100,0.0135000,0.0132300,0.0133500,10041161,1772582399999,2026-03-03 23:59:59,134340.0848600,3350,4903204,65589.3886400
1772582400000,2026-03-04 00:00:00,0.0133400,0.0136000,0.0131500,0.0134500,23739520,1772596799999,2026-03-04 03:59:59,316710.8344200,9448,12129877,161865.2515500
1772596800000,2026-03-04 04:00:00,0.0134400,0.0136300,0.0133100,0.0135400,11813229,1772611199999,2026-03-04 07:59:59,159093.8072400,6118,5967541,80403.5446300
1772611200000,2026-03-04 08:00:00,0.0135500,0.0140800,0.0134300,0.0138800,17318330,1772625599999,2026-03-04 11:59:59,239441.7160500,5319,9479147,131039.3467900
1772625600000,2026-03-04 12:00:00,0.0139000,0.0142100,0.0138200,0.0141300,18183350,1772639999999,2026-03-04 15:59:59,255152.4624500,5181,8194996,115043.9632300
1772640000000,2026-03-04 16:00:00,0.0141300,0.0143200,0.0139200,0.0143200,12793128,1772654399999,2026-03-04 19:59:59,180663.5981500,4105,6365483,89913.0108200
1772654400000,2026-03-04 20:00:00,0.0143100,0.0143300,0.0139000,0.0140400,9885658,1772668799999,2026-03-04 23:59:59,139415.8647500,3725,4232001,59685.9610200
1772668800000,2026-03-05 00:00:00,0.0140300,0.0141300,0.0138700,0.0140300,8768218,1772683199999,2026-03-05 03:59:59,122710.7171700,3937,4943041,69188.5187300
1772683200000,2026-03-05 04:00:00,0.0140200,0.0140600,0.0137000,0.0138100,7742610,1772697599999,2026-03-05 07:59:59,107581.5350000,2916,4085427,56711.7962400
1772697600000,2026-03-05 08:00:00,0.0138000,0.0140600,0.0137100,0.0138900,12444796,1772711999999,2026-03-05 11:59:59,173001.8964100,3794,6711499,93324.5238400
1772712000000,2026-03-05 12:00:00,0.0139000,0.0139800,0.0136300,0.0136700,10890452,1772726399999,2026-03-05 15:59:59,150581.8452700,3892,6276015,86763.1051400
1772726400000,2026-03-05 16:00:00,0.0136800,0.0137300,0.0133600,0.0136300,14079557,1772740799999,2026-03-05 19:59:59,190541.2606000,5452,7141455,96613.3526300
1772740800000,2026-03-05 20:00:00,0.0136300,0.0138500,0.0135500,0.0136200,7579839,1772755199999,2026-03-05 23:59:59,103950.9641100,3886,3608766,49517.6739800
1772755200000,2026-03-06 00:00:00,0.0136200,0.0137100,0.0135000,0.0136900,6292563,1772769599999,2026-03-06 03:59:59,85825.8864000,3042,3331313,45468.5674800
1772769600000,2026-03-06 04:00:00,0.0136800,0.0139800,0.0135400,0.0138800,14213872,1772783999999,2026-03-06 07:59:59,195534.9764100,3678,8214051,112974.7192800
1772784000000,2026-03-06 08:00:00,0.0138900,0.0141200,0.0136600,0.0138400,21486775,1772798399999,2026-03-06 11:59:59,299161.8192200,6316,9807095,136495.6671400
1772798400000,2026-03-06 12:00:00,0.0138300,0.0142300,0.0135600,0.0136700,32982729,1772812799999,2026-03-06 15:59:59,457901.6111800,10005,16050370,222802.7917100
1772812800000,2026-03-06 16:00:00,0.0136700,0.0138800,0.0134500,0.0137300,16734689,1772827199999,2026-03-06 19:59:59,228227.6059900,6476,8157227,111340.6586800
1772827200000,2026-03-06 20:00:00,0.0137200,0.0140800,0.0137100,0.0139000,13316048,1772841599999,2026-03-06 23:59:59,185200.4599300,4690,5553885,77217.1113400
1772841600000,2026-03-07 00:00:00,0.0139000,0.0145000,0.0138800,0.0142600,41237813,1772855999999,2026-03-07 03:59:59,586510.8072800,10877,20763532,295437.1781300
1772856000000,2026-03-07 04:00:00,0.0142700,0.0145400,0.0136900,0.0138700,43494198,1772870399999,2026-03-07 07:59:59,615147.9931800,8898,19508888,276402.4727900
1772870400000,2026-03-07 08:00:00,0.0138700,0.0140400,0.0136800,0.0137100,16328862,1772884799999,2026-03-07 11:59:59,226009.0568000,5316,7450319,103142.9550100
1772884800000,2026-03-07 12:00:00,0.0137000,0.0138500,0.0135400,0.0136400,13591026,1772899199999,2026-03-07 15:59:59,186277.4886200,4117,6396654,87705.3919500
1772899200000,2026-03-07 16:00:00,0.0136400,0.0140100,0.0136100,0.0138900,15695314,1772913599999,2026-03-07 19:59:59,217457.0204500,4351,8026865,111142.8052100
1772913600000,2026-03-07 20:00:00,0.0138900,0.0142700,0.0137600,0.0137800,27023577,1772927999999,2026-03-07 23:59:59,379663.6423100,7061,12252205,172255.0252700
1772928000000,2026-03-08 00:00:00,0.0137900,0.0138200,0.0132300,0.0132300,19121121,1772942399999,2026-03-08 03:59:59,257852.6770300,6470,8276096,111645.2456400
1772942400000,2026-03-08 04:00:00,0.0132300,0.0135900,0.0130700,0.0134400,21917515,1772956799999,2026-03-08 07:59:59,291878.7836700,6155,10160549,135370.0044900
1772956800000,2026-03-08 08:00:00,0.0134200,0.0137000,0.0133700,0.0136200,13181467,1772971199999,2026-03-08 11:59:59,178124.7192400,4446,7317064,98897.9131300
1772971200000,2026-03-08 12:00:00,0.0136100,0.0138300,0.0134900,0.0135200,18451465,1772985599999,2026-03-08 15:59:59,252326.0794400,5097,9506071,130018.7500400
1772985600000,2026-03-08 16:00:00,0.0135200,0.0137500,0.0133700,0.0136300,10867715,1772999999999,2026-03-08 19:59:59,146783.2526300,3937,5709850,77117.7327300
1773000000000,2026-03-08 20:00:00,0.0136300,0.0137300,0.0133200,0.0134300,14606763,1773014399999,2026-03-08 23:59:59,197785.4577700,4650,7264227,98373.7130000
1773014400000,2026-03-09 00:00:00,0.0134300,0.0138200,0.0133600,0.0136900,14216450,1773028799999,2026-03-09 03:59:59,192825.9517300,5188,7425866,100740.2132700
1773028800000,2026-03-09 04:00:00,0.0136900,0.0138500,0.0135100,0.0135400,12319135,1773043199999,2026-03-09 07:59:59,168808.5382600,4571,7052426,96600.8525300
1773043200000,2026-03-09 08:00:00,0.0135400,0.0137000,0.0135000,0.0136200,12886780,1773057599999,2026-03-09 11:59:59,175394.3353500,3764,6073964,82662.5828300
1773057600000,2026-03-09 12:00:00,0.0136200,0.0139300,0.0136000,0.0138800,12416297,1773071999999,2026-03-09 15:59:59,171398.6915000,3873,6145305,84838.3859600
1773072000000,2026-03-09 16:00:00,0.0138800,0.0140400,0.0137300,0.0138200,9678971,1773086399999,2026-03-09 19:59:59,134241.2981700,3397,4282575,59399.0781300
1773086400000,2026-03-09 20:00:00,0.0138200,0.0138500,0.0135500,0.0136000,6443218,1773100799999,2026-03-09 23:59:59,88246.3919000,2583,2999020,41072.6080500
1773100800000,2026-03-10 00:00:00,0.0136000,0.0139200,0.0135600,0.0137100,7867432,1773115199999,2026-03-10 03:59:59,107889.2828900,3264,3520065,48326.8288500
1773115200000,2026-03-10 04:00:00,0.0137000,0.0139000,0.0136100,0.0139000,8469210,1773129599999,2026-03-10 07:59:59,116469.2118200,10025,4128787,56818.5827500
1773129600000,2026-03-10 08:00:00,0.0139000,0.0139200,0.0136900,0.0137500,11295256,1773143999999,2026-03-10 11:59:59,155921.0539800,5776,4770673,65857.1465300
1773144000000,2026-03-10 12:00:00,0.0137500,0.0140200,0.0136000,0.0138400,13226739,1773158399999,2026-03-10 15:59:59,182168.9265200,4200,6775145,93312.7329400
1773158400000,2026-03-10 16:00:00,0.0138400,0.0139100,0.0135700,0.0136400,18511627,1773172799999,2026-03-10 19:59:59,254500.6311900,5674,9065867,124643.3083100
1773172800000,2026-03-10 20:00:00,0.0136400,0.0138400,0.0136200,0.0137600,11483764,1773187199999,2026-03-10 23:59:59,157782.5469300,3779,5265011,72330.7878100
1773187200000,2026-03-11 00:00:00,0.0137700,0.0139700,0.0137100,0.0138700,18274804,1773201599999,2026-03-11 03:59:59,252971.2263900,4938,8155358,112913.1326900
1773201600000,2026-03-11 04:00:00,0.0138700,0.0142900,0.0138700,0.0142500,21211075,1773215999999,2026-03-11 07:59:59,298582.7177600,5486,10355865,145851.4361600
1773216000000,2026-03-11 08:00:00,0.0142500,0.0151300,0.0142300,0.0151200,56963129,1773230399999,2026-03-11 11:59:59,835284.3027200,13058,30455762,447470.7050800
1773230400000,2026-03-11 12:00:00,0.0151100,0.0183000,0.0146200,0.0149600,441461509,1773244799999,2026-03-11 15:59:59,7122073.1933100,89088,211064210,3412318.1638200
1773244800000,2026-03-11 16:00:00,0.0149700,0.0151000,0.0145400,0.0145800,83698091,1773259199999,2026-03-11 19:59:59,1238558.3378600,19838,43885719,649935.0509200
1773259200000,2026-03-11 20:00:00,0.0145900,0.0149600,0.0145800,0.0148900,25949480,1773273599999,2026-03-11 23:59:59,382286.7645400,12726,12898613,190208.5170800
1773273600000,2026-03-12 00:00:00,0.0149000,0.0151500,0.0144800,0.0146900,38850834,1773287999999,2026-03-12 03:59:59,576293.1116800,11545,16378321,243457.5954700
1773288000000,2026-03-12 04:00:00,0.0146900,0.0152400,0.0146400,0.0147000,41409173,1773302399999,2026-03-12 07:59:59,617937.9264800,13157,18374272,274426.1804300
1773302400000,2026-03-12 08:00:00,0.0147000,0.0148900,0.0146500,0.0147000,21847179,1773316799999,2026-03-12 11:59:59,322081.8570000,7333,10285001,151727.5251400
1773316800000,2026-03-12 12:00:00,0.0146900,0.0151600,0.0146700,0.0149600,27815721,1773331199999,2026-03-12 15:59:59,415016.2539400,7129,13924511,207798.8935800
1773331200000,2026-03-12 16:00:00,0.0149500,0.0151400,0.0145500,0.0146900,17210866,1773345599999,2026-03-12 19:59:59,254671.7849900,6083,7752443,114785.6909700
1773345600000,2026-03-12 20:00:00,0.0147000,0.0147500,0.0145000,0.0147100,10821877,1773359999999,2026-03-12 23:59:59,158098.6710900,4315,5957278,87044.3709700
1773360000000,2026-03-13 00:00:00,0.0147100,0.0149500,0.0146600,0.0148800,13673751,1773374399999,2026-03-13 03:59:59,202262.9908800,4340,6575470,97302.0267600
1773374400000,2026-03-13 04:00:00,0.0148700,0.0148700,0.0146200,0.0147300,10177983,1773388799999,2026-03-13 07:59:59,149842.6739500,3828,5137566,75646.0656900
1773388800000,2026-03-13 08:00:00,0.0147300,0.0148300,0.0146500,0.0147000,9535098,1773403199999,2026-03-13 11:59:59,140568.4756400,3941,4824175,71119.5791500
1773403200000,2026-03-13 12:00:00,0.0146900,0.0153600,0.0146400,0.0152700,34214020,1773417599999,2026-03-13 15:59:59,513077.2504200,9326,16713546,250606.0544000
1773417600000,2026-03-13 16:00:00,0.0152700,0.0154000,0.0147000,0.0147800,22616371,1773431999999,2026-03-13 19:59:59,340250.9026500,6577,9200073,138650.7617400
1773432000000,2026-03-13 20:00:00,0.0147900,0.0149100,0.0144300,0.0146500,16237921,1773446399999,2026-03-13 23:59:59,237850.1667600,4524,7234353,106145.8145900
1773446400000,2026-03-14 00:00:00,0.0146500,0.0149300,0.0145100,0.0149200,12017707,1773460799999,2026-03-14 03:59:59,176584.4203900,3553,6595474,96906.9449300
1773460800000,2026-03-14 04:00:00,0.0149300,0.0149900,0.0145500,0.0147100,17247057,1773475199999,2026-03-14 07:59:59,254252.3372200,5003,7852286,115766.6607600
1773475200000,2026-03-14 08:00:00,0.0147000,0.0148600,0.0145900,0.0148000,11110034,1773489599999,2026-03-14 11:59:59,163198.8441800,4296,5880723,86388.1202500
1773489600000,2026-03-14 12:00:00,0.0147900,0.0148800,0.0146500,0.0147800,14103220,1773503999999,2026-03-14 15:59:59,208321.7623700,4519,7181297,106147.3844000
1773504000000,2026-03-14 16:00:00,0.0147800,0.0148500,0.0146000,0.0146000,9674190,1773518399999,2026-03-14 19:59:59,142681.0975000,3822,4946555,73008.5193100
1773518400000,2026-03-14 20:00:00,0.0146100,0.0146300,0.0144600,0.0145600,10603961,1773532799999,2026-03-14 23:59:59,154359.3704800,4009,5041726,73395.2806800
1773532800000,2026-03-15 00:00:00,0.0145600,0.0146800,0.0143900,0.0146200,9194874,1773547199999,2026-03-15 03:59:59,133903.1634600,2984,4197080,61151.1774000
1773547200000,2026-03-15 04:00:00,0.0146200,0.0147400,0.0145700,0.0146300,7606880,1773561599999,2026-03-15 07:59:59,111468.8566600,2485,4268788,62571.5304800
1773561600000,2026-03-15 08:00:00,0.0146300,0.0147100,0.0146000,0.0146600,4077752,1773575999999,2026-03-15 11:59:59,59777.7005800,2002,1706071,25025.7768800
1773576000000,2026-03-15 12:00:00,0.0146500,0.0148600,0.0145500,0.0145800,6937556,1773590399999,2026-03-15 15:59:59,101782.6130700,2855,3303987,48535.5226600
1773590400000,2026-03-15 16:00:00,0.0145800,0.0177700,0.0145500,0.0152700,388759132,1773604799999,2026-03-15 19:59:59,6239872.1693000,67365,190835345,3062703.7488700
1773604800000,2026-03-15 20:00:00,0.0152800,0.0156200,0.0148900,0.0150200,87582207,1773619199999,2026-03-15 23:59:59,1333357.6619400,18395,42024019,640026.8792600
1773619200000,2026-03-16 00:00:00,0.0150300,0.0153700,0.0149600,0.0150500,35791099,1773633599999,2026-03-16 03:59:59,540567.0413700,9242,15576268,235445.2344100
1773633600000,2026-03-16 04:00:00,0.0150500,0.0152900,0.0150500,0.0152100,20692119,1773647999999,2026-03-16 07:59:59,314387.6093300,6910,10447831,158738.5697200
1773648000000,2026-03-16 08:00:00,0.0152100,0.0154400,0.0150700,0.0151300,38096600,1773662399999,2026-03-16 11:59:59,580407.0967800,7770,16488252,251555.3252200
1773662400000,2026-03-16 12:00:00,0.0151300,0.0151900,0.0149100,0.0150300,23869584,1773676799999,2026-03-16 15:59:59,359868.2639500,6942,9677044,145957.4689700
1773676800000,2026-03-16 16:00:00,0.0150200,0.0153900,0.0149800,0.0153100,19207206,1773691199999,2026-03-16 19:59:59,291639.8912300,6508,10002819,151937.5924800
1773691200000,2026-03-16 20:00:00,0.0153200,0.0156000,0.0151800,0.0152700,28881354,1773705599999,2026-03-16 23:59:59,443560.0937700,7523,13691835,210386.7953600
1773705600000,2026-03-17 00:00:00,0.0152700,0.0153000,0.0150100,0.0151100,13790740,1773719999999,2026-03-17 03:59:59,209289.9788600,5495,6860766,104182.2402700
1773720000000,2026-03-17 04:00:00,0.0151000,0.0151400,0.0148600,0.0149800,15132222,1773734399999,2026-03-17 07:59:59,226404.6985200,4221,6454105,96563.5244700
1773734400000,2026-03-17 08:00:00,0.0149700,0.0150500,0.0148900,0.0149700,9144774,1773748799999,2026-03-17 11:59:59,136881.4856900,3696,5021675,75205.4319000
1773748800000,2026-03-17 12:00:00,0.0149600,0.0150300,0.0147500,0.0149800,11205109,1773763199999,2026-03-17 15:59:59,166782.5520200,3940,4866825,72507.3421300
1773763200000,2026-03-17 16:00:00,0.0149800,0.0150400,0.0148000,0.0148100,9144296,1773777599999,2026-03-17 19:59:59,136369.3131300,3540,4848377,72327.9486200
1773777600000,2026-03-17 20:00:00,0.0148200,0.0150200,0.0147500,0.0147500,4913488,1773791999999,2026-03-17 23:59:59,73223.5500500,2997,2238306,33397.7170000
1773792000000,2026-03-18 00:00:00,0.0147600,0.0148300,0.0146200,0.0147000,9599556,1773806399999,2026-03-18 03:59:59,141098.7851300,3613,4638844,68183.0246000
1773806400000,2026-03-18 04:00:00,0.0147000,0.0147300,0.0145600,0.0147100,13500754,1773820799999,2026-03-18 07:59:59,197869.6498900,4349,5721122,83894.3132000
1773820800000,2026-03-18 08:00:00,0.0147000,0.0147300,0.0142200,0.0143400,20517865,1773835199999,2026-03-18 11:59:59,297632.1880500,5436,9798087,142287.4976900
1773835200000,2026-03-18 12:00:00,0.0143300,0.0144000,0.0138600,0.0140100,19701926,1773849599999,2026-03-18 15:59:59,277973.1976500,6428,9523022,134509.9766400
1773849600000,2026-03-18 16:00:00,0.0140100,0.0143600,0.0139700,0.0142800,10692963,1773863999999,2026-03-18 19:59:59,151253.5423600,4561,5870324,82984.7432300
1773864000000,2026-03-18 20:00:00,0.0142800,0.0147800,0.0142200,0.0146000,18938242,1773878399999,2026-03-18 23:59:59,276393.6164100,5372,8733179,127452.4974300
1773878400000,2026-03-19 00:00:00,0.0145900,0.0146000,0.0142300,0.0143100,8213989,1773892799999,2026-03-19 03:59:59,118178.0029200,4006,3824724,55007.9262300
1773892800000,2026-03-19 04:00:00,0.0143100,0.0143200,0.0140500,0.0141400,6561204,1773907199999,2026-03-19 07:59:59,93150.5319200,2800,3676908,52216.7724700
1773907200000,2026-03-19 08:00:00,0.0141400,0.0148500,0.0140900,0.0144300,50659932,1773921599999,2026-03-19 11:59:59,735637.2681400,10710,26353993,382548.4927000
1773921600000,2026-03-19 12:00:00,0.0144300,0.0148500,0.0142800,0.0144600,54199677,1773935999999,2026-03-19 15:59:59,789444.8072700,14162,24851310,362209.5603000
1773936000000,2026-03-19 16:00:00,0.0144600,0.0144600,0.0142000,0.0143300,17171310,1773950399999,2026-03-19 19:59:59,245928.4698700,6144,8219961,117729.6556300
1773950400000,2026-03-19 20:00:00,0.0143200,0.0144400,0.0143000,0.0144100,10028724,1773964799999,2026-03-19 23:59:59,144236.1525800,3560,4946790,71141.5216900
1773964800000,2026-03-20 00:00:00,0.0144000,0.0147700,0.0143900,0.0147600,10644464,1773979199999,2026-03-20 03:59:59,155313.5833400,4020,5542021,80873.7530600
1773979200000,2026-03-20 04:00:00,0.0147600,0.0147800,0.0143600,0.0144700,11903806,1773993599999,2026-03-20 07:59:59,173244.1141800,3894,4922730,71650.7071500
1773993600000,2026-03-20 08:00:00,0.0144700,0.0145300,0.0143300,0.0144000,8582553,1774007999999,2026-03-20 11:59:59,123782.3189000,3135,4053534,58501.4887900
1774008000000,2026-03-20 12:00:00,0.0144000,0.0144500,0.0142200,0.0142700,10572944,1774022399999,2026-03-20 15:59:59,151645.2569200,3679,5246504,75285.5476800
1774022400000,2026-03-20 16:00:00,0.0142900,0.0143100,0.0135600,0.0136900,26468099,1774036799999,2026-03-20 19:59:59,367710.2381700,7852,12604727,175119.5444000
1774036800000,2026-03-20 20:00:00,0.0137000,0.0139600,0.0136600,0.0138500,10035542,1774051199999,2026-03-20 23:59:59,138552.1401800,3650,5012716,69204.4093600
1774051200000,2026-03-21 00:00:00,0.0138600,0.0141100,0.0138600,0.0140300,13185077,1774065599999,2026-03-21 03:59:59,184362.7397300,4087,6571367,91872.9914100
1774065600000,2026-03-21 04:00:00,0.0140300,0.0140800,0.0137600,0.0137900,11564041,1774079999999,2026-03-21 07:59:59,160838.9550800,3999,5302450,73769.5399600
1774080000000,2026-03-21 08:00:00,0.0137800,0.0138500,0.0136400,0.0137300,7577422,1774094399999,2026-03-21 11:59:59,104116.9844100,3139,3300871,45371.3309900
1774094400000,2026-03-21 12:00:00,0.0137300,0.0141000,0.0136600,0.0140200,11711708,1774108799999,2026-03-21 15:59:59,161896.2051000,3341,6069546,83883.4088500
1774108800000,2026-03-21 16:00:00,0.0140300,0.0144700,0.0139600,0.0143900,25850611,1774123199999,2026-03-21 19:59:59,368576.3764300,6668,12151882,173197.8347400
1774123200000,2026-03-21 20:00:00,0.0143900,0.0144900,0.0134200,0.0135000,19000863,1774137599999,2026-03-21 23:59:59,264417.3882600,5440,7599105,105691.9228900
1774137600000,2026-03-22 00:00:00,0.0134900,0.0138800,0.0133300,0.0137200,14153164,1774151999999,2026-03-22 03:59:59,192653.8737700,4557,7695320,104766.8513800
1774152000000,2026-03-22 04:00:00,0.0137200,0.0139400,0.0137000,0.0138200,7455320,1774166399999,2026-03-22 07:59:59,102848.2628000,2945,4054008,55922.6774400
1774166400000,2026-03-22 08:00:00,0.0138200,0.0140400,0.0134800,0.0134900,23044407,1774180799999,2026-03-22 11:59:59,318861.2074000,5326,11488898,159252.0004800
1774180800000,2026-03-22 12:00:00,0.0134900,0.0137200,0.0134700,0.0135600,10292289,1774195199999,2026-03-22 15:59:59,139928.8777000,3731,5455759,74203.6862000
1774195200000,2026-03-22 16:00:00,0.0135600,0.0136100,0.0132400,0.0132800,8001611,1774209599999,2026-03-22 19:59:59,107464.6987400,2916,3542077,47654.9801200
1774209600000,2026-03-22 20:00:00,0.0132800,0.0134400,0.0131300,0.0132700,10713935,1774223999999,2026-03-22 23:59:59,142440.0827200,4146,5555538,73861.1421500
1774224000000,2026-03-23 00:00:00,0.0132800,0.0134700,0.0131900,0.0133400,7174855,1774238399999,2026-03-23 03:59:59,95780.6507900,3091,3703370,49432.4161700
1774238400000,2026-03-23 04:00:00,0.0133500,0.0134800,0.0130500,0.0130700,11530153,1774252799999,2026-03-23 07:59:59,152769.1815400,3511,5176977,68633.4520400
1774252800000,2026-03-23 08:00:00,0.0130700,0.0136300,0.0128700,0.0134900,27146340,1774267199999,2026-03-23 11:59:59,359334.0047600,6382,13383250,177163.6260900
1774267200000,2026-03-23 12:00:00,0.0135000,0.0137000,0.0134200,0.0134300,9863000,1774281599999,2026-03-23 15:59:59,133935.6972100,3657,5312506,72188.8133400
1774281600000,2026-03-23 16:00:00,0.0134400,0.0136500,0.0134200,0.0135300,13481621,1774295999999,2026-03-23 19:59:59,182590.0915900,3773,6371741,86290.9050600
1774296000000,2026-03-23 20:00:00,0.0135400,0.0137400,0.0135100,0.0135700,6466096,1774310399999,2026-03-23 23:59:59,88022.1869100,2501,3099554,42150.4354800
1774310400000,2026-03-24 00:00:00,0.0135800,0.0137400,0.0132400,0.0134900,16499862,1774324799999,2026-03-24 03:59:59,223147.0637400,3706,6944653,93940.9487100
1774324800000,2026-03-24 04:00:00,0.0134800,0.0137100,0.0133600,0.0136300,9171293,1774339199999,2026-03-24 07:59:59,123804.8351000,3348,4778215,64549.7590900
1774339200000,2026-03-24 08:00:00,0.0136400,0.0136800,0.0135000,0.0135600,7945659,1774353599999,2026-03-24 11:59:59,107959.2817800,2904,4245159,57705.6402400
1774353600000,2026-03-24 12:00:00,0.0135700,0.0137600,0.0135100,0.0136000,6355423,1774367999999,2026-03-24 15:59:59,86630.5345900,2994,3317414,45243.7262800
1774368000000,2026-03-24 16:00:00,0.0136000,0.0136600,0.0134700,0.0135700,7892477,1774382399999,2026-03-24 19:59:59,107088.3976700,3311,3645060,49451.9676600
1774382400000,2026-03-24 20:00:00,0.0135700,0.0138300,0.0135700,0.0137300,6214090,1774396799999,2026-03-24 23:59:59,85376.4873400,3161,3655721,50205.3626100
1774396800000,2026-03-25 00:00:00,0.0137300,0.0138600,0.0136700,0.0137800,10361142,1774411199999,2026-03-25 03:59:59,142744.9950000,2816,5176325,71323.5313000
1774411200000,2026-03-25 04:00:00,0.0137700,0.0138600,0.0135800,0.0136100,6515576,1774425599999,2026-03-25 07:59:59,89293.5043600,2870,2943904,40364.1193100
1774425600000,2026-03-25 08:00:00,0.0136100,0.0137700,0.0136000,0.0137400,5411791,1774439999999,2026-03-25 11:59:59,74048.9879400,1926,2813909,38521.4064900
1774440000000,2026-03-25 12:00:00,0.0137400,0.0138200,0.0136200,0.0136800,10066830,1774454399999,2026-03-25 15:59:59,138267.0622600,2770,5647885,77609.6178500
1774454400000,2026-03-25 16:00:00,0.0136800,0.0139000,0.0136700,0.0138000,7525046,1774468799999,2026-03-25 19:59:59,103749.8556900,2527,3241971,44742.6503900
1774468800000,2026-03-25 20:00:00,0.0138100,0.0138400,0.0136700,0.0137400,6052090,1774483199999,2026-03-25 23:59:59,83158.8176900,2635,3429340,47115.5840700
1774483200000,2026-03-26 00:00:00,0.0137400,0.0137800,0.0135400,0.0136100,6202097,1774497599999,2026-03-26 03:59:59,84755.7759600,2429,2485478,33999.1007600
1774497600000,2026-03-26 04:00:00,0.0136100,0.0136100,0.0133000,0.0133600,8311032,1774511999999,2026-03-26 07:59:59,111712.1350600,3292,3154557,42463.3975300
1774512000000,2026-03-26 08:00:00,0.0133600,0.0133900,0.0131500,0.0131900,10998192,1774526399999,2026-03-26 11:59:59,145851.8493200,3134,5831807,77429.4494300
1774526400000,2026-03-26 12:00:00,0.0131900,0.0133500,0.0131500,0.0131800,5652014,1774540799999,2026-03-26 15:59:59,74792.8128200,2221,2898027,38370.0881200
1774540800000,2026-03-26 16:00:00,0.0131900,0.0131900,0.0129000,0.0129500,9417301,1774555199999,2026-03-26 19:59:59,122585.2885600,3140,4364348,56861.5250200
1774555200000,2026-03-26 20:00:00,0.0129500,0.0133400,0.0129100,0.0132400,9150741,1774569599999,2026-03-26 23:59:59,120615.1077700,2671,4577849,60346.4810200
1774569600000,2026-03-27 00:00:00,0.0132400,0.0135000,0.0132100,0.0134900,6746748,1774583999999,2026-03-27 03:59:59,90237.2515000,2654,2957599,39581.8696600
1774584000000,2026-03-27 04:00:00,0.0135000,0.0137000,0.0133800,0.0136800,9313781,1774598399999,2026-03-27 07:59:59,126376.8166600,3316,4359544,59177.3324900
1774598400000,2026-03-27 08:00:00,0.0136800,0.0139800,0.0133900,0.0133900,30576549,1774612799999,2026-03-27 11:59:59,419916.9514500,6957,13756430,188850.3589600
1774612800000,2026-03-27 12:00:00,0.0134000,0.0135200,0.0131700,0.0134000,16975085,1774627199999,2026-03-27 15:59:59,226881.4435300,4261,8828051,117993.0740700
1774627200000,2026-03-27 16:00:00,0.0134100,0.0134200,0.0131700,0.0133000,9849722,1774641599999,2026-03-27 19:59:59,131036.6290400,3373,4561896,60625.8273900
1774641600000,2026-03-27 20:00:00,0.0132900,0.0133000,0.0131300,0.0131500,7172605,1774655999999,2026-03-27 23:59:59,94778.4643000,2661,3376236,44617.7875600
1774656000000,2026-03-28 00:00:00,0.0131500,0.0131600,0.0128700,0.0128800,10432086,1774670399999,2026-03-28 03:59:59,135329.5362400,3015,4197668,54454.9605400
1774670400000,2026-03-28 04:00:00,0.0128700,0.0129600,0.0127800,0.0129500,6205812,1774684799999,2026-03-28 07:59:59,79879.9034100,2086,3545919,45685.7694800
1774684800000,2026-03-28 08:00:00,0.0129500,0.0129700,0.0128700,0.0129100,5595477,1774699199999,2026-03-28 11:59:59,72276.7295500,2105,2986175,38582.9115500
1774699200000,2026-03-28 12:00:00,0.0129100,0.0130900,0.0127600,0.0127900,10590692,1774713599999,2026-03-28 15:59:59,136772.9761300,2837,5923702,76503.0595900
1774713600000,2026-03-28 16:00:00,0.0127900,0.0131900,0.0127900,0.0130700,10535408,1774727999999,2026-03-28 19:59:59,136688.5889700,2498,5640318,73223.4114500
1774728000000,2026-03-28 20:00:00,0.0130700,0.0131400,0.0127900,0.0129000,6158606,1774742399999,2026-03-28 23:59:59,79717.0372300,2131,3180783,41171.8506100
1774742400000,2026-03-29 00:00:00,0.0129100,0.0130300,0.0127700,0.0129900,5073059,1774756799999,2026-03-29 03:59:59,65463.4307600,1854,2497189,32248.4826800
1774756800000,2026-03-29 04:00:00,0.0129900,0.0130300,0.0127700,0.0128200,6149264,1774771199999,2026-03-29 07:59:59,79056.3474600,2248,2515486,32352.2689200
1774771200000,2026-03-29 08:00:00,0.0128300,0.0128900,0.0125200,0.0125200,8981774,1774785599999,2026-03-29 11:59:59,114205.9763500,2542,4492876,57097.5124600
1774785600000,2026-03-29 12:00:00,0.0125200,0.0126600,0.0123300,0.0124900,27986399,1774799999999,2026-03-29 15:59:59,350048.6394300,3571,13996656,175223.2360400
1774800000000,2026-03-29 16:00:00,0.0125100,0.0125500,0.0123200,0.0123800,6804051,1774814399999,2026-03-29 19:59:59,84521.2809700,2139,3467785,43094.7782200
1774814400000,2026-03-29 20:00:00,0.0123800,0.0124800,0.0120200,0.0123000,17021456,1774828799999,2026-03-29 23:59:59,208501.2120100,3479,7889643,96690.2625700
1774828800000,2026-03-30 00:00:00,0.0123100,0.0125700,0.0122900,0.0123600,13510175,1774843199999,2026-03-30 03:59:59,168183.0239200,2686,8018176,99848.2022100
1774843200000,2026-03-30 04:00:00,0.0123800,0.0129200,0.0123800,0.0128800,16856795,1774857599999,2026-03-30 07:59:59,212910.3955700,3459,9410992,118715.0257700
1774857600000,2026-03-30 08:00:00,0.0129000,0.0129800,0.0127700,0.0128900,5545650,1774871999999,2026-03-30 11:59:59,71372.8103800,2525,3421938,44014.9232700
1774872000000,2026-03-30 12:00:00,0.0128900,0.0130500,0.0126400,0.0126800,20326413,1774886399999,2026-03-30 15:59:59,260436.4192300,3928,8699278,111343.7708600
1774886400000,2026-03-30 16:00:00,0.0126800,0.0127100,0.0122900,0.0123500,7299463,1774900799999,2026-03-30 19:59:59,91209.3495400,2807,3473510,43359.9189600
1774900800000,2026-03-30 20:00:00,0.0123600,0.0126100,0.0123600,0.0125100,4694419,1774915199999,2026-03-30 23:59:59,58667.0060500,1804,2826060,35291.4354100
1774915200000,2026-03-31 00:00:00,0.0125200,0.0127400,0.0124800,0.0125900,10025663,1774929599999,2026-03-31 03:59:59,126767.9944100,2442,4260514,53858.4934400
1774929600000,2026-03-31 04:00:00,0.0125900,0.0126400,0.0125400,0.0126200,4173596,1774943999999,2026-03-31 07:59:59,52527.9329600,1761,2201442,27705.1277800
1774944000000,2026-03-31 08:00:00,0.0126200,0.0126400,0.0123200,0.0125100,18428009,1774958399999,2026-03-31 11:59:59,229860.1237900,4292,10148679,126628.0756700
1774958400000,2026-03-31 12:00:00,0.0125200,0.0130800,0.0125000,0.0127200,18123734,1774972799999,2026-03-31 15:59:59,232792.3910700,5019,8361307,107296.2829700
1774972800000,2026-03-31 16:00:00,0.0127300,0.0130300,0.0127200,0.0128800,8961839,1774987199999,2026-03-31 19:59:59,115725.9497800,2739,5035399,65016.9491300
1774987200000,2026-03-31 20:00:00,0.0128700,0.0131100,0.0128200,0.0129100,8674465,1775001599999,2026-03-31 23:59:59,112155.4288600,3270,4619204,59729.2283000
1775001600000,2026-04-01 00:00:00,0.0129300,0.0130600,0.0128300,0.0130000,9169971,1775015999999,2026-04-01 03:59:59,118747.3039600,3022,4644479,60129.4246300
1775016000000,2026-04-01 04:00:00,0.0130100,0.0132500,0.0129500,0.0131100,6862786,1775030399999,2026-04-01 07:59:59,89833.8211000,2924,3308656,43318.3946100
1775030400000,2026-04-01 08:00:00,0.0131000,0.0131300,0.0129500,0.0130100,6853229,1775044799999,2026-04-01 11:59:59,89278.3572300,2658,3081571,40168.5176000
1775044800000,2026-04-01 12:00:00,0.0130100,0.0132400,0.0129800,0.0132000,9609718,1775059199999,2026-04-01 15:59:59,125746.0030500,2742,4739643,62083.4800100
1775059200000,2026-04-01 16:00:00,0.0132100,0.0133700,0.0131600,0.0133200,10279157,1775073599999,2026-04-01 19:59:59,136475.1169000,2977,4883016,64796.2934100
1775073600000,2026-04-01 20:00:00,0.0133100,0.0134600,0.0131300,0.0132300,12934448,1775087999999,2026-04-01 23:59:59,171783.8735300,3488,6439958,85652.8076800
1775088000000,2026-04-02 00:00:00,0.0132300,0.0132700,0.0126400,0.0127800,18496049,1775102399999,2026-04-02 03:59:59,240639.1913100,4356,8690970,113089.0084500
1775102400000,2026-04-02 04:00:00,0.0127600,0.0129500,0.0126200,0.0129400,8031425,1775116799999,2026-04-02 07:59:59,102416.3788900,2994,4945971,63138.1187400
1775116800000,2026-04-02 08:00:00,0.0129500,0.0130700,0.0127800,0.0128900,9132852,1775131199999,2026-04-02 11:59:59,118175.0967200,3062,5052529,65379.9541200
1775131200000,2026-04-02 12:00:00,0.0129000,0.0134000,0.0127700,0.0132800,28282175,1775145599999,2026-04-02 15:59:59,370590.7617200,5348,14384551,188561.0868600
1775145600000,2026-04-02 16:00:00,0.0132800,0.0138100,0.0132700,0.0136900,56301744,1775159999999,2026-04-02 19:59:59,761935.0313000,8684,25652872,347163.9426700
1775160000000,2026-04-02 20:00:00,0.0136900,0.0143200,0.0136000,0.0141900,39123202,1775174399999,2026-04-02 23:59:59,546399.5552200,9012,18928911,264230.3253700
1775174400000,2026-04-03 00:00:00,0.0141800,0.0144200,0.0139400,0.0143300,39365023,1775188799999,2026-04-03 03:59:59,559952.5814000,7383,20687231,294372.4494900
1775188800000,2026-04-03 04:00:00,0.0143400,0.0143500,0.0140000,0.0141000,25343934,1775203199999,2026-04-03 07:59:59,359510.8413600,6106,11864354,168438.6347400
1775203200000,2026-04-03 08:00:00,0.0140900,0.0145700,0.0139600,0.0140100,34204071,1775217599999,2026-04-03 11:59:59,485932.5247000,7076,16203657,230159.9970700
1775217600000,2026-04-03 12:00:00,0.0140000,0.0142500,0.0139000,0.0140100,19167537,1775231999999,2026-04-03 15:59:59,269006.5729300,4595,8897374,125002.2984500
1775232000000,2026-04-03 16:00:00,0.0140100,0.0144000,0.0139800,0.0140700,24487091,1775246399999,2026-04-03 19:59:59,346822.4943900,5874,10416199,147499.6541400
1775246400000,2026-04-03 20:00:00,0.0140800,0.0140900,0.0137100,0.0138100,11383500,1775260799999,2026-04-03 23:59:59,158101.4928400,3946,4991728,69420.2864900
1775260800000,2026-04-04 00:00:00,0.0138100,0.0139500,0.0136800,0.0138300,12475235,1775275199999,2026-04-04 03:59:59,172580.5920900,5514,6564394,90779.4623700
1775275200000,2026-04-04 04:00:00,0.0138300,0.0138400,0.0135400,0.0136200,11148271,1775289599999,2026-04-04 07:59:59,152445.6241100,5766,5248644,71886.2922000
1775289600000,2026-04-04 08:00:00,0.0136300,0.0138100,0.0136100,0.0136900,7874686,1775303999999,2026-04-04 11:59:59,107968.8563300,2246,4342478,59547.4488200
1775304000000,2026-04-04 12:00:00,0.0136800,0.0136900,0.0133400,0.0136200,9626257,1775318399999,2026-04-04 15:59:59,130161.3574500,2787,5007430,67683.4203200
1775318400000,2026-04-04 16:00:00,0.0136200,0.0136500,0.0134800,0.0135400,6334735,1775332799999,2026-04-04 19:59:59,85981.4184900,2609,3054015,41472.3964500
1775332800000,2026-04-04 20:00:00,0.0135400,0.0136200,0.0134800,0.0135500,4127497,1775347199999,2026-04-04 23:59:59,55908.7345700,2010,2154930,29195.5191500
1775347200000,2026-04-05 00:00:00,0.0135600,0.0136200,0.0134300,0.0134300,5393574,1775361599999,2026-04-05 03:59:59,72970.6553000,1953,2094271,28346.8367700
1775361600000,2026-04-05 04:00:00,0.0134500,0.0134700,0.0132200,0.0132600,10015434,1775375999999,2026-04-05 07:59:59,133685.7443400,2430,4812989,64266.9939700
1775376000000,2026-04-05 08:00:00,0.0132700,0.0134100,0.0132500,0.0133700,5371654,1775390399999,2026-04-05 11:59:59,71667.3067900,1925,3110994,41511.7401600
1775390400000,2026-04-05 12:00:00,0.0133700,0.0138500,0.0131800,0.0136400,22512324,1775404799999,2026-04-05 15:59:59,304223.7720300,5195,11335211,153165.2990400
1775404800000,2026-04-05 16:00:00,0.0136400,0.0156000,0.0134200,0.0135600,183653863,1775419199999,2026-04-05 19:59:59,2628488.6800300,40337,88060598,1260414.8559000
1775419200000,2026-04-05 20:00:00,0.0135700,0.0137500,0.0135000,0.0137200,16228778,1775433599999,2026-04-05 23:59:59,220741.4868200,5356,8337897,113477.3747000
1775433600000,2026-04-06 00:00:00,0.0137200,0.0139500,0.0136700,0.0138300,10786879,1775447999999,2026-04-06 03:59:59,148578.6895100,5431,5486621,75594.2274800
1775448000000,2026-04-06 04:00:00,0.0138400,0.0138600,0.0135300,0.0136500,13306266,1775462399999,2026-04-06 07:59:59,182011.4797400,4162,5962217,81519.6927700
1775462400000,2026-04-06 08:00:00,0.0136500,0.0139100,0.0135800,0.0136900,16634527,1775476799999,2026-04-06 11:59:59,229120.5535100,5232,8674255,119455.7506200
1775476800000,2026-04-06 12:00:00,0.0136900,0.0137300,0.0134800,0.0136500,11512156,1775491199999,2026-04-06 15:59:59,156734.1944900,4539,5328082,72588.8147000
1775491200000,2026-04-06 16:00:00,0.0136500,0.0143500,0.0136300,0.0140500,66509077,1775505599999,2026-04-06 19:59:59,937750.8627500,10741,33809670,476620.0213000
1775505600000,2026-04-06 20:00:00,0.0140500,0.0145300,0.0140500,0.0144600,30759844,1775519999999,2026-04-06 23:59:59,439448.5134700,6867,15008803,214557.9733700
1775520000000,2026-04-07 00:00:00,0.0144500,0.0145300,0.0141100,0.0143100,36780401,1775534399999,2026-04-07 03:59:59,526444.9406400,7946,16098928,230479.4435500
1775534400000,2026-04-07 04:00:00,0.0143100,0.0148300,0.0141800,0.0146500,67572852,1775548799999,2026-04-07 07:59:59,981860.0398300,11918,34151189,496316.4966600
1775548800000,2026-04-07 08:00:00,0.0146500,0.0149000,0.0134800,0.0135200,77904935,1775563199999,2026-04-07 11:59:59,1100685.9729800,21691,33627531,476368.0728700
1775563200000,2026-04-07 12:00:00,0.0135300,0.0136500,0.0133700,0.0135200,26538665,1775577599999,2026-04-07 15:59:59,359438.1063300,13179,13480748,182672.3722600
1775577600000,2026-04-07 16:00:00,0.0135200,0.0137300,0.0133900,0.0136700,21713351,1775591999999,2026-04-07 19:59:59,294737.8378900,5566,12318267,167270.2297000
1775592000000,2026-04-07 20:00:00,0.0136800,0.0143600,0.0136000,0.0143300,16617663,1775606399999,2026-04-07 23:59:59,231659.9921300,5187,7824890,109122.0100900
1775606400000,2026-04-08 00:00:00,0.0143300,0.0147900,0.0141200,0.0143700,49728344,1775620799999,2026-04-08 03:59:59,718820.3919900,11832,24819510,358957.2726400
1775620800000,2026-04-08 04:00:00,0.0143700,0.0145200,0.0142000,0.0144400,18848990,1775635199999,2026-04-08 07:59:59,270751.4314700,4627,8836260,126894.1758300
1775635200000,2026-04-08 08:00:00,0.0144200,0.0157800,0.0142500,0.0152100,275656203,1775649599999,2026-04-08 11:59:59,4151882.2603000,40533,149417911,2252970.1034300
1775649600000,2026-04-08 12:00:00,0.0152100,0.0153200,0.0139300,0.0148000,280519979,1775663999999,2026-04-08 15:59:59,4156655.2581700,39655,151407297,2244177.9947900
1775664000000,2026-04-08 16:00:00,0.0147900,0.0148700,0.0143700,0.0148500,99275980,1775678399999,2026-04-08 19:59:59,1448718.1286100,14611,62039861,904683.3155500
1775678400000,2026-04-08 20:00:00,0.0148500,0.0159700,0.0145700,0.0149000,125936228,1775692799999,2026-04-08 23:59:59,1911342.7749500,26875,59490750,903369.6103400
1775692800000,2026-04-09 00:00:00,0.0148900,0.0149500,0.0143700,0.0144000,38768263,1775707199999,2026-04-09 03:59:59,569704.9754400,11458,16344160,240420.6433200
1775707200000,2026-04-09 04:00:00,0.0143900,0.0145100,0.0142500,0.0142700,27789370,1775721599999,2026-04-09 07:59:59,399391.5742800,8003,12912767,185679.5831900
1775721600000,2026-04-09 08:00:00,0.0142700,0.0149300,0.0142000,0.0147400,55092483,1775735999999,2026-04-09 11:59:59,809259.0309100,11144,29870517,438280.2651500
1775736000000,2026-04-09 12:00:00,0.0147400,0.0155200,0.0146000,0.0153500,43217749,1775750399999,2026-04-09 15:59:59,652581.6002800,9807,21614804,326369.4259000
1775750400000,2026-04-09 16:00:00,0.0153600,0.0156600,0.0147300,0.0148500,25122883,1775764799999,2026-04-09 19:59:59,382254.3450200,7168,11301957,172343.3190700
1775764800000,2026-04-09 20:00:00,0.0148400,0.0149300,0.0145400,0.0146800,14189430,1775779199999,2026-04-09 23:59:59,208595.9163100,5354,7741288,113772.6407000
1775779200000,2026-04-10 00:00:00,0.0146700,0.0150800,0.0146500,0.0150200,23242683,1775793599999,2026-04-10 03:59:59,345753.2583600,6000,13600774,202375.3196100
1775793600000,2026-04-10 04:00:00,0.0150200,0.0150500,0.0145400,0.0145700,15619779,1775807999999,2026-04-10 07:59:59,230421.5238400,4553,7700140,113418.5945300
1775808000000,2026-04-10 08:00:00,0.0145600,0.0146400,0.0143600,0.0145700,13334241,1775822399999,2026-04-10 11:59:59,193595.2232000,3684,5985262,86941.3541900
1775822400000,2026-04-10 12:00:00,0.0145700,0.0147200,0.0144800,0.0146000,14762166,1775836799999,2026-04-10 15:59:59,215355.3073000,3741,6310310,92122.9956200
1775836800000,2026-04-10 16:00:00,0.0146100,0.0147100,0.0144700,0.0145400,10272084,1775851199999,2026-04-10 19:59:59,149634.5283900,3286,4953131,72199.9160300
1775851200000,2026-04-10 20:00:00,0.0145400,0.0146200,0.0144200,0.0145100,7025686,1775865599999,2026-04-10 23:59:59,101995.8216500,3364,3909935,56806.9253000
1775865600000,2026-04-11 00:00:00,0.0145100,0.0146700,0.0143700,0.0144600,9187369,1775879999999,2026-04-11 03:59:59,133349.4984300,3688,4860299,70559.9314700
1775880000000,2026-04-11 04:00:00,0.0144600,0.0146400,0.0142600,0.0143700,10609719,1775894399999,2026-04-11 07:59:59,153647.8611600,3440,4798712,69603.3674000
1775894400000,2026-04-11 08:00:00,0.0143700,0.0144900,0.0142400,0.0143500,7395446,1775908799999,2026-04-11 11:59:59,105972.2630600,2622,3401816,48782.0900300
1775908800000,2026-04-11 12:00:00,0.0143600,0.0146000,0.0141800,0.0145900,10316423,1775923199999,2026-04-11 15:59:59,148165.9981800,3126,6213967,89253.3619700
1775923200000,2026-04-11 16:00:00,0.0145700,0.0149300,0.0143600,0.0148700,16331740,1775937599999,2026-04-11 19:59:59,238911.2050400,4887,8079746,118165.9924300
1775937600000,2026-04-11 20:00:00,0.0148700,0.0149900,0.0146800,0.0149000,16141838,1775951999999,2026-04-11 23:59:59,239301.0206500,4495,8710730,129169.9748200
1775952000000,2026-04-12 00:00:00,0.0148800,0.0149000,0.0142900,0.0143400,14388545,1775966399999,2026-04-12 03:59:59,209277.9792300,3615,6770620,98497.5704300
1775966400000,2026-04-12 04:00:00,0.0143500,0.0145900,0.0142800,0.0144500,8406222,1775980799999,2026-04-12 07:59:59,121338.5160200,2463,4857147,70094.7952200
1775980800000,2026-04-12 08:00:00,0.0144400,0.0146800,0.0144200,0.0144600,8562478,1775995199999,2026-04-12 11:59:59,124466.5761700,3029,4125597,60000.9530600
1775995200000,2026-04-12 12:00:00,0.0144700,0.0145600,0.0142800,0.0143100,12051995,1776009599999,2026-04-12 15:59:59,173528.2363600,3160,6026166,86817.4800400
1776009600000,2026-04-12 16:00:00,0.0143000,0.0144200,0.0142200,0.0142500,7315136,1776023999999,2026-04-12 19:59:59,104673.7235100,2780,3892493,55713.1726500
1776024000000,2026-04-12 20:00:00,0.0142500,0.0142500,0.0137700,0.0137700,12447507,1776038399999,2026-04-12 23:59:59,174800.1902100,3848,4648828,65398.3151300
1776038400000,2026-04-13 00:00:00,0.0137800,0.0140500,0.0137600,0.0139400,8334930,1776052799999,2026-04-13 03:59:59,116262.7520500,4000,4734115,66056.9159500
1776052800000,2026-04-13 04:00:00,0.0139500,0.0140700,0.0137900,0.0139600,18467164,1776067199999,2026-04-13 07:59:59,257499.1261200,3577,9496431,132452.3119000
1776067200000,2026-04-13 08:00:00,0.0139700,0.0142300,0.0139400,0.0140500,11761174,1776081599999,2026-04-13 11:59:59,165862.2528100,3156,5603264,79027.9776100
1776081600000,2026-04-13 12:00:00,0.0140500,0.0143400,0.0138500,0.0140900,29055399,1776095999999,2026-04-13 15:59:59,409416.5709700,5093,14427031,203395.8824700
1776096000000,2026-04-13 16:00:00,0.0140900,0.0144200,0.0140500,0.0143700,13214714,1776110399999,2026-04-13 19:59:59,187356.3734900,3341,7538315,106889.0529000
1776110400000,2026-04-13 20:00:00,0.0143800,0.0146300,0.0142700,0.0144400,13080913,1776124799999,2026-04-13 23:59:59,189041.0674000,4421,6699760,96783.7368000
1776124800000,2026-04-14 00:00:00,0.0144500,0.0147600,0.0143300,0.0147300,15671031,1776139199999,2026-04-14 03:59:59,227373.7375100,3913,9309876,135086.1423400
1776139200000,2026-04-14 04:00:00,0.0147300,0.0148000,0.0143700,0.0143900,13594936,1776153599999,2026-04-14 07:59:59,197673.7184200,3593,6295530,91488.5240400
1776153600000,2026-04-14 08:00:00,0.0143800,0.0145500,0.0142900,0.0143400,5788384,1776167999999,2026-04-14 11:59:59,83423.4677900,2393,2540778,36664.8028000
1776168000000,2026-04-14 12:00:00,0.0143400,0.0146000,0.0142700,0.0144300,14374988,1776182399999,2026-04-14 15:59:59,207326.1529700,3328,8450284,121833.0134100
1776182400000,2026-04-14 16:00:00,0.0144300,0.0144700,0.0139300,0.0140600,12486706,1776196799999,2026-04-14 19:59:59,177265.9165800,3620,5291567,75209.3297100
1776196800000,2026-04-14 20:00:00,0.0140800,0.0141800,0.0139300,0.0140800,5915761,1776211199999,2026-04-14 23:59:59,83185.4613000,8941,3064768,43109.1039200
1776211200000,2026-04-15 00:00:00,0.0140900,0.0143100,0.0140600,0.0141500,8267161,1776225599999,2026-04-15 03:59:59,117045.8719400,2703,4498568,63713.4381300
1776225600000,2026-04-15 04:00:00,0.0141400,0.0142100,0.0139900,0.0141200,9285277,1776239999999,2026-04-15 07:59:59,130953.3069800,5235,4972193,70134.7341100
1776240000000,2026-04-15 08:00:00,0.0141200,0.0153700,0.0140400,0.0152400,176725282,1776254399999,2026-04-15 11:59:59,2648362.9161700,26364,93169718,1395583.0988800
1776254400000,2026-04-15 12:00:00,0.0152400,0.0153300,0.0147300,0.0150200,94294478,1776268799999,2026-04-15 15:59:59,1420766.5218000,17160,49814727,751139.5593400
1776268800000,2026-04-15 16:00:00,0.0150200,0.0156300,0.0150000,0.0155200,62366731,1776283199999,2026-04-15 19:59:59,956489.4891600,13581,31815286,487848.6284700
1776283200000,2026-04-15 20:00:00,0.0155200,0.0158000,0.0152900,0.0155000,57309085,1776297599999,2026-04-15 23:59:59,888239.5694200,13382,31492967,488324.1696100
1776297600000,2026-04-16 00:00:00,0.0155100,0.0161900,0.0154900,0.0157100,34998856,1776311999999,2026-04-16 03:59:59,554692.6484400,9241,17893075,283898.6628100
1776312000000,2026-04-16 04:00:00,0.0157000,0.0161600,0.0155100,0.0159000,57909011,1776326399999,2026-04-16 07:59:59,916487.2819300,13990,27765115,439908.9576700
1776326400000,2026-04-16 08:00:00,0.0159100,0.0163600,0.0156800,0.0161800,58596902,1776340799999,2026-04-16 11:59:59,941761.1641600,11549,29508606,474950.1741500
1776340800000,2026-04-16 12:00:00,0.0161800,0.0165000,0.0157400,0.0160000,38004111,1776355199999,2026-04-16 15:59:59,611904.8340100,7480,16560080,266821.4499600
1776355200000,2026-04-16 16:00:00,0.0160000,0.0163700,0.0158000,0.0162800,32133391,1776369599999,2026-04-16 19:59:59,516463.7194100,5347,14673143,236253.1385700
1776369600000,2026-04-16 20:00:00,0.0162800,0.0163400,0.0159900,0.0162500,14165862,1776383999999,2026-04-16 23:59:59,229330.4651500,5287,6890258,111662.2284600
1776384000000,2026-04-17 00:00:00,0.0162500,0.0163400,0.0160000,0.0162200,16875802,1776398399999,2026-04-17 03:59:59,273139.5465200,4359,8041920,130346.9486300
1776398400000,2026-04-17 04:00:00,0.0162300,0.0165800,0.0158600,0.0165000,20065228,1776412799999,2026-04-17 07:59:59,324950.7669600,5634,9826374,159324.4723200
1776412800000,2026-04-17 08:00:00,0.0165100,0.0172300,0.0163000,0.0171600,40962504,1776427199999,2026-04-17 11:59:59,685883.9856900,13550,20775728,347735.2055900
1776427200000,2026-04-17 12:00:00,0.0171600,0.0174600,0.0167300,0.0168000,31828468,1776441599999,2026-04-17 15:59:59,543469.2611100,12141,14222714,243030.4123100
1776441600000,2026-04-17 16:00:00,0.0167900,0.0171400,0.0165600,0.0166400,17793806,1776455999999,2026-04-17 19:59:59,299811.3374100,10573,7190112,121293.7548400
1776456000000,2026-04-17 20:00:00,0.0166400,0.0168800,0.0165100,0.0166900,11254915,1776470399999,2026-04-17 23:59:59,187659.1826700,8652,5260869,87750.8092900
1776470400000,2026-04-18 00:00:00,0.0166900,0.0169200,0.0166800,0.0167300,12299798,1776484799999,2026-04-18 03:59:59,206640.3072800,4678,6584521,110652.8832400
1776484800000,2026-04-18 04:00:00,0.0167300,0.0173900,0.0166400,0.0171600,17473640,1776499199999,2026-04-18 07:59:59,297551.5396700,9156,9484946,161366.9145300
1776499200000,2026-04-18 08:00:00,0.0171900,0.0173400,0.0163100,0.0164600,27623347,1776513599999,2026-04-18 11:59:59,467331.7221200,9014,12233760,207259.5562400
1776513600000,2026-04-18 12:00:00,0.0164700,0.0166000,0.0162000,0.0165200,13691125,1776527999999,2026-04-18 15:59:59,224312.1142000,5334,6739792,110497.2400500
1776528000000,2026-04-18 16:00:00,0.0165100,0.0166500,0.0160900,0.0161300,11461121,1776542399999,2026-04-18 19:59:59,188275.3577300,7049,6014887,98910.6303700
1776542400000,2026-04-18 20:00:00,0.0161400,0.0162500,0.0159500,0.0159500,7823878,1776556799999,2026-04-18 23:59:59,126058.9136500,3595,3423388,55233.1469100
1776556800000,2026-04-19 00:00:00,0.0159500,0.0159600,0.0153100,0.0155000,15814470,1776571199999,2026-04-19 03:59:59,246559.9662300,5313,7080258,110275.7443400
1776571200000,2026-04-19 04:00:00,0.0155100,0.0157200,0.0153600,0.0156000,11185260,1776585599999,2026-04-19 07:59:59,173731.2209700,3563,6027502,93663.4556100
1776585600000,2026-04-19 08:00:00,0.0155900,0.0162000,0.0152300,0.0160700,62046300,1776599999999,2026-04-19 11:59:59,976168.9360300,11576,30445297,479301.7915900
1776600000000,2026-04-19 12:00:00,0.0160600,0.0161800,0.0156700,0.0159300,28077673,1776614399999,2026-04-19 15:59:59,446276.8623700,6272,12696795,201859.0035600
1776614400000,2026-04-19 16:00:00,0.0159300,0.0159300,0.0154400,0.0156300,20722653,1776628799999,2026-04-19 19:59:59,325311.5377000,4466,9781881,153699.9051900
1776628800000,2026-04-19 20:00:00,0.0156200,0.0157500,0.0150700,0.0151000,18797320,1776643199999,2026-04-19 23:59:59,289670.6542200,4903,8136015,125720.2229700
1776643200000,2026-04-20 00:00:00,0.0151100,0.0153100,0.0150500,0.0152900,13559144,1776657599999,2026-04-20 03:59:59,206275.3798600,3502,6701650,101994.9353500
1776657600000,2026-04-20 04:00:00,0.0152900,0.0155200,0.0152300,0.0154100,14391957,1776671999999,2026-04-20 07:59:59,221301.0861300,8225,7034084,108180.3107700
1776672000000,2026-04-20 08:00:00,0.0154100,0.0158900,0.0153400,0.0157900,11304746,1776686399999,2026-04-20 11:59:59,176451.7636800,7642,5612408,87471.4321100
1776686400000,2026-04-20 12:00:00,0.0158000,0.0159700,0.0153900,0.0155900,20689002,1776700799999,2026-04-20 15:59:59,323901.6183900,4920,8172662,128122.4060400
1776700800000,2026-04-20 16:00:00,0.0155900,0.0157300,0.0154000,0.0156400,7086523,1776715199999,2026-04-20 19:59:59,110350.2712900,2529,3334025,51944.9894900
1776715200000,2026-04-20 20:00:00,0.0156400,0.0157400,0.0155400,0.0156500,7857130,1776729599999,2026-04-20 23:59:59,122816.8572900,2818,3889998,60823.6993700
1776729600000,2026-04-21 00:00:00,0.0156500,0.0160400,0.0155700,0.0158700,15123537,1776743999999,2026-04-21 03:59:59,239924.4795400,4612,8038467,127411.3340100
1776744000000,2026-04-21 04:00:00,0.0158700,0.0159800,0.0153700,0.0153800,28520718,1776758399999,2026-04-21 07:59:59,447283.6101300,5684,13507203,211606.2399900
1776758400000,2026-04-21 08:00:00,0.0153700,0.0155400,0.0152600,0.0153400,14202460,1776772799999,2026-04-21 11:59:59,218666.4166800,4972,6970457,107288.1928700
1776772800000,2026-04-21 12:00:00,0.0153300,0.0153700,0.0151100,0.0152900,9790550,1776787199999,2026-04-21 15:59:59,149278.3341200,3487,4691871,71514.4779400
1776787200000,2026-04-21 16:00:00,0.0152900,0.0153500,0.0149800,0.0150400,11084190,1776801599999,2026-04-21 19:59:59,168193.1769600,4239,4876145,74053.5805800
1776801600000,2026-04-21 20:00:00,0.0150400,0.0153500,0.0150300,0.0152500,5080490,1776815999999,2026-04-21 23:59:59,77273.8106900,2528,2554319,38808.3581500
1776816000000,2026-04-22 00:00:00,0.0152500,0.0156100,0.0152400,0.0155900,8707540,1776830399999,2026-04-22 03:59:59,134157.3717000,3358,4937381,76060.2802000
1776830400000,2026-04-22 04:00:00,0.0155900,0.0157600,0.0155000,0.0156400,8493566,1776844799999,2026-04-22 07:59:59,132804.1951200,2979,3698840,57804.8443000
1776844800000,2026-04-22 08:00:00,0.0156300,0.0156300,0.0154100,0.0155200,7617067,1776859199999,2026-04-22 11:59:59,118126.6852600,3292,3650372,56621.5305900
1776859200000,2026-04-22 12:00:00,0.0155200,0.0155600,0.0153500,0.0154500,11465663,1776873599999,2026-04-22 15:59:59,177203.5944100,2521,4197994,64892.7297800
1776873600000,2026-04-22 16:00:00,0.0154600,0.0157300,0.0154300,0.0155700,7230182,1776887999999,2026-04-22 19:59:59,112669.5366000,5456,3404641,53081.8342100
1776888000000,2026-04-22 20:00:00,0.0155700,0.0155700,0.0150600,0.0151100,7095645,1776902399999,2026-04-22 23:59:59,108778.0713000,8946,3043116,46684.5796200
1776902400000,2026-04-23 00:00:00,0.0151000,0.0152600,0.0147900,0.0148300,11704950,1776916799999,2026-04-23 03:59:59,175410.1381900,5005,5123937,76748.9233200
1776916800000,2026-04-23 04:00:00,0.0148300,0.0149900,0.0147800,0.0148800,7762362,1776931199999,2026-04-23 07:59:59,115760.4032800,9502,3123088,46575.5606900
1776931200000,2026-04-23 08:00:00,0.0148800,0.0163700,0.0148500,0.0162600,199354613,1776945599999,2026-04-23 11:59:59,3166487.6766600,38065,106739808,1694478.4278400
1776945600000,2026-04-23 12:00:00,0.0162500,0.0173700,0.0159200,0.0167600,201827091,1776959999999,2026-04-23 15:59:59,3359591.2596700,36132,103373854,1718670.6593500
1776960000000,2026-04-23 16:00:00,0.0167600,0.0168000,0.0159500,0.0160300,82389439,1776974399999,2026-04-23 19:59:59,1349037.2915100,14901,36341372,595735.0636100
1776974400000,2026-04-23 20:00:00,0.0160400,0.0163300,0.0158200,0.0162400,32369531,1776988799999,2026-04-23 23:59:59,518486.0315100,7563,16064831,257439.2078500
1776988800000,2026-04-24 00:00:00,0.0162400,0.0163300,0.0159400,0.0162000,21887721,1777003199999,2026-04-24 03:59:59,352846.5741000,6760,10989242,177205.1209500
1777003200000,2026-04-24 04:00:00,0.0162000,0.0162700,0.0158300,0.0159500,22592239,1777017599999,2026-04-24 07:59:59,361853.2814400,6267,10955868,175640.4231200
1777017600000,2026-04-24 08:00:00,0.0159400,0.0161500,0.0158400,0.0158900,14918937,1777031999999,2026-04-24 11:59:59,238236.1779900,5397,7156227,114310.3244200
1777032000000,2026-04-24 12:00:00,0.0158900,0.0163400,0.0158400,0.0162900,22326874,1777046399999,2026-04-24 15:59:59,359124.2970600,5932,10632697,170982.2449100
1777046400000,2026-04-24 16:00:00,0.0162900,0.0165600,0.0159500,0.0165400,29833745,1777060799999,2026-04-24 19:59:59,484555.5506800,7235,14209543,230794.1898300
1777060800000,2026-04-24 20:00:00,0.0165400,0.0166200,0.0162300,0.0163200,13788511,1777075199999,2026-04-24 23:59:59,225939.9277700,4439,6023754,98705.8115700
1777075200000,2026-04-25 00:00:00,0.0163200,0.0166100,0.0162500,0.0165000,10897400,1777089599999,2026-04-25 03:59:59,179231.9050900,4610,5712150,93903.0507100
1777089600000,2026-04-25 04:00:00,0.0164900,0.0165400,0.0161900,0.0163300,13437336,1777103999999,2026-04-25 07:59:59,220254.2083600,6544,6232747,102250.8573300
1777104000000,2026-04-25 08:00:00,0.0163300,0.0164500,0.0160100,0.0161300,14082804,1777118399999,2026-04-25 11:59:59,227803.9439900,6022,5814771,94147.4367100
1777118400000,2026-04-25 12:00:00,0.0161300,0.0163700,0.0160000,0.0160500,13812052,1777132799999,2026-04-25 15:59:59,223374.1691700,4525,7129963,115382.5403100
1777132800000,2026-04-25 16:00:00,0.0160500,0.0161200,0.0157800,0.0159500,15375674,1777147199999,2026-04-25 19:59:59,245148.4740700,5115,7355287,117374.2867800
1777147200000,2026-04-25 20:00:00,0.0159500,0.0159900,0.0158200,0.0159100,5609431,1777161599999,2026-04-25 23:59:59,89307.9802300,2409,2479594,39516.6199900
1777161600000,2026-04-26 00:00:00,0.0159100,0.0159200,0.0156700,0.0158900,8802230,1777175999999,2026-04-26 03:59:59,138902.6813800,4096,4298741,67862.8056300
1777176000000,2026-04-26 04:00:00,0.0159000,0.0163000,0.0158400,0.0161400,13658463,1777190399999,2026-04-26 07:59:59,219835.7210600,4636,6753705,108652.5596100
1777190400000,2026-04-26 08:00:00,0.0161300,0.0163700,0.0161000,0.0162600,9345717,1777204799999,2026-04-26 11:59:59,151584.9569200,3763,4664798,75668.6717300
1777204800000,2026-04-26 12:00:00,0.0162700,0.0162700,0.0159500,0.0160900,7515241,1777219199999,2026-04-26 15:59:59,120905.4051400,2907,3406950,54836.0064100
1777219200000,2026-04-26 16:00:00,0.0160900,0.0161000,0.0158600,0.0159900,7038150,1777233599999,2026-04-26 19:59:59,112443.9296400,3567,2488717,39769.4862800
1777233600000,2026-04-26 20:00:00,0.0160000,0.0161400,0.0159100,0.0160500,4574350,1777247999999,2026-04-26 23:59:59,73337.7555200,2083,2301303,36910.8286200
1777248000000,2026-04-27 00:00:00,0.0160600,0.0163100,0.0159600,0.0161900,9836072,1777262399999,2026-04-27 03:59:59,158866.5299100,3224,4901832,79193.5397500
1777262400000,2026-04-27 04:00:00,0.0161900,0.0163200,0.0153600,0.0155900,21776433,1777276799999,2026-04-27 07:59:59,342754.6906400,4927,9242521,145719.4845900
1777276800000,2026-04-27 08:00:00,0.0155900,0.0157100,0.0154500,0.0156600,6793916,1777291199999,2026-04-27 11:59:59,106145.3619600,2809,2795288,43684.9594000
1777291200000,2026-04-27 12:00:00,0.0156700,0.0156900,0.0152600,0.0153400,9066889,1777305599999,2026-04-27 15:59:59,140649.5063600,2818,4023339,62402.8200700
1777305600000,2026-04-27 16:00:00,0.0153200,0.0154800,0.0152600,0.0153700,6543798,1777319999999,2026-04-27 19:59:59,100635.1416600,4904,3731803,57415.4081200
1777320000000,2026-04-27 20:00:00,0.0153700,0.0155100,0.0153700,0.0154600,4494187,1777334399999,2026-04-27 23:59:59,69451.6243800,2775,1838257,28403.9495300
1777334400000,2026-04-28 00:00:00,0.0154600,0.0156200,0.0154500,0.0155900,4698571,1777348799999,2026-04-28 03:59:59,72917.8643000,2485,2265494,35169.6088800
1777348800000,2026-04-28 04:00:00,0.0156000,0.0156600,0.0154400,0.0155400,6596799,1777363199999,2026-04-28 07:59:59,102683.2711000,2822,3328143,51823.5779100
1777363200000,2026-04-28 08:00:00,0.0155200,0.0156800,0.0154500,0.0154900,6765209,1777377599999,2026-04-28 11:59:59,105250.5243800,2984,3350803,52153.4916700
1777377600000,2026-04-28 12:00:00,0.0155000,0.0156800,0.0154500,0.0155600,8567980,1777391999999,2026-04-28 15:59:59,133547.4733700,2802,4498490,70090.7799500
1777392000000,2026-04-28 16:00:00,0.0155700,0.0159000,0.0155200,0.0158300,7597050,1777406399999,2026-04-28 19:59:59,119433.8136200,3732,3687240,57881.4531400
1777406400000,2026-04-28 20:00:00,0.0158300,0.0158500,0.0156400,0.0158300,8705879,1777420799999,2026-04-28 23:59:59,137062.1249100,2770,4850822,76405.8097800
1777420800000,2026-04-29 00:00:00,0.0158200,0.0158800,0.0156700,0.0158400,5133360,1777435199999,2026-04-29 03:59:59,81008.0047600,2414,2727491,43059.1648400
1777435200000,2026-04-29 04:00:00,0.0158300,0.0159900,0.0157800,0.0157900,6597907,1777449599999,2026-04-29 07:59:59,104690.0927200,2564,3112411,49422.0083300
1777449600000,2026-04-29 08:00:00,0.0157800,0.0158400,0.0156500,0.0157100,6657250,1777463999999,2026-04-29 11:59:59,104756.0160900,2905,3467200,54586.4393700
1777464000000,2026-04-29 12:00:00,0.0157200,0.0160100,0.0155400,0.0156100,19170537,1777478399999,2026-04-29 15:59:59,302694.8449500,4854,10389697,164112.0321200
1777478400000,2026-04-29 16:00:00,0.0156000,0.0157200,0.0150400,0.0153300,16678807,1777492799999,2026-04-29 19:59:59,256254.6089600,5053,7039601,108362.2670800
1777492800000,2026-04-29 20:00:00,0.0153400,0.0155600,0.0152900,0.0153600,7363413,1777507199999,2026-04-29 23:59:59,113503.3028900,2804,3048515,47018.9416800
1777507200000,2026-04-30 00:00:00,0.0153600,0.0155400,0.0151600,0.0152800,9743792,1777521599999,2026-04-30 03:59:59,149582.9328000,2992,4011568,61532.6281200
1777521600000,2026-04-30 04:00:00,0.0152900,0.0152900,0.0150500,0.0151300,9788206,1777535999999,2026-04-30 07:59:59,148288.3294700,3328,4815818,73034.7557600
1777536000000,2026-04-30 08:00:00,0.0151400,0.0153500,0.0150200,0.0150800,7533782,1777550399999,2026-04-30 11:59:59,114252.4020400,2704,3570805,54163.7288000
1777550400000,2026-04-30 12:00:00,0.0150800,0.0152400,0.0149700,0.0152400,7056363,1777564799999,2026-04-30 15:59:59,106200.0708500,2779,3692749,55627.4687100
1777564800000,2026-04-30 16:00:00,0.0152400,0.0152600,0.0150100,0.0150700,8081718,1777579199999,2026-04-30 19:59:59,122217.7181700,2429,3095042,46814.4498100
1777579200000,2026-04-30 20:00:00,0.0150600,0.0151300,0.0149200,0.0149700,4125279,1777593599999,2026-04-30 23:59:59,62035.0682600,2187,2008714,30212.0658500
1777593600000,2026-05-01 00:00:00,0.0149700,0.0152300,0.0149400,0.0150900,6612839,1777607999999,2026-05-01 03:59:59,99763.7379700,2745,2640101,39859.1827600
1777608000000,2026-05-01 04:00:00,0.0150900,0.0161000,0.0150500,0.0158100,152079385,1777622399999,2026-05-01 07:59:59,2394886.2700600,24224,79611487,1253724.3173300
1777622400000,2026-05-01 08:00:00,0.0158100,0.0161200,0.0158000,0.0158600,65353249,1777636799999,2026-05-01 11:59:59,1043246.1713000,13273,35752694,570921.8285000
1777636800000,2026-05-01 12:00:00,0.0158500,0.0163500,0.0157600,0.0160900,96365591,1777651199999,2026-05-01 15:59:59,1549827.8227900,17244,56369126,906901.0443800
1777651200000,2026-05-01 16:00:00,0.0161000,0.0163800,0.0154500,0.0155300,89699200,1777665599999,2026-05-01 19:59:59,1422905.9096600,14682,44558430,708806.4590900
1777665600000,2026-05-01 20:00:00,0.0155400,0.0155600,0.0153200,0.0153600,21067725,1777679999999,2026-05-01 23:59:59,325265.2702600,6268,7477312,115494.2614100
1777680000000,2026-05-02 00:00:00,0.0153700,0.0155600,0.0152300,0.0153300,12815289,1777694399999,2026-05-02 03:59:59,196978.6795400,5546,6333834,97413.2790800
1777694400000,2026-05-02 04:00:00,0.0153400,0.0155300,0.0151100,0.0154700,13871726,1777708799999,2026-05-02 07:59:59,212170.5047200,4922,7551595,115706.0079300
1777708800000,2026-05-02 08:00:00,0.0154900,0.0155600,0.0151900,0.0153600,15243545,1777723199999,2026-05-02 11:59:59,234088.0984900,4279,6964099,107035.6183600
1777723200000,2026-05-02 12:00:00,0.0153600,0.0155000,0.0151600,0.0153500,17678576,1777737599999,2026-05-02 15:59:59,271259.2800600,6017,8299302,127443.3073600
1777737600000,2026-05-02 16:00:00,0.0153600,0.0154600,0.0152200,0.0154400,17149681,1777751999999,2026-05-02 19:59:59,263279.1933100,4867,9146762,140451.8757600
1777752000000,2026-05-02 20:00:00,0.0154400,0.0154700,0.0152700,0.0153100,8214585,1777766399999,2026-05-02 23:59:59,126468.1601700,3268,3251359,50090.4979900
1777766400000,2026-05-03 00:00:00,0.0153100,0.0153200,0.0150200,0.0150800,7624217,1777780799999,2026-05-03 03:59:59,115543.7471900,3320,3656977,55437.5243200
1777780800000,2026-05-03 04:00:00,0.0151000,0.0152000,0.0149800,0.0150400,9998713,1777795199999,2026-05-03 07:59:59,150925.2928700,4586,3696358,55830.1418700
1777795200000,2026-05-03 08:00:00,0.0150600,0.0152400,0.0150000,0.0150300,12145382,1777809599999,2026-05-03 11:59:59,183489.6868900,4166,5877698,88781.9426900
1777809600000,2026-05-03 12:00:00,0.0150200,0.0174300,0.0150200,0.0152400,438746341,1777823999999,2026-05-03 15:59:59,7019144.9151800,84093,217387044,3474624.2825300
1777824000000,2026-05-03 16:00:00,0.0152500,0.0154400,0.0152100,0.0152700,49664516,1777838399999,2026-05-03 19:59:59,761878.0299400,12477,25282552,387914.1096400
1777838400000,2026-05-03 20:00:00,0.0152800,0.0154200,0.0151900,0.0153500,15818446,1777852799999,2026-05-03 23:59:59,242292.9472800,6542,7940732,121635.1199600
1777852800000,2026-05-04 00:00:00,0.0153500,0.0156800,0.0150800,0.0156200,19772359,1777867199999,2026-05-04 03:59:59,305137.1376700,8015,8882333,137303.2706200
1777867200000,2026-05-04 04:00:00,0.0156400,0.0157200,0.0153900,0.0154300,26015370,1777881599999,2026-05-04 07:59:59,404511.9018700,6674,11792843,183502.6803100
1777881600000,2026-05-04 08:00:00,0.0154300,0.0163400,0.0152800,0.0153800,153946450,1777895999999,2026-05-04 11:59:59,2432760.6762600,25553,76918650,1214800.8187200
1777896000000,2026-05-04 12:00:00,0.0153900,0.0158600,0.0153600,0.0157700,40835399,1777910399999,2026-05-04 15:59:59,639274.8078300,10016,18365021,287506.2270200
1777910400000,2026-05-04 16:00:00,0.0157700,0.0159000,0.0155400,0.0155600,20355596,1777924799999,2026-05-04 19:59:59,320085.9318200,6102,9179140,144439.1716000
1777924800000,2026-05-04 20:00:00,0.0155500,0.0156300,0.0153600,0.0154300,13944221,1777939199999,2026-05-04 23:59:59,215901.4792100,6054,6665219,103211.9613000
1777939200000,2026-05-05 00:00:00,0.0154300,0.0157100,0.0154000,0.0156400,27359062,1777953599999,2026-05-05 03:59:59,426450.5305300,6575,13351858,208154.6340300
1777953600000,2026-05-05 04:00:00,0.0156400,0.0157200,0.0155200,0.0156200,13523057,1777967999999,2026-05-05 07:59:59,211230.3427900,5205,6084466,95068.2029300
1777968000000,2026-05-05 08:00:00,0.0156200,0.0156200,0.0153900,0.0155000,14121584,1777982399999,2026-05-05 11:59:59,218641.0609600,4440,6378307,98755.9294600
1777982400000,2026-05-05 12:00:00,0.0155000,0.0155200,0.0152100,0.0152500,18112158,1777996799999,2026-05-05 15:59:59,278387.7172500,9347,8565156,131717.2782700
1777996800000,2026-05-05 16:00:00,0.0152500,0.0152600,0.0151000,0.0151100,18857445,1778011199999,2026-05-05 19:59:59,286304.1683400,5141,9611210,145945.6326300
1778011200000,2026-05-05 20:00:00,0.0151000,0.0153500,0.0151000,0.0151800,12886558,1778025599999,2026-05-05 23:59:59,196058.2671400,4617,6297938,95887.9926800
1778025600000,2026-05-06 00:00:00,0.0151700,0.0155000,0.0150600,0.0154600,10701755,1778039999999,2026-05-06 03:59:59,163544.5701900,5312,5280703,80766.8545700
1778040000000,2026-05-06 04:00:00,0.0154600,0.0155000,0.0151500,0.0154000,20541987,1778054399999,2026-05-06 07:59:59,315324.7216700,6254,10844023,166515.1456000
1778054400000,2026-05-06 08:00:00,0.0154100,0.0157700,0.0154100,0.0155100,19269260,1778068799999,2026-05-06 11:59:59,300902.0296000,5741,7975430,124504.1665400
1778068800000,2026-05-06 12:00:00,0.0155200,0.0156400,0.0152300,0.0154700,19737780,1778083199999,2026-05-06 15:59:59,305068.0480400,5988,9955521,153942.5822100
1778083200000,2026-05-06 16:00:00,0.0154600,0.0156000,0.0153200,0.0154100,11805807,1778097599999,2026-05-06 19:59:59,182609.1020600,8359,5164331,79923.0940500
1778097600000,2026-05-06 20:00:00,0.0154200,0.0155900,0.0153300,0.0154800,8454524,1778111999999,2026-05-06 23:59:59,130756.6921900,4036,4212376,65166.5820300
1778112000000,2026-05-07 00:00:00,0.0154700,0.0154900,0.0151700,0.0152100,12802110,1778126399999,2026-05-07 03:59:59,195867.1691900,4539,6048569,92591.2629000
1778126400000,2026-05-07 04:00:00,0.0152100,0.0157600,0.0151700,0.0156600,18559913,1778140799999,2026-05-07 07:59:59,288625.3469800,6827,9665138,150239.1631100
1778140800000,2026-05-07 08:00:00,0.0156600,0.0157000,0.0153600,0.0155500,16193608,1778155199999,2026-05-07 11:59:59,251621.7851800,5261,7212525,112118.6487900
1778155200000,2026-05-07 12:00:00,0.0155500,0.0157400,0.0152600,0.0153900,14983095,1778169599999,2026-05-07 15:59:59,232510.8052100,4902,7344961,114094.3851500
1778169600000,2026-05-07 16:00:00,0.0154000,0.0157800,0.0153000,0.0157100,16266575,1778183999999,2026-05-07 19:59:59,253397.1302600,6193,7673502,119580.6998200
1778184000000,2026-05-07 20:00:00,0.0157300,0.0158800,0.0155000,0.0156400,11544213,1778198399999,2026-05-07 23:59:59,180758.9880600,4412,5725183,89679.8612300
1778198400000,2026-05-08 00:00:00,0.0156500,0.0157200,0.0154200,0.0155500,9608138,1778212799999,2026-05-08 03:59:59,149675.4789600,3953,4458910,69507.6793600
1778212800000,2026-05-08 04:00:00,0.0155500,0.0157500,0.0154400,0.0155300,11738906,1778227199999,2026-05-08 07:59:59,182906.8443100,3821,5756818,89752.7697500
1778227200000,2026-05-08 08:00:00,0.0155200,0.0157400,0.0154900,0.0157000,11345975,1778241599999,2026-05-08 11:59:59,177160.7395300,3659,6304177,98523.4690600
1778241600000,2026-05-08 12:00:00,0.0157100,0.0158800,0.0156100,0.0158400,13415673,1778255999999,2026-05-08 15:59:59,211224.9569000,5594,6715287,105778.1793300
1778256000000,2026-05-08 16:00:00,0.0158500,0.0160900,0.0158200,0.0160300,12768483,1778270399999,2026-05-08 19:59:59,203756.7781700,4078,6928743,110576.8109100
1778270400000,2026-05-08 20:00:00,0.0160300,0.0161700,0.0159800,0.0160600,9515432,1778284799999,2026-05-08 23:59:59,152890.7625200,2885,4202155,67560.0009300
1778284800000,2026-05-09 00:00:00,0.0160800,0.0164800,0.0160600,0.0163300,12849749,1778299199999,2026-05-09 03:59:59,209765.1719400,4597,6916911,112879.3212800
1778299200000,2026-05-09 04:00:00,0.0163500,0.0165600,0.0162700,0.0163200,13698637,1778313599999,2026-05-09 07:59:59,224328.0535800,4320,6423628,105206.6156800
1778313600000,2026-05-09 08:00:00,0.0163200,0.0165900,0.0161700,0.0163500,17478492,1778327999999,2026-05-09 11:59:59,286390.4955800,6400,8605556,141125.2461700
1778328000000,2026-05-09 12:00:00,0.0163500,0.0163700,0.0160500,0.0161300,15224980,1778342399999,2026-05-09 15:59:59,246459.4218600,7102,6530214,105737.0477900
1778342400000,2026-05-09 16:00:00,0.0161200,0.0163500,0.0160600,0.0162700,11226078,1778356799999,2026-05-09 19:59:59,182007.0932900,3524,5877375,95290.9383400
1778356800000,2026-05-09 20:00:00,0.0162900,0.0162900,0.0160100,0.0160700,8748567,1778371199999,2026-05-09 23:59:59,141509.3562500,2851,3829831,62017.9538500
1778371200000,2026-05-10 00:00:00,0.0160600,0.0160800,0.0157900,0.0160200,10776471,1778385599999,2026-05-10 03:59:59,171935.2167500,4326,4877821,77892.3045000
1778385600000,2026-05-10 04:00:00,0.0160200,0.0162300,0.0159800,0.0161300,10643218,1778399999999,2026-05-10 07:59:59,171233.5325700,4779,5771475,92872.7557700
1778400000000,2026-05-10 08:00:00,0.0161300,0.0162900,0.0160900,0.0162000,11672354,1778414399999,2026-05-10 11:59:59,189210.6839000,3753,6023702,97667.6214200
1778414400000,2026-05-10 12:00:00,0.0161900,0.0164200,0.0161300,0.0164000,11210434,1778428799999,2026-05-10 15:59:59,182400.1879000,6649,5641376,91834.6652200
1778428800000,2026-05-10 16:00:00,0.0164000,0.0169000,0.0163700,0.0167800,22580391,1778443199999,2026-05-10 19:59:59,376159.3171100,14894,11286613,188190.3541300
1778443200000,2026-05-10 20:00:00,0.0167800,0.0168700,0.0162400,0.0166000,20743456,1778457599999,2026-05-10 23:59:59,343606.6373200,15084,9426691,156105.4328600
1778457600000,2026-05-11 00:00:00,0.0166000,0.0166700,0.0161400,0.0162900,16318761,1778471999999,2026-05-11 03:59:59,268424.4506800,9618,6458548,106307.7021800
1778472000000,2026-05-11 04:00:00,0.0162900,0.0164800,0.0161900,0.0162500,18292794,1778486399999,2026-05-11 07:59:59,298762.4363900,5833,8564554,139934.3676500
1778486400000,2026-05-11 08:00:00,0.0162400,0.0166400,0.0161700,0.0165400,13434448,1778500799999,2026-05-11 11:59:59,221010.8750000,4676,6557112,107954.9047400
1778500800000,2026-05-11 12:00:00,0.0165500,0.0165700,0.0162800,0.0164500,11769917,1778515199999,2026-05-11 15:59:59,193250.4749000,4498,5511141,90494.5442300
1778515200000,2026-05-11 16:00:00,0.0164500,0.0167800,0.0164400,0.0166700,16283531,1778529599999,2026-05-11 19:59:59,270351.7715400,5939,8659646,143729.3512100
1778529600000,2026-05-11 20:00:00,0.0166700,0.0170600,0.0166000,0.0170000,21996111,1778543999999,2026-05-11 23:59:59,370977.6052800,12052,11683582,196895.3875500
1778544000000,2026-05-12 00:00:00,0.0170000,0.0171200,0.0164800,0.0166100,21080392,1778558399999,2026-05-12 03:59:59,354037.3232700,7196,9930669,166770.6888800
1778558400000,2026-05-12 04:00:00,0.0166200,0.0169700,0.0165500,0.0168200,24740305,1778572799999,2026-05-12 07:59:59,415255.1291100,6841,10210561,171510.2992600
1778572800000,2026-05-12 08:00:00,0.0168300,0.0178700,0.0167200,0.0178100,162076762,1778587199999,2026-05-12 11:59:59,2840648.0053000,37558,86254795,1511796.7387300
1778587200000,2026-05-12 12:00:00,0.0178000,0.0179500,0.0166800,0.0167800,142945242,1778601599999,2026-05-12 15:59:59,2491034.4982300,27112,68175090,1190558.4461200
1778601600000,2026-05-12 16:00:00,0.0167800,0.0170000,0.0165300,0.0165800,35883690,1778615999999,2026-05-12 19:59:59,601049.0930000,12735,16592521,278309.8162400
1778616000000,2026-05-12 20:00:00,0.0165900,0.0168700,0.0163900,0.0165200,23359261,1778630399999,2026-05-12 23:59:59,387874.7319300,7941,10253954,170568.9731800
1778630400000,2026-05-13 00:00:00,0.0165200,0.0167500,0.0164700,0.0165400,14618459,1778644799999,2026-05-13 03:59:59,242573.6563600,5510,6919383,114841.7930900
1778644800000,2026-05-13 04:00:00,0.0165400,0.0167500,0.0164400,0.0166000,15755996,1778659199999,2026-05-13 07:59:59,261302.0744700,5772,7865775,130483.4977100
1778659200000,2026-05-13 08:00:00,0.0166100,0.0168100,0.0164600,0.0165200,18155484,1778673599999,2026-05-13 11:59:59,301946.6443900,6524,8618284,143366.0566100
1778673600000,2026-05-13 12:00:00,0.0165200,0.0166000,0.0153300,0.0153700,57733974,1778687999999,2026-05-13 15:59:59,919633.3960700,13345,25164089,401054.4574500
1778688000000,2026-05-13 16:00:00,0.0153700,0.0158600,0.0153400,0.0156400,16714402,1778702399999,2026-05-13 19:59:59,261588.2458200,5119,7764589,121500.8839200
1778702400000,2026-05-13 20:00:00,0.0156300,0.0157500,0.0154600,0.0156500,12740814,1778716799999,2026-05-13 23:59:59,198927.2325600,4634,5596339,87415.7263600
1778716800000,2026-05-14 00:00:00,0.0156400,0.0157600,0.0152000,0.0152400,14329522,1778731199999,2026-05-14 03:59:59,222477.2684700,4324,6951141,108154.1029400
1778731200000,2026-05-14 04:00:00,0.0152400,0.0155100,0.0151900,0.0153000,10140751,1778745599999,2026-05-14 07:59:59,155883.9960400,3822,5103015,78429.3261700
1778745600000,2026-05-14 08:00:00,0.0153100,0.0154600,0.0152300,0.0153200,10628723,1778759999999,2026-05-14 11:59:59,162913.1355700,3523,5174437,79337.0821600
1778760000000,2026-05-14 12:00:00,0.0153200,0.0158600,0.0152700,0.0158300,16199776,1778774399999,2026-05-14 15:59:59,252170.2241300,4409,8535343,132815.8066600
1778774400000,2026-05-14 16:00:00,0.0158300,0.0159000,0.0156600,0.0158000,15241813,1778788799999,2026-05-14 19:59:59,240343.1576200,4284,7149986,112782.8278700
1778788800000,2026-05-14 20:00:00,0.0158000,0.0159500,0.0155800,0.0156200,14001500,1778803199999,2026-05-14 23:59:59,221390.8467300,3893,5372254,84929.5763200
1778803200000,2026-05-15 00:00:00,0.0156100,0.0158100,0.0155300,0.0157100,13038904,1778817599999,2026-05-15 03:59:59,204531.4951400,3427,6184070,97050.7085400
1778817600000,2026-05-15 04:00:00,0.0157100,0.0157100,0.0151400,0.0153400,14460208,1778831999999,2026-05-15 07:59:59,222498.6687900,4162,6049123,93049.4621500
1778832000000,2026-05-15 08:00:00,0.0153400,0.0154400,0.0151900,0.0153600,10125556,1778846399999,2026-05-15 11:59:59,155283.4500400,3240,5146675,78959.2607800
1778846400000,2026-05-15 12:00:00,0.0153500,0.0153900,0.0143800,0.0145700,34956658,1778860799999,2026-05-15 15:59:59,515074.7794600,6796,14509738,213880.3628800
1778860800000,2026-05-15 16:00:00,0.0145700,0.0148300,0.0145200,0.0147300,9899734,1778875199999,2026-05-15 19:59:59,145624.1101800,3584,4806824,70742.4061800
1778875200000,2026-05-15 20:00:00,0.0147200,0.0148500,0.0146300,0.0148400,9142607,1778889599999,2026-05-15 23:59:59,134875.7541900,2731,4050280,59743.1975500
1778889600000,2026-05-16 00:00:00,0.0148400,0.0149700,0.0147600,0.0148200,8162001,1778903999999,2026-05-16 03:59:59,121211.1696400,3240,3777792,56093.3325000
1778904000000,2026-05-16 04:00:00,0.0148100,0.0148100,0.0140100,0.0141900,22479828,1778918399999,2026-05-16 07:59:59,323487.1307900,6584,8780398,126281.6332800
1778918400000,2026-05-16 08:00:00,0.0141900,0.0142800,0.0138000,0.0141600,22179912,1778932799999,2026-05-16 11:59:59,311631.4091000,5642,10095373,141971.8300700
1778932800000,2026-05-16 12:00:00,0.0141600,0.0143900,0.0141300,0.0143200,8023830,1778947199999,2026-05-16 15:59:59,114122.5558300,3251,4493175,63921.5193800
1778947200000,2026-05-16 16:00:00,0.0143100,0.0143900,0.0142700,0.0142700,5226541,1778961599999,2026-05-16 19:59:59,74859.2505400,2229,2524597,36159.9580100
1778961600000,2026-05-16 20:00:00,0.0142800,0.0143100,0.0141400,0.0141500,7125014,1778975999999,2026-05-16 23:59:59,101270.9937800,2402,3370101,47895.1506500
1778976000000,2026-05-17 00:00:00,0.0141600,0.0143600,0.0139600,0.0143400,8849685,1778990399999,2026-05-17 03:59:59,124898.0297800,3293,4661078,65831.4442500
1778990400000,2026-05-17 04:00:00,0.0143400,0.0144500,0.0142800,0.0143900,7758604,1779004799999,2026-05-17 07:59:59,111468.2129400,3019,2988670,42925.0204800
1779004800000,2026-05-17 08:00:00,0.0143900,0.0144000,0.0141300,0.0141500,11729562,1779019199999,2026-05-17 11:59:59,167333.5223400,4078,4382589,62568.6539100
1779019200000,2026-05-17 12:00:00,0.0141600,0.0142400,0.0140100,0.0141700,12789618,1779033599999,2026-05-17 15:59:59,180994.1953100,4126,7236605,102443.0285000
1779033600000,2026-05-17 16:00:00,0.0141700,0.0142200,0.0139600,0.0140600,10882925,1779047999999,2026-05-17 19:59:59,153417.1519000,3459,5090088,71724.4759200
1779048000000,2026-05-17 20:00:00,0.0140600,0.0141200,0.0131500,0.0136700,26664234,1779062399999,2026-05-17 23:59:59,365931.6360600,5871,10437359,143447.0934300
1779062400000,2026-05-18 00:00:00,0.0136800,0.0139400,0.0135100,0.0138400,14548363,1779076799999,2026-05-18 03:59:59,199695.4866000,4596,8217058,112939.8439600
1779076800000,2026-05-18 04:00:00,0.0138400,0.0139600,0.0136700,0.0137200,11539685,1779091199999,2026-05-18 07:59:59,159475.6566100,3787,4939423,68276.1446800
1779091200000,2026-05-18 08:00:00,0.0137100,0.0138100,0.0135200,0.0137400,9081289,1779105599999,2026-05-18 11:59:59,123977.4060300,3166,4391228,59951.1567800
1779105600000,2026-05-18 12:00:00,0.0137400,0.0138700,0.0135800,0.0137300,14163976,1779119999999,2026-05-18 15:59:59,194310.2012300,3884,7378297,101182.2064500
1779120000000,2026-05-18 16:00:00,0.0137300,0.0138400,0.0135100,0.0137900,13260948,1779134399999,2026-05-18 19:59:59,181614.7067700,3511,5870956,80508.8690300
1779134400000,2026-05-18 20:00:00,0.0138000,0.0139900,0.0137200,0.0138600,8820006,1779148799999,2026-05-18 23:59:59,122342.4221800,2927,4456490,61841.6940000
1779148800000,2026-05-19 00:00:00,0.0138600,0.0139900,0.0137100,0.0138000,12126775,1779163199999,2026-05-19 03:59:59,167923.6484200,3094,6596826,91462.0690000
1779163200000,2026-05-19 04:00:00,0.0138000,0.0139200,0.0137200,0.0138500,7085549,1779177599999,2026-05-19 07:59:59,97969.5493200,2425,3299734,45609.8225000
1779177600000,2026-05-19 08:00:00,0.0138500,0.0138600,0.0135400,0.0135800,9026671,1779191999999,2026-05-19 11:59:59,123927.3487900,2654,4056036,55747.6533900
1779192000000,2026-05-19 12:00:00,0.0135700,0.0137500,0.0135400,0.0136100,9554534,1779206399999,2026-05-19 15:59:59,130163.3905100,3372,4930084,67167.0519400
1779206400000,2026-05-19 16:00:00,0.0136100,0.0139700,0.0135800,0.0138500,17038887,1779220799999,2026-05-19 19:59:59,235015.0859100,4239,8742866,120660.4720100
1779220800000,2026-05-19 20:00:00,0.0138500,0.0140000,0.0137100,0.0137800,13254469,1779235199999,2026-05-19 23:59:59,183929.6260300,4317,5809685,80628.1211500
1779235200000,2026-05-20 00:00:00,0.0137800,0.0138200,0.0136200,0.0136500,11304129,1779249599999,2026-05-20 03:59:59,155065.9171900,3851,6197359,85009.2643800
1779249600000,2026-05-20 04:00:00,0.0136600,0.0139600,0.0136600,0.0138900,10044872,1779263999999,2026-05-20 07:59:59,139035.3043100,3408,5314844,73550.6150100
1779264000000,2026-05-20 08:00:00,0.0138900,0.0139000,0.0135800,0.0136200,11482116,1779278399999,2026-05-20 11:59:59,158020.9316300,3190,4309752,59405.2808800
1779278400000,2026-05-20 12:00:00,0.0136300,0.0139200,0.0135700,0.0138500,13377091,1779292799999,2026-05-20 15:59:59,183710.6150400,4113,6507000,89350.7151000
1779292800000,2026-05-20 16:00:00,0.0138700,0.0140200,0.0138300,0.0139800,10560687,1779307199999,2026-05-20 19:59:59,147152.2974500,3637,5773335,80457.0989800
1779307200000,2026-05-20 20:00:00,0.0139800,0.0140800,0.0138400,0.0138900,8324094,1779321599999,2026-05-20 23:59:59,116249.6103700,3591,4489046,62723.1410600
1779321600000,2026-05-21 00:00:00,0.0138800,0.0141400,0.0138500,0.0140500,7185951,1779335999999,2026-05-21 03:59:59,100824.0518100,2864,3951461,55421.6140100
1779336000000,2026-05-21 04:00:00,0.0140500,0.0141900,0.0138900,0.0141300,13426652,1779350399999,2026-05-21 07:59:59,188525.4633700,3909,7741143,108780.7862000
1779350400000,2026-05-21 08:00:00,0.0141200,0.0141800,0.0139000,0.0139100,15313780,1779364799999,2026-05-21 11:59:59,215277.9316800,3791,7311592,102811.6985400
1779364800000,2026-05-21 12:00:00,0.0139000,0.0141700,0.0138200,0.0141100,13918002,1779379199999,2026-05-21 15:59:59,194644.7401800,4248,7385222,103366.1182500
1779379200000,2026-05-21 16:00:00,0.0141100,0.0143400,0.0140300,0.0142900,10313029,1779393599999,2026-05-21 19:59:59,146565.3106400,3765,5326445,75724.1368900
1779393600000,2026-05-21 20:00:00,0.0142800,0.0143400,0.0141000,0.0141800,6318578,1779407999999,2026-05-21 23:59:59,89932.9896500,2965,2909394,41427.9790600
1779408000000,2026-05-22 00:00:00,0.0141800,0.0142600,0.0140200,0.0142200,8376827,1779422399999,2026-05-22 03:59:59,118479.5342900,2672,4571115,64688.2880400
1779422400000,2026-05-22 04:00:00,0.0142300,0.0144800,0.0140600,0.0144200,14482686,1779436799999,2026-05-22 07:59:59,207067.2946500,3820,8295472,118544.3963300
1779436800000,2026-05-22 08:00:00,0.0144200,0.0145300,0.0142200,0.0144400,25016644,1779451199999,2026-05-22 11:59:59,359026.7779200,6178,11510547,165192.7363700
1779451200000,2026-05-22 12:00:00,0.0144500,0.0145400,0.0141700,0.0142500,15118793,1779465599999,2026-05-22 15:59:59,216958.4318400,4209,6385434,91654.6871400
1779465600000,2026-05-22 16:00:00,0.0142500,0.0143600,0.0135900,0.0137200,20946833,1779479999999,2026-05-22 19:59:59,292639.8308300,5409,8690779,121607.5401100
1779480000000,2026-05-22 20:00:00,0.0137300,0.0138500,0.0134300,0.0135200,13142334,1779494399999,2026-05-22 23:59:59,179889.3275800,4194,6612392,90574.5864900
1779494400000,2026-05-23 00:00:00,0.0135400,0.0138100,0.0134700,0.0137800,14022478,1779508799999,2026-05-23 03:59:59,191316.7396200,3832,6288747,85869.4348100
1779508800000,2026-05-23 04:00:00,0.0137700,0.0137700,0.0131200,0.0132600,23040930,1779523199999,2026-05-23 07:59:59,310805.9261800,4933,11406755,154029.3663300
1779523200000,2026-05-23 08:00:00,0.0132600,0.0133400,0.0131600,0.0131900,14698490,1779537599999,2026-05-23 11:59:59,194941.8129200,3718,6340425,84120.6073900
1779537600000,2026-05-23 12:00:00,0.0131900,0.0137400,0.0131500,0.0136100,19330496,1779551999999,2026-05-23 15:59:59,261352.9363800,4785,9990617,135039.3800700
1779552000000,2026-05-23 16:00:00,0.0136100,0.0138000,0.0135400,0.0137700,10479718,1779566399999,2026-05-23 19:59:59,143178.3592800,3398,4918657,67237.0120800
1779566400000,2026-05-23 20:00:00,0.0137600,0.0142500,0.0137400,0.0140400,18057861,1779580799999,2026-05-23 23:59:59,253783.4042500,4660,8348356,117461.9783700
1779580800000,2026-05-24 00:00:00,0.0140300,0.0140700,0.0137400,0.0137700,12787551,1779595199999,2026-05-24 03:59:59,177993.4864600,3640,5191107,72405.5045500
1779595200000,2026-05-24 04:00:00,0.0137700,0.0138900,0.0136800,0.0137700,11437222,1779609599999,2026-05-24 07:59:59,157663.5518500,3309,5836280,80534.5977600
1779609600000,2026-05-24 08:00:00,0.0137700,0.0139100,0.0137100,0.0137300,12486433,1779623999999,2026-05-24 11:59:59,172400.1947000,3208,5792676,80050.0136100
1779624000000,2026-05-24 12:00:00,0.0137300,0.0137300,0.0133800,0.0136900,13351377,1779638399999,2026-05-24 15:59:59,181615.3509000,3352,6259434,85123.5999800
1779638400000,2026-05-24 16:00:00,0.0136900,0.0137200,0.0135200,0.0135500,9039712,1779652799999,2026-05-24 19:59:59,123048.1739500,2676,4084355,55584.3978600
1779652800000,2026-05-24 20:00:00,0.0135600,0.0135600,0.0132500,0.0135300,10618111,1779667199999,2026-05-24 23:59:59,142466.9639700,3553,4636727,62212.3948500
1779667200000,2026-05-25 00:00:00,0.0135300,0.0136200,0.0134600,0.0135200,6973844,1779681599999,2026-05-25 03:59:59,94501.7455400,2139,3659595,49608.7574400
1779681600000,2026-05-25 04:00:00,0.0135200,0.0138200,0.0135200,0.0138200,8849506,1779695999999,2026-05-25 07:59:59,121367.1450300,2607,5100111,69927.7720300
1779696000000,2026-05-25 08:00:00,0.0138200,0.0138800,0.0136200,0.0136400,7735674,1779710399999,2026-05-25 11:59:59,106489.1979000,2369,3511466,48371.1594400
1779710400000,2026-05-25 12:00:00,0.0136300,0.0138600,0.0135800,0.0138200,10335482,1779724799999,2026-05-25 15:59:59,142003.0142300,2985,6384240,87739.3550400
1779724800000,2026-05-25 16:00:00,0.0138100,0.0139900,0.0137000,0.0137500,12414959,1779739199999,2026-05-25 19:59:59,171962.2057800,2972,6344484,87864.8551700
1779739200000,2026-05-25 20:00:00,0.0137600,0.0137800,0.0134700,0.0135900,8935177,1779753599999,2026-05-25 23:59:59,121627.0696900,2363,3932776,53545.2842500
1779753600000,2026-05-26 00:00:00,0.0136000,0.0136100,0.0132700,0.0134100,16581182,1779767999999,2026-05-26 03:59:59,221873.5118500,3929,6835039,91515.2625500
1779768000000,2026-05-26 04:00:00,0.0134200,0.0136300,0.0133400,0.0134400,8371967,1779782399999,2026-05-26 07:59:59,112924.0140700,2608,3971329,53614.4968300
1779782400000,2026-05-26 08:00:00,0.0134400,0.0136500,0.0133700,0.0135700,15867018,1779796799999,2026-05-26 11:59:59,214033.6265000,3441,8216242,110928.3789600
1779796800000,2026-05-26 12:00:00,0.0135700,0.0136500,0.0132500,0.0133600,15123411,1779811199999,2026-05-26 15:59:59,203891.8191700,3484,6799751,91780.4926700
1779811200000,2026-05-26 16:00:00,0.0133600,0.0133800,0.0130300,0.0132200,13770268,1779825599999,2026-05-26 19:59:59,181823.7596400,3045,5728092,75667.6339700
1779825600000,2026-05-26 20:00:00,0.0132400,0.0132500,0.0130900,0.0131700,6848714,1779839999999,2026-05-26 23:59:59,90165.2631500,2117,3515905,46303.6574000
1779840000000,2026-05-27 00:00:00,0.0131800,0.0132900,0.0130300,0.0130400,7658062,1779854399999,2026-05-27 03:59:59,100712.7505000,2904,4039059,53135.1759200
1779854400000,2026-05-27 04:00:00,0.0130400,0.0132100,0.0128900,0.0132100,13779462,1779868799999,2026-05-27 07:59:59,179954.5368600,3465,6982916,91308.2530800
1779868800000,2026-05-27 08:00:00,0.0132100,0.0132900,0.0130900,0.0131000,8798719,1779883199999,2026-05-27 11:59:59,115937.2789500,2903,4578216,60387.3918700
1779883200000,2026-05-27 12:00:00,0.0131100,0.0133800,0.0130000,0.0133500,13714479,1779897599999,2026-05-27 15:59:59,180436.3497800,3666,6970716,91749.9607700
1779897600000,2026-05-27 16:00:00,0.0133400,0.0134100,0.0130600,0.0131900,10974869,1779911999999,2026-05-27 19:59:59,145060.7515500,3903,5229800,69131.6334400
1779912000000,2026-05-27 20:00:00,0.0131900,0.0132300,0.0127300,0.0128400,12932193,1779926399999,2026-05-27 23:59:59,166982.4800900,4245,6468576,83520.2086900
1779926400000,2026-05-28 00:00:00,0.0128400,0.0128900,0.0123300,0.0123900,21777650,1779940799999,2026-05-28 03:59:59,274774.8348900,6568,9972317,126039.9979000
1779940800000,2026-05-28 04:00:00,0.0123900,0.0124700,0.0121700,0.0124000,16212397,1779955199999,2026-05-28 07:59:59,199678.1586900,6826,7619848,93896.7086200
1779955200000,2026-05-28 08:00:00,0.0124000,0.0124300,0.0121900,0.0122700,9218820,1779969599999,2026-05-28 11:59:59,113582.8890300,2972,4883424,60196.3508500
1779969600000,2026-05-28 12:00:00,0.0122700,0.0123600,0.0120900,0.0123200,13956724,1779983999999,2026-05-28 15:59:59,170787.8550200,3801,6787843,83017.1955400
1779984000000,2026-05-28 16:00:00,0.0123200,0.0126900,0.0122700,0.0125300,10976016,1779998399999,2026-05-28 19:59:59,137857.1428700,4531,5771710,72491.1253700
1779998400000,2026-05-28 20:00:00,0.0125300,0.0126900,0.0124300,0.0124700,10114759,1780012799999,2026-05-28 23:59:59,127001.6514200,3156,4934339,61950.4088700
1780012800000,2026-05-29 00:00:00,0.0124600,0.0125600,0.0122900,0.0123100,17595186,1780027199999,2026-05-29 03:59:59,218798.8387000,4078,8631549,107346.8276800
1780027200000,2026-05-29 04:00:00,0.0123200,0.0124500,0.0122400,0.0123800,7826232,1780041599999,2026-05-29 07:59:59,96755.6371800,2461,3776631,46715.2667400
1780041600000,2026-05-29 08:00:00,0.0123800,0.0124500,0.0122800,0.0124000,11165554,1780055999999,2026-05-29 11:59:59,138002.5593700,3079,5210163,64401.3484100
1780056000000,2026-05-29 12:00:00,0.0124000,0.0128100,0.0123100,0.0127100,23517505,1780070399999,2026-05-29 15:59:59,293815.1187800,5683,11822929,147758.5451200
1780070400000,2026-05-29 16:00:00,0.0127300,0.0130200,0.0125000,0.0125900,16159658,1780084799999,2026-05-29 19:59:59,206880.9188200,4561,8734763,111862.7409200
1780084800000,2026-05-29 20:00:00,0.0125800,0.0126700,0.0124800,0.0125500,11023024,1780099199999,2026-05-29 23:59:59,138676.6576100,3595,4449156,55970.7319100
1780099200000,2026-05-30 00:00:00,0.0125600,0.0130600,0.0125500,0.0130000,12174832,1780113599999,2026-05-30 03:59:59,156146.1066200,3740,7268759,93229.9957400
1780113600000,2026-05-30 04:00:00,0.0130000,0.0132600,0.0129200,0.0132300,27800661,1780127999999,2026-05-30 07:59:59,363857.5393500,6852,13381587,175184.3737900
1780128000000,2026-05-30 08:00:00,0.0132300,0.0134800,0.0130200,0.0131100,39507833,1780142399999,2026-05-30 11:59:59,523426.1619500,8951,18051395,239553.8338500
1780142400000,2026-05-30 12:00:00,0.0131000,0.0134200,0.0131000,0.0132600,18584979,1780156799999,2026-05-30 15:59:59,247059.8289600,5003,9778565,129923.6731100
1780156800000,2026-05-30 16:00:00,0.0132600,0.0134700,0.0132100,0.0132300,13133888,1780171199999,2026-05-30 19:59:59,175187.8978300,3566,6887587,91934.9006700
1780171200000,2026-05-30 20:00:00,0.0132300,0.0132900,0.0130600,0.0131300,10577357,1780185599999,2026-05-30 23:59:59,139227.0748500,2681,5787422,76173.6752000
1780185600000,2026-05-31 00:00:00,0.0131300,0.0136400,0.0130800,0.0133100,21655830,1780199999999,2026-05-31 03:59:59,289430.3170000,5781,10787111,144224.3662800
1780200000000,2026-05-31 04:00:00,0.0133100,0.0134700,0.0132100,0.0132500,11840286,1780214399999,2026-05-31 07:59:59,158145.8582100,3844,5361542,71669.2724200
1780214400000,2026-05-31 08:00:00,0.0132500,0.0133200,0.0131300,0.0132900,9932658,1780228799999,2026-05-31 11:59:59,131482.8046400,3234,4899392,64846.9787700
1780228800000,2026-05-31 12:00:00,0.0132900,0.0133400,0.0130700,0.0131000,12317041,1780243199999,2026-05-31 15:59:59,162724.8106200,3786,5266188,69623.1625300
1780243200000,2026-05-31 16:00:00,0.0131100,0.0131900,0.0129200,0.0130600,17110945,1780257599999,2026-05-31 19:59:59,223092.9951000,3737,8893859,115990.9952900
1780257600000,2026-05-31 20:00:00,0.0130600,0.0135600,0.0130500,0.0134600,18738386,1780271999999,2026-05-31 23:59:59,249982.7265200,5380,9914054,132287.1591900
1780272000000,2026-06-01 00:00:00,0.0134600,0.0136900,0.0133400,0.0135900,18467704,1780286399999,2026-06-01 03:59:59,250078.0286300,5396,9048406,122638.5678500
1780286400000,2026-06-01 04:00:00,0.0135900,0.0136500,0.0131300,0.0131700,14361365,1780300799999,2026-06-01 07:59:59,192313.2068100,4529,6760783,90621.0293000
1780300800000,2026-06-01 08:00:00,0.0131600,0.0134200,0.0131300,0.0133000,12389410,1780315199999,2026-06-01 11:59:59,164968.8360900,3910,6179331,82299.2026600
1780315200000,2026-06-01 12:00:00,0.0133000,0.0134400,0.0130700,0.0131800,19759054,1780329599999,2026-06-01 15:59:59,261642.2281300,6241,9840051,130349.0914000
1780329600000,2026-06-01 16:00:00,0.0131800,0.0135600,0.0131000,0.0134600,10677025,1780343999999,2026-06-01 19:59:59,142733.7714300,3903,5628832,75323.9548100
1780344000000,2026-06-01 20:00:00,0.0134600,0.0134700,0.0131400,0.0133900,14588972,1780358399999,2026-06-01 23:59:59,194230.6578300,4374,7172453,95571.3053800
1780358400000,2026-06-02 00:00:00,0.0133900,0.0134100,0.0130000,0.0133100,12495438,1780372799999,2026-06-02 03:59:59,165592.8396000,3975,6193107,82106.4116500
1780372800000,2026-06-02 04:00:00,0.0133200,0.0133300,0.0129900,0.0130800,11274757,1780387199999,2026-06-02 07:59:59,147991.7734300,3617,5915578,77556.3862200
1780387200000,2026-06-02 08:00:00,0.0130800,0.0131400,0.0128800,0.0130000,12845017,1780401599999,2026-06-02 11:59:59,167048.8348700,3827,6276142,81673.2515300
1780401600000,2026-06-02 12:00:00,0.0130000,0.0130800,0.0123000,0.0124000,29082485,1780415999999,2026-06-02 15:59:59,368204.4469900,6267,13608704,172610.5680900
1780416000000,2026-06-02 16:00:00,0.0124000,0.0126900,0.0121700,0.0123900,21890092,1780430399999,2026-06-02 19:59:59,272733.0057600,5107,10367623,129317.5537600
1780430400000,2026-06-02 20:00:00,0.0124000,0.0126200,0.0119700,0.0121900,27258928,1780444799999,2026-06-02 23:59:59,335376.5919300,6120,12305722,151426.0176200
1780444800000,2026-06-03 00:00:00,0.0121900,0.0123900,0.0120100,0.0120700,16854611,1780459199999,2026-06-03 03:59:59,206405.0649900,4682,8370689,102436.6310200
1780459200000,2026-06-03 04:00:00,0.0120700,0.0127000,0.0120700,0.0126500,14211043,1780473599999,2026-06-03 07:59:59,177523.3994600,5307,7055187,88046.1507900
1780473600000,2026-06-03 08:00:00,0.0126500,0.0128400,0.0125400,0.0126800,10528004,1780487999999,2026-06-03 11:59:59,133327.2248100,3532,5714098,72355.7588000
1780488000000,2026-06-03 12:00:00,0.0126800,0.0127200,0.0125200,0.0125700,10931886,1780502399999,2026-06-03 15:59:59,138189.1538100,4284,5225336,66067.8075300
1780502400000,2026-06-03 16:00:00,0.0125700,0.0127100,0.0123800,0.0125500,15626362,1780516799999,2026-06-03 19:59:59,196244.5794900,4103,8076906,101430.1897900
1780516800000,2026-06-03 20:00:00,0.0125500,0.0127700,0.0123100,0.0124200,13070569,1780531199999,2026-06-03 23:59:59,163749.0621900,3892,6423793,80517.3809900
1780531200000,2026-06-04 00:00:00,0.0124200,0.0125100,0.0112700,0.0121000,38298994,1780545599999,2026-06-04 03:59:59,454734.8262800,7718,17692056,210518.8799200
1780545600000,2026-06-04 04:00:00,0.0121100,0.0121700,0.0117100,0.0117300,20192091,1780559999999,2026-06-04 07:59:59,241073.7133400,4952,10518160,125532.4885100
1780560000000,2026-06-04 08:00:00,0.0117300,0.0117900,0.0113500,0.0115100,24254894,1780574399999,2026-06-04 11:59:59,279794.6812100,6200,10931622,126119.9772900
1780574400000,2026-06-04 12:00:00,0.0115100,0.0119900,0.0114100,0.0119300,16559010,1780588799999,2026-06-04 15:59:59,195010.9477200,5080,9352467,110188.8948600
1780588800000,2026-06-04 16:00:00,0.0119300,0.0119300,0.0117000,0.0117900,12698440,1780603199999,2026-06-04 19:59:59,150279.1477400,3607,6174416,73083.2930300
1780603200000,2026-06-04 20:00:00,0.0118000,0.0118100,0.0114100,0.0116000,18197001,1780617599999,2026-06-04 23:59:59,210739.1955200,5032,9167460,106160.7793600
1780617600000,2026-06-05 00:00:00,0.0116000,0.0116400,0.0111700,0.0112100,16332110,1780631999999,2026-06-05 03:59:59,186373.2186500,3649,8138711,93003.6794900
1780632000000,2026-06-05 04:00:00,0.0112100,0.0114600,0.0105500,0.0109800,36662389,1780646399999,2026-06-05 07:59:59,401402.8397500,6541,15989970,175539.2503800
1780646400000,2026-06-05 08:00:00,0.0109800,0.0110300,0.0107700,0.0108400,22581822,1780660799999,2026-06-05 11:59:59,246110.1063500,4540,10303167,112303.8767500
1780660800000,2026-06-05 12:00:00,0.0108400,0.0109300,0.0104200,0.0105200,28058239,1780675199999,2026-06-05 15:59:59,300081.7759100,5384,12628808,135106.6061600
1780675200000,2026-06-05 16:00:00,0.0105000,0.0107000,0.0100600,0.0104200,38478177,1780689599999,2026-06-05 19:59:59,399711.9454800,6817,18132330,188617.5052100
1780689600000,2026-06-05 20:00:00,0.0104100,0.0108700,0.0103200,0.0106100,16488857,1780703999999,2026-06-05 23:59:59,175276.3396500,4060,8544165,90810.9899100
1780704000000,2026-06-06 00:00:00,0.0106100,0.0107000,0.0102800,0.0102800,15314285,1780718399999,2026-06-06 03:59:59,160794.1477300,3592,6647503,69807.4978600
1780718400000,2026-06-06 04:00:00,0.0102800,0.0103600,0.0097600,0.0103300,27705405,1780732799999,2026-06-06 07:59:59,279231.4816900,5928,13286877,134086.1326300
1780732800000,2026-06-06 08:00:00,0.0103300,0.0105100,0.0102000,0.0103800,14178005,1780747199999,2026-06-06 11:59:59,146967.4347000,4100,7623199,79005.3039600
1780747200000,2026-06-06 12:00:00,0.0103800,0.0106000,0.0103100,0.0104600,12075456,1780761599999,2026-06-06 15:59:59,126353.2007100,3837,6845086,71662.0014300
1780761600000,2026-06-06 16:00:00,0.0104500,0.0105300,0.0102500,0.0103300,11037146,1780775999999,2026-06-06 19:59:59,114569.4630500,3728,4983631,51715.5233500
1780776000000,2026-06-06 20:00:00,0.0103300,0.0104700,0.0103000,0.0104500,9206114,1780790399999,2026-06-06 23:59:59,95641.7791800,3813,4424595,45969.5862400
1780790400000,2026-06-07 00:00:00,0.0104500,0.0108000,0.0104300,0.0106400,10318968,1780804799999,2026-06-07 03:59:59,109702.5842000,3193,5144941,54672.6798900
1780804800000,2026-06-07 04:00:00,0.0106400,0.0108400,0.0105500,0.0107400,13395440,1780819199999,2026-06-07 07:59:59,143307.0653000,3235,7485289,80114.9883800
1780819200000,2026-06-07 08:00:00,0.0107400,0.0110000,0.0107000,0.0107600,11205669,1780833599999,2026-06-07 11:59:59,121428.1086800,3127,5432354,58903.8959800
1780833600000,2026-06-07 12:00:00,0.0107600,0.0107800,0.0104900,0.0106500,11849164,1780847999999,2026-06-07 15:59:59,125895.4712700,2986,5793884,61550.0368600
1780848000000,2026-06-07 16:00:00,0.0106600,0.0107800,0.0103700,0.0104200,14658198,1780862399999,2026-06-07 19:59:59,155284.1730200,3552,7282953,77262.0521600
1780862400000,2026-06-07 20:00:00,0.0104200,0.0110500,0.0104000,0.0108600,16466325,1780876799999,2026-06-07 23:59:59,177069.5632900,3976,9409376,101134.4228700
1780876800000,2026-06-08 00:00:00,0.0108600,0.0109800,0.0107300,0.0108000,10580833,1780891199999,2026-06-08 03:59:59,114555.6291100,3087,5570974,60318.4188700
1780891200000,2026-06-08 04:00:00,0.0108000,0.0108200,0.0105900,0.0107900,15808151,1780905599999,2026-06-08 07:59:59,169315.2826100,3599,8411190,90158.7856600
1780905600000,2026-06-08 08:00:00,0.0107900,0.0111500,0.0107000,0.0110300,18761737,1780919999999,2026-06-08 11:59:59,204106.2432700,4188,9734846,105907.3984300
1780920000000,2026-06-08 12:00:00,0.0110200,0.0111600,0.0109100,0.0110200,15366295,1780934399999,2026-06-08 15:59:59,169582.6088100,4626,6875419,75949.6003300
1780934400000,2026-06-08 16:00:00,0.0110300,0.0111700,0.0110000,0.0110500,8392720,1780948799999,2026-06-08 19:59:59,92976.7582500,2901,4129061,45746.2245900
1780948800000,2026-06-08 20:00:00,0.0110500,0.0111400,0.0107800,0.0108300,11138583,1780963199999,2026-06-08 23:59:59,122192.1666600,3590,5463638,59983.7902700
1780963200000,2026-06-09 00:00:00,0.0108300,0.0108400,0.0104800,0.0105600,15421059,1780977599999,2026-06-09 03:59:59,163774.8519200,4276,7900993,83905.0239200
1780977600000,2026-06-09 04:00:00,0.0105600,0.0107900,0.0105000,0.0106800,12022687,1780991999999,2026-06-09 07:59:59,128251.4481400,3206,6462970,68908.1774000
1780992000000,2026-06-09 08:00:00,0.0106700,0.0107100,0.0105000,0.0105600,12041959,1781006399999,2026-06-09 11:59:59,127600.8231700,3547,5359565,56753.3605900
1781006400000,2026-06-09 12:00:00,0.0105600,0.0107100,0.0103800,0.0104500,19467864,1781020799999,2026-06-09 15:59:59,205701.7579200,4515,10398816,109880.5989600
1781020800000,2026-06-09 16:00:00,0.0104500,0.0106100,0.0102800,0.0105400,16183335,1781035199999,2026-06-09 19:59:59,169025.7312300,4249,8449135,88172.7178600
1781035200000,2026-06-09 20:00:00,0.0105500,0.0106500,0.0104300,0.0104900,8256629,1781049599999,2026-06-09 23:59:59,86900.3242800,3592,3768508,39660.4531400
1781049600000,2026-06-10 00:00:00,0.0104900,0.0105700,0.0102800,0.0103700,10009938,1781063999999,2026-06-10 03:59:59,104312.2564200,2840,5079880,52928.1741600
1781064000000,2026-06-10 04:00:00,0.0103800,0.0104900,0.0102500,0.0102800,18437691,1781078399999,2026-06-10 07:59:59,191063.4016200,4068,8169534,84686.3148200
1781078400000,2026-06-10 08:00:00,0.0102800,0.0103200,0.0100300,0.0100800,21530201,1781092799999,2026-06-10 11:59:59,219034.1606900,4362,9479003,96447.8344300
1781092800000,2026-06-10 12:00:00,0.0100800,0.0104600,0.0100500,0.0103600,20405858,1781107199999,2026-06-10 15:59:59,209544.5766000,5814,10947915,112428.4218300
1781107200000,2026-06-10 16:00:00,0.0103500,0.0103900,0.0100500,0.0100900,13292886,1781121599999,2026-06-10 19:59:59,135581.6392700,4471,6698028,68404.5111600
1781121600000,2026-06-10 20:00:00,0.0100900,0.0101100,0.0098800,0.0100500,18306265,1781135999999,2026-06-10 23:59:59,182895.2562000,5028,8883747,88744.9327700
1781136000000,2026-06-11 00:00:00,0.0100500,0.0103900,0.0100500,0.0103700,14906875,1781150399999,2026-06-11 03:59:59,152170.0669700,4877,8878767,90538.5421200
1781150400000,2026-06-11 04:00:00,0.0103700,0.0104800,0.0103100,0.0103900,11348533,1781164799999,2026-06-11 07:59:59,117849.6409600,4150,5735194,59599.8047900
1781164800000,2026-06-11 08:00:00,0.0103900,0.0105000,0.0103400,0.0104600,12732145,1781179199999,2026-06-11 11:59:59,132481.8014100,4084,6069426,63150.7608200
1781179200000,2026-06-11 12:00:00,0.0104600,0.0104800,0.0102800,0.0104600,18641426,1781193599999,2026-06-11 15:59:59,193681.6320000,4177,9108880,94675.3983100
1781193600000,2026-06-11 16:00:00,0.0104700,0.0107400,0.0103500,0.0106200,17107668,1781207999999,2026-06-11 19:59:59,181124.6762000,4503,8350023,88428.5119300
1781208000000,2026-06-11 20:00:00,0.0106300,0.0107200,0.0104700,0.0105400,11821346,1781222399999,2026-06-11 23:59:59,125409.2026200,3214,5704179,60569.6570900
1781222400000,2026-06-12 00:00:00,0.0105400,0.0106100,0.0104600,0.0105600,8418029,1781236799999,2026-06-12 03:59:59,88703.5605300,3281,4454371,46937.2876900
1781236800000,2026-06-12 04:00:00,0.0105700,0.0105900,0.0103700,0.0104800,9189536,1781251199999,2026-06-12 07:59:59,96347.3479300,2955,4368645,45789.6099100
1781251200000,2026-06-12 08:00:00,0.0104800,0.0106400,0.0104800,0.0105800,8377259,1781265599999,2026-06-12 11:59:59,88602.4557900,2549,4304828,45540.7637100
1781265600000,2026-06-12 12:00:00,0.0105700,0.0107400,0.0104300,0.0105600,14075706,1781279999999,2026-06-12 15:59:59,149025.0043800,3741,7254916,76836.6771100
1781280000000,2026-06-12 16:00:00,0.0105600,0.0106200,0.0104600,0.0104800,9875270,1781294399999,2026-06-12 19:59:59,104087.3457400,3119,4777499,50342.1992700
1781294400000,2026-06-12 20:00:00,0.0104800,0.0105300,0.0104200,0.0105000,5873763,1781308799999,2026-06-12 23:59:59,61469.2416100,2877,2564000,26842.6499800
1781308800000,2026-06-13 00:00:00,0.0105000,0.0107000,0.0105000,0.0105100,11302054,1781323199999,2026-06-13 03:59:59,119796.7167900,2868,5467187,57951.9153500
1781323200000,2026-06-13 04:00:00,0.0105100,0.0106500,0.0104100,0.0106400,12348641,1781337599999,2026-06-13 07:59:59,129932.0614200,3068,6260556,65910.6415000
1781337600000,2026-06-13 08:00:00,0.0106300,0.0107000,0.0105300,0.0106500,11701202,1781351999999,2026-06-13 11:59:59,124321.0536500,2839,6507721,69139.6450800
1781352000000,2026-06-13 12:00:00,0.0106600,0.0107100,0.0105600,0.0106900,7457987,1781366399999,2026-06-13 15:59:59,79252.8003100,2144,3745485,39816.3968600
1781366400000,2026-06-13 16:00:00,0.0106900,0.0107100,0.0105800,0.0106400,9200763,1781380799999,2026-06-13 19:59:59,97999.2165400,2889,4107606,43739.7081100
1781380800000,2026-06-13 20:00:00,0.0106400,0.0107100,0.0105800,0.0106100,6309237,1781395199999,2026-06-13 23:59:59,67135.9515100,2816,3402308,36206.8665100
1781395200000,2026-06-14 00:00:00,0.0106000,0.0108000,0.0105700,0.0107000,16412905,1781409599999,2026-06-14 03:59:59,175715.0627900,3221,9867649,105652.9085200
1781409600000,2026-06-14 04:00:00,0.0107000,0.0107200,0.0105100,0.0105300,14367565,1781423999999,2026-06-14 07:59:59,152491.0417400,3054,5520241,58572.8098000
1781424000000,2026-06-14 08:00:00,0.0105200,0.0106300,0.0105100,0.0105800,7851091,1781438399999,2026-06-14 11:59:59,83020.0971600,2497,3750477,39663.3351000
1781438400000,2026-06-14 12:00:00,0.0105900,0.0106300,0.0103800,0.0104300,10868018,1781452799999,2026-06-14 15:59:59,114075.1656200,3478,5902460,61989.6245000
1781452800000,2026-06-14 16:00:00,0.0104200,0.0105300,0.0103700,0.0104300,16721636,1781467199999,2026-06-14 19:59:59,174648.1831300,3252,8262092,86368.2798400
1781467200000,2026-06-14 20:00:00,0.0104200,0.0109000,0.0104100,0.0108600,21838713,1781481599999,2026-06-14 23:59:59,234439.4348700,5028,11508851,123534.7200700
1781481600000,2026-06-15 00:00:00,0.0108700,0.0109400,0.0107800,0.0108700,11615709,1781495999999,2026-06-15 03:59:59,126088.5252000,3004,6398498,69460.9677400
1781496000000,2026-06-15 04:00:00,0.0108700,0.0109300,0.0107900,0.0108100,8271038,1781510399999,2026-06-15 07:59:59,89886.7230500,2878,4499334,48895.4383300
1781510400000,2026-06-15 08:00:00,0.0108100,0.0112100,0.0108000,0.0111500,18863116,1781524799999,2026-06-15 11:59:59,207048.1985000,4172,10247367,112415.6534100
1781524800000,2026-06-15 12:00:00,0.0111400,0.0113300,0.0110800,0.0112500,17712338,1781539199999,2026-06-15 15:59:59,198007.4150100,5443,8320925,93027.6971100
1781539200000,2026-06-15 16:00:00,0.0112500,0.0113000,0.0109300,0.0110100,18392732,1781553599999,2026-06-15 19:59:59,204977.7409800,4809,8673141,96593.7050800
1781553600000,2026-06-15 20:00:00,0.0110100,0.0110700,0.0108400,0.0109900,14008652,1781567999999,2026-06-15 23:59:59,153485.1270400,3708,6320545,69276.7466200
1781568000000,2026-06-16 00:00:00,0.0109900,0.0110500,0.0107300,0.0109300,13991970,1781582399999,2026-06-16 03:59:59,152425.1637900,4518,7082185,77238.7665900
1781582400000,2026-06-16 04:00:00,0.0109300,0.0110100,0.0108500,0.0109500,11615336,1781596799999,2026-06-16 07:59:59,127072.4175000,3632,6179205,67586.8557700
1781596800000,2026-06-16 08:00:00,0.0109400,0.0110900,0.0109200,0.0109700,11878102,1781611199999,2026-06-16 11:59:59,130619.1347500,3219,6254151,68819.4343200
1781611200000,2026-06-16 12:00:00,0.0109700,0.0110900,0.0106100,0.0107700,18107286,1781625599999,2026-06-16 15:59:59,196110.7519000,4487,8869059,96117.0495500
1781625600000,2026-06-16 16:00:00,0.0107700,0.0109800,0.0107300,0.0108000,17242449,1781639999999,2026-06-16 19:59:59,186751.2859700,4083,8194934,88768.2867400
1781640000000,2026-06-16 20:00:00,0.0108100,0.0109200,0.0107600,0.0107800,7926519,1781654399999,2026-06-16 23:59:59,85905.0420200,2746,4221048,45746.4982900
1781654400000,2026-06-17 00:00:00,0.0108000,0.0109600,0.0107300,0.0108500,12229732,1781668799999,2026-06-17 03:59:59,132709.5270500,3275,6569733,71314.6280800
1781668800000,2026-06-17 04:00:00,0.0108600,0.0109000,0.0107400,0.0108600,13905756,1781683199999,2026-06-17 07:59:59,150473.1156600,3692,7762398,84011.1659600
1781683200000,2026-06-17 08:00:00,0.0108600,0.0108700,0.0106600,0.0107100,13616116,1781697599999,2026-06-17 11:59:59,146405.1961100,4048,7328485,78812.9747600
1781697600000,2026-06-17 12:00:00,0.0107200,0.0109600,0.0106700,0.0109600,17786229,1781711999999,2026-06-17 15:59:59,192244.5681200,4993,8070663,87230.9229700
1781712000000,2026-06-17 16:00:00,0.0109700,0.0110300,0.0106300,0.0106900,31885896,1781726399999,2026-06-17 19:59:59,345840.0820900,5850,15790123,171239.3969100
1781726400000,2026-06-17 20:00:00,0.0106900,0.0107600,0.0105200,0.0107200,18332354,1781740799999,2026-06-17 23:59:59,195688.8008400,3662,7664642,81858.7356200
1781740800000,2026-06-18 00:00:00,0.0107300,0.0108000,0.0105000,0.0105400,11866985,1781755199999,2026-06-18 03:59:59,126820.4008100,3207,5577369,59672.0025500
1781755200000,2026-06-18 04:00:00,0.0105400,0.0105800,0.0103600,0.0105400,14136941,1781769599999,2026-06-18 07:59:59,147999.2276500,3525,7708287,80755.4897400
1781769600000,2026-06-18 08:00:00,0.0105400,0.0105800,0.0103600,0.0103900,9658915,1781783999999,2026-06-18 11:59:59,101306.6659100,2994,4851903,50939.1110500
1781784000000,2026-06-18 12:00:00,0.0104000,0.0104700,0.0099100,0.0099600,23215151,1781798399999,2026-06-18 15:59:59,237325.9275900,4390,9145008,93751.0235200
1781798400000,2026-06-18 16:00:00,0.0099600,0.0104000,0.0099400,0.0103500,27847049,1781812799999,2026-06-18 19:59:59,283373.9752100,5823,14935608,152220.0471600
1781812800000,2026-06-18 20:00:00,0.0103500,0.0110000,0.0103300,0.0105400,97679897,1781827199999,2026-06-18 23:59:59,1042673.8165900,17000,46480821,495136.6243800
1781827200000,2026-06-19 00:00:00,0.0105400,0.0107100,0.0104500,0.0105500,16221855,1781841599999,2026-06-19 03:59:59,171493.2192900,4967,8205336,86705.3948000
1781841600000,2026-06-19 04:00:00,0.0105600,0.0107000,0.0103400,0.0104600,36015052,1781855999999,2026-06-19 07:59:59,378453.0912000,7614,20259869,212896.4018600
1781856000000,2026-06-19 08:00:00,0.0104600,0.0106500,0.0103300,0.0103400,15759204,1781870399999,2026-06-19 11:59:59,164997.5857000,4447,8130402,85125.2391600
1781870400000,2026-06-19 12:00:00,0.0103400,0.0105000,0.0102700,0.0103800,17346176,1781884799999,2026-06-19 15:59:59,180535.5280700,3910,8737210,90926.9366700
1781884800000,2026-06-19 16:00:00,0.0103800,0.0104900,0.0102900,0.0103200,18843192,1781899199999,2026-06-19 19:59:59,195608.8072300,3972,10421355,108200.0859800
1781899200000,2026-06-19 20:00:00,0.0103300,0.0104200,0.0103000,0.0104200,11697731,1781913599999,2026-06-19 23:59:59,121014.7325100,3272,6176993,63923.9887600
1781913600000,2026-06-20 00:00:00,0.0104100,0.0104600,0.0102300,0.0102700,9144562,1781927999999,2026-06-20 03:59:59,94428.1915700,2544,3692855,38134.0661000
1781928000000,2026-06-20 04:00:00,0.0102700,0.0104300,0.0102300,0.0103200,10835987,1781942399999,2026-06-20 07:59:59,112016.8994900,2538,5168265,53407.1025800
1781942400000,2026-06-20 08:00:00,0.0103100,0.0106900,0.0102700,0.0106100,18687793,1781956799999,2026-06-20 11:59:59,196181.7902500,3692,9793136,102723.4748400
1781956800000,2026-06-20 12:00:00,0.0106100,0.0106900,0.0103600,0.0106200,16113800,1781971199999,2026-06-20 15:59:59,169765.5524200,3334,7899076,83239.5967400
1781971200000,2026-06-20 16:00:00,0.0106200,0.0106800,0.0105000,0.0105900,11260227,1781985599999,2026-06-20 19:59:59,119209.6474000,3135,5557566,58870.0025400
1781985600000,2026-06-20 20:00:00,0.0105800,0.0107100,0.0105000,0.0106200,17293593,1781999999999,2026-06-20 23:59:59,182943.1568500,3220,8612369,91161.0452100
1782000000000,2026-06-21 00:00:00,0.0106400,0.0107900,0.0105900,0.0106300,10504039,1782014399999,2026-06-21 03:59:59,112288.9186700,2672,5636467,60272.0737300
1782014400000,2026-06-21 04:00:00,0.0106200,0.0106500,0.0105000,0.0105500,15150955,1782028799999,2026-06-21 07:59:59,160223.0650800,3299,7008568,74171.7760300
1782028800000,2026-06-21 08:00:00,0.0105300,0.0106200,0.0104400,0.0104800,15183901,1782043199999,2026-06-21 11:59:59,159921.5473800,3575,8651673,91134.0444100
1782043200000,2026-06-21 12:00:00,0.0104800,0.0106200,0.0104800,0.0105000,20301643,1782057599999,2026-06-21 15:59:59,213919.0075300,3636,9637094,101530.3284600
1782057600000,2026-06-21 16:00:00,0.0105000,0.0106300,0.0104700,0.0105500,15324165,1782071999999,2026-06-21 19:59:59,161705.7166500,3853,7578913,79982.0900700
1782072000000,2026-06-21 20:00:00,0.0105400,0.0105500,0.0102000,0.0102100,24289233,1782086399999,2026-06-21 23:59:59,251336.1109300,5452,11482645,118807.8934600
1782086400000,2026-06-22 00:00:00,0.0102200,0.0105600,0.0102100,0.0103700,13275116,1782100799999,2026-06-22 03:59:59,138207.6337800,3668,6024705,62789.7688000
1782100800000,2026-06-22 04:00:00,0.0103800,0.0107000,0.0103500,0.0104900,31057423,1782115199999,2026-06-22 07:59:59,325605.3140500,4404,14047035,147338.5964300
1782115200000,2026-06-22 08:00:00,0.0105000,0.0105700,0.0104500,0.0105700,11456401,1782129599999,2026-06-22 11:59:59,120450.8899100,3382,6014369,63241.4811600
1782129600000,2026-06-22 12:00:00,0.0105600,0.0105800,0.0104300,0.0104700,13184348,1782143999999,2026-06-22 15:59:59,138614.8940300,3986,6475223,68072.6878400
1782144000000,2026-06-22 16:00:00,0.0104700,0.0104700,0.0102500,0.0103000,11799855,1782158399999,2026-06-22 19:59:59,122202.8752100,3120,5097227,52840.4601600
1782158400000,2026-06-22 20:00:00,0.0102900,0.0103000,0.0100200,0.0100800,17189366,1782172799999,2026-06-22 23:59:59,174396.7571400,3880,7023163,71352.5533700
1782172800000,2026-06-23 00:00:00,0.0100800,0.0101800,0.0100200,0.0101800,9575871,1782187199999,2026-06-23 03:59:59,96794.9716400,2974,4958083,50146.8818500
1782187200000,2026-06-23 04:00:00,0.0101800,0.0102000,0.0097700,0.0098800,24641446,1782201599999,2026-06-23 07:59:59,244949.0787100,4348,10338954,102897.6303800
1782201600000,2026-06-23 08:00:00,0.0098700,0.0099000,0.0095600,0.0097700,20586119,1782215999999,2026-06-23 11:59:59,199856.4516600,4205,9989515,96931.0632700
1782216000000,2026-06-23 12:00:00,0.0097700,0.0099600,0.0097200,0.0098400,14063088,1782230399999,2026-06-23 15:59:59,138108.3830300,3055,5216444,51219.2803400
1782230400000,2026-06-23 16:00:00,0.0098300,0.0099800,0.0097800,0.0097800,11882576,1782244799999,2026-06-23 19:59:59,117213.9058400,2806,5981429,59002.2643200
1782244800000,2026-06-23 20:00:00,0.0097800,0.0099500,0.0097800,0.0098200,6943847,1782259199999,2026-06-23 23:59:59,68452.7711300,2147,3281503,32346.8549000
1782259200000,2026-06-24 00:00:00,0.0098200,0.0099400,0.0097400,0.0098000,7067012,1782273599999,2026-06-24 03:59:59,69629.3779400,2371,3409794,33608.6761400
1782273600000,2026-06-24 04:00:00,0.0097900,0.0098600,0.0097200,0.0097400,9387051,1782287999999,2026-06-24 07:59:59,91948.6770800,2221,4522464,44291.9577400
1782288000000,2026-06-24 08:00:00,0.0097400,0.0098200,0.0096200,0.0097700,10806284,1782302399999,2026-06-24 11:59:59,104889.1667900,2413,4932848,47901.2212800
1782302400000,2026-06-24 12:00:00,0.0097800,0.0098200,0.0093500,0.0094000,25400555,1782316799999,2026-06-24 15:59:59,243416.6051400,4627,11632099,111428.9345600
1782316800000,2026-06-24 16:00:00,0.0094000,0.0095300,0.0090200,0.0093200,36350378,1782331199999,2026-06-24 19:59:59,335352.0161700,8331,18152785,167530.6947000
1782331200000,2026-06-24 20:00:00,0.0093100,0.0096000,0.0092900,0.0094900,14478330,1782345599999,2026-06-24 23:59:59,137325.6385000,3607,6947906,65880.2227700
1782345600000,2026-06-25 00:00:00,0.0095000,0.0095600,0.0094400,0.0094900,9469198,1782359999999,2026-06-25 03:59:59,90035.2996000,3017,4601314,43752.9773700
1782360000000,2026-06-25 04:00:00,0.0094900,0.0096700,0.0094200,0.0096500,10518812,1782374399999,2026-06-25 07:59:59,100835.9010900,2985,5287228,50701.6504000
1782374400000,2026-06-25 08:00:00,0.0096400,0.0096700,0.0094900,0.0095300,12411779,1782388799999,2026-06-25 11:59:59,118914.7923000,4063,6477569,62088.3175900
1782388800000,2026-06-25 12:00:00,0.0095400,0.0097100,0.0089100,0.0093200,41407247,1782403199999,2026-06-25 15:59:59,387241.2139800,8432,21653169,202790.8111600
1782403200000,2026-06-25 16:00:00,0.0093100,0.0094300,0.0092100,0.0092700,14898041,1782417599999,2026-06-25 19:59:59,138851.3740900,3946,7646499,71283.4133100
1782417600000,2026-06-25 20:00:00,0.0092800,0.0094400,0.0092700,0.0093500,10930382,1782431999999,2026-06-25 23:59:59,102174.7669200,2987,5564317,52014.6409300
1782432000000,2026-06-26 00:00:00,0.0093500,0.0094200,0.0090400,0.0093600,17319001,1782446399999,2026-06-26 03:59:59,159567.9392000,3738,9850491,90843.4735300
1782446400000,2026-06-26 04:00:00,0.0093500,0.0095500,0.0092500,0.0095000,9764320,1782460799999,2026-06-26 07:59:59,91704.6529400,2763,4991083,46903.2051500
1782460800000,2026-06-26 08:00:00,0.0095100,0.0095200,0.0093100,0.0093500,10839713,1782475199999,2026-06-26 11:59:59,102165.0678300,4503,6209631,58556.3597000
1782475200000,2026-06-26 12:00:00,0.0093500,0.0097600,0.0092700,0.0096700,24766044,1782489599999,2026-06-26 15:59:59,236187.5557700,11662,13019105,124010.4385200
1782489600000,2026-06-26 16:00:00,0.0096800,0.0098200,0.0096100,0.0096200,13257434,1782503999999,2026-06-26 19:59:59,129103.4497000,3504,5925658,57715.7904700
1782504000000,2026-06-26 20:00:00,0.0096200,0.0097300,0.0095300,0.0095600,12253132,1782518399999,2026-06-26 23:59:59,117651.7470000,2954,6893733,66171.0833500
1782518400000,2026-06-27 00:00:00,0.0095500,0.0096900,0.0095400,0.0096100,10429679,1782532799999,2026-06-27 03:59:59,100127.9274700,2991,5489806,52681.8633300
1782532800000,2026-06-27 04:00:00,0.0096000,0.0096500,0.0095100,0.0095400,7691060,1782547199999,2026-06-27 07:59:59,73471.0025900,2215,2865994,27383.0437600
1782547200000,2026-06-27 08:00:00,0.0095300,0.0095600,0.0094600,0.0095100,9318046,1782561599999,2026-06-27 11:59:59,88604.1912400,2442,4724539,44934.0518700
1782561600000,2026-06-27 12:00:00,0.0095100,0.0095300,0.0094200,0.0094800,9239914,1782575999999,2026-06-27 15:59:59,87542.9673100,2374,3974094,37654.7714300
1782576000000,2026-06-27 16:00:00,0.0094800,0.0095000,0.0092200,0.0092800,10840802,1782590399999,2026-06-27 19:59:59,101527.8976200,10533,5550967,52018.3719100
1782590400000,2026-06-27 20:00:00,0.0092700,0.0093300,0.0091700,0.0091900,9475589,1782604799999,2026-06-27 23:59:59,87611.1447200,5069,3904973,36126.7015700
1782604800000,2026-06-28 00:00:00,0.0092000,0.0093000,0.0091600,0.0092900,8445394,1782619199999,2026-06-28 03:59:59,77991.5495800,3086,4122814,38071.0319000
1782619200000,2026-06-28 04:00:00,0.0093000,0.0093400,0.0092000,0.0093300,9649349,1782633599999,2026-06-28 07:59:59,89608.8503300,2731,4436495,41171.6674600
1782633600000,2026-06-28 08:00:00,0.0093200,0.0093900,0.0092200,0.0093900,10104824,1782647999999,2026-06-28 11:59:59,94053.7674900,3070,5875253,54724.4263600
1782648000000,2026-06-28 12:00:00,0.0093800,0.0094600,0.0092600,0.0093500,12395607,1782662399999,2026-06-28 15:59:59,116073.2949200,3460,6394551,59885.2580800
1782662400000,2026-06-28 16:00:00,0.0093500,0.0093500,0.0091700,0.0092300,11009907,1782676799999,2026-06-28 19:59:59,102106.9923700,3133,5005678,46434.7667700
1782676800000,2026-06-28 20:00:00,0.0092200,0.0092700,0.0090700,0.0092100,13303632,1782691199999,2026-06-28 23:59:59,122379.6568600,3499,6610717,60826.0152000
1782691200000,2026-06-29 00:00:00,0.0092100,0.0095200,0.0091500,0.0094500,12874721,1782705599999,2026-06-29 03:59:59,119907.9244400,3447,6948582,64734.0113000
1782705600000,2026-06-29 04:00:00,0.0094600,0.0094600,0.0092700,0.0094000,11283522,1782719999999,2026-06-29 07:59:59,105869.8480200,3225,5997284,56254.0298700
1782720000000,2026-06-29 08:00:00,0.0093900,0.0094700,0.0093000,0.0093400,18839140,1782734399999,2026-06-29 11:59:59,176742.4366600,3415,10246895,96161.8919000
1782734400000,2026-06-29 12:00:00,0.0093500,0.0095100,0.0092200,0.0093400,24857235,1782748799999,2026-06-29 15:59:59,232116.5585500,3818,12397667,115791.6353300
1782748800000,2026-06-29 16:00:00,0.0093300,0.0095400,0.0093000,0.0094300,13921119,1782763199999,2026-06-29 19:59:59,131415.4596200,2766,6839551,64566.8270000
1782763200000,2026-06-29 20:00:00,0.0094300,0.0094300,0.0093100,0.0093500,8236543,1782777599999,2026-06-29 23:59:59,77247.5137200,2195,4290055,40245.0375800
1782777600000,2026-06-30 00:00:00,0.0093400,0.0093700,0.0092200,0.0092300,10275642,1782791999999,2026-06-30 03:59:59,95182.9777100,2962,4479730,41510.2100100
1782792000000,2026-06-30 04:00:00,0.0092500,0.0094100,0.0092000,0.0093800,13340879,1782806399999,2026-06-30 07:59:59,124108.1816800,2866,7414839,69041.4635700
1782806400000,2026-06-30 08:00:00,0.0093700,0.0093900,0.0092000,0.0092200,11924761,1782820799999,2026-06-30 11:59:59,111166.4572000,3027,6107081,57001.3314900
1782820800000,2026-06-30 12:00:00,0.0092100,0.0093400,0.0090600,0.0092500,22047408,1782835199999,2026-06-30 15:59:59,202796.6417200,4073,11752036,108101.7026300
1782835200000,2026-06-30 16:00:00,0.0092400,0.0094000,0.0092000,0.0093200,10951893,1782849599999,2026-06-30 19:59:59,101826.0578600,2396,6059060,56373.3618900
1782849600000,2026-06-30 20:00:00,0.0093100,0.0093200,0.0091600,0.0092000,8635108,1782863999999,2026-06-30 23:59:59,79609.2863600,2015,4070492,37513.8935200
1782864000000,2026-07-01 00:00:00,0.0092000,0.0093400,0.0089700,0.0093200,13595962,1782878399999,2026-07-01 03:59:59,124417.8304000,2501,6587843,60241.8301100
1782878400000,2026-07-01 04:00:00,0.0093200,0.0093700,0.0091000,0.0091700,8891435,1782892799999,2026-07-01 07:59:59,82154.3739500,2109,4372276,40474.2406900
1782892800000,2026-07-01 08:00:00,0.0091700,0.0092300,0.0091000,0.0092300,10149230,1782907199999,2026-07-01 11:59:59,93146.7219600,2397,4181141,38406.5796600
1782907200000,2026-07-01 12:00:00,0.0092300,0.0096400,0.0091400,0.0095700,20946118,1782921599999,2026-07-01 15:59:59,196521.1334100,3749,11831329,110951.3246800
1782921600000,2026-07-01 16:00:00,0.0095900,0.0096800,0.0094500,0.0094700,16580661,1782935999999,2026-07-01 19:59:59,158424.7191300,3715,7781178,74305.1566100
1782936000000,2026-07-01 20:00:00,0.0094700,0.0098400,0.0094600,0.0097000,19181689,1782950399999,2026-07-01 23:59:59,185801.2676500,9075,10816117,104766.6335300
1782950400000,2026-07-02 00:00:00,0.0097000,0.0099900,0.0096000,0.0099500,22197104,1782964799999,2026-07-02 03:59:59,217196.0437300,7797,11540423,112903.4077900
1782964800000,2026-07-02 04:00:00,0.0099600,0.0099700,0.0097000,0.0097600,15903337,1782979199999,2026-07-02 07:59:59,156278.7633400,3362,6923299,68015.9259700
1782979200000,2026-07-02 08:00:00,0.0097600,0.0098600,0.0096700,0.0097400,26548751,1782993599999,2026-07-02 11:59:59,258978.1460600,6698,13125533,128040.4627300
1782993600000,2026-07-02 12:00:00,0.0097400,0.0098500,0.0096800,0.0097500,17708976,1783007999999,2026-07-02 15:59:59,172806.6426200,6760,9006218,87936.7619400
1783008000000,2026-07-02 16:00:00,0.0097400,0.0098000,0.0096700,0.0096900,8979991,1783022399999,2026-07-02 19:59:59,87350.6849700,2298,5058453,49202.6480900
1783022400000,2026-07-02 20:00:00,0.0097000,0.0097700,0.0096600,0.0097300,8193035,1783036799999,2026-07-02 23:59:59,79551.7133300,2078,3832880,37221.6081200
1783036800000,2026-07-03 00:00:00,0.0097400,0.0098000,0.0096800,0.0097300,8328415,1783051199999,2026-07-03 03:59:59,81078.0431800,2307,4093416,39862.8154300
1783051200000,2026-07-03 04:00:00,0.0097400,0.0098800,0.0096900,0.0097900,8775800,1783065599999,2026-07-03 07:59:59,85854.3128300,2451,4956687,48490.6820600
1783065600000,2026-07-03 08:00:00,0.0097900,0.0100500,0.0097600,0.0099300,12075360,1783079999999,2026-07-03 11:59:59,119678.7336200,2733,5972101,59210.5114300
1783080000000,2026-07-03 12:00:00,0.0099300,0.0099700,0.0098400,0.0099100,8711658,1783094399999,2026-07-03 15:59:59,86352.9834800,2421,3673294,36404.3001500
1783094400000,2026-07-03 16:00:00,0.0099000,0.0100100,0.0098500,0.0099700,7543826,1783108799999,2026-07-03 19:59:59,74712.8863700,2349,3342242,33120.5122400
1783108800000,2026-07-03 20:00:00,0.0099800,0.0101000,0.0099400,0.0100000,10076202,1783123199999,2026-07-03 23:59:59,101047.9449300,3051,5284922,52995.6249300
1783123200000,2026-07-04 00:00:00,0.0099900,0.0100700,0.0099200,0.0099800,9490690,1783137599999,2026-07-04 03:59:59,94810.7913800,2304,4728674,47261.3544900
1783137600000,2026-07-04 04:00:00,0.0099800,0.0100100,0.0098800,0.0099600,8583554,1783151999999,2026-07-04 07:59:59,85355.5293000,2109,4711210,46832.2189700
1783152000000,2026-07-04 08:00:00,0.0099500,0.0101100,0.0098800,0.0100700,14582476,1783166399999,2026-07-04 11:59:59,145623.3337300,2603,7631642,76205.2795800
1783166400000,2026-07-04 12:00:00,0.0100700,0.0102000,0.0100000,0.0101200,13417644,1783180799999,2026-07-04 15:59:59,135304.6623800,2781,7110405,71705.4185000
1783180800000,2026-07-04 16:00:00,0.0101100,0.0101900,0.0100500,0.0100500,9591534,1783195199999,2026-07-04 19:59:59,96925.7836200,2534,4128404,41728.1355600
1783195200000,2026-07-04 20:00:00,0.0100500,0.0100700,0.0098700,0.0099400,7140940,1783209599999,2026-07-04 23:59:59,71317.2497700,1962,3640290,36366.0445900
1783209600000,2026-07-05 00:00:00,0.0099500,0.0099800,0.0097600,0.0098100,11367378,1783223999999,2026-07-05 03:59:59,111940.2410700,2531,5685845,55994.5006700
1783224000000,2026-07-05 04:00:00,0.0098100,0.0098500,0.0097200,0.0098000,8136358,1783238399999,2026-07-05 07:59:59,79643.2726400,1886,3462799,33885.2265600
1783238400000,2026-07-05 08:00:00,0.0097900,0.0098100,0.0096500,0.0097200,9315629,1783252799999,2026-07-05 11:59:59,90598.3371900,2134,4202172,40833.2200200
1783252800000,2026-07-05 12:00:00,0.0097200,0.0098300,0.0096900,0.0097600,7130676,1783267199999,2026-07-05 15:59:59,69573.7856300,1982,3294978,32158.0929300
1783267200000,2026-07-05 16:00:00,0.0097700,0.0098100,0.0097100,0.0097300,6188582,1783281599999,2026-07-05 19:59:59,60363.9208900,1852,2199560,21453.7622900
1783281600000,2026-07-05 20:00:00,0.0097200,0.0099200,0.0096900,0.0098600,8036812,1783295999999,2026-07-05 23:59:59,78964.8165700,2358,3773518,37062.6627300
1783296000000,2026-07-06 00:00:00,0.0098500,0.0099000,0.0097000,0.0097600,9581456,1783310399999,2026-07-06 03:59:59,94068.3578600,2318,4661111,45769.9057200
1783310400000,2026-07-06 04:00:00,0.0097500,0.0097600,0.0095600,0.0096100,8471226,1783324799999,2026-07-06 07:59:59,81591.6330100,2510,3725401,35903.7718600
1783324800000,2026-07-06 08:00:00,0.0096100,0.0096400,0.0095400,0.0095400,7040489,1783339199999,2026-07-06 11:59:59,67585.4086300,2005,2808802,26961.5699500
1783339200000,2026-07-06 12:00:00,0.0095400,0.0098100,0.0094000,0.0098000,16499048,1783353599999,2026-07-06 15:59:59,157247.5062700,3525,7641202,72785.4376600
1783353600000,2026-07-06 16:00:00,0.0097900,0.0098900,0.0097500,0.0097500,9598647,1783367999999,2026-07-06 19:59:59,94193.7848200,2138,5078780,49846.2763600
1783368000000,2026-07-06 20:00:00,0.0097500,0.0099200,0.0097200,0.0097400,10910836,1783382399999,2026-07-06 23:59:59,107122.2443100,2023,5582142,54821.5818200
1783382400000,2026-07-07 00:00:00,0.0097300,0.0098200,0.0095800,0.0095800,14929865,1783396799999,2026-07-07 03:59:59,144457.2316600,2340,6651167,64375.4145300
1783396800000,2026-07-07 04:00:00,0.0095900,0.0096600,0.0095400,0.0095900,8338186,1783411199999,2026-07-07 07:59:59,80050.3693800,2639,3928730,37712.0638300
1783411200000,2026-07-07 08:00:00,0.0095800,0.0096200,0.0095400,0.0095900,6721888,1783425599999,2026-07-07 11:59:59,64374.0706700,1591,2842102,27221.7320800
1783425600000,2026-07-07 12:00:00,0.0096000,0.0096600,0.0094200,0.0096000,8334309,1783439999999,2026-07-07 15:59:59,79553.6919500,2225,3357614,32031.5704200
1783440000000,2026-07-07 16:00:00,0.0096000,0.0096500,0.0094300,0.0094800,9371399,1783454399999,2026-07-07 19:59:59,89533.0120800,2332,4175752,39929.7404000
1783454400000,2026-07-07 20:00:00,0.0094900,0.0095000,0.0093200,0.0093700,9101362,1783468799999,2026-07-07 23:59:59,85633.7997000,2034,3707609,34874.0375500
1783468800000,2026-07-08 00:00:00,0.0093700,0.0094600,0.0091800,0.0092500,14409789,1783483199999,2026-07-08 03:59:59,133987.3649800,2764,7462463,69399.1063800
1783483200000,2026-07-08 04:00:00,0.0092500,0.0092800,0.0091700,0.0092800,9872010,1783497599999,2026-07-08 07:59:59,91105.0500900,2245,4261494,39349.6620800
1783497600000,2026-07-08 08:00:00,0.0092700,0.0093400,0.0091200,0.0092600,14252528,1783511999999,2026-07-08 11:59:59,131233.5439300,2648,6931238,63827.7897400
1783512000000,2026-07-08 12:00:00,0.0092600,0.0093600,0.0091700,0.0091700,16208297,1783526399999,2026-07-08 15:59:59,150337.8437000,2754,7547185,70057.5574400
1783526400000,2026-07-08 16:00:00,0.0091700,0.0093600,0.0091600,0.0092600,11724725,1783540799999,2026-07-08 19:59:59,108562.5044100,2097,4410265,40811.3588700
1783540800000,2026-07-08 20:00:00,0.0092600,0.0117200,0.0092400,0.0106300,847028239,1783555199999,2026-07-08 23:59:59,8907682.2574700,112673,428435861,4502649.6430300
1783555200000,2026-07-09 00:00:00,0.0106300,0.0106300,0.0095200,0.0095700,283684425,1783569599999,2026-07-09 03:59:59,2844704.8345600,36583,129703598,1302148.7514500
1783569600000,2026-07-09 04:00:00,0.0095700,0.0097000,0.0090600,0.0096700,175860710,1783583999999,2026-07-09 07:59:59,1661032.4880400,19970,83580664,790456.6553500
1783584000000,2026-07-09 08:00:00,0.0096600,0.0097000,0.0093700,0.0094000,104574998,1783598399999,2026-07-09 11:59:59,999708.8326700,13711,53560322,512857.3794200
1783598400000,2026-07-09 12:00:00,0.0094000,0.0094300,0.0091600,0.0092200,48181680,1783612799999,2026-07-09 15:59:59,447942.4686600,8898,24091275,223939.8166900
1783612800000,2026-07-09 16:00:00,0.0092200,0.0092900,0.0088400,0.0090900,75060073,1783627199999,2026-07-09 19:59:59,683357.1983700,10283,37124481,338543.5725800
1783627200000,2026-07-09 20:00:00,0.0090900,0.0092000,0.0089600,0.0091400,69083601,1783641599999,2026-07-09 23:59:59,629348.5465200,11501,36837630,335710.1067100
1783641600000,2026-07-10 00:00:00,0.0091400,0.0096000,0.0090800,0.0095700,109470110,1783655999999,2026-07-10 03:59:59,1024439.7235300,14059,58728397,550354.4288700
1783656000000,2026-07-10 04:00:00,0.0095800,0.0103800,0.0094900,0.0102700,188112479,1783670399999,2026-07-10 07:59:59,1879941.5550600,23264,94605941,946076.9318700
1783670400000,2026-07-10 08:00:00,0.0102600,0.0103700,0.0094900,0.0098800,236493911,1783684799999,2026-07-10 11:59:59,2359061.4802600,28526,121153698,1208586.6900000
1783684800000,2026-07-10 12:00:00,0.0098800,0.0099700,0.0096300,0.0097000,55634184,1783699199999,2026-07-10 15:59:59,545877.1640900,10648,24970430,245134.0610900
1783699200000,2026-07-10 16:00:00,0.0097000,0.0098100,0.0095200,0.0095700,34169299,1783713599999,2026-07-10 19:59:59,330403.3027400,6513,17509140,169582.6839200
1783713600000,2026-07-10 20:00:00,0.0095700,0.0096900,0.0095200,0.0096700,21316947,1783727999999,2026-07-10 23:59:59,204512.1151200,6007,12559399,120505.5833500
1783728000000,2026-07-11 00:00:00,0.0096700,0.0096900,0.0095400,0.0096200,22386514,1783742399999,2026-07-11 03:59:59,215235.9645900,5708,12709205,122197.8866800
1783742400000,2026-07-11 04:00:00,0.0096200,0.0096700,0.0095700,0.0096300,14617648,1783756799999,2026-07-11 07:59:59,140587.4986200,4606,7314655,70349.2087100
1783756800000,2026-07-11 08:00:00,0.0096400,0.0096600,0.0095400,0.0096000,12216963,1783771199999,2026-07-11 11:59:59,117222.7710200,3344,5851896,56173.7142000
1783771200000,2026-07-11 12:00:00,0.0095900,0.0096000,0.0094600,0.0095300,22442105,1783785599999,2026-07-11 15:59:59,214065.5982800,4166,10493892,100130.0402300
1783785600000,2026-07-11 16:00:00,0.0095400,0.0096500,0.0095100,0.0096300,19916120,1783799999999,2026-07-11 19:59:59,190661.9924300,4459,8125542,77781.1668800
1783800000000,2026-07-11 20:00:00,0.0096300,0.0096500,0.0092400,0.0092500,24240145,1783814399999,2026-07-11 23:59:59,229279.6010500,5574,9311255,88126.6121600
1783814400000,2026-07-12 00:00:00,0.0092500,0.0094400,0.0092100,0.0094200,17724572,1783828799999,2026-07-12 03:59:59,165030.5609800,4855,9595167,89398.9898200
1783828800000,2026-07-12 04:00:00,0.0094200,0.0094800,0.0093100,0.0093700,15503622,1783843199999,2026-07-12 07:59:59,145535.4370900,4327,8144368,76438.1036400
1783843200000,2026-07-12 08:00:00,0.0093600,0.0096100,0.0093400,0.0095400,18560218,1783857599999,2026-07-12 11:59:59,175883.5464000,4660,9971810,94511.4265600
1783857600000,2026-07-12 12:00:00,0.0095400,0.0096900,0.0095100,0.0096000,27407456,1783871999999,2026-07-12 15:59:59,263718.6962400,5719,13452136,129454.5181400
1783872000000,2026-07-12 16:00:00,0.0096000,0.0097000,0.0095300,0.0096200,20263102,1783886399999,2026-07-12 19:59:59,194908.2775700,7000,10384563,99909.8835400
1783886400000,2026-07-12 20:00:00,0.0096200,0.0096400,0.0094200,0.0094900,13182811,1783900799999,2026-07-12 23:59:59,125556.0336200,12135,5707757,54347.9706600
1783900800000,2026-07-13 00:00:00,0.0094900,0.0096500,0.0091400,0.0091800,25725500,1783915199999,2026-07-13 03:59:59,241273.7076300,5626,12300492,115364.1393800
1783915200000,2026-07-13 04:00:00,0.0091800,0.0093300,0.0091600,0.0093200,9625427,1783929599999,2026-07-13 07:59:59,88912.6288600,3086,4897581,45246.1668200
1783929600000,2026-07-13 08:00:00,0.0093200,0.0093700,0.0092700,0.0092800,9200796,1783943999999,2026-07-13 11:59:59,85843.3622300,2772,5142122,47986.2666200
1783944000000,2026-07-13 12:00:00,0.0092700,0.0092900,0.0091500,0.0092300,14576759,1783958399999,2026-07-13 15:59:59,134621.1404500,3030,6448321,59551.5175900
1783958400000,2026-07-13 16:00:00,0.0092300,0.0092900,0.0091100,0.0092100,12870814,1783972799999,2026-07-13 19:59:59,118279.5185300,2671,5626379,51726.8050200
1783972800000,2026-07-13 20:00:00,0.0092000,0.0092200,0.0090700,0.0091800,9615191,1783987199999,2026-07-13 23:59:59,87975.7162100,2274,4024514,36814.5405000
1783987200000,2026-07-14 00:00:00,0.0091900,0.0092600,0.0091400,0.0091700,7763320,1784001599999,2026-07-14 03:59:59,71439.2528100,4640,4171148,38400.5947000
1784001600000,2026-07-14 04:00:00,0.0091700,0.0092800,0.0091500,0.0092600,7831492,1784015999999,2026-07-14 07:59:59,72204.7313000,4900,4325320,39898.8402400
1784016000000,2026-07-14 08:00:00,0.0092600,0.0094200,0.0092500,0.0093300,13008461,1784030399999,2026-07-14 11:59:59,121436.5878400,2408,6292679,58745.0823400
1784030400000,2026-07-14 12:00:00,0.0093200,0.0095400,0.0092800,0.0094700,17610141,1784044799999,2026-07-14 15:59:59,166325.0067800,3787,8686620,82025.9372600
1784044800000,2026-07-14 16:00:00,0.0094700,0.0095500,0.0093300,0.0093900,13110383,1784059199999,2026-07-14 19:59:59,123483.8128900,2960,6246663,58846.0720000
1784059200000,2026-07-14 20:00:00,0.0093800,0.0094500,0.0093200,0.0094000,13399629,1784073599999,2026-07-14 23:59:59,125708.7245800,3073,6855474,64360.9576600
1784073600000,2026-07-15 00:00:00,0.0093900,0.0094000,0.0092900,0.0093300,8821038,1784087999999,2026-07-15 03:59:59,82347.5715900,2235,4446852,41513.5521000
1784088000000,2026-07-15 04:00:00,0.0093300,0.0093700,0.0092300,0.0092900,11730421,1784102399999,2026-07-15 07:59:59,109117.7562100,2617,5312338,49412.8895500
1784102400000,2026-07-15 08:00:00,0.0092800,0.0094100,0.0092600,0.0094000,10641666,1784116799999,2026-07-15 11:59:59,99466.8839900,2279,5889946,55063.1576800
1784116800000,2026-07-15 12:00:00,0.0093900,0.0095300,0.0093100,0.0094400,13692707,1784131199999,2026-07-15 15:59:59,129001.9280300,2905,6488693,61109.7854200
1784131200000,2026-07-15 16:00:00,0.0094300,0.0095100,0.0093500,0.0093900,13048397,1784145599999,2026-07-15 19:59:59,123023.1114000,2595,5757788,54299.2034000
1784145600000,2026-07-15 20:00:00,0.0093900,0.0094500,0.0093100,0.0093500,16294505,1784159999999,2026-07-15 23:59:59,153082.1007600,2886,6448703,60602.1217900
1784160000000,2026-07-16 00:00:00,0.0093500,0.0094700,0.0093000,0.0093600,15652148,1784174399999,2026-07-16 03:59:59,146818.6363900,2772,8076489,75779.3038800
1784174400000,2026-07-16 04:00:00,0.0093600,0.0094600,0.0093100,0.0093500,11205700,1784188799999,2026-07-16 07:59:59,105251.0028300,2086,6577569,61792.4635600
1784188800000,2026-07-16 08:00:00,0.0093400,0.0093500,0.0092300,0.0092800,9282856,1784203199999,2026-07-16 11:59:59,86256.8854300,2190,4775059,44380.3811600
1784203200000,2026-07-16 12:00:00,0.0092800,0.0093400,0.0092400,0.0093000,9055369,1784217599999,2026-07-16 15:59:59,84084.7097200,1911,5112797,47477.1727100
1784217600000,2026-07-16 16:00:00,0.0093000,0.0093300,0.0092000,0.0092300,6305895,1784231999999,2026-07-16 19:59:59,58352.9759500,1676,3199100,29611.5864900
1784232000000,2026-07-16 20:00:00,0.0092300,0.0092800,0.0091300,0.0091500,10852021,1784246399999,2026-07-16 23:59:59,99832.9792700,2021,4779687,44009.4507100
1784246400000,2026-07-17 00:00:00,0.0091500,0.0092400,0.0091100,0.0091800,8228545,1784260799999,2026-07-17 03:59:59,75443.8284100,2129,3426828,31418.1431800
1784260800000,2026-07-17 04:00:00,0.0091700,0.0092000,0.0090400,0.0090700,13961430,1784275199999,2026-07-17 07:59:59,127299.2583100,2375,5890071,53769.6418100
1784275200000,2026-07-17 08:00:00,0.0090600,0.0091900,0.0090500,0.0091900,8970074,1784289599999,2026-07-17 11:59:59,81991.2115900,2013,4434950,40527.8753000
1784289600000,2026-07-17 12:00:00,0.0091900,0.0092600,0.0090600,0.0091600,16322631,1784303999999,2026-07-17 15:59:59,149294.7761900,2565,7568344,69237.4367500
1784304000000,2026-07-17 16:00:00,0.0091600,0.0092400,0.0091200,0.0091400,11837967,1784318399999,2026-07-17 19:59:59,108732.5514200,3101,4751615,43649.7324900
1784318400000,2026-07-17 20:00:00,0.0091400,0.0091400,0.0090100,0.0090800,10887986,1784332799999,2026-07-17 23:59:59,99002.3590000,2867,5812321,52886.4616200
1784332800000,2026-07-18 00:00:00,0.0090700,0.0090800,0.0089300,0.0089400,11936935,1784347199999,2026-07-18 03:59:59,107427.6112900,2705,5228853,47075.0465200
1784347200000,2026-07-18 04:00:00,0.0089400,0.0089700,0.0088600,0.0089500,13069363,1784361599999,2026-07-18 07:59:59,116611.9023400,3149,5551031,49550.8956200
1784361600000,2026-07-18 08:00:00,0.0089500,0.0089900,0.0088800,0.0089400,10112188,1784375999999,2026-07-18 11:59:59,90463.4350500,2247,5040279,45114.1939900
1784376000000,2026-07-18 12:00:00,0.0089400,0.0089900,0.0088700,0.0089400,12052472,1784390399999,2026-07-18 15:59:59,107515.9802000,2427,6864847,61220.4223300
1784390400000,2026-07-18 16:00:00,0.0089300,0.0090100,0.0088900,0.0089200,13098489,1784404799999,2026-07-18 19:59:59,117194.3254100,2162,6043130,54069.9835000
1784404800000,2026-07-18 20:00:00,0.0089100,0.0089700,0.0089000,0.0089500,8800812,1784419199999,2026-07-18 23:59:59,78561.5275200,2045,4819769,43031.3157300
1784419200000,2026-07-19 00:00:00,0.0089500,0.0090200,0.0089100,0.0089400,11489621,1784433599999,2026-07-19 03:59:59,103052.4422400,2023,6200636,55602.4708800
1784433600000,2026-07-19 04:00:00,0.0089400,0.0089600,0.0088900,0.0089200,6763995,1784447999999,2026-07-19 07:59:59,60358.0656600,1559,3526914,31479.7211500
1784448000000,2026-07-19 08:00:00,0.0089100,0.0089400,0.0088600,0.0088700,8173535,1784462399999,2026-07-19 11:59:59,72788.4785100,1928,4033233,35915.6455300
1784462400000,2026-07-19 12:00:00,0.0088700,0.0089000,0.0087900,0.0088600,13149615,1784476799999,2026-07-19 15:59:59,116429.3055200,2297,6065528,53723.1480100
1784476800000,2026-07-19 16:00:00,0.0088500,0.0089100,0.0086800,0.0087400,21309059,1784491199999,2026-07-19 19:59:59,187409.1344700,3399,8943397,78731.1765000
1784491200000,2026-07-19 20:00:00,0.0087400,0.0088000,0.0086800,0.0087200,11673391,1784505599999,2026-07-19 23:59:59,101983.4897900,2218,4930342,43102.3809500
1784505600000,2026-07-20 00:00:00,0.0087200,0.0088300,0.0086800,0.0087200,14099336,1784519999999,2026-07-20 03:59:59,123299.6697800,2808,6221789,54420.7184500
1784520000000,2026-07-20 04:00:00,0.0087200,0.0088100,0.0085900,0.0088100,14037472,1784534399999,2026-07-20 07:59:59,121746.0928900,2673,6939966,60225.2720500
1784534400000,2026-07-20 08:00:00,0.0088100,0.0088700,0.0087200,0.0088500,15504398,1784548799999,2026-07-20 11:59:59,136069.2680000,2662,7616888,66851.7576500
1784548800000,2026-07-20 12:00:00,0.0088500,0.0088700,0.0086900,0.0088400,12355081,1784563199999,2026-07-20 15:59:59,108639.4087900,2630,5621069,49452.1405200
1784563200000,2026-07-20 16:00:00,0.0088300,0.0088900,0.0087800,0.0088100,14489780,1784577599999,2026-07-20 19:59:59,127958.8595100,2538,7192565,63532.3657500
1784577600000,2026-07-20 20:00:00,0.0088200,0.0088700,0.0087400,0.0087600,10158339,1784591999999,2026-07-20 23:59:59,89439.6954700,2083,4864665,42859.7638700
1784592000000,2026-07-21 00:00:00,0.0087500,0.0089200,0.0087300,0.0088400,18191111,1784606399999,2026-07-21 03:59:59,160300.9014200,2659,11026123,97186.3946000
1784606400000,2026-07-21 04:00:00,0.0088300,0.0089600,0.0088200,0.0089400,12719942,1784620799999,2026-07-21 07:59:59,113178.4477700,3064,7472312,66507.5337500
1784620800000,2026-07-21 08:00:00,0.0089400,0.0089400,0.0087900,0.0088200,9874412,1784635199999,2026-07-21 11:59:59,87489.9518100,2146,3944723,34935.4780500
1784635200000,2026-07-21 12:00:00,0.0088200,0.0089200,0.0088100,0.0089200,10778633,1784649599999,2026-07-21 15:59:59,95635.9886300,2087,6428662,57055.8207200
1784649600000,2026-07-21 16:00:00,0.0089100,0.0089200,0.0088100,0.0089000,9633988,1784663999999,2026-07-21 19:59:59,85332.3912300,1641,4502376,39876.4859500
1784664000000,2026-07-21 20:00:00,0.0088900,0.0089300,0.0088200,0.0088600,11497553,1784678399999,2026-07-21 23:59:59,102087.1318600,1579,4358859,38693.9167100
1784678400000,2026-07-22 00:00:00,0.0088500,0.0089100,0.0088000,0.0088000,7767319,1784692799999,2026-07-22 03:59:59,68861.5835700,1699,3729285,33068.1665600
1784692800000,2026-07-22 04:00:00,0.0088100,0.0088500,0.0087100,0.0087400,7605178,1784707199999,2026-07-22 07:59:59,66659.4210100,1750,3789693,33239.6077800
1784707200000,2026-07-22 08:00:00,0.0087300,0.0088600,0.0087200,0.0088200,9581230,1784721599999,2026-07-22 11:59:59,84357.3977000,1984,4779257,42067.0378800
1784721600000,2026-07-22 12:00:00,0.0088300,0.0091100,0.0087700,0.0090400,18666273,1784735999999,2026-07-22 15:59:59,166660.5635700,2804,10652155,95160.2997900
1784736000000,2026-07-22 16:00:00,0.0090500,0.0093000,0.0089300,0.0089700,43841903,1784750399999,2026-07-22 19:59:59,399275.0629300,5516,21490736,196009.0363800
1784750400000,2026-07-22 20:00:00,0.0089600,0.0090500,0.0089400,0.0090300,9883974,1784764799999,2026-07-22 23:59:59,88924.6875400,2693,4890255,43997.4543500
1784764800000,2026-07-23 00:00:00,0.0090300,0.0090500,0.0089600,0.0089600,11973467,1784779199999,2026-07-23 03:59:59,107933.9854200,2656,5343460,48173.0462900
1784779200000,2026-07-23 04:00:00,0.0089700,0.0093600,0.0089600,0.0092400,57361661,1784793599999,2026-07-23 07:59:59,527847.3479800,6339,32734835,301237.1377100
1784793600000,2026-07-23 08:00:00,0.0092400,0.0094700,0.0092000,0.0094000,83313026,1784807999999,2026-07-23 11:59:59,779806.2272400,10424,41114174,385021.6268300
1784808000000,2026-07-23 12:00:00,0.0094000,0.0096800,0.0091600,0.0091800,107464397,1784822399999,2026-07-23 15:59:59,1005752.6865200,11753,50602333,474508.1763700
1784822400000,2026-07-23 16:00:00,0.0091900,0.0091900,0.0088500,0.0090900,48407097,1784836799999,2026-07-23 19:59:59,436325.1126000,5945,22154516,199902.5404900
1784836800000,2026-07-23 20:00:00,0.0091000,0.0092200,0.0088000,0.0089800,36129122,1784851199999,2026-07-23 23:59:59,326809.5369500,4197,17251053,156321.2822000
1784851200000,2026-07-24 00:00:00,0.0089900,0.0091200,0.0088100,0.0090600,29272200,1784865599999,2026-07-24 03:59:59,262497.8133900,3756,12983884,116463.3967100
1784865600000,2026-07-24 04:00:00,0.0090500,0.0095600,0.0090400,0.0092300,41741798,1784879999999,2026-07-24 07:59:59,385309.0872800,5314,24774993,228982.6222000
1784880000000,2026-07-24 08:00:00,0.0092200,0.0092300,0.0089600,0.0090400,25943075,1784894399999,2026-07-24 11:59:59,235631.3159300,3962,10964228,99560.8093700
1784894400000,2026-07-24 12:00:00,0.0090400,0.0090500,0.0087300,0.0089300,48162404,1784908799999,2026-07-24 15:59:59,430203.8225100,4920,20945778,187436.7652000
1784908800000,2026-07-24 16:00:00,0.0089300,0.0089700,0.0088300,0.0088500,12788474,1784923199999,2026-07-24 19:59:59,113657.8050600,3259,5659619,50321.5873600
1784923200000,2026-07-24 20:00:00,0.0088500,0.0089300,0.0087200,0.0088100,16587444,1784937599999,2026-07-24 23:59:59,146457.3006700,2394,9204430,81356.0562400
1784937600000,2026-07-25 00:00:00,0.0088000,0.0089000,0.0087900,0.0088800,6829834,1784951999999,2026-07-25 03:59:59,60538.2579200,1888,3779694,33509.8574800
1784952000000,2026-07-25 04:00:00,0.0088700,0.0088900,0.0087100,0.0087400,13704859,1784966399999,2026-07-25 07:59:59,120636.2122200,2218,5109471,45019.2394200
1784966400000,2026-07-25 08:00:00,0.0087400,0.0088200,0.0087200,0.0088100,12134088,1784980799999,2026-07-25 11:59:59,106536.1166100,2417,6583801,57827.1004700
1784980800000,2026-07-25 12:00:00,0.0088100,0.0088600,0.0087800,0.0088500,9532011,1784995199999,2026-07-25 15:59:59,84009.8360400,2144,5248126,46264.2213500
1784995200000,2026-07-25 16:00:00,0.0088500,0.0089100,0.0087800,0.0088400,12146018,1785009599999,2026-07-25 19:59:59,107493.8365400,2203,5296466,46907.5272500
1785009600000,2026-07-25 20:00:00,0.0088400,0.0089300,0.0088200,0.0088500,8324518,1785023999999,2026-07-25 23:59:59,73851.9930600,1882,3806122,33775.6504100
1785024000000,2026-07-26 00:00:00,0.0088500,0.0089100,0.0088400,0.0089100,9016757,1785038399999,2026-07-26 03:59:59,80022.3443800,1741,4384705,38921.6217600
1785038400000,2026-07-26 04:00:00,0.0089100,0.0089700,0.0088100,0.0089400,15062787,1785052799999,2026-07-26 07:59:59,134182.3508900,2349,6497729,57896.8200600
1785052800000,2026-07-26 08:00:00,0.0089400,0.0089600,0.0088500,0.0088500,8692622,1785067199999,2026-07-26 11:59:59,77354.4435300,1848,3477698,30964.3131500
1785067200000,2026-07-26 12:00:00,0.0088600,0.0088800,0.0087900,0.0088600,9440763,1785081599999,2026-07-26 15:59:59,83495.8420200,2134,3927890,34762.5627400
1785081600000,2026-07-26 16:00:00,0.0088600,0.0088800,0.0088000,0.0088100,5236376,1785095999999,2026-07-26 19:59:59,46267.2458600,1385,2405624,21255.0244800
1785096000000,2026-07-26 20:00:00,0.0088200,0.0089300,0.0088100,0.0088800,5602293,1785110399999,2026-07-26 23:59:59,49689.8332200,1848,3092158,27427.3409700
1785110400000,2026-07-27 00:00:00,0.0088900,0.0089200,0.0088500,0.0088900,7041255,1785124799999,2026-07-27 03:59:59,62622.7536400,2061,3156094,28067.8792400
1785124800000,2026-07-27 04:00:00,0.0088900,0.0090000,0.0088700,0.0088700,10014494,1785139199999,2026-07-27 07:59:59,89323.5482200,1975,4684919,41799.5692700
1785139200000,2026-07-27 08:00:00,0.0088800,0.0088900,0.0087800,0.0087900,11981226,1785153599999,2026-07-27 11:59:59,105894.6617000,2141,5539242,49009.2634700
1785153600000,2026-07-27 12:00:00,0.0087800,0.0088200,0.0084500,0.0084600,34544362,1785167999999,2026-07-27 15:59:59,297682.4128700,4396,14222112,122583.1942500
1785168000000,2026-07-27 16:00:00,0.0084600,0.0085900,0.0084200,0.0085800,12477617,1785182399999,2026-07-27 19:59:59,106143.9301600,3020,6751775,57454.3854200
1785182400000,2026-07-27 20:00:00,0.0085900,0.0090200,0.0085400,0.0086300,104061145,1785196799999,2026-07-27 23:59:59,916645.1976300,14273,52132655,459361.1451300
1785196800000,2026-07-28 00:00:00,0.0086400,0.0088300,0.0084900,0.0087500,26031479,1785211199999,2026-07-28 03:59:59,226078.9121500,4112,11970960,103940.6632900
1785211200000,2026-07-28 04:00:00,0.0087400,0.0088100,0.0085100,0.0085300,19058574,1785225599999,2026-07-28 07:59:59,165093.4389900,3557,8920107,77320.9097300
1785225600000,2026-07-28 08:00:00,0.0085400,0.0085700,0.0083600,0.0084800,24664866,1785239999999,2026-07-28 11:59:59,209304.4588900,3196,11711517,99454.0625800
1785240000000,2026-07-28 12:00:00,0.0084800,0.0085800,0.0083100,0.0085400,21619351,1785254399999,2026-07-28 15:59:59,182222.2229600,3939,10773675,90881.5397800
1785254400000,2026-07-28 16:00:00,0.0085500,0.0085700,0.0084500,0.0084800,9519670,1785268799999,2026-07-28 19:59:59,80864.8320000,2393,5145781,43721.2934000
1785268800000,2026-07-28 20:00:00,0.0084800,0.0085100,0.0083300,0.0083900,7194544,1785283199999,2026-07-28 23:59:59,60578.1330200,2095,3214531,27083.3583700
1785283200000,2026-07-29 00:00:00,0.0083900,0.0084400,0.0081000,0.0081000,21099056,1785297599999,2026-07-29 03:59:59,174328.6751200,4119,8285697,68516.8766900
1785297600000,2026-07-29 04:00:00,0.0081100,0.0082600,0.0080500,0.0082200,12080607,1785311999999,2026-07-29 07:59:59,98579.2495200,2620,6483002,52899.8343100
1785312000000,2026-07-29 08:00:00,0.0082300,0.0082500,0.0081400,0.0081600,7342975,1785326399999,2026-07-29 11:59:59,60192.6821400,1796,3594997,29485.3611300
1785326400000,2026-07-29 12:00:00,0.0081600,0.0081600,0.0079800,0.0080800,15536071,1785340799999,2026-07-29 15:59:59,125386.2097000,2319,6819325,55070.2979300
1785340800000,2026-07-29 16:00:00,0.0080700,0.0082200,0.0079700,0.0079900,14039957,1785355199999,2026-07-29 19:59:59,113695.9979300,2425,6459035,52316.6374400
1785355200000,2026-07-29 20:00:00,0.0079900,0.0080300,0.0078900,0.0079800,14930062,1785369599999,2026-07-29 23:59:59,119008.2458200,2925,7150791,57015.2061700
1785369600000,2026-07-30 00:00:00,0.0079800,0.0081800,0.0078900,0.0081500,16778376,1785383999999,2026-07-30 03:59:59,134850.3771500,3085,9749065,78440.1762900
1785384000000,2026-07-30 04:00:00,0.0081500,0.0083300,0.0081200,0.0082000,16122963,1785398399999,2026-07-30 07:59:59,132631.4240100,3923,8117339,66745.5725900
1785398400000,2026-07-30 08:00:00,0.0082000,0.0082700,0.0080800,0.0081100,13138212,1785412799999,2026-07-30 11:59:59,107400.9679900,3266,6694789,54781.3843800
1785412800000,2026-07-30 12:00:00,0.0081100,0.0082100,0.0080800,0.0080800,17184707,1785427199999,2026-07-30 15:59:59,140040.8362800,3249,7964524,64907.9443100
1785427200000,2026-07-30 16:00:00,0.0080800,0.0081200,0.0080100,0.0080600,13988534,1785441599999,2026-07-30 19:59:59,112737.4111900,2443,7068909,56984.9732900
1785441600000,2026-07-30 20:00:00,0.0080600,0.0080900,0.0080100,0.0080300,8575711,1785455999999,2026-07-30 23:59:59,69050.0793900,1980,3937281,31721.3334400
1785456000000,2026-07-31 00:00:00,0.0080300,0.0081100,0.0079800,0.0080900,10434296,1785470399999,2026-07-31 03:59:59,84000.9459600,2592,5419851,43631.8292300
1785470400000,2026-07-31 04:00:00,0.0081000,0.0081300,0.0080100,0.0081100,12248164,1785484799999,2026-07-31 07:59:59,98814.4622700,4504,5846456,47192.2267500
1785484800000,2026-07-31 08:00:00,0.0081100,0.0081300,0.0079500,0.0079700,17388427,1785499199999,2026-07-31 11:59:59,139579.9096100,3075,8525108,68420.8299100
1785499200000,2026-07-31 12:00:00,0.0079700,0.0079700,0.0077600,0.0079000,26785248,1785513599999,2026-07-31 15:59:59,211461.3856300,4765,13807761,109024.4972000
1785513600000,2026-07-31 16:00:00,0.0078900,0.0080700,0.0078900,0.0080200,9682053,1785527999999,2026-07-31 19:59:59,77384.4057700,2454,5294785,42307.5424700
1785528000000,2026-07-31 20:00:00,0.0080200,0.0080800,0.0079900,0.0080200,7567808,1785542399999,2026-07-31 23:59:59,60817.8871200,1879,3647930,29333.1834100
1785542400000,2026-08-01 00:00:00,0.0080200,0.0081400,0.0080200,0.0081000,8870137,1785556799999,2026-08-01 03:59:59,71861.2983000,2085,4256097,34472.6561800
1785556800000,2026-08-01 04:00:00,0.0081100,0.0082200,0.0080800,0.0080800,9141526,1785571199999,2026-08-01 07:59:59,74663.0759000,2100,4276367,34944.3989700
1785571200000,2026-08-01 08:00:00,0.0080800,0.0081600,0.0080600,0.0080800,6250343,1785585599999,2026-08-01 11:59:59,50621.0650700,1602,3615662,29271.2683300
1785585600000,2026-08-01 12:00:00,0.0080700,0.0081100,0.0080100,0.0080300,9528704,1785599999999,2026-08-01 15:59:59,76718.4876300,2448,5140385,41395.1431000
1785600000000,2026-08-01 16:00:00,0.0080200,0.0081300,0.0078600,0.0079200,19432919,1785614399999,2026-08-01 19:59:59,155032.3918700,3586,9227523,73748.1929800
1785614400000,2026-08-01 20:00:00,0.0079100,0.0079500,0.0078600,0.0079000,7467034,1785628799999,2026-08-01 23:59:59,59042.6294200,1832,3162249,25013.7327200
1785628800000,2026-08-02 00:00:00,0.0079000,0.0080400,0.0078900,0.0079900,10579981,1785643199999,2026-08-02 03:59:59,84357.9875400,2304,5907265,47123.8642200
1785643200000,2026-08-02 04:00:00,0.0079900,0.0080300,0.0079300,0.0079400,11829629,1785657599999,2026-08-02 07:59:59,94277.7667900,2233,7604472,60570.4672600
1785657600000,2026-08-02 08:00:00,0.0079400,0.0079800,0.0079300,0.0079500,8784342,1785671999999,2026-08-02 11:59:59,69854.5486900,1864,4155629,33055.4577300
1785672000000,2026-08-02 12:00:00,0.0079500,0.0081100,0.0079500,0.0079600,21606881,1785686399999,2026-08-02 15:59:59,173543.2909300,3052,11661178,93683.6251700
1785686400000,2026-08-02 16:00:00,0.0079700,0.0080000,0.0079300,0.0079500,7960333,1785700799999,2026-08-02 19:59:59,63334.9854500,2013,4280672,34070.3973600
1785700800000,2026-08-02 20:00:00,0.0079500,0.0080100,0.0079000,0.0079200,9624671,1785715199999,2026-08-02 23:59:59,76482.4943800,2048,4020753,31981.6012200
1785715200000,2026-08-03 00:00:00,0.0079200,0.0079500,0.0078300,0.0078800,10652103,1785729599999,2026-08-03 03:59:59,84096.6561200,2260,4987847,39378.2964000
1785729600000,2026-08-03 04:00:00,0.0078700,0.0079800,0.0078200,0.0078200,14209645,1785743999999,2026-08-03 07:59:59,112377.4352400,3417,7468674,59118.0672500
1785744000000,2026-08-03 08:00:00,0.0078300,0.0079200,0.0077900,0.0078800,9709594,1785758399999,2026-08-03 11:59:59,76164.8744800,2798,5512622,43261.5620100
1785758400000,2026-08-03 12:00:00,0.0078900,0.0081700,0.0078600,0.0081200,23043771,1785772799999,2026-08-03 15:59:59,185785.9330500,4597,10453639,84106.0237900
1785772800000,2026-08-03 16:00:00,0.0081200,0.0081700,0.0080000,0.0080100,12911757,1785787199999,2026-08-03 19:59:59,104124.7354600,2796,5993417,48318.8743600
1785787200000,2026-08-03 20:00:00,0.0080100,0.0080900,0.0079900,0.0080000,10148410,1785801599999,2026-08-03 23:59:59,81564.9060400,2231,5368043,43161.2879900
1785801600000,2026-08-04 00:00:00,0.0080100,0.0082100,0.0079200,0.0080500,26846390,1785815999999,2026-08-04 03:59:59,216513.7860600,3825,13523859,109180.6697900
1785816000000,2026-08-04 04:00:00,0.0080500,0.0081100,0.0079500,0.0079900,9924254,1785830399999,2026-08-04 07:59:59,79703.9258400,2679,4181226,33585.8630100
1785830400000,2026-08-04 08:00:00,0.0079900,0.0080200,0.0079200,0.0079900,13525226,1785844799999,2026-08-04 11:59:59,107794.1044600,2942,6925092,55208.2807900
1785844800000,2026-08-04 12:00:00,0.0079700,0.0079900,0.0078800,0.0079700,14917284,1785859199999,2026-08-04 15:59:59,118580.4213500,2765,6669708,53040.3701600
1785859200000,2026-08-04 16:00:00,0.0079800,0.0080000,0.0079200,0.0079600,10176463,1785873599999,2026-08-04 19:59:59,80959.4659600,2674,4368075,34776.9131600
1785873600000,2026-08-04 20:00:00,0.0079600,0.0079900,0.0078800,0.0079000,12152568,1785887999999,2026-08-04 23:59:59,96413.0901100,2481,5797473,46015.0437800
1785888000000,2026-08-05 00:00:00,0.0079000,0.0080600,0.0078400,0.0080300,16951060,1785902399999,2026-08-05 03:59:59,135167.6041800,2735,9767158,77872.3904600
1785902400000,2026-08-05 04:00:00,0.0080300,0.0082900,0.0080300,0.0082500,27902513,1785916799999,2026-08-05 07:59:59,228633.8788500,4706,14456157,118449.9386300
1785916800000,2026-08-05 08:00:00,0.0082400,0.0082500,0.0080800,0.0080900,14579993,1785931199999,2026-08-05 11:59:59,118763.5435700,3416,5925719,48254.8313200
1785931200000,2026-08-05 12:00:00,0.0080900,0.0081700,0.0080300,0.0080800,14437790,1785945599999,2026-08-05 15:59:59,116719.6598300,2576,6823510,55185.4306700
1785945600000,2026-08-05 16:00:00,0.0080900,0.0081200,0.0080400,0.0080500,8037120,1785959999999,2026-08-05 19:59:59,64911.7525600,1979,4086965,33022.2643700
1785960000000,2026-08-05 20:00:00,0.0080500,0.0080700,0.0079900,0.0080200,9733996,1785974399999,2026-08-05 23:59:59,78217.0902400,1860,4514349,36291.4809900
1785974400000,2026-08-06 00:00:00,0.0080300,0.0081000,0.0079700,0.0080700,11540755,1785988799999,2026-08-06 03:59:59,92738.6562400,2029,6980601,56105.6584900
1785988800000,2026-08-06 04:00:00,0.0080600,0.0084070,0.0080600,0.0083180,24186004,1786003199999,2026-08-06 07:59:59,200555.6606780,4288,11326783,93831.0900250
1786003200000,2026-08-06 08:00:00,0.0083230,0.0084040,0.0081700,0.0082840,27708549,1786017599999,2026-08-06 11:59:59,229673.8160850,10466,12710519,105423.4754190
1786017600000,2026-08-06 12:00:00,0.0082850,0.0084860,0.0082800,0.0083220,25513366,1786031999999,2026-08-06 15:59:59,213147.1627100,6477,11917560,99566.1226600
1786032000000,2026-08-06 16:00:00,0.0083220,0.0084540,0.0082050,0.0082320,24684371,1786046399999,2026-08-06 19:59:59,205858.3081680,4567,13300150,110918.5165930
1786046400000,2026-08-06 20:00:00,0.0082310,0.0082950,0.0081890,0.0082330,18931698,1786060799999,2026-08-06 23:59:59,156094.2277720,4032,7532457,62067.6613990
1786060800000,2026-08-07 00:00:00,0.0082350,0.0083520,0.0082200,0.0082290,17225969,1786075199999,2026-08-07 03:59:59,142622.2189360,4965,7216555,59744.5003910
1786075200000,2026-08-07 04:00:00,0.0082250,0.0085840,0.0081900,0.0085480,27545701,1786089599999,2026-08-07 07:59:59,231588.6957540,6569,13595647,114242.8461180
1786089600000,2026-08-07 08:00:00,0.0085450,0.0086280,0.0084070,0.0085120,27637341,1786103999999,2026-08-07 11:59:59,235273.0484200,7098,11847875,100921.1735350
1786104000000,2026-08-07 12:00:00,0.0085120,0.0089870,0.0084920,0.0085930,88222739,1786118399999,2026-08-07 15:59:59,768723.9954020,18683,45448701,396541.5213920
1786118400000,2026-08-07 16:00:00,0.0085990,0.0093000,0.0085450,0.0089970,185992382,1786132799999,2026-08-07 19:59:59,1657430.9638110,38258,93637579,834887.0147170
1786132800000,2026-08-07 20:00:00,0.0089910,0.0090960,0.0086510,0.0088660,51813360,1786147199999,2026-08-07 23:59:59,458769.3525080,11824,24009362,212854.6737060
1786147200000,2026-08-08 00:00:00,0.0088660,0.0090780,0.0086980,0.0087580,33435543,1786161599999,2026-08-08 03:59:59,295399.4297690,9858,15199603,134426.3099390
1786161600000,2026-08-08 04:00:00,0.0087580,0.0088480,0.0086710,0.0086970,24320967,1786175999999,2026-08-08 07:59:59,212402.6892100,8264,9218794,80644.5411750
1786176000000,2026-08-08 08:00:00,0.0086920,0.0091040,0.0086890,0.0089700,42216651,1786190399999,2026-08-08 11:59:59,376252.6932990,12578,19537673,174072.3366310
1786190400000,2026-08-08 12:00:00,0.0089680,0.0091500,0.0085450,0.0087920,45031823,1786204799999,2026-08-08 15:59:59,398044.1091460,11866,16933223,149640.1800660
1786204800000,2026-08-08 16:00:00,0.0087900,0.0088590,0.0087090,0.0087650,16944563,1786219199999,2026-08-08 19:59:59,148585.5414580,5799,7566711,66363.1941610
1786219200000,2026-08-08 20:00:00,0.0087610,0.0088060,0.0087160,0.0087840,13780929,1786233599999,2026-08-08 23:59:59,120829.5801980,6374,7519518,65960.6884720
1786233600000,2026-08-09 00:00:00,0.0087830,0.0090300,0.0087420,0.0089390,21041404,1786247999999,2026-08-09 03:59:59,187122.0258160,10287,11117748,98871.2945260
1786248000000,2026-08-09 04:00:00,0.0089450,0.0092920,0.0089350,0.0092130,39401792,1786262399999,2026-08-09 07:59:59,361160.5925910,21695,20030289,183515.5711320
1786262400000,2026-08-09 08:00:00,0.0092070,0.0093230,0.0091110,0.0091670,28628566,1786276799999,2026-08-09 11:59:59,263914.3489090,16627,14396246,132733.8257300
1786276800000,2026-08-09 12:00:00,0.0091680,0.0096860,0.0090710,0.0093410,75283035,1786291199999,2026-08-09 15:59:59,706169.5144580,28725,39044948,366263.5660150
1786291200000,2026-08-09 16:00:00,0.0093370,0.0104690,0.0092840,0.0097350,231561031,1786305599999,2026-08-09 19:59:59,2303467.6025790,90987,109323808,1086586.8017330
1786305600000,2026-08-09 20:00:00,0.0097360,0.0097700,0.0090260,0.0090880,60046702,1786319999999,2026-08-09 23:59:59,562669.0623010,23778,28017673,262526.7951750
1786320000000,2026-08-10 00:00:00,0.0090870,0.0093300,0.0089690,0.0091300,40315728,1786334399999,2026-08-10 03:59:59,368822.5505020,22270,20491925,187711.4251300
1786334400000,2026-08-10 04:00:00,0.0091230,0.0092590,0.0089510,0.0089900,32755358,1786348799999,2026-08-10 07:59:59,296814.8845330,18322,14449199,131025.8119830
1786348800000,2026-08-10 08:00:00,0.0089900,0.0091650,0.0088120,0.0091090,41479075,1786363199999,2026-08-10 11:59:59,373084.1157570,19276,21257869,191481.6562640
1786363200000,2026-08-10 12:00:00,0.0091080,0.0093620,0.0090410,0.0093270,47669259,1786377599999,2026-08-10 15:59:59,439737.5496940,19183,26324561,242916.2340480
1786377600000,2026-08-10 16:00:00,0.0093250,0.0094730,0.0092640,0.0092760,27417887,1786391999999,2026-08-10 19:59:59,256185.8161320,15045,11661927,109071.6912100
1786392000000,2026-08-10 20:00:00,0.0092760,0.0097050,0.0092640,0.0096030,41387770,1786406399999,2026-08-10 23:59:59,392345.2454870,18732,19891686,188801.9454450
1786406400000,2026-08-11 00:00:00,0.0096020,0.0099510,0.0095780,0.0096760,47387232,1786420799999,2026-08-11 03:59:59,460983.3758280,24103,21615334,210251.4365300
1786420800000,2026-08-11 04:00:00,0.0096760,0.0118570,0.0095710,0.0109210,1050396236,1786435199999,2026-08-11 07:59:59,11532491.6035810,349605,515662254,5665232.7242870
1786435200000,2026-08-11 08:00:00,0.0109280,0.0114490,0.0096230,0.0098300,777390233,1786449599999,2026-08-11 11:59:59,8187391.8367560,239894,363609125,3835609.8192020
1786449600000,2026-08-11 12:00:00,0.0098290,0.0099020,0.0091110,0.0092880,286905105,1786463999999,2026-08-11 15:59:59,2689853.5659940,99144,138369868,1296963.0154940
1786464000000,2026-08-11 16:00:00,0.0092870,0.0095310,0.0092260,0.0094610,113358760,1786478399999,2026-08-11 19:59:59,1066250.1546990,45458,54610094,513759.6908920
1786478400000,2026-08-11 20:00:00,0.0094610,0.0094630,0.0091160,0.0091310,56830542,1786492799999,2026-08-11 23:59:59,527873.7702530,20814,23690660,220300.2959410
1786492800000,2026-08-12 00:00:00,0.0091310,0.0093840,0.0090160,0.0091770,70389926,1786507199999,2026-08-12 03:59:59,645348.4151960,33442,32227717,295704.7498400
1786507200000,2026-08-12 04:00:00,0.0091790,0.0092660,0.0089410,0.0091260,77263244,1786521599999,2026-08-12 07:59:59,702801.6326660,37679,39312781,357772.8735510
1786521600000,2026-08-12 08:00:00,0.0091250,0.0091760,0.0086440,0.0088360,93721758,1786535999999,2026-08-12 11:59:59,829833.5903820,37357,42670014,377810.7985980
1786536000000,2026-08-12 12:00:00,0.0088350,0.0089000,0.0084360,0.0084680,79692651,1786550399999,2026-08-12 15:59:59,691200.6330960,28306,31529933,274154.0378020
1786550400000,2026-08-12 16:00:00,0.0084680,0.0087620,0.0084590,0.0087070,37339334,1786564799999,2026-08-12 19:59:59,322633.2064670,17121,18680341,161374.0288780
1786564800000,2026-08-12 20:00:00,0.0087070,0.0087130,0.0085100,0.0086240,21286910,1786579199999,2026-08-12 23:59:59,183429.5056930,10081,11215143,96627.5868040
1786579200000,2026-08-13 00:00:00,0.0086240,0.0087270,0.0085770,0.0086330,23369633,1786593599999,2026-08-13 03:59:59,202050.7178370,12949,11526662,99645.4925570
1786593600000,2026-08-13 04:00:00,0.0086330,0.0088030,0.0086190,0.0087740,17389088,1786607999999,2026-08-13 07:59:59,151184.5458020,12398,9304631,80922.7229980
1786608000000,2026-08-13 08:00:00,0.0087730,0.0091340,0.0087170,0.0089530,53424154,1786622399999,2026-08-13 11:59:59,477702.5588250,20771,31394419,280809.8717720
1786622400000,2026-08-13 12:00:00,0.0089540,0.0092870,0.0089490,0.0092460,57204907,1786636799999,2026-08-13 15:59:59,520552.6641190,28388,27657533,251715.4487570
1786636800000,2026-08-13 16:00:00,0.0092490,0.0092690,0.0086620,0.0088740,63251277,1786651199999,2026-08-13 19:59:59,562470.8979330,25077,28490598,253137.8368970
1786651200000,2026-08-13 20:00:00,0.0088750,0.0089980,0.0087740,0.0088820,23637809,1786665599999,2026-08-13 23:59:59,210190.0559630,11466,11393273,101332.0136250
1786665600000,2026-08-14 00:00:00,0.0088810,0.0089780,0.0087940,0.0088340,17433979,1786679999999,2026-08-14 03:59:59,154918.6007170,11083,8487408,75446.1603540
1786680000000,2026-08-14 04:00:00,0.0088340,0.0090510,0.0088020,0.0088990,32008175,1786694399999,2026-08-14 07:59:59,285507.5121990,15899,14788156,131766.1583910
1786694400000,2026-08-14 08:00:00,0.0088970,0.0089530,0.0086770,0.0088430,38656172,1786708799999,2026-08-14 11:59:59,340483.3745700,16248,15598225,137474.6248260
1786708800000,2026-08-14 12:00:00,0.0088430,0.0090310,0.0088270,0.0089930,24656951,1786723199999,2026-08-14 15:59:59,219868.6818540,11971,12581918,112205.9029110
1786723200000,2026-08-14 16:00:00,0.0089970,0.0091460,0.0089750,0.0090970,30317772,1786737599999,2026-08-14 19:59:59,275099.4172750,15647,13821013,125412.1770640
1786737600000,2026-08-14 20:00:00,0.0090970,0.0092390,0.0090880,0.0092060,15501110,1786751999999,2026-08-14 23:59:59,142045.5193760,8567,7989494,73214.7079500
1786752000000,2026-08-15 00:00:00,0.0092080,0.0092360,0.0090380,0.0090960,16964885,1786766399999,2026-08-15 03:59:59,154840.3980650,8799,7860057,71682.0655870
1786766400000,2026-08-15 04:00:00,0.0090960,0.0091780,0.0089930,0.0089970,15583696,1786780799999,2026-08-15 07:59:59,141649.5010960,7939,7162268,65086.9878510
1786780800000,2026-08-15 08:00:00,0.0089970,0.0094330,0.0089900,0.0090970,64919688,1786795199999,2026-08-15 11:59:59,597049.4384410,22276,31707295,291500.6591490
1786795200000,2026-08-15 12:00:00,0.0090970,0.0092470,0.0090660,0.0092220,14120293,1786809599999,2026-08-15 15:59:59,129004.2972880,8040,7313988,66841.8687280
1786809600000,2026-08-15 16:00:00,0.0092220,0.0093660,0.0091460,0.0092110,44386566,1786823999999,2026-08-15 19:59:59,411336.4380220,16118,25105956,232739.9975690
1786824000000,2026-08-15 20:00:00,0.0092080,0.0092890,0.0091270,0.0091890,12683567,1786838399999,2026-08-15 23:59:59,116597.7965800,6150,6452845,59358.9924040
1786838400000,2026-08-16 00:00:00,0.0091890,0.0091990,0.0090870,0.0090890,11434158,1786852799999,2026-08-16 03:59:59,104588.1572950,7646,4719922,43166.5002750
1786852800000,2026-08-16 04:00:00,0.0090890,0.0092840,0.0090750,0.0091880,17821033,1786867199999,2026-08-16 07:59:59,163417.0503340,11622,8553686,78388.9225780
1786867200000,2026-08-16 08:00:00,0.0091860,0.0094000,0.0091290,0.0092720,34014625,1786881599999,2026-08-16 11:59:59,315364.3913130,19203,15164005,140673.7140230
1786881600000,2026-08-16 12:00:00,0.0092720,0.0095890,0.0092440,0.0095710,49867191,1786895999999,2026-08-16 15:59:59,469286.3345010,16601,26055499,245483.2212770
1786896000000,2026-08-16 16:00:00,0.0095710,0.0095830,0.0094110,0.0094580,34952725,1786910399999,2026-08-16 19:59:59,331433.8928460,16230,18372788,174200.8076400
1786910400000,2026-08-16 20:00:00,0.0094590,0.0094620,0.0092840,0.0093190,30911631,1786924799999,2026-08-16 23:59:59,289492.2062530,10654,14206788,132951.3751400
1786924800000,2026-08-17 00:00:00,0.0093190,0.0094500,0.0092810,0.0094320,19710044,1786939199999,2026-08-17 03:59:59,184802.9026210,10667,9763208,91588.5775050
1786939200000,2026-08-17 04:00:00,0.0094300,0.0097100,0.0093980,0.0094890,26689812,1786953599999,2026-08-17 07:59:59,254339.1313870,13562,12291190,117125.7909480
1786953600000,2026-08-17 08:00:00,0.0094930,0.0096780,0.0093840,0.0094090,40879530,1786967999999,2026-08-17 11:59:59,389748.1528350,18495,19319431,184468.7249940
1786968000000,2026-08-17 12:00:00,0.0094070,0.0095140,0.0091670,0.0092440,37499608,1786982399999,2026-08-17 15:59:59,350129.5433070,19151,14924951,139568.5867030
1786982400000,2026-08-17 16:00:00,0.0092460,0.0094270,0.0092420,0.0093500,25056348,1786996799999,2026-08-17 19:59:59,234057.0685080,16807,13600175,127104.8253050
1786996800000,2026-08-17 20:00:00,0.0093470,0.0093470,0.0091550,0.0091560,20831676,1787011199999,2026-08-17 23:59:59,192700.3050590,8543,8562604,79309.8050370
1787011200000,2026-08-18 00:00:00,0.0091560,0.0091670,0.0089630,0.0090250,23215202,1787025599999,2026-08-18 03:59:59,210491.0983980,9989,10470242,94914.0170880
1787025600000,2026-08-18 04:00:00,0.0090260,0.0090600,0.0089680,0.0090000,12915225,1787039999999,2026-08-18 07:59:59,116531.8267050,6814,5543344,50024.1531870
1787040000000,2026-08-18 08:00:00,0.0089970,0.0092480,0.0089490,0.0092110,19131923,1787054399999,2026-08-18 11:59:59,173699.3130810,9414,9815635,89135.7842720
1787054400000,2026-08-18 12:00:00,0.0092120,0.0093830,0.0091950,0.0093810,17166766,1787068799999,2026-08-18 15:59:59,159423.0517610,9733,9493750,88188.5306210
1787068800000,2026-08-18 16:00:00,0.0093770,0.0094440,0.0092320,0.0092350,16303430,1787083199999,2026-08-18 19:59:59,152287.6728780,7900,7208364,67359.2897590
1787083200000,2026-08-18 20:00:00,0.0092430,0.0092580,0.0091180,0.0091860,10102326,1787097599999,2026-08-18 23:59:59,92826.7804030,5500,5057852,46482.0806450
1787097600000,2026-08-19 00:00:00,0.0091870,0.0092470,0.0091150,0.0092320,11676038,1787111999999,2026-08-19 03:59:59,107202.1082110,6915,5879841,53987.0616210
1787112000000,2026-08-19 04:00:00,0.0092330,0.0092650,0.0091580,0.0092200,14374790,1787126399999,2026-08-19 07:59:59,132545.9115190,7543,6261068,57723.4524120
1787126400000,2026-08-19 08:00:00,0.0092210,0.0093160,0.0091080,0.0092500,15950150,1787140799999,2026-08-19 11:59:59,147142.8405250,7508,7398733,68237.3285360
1787140800000,2026-08-19 12:00:00,0.0092490,0.0096780,0.0092090,0.0095570,24319318,1787155199999,2026-08-19 15:59:59,229505.5795510,14238,12152618,114782.3939090
1787155200000,2026-08-19 16:00:00,0.0095630,0.0096060,0.0095190,0.0095520,15958727,1787169599999,2026-08-19 19:59:59,152547.8429890,8620,7648449,73105.2440150
1787169600000,2026-08-19 20:00:00,0.0095510,0.0097990,0.0095370,0.0096340,22542858,1787183999999,2026-08-19 23:59:59,218165.4950150,10593,10003993,96784.3327810
1787184000000,2026-08-20 00:00:00,0.0096360,0.0099310,0.0096310,0.0096670,20195643,1787198399999,2026-08-20 03:59:59,196619.4014340,7880,10922936,106507.9996370
1787198400000,2026-08-20 04:00:00,0.0096660,0.0096940,0.0095850,0.0096710,7576673,1787212799999,2026-08-20 07:59:59,73151.3931930,5121,3427956,33115.3197720
1787212800000,2026-08-20 08:00:00,0.0096740,0.0098910,0.0096610,0.0098530,17577325,1787227199999,2026-08-20 11:59:59,172552.1505510,7986,8323982,81728.1961140
1787227200000,2026-08-20 12:00:00,0.0098540,0.0099120,0.0096400,0.0099010,25489355,1787241599999,2026-08-20 15:59:59,249995.6154650,9217,11083824,108804.9746510
1787241600000,2026-08-20 16:00:00,0.0099040,0.0100200,0.0097540,0.0097750,31692900,1787255999999,2026-08-20 19:59:59,313223.7003710,15903,16023233,158374.0971510
1787256000000,2026-08-20 20:00:00,0.0097780,0.0099920,0.0097760,0.0099440,9203716,1787270399999,2026-08-20 23:59:59,91016.6677950,4845,4979555,49204.2805230
1787270400000,2026-08-21 00:00:00,0.0099470,0.0100650,0.0099440,0.0100160,3471128,1787284799999,2026-08-21 03:59:59,34764.8629660,1507,1866315,18702.5579430
