open_time,open_time_dt,open,high,low,close,volume,close_time,close_time_dt,quote_volume,trades_count,taker_buy_base,taker_buy_quote
1762257600000,2025-11-04 12:00:00,0.3600000,0.8878000,0.2783000,0.7530000,1645800473,1762271999999,2025-11-04 15:59:59,926073032.6754000,14833637,852865307,478413487.9923000
1762272000000,2025-11-04 16:00:00,0.7530000,1.5250000,0.6822000,1.4400000,787447146,1762286399999,2025-11-04 19:59:59,794917060.7273000,9055086,406917706,411392269.6718000
1762286400000,2025-11-04 20:00:00,1.4398000,6.4739000,1.3466000,2.6157000,627527811,1762300799999,2025-11-04 23:59:59,1696539709.8104000,9682433,320953543,867422609.7117000
1762300800000,2025-11-05 00:00:00,2.6157000,2.8328000,1.6669000,1.7941000,265307574,1762315199999,2025-11-05 03:59:59,538262632.5390000,5735639,130640583,265202089.3618000
1762315200000,2025-11-05 04:00:00,1.7944000,1.9608000,1.1268000,1.1445000,588908213,1762329599999,2025-11-05 07:59:59,825799132.8564000,8036543,289318008,406208062.2267000
1762329600000,2025-11-05 08:00:00,1.1447000,1.3845000,0.8239000,1.0976000,599928752,1762343999999,2025-11-05 11:59:59,668825110.7834000,6950085,300015896,334949772.0189000
1762344000000,2025-11-05 12:00:00,1.0982000,1.2402000,0.9222000,1.1031000,324045685,1762358399999,2025-11-05 15:59:59,350330753.1478000,3546426,160708123,173789799.7344000
1762358400000,2025-11-05 16:00:00,1.1030000,1.1243000,0.8145000,0.8398000,215977732,1762372799999,2025-11-05 19:59:59,212893003.3996000,2079352,106651689,105290950.5540000
1762372800000,2025-11-05 20:00:00,0.8397000,0.8503000,0.6937000,0.7487000,228537829,1762387199999,2025-11-05 23:59:59,173175036.9554000,1798387,111973210,84894966.3921000
1762387200000,2025-11-06 00:00:00,0.7487000,0.7962000,0.6668000,0.6930000,166889603,1762401599999,2025-11-06 03:59:59,118889500.6926000,1603058,82727223,58957898.9751000
1762401600000,2025-11-06 04:00:00,0.6930000,0.7208000,0.6007000,0.6101000,185161902,1762415999999,2025-11-06 07:59:59,121849178.1181000,1603534,92131202,60710644.6630000
1762416000000,2025-11-06 08:00:00,0.6100000,0.6142000,0.5566000,0.5907000,199669818,1762430399999,2025-11-06 11:59:59,117078354.8568000,1385053,98835262,57989211.6688000
1762430400000,2025-11-06 12:00:00,0.5907000,0.6138000,0.5110000,0.5179000,196287693,1762444799999,2025-11-06 15:59:59,110635616.1158000,1238482,97443195,55015271.6186000
1762444800000,2025-11-06 16:00:00,0.5179000,0.5219000,0.4691000,0.4979000,197012191,1762459199999,2025-11-06 19:59:59,96798822.2447000,913352,98562731,48439083.2184000
1762459200000,2025-11-06 20:00:00,0.4979000,0.5406000,0.4856000,0.5095000,143411045,1762473599999,2025-11-06 23:59:59,74103640.9862000,919378,72500544,37512029.7917000
1762473600000,2025-11-07 00:00:00,0.5095000,0.5254000,0.4774000,0.5099000,147446554,1762487999999,2025-11-07 03:59:59,73845207.4722000,951015,73865569,37023617.4343000
1762488000000,2025-11-07 04:00:00,0.5098000,0.5919000,0.4863000,0.5673000,174369564,1762502399999,2025-11-07 07:59:59,93093961.0745000,969978,90208380,48238632.7690000
1762502400000,2025-11-07 08:00:00,0.5673000,0.6858000,0.5025000,0.5104000,329892475,1762516799999,2025-11-07 11:59:59,196176934.9841000,2129069,158554633,94437506.1856000
1762516800000,2025-11-07 12:00:00,0.5103000,0.5789000,0.4902000,0.5484000,187434353,1762531199999,2025-11-07 15:59:59,98980266.8304000,1046329,94169858,49800875.6176000
1762531200000,2025-11-07 16:00:00,0.5484000,0.5579000,0.5237000,0.5357000,104336453,1762545599999,2025-11-07 19:59:59,56435798.4689000,588135,51346656,27791747.1965000
1762545600000,2025-11-07 20:00:00,0.5356000,0.5789000,0.5306000,0.5607000,66954024,1762559999999,2025-11-07 23:59:59,37059083.6651000,400673,33279630,18426373.1562000
1762560000000,2025-11-08 00:00:00,0.5606000,0.6749000,0.5568000,0.6021000,197902747,1762574399999,2025-11-08 03:59:59,120833321.9902000,1179107,97679187,59662373.9267000
1762574400000,2025-11-08 04:00:00,0.6022000,0.6982000,0.6005000,0.6370000,213709095,1762588799999,2025-11-08 07:59:59,137867291.2843000,1434607,104778637,67645431.3772000
1762588800000,2025-11-08 08:00:00,0.6369000,0.6529000,0.5947000,0.6057000,121051729,1762603199999,2025-11-08 11:59:59,74743487.0949000,858997,58236327,35976696.2110000
1762603200000,2025-11-08 12:00:00,0.6058000,0.6223000,0.5616000,0.5759000,105775055,1762617599999,2025-11-08 15:59:59,62276193.7852000,634415,49418746,29122086.2585000
1762617600000,2025-11-08 16:00:00,0.5759000,0.6501000,0.5716000,0.6277000,110158392,1762631999999,2025-11-08 19:59:59,67566920.3274000,786991,55429443,33952108.9231000
1762632000000,2025-11-08 20:00:00,0.6276000,0.6391000,0.6095000,0.6322000,57180530,1762646399999,2025-11-08 23:59:59,35722650.7842000,479427,27727075,17323566.7697000
1762646400000,2025-11-09 00:00:00,0.6322000,0.6501000,0.5946000,0.6267000,94937935,1762660799999,2025-11-09 03:59:59,58695223.9506000,676957,46473918,28741041.6499000
1762660800000,2025-11-09 04:00:00,0.6266000,0.6342000,0.5911000,0.6000000,58138624,1762675199999,2025-11-09 07:59:59,35369167.3856000,482159,28932246,17600265.1661000
1762675200000,2025-11-09 08:00:00,0.6000000,0.6002000,0.5749000,0.5964000,52025879,1762689599999,2025-11-09 11:59:59,30569877.1004000,429987,25555931,15024577.3356000
1762689600000,2025-11-09 12:00:00,0.5963000,0.6193000,0.5912000,0.5970000,57785063,1762703999999,2025-11-09 15:59:59,34856176.6379000,452303,28259170,17049985.7500000
1762704000000,2025-11-09 16:00:00,0.5969000,0.6159000,0.5930000,0.6143000,36583448,1762718399999,2025-11-09 19:59:59,22125394.6410000,325300,18139400,10970800.1590000
1762718400000,2025-11-09 20:00:00,0.6142000,0.6189000,0.5844000,0.5957000,41364518,1762732799999,2025-11-09 23:59:59,24736804.8434000,303108,20393504,12194839.9791000
1762732800000,2025-11-10 00:00:00,0.5957000,0.6060000,0.5638000,0.5815000,59482174,1762747199999,2025-11-10 03:59:59,34488627.8812000,521413,28886795,16760391.1279000
1762747200000,2025-11-10 04:00:00,0.5814000,0.5825000,0.5425000,0.5562000,45900828,1762761599999,2025-11-10 07:59:59,25994993.7793000,394978,21682565,12290148.7610000
1762761600000,2025-11-10 08:00:00,0.5564000,0.5708000,0.5481000,0.5594000,38845451,1762775999999,2025-11-10 11:59:59,21718926.0380000,357444,18663392,10438064.5230000
1762776000000,2025-11-10 12:00:00,0.5595000,0.5656000,0.5011000,0.5182000,71488109,1762790399999,2025-11-10 15:59:59,38377935.6784000,528506,33136063,17799228.9468000
1762790400000,2025-11-10 16:00:00,0.5183000,0.5297000,0.5133000,0.5246000,40581281,1762804799999,2025-11-10 19:59:59,21206713.8030000,325344,19590386,10240757.8167000
1762804800000,2025-11-10 20:00:00,0.5245000,0.5402000,0.5144000,0.5377000,30298126,1762819199999,2025-11-10 23:59:59,15964601.7355000,221048,15132847,7978189.8110000
1762819200000,2025-11-11 00:00:00,0.5377000,0.5377000,0.5135000,0.5324000,34140118,1762833599999,2025-11-11 03:59:59,17904273.6421000,261945,16099414,8441127.5845000
1762833600000,2025-11-11 04:00:00,0.5324000,0.5644000,0.5144000,0.5197000,83398563,1762847999999,2025-11-11 07:59:59,45084462.8777000,631108,40763329,22065637.0290000
1762848000000,2025-11-11 08:00:00,0.5196000,0.5219000,0.4925000,0.4997000,63616669,1762862399999,2025-11-11 11:59:59,32367984.9551000,482423,30788825,15679399.6500000
1762862400000,2025-11-11 12:00:00,0.4997000,0.5182000,0.4850000,0.5006000,85707029,1762876799999,2025-11-11 15:59:59,42735361.8139000,681751,42305658,21112176.8680000
1762876800000,2025-11-11 16:00:00,0.5007000,0.5033000,0.4832000,0.4950000,39959864,1762891199999,2025-11-11 19:59:59,19680578.0922000,407366,19249221,9480704.9998000
1762891200000,2025-11-11 20:00:00,0.4950000,0.4965000,0.4587000,0.4644000,48678860,1762905599999,2025-11-11 23:59:59,23189213.9266000,342094,22779768,10859513.4587000
1762905600000,2025-11-12 00:00:00,0.4644000,0.4672000,0.4418000,0.4579000,49593424,1762919999999,2025-11-12 03:59:59,22519501.5638000,373969,23333818,10600702.4341000
1762920000000,2025-11-12 04:00:00,0.4580000,0.4668000,0.4501000,0.4510000,46043753,1762934399999,2025-11-12 07:59:59,21064778.7434000,399170,23020975,10537906.6180000
1762934400000,2025-11-12 08:00:00,0.4510000,0.4745000,0.4484000,0.4604000,52954999,1762948799999,2025-11-12 11:59:59,24507672.5034000,542441,26389223,12219619.9301000
1762948800000,2025-11-12 12:00:00,0.4604000,0.4637000,0.4383000,0.4426000,70983522,1762963199999,2025-11-12 15:59:59,32178979.4882000,493502,34375654,15587961.3527000
1762963200000,2025-11-12 16:00:00,0.4426000,0.4440000,0.4300000,0.4321000,71154825,1762977599999,2025-11-12 19:59:59,31013258.0188000,472005,34861026,15194641.3216000
1762977600000,2025-11-12 20:00:00,0.4321000,0.4444000,0.4240000,0.4305000,44429430,1762991999999,2025-11-12 23:59:59,19325565.2023000,278486,21349190,9292071.0451000
1762992000000,2025-11-13 00:00:00,0.4304000,0.4557000,0.4262000,0.4327000,60699594,1763006399999,2025-11-13 03:59:59,26623623.6879000,453484,30338686,13309506.2101000
1763006400000,2025-11-13 04:00:00,0.4326000,0.4330000,0.4173000,0.4236000,52144826,1763020799999,2025-11-13 07:59:59,22229493.8510000,411850,24993921,10659662.7640000
1763020800000,2025-11-13 08:00:00,0.4235000,0.4356000,0.4211000,0.4330000,55571224,1763035199999,2025-11-13 11:59:59,23880924.4354000,545276,28196354,12118789.7075000
1763035200000,2025-11-13 12:00:00,0.4330000,0.4396000,0.4060000,0.4122000,98658430,1763049599999,2025-11-13 15:59:59,41637027.2731000,886768,48410435,20439878.4625000
1763049600000,2025-11-13 16:00:00,0.4123000,0.4208000,0.3751000,0.3759000,98271035,1763063999999,2025-11-13 19:59:59,38852587.0612000,702515,46475151,18390943.2595000
1763064000000,2025-11-13 20:00:00,0.3758000,0.3899000,0.3680000,0.3848000,51271939,1763078399999,2025-11-13 23:59:59,19377892.6252000,329206,26738653,10112276.9306000
1763078400000,2025-11-14 00:00:00,0.3848000,0.3931000,0.3696000,0.3747000,38856868,1763092799999,2025-11-14 03:59:59,14709451.1632000,198109,19280397,7302983.2167000
1763092800000,2025-11-14 04:00:00,0.3748000,0.3761000,0.3530000,0.3708000,51128308,1763107199999,2025-11-14 07:59:59,18600996.1653000,173561,24731530,9002776.2388000
1763107200000,2025-11-14 08:00:00,0.3708000,0.3740000,0.3567000,0.3647000,31452780,1763121599999,2025-11-14 11:59:59,11492244.5839000,117410,15673178,5724053.8325000
1763121600000,2025-11-14 12:00:00,0.3646000,0.3764000,0.3539000,0.3731000,50946146,1763135999999,2025-11-14 15:59:59,18741829.9447000,185710,25939673,9547458.5510000
1763136000000,2025-11-14 16:00:00,0.3731000,0.3819000,0.3610000,0.3796000,36306500,1763150399999,2025-11-14 19:59:59,13469598.0377000,150265,18060264,6703759.0281000
1763150400000,2025-11-14 20:00:00,0.3796000,0.3873000,0.3649000,0.3719000,36005979,1763164799999,2025-11-14 23:59:59,13606709.4108000,131777,18224113,6890572.6668000
1763164800000,2025-11-15 00:00:00,0.3719000,0.3867000,0.3673000,0.3787000,25051014,1763179199999,2025-11-15 03:59:59,9479213.4991000,107633,12457685,4717255.1983000
1763179200000,2025-11-15 04:00:00,0.3788000,0.3835000,0.3673000,0.3686000,23203030,1763193599999,2025-11-15 07:59:59,8714582.6649000,86603,11642882,4374519.8747000
1763193600000,2025-11-15 08:00:00,0.3686000,0.3689000,0.3559000,0.3621000,25635333,1763207999999,2025-11-15 11:59:59,9285318.9051000,102968,12031049,4358290.7015000
1763208000000,2025-11-15 12:00:00,0.3620000,0.3882000,0.3609000,0.3721000,37421226,1763222399999,2025-11-15 15:59:59,14145900.5854000,138351,18128636,6855889.4450000
1763222400000,2025-11-15 16:00:00,0.3720000,0.3850000,0.3666000,0.3791000,23396400,1763236799999,2025-11-15 19:59:59,8840472.1746000,105462,12088380,4570835.7239000
1763236800000,2025-11-15 20:00:00,0.3792000,0.3793000,0.3667000,0.3715000,15609004,1763251199999,2025-11-15 23:59:59,5821634.1712000,63177,7184263,2680233.5255000
1763251200000,2025-11-16 00:00:00,0.3715000,0.3716000,0.3582000,0.3674000,21429903,1763265599999,2025-11-16 03:59:59,7824832.2340000,82825,10009126,3655965.6977000
1763265600000,2025-11-16 04:00:00,0.3675000,0.3725000,0.3615000,0.3638000,18207483,1763279999999,2025-11-16 07:59:59,6669879.2297000,66177,9075866,3324364.4525000
1763280000000,2025-11-16 08:00:00,0.3638000,0.3660000,0.3443000,0.3461000,39409416,1763294399999,2025-11-16 11:59:59,14039302.0510000,103392,18817280,6706962.9342000
1763294400000,2025-11-16 12:00:00,0.3461000,0.3612000,0.3421000,0.3437000,40972435,1763308799999,2025-11-16 15:59:59,14331425.1804000,110927,20824258,7285164.5340000
1763308800000,2025-11-16 16:00:00,0.3438000,0.3485000,0.3223000,0.3272000,58034816,1763323199999,2025-11-16 19:59:59,19207806.0717000,149766,26046708,8622343.7164000
1763323200000,2025-11-16 20:00:00,0.3272000,0.3435000,0.3266000,0.3400000,29722034,1763337599999,2025-11-16 23:59:59,9889270.4319000,91251,14536552,4839952.9894000
1763337600000,2025-11-17 00:00:00,0.3400000,0.3405000,0.3293000,0.3368000,24865398,1763351999999,2025-11-17 03:59:59,8332026.4249000,86342,12474777,4181356.5397000
1763352000000,2025-11-17 04:00:00,0.3368000,0.3372000,0.3271000,0.3284000,22468305,1763366399999,2025-11-17 07:59:59,7442213.5721000,69640,10709365,3548005.0809000
1763366400000,2025-11-17 08:00:00,0.3284000,0.3320000,0.3224000,0.3294000,30431133,1763380799999,2025-11-17 11:59:59,9937702.2288000,74655,15556863,5081422.4841000
1763380800000,2025-11-17 12:00:00,0.3294000,0.3305000,0.3077000,0.3115000,65842456,1763395199999,2025-11-17 15:59:59,20824295.3096000,186275,30759061,9722981.4680000
1763395200000,2025-11-17 16:00:00,0.3114000,0.3138000,0.2954000,0.3021000,55718921,1763409599999,2025-11-17 19:59:59,16919156.9804000,156691,26316420,7996368.7554000
1763409600000,2025-11-17 20:00:00,0.3021000,0.3118000,0.2996000,0.3107000,28606277,1763423999999,2025-11-17 23:59:59,8713464.6584000,87892,14535546,4430088.7611000
1763424000000,2025-11-18 00:00:00,0.3107000,0.3199000,0.3015000,0.3159000,43080087,1763438399999,2025-11-18 03:59:59,13431477.4792000,128054,20766308,6481088.7188000
1763438400000,2025-11-18 04:00:00,0.3159000,0.3284000,0.3082000,0.3230000,38958204,1763452799999,2025-11-18 07:59:59,12275195.1220000,110447,20274270,6396508.1317000
1763452800000,2025-11-18 08:00:00,0.3232000,0.3264000,0.3061000,0.3079000,46027599,1763467199999,2025-11-18 11:59:59,14536332.9724000,120156,23114152,7306564.5017000
1763467200000,2025-11-18 12:00:00,0.3079000,0.3105000,0.2990000,0.3070000,34202834,1763481599999,2025-11-18 15:59:59,10470580.9336000,93741,15895926,4868428.4691000
1763481600000,2025-11-18 16:00:00,0.3071000,0.3146000,0.3032000,0.3061000,32223882,1763495999999,2025-11-18 19:59:59,9954632.0658000,79944,15753303,4865032.1138000
1763496000000,2025-11-18 20:00:00,0.3061000,0.3139000,0.3049000,0.3107000,19810633,1763510399999,2025-11-18 23:59:59,6127006.0639000,54361,9830030,3040921.0525000
1763510400000,2025-11-19 00:00:00,0.3108000,0.3112000,0.3013000,0.3034000,23847239,1763524799999,2025-11-19 03:59:59,7288773.1577000,65320,11376720,3476813.6191000
1763524800000,2025-11-19 04:00:00,0.3033000,0.3039000,0.2926000,0.3011000,30290418,1763539199999,2025-11-19 07:59:59,9030184.6415000,71608,14473878,4315617.9731000
1763539200000,2025-11-19 08:00:00,0.3010000,0.3011000,0.2942000,0.2957000,20605466,1763553599999,2025-11-19 11:59:59,6130716.2328000,48776,9470859,2818032.5233000
1763553600000,2025-11-19 12:00:00,0.2957000,0.2965000,0.2808000,0.2814000,46974125,1763567999999,2025-11-19 15:59:59,13555160.9690000,109788,21263473,6139633.6242000
1763568000000,2025-11-19 16:00:00,0.2814000,0.2829000,0.2661000,0.2691000,53490388,1763582399999,2025-11-19 19:59:59,14609108.2646000,125971,24561551,6706277.2521000
1763582400000,2025-11-19 20:00:00,0.2691000,0.2788000,0.2663000,0.2784000,35451726,1763596799999,2025-11-19 23:59:59,9684971.6913000,95201,18852131,5153106.4392000
1763596800000,2025-11-20 00:00:00,0.2785000,0.2898000,0.2741000,0.2875000,41309724,1763611199999,2025-11-20 03:59:59,11568117.4983000,100473,21703638,6082131.4160000
1763611200000,2025-11-20 04:00:00,0.2875000,0.2886000,0.2763000,0.2844000,33545197,1763625599999,2025-11-20 07:59:59,9459042.6067000,85282,15579104,4396280.0393000
1763625600000,2025-11-20 08:00:00,0.2844000,0.2881000,0.2729000,0.2875000,32638349,1763639999999,2025-11-20 11:59:59,9149605.0339000,95967,15649976,4390721.6077000
1763640000000,2025-11-20 12:00:00,0.2876000,0.2880000,0.2755000,0.2786000,46976545,1763654399999,2025-11-20 15:59:59,13267194.4906000,102323,21943432,6199038.3270000
1763654400000,2025-11-20 16:00:00,0.2786000,0.2794000,0.2586000,0.2649000,66045791,1763668799999,2025-11-20 19:59:59,17583713.9323000,110890,30585742,8140408.5047000
1763668800000,2025-11-20 20:00:00,0.2649000,0.2761000,0.2613000,0.2688000,34580172,1763683199999,2025-11-20 23:59:59,9320645.9392000,61218,17728336,4779338.1565000
1763683200000,2025-11-21 00:00:00,0.2689000,0.2746000,0.2609000,0.2648000,30114941,1763697599999,2025-11-21 03:59:59,8049386.2338000,64238,14612468,3908202.4941000
1763697600000,2025-11-21 04:00:00,0.2648000,0.2721000,0.2057000,0.2416000,69014261,1763711999999,2025-11-21 07:59:59,17272829.9624000,112784,30149684,7595950.1473000
1763712000000,2025-11-21 08:00:00,0.2417000,0.2521000,0.2351000,0.2514000,78101642,1763726399999,2025-11-21 11:59:59,18910080.9633000,114919,39988782,9694907.0165000
1763726400000,2025-11-21 12:00:00,0.2515000,0.4534000,0.2421000,0.4403000,715329679,1763740799999,2025-11-21 15:59:59,256612321.5884000,1836992,357958288,128370089.5895000
1763740800000,2025-11-21 16:00:00,0.4404000,0.4633000,0.3234000,0.3357000,460660831,1763755199999,2025-11-21 19:59:59,178883558.3608000,1401185,226392144,88076324.0336000
1763755200000,2025-11-21 20:00:00,0.3358000,0.3400000,0.2969000,0.3296000,164886658,1763769599999,2025-11-21 23:59:59,52583692.1561000,410202,81113284,25932199.0982000
1763769600000,2025-11-22 00:00:00,0.3296000,0.5392000,0.3098000,0.4664000,540129582,1763783999999,2025-11-22 03:59:59,230349695.2514000,2165705,272673748,116194661.5658000
1763784000000,2025-11-22 04:00:00,0.4663000,0.4792000,0.3740000,0.4468000,413630334,1763798399999,2025-11-22 07:59:59,173075185.5554000,1455165,206971057,86640210.5022000
1763798400000,2025-11-22 08:00:00,0.4469000,0.5020000,0.4155000,0.4631000,532003807,1763812799999,2025-11-22 11:59:59,240819697.2403000,1783044,266003214,120526442.8449000
1763812800000,2025-11-22 12:00:00,0.4632000,0.4718000,0.3856000,0.3919000,326059538,1763827199999,2025-11-22 15:59:59,138289844.8943000,972257,157768706,66912765.0779000
1763827200000,2025-11-22 16:00:00,0.3919000,0.4346000,0.3871000,0.4174000,135127425,1763841599999,2025-11-22 19:59:59,55548465.3303000,427773,69416451,28549586.0234000
1763841600000,2025-11-22 20:00:00,0.4173000,0.4207000,0.3917000,0.3961000,86226358,1763855999999,2025-11-22 23:59:59,34989371.1121000,276452,42390348,17206529.0905000
1763856000000,2025-11-23 00:00:00,0.3961000,0.4007000,0.3580000,0.3718000,149621166,1763870399999,2025-11-23 03:59:59,56364655.8253000,438632,73944576,27875701.6432000
1763870400000,2025-11-23 04:00:00,0.3718000,0.3733000,0.3282000,0.3323000,110715372,1763884799999,2025-11-23 07:59:59,38178254.9648000,290278,50407895,17379726.1920000
1763884800000,2025-11-23 08:00:00,0.3324000,0.3443000,0.3219000,0.3294000,85863801,1763899199999,2025-11-23 11:59:59,28531094.5236000,233727,43359217,14420878.1318000
1763899200000,2025-11-23 12:00:00,0.3294000,0.3468000,0.3269000,0.3304000,76083536,1763913599999,2025-11-23 15:59:59,25449728.4898000,208520,38827697,12998675.0379000
1763913600000,2025-11-23 16:00:00,0.3303000,0.3355000,0.3163000,0.3324000,55611080,1763927999999,2025-11-23 19:59:59,18176684.6449000,152396,27325573,8939599.6589000
1763928000000,2025-11-23 20:00:00,0.3324000,0.3389000,0.3264000,0.3342000,39946201,1763942399999,2025-11-23 23:59:59,13286061.1602000,105642,21279206,7081185.8244000
1763942400000,2025-11-24 00:00:00,0.3342000,0.3350000,0.3118000,0.3280000,80697268,1763956799999,2025-11-24 03:59:59,26016891.8016000,205851,38556529,12444916.4006000
1763956800000,2025-11-24 04:00:00,0.3280000,0.3579000,0.3254000,0.3365000,83238860,1763971199999,2025-11-24 07:59:59,28485385.6203000,268845,41507896,14201182.6784000
1763971200000,2025-11-24 08:00:00,0.3364000,0.3495000,0.3170000,0.3190000,53974960,1763985599999,2025-11-24 11:59:59,17857382.9667000,170335,26847066,8884697.5565000
1763985600000,2025-11-24 12:00:00,0.3189000,0.3210000,0.3056000,0.3109000,52492959,1763999999999,2025-11-24 15:59:59,16420906.5193000,128984,26540615,8306177.2125000
1764000000000,2025-11-24 16:00:00,0.3109000,0.3263000,0.3107000,0.3195000,38867590,1764014399999,2025-11-24 19:59:59,12362245.2834000,99552,19845189,6314344.6308000
1764014400000,2025-11-24 20:00:00,0.3195000,0.3240000,0.3164000,0.3196000,24159172,1764028799999,2025-11-24 23:59:59,7731368.3330000,64065,12301144,3937933.6774000
1764028800000,2025-11-25 00:00:00,0.3196000,0.3231000,0.3102000,0.3148000,33572393,1764043199999,2025-11-25 03:59:59,10608638.1329000,94136,16480093,5211049.1021000
1764043200000,2025-11-25 04:00:00,0.3147000,0.3167000,0.3009000,0.3038000,36042793,1764057599999,2025-11-25 07:59:59,11077904.7984000,93409,17224471,5294938.7233000
1764057600000,2025-11-25 08:00:00,0.3037000,0.3093000,0.2959000,0.3002000,35530955,1764071999999,2025-11-25 11:59:59,10744602.9077000,90022,17935220,5427865.1766000
1764072000000,2025-11-25 12:00:00,0.3002000,0.3065000,0.2937000,0.3037000,32048931,1764086399999,2025-11-25 15:59:59,9641313.6186000,85831,16554574,4981676.1440000
1764086400000,2025-11-25 16:00:00,0.3037000,0.3180000,0.2993000,0.3015000,50630580,1764100799999,2025-11-25 19:59:59,15686702.1851000,128281,24163803,7488964.1437000
1764100800000,2025-11-25 20:00:00,0.3015000,0.3075000,0.2972000,0.3042000,18569656,1764115199999,2025-11-25 23:59:59,5615675.6558000,64423,9325389,2821508.6034000
1764115200000,2025-11-26 00:00:00,0.3043000,0.3198000,0.3000000,0.3103000,33149173,1764129599999,2025-11-26 03:59:59,10270976.7920000,89857,16555825,5131714.7954000
1764129600000,2025-11-26 04:00:00,0.3103000,0.3157000,0.3015000,0.3020000,24601384,1764143999999,2025-11-26 07:59:59,7598822.1548000,80112,11411497,3527539.3053000
1764144000000,2025-11-26 08:00:00,0.3019000,0.3038000,0.2927000,0.2956000,31428599,1764158399999,2025-11-26 11:59:59,9328103.2065000,72312,15407566,4576503.6846000
1764158400000,2025-11-26 12:00:00,0.2957000,0.2966000,0.2860000,0.2882000,30281412,1764172799999,2025-11-26 15:59:59,8801629.1531000,74862,14132784,4109276.4932000
1764172800000,2025-11-26 16:00:00,0.2881000,0.3047000,0.2879000,0.2996000,22660167,1764187199999,2025-11-26 19:59:59,6740549.5230000,72048,10981427,3265740.0719000
1764187200000,2025-11-26 20:00:00,0.2996000,0.3017000,0.2962000,0.2987000,11716040,1764201599999,2025-11-26 23:59:59,3499016.7365000,35793,5834893,1743208.4849000
1764201600000,2025-11-27 00:00:00,0.2986000,0.2997000,0.2830000,0.2833000,24594896,1764215999999,2025-11-27 03:59:59,7199596.3952000,51023,11117160,3258435.0293000
1764216000000,2025-11-27 04:00:00,0.2832000,0.3023000,0.2828000,0.2946000,37135580,1764230399999,2025-11-27 07:59:59,10811659.7126000,75764,20145573,5867163.2470000
1764230400000,2025-11-27 08:00:00,0.2946000,0.2974000,0.2877000,0.2922000,32051368,1764244799999,2025-11-27 11:59:59,9359463.7795000,69136,15266370,4459194.4740000
1764244800000,2025-11-27 12:00:00,0.2922000,0.2960000,0.2846000,0.2929000,26393310,1764259199999,2025-11-27 15:59:59,7666608.8537000,63373,12059052,3505649.4580000
1764259200000,2025-11-27 16:00:00,0.2928000,0.2967000,0.2891000,0.2951000,16119822,1764273599999,2025-11-27 19:59:59,4730007.7855000,49917,7879854,2312952.3394000
1764273600000,2025-11-27 20:00:00,0.2951000,0.2969000,0.2780000,0.2813000,20524725,1764287999999,2025-11-27 23:59:59,5885501.6399000,53484,9552883,2741241.7112000
1764288000000,2025-11-28 00:00:00,0.2813000,0.2818000,0.2550000,0.2664000,65954247,1764302399999,2025-11-28 03:59:59,17543295.2979000,114839,30569332,8119155.3771000
1764302400000,2025-11-28 04:00:00,0.2665000,0.2722000,0.2629000,0.2643000,20342249,1764316799999,2025-11-28 07:59:59,5428409.8955000,51953,9846976,2629140.4723000
1764316800000,2025-11-28 08:00:00,0.2642000,0.2764000,0.2636000,0.2685000,32389903,1764331199999,2025-11-28 11:59:59,8775704.4996000,72538,18083094,4899444.9690000
1764331200000,2025-11-28 12:00:00,0.2684000,0.2778000,0.2672000,0.2750000,19064830,1764345599999,2025-11-28 15:59:59,5183997.1628000,51611,9248471,2516820.9412000
1764345600000,2025-11-28 16:00:00,0.2751000,0.2754000,0.2630000,0.2697000,16708244,1764359999999,2025-11-28 19:59:59,4485566.4865000,48786,7793821,2092997.9442000
1764360000000,2025-11-28 20:00:00,0.2696000,0.2698000,0.2624000,0.2627000,10336327,1764374399999,2025-11-28 23:59:59,2748279.9396000,31117,4588558,1220914.7923000
1764374400000,2025-11-29 00:00:00,0.2628000,0.2666000,0.2537000,0.2591000,23643555,1764388799999,2025-11-29 03:59:59,6144852.3590000,51706,10079661,2623005.2141000
1764388800000,2025-11-29 04:00:00,0.2590000,0.2605000,0.2530000,0.2547000,16024923,1764403199999,2025-11-29 07:59:59,4111424.0866000,43134,7741100,1988431.9233000
1764403200000,2025-11-29 08:00:00,0.2548000,0.2573000,0.2526000,0.2537000,11627100,1764417599999,2025-11-29 11:59:59,2960375.1919000,31319,5812940,1480381.2581000
1764417600000,2025-11-29 12:00:00,0.2537000,0.2565000,0.2512000,0.2538000,16212012,1764431999999,2025-11-29 15:59:59,4112198.0462000,39258,8229033,2087940.7741000
1764432000000,2025-11-29 16:00:00,0.2537000,0.2572000,0.2438000,0.2484000,26825639,1764446399999,2025-11-29 19:59:59,6672179.2688000,54686,12395717,3085038.1724000
1764446400000,2025-11-29 20:00:00,0.2484000,0.2537000,0.2464000,0.2502000,9961786,1764460799999,2025-11-29 23:59:59,2496884.1730000,27000,5194172,1302063.7905000
1764460800000,2025-11-30 00:00:00,0.2502000,0.2524000,0.2424000,0.2461000,18070202,1764475199999,2025-11-30 03:59:59,4474594.2882000,36661,8421068,2086608.7495000
1764475200000,2025-11-30 04:00:00,0.2461000,0.2497000,0.2405000,0.2457000,13821372,1764489599999,2025-11-30 07:59:59,3386459.9163000,33039,6581002,1613163.7408000
1764489600000,2025-11-30 08:00:00,0.2456000,0.2481000,0.2428000,0.2462000,15713250,1764503999999,2025-11-30 11:59:59,3851949.6830000,34876,7830941,1920723.0929000
1764504000000,2025-11-30 12:00:00,0.2463000,0.2716000,0.2450000,0.2643000,54581594,1764518399999,2025-11-30 15:59:59,14107872.1111000,108043,28179623,7282055.4611000
1764518400000,2025-11-30 16:00:00,0.2643000,0.2768000,0.2595000,0.2677000,61412635,1764532799999,2025-11-30 19:59:59,16481310.0801000,142229,30927376,8300787.7487000
1764532800000,2025-11-30 20:00:00,0.2678000,0.2814000,0.2601000,0.2612000,42310757,1764547199999,2025-11-30 23:59:59,11473301.6181000,97473,20266939,5504919.6007000
1764547200000,2025-12-01 00:00:00,0.2612000,0.2614000,0.2315000,0.2322000,62151741,1764561599999,2025-12-01 03:59:59,15113241.3067000,109867,27342709,6647362.1225000
1764561600000,2025-12-01 04:00:00,0.2322000,0.2330000,0.2182000,0.2267000,47472464,1764575999999,2025-12-01 07:59:59,10703177.4400000,79454,24831898,5597495.3707000
1764576000000,2025-12-01 08:00:00,0.2266000,0.2327000,0.2250000,0.2270000,22283585,1764590399999,2025-12-01 11:59:59,5094634.2636000,44098,11847977,2710377.7044000
1764590400000,2025-12-01 12:00:00,0.2269000,0.2303000,0.2208000,0.2252000,27724306,1764604799999,2025-12-01 15:59:59,6253892.7909000,54773,13317257,3006064.9844000
1764604800000,2025-12-01 16:00:00,0.2252000,0.2364000,0.2218000,0.2344000,26023281,1764619199999,2025-12-01 19:59:59,5934665.8482000,50571,13877326,3166615.1325000
1764619200000,2025-12-01 20:00:00,0.2343000,0.2377000,0.2327000,0.2341000,15295780,1764633599999,2025-12-01 23:59:59,3593957.1924000,33261,7679533,1804869.2473000
1764633600000,2025-12-02 00:00:00,0.2340000,0.2472000,0.2318000,0.2438000,28954184,1764647999999,2025-12-02 03:59:59,6934504.2819000,53105,15573478,3730725.5102000
1764648000000,2025-12-02 04:00:00,0.2436000,0.2541000,0.2336000,0.2344000,51049216,1764662399999,2025-12-02 07:59:59,12445699.2178000,97492,24491903,5980150.9411000
1764662400000,2025-12-02 08:00:00,0.2344000,0.2377000,0.2309000,0.2372000,17886223,1764676799999,2025-12-02 11:59:59,4182996.0812000,40634,8774637,2054226.3185000
1764676800000,2025-12-02 12:00:00,0.2371000,0.2477000,0.2350000,0.2459000,23395929,1764691199999,2025-12-02 15:59:59,5653096.8071000,48706,11306930,2732606.4498000
1764691200000,2025-12-02 16:00:00,0.2459000,0.2468000,0.2414000,0.2424000,16269039,1764705599999,2025-12-02 19:59:59,3963181.3620000,40170,7804073,1901363.9384000
1764705600000,2025-12-02 20:00:00,0.2423000,0.2439000,0.2389000,0.2428000,12458612,1764719999999,2025-12-02 23:59:59,3008798.8301000,31025,6372627,1540035.2531000
1764720000000,2025-12-03 00:00:00,0.2427000,0.2449000,0.2373000,0.2413000,16410508,1764734399999,2025-12-03 03:59:59,3955196.7706000,35356,8037102,1938879.1161000
1764734400000,2025-12-03 04:00:00,0.2412000,0.2522000,0.2406000,0.2450000,21312141,1764748799999,2025-12-03 07:59:59,5261427.2217000,44688,10375828,2562864.6005000
1764748800000,2025-12-03 08:00:00,0.2450000,0.2470000,0.2383000,0.2405000,15920593,1764763199999,2025-12-03 11:59:59,3873722.9910000,33530,7244618,1765638.2304000
1764763200000,2025-12-03 12:00:00,0.2404000,0.2770000,0.2369000,0.2568000,95626118,1764777599999,2025-12-03 15:59:59,24775153.4284000,192787,46945388,12150410.9849000
1764777600000,2025-12-03 16:00:00,0.2568000,0.2711000,0.2525000,0.2631000,37665878,1764791999999,2025-12-03 19:59:59,9844822.1908000,93543,18590496,4859710.9294000
1764792000000,2025-12-03 20:00:00,0.2632000,0.2656000,0.2537000,0.2550000,17965173,1764806399999,2025-12-03 23:59:59,4655456.2567000,44903,8317355,2156770.5828000
1764806400000,2025-12-04 00:00:00,0.2551000,0.2682000,0.2485000,0.2526000,34374240,1764820799999,2025-12-04 03:59:59,8834252.5871000,73307,16950330,4359209.9918000
1764820800000,2025-12-04 04:00:00,0.2526000,0.2607000,0.2449000,0.2491000,23311631,1764835199999,2025-12-04 07:59:59,5850647.5751000,46725,11133109,2798303.7154000
1764835200000,2025-12-04 08:00:00,0.2491000,0.2547000,0.2454000,0.2506000,19750755,1764849599999,2025-12-04 11:59:59,4933483.4789000,40394,10009120,2502501.6193000
1764849600000,2025-12-04 12:00:00,0.2505000,0.2645000,0.2404000,0.2477000,46587194,1764863999999,2025-12-04 15:59:59,11676584.3199000,91398,22541075,5656665.3532000
1764864000000,2025-12-04 16:00:00,0.2477000,0.2562000,0.2455000,0.2516000,23835411,1764878399999,2025-12-04 19:59:59,5962350.0131000,51646,10963629,2741442.8208000
1764878400000,2025-12-04 20:00:00,0.2516000,0.2542000,0.2460000,0.2472000,11524607,1764892799999,2025-12-04 23:59:59,2878872.4211000,30145,4892888,1223789.3718000
1764892800000,2025-12-05 00:00:00,0.2473000,0.2527000,0.2427000,0.2456000,18809991,1764907199999,2025-12-05 03:59:59,4640199.8321000,44371,9122245,2252977.8763000
1764907200000,2025-12-05 04:00:00,0.2455000,0.2475000,0.2415000,0.2424000,11881310,1764921599999,2025-12-05 07:59:59,2900816.0147000,29567,5671273,1385756.6631000
1764921600000,2025-12-05 08:00:00,0.2424000,0.2424000,0.2321000,0.2337000,28110679,1764935999999,2025-12-05 11:59:59,6650644.0905000,46807,12270579,2902553.5415000
1764936000000,2025-12-05 12:00:00,0.2337000,0.2371000,0.2310000,0.2345000,18299246,1764950399999,2025-12-05 15:59:59,4279895.3057000,40123,9055857,2118911.8193000
1764950400000,2025-12-05 16:00:00,0.2346000,0.2346000,0.2216000,0.2264000,30604489,1764964799999,2025-12-05 19:59:59,6924594.6362000,58491,14095970,3189155.2644000
1764964800000,2025-12-05 20:00:00,0.2264000,0.2286000,0.2236000,0.2265000,8674702,1764979199999,2025-12-05 23:59:59,1959696.8437000,21616,4598302,1039361.0036000
1764979200000,2025-12-06 00:00:00,0.2265000,0.2299000,0.2235000,0.2285000,9639008,1764993599999,2025-12-06 03:59:59,2183073.9932000,21664,5384740,1219898.2414000
1764993600000,2025-12-06 04:00:00,0.2285000,0.2285000,0.2238000,0.2262000,8540667,1765007999999,2025-12-06 07:59:59,1928603.0750000,22470,3926744,887096.5955000
1765008000000,2025-12-06 08:00:00,0.2262000,0.2266000,0.2164000,0.2214000,26877636,1765022399999,2025-12-06 11:59:59,5928112.0431000,43907,11440202,2523697.4676000
1765022400000,2025-12-06 12:00:00,0.2213000,0.2248000,0.2193000,0.2233000,13172763,1765036799999,2025-12-06 15:59:59,2921337.9011000,26528,5918633,1312767.9380000
1765036800000,2025-12-06 16:00:00,0.2233000,0.2248000,0.2208000,0.2216000,8461049,1765051199999,2025-12-06 19:59:59,1882614.6396000,20054,3790138,843525.0584000
1765051200000,2025-12-06 20:00:00,0.2216000,0.2272000,0.2216000,0.2269000,7908801,1765065599999,2025-12-06 23:59:59,1770331.2194000,19418,4085346,915084.6209000
1765065600000,2025-12-07 00:00:00,0.2268000,0.2278000,0.2221000,0.2243000,13857129,1765079999999,2025-12-07 03:59:59,3121119.6817000,28071,7054873,1589605.1601000
1765080000000,2025-12-07 04:00:00,0.2243000,0.2285000,0.2227000,0.2234000,10113343,1765094399999,2025-12-07 07:59:59,2280951.7697000,24030,5251769,1184602.3137000
1765094400000,2025-12-07 08:00:00,0.2234000,0.2239000,0.2186000,0.2215000,13009380,1765108799999,2025-12-07 11:59:59,2877081.6508000,27144,5879146,1300835.4382000
1765108800000,2025-12-07 12:00:00,0.2214000,0.2237000,0.2108000,0.2220000,27692205,1765123199999,2025-12-07 15:59:59,6022661.5157000,50070,12926381,2814066.7722000
1765123200000,2025-12-07 16:00:00,0.2220000,0.2251000,0.2181000,0.2246000,12348563,1765137599999,2025-12-07 19:59:59,2745282.0295000,29105,5966425,1327454.4976000
1765137600000,2025-12-07 20:00:00,0.2247000,0.2255000,0.2142000,0.2172000,11666835,1765151999999,2025-12-07 23:59:59,2561475.7994000,33865,5296794,1162569.1453000
1765152000000,2025-12-08 00:00:00,0.2172000,0.2235000,0.2161000,0.2214000,16907250,1765166399999,2025-12-08 03:59:59,3719375.9997000,35072,8608499,1893881.1287000
1765166400000,2025-12-08 04:00:00,0.2214000,0.2248000,0.2210000,0.2241000,8830356,1765180799999,2025-12-08 07:59:59,1970922.1921000,20219,3726762,831955.3167000
1765180800000,2025-12-08 08:00:00,0.2241000,0.2258000,0.2216000,0.2231000,11888150,1765195199999,2025-12-08 11:59:59,2660304.0214000,24868,5768733,1291899.6288000
1765195200000,2025-12-08 12:00:00,0.2232000,0.2241000,0.2166000,0.2195000,17631221,1765209599999,2025-12-08 15:59:59,3888383.5231000,32421,8725529,1924025.5629000
1765209600000,2025-12-08 16:00:00,0.2195000,0.2218000,0.2152000,0.2163000,12935408,1765223999999,2025-12-08 19:59:59,2824028.0153000,28815,6482091,1414630.8964000
1765224000000,2025-12-08 20:00:00,0.2164000,0.2210000,0.2161000,0.2191000,13737832,1765238399999,2025-12-08 23:59:59,2990808.5835000,29311,7272349,1583020.1542000
1765238400000,2025-12-09 00:00:00,0.2191000,0.2208000,0.2129000,0.2162000,15311926,1765252799999,2025-12-09 03:59:59,3307831.2625000,28685,7314202,1580598.2501000
1765252800000,2025-12-09 04:00:00,0.2162000,0.2198000,0.2129000,0.2175000,14879067,1765267199999,2025-12-09 07:59:59,3224656.1794000,26968,6095753,1321624.0364000
1765267200000,2025-12-09 08:00:00,0.2176000,0.2185000,0.2135000,0.2163000,10578677,1765281599999,2025-12-09 11:59:59,2280880.2201000,21910,4859533,1047878.9642000
1765281600000,2025-12-09 12:00:00,0.2163000,0.2252000,0.2143000,0.2244000,20306610,1765295999999,2025-12-09 15:59:59,4458348.7548000,35839,10354324,2275882.2427000
1765296000000,2025-12-09 16:00:00,0.2244000,0.2263000,0.2213000,0.2229000,20170057,1765310399999,2025-12-09 19:59:59,4513286.8855000,38060,9511359,2128301.4475000
1765310400000,2025-12-09 20:00:00,0.2229000,0.2277000,0.2189000,0.2236000,14359191,1765324799999,2025-12-09 23:59:59,3196930.8279000,29597,7222843,1608838.5034000
1765324800000,2025-12-10 00:00:00,0.2237000,0.2237000,0.2194000,0.2222000,12850127,1765339199999,2025-12-10 03:59:59,2844612.7953000,27505,5669298,1254900.3288000
1765339200000,2025-12-10 04:00:00,0.2222000,0.2229000,0.2169000,0.2180000,9851703,1765353599999,2025-12-10 07:59:59,2164549.5153000,20444,4593214,1009598.4334000
1765353600000,2025-12-10 08:00:00,0.2181000,0.2186000,0.2120000,0.2144000,21306897,1765367999999,2025-12-10 11:59:59,4578979.7275000,34217,10424557,2241154.5617000
1765368000000,2025-12-10 12:00:00,0.2143000,0.2162000,0.2129000,0.2142000,13137120,1765382399999,2025-12-10 15:59:59,2820548.6893000,23876,6669347,1432133.4995000
1765382400000,2025-12-10 16:00:00,0.2141000,0.2183000,0.2137000,0.2169000,19962650,1765396799999,2025-12-10 19:59:59,4307406.1008000,34060,9219881,1989995.7638000
1765396800000,2025-12-10 20:00:00,0.2170000,0.2207000,0.2067000,0.2110000,24780720,1765411199999,2025-12-10 23:59:59,5277992.2211000,40156,11886095,2531828.6264000
1765411200000,2025-12-11 00:00:00,0.2109000,0.2109000,0.2009000,0.2040000,24531191,1765425599999,2025-12-11 03:59:59,5060322.9499000,40178,10746492,2218293.7729000
1765425600000,2025-12-11 04:00:00,0.2039000,0.2074000,0.2018000,0.2023000,15264243,1765439999999,2025-12-11 07:59:59,3128759.9577000,22777,6773215,1389990.5772000
1765440000000,2025-12-11 08:00:00,0.2023000,0.2038000,0.2000000,0.2015000,14507398,1765454399999,2025-12-11 11:59:59,2928964.9826000,24074,7464111,1507595.4990000
1765454400000,2025-12-11 12:00:00,0.2015000,0.2034000,0.1963000,0.2014000,20462041,1765468799999,2025-12-11 15:59:59,4106589.0909000,31582,9805020,1970433.7854000
1765468800000,2025-12-11 16:00:00,0.2013000,0.2060000,0.1993000,0.2027000,15533909,1765483199999,2025-12-11 19:59:59,3147893.9254000,25987,8716509,1767144.8283000
1765483200000,2025-12-11 20:00:00,0.2027000,0.2062000,0.2021000,0.2046000,12043978,1765497599999,2025-12-11 23:59:59,2455998.7582000,20600,5214945,1064300.1209000
1765497600000,2025-12-12 00:00:00,0.2046000,0.2049000,0.2008000,0.2015000,10274905,1765511999999,2025-12-12 03:59:59,2083074.9413000,20239,4815474,976676.7964000
1765512000000,2025-12-12 04:00:00,0.2015000,0.2052000,0.2005000,0.2029000,12555408,1765526399999,2025-12-12 07:59:59,2546373.2124000,19540,6520152,1323241.7104000
1765526400000,2025-12-12 08:00:00,0.2029000,0.2052000,0.2011000,0.2048000,10808663,1765540799999,2025-12-12 11:59:59,2195305.3659000,17460,4841205,983207.8293000
1765540800000,2025-12-12 12:00:00,0.2047000,0.2268000,0.2041000,0.2151000,85230269,1765555199999,2025-12-12 15:59:59,18452174.4044000,122333,42599906,9219900.1120000
1765555200000,2025-12-12 16:00:00,0.2152000,0.2398000,0.2149000,0.2306000,230273990,1765569599999,2025-12-12 19:59:59,53017073.6552000,366245,113032624,26030788.9786000
1765569600000,2025-12-12 20:00:00,0.2307000,0.2307000,0.2155000,0.2164000,59622631,1765583999999,2025-12-12 23:59:59,13165202.8866000,89613,28528597,6301745.5215000
1765584000000,2025-12-13 00:00:00,0.2163000,0.2173000,0.2052000,0.2068000,38797102,1765598399999,2025-12-13 03:59:59,8180250.8408000,63239,17630009,3720620.3723000
1765598400000,2025-12-13 04:00:00,0.2069000,0.2103000,0.2037000,0.2083000,28250866,1765612799999,2025-12-13 07:59:59,5855182.7975000,43943,13911064,2884918.9398000
1765612800000,2025-12-13 08:00:00,0.2083000,0.2141000,0.2066000,0.2117000,27676177,1765627199999,2025-12-13 11:59:59,5812691.4263000,43650,14636993,3075857.4303000
1765627200000,2025-12-13 12:00:00,0.2117000,0.2149000,0.2071000,0.2090000,32812928,1765641599999,2025-12-13 15:59:59,6930193.2810000,52315,14491307,3064209.2888000
1765641600000,2025-12-13 16:00:00,0.2090000,0.2143000,0.2068000,0.2125000,16594535,1765655999999,2025-12-13 19:59:59,3497327.8691000,29061,8456470,1781731.1956000
1765656000000,2025-12-13 20:00:00,0.2125000,0.2142000,0.2106000,0.2112000,11191807,1765670399999,2025-12-13 23:59:59,2378136.2727000,23083,5317246,1130343.0660000
1765670400000,2025-12-14 00:00:00,0.2112000,0.2143000,0.2089000,0.2091000,13366719,1765684799999,2025-12-14 03:59:59,2817645.4858000,27106,6354030,1339960.0598000
1765684800000,2025-12-14 04:00:00,0.2092000,0.2098000,0.2031000,0.2062000,17238845,1765699199999,2025-12-14 07:59:59,3547813.4362000,30686,7583585,1561511.8013000
1765699200000,2025-12-14 08:00:00,0.2062000,0.2067000,0.2022000,0.2031000,14606579,1765713599999,2025-12-14 11:59:59,2985218.5427000,27520,6705555,1371278.6076000
1765713600000,2025-12-14 12:00:00,0.2032000,0.2056000,0.2002000,0.2017000,13810386,1765727999999,2025-12-14 15:59:59,2796744.3874000,27537,6858054,1389894.9018000
1765728000000,2025-12-14 16:00:00,0.2016000,0.2028000,0.1938000,0.1954000,23426010,1765742399999,2025-12-14 19:59:59,4638874.4727000,38101,9557633,1894665.9091000
1765742400000,2025-12-14 20:00:00,0.1954000,0.1957000,0.1900000,0.1921000,17602366,1765756799999,2025-12-14 23:59:59,3401111.7111000,30125,7702227,1489779.0853000
1765756800000,2025-12-15 00:00:00,0.1921000,0.2022000,0.1881000,0.1974000,40295579,1765771199999,2025-12-15 03:59:59,7856978.7795000,60747,21543054,4201335.6944000
1765771200000,2025-12-15 04:00:00,0.1974000,0.1997000,0.1965000,0.1988000,11086284,1765785599999,2025-12-15 07:59:59,2199562.9060000,21790,5051459,1002447.3306000
1765785600000,2025-12-15 08:00:00,0.1987000,0.2006000,0.1944000,0.1971000,11732163,1765799999999,2025-12-15 11:59:59,2310816.8993000,20964,4950588,975633.2546000
1765800000000,2025-12-15 12:00:00,0.1972000,0.1996000,0.1895000,0.1912000,19231899,1765814399999,2025-12-15 15:59:59,3747962.6978000,39238,9098221,1774919.7141000
1765814400000,2025-12-15 16:00:00,0.1912000,0.1930000,0.1769000,0.1825000,40066448,1765828799999,2025-12-15 19:59:59,7375704.6527000,67585,19864493,3656102.1028000
1765828800000,2025-12-15 20:00:00,0.1824000,0.1841000,0.1799000,0.1812000,9868570,1765843199999,2025-12-15 23:59:59,1794639.4219000,23651,5129258,933061.8219000
1765843200000,2025-12-16 00:00:00,0.1811000,0.1939000,0.1785000,0.1877000,29241581,1765857599999,2025-12-16 03:59:59,5454205.6082000,52913,14600655,2721055.8829000
1765857600000,2025-12-16 04:00:00,0.1878000,0.1895000,0.1823000,0.1831000,13581612,1765871999999,2025-12-16 07:59:59,2529425.2081000,25581,6556453,1221778.8246000
1765872000000,2025-12-16 08:00:00,0.1830000,0.1893000,0.1818000,0.1885000,16559897,1765886399999,2025-12-16 11:59:59,3077313.0061000,26632,9113083,1693339.3378000
1765886400000,2025-12-16 12:00:00,0.1885000,0.1905000,0.1839000,0.1900000,15039453,1765900799999,2025-12-16 15:59:59,2813727.2915000,30470,7439054,1392521.4589000
1765900800000,2025-12-16 16:00:00,0.1900000,0.1917000,0.1868000,0.1895000,8287586,1765915199999,2025-12-16 19:59:59,1566164.2463000,19206,4046377,764856.9196000
1765915200000,2025-12-16 20:00:00,0.1894000,0.1966000,0.1893000,0.1913000,11300083,1765929599999,2025-12-16 23:59:59,2178645.8424000,23250,5253956,1013464.7125000
1765929600000,2025-12-17 00:00:00,0.1913000,0.1918000,0.1874000,0.1877000,7215470,1765943999999,2025-12-17 03:59:59,1368309.8219000,16129,3001737,569495.1452000
1765944000000,2025-12-17 04:00:00,0.1877000,0.1897000,0.1863000,0.1876000,6400949,1765958399999,2025-12-17 07:59:59,1203336.7965000,15029,3130705,588810.5328000
1765958400000,2025-12-17 08:00:00,0.1876000,0.1901000,0.1856000,0.1901000,7731560,1765972799999,2025-12-17 11:59:59,1450197.2932000,18590,3946972,740510.3653000
1765972800000,2025-12-17 12:00:00,0.1900000,0.1909000,0.1843000,0.1861000,18613522,1765987199999,2025-12-17 15:59:59,3492642.6668000,31513,8873333,1665425.6215000
1765987200000,2025-12-17 16:00:00,0.1861000,0.2121000,0.1843000,0.1975000,253635126,1766001599999,2025-12-17 19:59:59,51149822.3831000,394551,127849112,25770701.9545000
1766001600000,2025-12-17 20:00:00,0.1975000,0.1984000,0.1802000,0.1819000,46843294,1766015999999,2025-12-17 23:59:59,8859920.8063000,86630,21897707,4146011.6041000
1766016000000,2025-12-18 00:00:00,0.1819000,0.1913000,0.1782000,0.1911000,24809274,1766030399999,2025-12-18 03:59:59,4542001.8659000,47603,12663931,2325116.4143000
1766030400000,2025-12-18 04:00:00,0.1911000,0.1969000,0.1800000,0.1825000,52790590,1766044799999,2025-12-18 07:59:59,10002231.0690000,84349,23430255,4442963.8714000
1766044800000,2025-12-18 08:00:00,0.1824000,0.1826000,0.1776000,0.1811000,21098772,1766059199999,2025-12-18 11:59:59,3799458.6933000,39955,10339675,1862963.4679000
1766059200000,2025-12-18 12:00:00,0.1812000,0.1855000,0.1791000,0.1841000,25014263,1766073599999,2025-12-18 15:59:59,4560467.6052000,42506,12102865,2206987.3192000
1766073600000,2025-12-18 16:00:00,0.1841000,0.1950000,0.1784000,0.1845000,44882712,1766087999999,2025-12-18 19:59:59,8389256.0078000,70342,20794073,3882164.6840000
1766088000000,2025-12-18 20:00:00,0.1845000,0.1926000,0.1840000,0.1919000,16580795,1766102399999,2025-12-18 23:59:59,3144317.8805000,32254,8052550,1526575.7557000
1766102400000,2025-12-19 00:00:00,0.1918000,0.2055000,0.1910000,0.2012000,54984879,1766116799999,2025-12-19 03:59:59,10980787.4413000,91957,27003037,5393772.4589000
1766116800000,2025-12-19 04:00:00,0.2013000,0.2094000,0.1995000,0.2025000,37368073,1766131199999,2025-12-19 07:59:59,7646121.8247000,63327,18370061,3761868.5855000
1766131200000,2025-12-19 08:00:00,0.2025000,0.2147000,0.2022000,0.2123000,52290536,1766145599999,2025-12-19 11:59:59,10956592.8260000,86120,26038434,5456290.3538000
1766145600000,2025-12-19 12:00:00,0.2123000,0.2184000,0.2091000,0.2126000,56613613,1766159999999,2025-12-19 15:59:59,12107972.7058000,89093,27376135,5855556.5732000
1766160000000,2025-12-19 16:00:00,0.2125000,0.2126000,0.1992000,0.2113000,61913374,1766174399999,2025-12-19 19:59:59,12668320.3948000,84564,30950645,6328398.1562000
1766174400000,2025-12-19 20:00:00,0.2112000,0.2114000,0.2035000,0.2081000,15298243,1766188799999,2025-12-19 23:59:59,3184534.8276000,27478,7023683,1462488.4400000
1766188800000,2025-12-20 00:00:00,0.2081000,0.2312000,0.2064000,0.2145000,51848942,1766203199999,2025-12-20 03:59:59,11315114.9102000,101001,26927760,5877941.9703000
1766203200000,2025-12-20 04:00:00,0.2145000,0.2174000,0.2064000,0.2108000,17788513,1766217599999,2025-12-20 07:59:59,3749807.3305000,38145,8120292,1711933.6020000
1766217600000,2025-12-20 08:00:00,0.2108000,0.2120000,0.2066000,0.2092000,10547720,1766231999999,2025-12-20 11:59:59,2209743.6808000,22279,4902532,1027369.8465000
1766232000000,2025-12-20 12:00:00,0.2092000,0.2155000,0.2054000,0.2067000,17818402,1766246399999,2025-12-20 15:59:59,3745167.1018000,34347,9297038,1955103.6995000
1766246400000,2025-12-20 16:00:00,0.2067000,0.2109000,0.2021000,0.2092000,12890838,1766260799999,2025-12-20 19:59:59,2650102.0609000,27086,6840423,1405963.3155000
1766260800000,2025-12-20 20:00:00,0.2092000,0.2100000,0.2054000,0.2097000,9622307,1766275199999,2025-12-20 23:59:59,2002136.8448000,17870,4789817,996591.9083000
1766275200000,2025-12-21 00:00:00,0.2097000,0.2098000,0.2034000,0.2043000,12357641,1766289599999,2025-12-21 03:59:59,2550972.8466000,21345,5958586,1230360.9582000
1766289600000,2025-12-21 04:00:00,0.2043000,0.2050000,0.2023000,0.2045000,6266792,1766303999999,2025-12-21 07:59:59,1276287.0065000,14078,3509806,714840.5500000
1766304000000,2025-12-21 08:00:00,0.2044000,0.2083000,0.2002000,0.2011000,12394693,1766318399999,2025-12-21 11:59:59,2526907.5032000,22813,5994170,1222582.8724000
1766318400000,2025-12-21 12:00:00,0.2012000,0.2047000,0.1986000,0.1998000,13057832,1766332799999,2025-12-21 15:59:59,2618807.4537000,25734,6194800,1243480.4324000
1766332800000,2025-12-21 16:00:00,0.1999000,0.2019000,0.1975000,0.2013000,9239298,1766347199999,2025-12-21 19:59:59,1842562.1927000,19371,4688908,935193.3714000
1766347200000,2025-12-21 20:00:00,0.2013000,0.2039000,0.1982000,0.2027000,7660731,1766361599999,2025-12-21 23:59:59,1538396.3079000,19371,3940453,791369.0620000
1766361600000,2025-12-22 00:00:00,0.2026000,0.2086000,0.2003000,0.2044000,10040713,1766375999999,2025-12-22 03:59:59,2047259.3767000,29889,4849346,989123.5857000
1766376000000,2025-12-22 04:00:00,0.2043000,0.2149000,0.2037000,0.2108000,18877208,1766390399999,2025-12-22 07:59:59,3969854.3115000,40637,8899148,1870639.7988000
1766390400000,2025-12-22 08:00:00,0.2109000,0.2146000,0.2088000,0.2134000,23306006,1766404799999,2025-12-22 11:59:59,4942708.5438000,36949,11316092,2398495.6894000
1766404800000,2025-12-22 12:00:00,0.2134000,0.2135000,0.2073000,0.2112000,17607256,1766419199999,2025-12-22 15:59:59,3699450.2359000,34309,8683640,1823967.7305000
1766419200000,2025-12-22 16:00:00,0.2112000,0.2226000,0.2106000,0.2147000,35866012,1766433599999,2025-12-22 19:59:59,7800392.6473000,71774,16104735,3503777.8817000
1766433600000,2025-12-22 20:00:00,0.2148000,0.2210000,0.2128000,0.2201000,14813250,1766447999999,2025-12-22 23:59:59,3203301.8132000,36422,7543305,1631490.4357000
1766448000000,2025-12-23 00:00:00,0.2201000,0.2225000,0.2150000,0.2161000,12673646,1766462399999,2025-12-23 03:59:59,2764057.9188000,35251,6094403,1329033.0212000
1766462400000,2025-12-23 04:00:00,0.2160000,0.2165000,0.2073000,0.2123000,11476187,1766476799999,2025-12-23 07:59:59,2423280.7942000,31300,5576162,1178077.0718000
1766476800000,2025-12-23 08:00:00,0.2123000,0.2158000,0.2089000,0.2136000,7861799,1766491199999,2025-12-23 11:59:59,1667816.7146000,21298,3841022,814519.6238000
1766491200000,2025-12-23 12:00:00,0.2137000,0.2169000,0.2025000,0.2118000,20393992,1766505599999,2025-12-23 15:59:59,4259171.7319000,44678,9251332,1932972.1483000
1766505600000,2025-12-23 16:00:00,0.2118000,0.2127000,0.2074000,0.2104000,5254693,1766519999999,2025-12-23 19:59:59,1103337.3029000,18214,2321139,487413.5822000
1766520000000,2025-12-23 20:00:00,0.2103000,0.2167000,0.2091000,0.2144000,6386596,1766534399999,2025-12-23 23:59:59,1365011.9053000,17081,3005253,642496.2827000
1766534400000,2025-12-24 00:00:00,0.2145000,0.2290000,0.2144000,0.2237000,26103404,1766548799999,2025-12-24 03:59:59,5824262.9981000,59024,13272034,2961044.4698000
1766548800000,2025-12-24 04:00:00,0.2238000,0.2304000,0.2154000,0.2168000,31715928,1766563199999,2025-12-24 07:59:59,7132973.5212000,66860,15259477,3434489.3710000
1766563200000,2025-12-24 08:00:00,0.2169000,0.2265000,0.2154000,0.2252000,16528214,1766577599999,2025-12-24 11:59:59,3640287.0409000,36416,7972358,1756335.4436000
1766577600000,2025-12-24 12:00:00,0.2252000,0.2290000,0.2164000,0.2201000,22465580,1766591999999,2025-12-24 15:59:59,5023576.1419000,52623,10722057,2398612.4717000
1766592000000,2025-12-24 16:00:00,0.2200000,0.2225000,0.2174000,0.2207000,7308197,1766606399999,2025-12-24 19:59:59,1608327.2906000,21575,3742680,823812.7613000
1766606400000,2025-12-24 20:00:00,0.2207000,0.2249000,0.2193000,0.2228000,5373231,1766620799999,2025-12-24 23:59:59,1193132.5964000,18469,3076285,683065.2526000
1766620800000,2025-12-25 00:00:00,0.2227000,0.2261000,0.2174000,0.2243000,9005190,1766635199999,2025-12-25 03:59:59,1999885.9798000,23765,4445009,986503.1849000
1766635200000,2025-12-25 04:00:00,0.2242000,0.2285000,0.2232000,0.2249000,9361792,1766649599999,2025-12-25 07:59:59,2114173.2834000,28276,4474551,1010384.1330000
1766649600000,2025-12-25 08:00:00,0.2248000,0.2375000,0.2233000,0.2286000,27732539,1766663999999,2025-12-25 11:59:59,6400731.0728000,61898,13577031,3134707.0625000
1766664000000,2025-12-25 12:00:00,0.2285000,0.2369000,0.2263000,0.2317000,14682185,1766678399999,2025-12-25 15:59:59,3403377.5924000,41024,6959435,1613244.5201000
1766678400000,2025-12-25 16:00:00,0.2317000,0.2444000,0.2261000,0.2407000,24473654,1766692799999,2025-12-25 19:59:59,5793665.0832000,62530,12480353,2957901.5057000
1766692800000,2025-12-25 20:00:00,0.2406000,0.2421000,0.2366000,0.2388000,13963266,1766707199999,2025-12-25 23:59:59,3343473.0663000,42245,6836640,1637952.8744000
1766707200000,2025-12-26 00:00:00,0.2387000,0.2439000,0.2302000,0.2317000,21865365,1766721599999,2025-12-26 03:59:59,5163411.8851000,57722,10654913,2517724.7127000
1766721600000,2025-12-26 04:00:00,0.2317000,0.2321000,0.2234000,0.2257000,13289621,1766735999999,2025-12-26 07:59:59,3031852.9202000,34451,6074536,1387872.0052000
1766736000000,2025-12-26 08:00:00,0.2257000,0.2300000,0.2228000,0.2248000,10459520,1766750399999,2025-12-26 11:59:59,2367296.9833000,24412,4716766,1069071.5907000
1766750400000,2025-12-26 12:00:00,0.2247000,0.2267000,0.2221000,0.2252000,11714091,1766764799999,2025-12-26 15:59:59,2625513.4020000,27296,5871265,1316319.5197000
1766764800000,2025-12-26 16:00:00,0.2252000,0.2400000,0.2235000,0.2282000,22015712,1766779199999,2025-12-26 19:59:59,5071946.0714000,54034,10769186,2476700.5953000
1766779200000,2025-12-26 20:00:00,0.2283000,0.2307000,0.2244000,0.2301000,5870380,1766793599999,2025-12-26 23:59:59,1333356.0313000,16604,2995171,680531.3069000
1766793600000,2025-12-27 00:00:00,0.2300000,0.2325000,0.2236000,0.2257000,7668384,1766807999999,2025-12-27 03:59:59,1746178.5053000,19507,3665692,834605.2853000
1766808000000,2025-12-27 04:00:00,0.2256000,0.2297000,0.2251000,0.2263000,7735939,1766822399999,2025-12-27 07:59:59,1755529.1135000,16100,3412720,774385.6096000
1766822400000,2025-12-27 08:00:00,0.2262000,0.2276000,0.2163000,0.2183000,14164398,1766836799999,2025-12-27 11:59:59,3139452.0202000,25191,6208730,1377920.0325000
1766836800000,2025-12-27 12:00:00,0.2183000,0.2217000,0.2177000,0.2209000,8674505,1766851199999,2025-12-27 15:59:59,1907469.7786000,17374,4063502,893714.4211000
1766851200000,2025-12-27 16:00:00,0.2210000,0.2224000,0.2177000,0.2189000,4053768,1766865599999,2025-12-27 19:59:59,889775.1707000,10193,1794868,393919.0718000
1766865600000,2025-12-27 20:00:00,0.2188000,0.2210000,0.2151000,0.2176000,5858596,1766879999999,2025-12-27 23:59:59,1279697.5154000,14689,2778466,607485.6561000
1766880000000,2025-12-28 00:00:00,0.2175000,0.2264000,0.2154000,0.2259000,12049445,1766894399999,2025-12-28 03:59:59,2653105.2944000,25062,5856170,1289283.0613000
1766894400000,2025-12-28 04:00:00,0.2258000,0.2285000,0.2230000,0.2270000,8713230,1766908799999,2025-12-28 07:59:59,1964172.2696000,22637,3675680,828949.9518000
1766908800000,2025-12-28 08:00:00,0.2270000,0.2357000,0.2232000,0.2311000,18556601,1766923199999,2025-12-28 11:59:59,4265251.5805000,42823,9562364,2199508.7743000
1766923200000,2025-12-28 12:00:00,0.2310000,0.2331000,0.2254000,0.2271000,13852662,1766937599999,2025-12-28 15:59:59,3173137.7191000,34977,6808653,1559833.5691000
1766937600000,2025-12-28 16:00:00,0.2271000,0.2272000,0.2216000,0.2258000,8233335,1766951999999,2025-12-28 19:59:59,1851388.6787000,23067,3497539,786930.6883000
1766952000000,2025-12-28 20:00:00,0.2258000,0.2293000,0.2197000,0.2232000,8821795,1766966399999,2025-12-28 23:59:59,1976553.8055000,28682,3999579,897373.9049000
1766966400000,2025-12-29 00:00:00,0.2232000,0.2424000,0.2216000,0.2348000,31610700,1766980799999,2025-12-29 03:59:59,7410300.5670000,81059,15052329,3533225.1877000
1766980800000,2025-12-29 04:00:00,0.2348000,0.2396000,0.2298000,0.2328000,15651204,1766995199999,2025-12-29 07:59:59,3677063.2891000,35139,7693094,1807065.0127000
1766995200000,2025-12-29 08:00:00,0.2329000,0.2429000,0.2315000,0.2382000,20857968,1767009599999,2025-12-29 11:59:59,4968718.4718000,49634,10225311,2437091.4631000
1767009600000,2025-12-29 12:00:00,0.2383000,0.2488000,0.2282000,0.2305000,34309967,1767023999999,2025-12-29 15:59:59,8193622.9457000,77440,17287984,4137215.2198000
1767024000000,2025-12-29 16:00:00,0.2305000,0.2366000,0.2289000,0.2348000,8731143,1767038399999,2025-12-29 19:59:59,2031418.3248000,27121,4186970,974145.2060000
1767038400000,2025-12-29 20:00:00,0.2347000,0.2384000,0.2323000,0.2372000,7454426,1767052799999,2025-12-29 23:59:59,1758861.7702000,23233,3621420,854973.3935000
1767052800000,2025-12-30 00:00:00,0.2372000,0.2373000,0.2265000,0.2297000,13414736,1767067199999,2025-12-30 03:59:59,3099103.5515000,35815,6329959,1461597.0904000
1767067200000,2025-12-30 04:00:00,0.2296000,0.2348000,0.2267000,0.2299000,7038404,1767081599999,2025-12-30 07:59:59,1622428.8373000,27143,3584317,826547.8633000
1767081600000,2025-12-30 08:00:00,0.2299000,0.2331000,0.2275000,0.2292000,9502560,1767095999999,2025-12-30 11:59:59,2189156.0717000,27341,4466472,1029423.0209000
1767096000000,2025-12-30 12:00:00,0.2293000,0.2325000,0.2272000,0.2319000,7362749,1767110399999,2025-12-30 15:59:59,1691835.5796000,23418,3475438,798674.2813000
1767110400000,2025-12-30 16:00:00,0.2320000,0.2346000,0.2286000,0.2325000,5691486,1767124799999,2025-12-30 19:59:59,1317820.0404000,19051,2710902,627820.6630000
1767124800000,2025-12-30 20:00:00,0.2325000,0.2349000,0.2293000,0.2312000,3886213,1767139199999,2025-12-30 23:59:59,900147.0567000,16468,1927272,446169.9059000
1767139200000,2025-12-31 00:00:00,0.2312000,0.2315000,0.2206000,0.2264000,12119159,1767153599999,2025-12-31 03:59:59,2730565.9906000,27263,5280448,1189338.4539000
1767153600000,2025-12-31 04:00:00,0.2264000,0.2403000,0.2260000,0.2348000,17056344,1767167999999,2025-12-31 07:59:59,4011631.4779000,41959,7732302,1817710.8693000
1767168000000,2025-12-31 08:00:00,0.2347000,0.2393000,0.2290000,0.2326000,12463036,1767182399999,2025-12-31 11:59:59,2901899.1771000,33658,5941777,1382982.8391000
1767182400000,2025-12-31 12:00:00,0.2325000,0.2359000,0.2264000,0.2274000,16517121,1767196799999,2025-12-31 15:59:59,3819667.1378000,33440,8740275,2020559.9383000
1767196800000,2025-12-31 16:00:00,0.2275000,0.2281000,0.2168000,0.2225000,14070193,1767211199999,2025-12-31 19:59:59,3115026.9756000,32643,7109318,1575749.8760000
1767211200000,2025-12-31 20:00:00,0.2226000,0.2298000,0.2204000,0.2280000,6240159,1767225599999,2025-12-31 23:59:59,1400196.3569000,16956,2999618,672307.8223000
1767225600000,2026-01-01 00:00:00,0.2281000,0.2317000,0.2246000,0.2280000,5773052,1767239999999,2026-01-01 03:59:59,1316629.6164000,15825,2547732,581015.1452000
1767240000000,2026-01-01 04:00:00,0.2280000,0.2291000,0.2251000,0.2260000,3005033,1767254399999,2026-01-01 07:59:59,682762.7030000,9235,1346025,305782.2157000
1767254400000,2026-01-01 08:00:00,0.2259000,0.2283000,0.2238000,0.2258000,6996763,1767268799999,2026-01-01 11:59:59,1581320.0514000,15510,3185060,719902.0792000
1767268800000,2026-01-01 12:00:00,0.2259000,0.2270000,0.2232000,0.2243000,5513078,1767283199999,2026-01-01 15:59:59,1241245.7756000,14537,2760177,621381.6715000
1767283200000,2026-01-01 16:00:00,0.2242000,0.2304000,0.2232000,0.2283000,6171550,1767297599999,2026-01-01 19:59:59,1398693.9110000,14128,2570483,582710.9714000
1767297600000,2026-01-01 20:00:00,0.2284000,0.2309000,0.2265000,0.2295000,3864530,1767311999999,2026-01-01 23:59:59,882878.4071000,12268,1768801,404229.1045000
1767312000000,2026-01-02 00:00:00,0.2295000,0.2306000,0.2266000,0.2292000,3735107,1767326399999,2026-01-02 03:59:59,853150.5834000,11595,1811859,413718.2156000
1767326400000,2026-01-02 04:00:00,0.2293000,0.2325000,0.2289000,0.2304000,4198341,1767340799999,2026-01-02 07:59:59,968523.0204000,12317,1947877,449435.7299000
1767340800000,2026-01-02 08:00:00,0.2305000,0.2323000,0.2272000,0.2299000,6611442,1767355199999,2026-01-02 11:59:59,1520511.1089000,15161,2963194,681790.9115000
1767355200000,2026-01-02 12:00:00,0.2299000,0.2322000,0.2283000,0.2319000,8482866,1767369599999,2026-01-02 15:59:59,1953381.7342000,18746,4173207,961656.1816000
1767369600000,2026-01-02 16:00:00,0.2319000,0.2396000,0.2309000,0.2374000,10226551,1767383999999,2026-01-02 19:59:59,2412186.5770000,23528,4914037,1159145.1520000
1767384000000,2026-01-02 20:00:00,0.2373000,0.2380000,0.2339000,0.2358000,4265359,1767398399999,2026-01-02 23:59:59,1005196.8862000,12238,1997622,470786.1169000
1767398400000,2026-01-03 00:00:00,0.2359000,0.2418000,0.2347000,0.2387000,6455768,1767412799999,2026-01-03 03:59:59,1541637.6169000,16263,3147421,751647.3625000
1767412800000,2026-01-03 04:00:00,0.2387000,0.2398000,0.2297000,0.2331000,9165963,1767427199999,2026-01-03 07:59:59,2153448.0210000,20909,4097242,963071.1351000
1767427200000,2026-01-03 08:00:00,0.2331000,0.2464000,0.2315000,0.2403000,16564744,1767441599999,2026-01-03 11:59:59,3981921.4451000,35542,7879339,1895840.0972000
1767441600000,2026-01-03 12:00:00,0.2404000,0.2437000,0.2363000,0.2384000,9402005,1767455999999,2026-01-03 15:59:59,2255960.7439000,20949,4232140,1016401.2925000
1767456000000,2026-01-03 16:00:00,0.2384000,0.2415000,0.2379000,0.2391000,6203297,1767470399999,2026-01-03 19:59:59,1485679.0688000,13137,3268339,782947.3719000
1767470400000,2026-01-03 20:00:00,0.2392000,0.2416000,0.2378000,0.2398000,3603878,1767484799999,2026-01-03 23:59:59,863544.8856000,9004,1560345,374034.4330000
1767484800000,2026-01-04 00:00:00,0.2397000,0.2415000,0.2359000,0.2394000,3876037,1767499199999,2026-01-04 03:59:59,923921.5760000,11308,1911689,455953.9121000
1767499200000,2026-01-04 04:00:00,0.2395000,0.2402000,0.2354000,0.2372000,3906214,1767513599999,2026-01-04 07:59:59,928391.5695000,10042,2040040,485075.4331000
1767513600000,2026-01-04 08:00:00,0.2372000,0.2397000,0.2363000,0.2376000,3450776,1767527999999,2026-01-04 11:59:59,821426.7241000,9157,1530223,364431.3470000
1767528000000,2026-01-04 12:00:00,0.2377000,0.2442000,0.2373000,0.2424000,7559703,1767542399999,2026-01-04 15:59:59,1817602.2121000,14264,3408023,820384.4484000
1767542400000,2026-01-04 16:00:00,0.2423000,0.2449000,0.2378000,0.2411000,6526589,1767556799999,2026-01-04 19:59:59,1574884.7749000,14223,2901924,701164.1094000
1767556800000,2026-01-04 20:00:00,0.2410000,0.2428000,0.2391000,0.2405000,3310744,1767571199999,2026-01-04 23:59:59,796960.8172000,9165,1602900,386006.2330000
1767571200000,2026-01-05 00:00:00,0.2404000,0.2454000,0.2394000,0.2399000,7439630,1767585599999,2026-01-05 03:59:59,1801652.5790000,18191,3266057,791149.0748000
1767585600000,2026-01-05 04:00:00,0.2399000,0.2402000,0.2312000,0.2391000,10418168,1767599999999,2026-01-05 07:59:59,2459405.6126000,24028,4516920,1066286.8708000
1767600000000,2026-01-05 08:00:00,0.2391000,0.2626000,0.2381000,0.2546000,41311081,1767614399999,2026-01-05 11:59:59,10480171.5687000,88857,20708124,5254209.9787000
1767614400000,2026-01-05 12:00:00,0.2545000,0.2559000,0.2378000,0.2433000,25215551,1767628799999,2026-01-05 15:59:59,6210738.1701000,57539,12232730,3015594.3506000
1767628800000,2026-01-05 16:00:00,0.2434000,0.2512000,0.2421000,0.2471000,19252294,1767643199999,2026-01-05 19:59:59,4760426.4658000,40502,9148241,2262342.3385000
1767643200000,2026-01-05 20:00:00,0.2470000,0.2505000,0.2446000,0.2494000,6658601,1767657599999,2026-01-05 23:59:59,1650500.4287000,18037,3261659,808638.0036000
1767657600000,2026-01-06 00:00:00,0.2493000,0.2504000,0.2461000,0.2492000,7048293,1767671999999,2026-01-06 03:59:59,1750504.0912000,18640,3153583,782994.9184000
1767672000000,2026-01-06 04:00:00,0.2492000,0.2493000,0.2427000,0.2441000,6109383,1767686399999,2026-01-06 07:59:59,1505225.0012000,16250,3123329,769884.6469000
1767686400000,2026-01-06 08:00:00,0.2441000,0.2467000,0.2428000,0.2445000,6516558,1767700799999,2026-01-06 11:59:59,1594833.7890000,18214,2948745,721986.5751000
1767700800000,2026-01-06 12:00:00,0.2445000,0.2487000,0.2428000,0.2458000,11254850,1767715199999,2026-01-06 15:59:59,2768548.7703000,23170,5326156,1311106.1590000
1767715200000,2026-01-06 16:00:00,0.2457000,0.2462000,0.2395000,0.2441000,10018571,1767729599999,2026-01-06 19:59:59,2431832.4067000,22921,4222448,1025004.6530000
1767729600000,2026-01-06 20:00:00,0.2440000,0.2567000,0.2436000,0.2543000,9129744,1767743999999,2026-01-06 23:59:59,2298275.4679000,21506,4327867,1089595.9526000
1767744000000,2026-01-07 00:00:00,0.2543000,0.2543000,0.2473000,0.2484000,5774517,1767758399999,2026-01-07 03:59:59,1442736.3777000,16518,2468654,616322.8768000
1767758400000,2026-01-07 04:00:00,0.2484000,0.2506000,0.2470000,0.2504000,3616961,1767772799999,2026-01-07 07:59:59,900311.3042000,10922,1793256,446569.4637000
1767772800000,2026-01-07 08:00:00,0.2503000,0.2580000,0.2463000,0.2543000,11156955,1767787199999,2026-01-07 11:59:59,2815027.0142000,27504,5547363,1400109.5146000
1767787200000,2026-01-07 12:00:00,0.2542000,0.2544000,0.2473000,0.2493000,8355454,1767801599999,2026-01-07 15:59:59,2086816.2151000,22854,4017653,1003646.4378000
1767801600000,2026-01-07 16:00:00,0.2493000,0.2514000,0.2457000,0.2496000,5566188,1767815999999,2026-01-07 19:59:59,1381635.6302000,15900,2711116,673180.6119000
1767816000000,2026-01-07 20:00:00,0.2496000,0.2499000,0.2429000,0.2451000,5876614,1767830399999,2026-01-07 23:59:59,1443646.4023000,16108,2533281,622449.9357000
1767830400000,2026-01-08 00:00:00,0.2451000,0.2472000,0.2377000,0.2393000,6235231,1767844799999,2026-01-08 03:59:59,1516567.6745000,16048,2732989,666360.1396000
1767844800000,2026-01-08 04:00:00,0.2393000,0.2517000,0.2388000,0.2501000,7100104,1767859199999,2026-01-08 07:59:59,1748173.1767000,22137,3719973,915180.7048000
1767859200000,2026-01-08 08:00:00,0.2502000,0.2506000,0.2444000,0.2478000,10419650,1767873599999,2026-01-08 11:59:59,2574345.6796000,23435,5688127,1404885.9566000
1767873600000,2026-01-08 12:00:00,0.2479000,0.2499000,0.2413000,0.2496000,8017357,1767887999999,2026-01-08 15:59:59,1969944.8683000,20832,4311853,1060176.7267000
1767888000000,2026-01-08 16:00:00,0.2496000,0.2537000,0.2480000,0.2510000,4658959,1767902399999,2026-01-08 19:59:59,1166065.2770000,16926,2187202,547601.3037000
1767902400000,2026-01-08 20:00:00,0.2509000,0.2518000,0.2484000,0.2495000,2747830,1767916799999,2026-01-08 23:59:59,686028.8531000,10647,1318542,329293.3266000
1767916800000,2026-01-09 00:00:00,0.2494000,0.2581000,0.2480000,0.2541000,6953150,1767931199999,2026-01-09 03:59:59,1764251.3706000,18855,3468621,880618.7134000
1767931200000,2026-01-09 04:00:00,0.2541000,0.2567000,0.2514000,0.2521000,5128675,1767945599999,2026-01-09 07:59:59,1301884.3037000,14301,2444474,620557.3612000
1767945600000,2026-01-09 08:00:00,0.2522000,0.2536000,0.2467000,0.2526000,6939260,1767959999999,2026-01-09 11:59:59,1737093.6386000,16930,3188506,798115.5806000
1767960000000,2026-01-09 12:00:00,0.2526000,0.2556000,0.2500000,0.2526000,7381699,1767974399999,2026-01-09 15:59:59,1864680.0422000,19360,3356894,848053.1387000
1767974400000,2026-01-09 16:00:00,0.2526000,0.2534000,0.2480000,0.2487000,3436244,1767988799999,2026-01-09 19:59:59,860776.4019000,10804,1701635,426397.6453000
1767988800000,2026-01-09 20:00:00,0.2487000,0.2532000,0.2485000,0.2522000,2099565,1768003199999,2026-01-09 23:59:59,526960.1293000,6478,824192,206903.0858000
1768003200000,2026-01-10 00:00:00,0.2522000,0.2522000,0.2480000,0.2492000,2169008,1768017599999,2026-01-10 03:59:59,542307.0221000,6183,947741,236949.6952000
1768017600000,2026-01-10 04:00:00,0.2491000,0.2518000,0.2446000,0.2511000,4146687,1768031999999,2026-01-10 07:59:59,1026362.8203000,9576,2094622,518157.6304000
1768032000000,2026-01-10 08:00:00,0.2511000,0.2512000,0.2485000,0.2504000,3188540,1768046399999,2026-01-10 11:59:59,796320.3753000,8245,1518606,379359.8496000
1768046400000,2026-01-10 12:00:00,0.2503000,0.2558000,0.2492000,0.2547000,5562486,1768060799999,2026-01-10 15:59:59,1405509.3019000,13241,2536391,640922.2870000
1768060800000,2026-01-10 16:00:00,0.2547000,0.2637000,0.2540000,0.2583000,8512072,1768075199999,2026-01-10 19:59:59,2209011.8761000,21470,4230474,1098558.2401000
1768075200000,2026-01-10 20:00:00,0.2584000,0.2594000,0.2543000,0.2568000,2821435,1768089599999,2026-01-10 23:59:59,724661.8381000,9919,1115407,286538.5331000
1768089600000,2026-01-11 00:00:00,0.2568000,0.2569000,0.2513000,0.2563000,3831595,1768103999999,2026-01-11 03:59:59,972914.1979000,10589,1945042,494139.5584000
1768104000000,2026-01-11 04:00:00,0.2562000,0.2606000,0.2543000,0.2580000,5634304,1768118399999,2026-01-11 07:59:59,1453728.4392000,13366,2623701,677221.6352000
1768118400000,2026-01-11 08:00:00,0.2580000,0.2593000,0.2548000,0.2556000,2768364,1768132799999,2026-01-11 11:59:59,711201.7356000,7779,1133537,291389.4277000
1768132800000,2026-01-11 12:00:00,0.2556000,0.2563000,0.2507000,0.2524000,3101593,1768147199999,2026-01-11 15:59:59,787554.3591000,8772,1446098,367281.9833000
1768147200000,2026-01-11 16:00:00,0.2525000,0.2547000,0.2515000,0.2533000,2826932,1768161599999,2026-01-11 19:59:59,715669.3552000,9280,1492424,377894.1810000
1768161600000,2026-01-11 20:00:00,0.2534000,0.2537000,0.2463000,0.2497000,5748904,1768175999999,2026-01-11 23:59:59,1433266.0429000,11785,2548791,635466.4177000
1768176000000,2026-01-12 00:00:00,0.2498000,0.2498000,0.2400000,0.2426000,10824065,1768190399999,2026-01-12 03:59:59,2637085.9241000,21443,5139140,1252198.3364000
1768190400000,2026-01-12 04:00:00,0.2426000,0.2463000,0.2412000,0.2422000,4448686,1768204799999,2026-01-12 07:59:59,1083888.6069000,13708,2321226,565797.9022000
1768204800000,2026-01-12 08:00:00,0.2422000,0.2506000,0.2403000,0.2492000,5917592,1768219199999,2026-01-12 11:59:59,1449801.6307000,15611,2694497,660675.7354000
1768219200000,2026-01-12 12:00:00,0.2494000,0.2593000,0.2491000,0.2548000,11396492,1768233599999,2026-01-12 15:59:59,2892752.6373000,31432,5209218,1322460.3724000
1768233600000,2026-01-12 16:00:00,0.2548000,0.2620000,0.2506000,0.2529000,7979134,1768247999999,2026-01-12 19:59:59,2043690.0635000,22187,3928070,1005946.6890000
1768248000000,2026-01-12 20:00:00,0.2530000,0.2555000,0.2485000,0.2496000,3409188,1768262399999,2026-01-12 23:59:59,856244.5820000,11762,1449067,364371.1225000
1768262400000,2026-01-13 00:00:00,0.2497000,0.2504000,0.2451000,0.2457000,4224351,1768276799999,2026-01-13 03:59:59,1046028.7299000,13096,1696622,420475.5283000
1768276800000,2026-01-13 04:00:00,0.2456000,0.2512000,0.2451000,0.2493000,3978864,1768291199999,2026-01-13 07:59:59,990629.6387000,11658,2116418,526977.7870000
1768291200000,2026-01-13 08:00:00,0.2493000,0.2499000,0.2472000,0.2486000,3164244,1768305599999,2026-01-13 11:59:59,786972.4663000,10567,1767784,439949.0403000
1768305600000,2026-01-13 12:00:00,0.2485000,0.2534000,0.2479000,0.2531000,4987806,1768319999999,2026-01-13 15:59:59,1247239.4511000,13312,2519687,630388.9216000
1768320000000,2026-01-13 16:00:00,0.2530000,0.2546000,0.2506000,0.2523000,3471544,1768334399999,2026-01-13 19:59:59,876162.0698000,11105,1565302,395232.8487000
1768334400000,2026-01-13 20:00:00,0.2524000,0.2545000,0.2500000,0.2533000,4104910,1768348799999,2026-01-13 23:59:59,1037970.8744000,12438,1939193,490416.3827000
1768348800000,2026-01-14 00:00:00,0.2534000,0.2569000,0.2516000,0.2542000,5289764,1768363199999,2026-01-14 03:59:59,1341919.7161000,12983,2662141,675625.1525000
1768363200000,2026-01-14 04:00:00,0.2543000,0.2606000,0.2526000,0.2562000,6784522,1768377599999,2026-01-14 07:59:59,1743819.5526000,14379,3474603,893498.6729000
1768377600000,2026-01-14 08:00:00,0.2562000,0.2589000,0.2531000,0.2568000,4966984,1768391999999,2026-01-14 11:59:59,1272594.7822000,12032,2301100,589913.2653000
1768392000000,2026-01-14 12:00:00,0.2569000,0.2674000,0.2558000,0.2650000,11847855,1768406399999,2026-01-14 15:59:59,3096348.1740000,26196,5958589,1558731.4180000
1768406400000,2026-01-14 16:00:00,0.2650000,0.2749000,0.2567000,0.2586000,14367541,1768420799999,2026-01-14 19:59:59,3820510.9628000,33810,6757126,1797830.1553000
1768420800000,2026-01-14 20:00:00,0.2586000,0.2614000,0.2520000,0.2542000,5609232,1768435199999,2026-01-14 23:59:59,1437027.4328000,14322,2356788,604618.9694000
1768435200000,2026-01-15 00:00:00,0.2542000,0.2543000,0.2421000,0.2427000,10568525,1768449599999,2026-01-15 03:59:59,2627188.2361000,19404,4453713,1107469.6451000
1768449600000,2026-01-15 04:00:00,0.2427000,0.2452000,0.2417000,0.2437000,5217222,1768463999999,2026-01-15 07:59:59,1268976.2037000,13554,2462786,599212.8853000
1768464000000,2026-01-15 08:00:00,0.2437000,0.2459000,0.2407000,0.2417000,5875434,1768478399999,2026-01-15 11:59:59,1428815.1725000,16543,2968998,722543.1897000
1768478400000,2026-01-15 12:00:00,0.2417000,0.2427000,0.2267000,0.2294000,17692977,1768492799999,2026-01-15 15:59:59,4145180.2678000,31266,7507316,1759931.9354000
1768492800000,2026-01-15 16:00:00,0.2292000,0.2337000,0.2207000,0.2253000,16504937,1768507199999,2026-01-15 19:59:59,3744071.0384000,40957,7933796,1802300.6019000
1768507200000,2026-01-15 20:00:00,0.2253000,0.2272000,0.2210000,0.2251000,5729180,1768521599999,2026-01-15 23:59:59,1282124.5838000,18245,3196425,715678.7579000
1768521600000,2026-01-16 00:00:00,0.2251000,0.2278000,0.2231000,0.2250000,5991440,1768535999999,2026-01-16 03:59:59,1352412.8222000,16465,3061252,691169.9342000
1768536000000,2026-01-16 04:00:00,0.2249000,0.2262000,0.2212000,0.2213000,5520591,1768550399999,2026-01-16 07:59:59,1232470.2823000,14070,2469284,551417.9232000
1768550400000,2026-01-16 08:00:00,0.2213000,0.2227000,0.2161000,0.2184000,8148647,1768564799999,2026-01-16 11:59:59,1786323.6361000,16752,3409127,747907.8300000
1768564800000,2026-01-16 12:00:00,0.2184000,0.2194000,0.2106000,0.2118000,9685847,1768579199999,2026-01-16 15:59:59,2084957.4030000,19979,4393232,946181.3069000
1768579200000,2026-01-16 16:00:00,0.2118000,0.2172000,0.2113000,0.2146000,4590768,1768593599999,2026-01-16 19:59:59,984937.9339000,10840,2326491,499130.6813000
1768593600000,2026-01-16 20:00:00,0.2145000,0.2232000,0.2141000,0.2226000,5280232,1768607999999,2026-01-16 23:59:59,1159178.9616000,13935,2851397,625989.1270000
1768608000000,2026-01-17 00:00:00,0.2225000,0.2225000,0.2171000,0.2182000,4687273,1768622399999,2026-01-17 03:59:59,1027204.9150000,10689,1944136,426226.5483000
1768622400000,2026-01-17 04:00:00,0.2181000,0.2183000,0.2151000,0.2181000,3629269,1768636799999,2026-01-17 07:59:59,787585.5289000,8878,1927180,418411.6884000
1768636800000,2026-01-17 08:00:00,0.2181000,0.2197000,0.2161000,0.2168000,3839896,1768651199999,2026-01-17 11:59:59,836465.2727000,9357,1852320,403805.7942000
1768651200000,2026-01-17 12:00:00,0.2167000,0.2191000,0.2143000,0.2191000,4370171,1768665599999,2026-01-17 15:59:59,947541.7196000,10935,2098389,455435.4399000
1768665600000,2026-01-17 16:00:00,0.2190000,0.2216000,0.2170000,0.2200000,3657474,1768679999999,2026-01-17 19:59:59,800617.6377000,12974,1916616,419711.4127000
1768680000000,2026-01-17 20:00:00,0.2200000,0.2212000,0.2147000,0.2153000,3537101,1768694399999,2026-01-17 23:59:59,768747.2226000,8401,1398498,303998.6329000
1768694400000,2026-01-18 00:00:00,0.2153000,0.2180000,0.2111000,0.2123000,5305003,1768708799999,2026-01-18 03:59:59,1134489.6970000,12212,2178036,466178.4286000
1768708800000,2026-01-18 04:00:00,0.2123000,0.2144000,0.2109000,0.2122000,2554196,1768723199999,2026-01-18 07:59:59,542545.9743000,7951,1317128,279850.8606000
1768723200000,2026-01-18 08:00:00,0.2123000,0.2154000,0.2117000,0.2149000,3599820,1768737599999,2026-01-18 11:59:59,766675.8370000,8260,1729278,368549.5746000
1768737600000,2026-01-18 12:00:00,0.2148000,0.2163000,0.2120000,0.2145000,2900105,1768751999999,2026-01-18 15:59:59,621136.0831000,8799,1419037,303888.6155000
1768752000000,2026-01-18 16:00:00,0.2144000,0.2176000,0.2139000,0.2159000,2851610,1768766399999,2026-01-18 19:59:59,615769.3205000,8577,1329256,287241.5873000
1768766400000,2026-01-18 20:00:00,0.2158000,0.2174000,0.2029000,0.2040000,7870397,1768780799999,2026-01-18 23:59:59,1651011.1772000,13040,3473385,728503.8594000
1768780800000,2026-01-19 00:00:00,0.2039000,0.2052000,0.1789000,0.1968000,22453174,1768795199999,2026-01-19 03:59:59,4344976.0687000,52640,11036160,2137183.8386000
1768795200000,2026-01-19 04:00:00,0.1968000,0.1968000,0.1921000,0.1953000,5927747,1768809599999,2026-01-19 07:59:59,1154690.1160000,23760,2660215,518476.8163000
1768809600000,2026-01-19 08:00:00,0.1954000,0.1960000,0.1924000,0.1947000,4214640,1768823999999,2026-01-19 11:59:59,819182.1365000,21174,1869808,363619.1720000
1768824000000,2026-01-19 12:00:00,0.1947000,0.1967000,0.1935000,0.1952000,3594861,1768838399999,2026-01-19 15:59:59,701836.7242000,10066,1841928,359728.0782000
1768838400000,2026-01-19 16:00:00,0.1951000,0.1998000,0.1950000,0.1995000,2091650,1768852799999,2026-01-19 19:59:59,413127.1887000,6952,1067879,211004.5767000
1768852800000,2026-01-19 20:00:00,0.1995000,0.2040000,0.1984000,0.2038000,5229096,1768867199999,2026-01-19 23:59:59,1051920.6200000,11366,2985597,600625.5320000
1768867200000,2026-01-20 00:00:00,0.2037000,0.2038000,0.2002000,0.2012000,3072463,1768881599999,2026-01-20 03:59:59,619360.0938000,9178,1398159,281939.6784000
1768881600000,2026-01-20 04:00:00,0.2012000,0.2027000,0.1963000,0.1964000,3146380,1768895999999,2026-01-20 07:59:59,627343.0326000,8791,1416655,282530.5725000
1768896000000,2026-01-20 08:00:00,0.1964000,0.1969000,0.1929000,0.1966000,4886248,1768910399999,2026-01-20 11:59:59,952699.5997000,11535,2335911,455664.4502000
1768910400000,2026-01-20 12:00:00,0.1965000,0.1979000,0.1907000,0.1930000,6534591,1768924799999,2026-01-20 15:59:59,1266907.9160000,14604,3159982,612450.7879000
1768924800000,2026-01-20 16:00:00,0.1931000,0.1942000,0.1861000,0.1881000,5909321,1768939199999,2026-01-20 19:59:59,1116227.0671000,12742,2493193,470924.0306000
1768939200000,2026-01-20 20:00:00,0.1881000,0.1889000,0.1843000,0.1857000,4241005,1768953599999,2026-01-20 23:59:59,791062.8955000,9162,2159345,402836.5472000
1768953600000,2026-01-21 00:00:00,0.1856000,0.1917000,0.1856000,0.1897000,4542540,1768967999999,2026-01-21 03:59:59,859991.7553000,10808,2362629,447178.1523000
1768968000000,2026-01-21 04:00:00,0.1898000,0.1949000,0.1895000,0.1922000,4041587,1768982399999,2026-01-21 07:59:59,777822.8193000,9441,2180974,419806.2637000
1768982400000,2026-01-21 08:00:00,0.1922000,0.1930000,0.1882000,0.1885000,2743162,1768996799999,2026-01-21 11:59:59,523902.0271000,7937,1245727,238080.6077000
1768996800000,2026-01-21 12:00:00,0.1885000,0.1920000,0.1846000,0.1911000,6549238,1769011199999,2026-01-21 15:59:59,1232625.1457000,14259,3038326,572061.0957000
1769011200000,2026-01-21 16:00:00,0.1912000,0.1925000,0.1816000,0.1924000,10158433,1769025599999,2026-01-21 19:59:59,1884484.1314000,19541,4693950,871582.8980000
1769025600000,2026-01-21 20:00:00,0.1924000,0.1926000,0.1873000,0.1886000,3440795,1769039999999,2026-01-21 23:59:59,653535.0418000,8525,1755604,333410.7865000
1769040000000,2026-01-22 00:00:00,0.1886000,0.1928000,0.1883000,0.1906000,3193593,1769054399999,2026-01-22 03:59:59,609613.3502000,7655,1685715,321732.6975000
1769054400000,2026-01-22 04:00:00,0.1906000,0.1930000,0.1898000,0.1901000,2657546,1769068799999,2026-01-22 07:59:59,508780.9285000,6703,1228917,235460.1107000
1769068800000,2026-01-22 08:00:00,0.1900000,0.1916000,0.1889000,0.1895000,3251268,1769083199999,2026-01-22 11:59:59,617885.8842000,7939,1401349,266531.4486000
1769083200000,2026-01-22 12:00:00,0.1895000,0.2004000,0.1884000,0.1979000,11211815,1769097599999,2026-01-22 15:59:59,2179764.4817000,22896,6362327,1237606.7829000
1769097600000,2026-01-22 16:00:00,0.1979000,0.2024000,0.1967000,0.1992000,12996324,1769111999999,2026-01-22 19:59:59,2594496.1015000,28324,6593816,1316878.8986000
1769112000000,2026-01-22 20:00:00,0.1991000,0.2032000,0.1966000,0.2010000,5324378,1769126399999,2026-01-22 23:59:59,1064086.4147000,13883,2877930,575655.4861000
1769126400000,2026-01-23 00:00:00,0.2009000,0.2037000,0.1977000,0.2001000,6301107,1769140799999,2026-01-23 03:59:59,1260349.9659000,15538,2729860,546362.9549000
1769140800000,2026-01-23 04:00:00,0.2000000,0.2128000,0.1993000,0.2117000,17752874,1769155199999,2026-01-23 07:59:59,3697428.0677000,37037,9530463,1984669.7292000
1769155200000,2026-01-23 08:00:00,0.2117000,0.2441000,0.2073000,0.2293000,153878001,1769169599999,2026-01-23 11:59:59,35333158.5033000,308581,75891253,17428417.3528000
1769169600000,2026-01-23 12:00:00,0.2293000,0.2487000,0.2258000,0.2356000,187168675,1769183999999,2026-01-23 15:59:59,44558756.9343000,311147,93039397,22161409.2232000
1769184000000,2026-01-23 16:00:00,0.2356000,0.2364000,0.2229000,0.2256000,55203642,1769198399999,2026-01-23 19:59:59,12600569.1831000,98368,25174947,5745702.1786000
1769198400000,2026-01-23 20:00:00,0.2256000,0.2299000,0.2216000,0.2283000,24023538,1769212799999,2026-01-23 23:59:59,5418559.2317000,52020,12144767,2741459.3000000
1769212800000,2026-01-24 00:00:00,0.2282000,0.2613000,0.2196000,0.2525000,113654698,1769227199999,2026-01-24 03:59:59,27676632.4551000,236836,56949639,13872120.2213000
1769227200000,2026-01-24 04:00:00,0.2526000,0.2580000,0.2305000,0.2324000,49573831,1769241599999,2026-01-24 07:59:59,11963937.8318000,119388,23308155,5626624.7221000
1769241600000,2026-01-24 08:00:00,0.2324000,0.2426000,0.2311000,0.2387000,31436292,1769255999999,2026-01-24 11:59:59,7448563.6273000,71725,15454753,3664236.2303000
1769256000000,2026-01-24 12:00:00,0.2387000,0.2409000,0.2313000,0.2318000,20058253,1769270399999,2026-01-24 15:59:59,4740476.6936000,52274,8969009,2121848.7078000
1769270400000,2026-01-24 16:00:00,0.2319000,0.2328000,0.2250000,0.2316000,14071369,1769284799999,2026-01-24 19:59:59,3212564.6302000,36907,6707030,1532535.0731000
1769284800000,2026-01-24 20:00:00,0.2315000,0.2380000,0.2279000,0.2358000,11478366,1769299199999,2026-01-24 23:59:59,2665148.1103000,34228,6149042,1429666.8533000
1769299200000,2026-01-25 00:00:00,0.2358000,0.2528000,0.2221000,0.2233000,51951305,1769313599999,2026-01-25 03:59:59,12122593.6447000,137807,24560879,5732887.2442000
1769313600000,2026-01-25 04:00:00,0.2234000,0.2258000,0.2175000,0.2192000,14074246,1769327999999,2026-01-25 07:59:59,3119993.4878000,38253,6432715,1427431.3244000
1769328000000,2026-01-25 08:00:00,0.2191000,0.2305000,0.2189000,0.2221000,10732565,1769342399999,2026-01-25 11:59:59,2407340.5070000,29785,4798067,1075503.2703000
1769342400000,2026-01-25 12:00:00,0.2222000,0.2224000,0.2115000,0.2146000,9451259,1769356799999,2026-01-25 15:59:59,2048448.0193000,26633,4166359,902982.9809000
1769356800000,2026-01-25 16:00:00,0.2146000,0.2152000,0.2022000,0.2029000,12000129,1769371199999,2026-01-25 19:59:59,2505051.3521000,31008,5347417,1116796.5043000
1769371200000,2026-01-25 20:00:00,0.2029000,0.2068000,0.2015000,0.2045000,8294451,1769385599999,2026-01-25 23:59:59,1691019.5862000,21809,4375465,892347.5549000
1769385600000,2026-01-26 00:00:00,0.2044000,0.2080000,0.2017000,0.2042000,9510868,1769399999999,2026-01-26 03:59:59,1944002.6007000,24093,4527261,925359.5972000
1769400000000,2026-01-26 04:00:00,0.2042000,0.2073000,0.2031000,0.2040000,4563819,1769414399999,2026-01-26 07:59:59,936200.5718000,14260,2160347,443336.5506000
1769414400000,2026-01-26 08:00:00,0.2040000,0.2081000,0.2025000,0.2077000,6843757,1769428799999,2026-01-26 11:59:59,1403685.2911000,17920,3634117,745843.9461000
1769428800000,2026-01-26 12:00:00,0.2076000,0.2102000,0.2045000,0.2078000,6244142,1769443199999,2026-01-26 15:59:59,1295308.0466000,19050,2668158,553753.2197000
1769443200000,2026-01-26 16:00:00,0.2079000,0.2166000,0.2059000,0.2135000,7897970,1769457599999,2026-01-26 19:59:59,1677890.1766000,25389,4094380,868508.2719000
1769457600000,2026-01-26 20:00:00,0.2135000,0.2181000,0.2125000,0.2172000,3833944,1769471999999,2026-01-26 23:59:59,826582.3835000,13397,2101302,453003.1062000
1769472000000,2026-01-27 00:00:00,0.2171000,0.2216000,0.2126000,0.2169000,5410366,1769486399999,2026-01-27 03:59:59,1167640.2756000,17789,2473005,533500.5570000
1769486400000,2026-01-27 04:00:00,0.2168000,0.2175000,0.2131000,0.2135000,3281056,1769500799999,2026-01-27 07:59:59,706081.3263000,12795,1415892,304742.0236000
1769500800000,2026-01-27 08:00:00,0.2135000,0.2143000,0.2096000,0.2111000,4107207,1769515199999,2026-01-27 11:59:59,870413.8550000,10277,1956910,415119.3432000
1769515200000,2026-01-27 12:00:00,0.2111000,0.2117000,0.2061000,0.2091000,4446874,1769529599999,2026-01-27 15:59:59,929005.8876000,12772,2277338,475765.4089000
1769529600000,2026-01-27 16:00:00,0.2091000,0.2114000,0.2058000,0.2084000,4382057,1769543999999,2026-01-27 19:59:59,914375.5579000,13717,1906243,397969.5888000
1769544000000,2026-01-27 20:00:00,0.2085000,0.2123000,0.2085000,0.2117000,2386316,1769558399999,2026-01-27 23:59:59,503426.8411000,9714,1263243,266635.5077000
1769558400000,2026-01-28 00:00:00,0.2116000,0.2125000,0.2080000,0.2083000,2597743,1769572799999,2026-01-28 03:59:59,546083.3784000,9467,1204541,253360.2502000
1769572800000,2026-01-28 04:00:00,0.2083000,0.2114000,0.2064000,0.2098000,3609606,1769587199999,2026-01-28 07:59:59,752987.6854000,11017,1859714,388129.6405000
1769587200000,2026-01-28 08:00:00,0.2098000,0.2126000,0.2084000,0.2124000,2585299,1769601599999,2026-01-28 11:59:59,543619.6329000,8943,1187579,249874.3704000
1769601600000,2026-01-28 12:00:00,0.2123000,0.2123000,0.2068000,0.2070000,2775361,1769615999999,2026-01-28 15:59:59,580526.6399000,9577,1176254,246015.0991000
1769616000000,2026-01-28 16:00:00,0.2071000,0.2119000,0.2053000,0.2097000,3826060,1769630399999,2026-01-28 19:59:59,798595.1126000,12650,1898936,396853.2708000
1769630400000,2026-01-28 20:00:00,0.2098000,0.2113000,0.2066000,0.2072000,2399967,1769644799999,2026-01-28 23:59:59,500937.7847000,8724,1000454,208747.9936000
1769644800000,2026-01-29 00:00:00,0.2071000,0.2085000,0.1981000,0.1996000,7153876,1769659199999,2026-01-29 03:59:59,1453572.1430000,17296,3130014,637302.0174000
1769659200000,2026-01-29 04:00:00,0.1995000,0.2008000,0.1986000,0.1987000,3330017,1769673599999,2026-01-29 07:59:59,664751.4982000,9561,1339394,267525.5671000
1769673600000,2026-01-29 08:00:00,0.1987000,0.1988000,0.1957000,0.1963000,3361329,1769687999999,2026-01-29 11:59:59,663330.1180000,8604,1422895,280923.0161000
1769688000000,2026-01-29 12:00:00,0.1963000,0.1975000,0.1853000,0.1898000,9474644,1769702399999,2026-01-29 15:59:59,1807649.8319000,19455,4091238,780484.3913000
1769702400000,2026-01-29 16:00:00,0.1898000,0.1937000,0.1853000,0.1881000,4559040,1769716799999,2026-01-29 19:59:59,862310.8477000,13262,2197845,415923.0467000
1769716800000,2026-01-29 20:00:00,0.1881000,0.1902000,0.1869000,0.1889000,2222567,1769731199999,2026-01-29 23:59:59,419571.4051000,7935,1067476,201525.0054000
1769731200000,2026-01-30 00:00:00,0.1889000,0.1938000,0.1841000,0.1879000,11162001,1769745599999,2026-01-30 03:59:59,2108087.3374000,21739,5129166,971297.9251000
1769745600000,2026-01-30 04:00:00,0.1879000,0.1943000,0.1877000,0.1914000,4402104,1769759999999,2026-01-30 07:59:59,841659.2939000,12585,2363630,452221.1939000
1769760000000,2026-01-30 08:00:00,0.1913000,0.1961000,0.1882000,0.1956000,6540740,1769774399999,2026-01-30 11:59:59,1256213.5694000,15138,3309167,636449.0142000
1769774400000,2026-01-30 12:00:00,0.1955000,0.2011000,0.1903000,0.1923000,13989067,1769788799999,2026-01-30 15:59:59,2746277.1513000,29592,6748618,1326917.5780000
1769788800000,2026-01-30 16:00:00,0.1923000,0.1944000,0.1859000,0.1929000,8755305,1769803199999,2026-01-30 19:59:59,1668788.8533000,17772,4158897,792357.2905000
1769803200000,2026-01-30 20:00:00,0.1929000,0.1936000,0.1897000,0.1932000,4727739,1769817599999,2026-01-30 23:59:59,906728.0395000,12876,2657276,509845.1671000
1769817600000,2026-01-31 00:00:00,0.1932000,0.1936000,0.1871000,0.1880000,5361626,1769831999999,2026-01-31 03:59:59,1016648.2823000,13772,2451386,465230.7335000
1769832000000,2026-01-31 04:00:00,0.1879000,0.1902000,0.1848000,0.1862000,5084947,1769846399999,2026-01-31 07:59:59,953018.2589000,11854,2545256,477704.9624000
1769846400000,2026-01-31 08:00:00,0.1862000,0.1863000,0.1812000,0.1818000,6214678,1769860799999,2026-01-31 11:59:59,1139079.5708000,12391,2568298,470939.5619000
1769860800000,2026-01-31 12:00:00,0.1819000,0.1840000,0.1719000,0.1748000,12821714,1769875199999,2026-01-31 15:59:59,2271212.7657000,25373,6108545,1082607.8724000
1769875200000,2026-01-31 16:00:00,0.1747000,0.1771000,0.1502000,0.1604000,27649519,1769889599999,2026-01-31 19:59:59,4532388.0613000,42700,11917066,1951521.0698000
1769889600000,2026-01-31 20:00:00,0.1604000,0.1686000,0.1587000,0.1680000,5859139,1769903999999,2026-01-31 23:59:59,957512.8379000,14464,3269046,533980.5180000
1769904000000,2026-02-01 00:00:00,0.1680000,0.1784000,0.1656000,0.1736000,13209454,1769918399999,2026-02-01 03:59:59,2271762.5587000,27228,7275594,1253030.8490000
1769918400000,2026-02-01 04:00:00,0.1736000,0.1779000,0.1723000,0.1731000,7402627,1769932799999,2026-02-01 07:59:59,1296486.0408000,15016,3498227,613546.6149000
1769932800000,2026-02-01 08:00:00,0.1730000,0.1769000,0.1691000,0.1695000,6539618,1769947199999,2026-02-01 11:59:59,1133092.5513000,15191,2855967,495896.2520000
1769947200000,2026-02-01 12:00:00,0.1695000,0.1702000,0.1613000,0.1638000,6742115,1769961599999,2026-02-01 15:59:59,1120670.6475000,14804,3070819,510151.9290000
1769961600000,2026-02-01 16:00:00,0.1639000,0.1665000,0.1611000,0.1631000,5475244,1769975999999,2026-02-01 19:59:59,897230.3877000,14492,2821037,462575.4725000
1769976000000,2026-02-01 20:00:00,0.1630000,0.1644000,0.1565000,0.1591000,7421285,1769990399999,2026-02-01 23:59:59,1192475.3105000,15950,3195164,513544.1538000
1769990400000,2026-02-02 00:00:00,0.1591000,0.1648000,0.1548000,0.1617000,9544772,1770004799999,2026-02-02 03:59:59,1524538.0214000,18282,4622041,739089.0236000
1770004800000,2026-02-02 04:00:00,0.1617000,0.1660000,0.1573000,0.1641000,10973945,1770019199999,2026-02-02 07:59:59,1773682.7318000,19757,5711544,923340.1486000
1770019200000,2026-02-02 08:00:00,0.1641000,0.1680000,0.1629000,0.1630000,7772002,1770033599999,2026-02-02 11:59:59,1283830.9499000,13222,3884123,641913.5892000
1770033600000,2026-02-02 12:00:00,0.1630000,0.1678000,0.1613000,0.1668000,7338727,1770047999999,2026-02-02 15:59:59,1201963.3605000,14061,3311020,542654.5067000
1770048000000,2026-02-02 16:00:00,0.1668000,0.1673000,0.1640000,0.1655000,3218161,1770062399999,2026-02-02 19:59:59,532923.9204000,8985,1682797,278680.1278000
1770062400000,2026-02-02 20:00:00,0.1654000,0.1668000,0.1648000,0.1651000,2135434,1770076799999,2026-02-02 23:59:59,353976.6071000,6516,977188,162014.9672000
1770076800000,2026-02-03 00:00:00,0.1651000,0.1658000,0.1609000,0.1646000,3585189,1770091199999,2026-02-03 03:59:59,586351.3744000,9217,1841108,301170.4726000
1770091200000,2026-02-03 04:00:00,0.1647000,0.1661000,0.1625000,0.1634000,2842472,1770105599999,2026-02-03 07:59:59,466912.0682000,7698,1177501,193464.4860000
1770105600000,2026-02-03 08:00:00,0.1634000,0.1644000,0.1590000,0.1609000,4785254,1770119999999,2026-02-03 11:59:59,772997.8199000,10628,2047817,331078.7215000
1770120000000,2026-02-03 12:00:00,0.1608000,0.1631000,0.1582000,0.1624000,5330723,1770134399999,2026-02-03 15:59:59,859400.8788000,11282,2500296,403215.7619000
1770134400000,2026-02-03 16:00:00,0.1623000,0.1623000,0.1514000,0.1594000,8704890,1770148799999,2026-02-03 19:59:59,1362456.0580000,16898,4118550,645155.5847000
1770148800000,2026-02-03 20:00:00,0.1593000,0.1655000,0.1571000,0.1580000,5247428,1770163199999,2026-02-03 23:59:59,848999.7710000,11981,2697021,436532.3542000
1770163200000,2026-02-04 00:00:00,0.1580000,0.1629000,0.1572000,0.1625000,3218163,1770177599999,2026-02-04 03:59:59,517292.0708000,8034,1801909,289652.5763000
1770177600000,2026-02-04 04:00:00,0.1625000,0.1637000,0.1596000,0.1629000,2445664,1770191999999,2026-02-04 07:59:59,395456.8160000,6798,1291513,208947.1285000
1770192000000,2026-02-04 08:00:00,0.1629000,0.1642000,0.1600000,0.1619000,2517703,1770206399999,2026-02-04 11:59:59,408303.2187000,6836,1223279,198475.8291000
1770206400000,2026-02-04 12:00:00,0.1620000,0.1625000,0.1544000,0.1559000,5913880,1770220799999,2026-02-04 15:59:59,935812.7230000,11646,2523090,399481.8459000
1770220800000,2026-02-04 16:00:00,0.1559000,0.1614000,0.1534000,0.1613000,6705606,1770235199999,2026-02-04 19:59:59,1050075.3688000,14362,3568449,559450.6724000
1770235200000,2026-02-04 20:00:00,0.1613000,0.1613000,0.1559000,0.1592000,3076650,1770249599999,2026-02-04 23:59:59,489346.5836000,8482,1523001,242210.7681000
1770249600000,2026-02-05 00:00:00,0.1592000,0.1597000,0.1561000,0.1566000,3480466,1770263999999,2026-02-05 03:59:59,549408.0769000,8870,1630698,257477.5317000
1770264000000,2026-02-05 04:00:00,0.1566000,0.1578000,0.1544000,0.1553000,3303181,1770278399999,2026-02-05 07:59:59,515384.7676000,8108,1613259,251790.7955000
1770278400000,2026-02-05 08:00:00,0.1554000,0.1576000,0.1438000,0.1474000,11116802,1770292799999,2026-02-05 11:59:59,1658177.3994000,17747,4344950,649902.1035000
1770292800000,2026-02-05 12:00:00,0.1473000,0.1479000,0.1350000,0.1389000,15238155,1770307199999,2026-02-05 15:59:59,2162916.6551000,23012,7409480,1053283.8367000
1770307200000,2026-02-05 16:00:00,0.1390000,0.1414000,0.1299000,0.1312000,10591704,1770321599999,2026-02-05 19:59:59,1434535.3803000,19095,4478661,608095.9651000
1770321600000,2026-02-05 20:00:00,0.1312000,0.1324000,0.1236000,0.1266000,15717606,1770335999999,2026-02-05 23:59:59,2002373.6584000,22528,7512743,957370.5194000
1770336000000,2026-02-06 00:00:00,0.1266000,0.1303000,0.1117000,0.1257000,23575959,1770350399999,2026-02-06 03:59:59,2870894.5385000,37423,11566630,1411315.1697000
1770350400000,2026-02-06 04:00:00,0.1257000,0.1306000,0.1251000,0.1265000,5500984,1770364799999,2026-02-06 07:59:59,701497.5315000,10989,2529488,322701.7299000
1770364800000,2026-02-06 08:00:00,0.1265000,0.1309000,0.1247000,0.1301000,5313976,1770379199999,2026-02-06 11:59:59,680409.5507000,10782,2746112,351613.3081000
1770379200000,2026-02-06 12:00:00,0.1301000,0.1366000,0.1292000,0.1359000,7110522,1770393599999,2026-02-06 15:59:59,949897.9306000,14307,3607537,481767.0515000
1770393600000,2026-02-06 16:00:00,0.1360000,0.1405000,0.1346000,0.1373000,6317373,1770407999999,2026-02-06 19:59:59,866977.2343000,11690,3062297,420355.4139000
1770408000000,2026-02-06 20:00:00,0.1373000,0.1393000,0.1351000,0.1376000,3272569,1770422399999,2026-02-06 23:59:59,449202.9393000,6302,1742717,239300.0263000
1770422400000,2026-02-07 00:00:00,0.1376000,0.1438000,0.1354000,0.1413000,10833305,1770436799999,2026-02-07 03:59:59,1513656.4111000,16572,5497531,768177.3925000
1770436800000,2026-02-07 04:00:00,0.1411000,0.1426000,0.1320000,0.1324000,7067094,1770451199999,2026-02-07 07:59:59,967645.9657000,12785,2830957,388610.4105000
1770451200000,2026-02-07 08:00:00,0.1325000,0.1337000,0.1317000,0.1329000,2837437,1770465599999,2026-02-07 11:59:59,376872.2471000,6300,1344305,178657.6022000
1770465600000,2026-02-07 12:00:00,0.1328000,0.1366000,0.1325000,0.1348000,3439789,1770479999999,2026-02-07 15:59:59,462359.1414000,7630,1827712,245722.3306000
1770480000000,2026-02-07 16:00:00,0.1348000,0.1383000,0.1343000,0.1361000,6643468,1770494399999,2026-02-07 19:59:59,905166.5468000,10962,3401172,463595.9574000
1770494400000,2026-02-07 20:00:00,0.1361000,0.1369000,0.1343000,0.1347000,1786263,1770508799999,2026-02-07 23:59:59,242069.6436000,4938,937947,127170.1970000
1770508800000,2026-02-08 00:00:00,0.1348000,0.1348000,0.1316000,0.1320000,2469774,1770523199999,2026-02-08 03:59:59,329388.2487000,5816,1153059,153887.0725000
1770523200000,2026-02-08 04:00:00,0.1320000,0.1327000,0.1296000,0.1307000,2194807,1770537599999,2026-02-08 07:59:59,287976.6078000,5478,960450,126174.1979000
1770537600000,2026-02-08 08:00:00,0.1306000,0.1323000,0.1288000,0.1303000,4082034,1770551999999,2026-02-08 11:59:59,533811.6512000,7160,1974217,258274.5934000
1770552000000,2026-02-08 12:00:00,0.1305000,0.1310000,0.1274000,0.1283000,4692251,1770566399999,2026-02-08 15:59:59,607047.6564000,7900,2136376,276635.9201000
1770566400000,2026-02-08 16:00:00,0.1283000,0.1287000,0.1254000,0.1276000,3398665,1770580799999,2026-02-08 19:59:59,431776.3895000,5947,1474260,187439.9660000
1770580800000,2026-02-08 20:00:00,0.1275000,0.1288000,0.1246000,0.1262000,4116718,1770595199999,2026-02-08 23:59:59,520284.1237000,7846,2205041,278900.2860000
1770595200000,2026-02-09 00:00:00,0.1262000,0.1270000,0.1241000,0.1269000,4379896,1770609599999,2026-02-09 03:59:59,549067.8463000,7823,2363868,296371.9965000
1770609600000,2026-02-09 04:00:00,0.1270000,0.1274000,0.1247000,0.1251000,2789513,1770623999999,2026-02-09 07:59:59,351529.0157000,6099,1463731,184564.1924000
1770624000000,2026-02-09 08:00:00,0.1250000,0.1253000,0.1198000,0.1217000,6029293,1770638399999,2026-02-09 11:59:59,736430.4336000,8401,2549378,311379.0631000
1770638400000,2026-02-09 12:00:00,0.1216000,0.1241000,0.1209000,0.1235000,3172360,1770652799999,2026-02-09 15:59:59,388125.1379000,6528,1782195,218191.4501000
1770652800000,2026-02-09 16:00:00,0.1236000,0.1288000,0.1219000,0.1285000,7283758,1770667199999,2026-02-09 19:59:59,916823.6391000,9656,3640589,458542.6953000
1770667200000,2026-02-09 20:00:00,0.1286000,0.1290000,0.1267000,0.1275000,2166842,1770681599999,2026-02-09 23:59:59,277193.4669000,5283,1093714,140010.2133000
1770681600000,2026-02-10 00:00:00,0.1276000,0.1287000,0.1258000,0.1266000,3320874,1770695999999,2026-02-10 03:59:59,422750.0742000,6198,1771056,225494.4209000
1770696000000,2026-02-10 04:00:00,0.1265000,0.1304000,0.1253000,0.1256000,7794300,1770710399999,2026-02-10 07:59:59,1000208.0297000,12777,3914537,502674.2960000
1770710400000,2026-02-10 08:00:00,0.1256000,0.1270000,0.1241000,0.1251000,5314545,1770724799999,2026-02-10 11:59:59,666056.1687000,8520,2492402,312548.3154000
1770724800000,2026-02-10 12:00:00,0.1252000,0.1269000,0.1239000,0.1255000,4089042,1770739199999,2026-02-10 15:59:59,512344.2854000,7983,1935415,242671.8530000
1770739200000,2026-02-10 16:00:00,0.1255000,0.1278000,0.1248000,0.1262000,4830625,1770753599999,2026-02-10 19:59:59,610037.5750000,8739,2385194,301123.1482000
1770753600000,2026-02-10 20:00:00,0.1261000,0.1274000,0.1251000,0.1261000,2062324,1770767999999,2026-02-10 23:59:59,259767.3054000,4951,1024245,129034.8573000
1770768000000,2026-02-11 00:00:00,0.1260000,0.1282000,0.1246000,0.1257000,3344245,1770782399999,2026-02-11 03:59:59,421951.5493000,5649,1556657,196537.6451000
1770782400000,2026-02-11 04:00:00,0.1256000,0.1261000,0.1200000,0.1209000,4672050,1770796799999,2026-02-11 07:59:59,571743.1484000,6942,1994080,244148.0613000
1770796800000,2026-02-11 08:00:00,0.1209000,0.1224000,0.1189000,0.1197000,4382406,1770811199999,2026-02-11 11:59:59,527843.1635000,6664,2153796,259609.4467000
1770811200000,2026-02-11 12:00:00,0.1198000,0.1257000,0.1195000,0.1219000,7275357,1770825599999,2026-02-11 15:59:59,886059.2593000,11652,3753753,456702.4489000
1770825600000,2026-02-11 16:00:00,0.1220000,0.1262000,0.1214000,0.1247000,3242162,1770839999999,2026-02-11 19:59:59,400874.8968000,6828,1783160,220411.2612000
1770840000000,2026-02-11 20:00:00,0.1246000,0.1295000,0.1240000,0.1278000,5918682,1770854399999,2026-02-11 23:59:59,752900.4176000,8221,2905300,369825.5721000
1770854400000,2026-02-12 00:00:00,0.1278000,0.1313000,0.1270000,0.1307000,5504288,1770868799999,2026-02-12 03:59:59,713758.2978000,11243,2727778,353646.0283000
1770868800000,2026-02-12 04:00:00,0.1306000,0.1340000,0.1300000,0.1333000,7567943,1770883199999,2026-02-12 07:59:59,999585.9005000,16370,3820718,504873.2491000
1770883200000,2026-02-12 08:00:00,0.1332000,0.1332000,0.1300000,0.1304000,4973665,1770897599999,2026-02-12 11:59:59,654247.0250000,11743,2289111,301250.6756000
1770897600000,2026-02-12 12:00:00,0.1303000,0.1306000,0.1277000,0.1289000,6288013,1770911999999,2026-02-12 15:59:59,811852.3577000,13163,2907851,375513.1259000
1770912000000,2026-02-12 16:00:00,0.1289000,0.1315000,0.1269000,0.1299000,6294462,1770926399999,2026-02-12 19:59:59,811614.0812000,12801,2983370,384908.2947000
1770926400000,2026-02-12 20:00:00,0.1300000,0.1326000,0.1292000,0.1322000,2559593,1770940799999,2026-02-12 23:59:59,334585.8398000,6910,1456181,190478.2424000
1770940800000,2026-02-13 00:00:00,0.1322000,0.1337000,0.1304000,0.1321000,4862076,1770955199999,2026-02-13 03:59:59,642560.9078000,8797,2207781,291792.2838000
1770955200000,2026-02-13 04:00:00,0.1321000,0.1322000,0.1289000,0.1305000,4201599,1770969599999,2026-02-13 07:59:59,547899.5020000,8801,1943040,253343.9184000
1770969600000,2026-02-13 08:00:00,0.1305000,0.1353000,0.1305000,0.1342000,5127108,1770983999999,2026-02-13 11:59:59,681932.0591000,8294,2817982,374986.5166000
1770984000000,2026-02-13 12:00:00,0.1342000,0.1354000,0.1321000,0.1338000,7353652,1770998399999,2026-02-13 15:59:59,981846.9804000,9805,3560366,475686.1429000
1770998400000,2026-02-13 16:00:00,0.1337000,0.1411000,0.1337000,0.1373000,9539945,1771012799999,2026-02-13 19:59:59,1318137.7369000,11819,4590485,634061.1794000
1771012800000,2026-02-13 20:00:00,0.1373000,0.1387000,0.1359000,0.1381000,3707303,1771027199999,2026-02-13 23:59:59,508030.9192000,5959,2137217,293020.6708000
1771027200000,2026-02-14 00:00:00,0.1381000,0.1391000,0.1346000,0.1346000,4246462,1771041599999,2026-02-14 03:59:59,579450.0573000,6827,1780163,243132.7074000
1771041600000,2026-02-14 04:00:00,0.1347000,0.1357000,0.1337000,0.1347000,2864227,1771055999999,2026-02-14 07:59:59,385497.8782000,4859,1434308,193148.1192000
1771056000000,2026-02-14 08:00:00,0.1347000,0.1381000,0.1346000,0.1375000,3881208,1771070399999,2026-02-14 11:59:59,529321.3549000,5238,1955995,266743.8354000
1771070400000,2026-02-14 12:00:00,0.1375000,0.1402000,0.1367000,0.1392000,6618776,1771084799999,2026-02-14 15:59:59,916911.2629000,9033,2967906,411143.5851000
1771084800000,2026-02-14 16:00:00,0.1393000,0.1417000,0.1385000,0.1415000,4307388,1771099199999,2026-02-14 19:59:59,602354.5579000,6936,1956236,273684.8917000
1771099200000,2026-02-14 20:00:00,0.1415000,0.1415000,0.1393000,0.1398000,3417770,1771113599999,2026-02-14 23:59:59,479684.1638000,6193,1483928,208257.1284000
1771113600000,2026-02-15 00:00:00,0.1398000,0.1407000,0.1352000,0.1374000,5811745,1771127999999,2026-02-15 03:59:59,801934.0287000,8588,2315111,319513.6019000
1771128000000,2026-02-15 04:00:00,0.1374000,0.1404000,0.1374000,0.1396000,3721727,1771142399999,2026-02-15 07:59:59,516412.9189000,5486,1798349,249656.3827000
1771142400000,2026-02-15 08:00:00,0.1397000,0.1401000,0.1359000,0.1364000,3560966,1771156799999,2026-02-15 11:59:59,490409.3886000,5705,1497285,206321.9487000
1771156800000,2026-02-15 12:00:00,0.1363000,0.1364000,0.1306000,0.1318000,5273388,1771171199999,2026-02-15 15:59:59,700429.4002000,7848,2259181,299861.9349000
1771171200000,2026-02-15 16:00:00,0.1317000,0.1320000,0.1278000,0.1290000,4520905,1771185599999,2026-02-15 19:59:59,586521.3799000,7554,2031439,263596.9637000
1771185600000,2026-02-15 20:00:00,0.1291000,0.1311000,0.1285000,0.1304000,2488954,1771199999999,2026-02-15 23:59:59,323894.1921000,4732,1293985,168416.1077000
1771200000000,2026-02-16 00:00:00,0.1304000,0.1376000,0.1302000,0.1370000,14054493,1771214399999,2026-02-16 03:59:59,1876845.0479000,16080,7330851,978830.7547000
1771214400000,2026-02-16 04:00:00,0.1369000,0.1369000,0.1302000,0.1303000,4290328,1771228799999,2026-02-16 07:59:59,572453.2345000,7396,1802478,240458.2806000
1771228800000,2026-02-16 08:00:00,0.1304000,0.1318000,0.1293000,0.1303000,3282086,1771243199999,2026-02-16 11:59:59,428550.2410000,5795,1666172,217597.4563000
1771243200000,2026-02-16 12:00:00,0.1304000,0.1349000,0.1292000,0.1301000,5931830,1771257599999,2026-02-16 15:59:59,784454.4237000,8654,2984684,394893.2330000
1771257600000,2026-02-16 16:00:00,0.1301000,0.1325000,0.1300000,0.1320000,2702768,1771271999999,2026-02-16 19:59:59,355188.4907000,6283,1469153,193016.9076000
1771272000000,2026-02-16 20:00:00,0.1320000,0.1331000,0.1313000,0.1320000,1662247,1771286399999,2026-02-16 23:59:59,219640.8231000,4770,690445,91253.2242000
1771286400000,2026-02-17 00:00:00,0.1319000,0.1357000,0.1310000,0.1342000,5069768,1771300799999,2026-02-17 03:59:59,677587.2334000,7766,2623798,350492.2902000
1771300800000,2026-02-17 04:00:00,0.1341000,0.1348000,0.1320000,0.1330000,2014726,1771315199999,2026-02-17 07:59:59,268507.6848000,4814,1014149,135233.6362000
1771315200000,2026-02-17 08:00:00,0.1330000,0.1394000,0.1320000,0.1379000,9398962,1771329599999,2026-02-17 11:59:59,1281449.6756000,12414,4916862,670684.8407000
1771329600000,2026-02-17 12:00:00,0.1380000,0.1620000,0.1371000,0.1484000,184910100,1771343999999,2026-02-17 15:59:59,27976039.2233000,200113,91805447,13887227.7884000
1771344000000,2026-02-17 16:00:00,0.1485000,0.1499000,0.1411000,0.1469000,31490673,1771358399999,2026-02-17 19:59:59,4564550.1672000,49061,15305656,2218939.1425000
1771358400000,2026-02-17 20:00:00,0.1468000,0.1476000,0.1430000,0.1442000,16320803,1771372799999,2026-02-17 23:59:59,2367732.0360000,24187,8133343,1180475.6893000
1771372800000,2026-02-18 00:00:00,0.1441000,0.1442000,0.1359000,0.1367000,18697849,1771387199999,2026-02-18 03:59:59,2590134.8532000,23855,8025192,1110607.0531000
1771387200000,2026-02-18 04:00:00,0.1368000,0.1405000,0.1353000,0.1379000,10920115,1771401599999,2026-02-18 07:59:59,1503191.0720000,16483,6102671,840512.8169000
1771401600000,2026-02-18 08:00:00,0.1379000,0.1421000,0.1374000,0.1386000,13686433,1771415999999,2026-02-18 11:59:59,1910681.1111000,21845,6865960,959063.4963000
1771416000000,2026-02-18 12:00:00,0.1387000,0.1396000,0.1358000,0.1364000,10247707,1771430399999,2026-02-18 15:59:59,1408094.3307000,18162,4702362,646579.2195000
1771430400000,2026-02-18 16:00:00,0.1365000,0.1365000,0.1312000,0.1320000,8814153,1771444799999,2026-02-18 19:59:59,1178226.0436000,15878,3472209,463912.2376000
1771444800000,2026-02-18 20:00:00,0.1321000,0.1329000,0.1307000,0.1321000,5391545,1771459199999,2026-02-18 23:59:59,711181.2611000,10906,2823422,372645.6774000
1771459200000,2026-02-19 00:00:00,0.1321000,0.1324000,0.1267000,0.1274000,10554792,1771473599999,2026-02-19 03:59:59,1356192.8128000,14427,4284089,550469.0261000
1771473600000,2026-02-19 04:00:00,0.1274000,0.1284000,0.1259000,0.1275000,4909122,1771487999999,2026-02-19 07:59:59,624130.0096000,7744,2353420,299527.1384000
1771488000000,2026-02-19 08:00:00,0.1276000,0.1278000,0.1252000,0.1266000,4565840,1771502399999,2026-02-19 11:59:59,577450.4759000,7867,2336498,295628.6749000
1771502400000,2026-02-19 12:00:00,0.1266000,0.1271000,0.1227000,0.1265000,6222326,1771516799999,2026-02-19 15:59:59,777439.9044000,10341,2940826,367858.0518000
1771516800000,2026-02-19 16:00:00,0.1265000,0.1283000,0.1249000,0.1261000,5497769,1771531199999,2026-02-19 19:59:59,696942.5811000,9023,2713358,344056.9762000
1771531200000,2026-02-19 20:00:00,0.1262000,0.1263000,0.1248000,0.1260000,2132595,1771545599999,2026-02-19 23:59:59,268279.2438000,5650,975398,122757.7946000
1771545600000,2026-02-20 00:00:00,0.1260000,0.1337000,0.1253000,0.1319000,6758523,1771559999999,2026-02-20 03:59:59,875655.9262000,10319,4137721,536135.0377000
1771560000000,2026-02-20 04:00:00,0.1320000,0.1324000,0.1279000,0.1288000,7182752,1771574399999,2026-02-20 07:59:59,931098.1580000,11368,3267067,423771.3186000
1771574400000,2026-02-20 08:00:00,0.1288000,0.1302000,0.1281000,0.1289000,4730817,1771588799999,2026-02-20 11:59:59,610281.1441000,7654,2211629,285471.1644000
1771588800000,2026-02-20 12:00:00,0.1289000,0.1306000,0.1258000,0.1301000,5927146,1771603199999,2026-02-20 15:59:59,760986.1713000,9474,3300378,423888.1044000
1771603200000,2026-02-20 16:00:00,0.1301000,0.1310000,0.1286000,0.1294000,3432471,1771617599999,2026-02-20 19:59:59,445586.4029000,6648,1249516,162297.5400000
1771617600000,2026-02-20 20:00:00,0.1294000,0.1304000,0.1290000,0.1295000,1552035,1771631999999,2026-02-20 23:59:59,201512.2537000,3743,709565,92144.9068000
1771632000000,2026-02-21 00:00:00,0.1296000,0.1344000,0.1284000,0.1316000,4606175,1771646399999,2026-02-21 03:59:59,602581.8785000,6156,2519468,329580.3569000
1771646400000,2026-02-21 04:00:00,0.1316000,0.1326000,0.1299000,0.1314000,2601861,1771660799999,2026-02-21 07:59:59,341486.4553000,5699,1095574,143930.4574000
1771660800000,2026-02-21 08:00:00,0.1313000,0.1327000,0.1302000,0.1308000,2697194,1771675199999,2026-02-21 11:59:59,355058.3156000,5169,1143959,150671.6244000
1771675200000,2026-02-21 12:00:00,0.1309000,0.1321000,0.1297000,0.1314000,2397263,1771689599999,2026-02-21 15:59:59,314045.8670000,5573,1006225,131899.5505000
1771689600000,2026-02-21 16:00:00,0.1314000,0.1314000,0.1288000,0.1292000,2835211,1771703999999,2026-02-21 19:59:59,367874.0456000,4936,1118406,145177.6389000
1771704000000,2026-02-21 20:00:00,0.1292000,0.1303000,0.1279000,0.1283000,2823765,1771718399999,2026-02-21 23:59:59,364844.7221000,4964,1354368,175165.2417000
1771718400000,2026-02-22 00:00:00,0.1284000,0.1288000,0.1251000,0.1261000,4455750,1771732799999,2026-02-22 03:59:59,564842.4067000,6707,1801455,228603.0989000
1771732800000,2026-02-22 04:00:00,0.1261000,0.1276000,0.1259000,0.1272000,2179183,1771747199999,2026-02-22 07:59:59,276002.7477000,4950,1171794,148446.4213000
1771747200000,2026-02-22 08:00:00,0.1272000,0.1305000,0.1259000,0.1278000,4934586,1771761599999,2026-02-22 11:59:59,631322.8218000,8155,2280779,292237.2286000
1771761600000,2026-02-22 12:00:00,0.1277000,0.1277000,0.1236000,0.1249000,4923687,1771775999999,2026-02-22 15:59:59,616935.2825000,6933,2094541,262395.3745000
1771776000000,2026-02-22 16:00:00,0.1248000,0.1260000,0.1239000,0.1244000,2204453,1771790399999,2026-02-22 19:59:59,275161.8746000,4657,1105642,138088.2090000
1771790400000,2026-02-22 20:00:00,0.1243000,0.1247000,0.1231000,0.1238000,1627477,1771804799999,2026-02-22 23:59:59,201625.2057000,4517,652167,80791.6438000
1771804800000,2026-02-23 00:00:00,0.1238000,0.1249000,0.1142000,0.1167000,14506128,1771819199999,2026-02-23 03:59:59,1709869.9316000,15777,6413158,755315.4910000
1771819200000,2026-02-23 04:00:00,0.1168000,0.1201000,0.1160000,0.1197000,2941892,1771833599999,2026-02-23 07:59:59,348670.6138000,6484,1415313,167766.4926000
1771833600000,2026-02-23 08:00:00,0.1197000,0.1234000,0.1191000,0.1226000,4484523,1771847999999,2026-02-23 11:59:59,543963.0815000,6211,2001961,242826.5613000
1771848000000,2026-02-23 12:00:00,0.1226000,0.1233000,0.1182000,0.1185000,3932380,1771862399999,2026-02-23 15:59:59,475564.8576000,8158,1533788,185777.2851000
1771862400000,2026-02-23 16:00:00,0.1186000,0.1197000,0.1166000,0.1183000,3354332,1771876799999,2026-02-23 19:59:59,397025.8727000,7531,1545091,182936.0914000
1771876800000,2026-02-23 20:00:00,0.1183000,0.1212000,0.1177000,0.1196000,2205746,1771891199999,2026-02-23 23:59:59,263805.0754000,5098,1177495,140911.5312000
1771891200000,2026-02-24 00:00:00,0.1197000,0.1216000,0.1179000,0.1196000,4274872,1771905599999,2026-02-24 03:59:59,511953.3237000,7405,1892182,226638.7827000
1771905600000,2026-02-24 04:00:00,0.1197000,0.1197000,0.1166000,0.1172000,3451663,1771919999999,2026-02-24 07:59:59,407116.6955000,6212,1804060,212874.1630000
1771920000000,2026-02-24 08:00:00,0.1171000,0.1184000,0.1158000,0.1181000,2681037,1771934399999,2026-02-24 11:59:59,314054.0781000,5846,1446922,169550.6112000
1771934400000,2026-02-24 12:00:00,0.1181000,0.1207000,0.1169000,0.1200000,5506997,1771948799999,2026-02-24 15:59:59,651757.0283000,8738,2376127,281877.1780000
1771948800000,2026-02-24 16:00:00,0.1200000,0.1210000,0.1190000,0.1201000,3585576,1771963199999,2026-02-24 19:59:59,430413.2219000,6441,1422578,170930.8618000
1771963200000,2026-02-24 20:00:00,0.1201000,0.1204000,0.1180000,0.1188000,2901988,1771977599999,2026-02-24 23:59:59,345853.4713000,4294,1428660,170280.3982000
1771977600000,2026-02-25 00:00:00,0.1188000,0.1238000,0.1188000,0.1219000,5438537,1771991999999,2026-02-25 03:59:59,661472.1563000,7408,3202947,389079.4803000
1771992000000,2026-02-25 04:00:00,0.1219000,0.1228000,0.1206000,0.1225000,2254733,1772006399999,2026-02-25 07:59:59,274606.3922000,4711,1122136,136728.4258000
1772006400000,2026-02-25 08:00:00,0.1226000,0.1234000,0.1218000,0.1230000,1787825,1772020799999,2026-02-25 11:59:59,219365.8082000,4825,943397,115796.8497000
1772020800000,2026-02-25 12:00:00,0.1229000,0.1244000,0.1221000,0.1239000,4036488,1772035199999,2026-02-25 15:59:59,496458.1037000,6837,1583883,194926.3421000
1772035200000,2026-02-25 16:00:00,0.1239000,0.1272000,0.1237000,0.1264000,4548963,1772049599999,2026-02-25 19:59:59,571368.2152000,6744,2237306,281126.6123000
1772049600000,2026-02-25 20:00:00,0.1264000,0.1274000,0.1234000,0.1251000,5791115,1772063999999,2026-02-25 23:59:59,727986.8569000,7259,2595924,326677.7001000
1772064000000,2026-02-26 00:00:00,0.1251000,0.1256000,0.1229000,0.1239000,5003297,1772078399999,2026-02-26 03:59:59,621915.1031000,6948,2276234,283115.2691000
1772078400000,2026-02-26 04:00:00,0.1240000,0.1244000,0.1214000,0.1224000,6793774,1772092799999,2026-02-26 07:59:59,831880.0979000,8657,3403728,416948.8110000
1772092800000,2026-02-26 08:00:00,0.1225000,0.1240000,0.1218000,0.1221000,3993552,1772107199999,2026-02-26 11:59:59,490397.5013000,8755,1857302,228097.1045000
1772107200000,2026-02-26 12:00:00,0.1222000,0.1229000,0.1206000,0.1215000,5436918,1772121599999,2026-02-26 15:59:59,662275.1296000,7314,2591187,315600.1621000
1772121600000,2026-02-26 16:00:00,0.1215000,0.1232000,0.1177000,0.1222000,8672572,1772135999999,2026-02-26 19:59:59,1042404.3459000,9932,4193682,505459.2354000
1772136000000,2026-02-26 20:00:00,0.1222000,0.1225000,0.1208000,0.1219000,1707467,1772150399999,2026-02-26 23:59:59,207722.5439000,3999,802625,97680.3951000
1772150400000,2026-02-27 00:00:00,0.1220000,0.1234000,0.1203000,0.1231000,2903095,1772164799999,2026-02-27 03:59:59,352749.5873000,4833,1463687,178120.7759000
1772164800000,2026-02-27 04:00:00,0.1230000,0.1249000,0.1222000,0.1240000,3050395,1772179199999,2026-02-27 07:59:59,376645.9382000,5278,1413528,174679.8253000
1772179200000,2026-02-27 08:00:00,0.1239000,0.1257000,0.1226000,0.1235000,4738743,1772193599999,2026-02-27 11:59:59,589612.9807000,8407,2627905,327238.8883000
1772193600000,2026-02-27 12:00:00,0.1235000,0.1238000,0.1209000,0.1225000,3780916,1772207999999,2026-02-27 15:59:59,462493.2310000,7571,1687289,206572.9129000
1772208000000,2026-02-27 16:00:00,0.1224000,0.1229000,0.1202000,0.1207000,2582111,1772222399999,2026-02-27 19:59:59,313354.3797000,5687,1293437,157028.3331000
1772222400000,2026-02-27 20:00:00,0.1207000,0.1210000,0.1177000,0.1204000,1914165,1772236799999,2026-02-27 23:59:59,228892.7452000,4020,960005,114908.6146000
1772236800000,2026-02-28 00:00:00,0.1205000,0.1220000,0.1197000,0.1200000,2220226,1772251199999,2026-02-28 03:59:59,268036.0591000,4840,1173593,141730.3100000
1772251200000,2026-02-28 04:00:00,0.1199000,0.1200000,0.1109000,0.1142000,15106848,1772265599999,2026-02-28 07:59:59,1738619.9588000,14792,7095700,817980.5309000
1772265600000,2026-02-28 08:00:00,0.1142000,0.1142000,0.1115000,0.1122000,4814110,1772279999999,2026-02-28 11:59:59,543087.5850000,5499,2502926,282421.3622000
1772280000000,2026-02-28 12:00:00,0.1123000,0.1152000,0.1113000,0.1133000,5657885,1772294399999,2026-02-28 15:59:59,641577.4686000,7427,2480416,281583.5509000
1772294400000,2026-02-28 16:00:00,0.1132000,0.1180000,0.1124000,0.1175000,3630677,1772308799999,2026-02-28 19:59:59,415350.0117000,5430,1787606,204157.7728000
1772308800000,2026-02-28 20:00:00,0.1174000,0.1203000,0.1170000,0.1195000,3179013,1772323199999,2026-02-28 23:59:59,377306.0363000,5010,1415197,168019.5297000
1772323200000,2026-03-01 00:00:00,0.1194000,0.1227000,0.1175000,0.1208000,3321534,1772337599999,2026-03-01 03:59:59,400077.5573000,5975,1658579,199974.0398000
1772337600000,2026-03-01 04:00:00,0.1208000,0.1221000,0.1192000,0.1203000,3110258,1772351999999,2026-03-01 07:59:59,374920.5707000,4365,1516535,182956.3056000
1772352000000,2026-03-01 08:00:00,0.1203000,0.1203000,0.1172000,0.1184000,2230596,1772366399999,2026-03-01 11:59:59,264224.1554000,4193,1093973,129550.7714000
1772366400000,2026-03-01 12:00:00,0.1183000,0.1208000,0.1168000,0.1184000,3292699,1772380799999,2026-03-01 15:59:59,392084.0980000,5642,1751595,208624.0280000
1772380800000,2026-03-01 16:00:00,0.1186000,0.1196000,0.1155000,0.1159000,5171148,1772395199999,2026-03-01 19:59:59,605355.5044000,6110,2257476,264714.6759000
1772395200000,2026-03-01 20:00:00,0.1158000,0.1178000,0.1135000,0.1165000,3298470,1772409599999,2026-03-01 23:59:59,381576.2601000,6735,1771945,204935.0461000
1772409600000,2026-03-02 00:00:00,0.1165000,0.1183000,0.1161000,0.1176000,2579274,1772423999999,2026-03-02 03:59:59,301796.8026000,4903,1250170,146373.1444000
1772424000000,2026-03-02 04:00:00,0.1175000,0.1184000,0.1156000,0.1161000,3277601,1772438399999,2026-03-02 07:59:59,383641.8969000,6225,1509321,176791.1288000
1772438400000,2026-03-02 08:00:00,0.1161000,0.1176000,0.1141000,0.1169000,3488112,1772452799999,2026-03-02 11:59:59,405316.0924000,6488,1680135,195630.8322000
1772452800000,2026-03-02 12:00:00,0.1169000,0.1224000,0.1152000,0.1212000,6685837,1772467199999,2026-03-02 15:59:59,792050.3683000,7183,3408281,404537.9912000
1772467200000,2026-03-02 16:00:00,0.1213000,0.1235000,0.1192000,0.1200000,5309440,1772481599999,2026-03-02 19:59:59,643910.2044000,7282,2200029,267096.0483000
1772481600000,2026-03-02 20:00:00,0.1200000,0.1203000,0.1178000,0.1192000,2345820,1772495999999,2026-03-02 23:59:59,278715.2130000,4131,1159996,137822.2209000
1772496000000,2026-03-03 00:00:00,0.1192000,0.1193000,0.1170000,0.1182000,2201700,1772510399999,2026-03-03 03:59:59,260162.5410000,4503,1063827,125729.2359000
1772510400000,2026-03-03 04:00:00,0.1181000,0.1189000,0.1172000,0.1185000,2192127,1772524799999,2026-03-03 07:59:59,258582.3273000,4824,1140904,134651.7370000
1772524800000,2026-03-03 08:00:00,0.1185000,0.1187000,0.1146000,0.1162000,4709836,1772539199999,2026-03-03 11:59:59,546571.4430000,5648,2193193,254781.1159000
1772539200000,2026-03-03 12:00:00,0.1161000,0.1178000,0.1144000,0.1167000,4203016,1772553599999,2026-03-03 15:59:59,487110.7924000,5798,1942019,225269.2839000
1772553600000,2026-03-03 16:00:00,0.1166000,0.1187000,0.1156000,0.1172000,3231455,1772567999999,2026-03-03 19:59:59,379093.4928000,5274,1767856,207452.4742000
1772568000000,2026-03-03 20:00:00,0.1172000,0.1174000,0.1154000,0.1161000,1889067,1772582399999,2026-03-03 23:59:59,220165.1904000,3265,889796,103755.1395000
1772582400000,2026-03-04 00:00:00,0.1161000,0.1164000,0.1130000,0.1134000,3309491,1772596799999,2026-03-04 03:59:59,379925.8013000,4641,1579616,181543.8456000
1772596800000,2026-03-04 04:00:00,0.1134000,0.1153000,0.1124000,0.1148000,4379125,1772611199999,2026-03-04 07:59:59,498133.2230000,5969,2227289,253574.1128000
1772611200000,2026-03-04 08:00:00,0.1148000,0.1182000,0.1144000,0.1161000,4107375,1772625599999,2026-03-04 11:59:59,478859.4831000,5781,1946415,227034.2776000
1772625600000,2026-03-04 12:00:00,0.1162000,0.1192000,0.1155000,0.1189000,4398194,1772639999999,2026-03-04 15:59:59,516402.7408000,6237,2248419,264058.1668000
1772640000000,2026-03-04 16:00:00,0.1190000,0.1192000,0.1174000,0.1182000,3333700,1772654399999,2026-03-04 19:59:59,394379.3698000,5154,1643925,194587.8021000
1772654400000,2026-03-04 20:00:00,0.1182000,0.1187000,0.1164000,0.1181000,3044373,1772668799999,2026-03-04 23:59:59,358454.1662000,4956,1554871,183122.8997000
1772668800000,2026-03-05 00:00:00,0.1181000,0.1185000,0.1167000,0.1176000,3332576,1772683199999,2026-03-05 03:59:59,392854.8959000,5246,1802602,212580.9862000
1772683200000,2026-03-05 04:00:00,0.1176000,0.1181000,0.1161000,0.1169000,2544854,1772697599999,2026-03-05 07:59:59,298121.9620000,4537,1050862,123187.9697000
1772697600000,2026-03-05 08:00:00,0.1169000,0.1191000,0.1164000,0.1188000,2827276,1772711999999,2026-03-05 11:59:59,333521.0914000,6216,1518600,179239.4885000
1772712000000,2026-03-05 12:00:00,0.1188000,0.1202000,0.1156000,0.1171000,5369907,1772726399999,2026-03-05 15:59:59,631809.8791000,6741,2566196,302051.3240000
1772726400000,2026-03-05 16:00:00,0.1170000,0.1180000,0.1148000,0.1169000,4400717,1772740799999,2026-03-05 19:59:59,511657.5038000,6097,2260618,262897.1399000
1772740800000,2026-03-05 20:00:00,0.1169000,0.1199000,0.1167000,0.1177000,4895848,1772755199999,2026-03-05 23:59:59,581087.0523000,7138,2451813,291141.6460000
1772755200000,2026-03-06 00:00:00,0.1178000,0.1220000,0.1178000,0.1217000,5497545,1772769599999,2026-03-06 03:59:59,660518.8327000,9474,2746262,330095.6104000
1772769600000,2026-03-06 04:00:00,0.1217000,0.1232000,0.1189000,0.1214000,6278755,1772783999999,2026-03-06 07:59:59,761656.3351000,8759,3119526,378929.5308000
1772784000000,2026-03-06 08:00:00,0.1214000,0.1238000,0.1197000,0.1208000,6311725,1772798399999,2026-03-06 11:59:59,769174.8345000,8335,3316243,404117.0930000
1772798400000,2026-03-06 12:00:00,0.1208000,0.1230000,0.1194000,0.1224000,11699460,1772812799999,2026-03-06 15:59:59,1420827.1570000,14644,6176338,750448.5869000
1772812800000,2026-03-06 16:00:00,0.1224000,0.1254000,0.1200000,0.1244000,16122465,1772827199999,2026-03-06 19:59:59,1982197.2861000,19319,8041823,989624.5138000
1772827200000,2026-03-06 20:00:00,0.1243000,0.1244000,0.1212000,0.1230000,6591979,1772841599999,2026-03-06 23:59:59,809414.6385000,10851,3358310,412474.6517000
1772841600000,2026-03-07 00:00:00,0.1229000,0.1230000,0.1196000,0.1205000,6318865,1772855999999,2026-03-07 03:59:59,762950.9547000,8724,2991080,361015.9138000
1772856000000,2026-03-07 04:00:00,0.1204000,0.1220000,0.1167000,0.1179000,9268040,1772870399999,2026-03-07 07:59:59,1100952.7893000,8982,4238479,503492.1147000
1772870400000,2026-03-07 08:00:00,0.1178000,0.1197000,0.1176000,0.1187000,3769912,1772884799999,2026-03-07 11:59:59,446743.6515000,9020,1950770,231247.7694000
1772884800000,2026-03-07 12:00:00,0.1187000,0.1187000,0.1158000,0.1162000,2891765,1772899199999,2026-03-07 15:59:59,338551.5871000,5093,1229731,143987.4579000
1772899200000,2026-03-07 16:00:00,0.1162000,0.1182000,0.1154000,0.1160000,3060975,1772913599999,2026-03-07 19:59:59,357533.0532000,4318,1528224,178540.1120000
1772913600000,2026-03-07 20:00:00,0.1161000,0.1168000,0.1150000,0.1155000,2394067,1772927999999,2026-03-07 23:59:59,277440.4573000,3371,1160340,134512.3740000
1772928000000,2026-03-08 00:00:00,0.1155000,0.1157000,0.1123000,0.1127000,5206515,1772942399999,2026-03-08 03:59:59,591099.5279000,4780,2343530,266235.6914000
1772942400000,2026-03-08 04:00:00,0.1127000,0.1150000,0.1119000,0.1146000,4273288,1772956799999,2026-03-08 07:59:59,484969.9276000,4443,1961841,222779.3934000
1772956800000,2026-03-08 08:00:00,0.1146000,0.1182000,0.1140000,0.1167000,4941654,1772971199999,2026-03-08 11:59:59,575089.7869000,5783,2268329,263659.9706000
1772971200000,2026-03-08 12:00:00,0.1168000,0.1176000,0.1157000,0.1166000,3881715,1772985599999,2026-03-08 15:59:59,453598.6859000,5580,1737253,203050.9132000
1772985600000,2026-03-08 16:00:00,0.1167000,0.1214000,0.1166000,0.1204000,7518584,1772999999999,2026-03-08 19:59:59,894185.6631000,8256,3540652,421110.1882000
1773000000000,2026-03-08 20:00:00,0.1204000,0.1210000,0.1172000,0.1178000,4940655,1773014399999,2026-03-08 23:59:59,588858.3905000,6714,2226444,265558.2225000
1773014400000,2026-03-09 00:00:00,0.1179000,0.1213000,0.1177000,0.1197000,5194426,1773028799999,2026-03-09 03:59:59,620752.0697000,6122,2545208,304070.2074000
1773028800000,2026-03-09 04:00:00,0.1197000,0.1222000,0.1196000,0.1208000,3962159,1773043199999,2026-03-09 07:59:59,478243.2330000,4964,1938375,234119.1895000
1773043200000,2026-03-09 08:00:00,0.1207000,0.1211000,0.1185000,0.1198000,3401642,1773057599999,2026-03-09 11:59:59,407379.1089000,4116,1794658,214970.6180000
1773057600000,2026-03-09 12:00:00,0.1198000,0.1220000,0.1195000,0.1211000,2810184,1773071999999,2026-03-09 15:59:59,339901.3766000,4779,1428744,172828.4028000
1773072000000,2026-03-09 16:00:00,0.1211000,0.1230000,0.1210000,0.1218000,2932655,1773086399999,2026-03-09 19:59:59,357152.4323000,4512,1431786,174358.7394000
1773086400000,2026-03-09 20:00:00,0.1217000,0.1218000,0.1193000,0.1196000,2498658,1773100799999,2026-03-09 23:59:59,301364.5598000,3304,1193227,143934.7035000
1773100800000,2026-03-10 00:00:00,0.1196000,0.1210000,0.1183000,0.1193000,3193806,1773115199999,2026-03-10 03:59:59,382019.2004000,3987,1419027,169833.8190000
1773115200000,2026-03-10 04:00:00,0.1194000,0.1215000,0.1194000,0.1210000,2349730,1773129599999,2026-03-10 07:59:59,283166.5865000,3310,1233915,148762.4220000
1773129600000,2026-03-10 08:00:00,0.1211000,0.1220000,0.1204000,0.1207000,2719731,1773143999999,2026-03-10 11:59:59,329398.4664000,3041,1437668,174138.8980000
1773144000000,2026-03-10 12:00:00,0.1206000,0.1216000,0.1185000,0.1205000,2968168,1773158399999,2026-03-10 15:59:59,356708.2560000,3974,1404726,168762.1235000
1773158400000,2026-03-10 16:00:00,0.1206000,0.1214000,0.1177000,0.1182000,2767223,1773172799999,2026-03-10 19:59:59,330429.5877000,4981,1447633,172992.0354000
1773172800000,2026-03-10 20:00:00,0.1182000,0.1194000,0.1180000,0.1188000,1837986,1773187199999,2026-03-10 23:59:59,218285.5599000,2664,1070812,127198.9150000
1773187200000,2026-03-11 00:00:00,0.1188000,0.1194000,0.1174000,0.1179000,2060234,1773201599999,2026-03-11 03:59:59,243869.5818000,3699,1023773,121183.3398000
1773201600000,2026-03-11 04:00:00,0.1178000,0.1194000,0.1171000,0.1186000,2432264,1773215999999,2026-03-11 07:59:59,287527.3997000,3665,1364977,161329.3878000
1773216000000,2026-03-11 08:00:00,0.1186000,0.1191000,0.1163000,0.1164000,3540314,1773230399999,2026-03-11 11:59:59,416008.7364000,4485,1608120,188916.8128000
1773230400000,2026-03-11 12:00:00,0.1164000,0.1198000,0.1160000,0.1191000,3473619,1773244799999,2026-03-11 15:59:59,411351.4929000,4951,1956486,231916.8343000
1773244800000,2026-03-11 16:00:00,0.1192000,0.1209000,0.1189000,0.1196000,1929428,1773259199999,2026-03-11 19:59:59,231300.0664000,3386,924617,110861.6811000
1773259200000,2026-03-11 20:00:00,0.1197000,0.1217000,0.1195000,0.1210000,1485194,1773273599999,2026-03-11 23:59:59,179352.8314000,2915,798394,96426.9687000
1773273600000,2026-03-12 00:00:00,0.1210000,0.1529000,0.1210000,0.1462000,192200200,1773287999999,2026-03-12 03:59:59,27770006.5271000,172389,96651942,13962552.2483000
1773288000000,2026-03-12 04:00:00,0.1462000,0.1462000,0.1318000,0.1325000,112180516,1773302399999,2026-03-12 07:59:59,15485519.3913000,104149,52921745,7307943.7494000
1773302400000,2026-03-12 08:00:00,0.1324000,0.1385000,0.1303000,0.1345000,73061312,1773316799999,2026-03-12 11:59:59,9804141.3747000,67184,37126990,4986774.2709000
1773316800000,2026-03-12 12:00:00,0.1344000,0.1369000,0.1283000,0.1323000,43306563,1773331199999,2026-03-12 15:59:59,5719330.3918000,44669,20367506,2691456.0529000
1773331200000,2026-03-12 16:00:00,0.1322000,0.1351000,0.1304000,0.1328000,20468356,1773345599999,2026-03-12 19:59:59,2707989.9070000,24332,10677397,1413344.3217000
1773345600000,2026-03-12 20:00:00,0.1328000,0.1332000,0.1308000,0.1321000,11812703,1773359999999,2026-03-12 23:59:59,1558843.6130000,18019,5959763,786745.6440000
1773360000000,2026-03-13 00:00:00,0.1321000,0.1346000,0.1283000,0.1303000,34440545,1773374399999,2026-03-13 03:59:59,4513642.8403000,39134,16463443,2158188.7178000
1773374400000,2026-03-13 04:00:00,0.1303000,0.1332000,0.1295000,0.1329000,15560202,1773388799999,2026-03-13 07:59:59,2040505.5810000,19746,8030217,1053094.8620000
1773388800000,2026-03-13 08:00:00,0.1328000,0.1331000,0.1292000,0.1295000,10203968,1773403199999,2026-03-13 11:59:59,1336061.3919000,14749,4533074,593587.8459000
1773403200000,2026-03-13 12:00:00,0.1294000,0.1307000,0.1276000,0.1281000,9903039,1773417599999,2026-03-13 15:59:59,1279555.0007000,15532,4850525,627311.5362000
1773417600000,2026-03-13 16:00:00,0.1281000,0.1288000,0.1243000,0.1253000,8330702,1773431999999,2026-03-13 19:59:59,1055765.1952000,13344,3897030,494168.3457000
1773432000000,2026-03-13 20:00:00,0.1253000,0.1260000,0.1228000,0.1237000,8252115,1773446399999,2026-03-13 23:59:59,1024579.7932000,11658,3888394,482993.4409000
1773446400000,2026-03-14 00:00:00,0.1238000,0.1241000,0.1214000,0.1218000,8169853,1773460799999,2026-03-14 03:59:59,1001078.9047000,11973,3520876,431759.5942000
1773460800000,2026-03-14 04:00:00,0.1218000,0.1234000,0.1212000,0.1223000,5476989,1773475199999,2026-03-14 07:59:59,669468.4450000,9144,2740803,335136.3180000
1773475200000,2026-03-14 08:00:00,0.1223000,0.1235000,0.1214000,0.1233000,4278189,1773489599999,2026-03-14 11:59:59,523446.8252000,7953,2280430,279157.3666000
1773489600000,2026-03-14 12:00:00,0.1234000,0.1242000,0.1219000,0.1224000,4313999,1773503999999,2026-03-14 15:59:59,530826.8743000,9110,2161591,266151.6873000
1773504000000,2026-03-14 16:00:00,0.1223000,0.1230000,0.1206000,0.1206000,3910784,1773518399999,2026-03-14 19:59:59,476419.9708000,7924,1922843,234365.1098000
1773518400000,2026-03-14 20:00:00,0.1206000,0.1226000,0.1203000,0.1216000,3057964,1773532799999,2026-03-14 23:59:59,371185.1847000,6640,1531843,185926.4450000
1773532800000,2026-03-15 00:00:00,0.1216000,0.1228000,0.1208000,0.1210000,3376674,1773547199999,2026-03-15 03:59:59,411562.1321000,6847,1567303,191099.6138000
1773547200000,2026-03-15 04:00:00,0.1210000,0.1216000,0.1208000,0.1213000,2385776,1773561599999,2026-03-15 07:59:59,289035.2222000,5100,1179976,143016.6359000
1773561600000,2026-03-15 08:00:00,0.1214000,0.1220000,0.1209000,0.1211000,2413047,1773575999999,2026-03-15 11:59:59,292983.1564000,5189,1257740,152767.5215000
1773576000000,2026-03-15 12:00:00,0.1211000,0.1219000,0.1202000,0.1206000,3029339,1773590399999,2026-03-15 15:59:59,366154.6819000,6543,1365739,165154.6521000
1773590400000,2026-03-15 16:00:00,0.1205000,0.1218000,0.1204000,0.1214000,2362495,1773604799999,2026-03-15 19:59:59,285973.1299000,6367,1265024,153132.7951000
1773604800000,2026-03-15 20:00:00,0.1215000,0.1226000,0.1209000,0.1224000,3160810,1773619199999,2026-03-15 23:59:59,385036.5518000,6906,1639064,199703.7317000
1773619200000,2026-03-16 00:00:00,0.1224000,0.1235000,0.1214000,0.1228000,3542484,1773633599999,2026-03-16 03:59:59,434485.1683000,6602,1559105,191207.2746000
1773633600000,2026-03-16 04:00:00,0.1228000,0.1234000,0.1223000,0.1230000,3842494,1773647999999,2026-03-16 07:59:59,472158.2481000,6223,1860716,228706.7320000
1773648000000,2026-03-16 08:00:00,0.1231000,0.1253000,0.1227000,0.1245000,4917248,1773662399999,2026-03-16 11:59:59,610744.4979000,7712,2592660,322092.7478000
1773662400000,2026-03-16 12:00:00,0.1245000,0.1261000,0.1238000,0.1242000,5320716,1773676799999,2026-03-16 15:59:59,663980.2076000,9395,2501165,312451.9231000
1773676800000,2026-03-16 16:00:00,0.1242000,0.1271000,0.1241000,0.1268000,4786182,1773691199999,2026-03-16 19:59:59,603852.2878000,11224,2440983,307948.4991000
1773691200000,2026-03-16 20:00:00,0.1267000,0.1275000,0.1253000,0.1260000,3449676,1773705599999,2026-03-16 23:59:59,436152.8877000,5612,1307578,165353.3378000
1773705600000,2026-03-17 00:00:00,0.1259000,0.1270000,0.1236000,0.1244000,4014238,1773719999999,2026-03-17 03:59:59,504001.2598000,6867,1693451,212943.4593000
1773720000000,2026-03-17 04:00:00,0.1244000,0.1258000,0.1222000,0.1255000,5785422,1773734399999,2026-03-17 07:59:59,718173.7468000,7996,2611950,324569.1206000
1773734400000,2026-03-17 08:00:00,0.1256000,0.1264000,0.1249000,0.1260000,2450461,1773748799999,2026-03-17 11:59:59,307849.8077000,5148,1163073,146158.3243000
1773748800000,2026-03-17 12:00:00,0.1260000,0.1266000,0.1232000,0.1253000,3922464,1773763199999,2026-03-17 15:59:59,489534.5950000,6744,1779349,222071.8922000
1773763200000,2026-03-17 16:00:00,0.1254000,0.1271000,0.1252000,0.1267000,3253515,1773777599999,2026-03-17 19:59:59,410283.2322000,5319,1504957,189772.2234000
1773777600000,2026-03-17 20:00:00,0.1267000,0.1303000,0.1264000,0.1282000,4932866,1773791999999,2026-03-17 23:59:59,634366.6076000,8936,2410811,310118.9754000
1773792000000,2026-03-18 00:00:00,0.1282000,0.1300000,0.1255000,0.1286000,5351345,1773806399999,2026-03-18 03:59:59,683877.3730000,8883,2401241,307638.4878000
1773806400000,2026-03-18 04:00:00,0.1286000,0.1292000,0.1260000,0.1277000,2825590,1773820799999,2026-03-18 07:59:59,360642.0120000,5343,1404316,179398.8462000
1773820800000,2026-03-18 08:00:00,0.1277000,0.1285000,0.1237000,0.1250000,4239691,1773835199999,2026-03-18 11:59:59,535949.8194000,6710,1770919,224099.4108000
1773835200000,2026-03-18 12:00:00,0.1250000,0.1257000,0.1177000,0.1183000,13031611,1773849599999,2026-03-18 15:59:59,1577380.1025000,14118,5610385,678768.5429000
1773849600000,2026-03-18 16:00:00,0.1183000,0.1207000,0.1169000,0.1177000,9289849,1773863999999,2026-03-18 19:59:59,1106181.8486000,11496,4091464,487804.8515000
1773864000000,2026-03-18 20:00:00,0.1179000,0.1210000,0.1173000,0.1193000,2245491,1773878399999,2026-03-18 23:59:59,267895.1164000,5217,972085,115912.8033000
1773878400000,2026-03-19 00:00:00,0.1193000,0.1203000,0.1181000,0.1193000,2981266,1773892799999,2026-03-19 03:59:59,355224.1089000,5640,1565810,186624.9595000
1773892800000,2026-03-19 04:00:00,0.1192000,0.1193000,0.1155000,0.1166000,3455854,1773907199999,2026-03-19 07:59:59,406362.4416000,6680,1593873,187467.6029000
1773907200000,2026-03-19 08:00:00,0.1166000,0.1194000,0.1164000,0.1187000,3259536,1773921599999,2026-03-19 11:59:59,385114.7835000,5658,1653102,195300.7862000
1773921600000,2026-03-19 12:00:00,0.1186000,0.1194000,0.1134000,0.1167000,7731653,1773935999999,2026-03-19 15:59:59,905045.2117000,7462,3154522,370248.4665000
1773936000000,2026-03-19 16:00:00,0.1168000,0.1183000,0.1158000,0.1178000,2735611,1773950399999,2026-03-19 19:59:59,319848.2870000,5738,1191272,139317.2908000
1773950400000,2026-03-19 20:00:00,0.1179000,0.1187000,0.1174000,0.1185000,1897465,1773964799999,2026-03-19 23:59:59,224053.0429000,3774,1077429,127286.9250000
1773964800000,2026-03-20 00:00:00,0.1185000,0.1208000,0.1182000,0.1193000,3144566,1773979199999,2026-03-20 03:59:59,375602.5279000,4930,1659658,198249.5005000
1773979200000,2026-03-20 04:00:00,0.1194000,0.1194000,0.1165000,0.1179000,3704403,1773993599999,2026-03-20 07:59:59,436804.8306000,5356,1823155,215085.9134000
1773993600000,2026-03-20 08:00:00,0.1180000,0.1198000,0.1175000,0.1187000,2288892,1774007999999,2026-03-20 11:59:59,271412.7616000,4358,1176276,139482.3370000
1774008000000,2026-03-20 12:00:00,0.1188000,0.1193000,0.1163000,0.1169000,2675152,1774022399999,2026-03-20 15:59:59,315023.9424000,5571,1095541,129147.1910000
1774022400000,2026-03-20 16:00:00,0.1170000,0.1175000,0.1154000,0.1169000,2591945,1774036799999,2026-03-20 19:59:59,302053.3689000,5769,1241856,144815.9941000
1774036800000,2026-03-20 20:00:00,0.1168000,0.1179000,0.1156000,0.1173000,1847906,1774051199999,2026-03-20 23:59:59,215808.7973000,4109,893356,104358.1691000
1774051200000,2026-03-21 00:00:00,0.1173000,0.1178000,0.1167000,0.1177000,1078561,1774065599999,2026-03-21 03:59:59,126586.2941000,3099,510064,59899.5116000
1774065600000,2026-03-21 04:00:00,0.1176000,0.1186000,0.1172000,0.1177000,1505254,1774079999999,2026-03-21 07:59:59,177342.8241000,3079,851364,100344.0397000
1774080000000,2026-03-21 08:00:00,0.1176000,0.1187000,0.1169000,0.1172000,1589145,1774094399999,2026-03-21 11:59:59,186898.8203000,3014,726392,85523.3549000
1774094400000,2026-03-21 12:00:00,0.1173000,0.1179000,0.1165000,0.1177000,1285322,1774108799999,2026-03-21 15:59:59,150663.0498000,3092,695524,81557.1063000
1774108800000,2026-03-21 16:00:00,0.1177000,0.1178000,0.1167000,0.1169000,1005921,1774123199999,2026-03-21 19:59:59,117742.4740000,2525,433818,50799.2970000
1774123200000,2026-03-21 20:00:00,0.1168000,0.1173000,0.1113000,0.1123000,5751626,1774137599999,2026-03-21 23:59:59,656704.7848000,5940,2466702,282351.9945000
1774137600000,2026-03-22 00:00:00,0.1123000,0.1130000,0.1091000,0.1120000,8131469,1774151999999,2026-03-22 03:59:59,901984.0686000,10221,3337235,370525.8186000
1774152000000,2026-03-22 04:00:00,0.1121000,0.1129000,0.1107000,0.1107000,2594781,1774166399999,2026-03-22 07:59:59,290653.1376000,5076,1213525,136009.4495000
1774166400000,2026-03-22 08:00:00,0.1107000,0.1122000,0.1095000,0.1096000,3389529,1774180799999,2026-03-22 11:59:59,375072.3256000,5540,1466712,162455.2158000
1774180800000,2026-03-22 12:00:00,0.1096000,0.1120000,0.1096000,0.1110000,2893950,1774195199999,2026-03-22 15:59:59,320412.6331000,4786,1565339,173358.5926000
1774195200000,2026-03-22 16:00:00,0.1109000,0.1116000,0.1071000,0.1078000,5350107,1774209599999,2026-03-22 19:59:59,585190.6442000,6979,2118798,232162.0055000
1774209600000,2026-03-22 20:00:00,0.1078000,0.1092000,0.1061000,0.1079000,3807765,1774223999999,2026-03-22 23:59:59,410095.7542000,6200,1650931,178011.5240000
1774224000000,2026-03-23 00:00:00,0.1079000,0.1096000,0.1076000,0.1092000,2918966,1774238399999,2026-03-23 03:59:59,316988.1475000,4225,1619441,175919.6155000
1774238400000,2026-03-23 04:00:00,0.1092000,0.1101000,0.1077000,0.1082000,2814464,1774252799999,2026-03-23 07:59:59,306443.8808000,4061,1114921,121518.8618000
1774252800000,2026-03-23 08:00:00,0.1082000,0.1122000,0.1068000,0.1106000,6997970,1774267199999,2026-03-23 11:59:59,770649.8957000,6990,3825107,421266.5707000
1774267200000,2026-03-23 12:00:00,0.1107000,0.1135000,0.1102000,0.1120000,4419303,1774281599999,2026-03-23 15:59:59,495759.5653000,5919,2013223,225952.5087000
1774281600000,2026-03-23 16:00:00,0.1121000,0.1160000,0.1115000,0.1150000,4686645,1774295999999,2026-03-23 19:59:59,535346.7860000,6840,2633126,301013.3193000
1774296000000,2026-03-23 20:00:00,0.1151000,0.1156000,0.1139000,0.1155000,2608385,1774310399999,2026-03-23 23:59:59,299693.0246000,5590,1384560,159110.1263000
1774310400000,2026-03-24 00:00:00,0.1155000,0.1169000,0.1145000,0.1150000,5557005,1774324799999,2026-03-24 03:59:59,643467.5962000,8441,2439483,282608.1789000
1774324800000,2026-03-24 04:00:00,0.1151000,0.1161000,0.1133000,0.1161000,2883116,1774339199999,2026-03-24 07:59:59,330231.3715000,5370,1486419,170419.9764000
1774339200000,2026-03-24 08:00:00,0.1161000,0.1167000,0.1145000,0.1159000,2516619,1774353599999,2026-03-24 11:59:59,291332.3375000,4999,1134548,131395.6377000
1774353600000,2026-03-24 12:00:00,0.1159000,0.1161000,0.1138000,0.1149000,2881749,1774367999999,2026-03-24 15:59:59,332074.6796000,6571,1524588,175776.1958000
1774368000000,2026-03-24 16:00:00,0.1149000,0.1154000,0.1126000,0.1140000,2323767,1774382399999,2026-03-24 19:59:59,264245.7915000,4841,1207748,137364.9350000
1774382400000,2026-03-24 20:00:00,0.1140000,0.1166000,0.1139000,0.1163000,1851972,1774396799999,2026-03-24 23:59:59,213894.5153000,3907,904089,104442.3927000
1774396800000,2026-03-25 00:00:00,0.1164000,0.1167000,0.1153000,0.1163000,2229994,1774411199999,2026-03-25 03:59:59,258730.2590000,3300,1093560,126894.7023000
1774411200000,2026-03-25 04:00:00,0.1163000,0.1164000,0.1147000,0.1148000,1982617,1774425599999,2026-03-25 07:59:59,229307.5288000,2298,927320,107259.2110000
1774425600000,2026-03-25 08:00:00,0.1149000,0.1162000,0.1148000,0.1158000,2188926,1774439999999,2026-03-25 11:59:59,253155.2385000,2624,929794,107566.5782000
1774440000000,2026-03-25 12:00:00,0.1159000,0.1165000,0.1142000,0.1153000,1958973,1774454399999,2026-03-25 15:59:59,226295.0113000,3151,964372,111466.7424000
1774454400000,2026-03-25 16:00:00,0.1154000,0.1162000,0.1138000,0.1149000,4340994,1774468799999,2026-03-25 19:59:59,498242.3376000,4833,2149979,246868.0090000
1774468800000,2026-03-25 20:00:00,0.1150000,0.1160000,0.1142000,0.1154000,1374642,1774483199999,2026-03-25 23:59:59,158144.3662000,2858,712969,82062.3899000
1774483200000,2026-03-26 00:00:00,0.1155000,0.1166000,0.1142000,0.1149000,2644842,1774497599999,2026-03-26 03:59:59,305125.8134000,3448,1216227,140376.1378000
1774497600000,2026-03-26 04:00:00,0.1148000,0.1149000,0.1127000,0.1131000,1815716,1774511999999,2026-03-26 07:59:59,206624.2673000,3186,770294,87657.8959000
1774512000000,2026-03-26 08:00:00,0.1131000,0.1138000,0.1115000,0.1121000,2994133,1774526399999,2026-03-26 11:59:59,336706.8627000,3852,1306107,146890.9820000
1774526400000,2026-03-26 12:00:00,0.1120000,0.1125000,0.1103000,0.1110000,2681440,1774540799999,2026-03-26 15:59:59,299200.3709000,3687,1220993,136252.8100000
1774540800000,2026-03-26 16:00:00,0.1110000,0.1116000,0.1096000,0.1102000,3540751,1774555199999,2026-03-26 19:59:59,391668.6980000,3367,1641353,181597.7593000
1774555200000,2026-03-26 20:00:00,0.1103000,0.1118000,0.1095000,0.1110000,2331813,1774569599999,2026-03-26 23:59:59,258891.4692000,3096,1006129,111824.2885000
1774569600000,2026-03-27 00:00:00,0.1111000,0.1121000,0.1106000,0.1110000,2068926,1774583999999,2026-03-27 03:59:59,230149.2872000,3014,896005,99728.5114000
1774584000000,2026-03-27 04:00:00,0.1109000,0.1116000,0.1099000,0.1113000,1862327,1774598399999,2026-03-27 07:59:59,206240.2610000,3215,1013768,112326.4730000
1774598400000,2026-03-27 08:00:00,0.1113000,0.1114000,0.1070000,0.1084000,4042897,1774612799999,2026-03-27 11:59:59,441333.5840000,4552,1855614,202529.5809000
1774612800000,2026-03-27 12:00:00,0.1083000,0.1107000,0.1074000,0.1097000,3427240,1774627199999,2026-03-27 15:59:59,372027.3724000,4529,1711154,185871.7597000
1774627200000,2026-03-27 16:00:00,0.1097000,0.1102000,0.1088000,0.1101000,2165717,1774641599999,2026-03-27 19:59:59,237358.6296000,3778,1219775,133741.6978000
1774641600000,2026-03-27 20:00:00,0.1101000,0.1102000,0.1080000,0.1087000,2117496,1774655999999,2026-03-27 23:59:59,230745.7040000,3384,964403,105228.5437000
1774656000000,2026-03-28 00:00:00,0.1087000,0.1091000,0.1075000,0.1081000,2110578,1774670399999,2026-03-28 03:59:59,228421.8837000,3256,1151485,124657.2923000
1774670400000,2026-03-28 04:00:00,0.1081000,0.1081000,0.1052000,0.1070000,5575873,1774684799999,2026-03-28 07:59:59,594868.2629000,6606,2798241,298487.6538000
1774684800000,2026-03-28 08:00:00,0.1070000,0.1073000,0.1058000,0.1065000,2251735,1774699199999,2026-03-28 11:59:59,239782.7535000,4305,954898,101671.8941000
1774699200000,2026-03-28 12:00:00,0.1065000,0.1079000,0.1060000,0.1071000,3388451,1774713599999,2026-03-28 15:59:59,362778.2869000,5010,1786724,191365.1547000
1774713600000,2026-03-28 16:00:00,0.1072000,0.1090000,0.1070000,0.1080000,2095457,1774727999999,2026-03-28 19:59:59,226594.7666000,3138,1087860,117630.8052000
1774728000000,2026-03-28 20:00:00,0.1081000,0.1083000,0.1058000,0.1063000,2253891,1774742399999,2026-03-28 23:59:59,241188.9121000,3462,1021395,109299.3261000
1774742400000,2026-03-29 00:00:00,0.1063000,0.1067000,0.1049000,0.1063000,2296270,1774756799999,2026-03-29 03:59:59,243124.5324000,3777,1004405,106400.9938000
1774756800000,2026-03-29 04:00:00,0.1063000,0.1066000,0.1059000,0.1059000,1001677,1774771199999,2026-03-29 07:59:59,106405.9429000,2398,504910,53650.2702000
1774771200000,2026-03-29 08:00:00,0.1060000,0.1083000,0.1058000,0.1065000,3879473,1774785599999,2026-03-29 11:59:59,415530.1598000,5206,1994360,213853.8766000
1774785600000,2026-03-29 12:00:00,0.1064000,0.1065000,0.1043000,0.1054000,4330528,1774799999999,2026-03-29 15:59:59,456570.9443000,5333,2011326,212152.4431000
1774800000000,2026-03-29 16:00:00,0.1054000,0.1059000,0.1048000,0.1051000,1396249,1774814399999,2026-03-29 19:59:59,146955.1799000,3603,576850,60736.3065000
1774814400000,2026-03-29 20:00:00,0.1052000,0.1063000,0.1024000,0.1052000,4140844,1774828799999,2026-03-29 23:59:59,431793.1463000,5563,1982279,206783.1988000
1774828800000,2026-03-30 00:00:00,0.1052000,0.1076000,0.1044000,0.1069000,2375971,1774843199999,2026-03-30 03:59:59,252557.3851000,3911,1397325,148546.4220000
1774843200000,2026-03-30 04:00:00,0.1069000,0.1075000,0.1063000,0.1071000,1986310,1774857599999,2026-03-30 07:59:59,212358.4519000,3517,932515,99752.3595000
1774857600000,2026-03-30 08:00:00,0.1071000,0.1077000,0.1061000,0.1070000,2142747,1774871999999,2026-03-30 11:59:59,228783.1033000,3944,1173519,125311.7049000
1774872000000,2026-03-30 12:00:00,0.1071000,0.1073000,0.1050000,0.1057000,2037783,1774886399999,2026-03-30 15:59:59,216077.0062000,4560,967957,102691.3934000
1774886400000,2026-03-30 16:00:00,0.1057000,0.1065000,0.1042000,0.1049000,2089012,1774900799999,2026-03-30 19:59:59,220211.1392000,4328,976380,102987.3426000
1774900800000,2026-03-30 20:00:00,0.1049000,0.1069000,0.1048000,0.1056000,1746883,1774915199999,2026-03-30 23:59:59,184860.1847000,4110,923546,97750.1541000
1774915200000,2026-03-31 00:00:00,0.1056000,0.1073000,0.1052000,0.1054000,1850585,1774929599999,2026-03-31 03:59:59,196071.7894000,3691,717561,76076.1196000
1774929600000,2026-03-31 04:00:00,0.1054000,0.1071000,0.1051000,0.1067000,2428918,1774943999999,2026-03-31 07:59:59,257504.9172000,3701,1282544,136072.1955000
1774944000000,2026-03-31 08:00:00,0.1067000,0.1071000,0.1052000,0.1065000,3701218,1774958399999,2026-03-31 11:59:59,392421.0470000,6348,2154601,228470.4712000
1774958400000,2026-03-31 12:00:00,0.1065000,0.1101000,0.1060000,0.1087000,7503842,1774972799999,2026-03-31 15:59:59,814013.6974000,9162,4057648,440337.2078000
1774972800000,2026-03-31 16:00:00,0.1087000,0.1116000,0.1084000,0.1106000,4370537,1774987199999,2026-03-31 19:59:59,480845.6542000,6324,2135612,235020.5224000
1774987200000,2026-03-31 20:00:00,0.1106000,0.1118000,0.1096000,0.1108000,1784782,1775001599999,2026-03-31 23:59:59,197197.1859000,4117,863926,95496.6685000
1775001600000,2026-04-01 00:00:00,0.1108000,0.1109000,0.1083000,0.1092000,2454304,1775015999999,2026-04-01 03:59:59,268810.8576000,4326,1106892,121150.7059000
1775016000000,2026-04-01 04:00:00,0.1093000,0.1101000,0.1085000,0.1091000,2582544,1775030399999,2026-04-01 07:59:59,282284.5182000,4993,1243407,135948.2472000
1775030400000,2026-04-01 08:00:00,0.1091000,0.1100000,0.1081000,0.1090000,2933948,1775044799999,2026-04-01 11:59:59,320057.7777000,4771,1593547,173917.6026000
1775044800000,2026-04-01 12:00:00,0.1091000,0.1106000,0.1090000,0.1100000,4047150,1775059199999,2026-04-01 15:59:59,444133.7694000,5448,1837084,201694.9378000
1775059200000,2026-04-01 16:00:00,0.1100000,0.1106000,0.1090000,0.1094000,1825178,1775073599999,2026-04-01 19:59:59,200447.9669000,3041,903024,99204.4703000
1775073600000,2026-04-01 20:00:00,0.1093000,0.1094000,0.1081000,0.1083000,1558117,1775087999999,2026-04-01 23:59:59,169550.8037000,2908,728433,79307.8314000
1775088000000,2026-04-02 00:00:00,0.1083000,0.1103000,0.1055000,0.1061000,4021195,1775102399999,2026-04-02 03:59:59,433211.1868000,5204,1865108,201326.8007000
1775102400000,2026-04-02 04:00:00,0.1061000,0.1080000,0.1054000,0.1079000,1788783,1775116799999,2026-04-02 07:59:59,190122.8975000,3576,919639,97736.0015000
1775116800000,2026-04-02 08:00:00,0.1080000,0.1085000,0.1061000,0.1065000,2871572,1775131199999,2026-04-02 11:59:59,308072.1107000,5354,1534689,164659.5413000
1775131200000,2026-04-02 12:00:00,0.1065000,0.1065000,0.1043000,0.1054000,3517109,1775145599999,2026-04-02 15:59:59,370686.8661000,4642,1544449,162813.9559000
1775145600000,2026-04-02 16:00:00,0.1053000,0.1083000,0.1050000,0.1074000,4165574,1775159999999,2026-04-02 19:59:59,444257.6572000,4727,2286024,243704.2015000
1775160000000,2026-04-02 20:00:00,0.1074000,0.1089000,0.1066000,0.1083000,2130813,1775174399999,2026-04-02 23:59:59,229895.6222000,3318,1082333,116807.6089000
1775174400000,2026-04-03 00:00:00,0.1083000,0.1102000,0.1076000,0.1092000,3469488,1775188799999,2026-04-03 03:59:59,377127.1818000,4746,1729766,188044.8833000
1775188800000,2026-04-03 04:00:00,0.1091000,0.1118000,0.1085000,0.1112000,2704918,1775203199999,2026-04-03 07:59:59,297756.1947000,6181,1470727,162013.7522000
1775203200000,2026-04-03 08:00:00,0.1112000,0.1120000,0.1094000,0.1104000,3033107,1775217599999,2026-04-03 11:59:59,335527.6774000,4263,1477170,163547.0463000
1775217600000,2026-04-03 12:00:00,0.1104000,0.1113000,0.1085000,0.1091000,2594448,1775231999999,2026-04-03 15:59:59,284506.9879000,3645,1099670,120864.4677000
1775232000000,2026-04-03 16:00:00,0.1092000,0.1109000,0.1089000,0.1105000,2208137,1775246399999,2026-04-03 19:59:59,243268.3788000,3618,1150838,126755.8507000
1775246400000,2026-04-03 20:00:00,0.1105000,0.1109000,0.1093000,0.1098000,1235419,1775260799999,2026-04-03 23:59:59,135923.4600000,2641,593715,65310.1725000
1775260800000,2026-04-04 00:00:00,0.1098000,0.1105000,0.1094000,0.1099000,1687159,1775275199999,2026-04-04 03:59:59,185499.9058000,2621,984284,108257.3006000
1775275200000,2026-04-04 04:00:00,0.1098000,0.1108000,0.1096000,0.1102000,967263,1775289599999,2026-04-04 07:59:59,106639.0603000,1967,520915,57442.6287000
1775289600000,2026-04-04 08:00:00,0.1102000,0.1117000,0.1101000,0.1114000,2554644,1775303999999,2026-04-04 11:59:59,283383.0756000,2648,1191665,132262.5834000
1775304000000,2026-04-04 12:00:00,0.1115000,0.1126000,0.1104000,0.1110000,3078838,1775318399999,2026-04-04 15:59:59,343471.2373000,3760,1549439,172920.7676000
1775318400000,2026-04-04 16:00:00,0.1109000,0.1119000,0.1106000,0.1113000,2258950,1775332799999,2026-04-04 19:59:59,251250.5449000,2986,1120477,124681.4114000
1775332800000,2026-04-04 20:00:00,0.1113000,0.1120000,0.1107000,0.1112000,1464713,1775347199999,2026-04-04 23:59:59,162936.1356000,2739,753336,83844.3752000
1775347200000,2026-04-05 00:00:00,0.1112000,0.1129000,0.1105000,0.1123000,2291038,1775361599999,2026-04-05 03:59:59,255499.0050000,2973,1283045,143236.6294000
1775361600000,2026-04-05 04:00:00,0.1123000,0.1146000,0.1114000,0.1138000,8368483,1775375999999,2026-04-05 07:59:59,946783.7136000,9339,4701785,532225.0660000
1775376000000,2026-04-05 08:00:00,0.1137000,0.1176000,0.1117000,0.1166000,17315833,1775390399999,2026-04-05 11:59:59,1996595.7422000,19171,8118390,936598.6841000
1775390400000,2026-04-05 12:00:00,0.1166000,0.1577000,0.1160000,0.1484000,863630536,1775404799999,2026-04-05 15:59:59,126569810.2098000,663910,423392726,62050098.1783000
1775404800000,2026-04-05 16:00:00,0.1485000,0.1489000,0.1335000,0.1367000,349732577,1775419199999,2026-04-05 19:59:59,48794536.3798000,237984,173788967,24250792.8043000
1775419200000,2026-04-05 20:00:00,0.1367000,0.1467000,0.1346000,0.1436000,219610881,1775433599999,2026-04-05 23:59:59,31104445.8758000,169771,111957796,15855623.6586000
1775433600000,2026-04-06 00:00:00,0.1436000,0.1446000,0.1357000,0.1370000,145651678,1775447999999,2026-04-06 03:59:59,20316552.9453000,114577,71366288,9953965.3362000
1775448000000,2026-04-06 04:00:00,0.1369000,0.1481000,0.1327000,0.1380000,211320965,1775462399999,2026-04-06 07:59:59,29473181.7995000,175924,105102721,14659763.7948000
1775462400000,2026-04-06 08:00:00,0.1380000,0.1393000,0.1287000,0.1297000,114850579,1775476799999,2026-04-06 11:59:59,15301199.6562000,86274,55450265,7390204.6460000
1775476800000,2026-04-06 12:00:00,0.1296000,0.1306000,0.1257000,0.1288000,78668596,1775491199999,2026-04-06 15:59:59,10073708.3473000,58929,39442917,5053325.1175000
1775491200000,2026-04-06 16:00:00,0.1288000,0.1292000,0.1244000,0.1261000,26300220,1775505599999,2026-04-06 19:59:59,3330376.0611000,27689,12209619,1546909.0066000
1775505600000,2026-04-06 20:00:00,0.1261000,0.1266000,0.1215000,0.1227000,26653196,1775519999999,2026-04-06 23:59:59,3299955.9916000,31876,12790361,1584479.3454000
1775520000000,2026-04-07 00:00:00,0.1227000,0.1259000,0.1189000,0.1190000,41029392,1775534399999,2026-04-07 03:59:59,4995295.2159000,46519,19516160,2379128.5069000
1775534400000,2026-04-07 04:00:00,0.1191000,0.1208000,0.1168000,0.1193000,29456211,1775548799999,2026-04-07 07:59:59,3486401.1312000,29763,13922223,1649241.6177000
1775548800000,2026-04-07 08:00:00,0.1192000,0.1216000,0.1184000,0.1202000,26355084,1775563199999,2026-04-07 11:59:59,3161781.3951000,23805,12134163,1455298.7735000
1775563200000,2026-04-07 12:00:00,0.1201000,0.1203000,0.1164000,0.1177000,24430705,1775577599999,2026-04-07 15:59:59,2883510.9645000,27819,12095161,1427991.1883000
1775577600000,2026-04-07 16:00:00,0.1176000,0.1206000,0.1175000,0.1203000,12341236,1775591999999,2026-04-07 19:59:59,1469261.6952000,17094,7015376,835227.2217000
1775592000000,2026-04-07 20:00:00,0.1203000,0.1254000,0.1188000,0.1235000,19106780,1775606399999,2026-04-07 23:59:59,2330098.0833000,22371,9714137,1185272.5658000
1775606400000,2026-04-08 00:00:00,0.1236000,0.1241000,0.1207000,0.1230000,14536231,1775620799999,2026-04-08 03:59:59,1782188.1686000,17098,7008037,859399.3177000
1775620800000,2026-04-08 04:00:00,0.1230000,0.1242000,0.1212000,0.1221000,9172507,1775635199999,2026-04-08 07:59:59,1124901.7637000,11604,4222303,518253.4373000
1775635200000,2026-04-08 08:00:00,0.1221000,0.1228000,0.1212000,0.1222000,7124578,1775649599999,2026-04-08 11:59:59,868429.0858000,10620,3611668,440345.9541000
1775649600000,2026-04-08 12:00:00,0.1222000,0.1257000,0.1219000,0.1238000,16884448,1775663999999,2026-04-08 15:59:59,2090865.0371000,19803,8168491,1011862.7648000
1775664000000,2026-04-08 16:00:00,0.1237000,0.1241000,0.1201000,0.1214000,8284774,1775678399999,2026-04-08 19:59:59,1008336.6893000,14553,3554241,433298.8453000
1775678400000,2026-04-08 20:00:00,0.1215000,0.1237000,0.1214000,0.1230000,4413487,1775692799999,2026-04-08 23:59:59,540819.8608000,9411,2356498,288837.1940000
1775692800000,2026-04-09 00:00:00,0.1230000,0.1234000,0.1192000,0.1212000,8476501,1775707199999,2026-04-09 03:59:59,1027292.2721000,12250,3750781,455092.8662000
1775707200000,2026-04-09 04:00:00,0.1212000,0.1221000,0.1200000,0.1216000,3993749,1775721599999,2026-04-09 07:59:59,483884.2133000,10615,2009776,243698.1658000
1775721600000,2026-04-09 08:00:00,0.1216000,0.1226000,0.1183000,0.1187000,7754752,1775735999999,2026-04-09 11:59:59,931571.5426000,10262,3660527,439743.6699000
1775736000000,2026-04-09 12:00:00,0.1186000,0.1214000,0.1183000,0.1208000,5345983,1775750399999,2026-04-09 15:59:59,638970.4096000,8889,2866668,342695.6816000
1775750400000,2026-04-09 16:00:00,0.1208000,0.1213000,0.1193000,0.1201000,3259284,1775764799999,2026-04-09 19:59:59,391570.7407000,7036,1574086,189243.4156000
1775764800000,2026-04-09 20:00:00,0.1202000,0.1218000,0.1201000,0.1203000,3597041,1775779199999,2026-04-09 23:59:59,434739.6311000,6336,1607909,194375.4364000
1775779200000,2026-04-10 00:00:00,0.1203000,0.1220000,0.1196000,0.1205000,5863302,1775793599999,2026-04-10 03:59:59,707347.2784000,8787,2875101,346970.4499000
1775793600000,2026-04-10 04:00:00,0.1205000,0.1207000,0.1187000,0.1188000,4736017,1775807999999,2026-04-10 07:59:59,566087.5208000,7247,2325725,278027.4520000
1775808000000,2026-04-10 08:00:00,0.1189000,0.1195000,0.1173000,0.1183000,4630225,1775822399999,2026-04-10 11:59:59,548314.6218000,8029,2129487,252283.2312000
1775822400000,2026-04-10 12:00:00,0.1183000,0.1204000,0.1183000,0.1198000,5411792,1775836799999,2026-04-10 15:59:59,646767.7027000,7710,2942978,351748.9560000
1775836800000,2026-04-10 16:00:00,0.1199000,0.1216000,0.1195000,0.1208000,4391255,1775851199999,2026-04-10 19:59:59,528442.7673000,5970,2479509,298374.0547000
1775851200000,2026-04-10 20:00:00,0.1207000,0.1214000,0.1197000,0.1205000,2436261,1775865599999,2026-04-10 23:59:59,293305.1932000,4826,1102833,132793.6829000
1775865600000,2026-04-11 00:00:00,0.1205000,0.1244000,0.1192000,0.1224000,18315564,1775879999999,2026-04-11 03:59:59,2236952.8391000,18562,9617721,1175293.6469000
1775880000000,2026-04-11 04:00:00,0.1223000,0.1376000,0.1217000,0.1248000,84952397,1775894399999,2026-04-11 07:59:59,10903706.2890000,68974,42020200,5389970.5155000
1775894400000,2026-04-11 08:00:00,0.1248000,0.1260000,0.1214000,0.1219000,14612901,1775908799999,2026-04-11 11:59:59,1808640.3026000,18124,6799235,842094.9088000
1775908800000,2026-04-11 12:00:00,0.1218000,0.1220000,0.1195000,0.1203000,9469862,1775923199999,2026-04-11 15:59:59,1143266.2199000,10407,4573686,552330.3934000
1775923200000,2026-04-11 16:00:00,0.1203000,0.1245000,0.1202000,0.1237000,11595028,1775937599999,2026-04-11 19:59:59,1418355.0275000,13396,6153024,752620.4488000
1775937600000,2026-04-11 20:00:00,0.1238000,0.1243000,0.1219000,0.1221000,3780783,1775951999999,2026-04-11 23:59:59,465624.6433000,7630,1604962,197779.8147000
1775952000000,2026-04-12 00:00:00,0.1222000,0.1223000,0.1186000,0.1202000,6188225,1775966399999,2026-04-12 03:59:59,745566.4323000,9179,2733023,329411.4856000
1775966400000,2026-04-12 04:00:00,0.1201000,0.1210000,0.1192000,0.1198000,3979408,1775980799999,2026-04-12 07:59:59,477890.5176000,10816,2025363,243300.3877000
1775980800000,2026-04-12 08:00:00,0.1197000,0.1212000,0.1194000,0.1198000,3641250,1775995199999,2026-04-12 11:59:59,438505.7774000,6917,1754335,211338.3134000
1775995200000,2026-04-12 12:00:00,0.1198000,0.1203000,0.1172000,0.1190000,7164941,1776009599999,2026-04-12 15:59:59,851454.6958000,10683,3526010,418999.9887000
1776009600000,2026-04-12 16:00:00,0.1190000,0.1223000,0.1190000,0.1217000,4797941,1776023999999,2026-04-12 19:59:59,578305.9945000,7136,2309632,278517.6045000
1776024000000,2026-04-12 20:00:00,0.1217000,0.1235000,0.1206000,0.1233000,5852719,1776038399999,2026-04-12 23:59:59,712383.0709000,8605,3293260,401182.3471000
1776038400000,2026-04-13 00:00:00,0.1233000,0.1247000,0.1206000,0.1231000,7962263,1776052799999,2026-04-13 03:59:59,974439.8405000,9379,4285656,524824.0009000
1776052800000,2026-04-13 04:00:00,0.1230000,0.1237000,0.1213000,0.1219000,4902927,1776067199999,2026-04-13 07:59:59,600047.8413000,8207,2171582,265892.8985000
1776067200000,2026-04-13 08:00:00,0.1219000,0.1294000,0.1218000,0.1259000,17324738,1776081599999,2026-04-13 11:59:59,2190840.2951000,19112,8783108,1110299.9604000
1776081600000,2026-04-13 12:00:00,0.1259000,0.1261000,0.1224000,0.1258000,10702809,1776095999999,2026-04-13 15:59:59,1329273.3735000,12175,4743973,589347.3671000
1776096000000,2026-04-13 16:00:00,0.1257000,0.1276000,0.1251000,0.1267000,5302781,1776110399999,2026-04-13 19:59:59,670480.7896000,8043,2679290,338822.6112000
1776110400000,2026-04-13 20:00:00,0.1266000,0.1315000,0.1264000,0.1294000,7132092,1776124799999,2026-04-13 23:59:59,921874.1833000,9190,3727168,482173.7621000
1776124800000,2026-04-14 00:00:00,0.1295000,0.1328000,0.1288000,0.1309000,9352592,1776139199999,2026-04-14 03:59:59,1221440.9078000,10752,4837368,631973.9753000
1776139200000,2026-04-14 04:00:00,0.1309000,0.1524000,0.1307000,0.1345000,101728933,1776153599999,2026-04-14 07:59:59,14281809.9772000,92399,51074961,7177198.6188000
1776153600000,2026-04-14 08:00:00,0.1345000,0.1381000,0.1287000,0.1298000,27282486,1776167999999,2026-04-14 11:59:59,3650831.8091000,31885,12077035,1618145.7836000
1776168000000,2026-04-14 12:00:00,0.1299000,0.1344000,0.1298000,0.1340000,12882525,1776182399999,2026-04-14 15:59:59,1698054.9507000,17071,6453048,851287.7860000
1776182400000,2026-04-14 16:00:00,0.1339000,0.1358000,0.1316000,0.1343000,8327342,1776196799999,2026-04-14 19:59:59,1112674.0811000,15444,4346599,580922.2285000
1776196800000,2026-04-14 20:00:00,0.1344000,0.1352000,0.1321000,0.1347000,4144586,1776211199999,2026-04-14 23:59:59,554096.3083000,9076,2301186,307721.4050000
1776211200000,2026-04-15 00:00:00,0.1346000,0.1356000,0.1315000,0.1324000,7956473,1776225599999,2026-04-15 03:59:59,1062853.3425000,13135,3935197,526043.9753000
1776225600000,2026-04-15 04:00:00,0.1323000,0.1384000,0.1305000,0.1351000,12949453,1776239999999,2026-04-15 07:59:59,1752610.7369000,18648,6545765,885822.6060000
1776240000000,2026-04-15 08:00:00,0.1351000,0.1388000,0.1341000,0.1365000,11278157,1776254399999,2026-04-15 11:59:59,1535401.3453000,17332,6061506,825770.7279000
1776254400000,2026-04-15 12:00:00,0.1365000,0.1369000,0.1296000,0.1308000,5728542,1776268799999,2026-04-15 15:59:59,763560.6243000,10240,2283230,304572.2016000
1776268800000,2026-04-15 16:00:00,0.1308000,0.1327000,0.1302000,0.1323000,3631251,1776283199999,2026-04-15 19:59:59,477564.6677000,7332,1993102,262242.7723000
1776283200000,2026-04-15 20:00:00,0.1323000,0.1342000,0.1319000,0.1332000,4053059,1776297599999,2026-04-15 23:59:59,538926.7760000,8005,2074718,275964.1262000
1776297600000,2026-04-16 00:00:00,0.1332000,0.1334000,0.1310000,0.1322000,3803616,1776311999999,2026-04-16 03:59:59,503225.0043000,7828,1766659,233881.2738000
1776312000000,2026-04-16 04:00:00,0.1321000,0.1329000,0.1306000,0.1317000,3549046,1776326399999,2026-04-16 07:59:59,467357.2665000,7377,1810944,238492.4287000
1776326400000,2026-04-16 08:00:00,0.1317000,0.1327000,0.1311000,0.1314000,4311896,1776340799999,2026-04-16 11:59:59,568841.3739000,7878,1998404,263684.8659000
1776340800000,2026-04-16 12:00:00,0.1314000,0.1333000,0.1303000,0.1326000,5704539,1776355199999,2026-04-16 15:59:59,751214.4273000,7861,2980640,393032.9565000
1776355200000,2026-04-16 16:00:00,0.1327000,0.1359000,0.1320000,0.1358000,4582051,1776369599999,2026-04-16 19:59:59,612719.2246000,8292,2377264,317945.8485000
1776369600000,2026-04-16 20:00:00,0.1357000,0.1385000,0.1347000,0.1378000,3376843,1776383999999,2026-04-16 23:59:59,459699.2117000,6848,1706873,232551.1534000
1776384000000,2026-04-17 00:00:00,0.1379000,0.1461000,0.1363000,0.1432000,15463568,1776398399999,2026-04-17 03:59:59,2195584.1675000,22121,7630639,1083272.5401000
1776398400000,2026-04-17 04:00:00,0.1433000,0.1456000,0.1390000,0.1447000,10242624,1776412799999,2026-04-17 07:59:59,1459399.9029000,17576,4872788,695367.7891000
1776412800000,2026-04-17 08:00:00,0.1446000,0.1578000,0.1402000,0.1455000,62645193,1776427199999,2026-04-17 11:59:59,9212088.9192000,79803,31346892,4613819.1801000
1776427200000,2026-04-17 12:00:00,0.1454000,0.1482000,0.1428000,0.1458000,10053500,1776441599999,2026-04-17 15:59:59,1459418.4484000,18795,4965370,721100.4748000
1776441600000,2026-04-17 16:00:00,0.1459000,0.1475000,0.1436000,0.1450000,4718832,1776455999999,2026-04-17 19:59:59,687751.1394000,11612,2117897,308725.2415000
1776456000000,2026-04-17 20:00:00,0.1450000,0.1454000,0.1410000,0.1430000,4156321,1776470399999,2026-04-17 23:59:59,595342.4956000,9255,1881175,269635.5625000
1776470400000,2026-04-18 00:00:00,0.1429000,0.1448000,0.1379000,0.1384000,9756823,1776484799999,2026-04-18 03:59:59,1374806.5230000,12869,4160619,585933.6480000
1776484800000,2026-04-18 04:00:00,0.1384000,0.1412000,0.1378000,0.1399000,5198901,1776499199999,2026-04-18 07:59:59,726115.4342000,9752,2581037,360714.4352000
1776499200000,2026-04-18 08:00:00,0.1400000,0.1404000,0.1331000,0.1350000,7201944,1776513599999,2026-04-18 11:59:59,984395.5609000,11765,3073284,420116.7553000
1776513600000,2026-04-18 12:00:00,0.1349000,0.1355000,0.1316000,0.1338000,4957970,1776527999999,2026-04-18 15:59:59,661437.4057000,8726,2554295,340906.3917000
1776528000000,2026-04-18 16:00:00,0.1338000,0.1344000,0.1294000,0.1304000,5216675,1776542399999,2026-04-18 19:59:59,684817.0707000,7527,2226159,292388.7664000
1776542400000,2026-04-18 20:00:00,0.1303000,0.1326000,0.1281000,0.1296000,5863917,1776556799999,2026-04-18 23:59:59,764565.1390000,7147,3375344,440805.4231000
1776556800000,2026-04-19 00:00:00,0.1296000,0.1299000,0.1257000,0.1266000,4852449,1776571199999,2026-04-19 03:59:59,618914.6283000,7593,2248212,286878.0649000
1776571200000,2026-04-19 04:00:00,0.1266000,0.1289000,0.1264000,0.1278000,3568738,1776585599999,2026-04-19 07:59:59,454595.4846000,5764,1908225,243228.4735000
1776585600000,2026-04-19 08:00:00,0.1277000,0.1293000,0.1271000,0.1288000,3109199,1776599999999,2026-04-19 11:59:59,398335.8386000,5859,1629673,208978.4486000
1776600000000,2026-04-19 12:00:00,0.1287000,0.1300000,0.1268000,0.1279000,4010361,1776614399999,2026-04-19 15:59:59,515151.8827000,6482,1793620,230556.3426000
1776614400000,2026-04-19 16:00:00,0.1279000,0.1280000,0.1256000,0.1274000,2787742,1776628799999,2026-04-19 19:59:59,353641.8888000,5835,1245593,158093.6633000
1776628800000,2026-04-19 20:00:00,0.1274000,0.1276000,0.1235000,0.1249000,5488481,1776643199999,2026-04-19 23:59:59,685991.2732000,6426,2313701,289267.0993000
1776643200000,2026-04-20 00:00:00,0.1249000,0.1294000,0.1246000,0.1290000,4106699,1776657599999,2026-04-20 03:59:59,524707.4668000,6363,2259838,288585.0662000
1776657600000,2026-04-20 04:00:00,0.1290000,0.1334000,0.1290000,0.1301000,14969466,1776671999999,2026-04-20 07:59:59,1970471.9975000,18955,7742349,1019589.5255000
1776672000000,2026-04-20 08:00:00,0.1300000,0.1303000,0.1267000,0.1282000,7770443,1776686399999,2026-04-20 11:59:59,995505.2552000,10399,3477846,445673.2685000
1776686400000,2026-04-20 12:00:00,0.1282000,0.1296000,0.1275000,0.1283000,3162050,1776700799999,2026-04-20 15:59:59,406386.5815000,5676,1650483,212190.1547000
1776700800000,2026-04-20 16:00:00,0.1284000,0.1311000,0.1282000,0.1297000,2877454,1776715199999,2026-04-20 19:59:59,373436.4715000,5572,1398763,181554.2860000
1776715200000,2026-04-20 20:00:00,0.1298000,0.1308000,0.1282000,0.1288000,1980517,1776729599999,2026-04-20 23:59:59,256641.2413000,3911,980908,127118.8550000
1776729600000,2026-04-21 00:00:00,0.1288000,0.1293000,0.1277000,0.1283000,2038592,1776743999999,2026-04-21 03:59:59,261979.6018000,4021,960414,123488.9569000
1776744000000,2026-04-21 04:00:00,0.1283000,0.1295000,0.1272000,0.1285000,3330207,1776758399999,2026-04-21 07:59:59,427483.5892000,5692,1665259,214077.4892000
1776758400000,2026-04-21 08:00:00,0.1284000,0.1305000,0.1277000,0.1299000,3676374,1776772799999,2026-04-21 11:59:59,474159.4446000,5308,2482303,320421.9186000
1776772800000,2026-04-21 12:00:00,0.1299000,0.1304000,0.1278000,0.1289000,2460510,1776787199999,2026-04-21 15:59:59,317376.8182000,4515,1221138,157613.6245000
1776787200000,2026-04-21 16:00:00,0.1289000,0.1300000,0.1270000,0.1276000,2627988,1776801599999,2026-04-21 19:59:59,337660.1224000,4322,1313300,168977.1202000
1776801600000,2026-04-21 20:00:00,0.1275000,0.1301000,0.1267000,0.1296000,3713103,1776815999999,2026-04-21 23:59:59,477140.4374000,5413,1626646,209246.5326000
1776816000000,2026-04-22 00:00:00,0.1296000,0.1359000,0.1294000,0.1338000,6378655,1776830399999,2026-04-22 03:59:59,848493.3901000,9405,3337510,443515.2590000
1776830400000,2026-04-22 04:00:00,0.1339000,0.1392000,0.1324000,0.1384000,11037155,1776844799999,2026-04-22 07:59:59,1503442.0438000,13815,5588313,761290.6923000
1776844800000,2026-04-22 08:00:00,0.1383000,0.1404000,0.1357000,0.1358000,9083314,1776859199999,2026-04-22 11:59:59,1256159.6307000,12819,4526681,626977.0535000
1776859200000,2026-04-22 12:00:00,0.1359000,0.1360000,0.1333000,0.1336000,5349293,1776873599999,2026-04-22 15:59:59,719318.9711000,8162,2599273,349678.8589000
1776873600000,2026-04-22 16:00:00,0.1336000,0.1354000,0.1330000,0.1335000,2066099,1776887999999,2026-04-22 19:59:59,277332.9772000,5093,1118284,150147.3443000
1776888000000,2026-04-22 20:00:00,0.1336000,0.1344000,0.1306000,0.1307000,4012012,1776902399999,2026-04-22 23:59:59,531254.1747000,5621,1683738,223132.7807000
1776902400000,2026-04-23 00:00:00,0.1307000,0.1313000,0.1273000,0.1280000,3748678,1776916799999,2026-04-23 03:59:59,485404.9611000,5985,1863966,241539.9867000
1776916800000,2026-04-23 04:00:00,0.1279000,0.1307000,0.1278000,0.1303000,2367723,1776931199999,2026-04-23 07:59:59,306394.1011000,4505,1351767,174905.6704000
1776931200000,2026-04-23 08:00:00,0.1303000,0.1311000,0.1283000,0.1306000,2901220,1776945599999,2026-04-23 11:59:59,376137.1171000,4938,1429739,185416.9636000
1776945600000,2026-04-23 12:00:00,0.1306000,0.1344000,0.1302000,0.1333000,4542812,1776959999999,2026-04-23 15:59:59,600079.3860000,6350,2394392,316351.0362000
1776960000000,2026-04-23 16:00:00,0.1334000,0.1346000,0.1316000,0.1328000,4538549,1776974399999,2026-04-23 19:59:59,604537.4038000,6216,2257983,300894.8106000
1776974400000,2026-04-23 20:00:00,0.1327000,0.1360000,0.1322000,0.1355000,2854815,1776988799999,2026-04-23 23:59:59,383443.9701000,4094,1425804,191443.9414000
1776988800000,2026-04-24 00:00:00,0.1354000,0.1364000,0.1329000,0.1339000,2343504,1777003199999,2026-04-24 03:59:59,315020.5213000,3986,1093883,147094.1560000
1777003200000,2026-04-24 04:00:00,0.1340000,0.1357000,0.1331000,0.1334000,3309066,1777017599999,2026-04-24 07:59:59,444776.0109000,4517,1827428,245817.1898000
1777017600000,2026-04-24 08:00:00,0.1334000,0.1349000,0.1330000,0.1348000,2011363,1777031999999,2026-04-24 11:59:59,269535.3469000,3509,1090830,146252.9040000
1777032000000,2026-04-24 12:00:00,0.1348000,0.1371000,0.1344000,0.1362000,4415573,1777046399999,2026-04-24 15:59:59,599742.5676000,5552,2271664,308658.6779000
1777046400000,2026-04-24 16:00:00,0.1361000,0.1363000,0.1343000,0.1363000,2301754,1777060799999,2026-04-24 19:59:59,311111.2437000,3785,1106559,149729.3482000
1777060800000,2026-04-24 20:00:00,0.1362000,0.1369000,0.1348000,0.1364000,1874651,1777075199999,2026-04-24 23:59:59,254799.8006000,3458,1114873,151556.7755000
1777075200000,2026-04-25 00:00:00,0.1364000,0.1377000,0.1352000,0.1365000,2813105,1777089599999,2026-04-25 03:59:59,383293.5232000,4854,1517663,206852.4351000
1777089600000,2026-04-25 04:00:00,0.1365000,0.1369000,0.1343000,0.1351000,1861866,1777103999999,2026-04-25 07:59:59,252158.6667000,4007,658131,89254.6473000
1777104000000,2026-04-25 08:00:00,0.1351000,0.1353000,0.1335000,0.1349000,2012098,1777118399999,2026-04-25 11:59:59,270474.0850000,3971,899096,120911.8991000
1777118400000,2026-04-25 12:00:00,0.1350000,0.1375000,0.1343000,0.1358000,5949682,1777132799999,2026-04-25 15:59:59,810062.1957000,8706,3223150,438985.2851000
1777132800000,2026-04-25 16:00:00,0.1357000,0.1371000,0.1350000,0.1355000,2373899,1777147199999,2026-04-25 19:59:59,323139.1769000,6201,1188304,161854.4972000
1777147200000,2026-04-25 20:00:00,0.1356000,0.1369000,0.1345000,0.1366000,1477771,1777161599999,2026-04-25 23:59:59,200639.9113000,3489,827063,112368.8006000
1777161600000,2026-04-26 00:00:00,0.1366000,0.1436000,0.1348000,0.1426000,18701861,1777175999999,2026-04-26 03:59:59,2619782.7917000,23800,9451723,1324265.0548000
1777176000000,2026-04-26 04:00:00,0.1426000,0.1468000,0.1388000,0.1388000,25578948,1777190399999,2026-04-26 07:59:59,3655194.1442000,31066,11859128,1696867.5175000
1777190400000,2026-04-26 08:00:00,0.1388000,0.1404000,0.1362000,0.1366000,8399616,1777204799999,2026-04-26 11:59:59,1161692.1258000,9919,3688581,510725.4902000
1777204800000,2026-04-26 12:00:00,0.1367000,0.1373000,0.1354000,0.1366000,4320187,1777219199999,2026-04-26 15:59:59,588703.7737000,7535,1783955,243293.1296000
1777219200000,2026-04-26 16:00:00,0.1366000,0.1395000,0.1361000,0.1388000,3907481,1777233599999,2026-04-26 19:59:59,538906.8549000,7951,2030935,280058.5363000
1777233600000,2026-04-26 20:00:00,0.1387000,0.1389000,0.1362000,0.1364000,3664878,1777247999999,2026-04-26 23:59:59,504042.4397000,6003,1596790,219751.8581000
1777248000000,2026-04-27 00:00:00,0.1365000,0.1379000,0.1343000,0.1373000,4397961,1777262399999,2026-04-27 03:59:59,599540.7163000,7469,2143353,292490.7132000
1777262400000,2026-04-27 04:00:00,0.1372000,0.1376000,0.1317000,0.1318000,6739980,1777276799999,2026-04-27 07:59:59,910023.3836000,8610,2948562,398392.1879000
1777276800000,2026-04-27 08:00:00,0.1318000,0.1330000,0.1302000,0.1312000,4846614,1777291199999,2026-04-27 11:59:59,638005.1249000,6330,2087165,274808.3063000
1777291200000,2026-04-27 12:00:00,0.1311000,0.1325000,0.1285000,0.1293000,4423752,1777305599999,2026-04-27 15:59:59,577559.4983000,5658,1946425,254554.0912000
1777305600000,2026-04-27 16:00:00,0.1292000,0.1319000,0.1287000,0.1304000,1881022,1777319999999,2026-04-27 19:59:59,245696.0203000,4029,968744,126583.7704000
1777320000000,2026-04-27 20:00:00,0.1304000,0.1318000,0.1297000,0.1315000,1868848,1777334399999,2026-04-27 23:59:59,243706.9731000,3938,911781,119021.9118000
1777334400000,2026-04-28 00:00:00,0.1315000,0.1351000,0.1312000,0.1331000,3682312,1777348799999,2026-04-28 03:59:59,489717.5811000,5433,1915441,254594.4966000
1777348800000,2026-04-28 04:00:00,0.1332000,0.1367000,0.1332000,0.1340000,3773610,1777363199999,2026-04-28 07:59:59,508865.9148000,4947,1743218,235016.0283000
1777363200000,2026-04-28 08:00:00,0.1339000,0.1361000,0.1332000,0.1339000,2393526,1777377599999,2026-04-28 11:59:59,321967.9564000,3897,1137682,153149.1994000
1777377600000,2026-04-28 12:00:00,0.1340000,0.1368000,0.1338000,0.1363000,3623336,1777391999999,2026-04-28 15:59:59,489877.0121000,4768,1962836,265451.9657000
1777392000000,2026-04-28 16:00:00,0.1363000,0.1371000,0.1343000,0.1367000,2135452,1777406399999,2026-04-28 19:59:59,289966.6971000,3823,1178220,160001.3741000
1777406400000,2026-04-28 20:00:00,0.1366000,0.1371000,0.1343000,0.1347000,2460412,1777420799999,2026-04-28 23:59:59,333414.2314000,3796,1185464,160569.8380000
1777420800000,2026-04-29 00:00:00,0.1347000,0.1354000,0.1336000,0.1350000,1674679,1777435199999,2026-04-29 03:59:59,225613.8904000,3283,817399,110117.5328000
1777435200000,2026-04-29 04:00:00,0.1350000,0.1353000,0.1333000,0.1334000,1634057,1777449599999,2026-04-29 07:59:59,219644.7049000,3267,631763,84967.8968000
1777449600000,2026-04-29 08:00:00,0.1335000,0.1355000,0.1332000,0.1347000,1720702,1777463999999,2026-04-29 11:59:59,231507.8399000,3322,948621,127630.4059000
1777464000000,2026-04-29 12:00:00,0.1348000,0.1350000,0.1311000,0.1316000,4289782,1777478399999,2026-04-29 15:59:59,570987.9259000,5321,1756315,233850.3811000
1777478400000,2026-04-29 16:00:00,0.1316000,0.1331000,0.1282000,0.1301000,4262357,1777492799999,2026-04-29 19:59:59,556307.3197000,5293,1753958,229052.4959000
1777492800000,2026-04-29 20:00:00,0.1302000,0.1327000,0.1301000,0.1316000,1547263,1777507199999,2026-04-29 23:59:59,203568.6328000,3068,729630,95933.9612000
1777507200000,2026-04-30 00:00:00,0.1317000,0.1340000,0.1316000,0.1325000,2839881,1777521599999,2026-04-30 03:59:59,376804.1492000,4230,1605467,212927.3650000
1777521600000,2026-04-30 04:00:00,0.1324000,0.1331000,0.1307000,0.1324000,1536476,1777535999999,2026-04-30 07:59:59,202353.2725000,3426,778399,102515.3646000
1777536000000,2026-04-30 08:00:00,0.1324000,0.1331000,0.1311000,0.1319000,2072650,1777550399999,2026-04-30 11:59:59,274240.0569000,2955,992168,131395.5649000
1777550400000,2026-04-30 12:00:00,0.1319000,0.1324000,0.1306000,0.1316000,1747318,1777564799999,2026-04-30 15:59:59,229542.9543000,3398,847054,111381.8550000
1777564800000,2026-04-30 16:00:00,0.1316000,0.1322000,0.1307000,0.1308000,1387725,1777579199999,2026-04-30 19:59:59,182445.5599000,2595,590459,77647.3410000
1777579200000,2026-04-30 20:00:00,0.1309000,0.1310000,0.1298000,0.1304000,2020763,1777593599999,2026-04-30 23:59:59,263815.9668000,3027,1017671,132938.1188000
1777593600000,2026-05-01 00:00:00,0.1303000,0.1316000,0.1295000,0.1311000,1807121,1777607999999,2026-05-01 03:59:59,236353.6270000,3602,972320,127173.0875000
1777608000000,2026-05-01 04:00:00,0.1312000,0.1316000,0.1296000,0.1302000,1733957,1777622399999,2026-05-01 07:59:59,226520.2483000,3393,875463,114406.8028000
1777622400000,2026-05-01 08:00:00,0.1302000,0.1308000,0.1290000,0.1297000,2801673,1777636799999,2026-05-01 11:59:59,363734.8677000,4840,1741367,226101.7646000
1777636800000,2026-05-01 12:00:00,0.1298000,0.1315000,0.1296000,0.1310000,2152932,1777651199999,2026-05-01 15:59:59,281180.6781000,4343,1177482,153793.1738000
1777651200000,2026-05-01 16:00:00,0.1310000,0.1312000,0.1300000,0.1301000,1028128,1777665599999,2026-05-01 19:59:59,134283.8120000,3189,679845,88814.1669000
1777665600000,2026-05-01 20:00:00,0.1302000,0.1306000,0.1293000,0.1298000,1104181,1777679999999,2026-05-01 23:59:59,143498.4762000,2820,535138,69581.3006000
1777680000000,2026-05-02 00:00:00,0.1297000,0.1305000,0.1286000,0.1294000,1102343,1777694399999,2026-05-02 03:59:59,142744.3912000,3537,515728,66803.8655000
1777694400000,2026-05-02 04:00:00,0.1293000,0.1297000,0.1281000,0.1289000,2032783,1777708799999,2026-05-02 07:59:59,261819.6587000,3208,773635,99729.7465000
1777708800000,2026-05-02 08:00:00,0.1288000,0.1304000,0.1288000,0.1299000,1438512,1777723199999,2026-05-02 11:59:59,186699.6797000,2646,749562,97262.2706000
1777723200000,2026-05-02 12:00:00,0.1300000,0.1310000,0.1293000,0.1308000,1916186,1777737599999,2026-05-02 15:59:59,249545.1679000,3513,900183,117217.3406000
1777737600000,2026-05-02 16:00:00,0.1308000,0.1318000,0.1306000,0.1317000,2144857,1777751999999,2026-05-02 19:59:59,281334.9238000,3197,1209871,158691.3609000
1777752000000,2026-05-02 20:00:00,0.1317000,0.1322000,0.1314000,0.1318000,1333842,1777766399999,2026-05-02 23:59:59,175695.8164000,3089,625475,82384.0910000
1777766400000,2026-05-03 00:00:00,0.1318000,0.1320000,0.1298000,0.1304000,1293223,1777780799999,2026-05-03 03:59:59,169019.7177000,2903,506939,66274.2429000
1777780800000,2026-05-03 04:00:00,0.1304000,0.1338000,0.1302000,0.1330000,3025150,1777795199999,2026-05-03 07:59:59,400036.4739000,5038,1821656,240931.8884000
1777795200000,2026-05-03 08:00:00,0.1330000,0.1375000,0.1326000,0.1363000,6950022,1777809599999,2026-05-03 11:59:59,942237.4173000,11205,3385312,458933.3084000
1777809600000,2026-05-03 12:00:00,0.1363000,0.1371000,0.1334000,0.1337000,2863267,1777823999999,2026-05-03 15:59:59,386233.0960000,6069,1158072,156332.1790000
1777824000000,2026-05-03 16:00:00,0.1338000,0.1346000,0.1332000,0.1341000,2393810,1777838399999,2026-05-03 19:59:59,320415.5919000,6309,1333422,178581.8178000
1777838400000,2026-05-03 20:00:00,0.1341000,0.1350000,0.1328000,0.1331000,1820512,1777852799999,2026-05-03 23:59:59,243834.1647000,4059,825502,110526.5156000
1777852800000,2026-05-04 00:00:00,0.1331000,0.1358000,0.1324000,0.1356000,2736755,1777867199999,2026-05-04 03:59:59,366805.9225000,4740,1412911,189353.8906000
1777867200000,2026-05-04 04:00:00,0.1357000,0.1361000,0.1338000,0.1343000,2454631,1777881599999,2026-05-04 07:59:59,330851.6512000,4277,1078593,145391.4673000
1777881600000,2026-05-04 08:00:00,0.1343000,0.1354000,0.1313000,0.1329000,4226294,1777895999999,2026-05-04 11:59:59,562499.8344000,5223,1978055,263616.4308000
1777896000000,2026-05-04 12:00:00,0.1329000,0.1346000,0.1328000,0.1340000,2969104,1777910399999,2026-05-04 15:59:59,397368.3810000,4533,1342217,179635.7088000
1777910400000,2026-05-04 16:00:00,0.1339000,0.1348000,0.1335000,0.1337000,1360244,1777924799999,2026-05-04 19:59:59,182417.7705000,2624,688045,92310.8547000
1777924800000,2026-05-04 20:00:00,0.1336000,0.1339000,0.1319000,0.1323000,1474021,1777939199999,2026-05-04 23:59:59,195935.0178000,3684,671861,89351.8194000
1777939200000,2026-05-05 00:00:00,0.1322000,0.1342000,0.1322000,0.1337000,1693325,1777953599999,2026-05-05 03:59:59,225526.0865000,3285,1091374,145465.6434000
1777953600000,2026-05-05 04:00:00,0.1336000,0.1344000,0.1331000,0.1336000,1565262,1777967999999,2026-05-05 07:59:59,209377.1581000,3170,707681,94658.3890000
1777968000000,2026-05-05 08:00:00,0.1336000,0.1377000,0.1335000,0.1347000,6714514,1777982399999,2026-05-05 11:59:59,910551.5908000,8879,4122621,558766.6903000
1777982400000,2026-05-05 12:00:00,0.1347000,0.1360000,0.1343000,0.1344000,2183233,1777996799999,2026-05-05 15:59:59,294874.9895000,5206,1165143,157375.1376000
1777996800000,2026-05-05 16:00:00,0.1345000,0.1352000,0.1337000,0.1346000,1714777,1778011199999,2026-05-05 19:59:59,230377.0384000,4660,925347,124328.3856000
1778011200000,2026-05-05 20:00:00,0.1345000,0.1358000,0.1341000,0.1347000,1454315,1778025599999,2026-05-05 23:59:59,196295.5307000,5007,837895,113087.6396000
1778025600000,2026-05-06 00:00:00,0.1347000,0.1386000,0.1343000,0.1377000,5014718,1778039999999,2026-05-06 03:59:59,687837.2123000,6449,2975957,408257.8675000
1778040000000,2026-05-06 04:00:00,0.1377000,0.1389000,0.1367000,0.1382000,3107619,1778054399999,2026-05-06 07:59:59,428090.7068000,5126,1397618,192704.2644000
1778054400000,2026-05-06 08:00:00,0.1382000,0.1423000,0.1379000,0.1405000,5775258,1778068799999,2026-05-06 11:59:59,810915.3716000,7621,3213506,451383.1880000
1778068800000,2026-05-06 12:00:00,0.1405000,0.1409000,0.1373000,0.1401000,4815608,1778083199999,2026-05-06 15:59:59,670726.9527000,6111,2172353,302641.8943000
1778083200000,2026-05-06 16:00:00,0.1401000,0.1404000,0.1385000,0.1390000,1927297,1778097599999,2026-05-06 19:59:59,268472.4264000,3666,817187,113854.5736000
1778097600000,2026-05-06 20:00:00,0.1391000,0.1401000,0.1383000,0.1395000,1636886,1778111999999,2026-05-06 23:59:59,227767.3109000,2973,734887,102267.3454000
1778112000000,2026-05-07 00:00:00,0.1395000,0.1400000,0.1368000,0.1373000,2761809,1778126399999,2026-05-07 03:59:59,381270.1361000,5468,1307269,180420.1746000
1778126400000,2026-05-07 04:00:00,0.1374000,0.1412000,0.1367000,0.1409000,2286976,1778140799999,2026-05-07 07:59:59,317621.1057000,4690,974210,135494.6515000
1778140800000,2026-05-07 08:00:00,0.1411000,0.1420000,0.1395000,0.1405000,2674686,1778155199999,2026-05-07 11:59:59,376629.7519000,5002,1188394,167403.5880000
1778155200000,2026-05-07 12:00:00,0.1406000,0.1419000,0.1375000,0.1385000,3927119,1778169599999,2026-05-07 15:59:59,547719.5962000,6182,1964689,274205.2977000
1778169600000,2026-05-07 16:00:00,0.1385000,0.1423000,0.1380000,0.1414000,3390485,1778183999999,2026-05-07 19:59:59,476760.1621000,6502,1561818,219581.5268000
1778184000000,2026-05-07 20:00:00,0.1414000,0.1446000,0.1414000,0.1433000,3675722,1778198399999,2026-05-07 23:59:59,525338.3369000,6300,1794103,256441.1994000
1778198400000,2026-05-08 00:00:00,0.1433000,0.1437000,0.1403000,0.1416000,2505878,1778212799999,2026-05-08 03:59:59,354962.1375000,4694,1186777,168009.9165000
1778212800000,2026-05-08 04:00:00,0.1415000,0.1423000,0.1397000,0.1408000,1823262,1778227199999,2026-05-08 07:59:59,257217.4959000,4712,773651,109106.7460000
1778227200000,2026-05-08 08:00:00,0.1409000,0.1430000,0.1404000,0.1419000,2085051,1778241599999,2026-05-08 11:59:59,295002.8219000,4017,949902,134470.6123000
1778241600000,2026-05-08 12:00:00,0.1420000,0.1427000,0.1404000,0.1424000,1780321,1778255999999,2026-05-08 15:59:59,252420.2041000,4225,830299,117788.5219000
1778256000000,2026-05-08 16:00:00,0.1425000,0.1454000,0.1419000,0.1448000,2356187,1778270399999,2026-05-08 19:59:59,339232.1348000,4743,1394940,200768.0682000
1778270400000,2026-05-08 20:00:00,0.1449000,0.1465000,0.1445000,0.1465000,2160145,1778284799999,2026-05-08 23:59:59,313540.0786000,3410,982136,142659.4171000
1778284800000,2026-05-09 00:00:00,0.1464000,0.1496000,0.1460000,0.1474000,3976124,1778299199999,2026-05-09 03:59:59,588454.5439000,5578,1741778,257728.5596000
1778299200000,2026-05-09 04:00:00,0.1474000,0.1479000,0.1459000,0.1459000,1356037,1778313599999,2026-05-09 07:59:59,199017.5877000,3136,531211,77981.5123000
1778313600000,2026-05-09 08:00:00,0.1459000,0.1474000,0.1412000,0.1446000,7793886,1778327999999,2026-05-09 11:59:59,1119167.7679000,9582,3063318,440519.0640000
1778328000000,2026-05-09 12:00:00,0.1446000,0.1451000,0.1409000,0.1420000,5892013,1778342399999,2026-05-09 15:59:59,840627.6134000,7398,2312037,330433.9641000
1778342400000,2026-05-09 16:00:00,0.1420000,0.1440000,0.1416000,0.1436000,1729875,1778356799999,2026-05-09 19:59:59,247706.0898000,4001,912199,130676.0210000
1778356800000,2026-05-09 20:00:00,0.1435000,0.1444000,0.1428000,0.1429000,1602253,1778371199999,2026-05-09 23:59:59,230202.2849000,3314,887390,127500.0174000
1778371200000,2026-05-10 00:00:00,0.1428000,0.1450000,0.1410000,0.1422000,4013779,1778385599999,2026-05-10 03:59:59,573813.0499000,5466,1953400,279413.8766000
1778385600000,2026-05-10 04:00:00,0.1422000,0.1468000,0.1416000,0.1459000,4000026,1778399999999,2026-05-10 07:59:59,578659.1105000,6851,2190777,316859.9257000
1778400000000,2026-05-10 08:00:00,0.1458000,0.1467000,0.1448000,0.1454000,2862642,1778414399999,2026-05-10 11:59:59,417643.0934000,4519,1303316,190241.0460000
1778414400000,2026-05-10 12:00:00,0.1455000,0.1461000,0.1439000,0.1460000,1537741,1778428799999,2026-05-10 15:59:59,223192.9333000,3937,770884,111956.3829000
1778428800000,2026-05-10 16:00:00,0.1460000,0.1593000,0.1457000,0.1534000,21678010,1778443199999,2026-05-10 19:59:59,3341135.5947000,21369,11106419,1711922.5020000
1778443200000,2026-05-10 20:00:00,0.1533000,0.1538000,0.1465000,0.1508000,10597479,1778457599999,2026-05-10 23:59:59,1583560.2955000,13920,4993639,746350.1394000
1778457600000,2026-05-11 00:00:00,0.1508000,0.1517000,0.1467000,0.1488000,7732920,1778471999999,2026-05-11 03:59:59,1150032.2733000,10865,3866145,575438.2602000
1778472000000,2026-05-11 04:00:00,0.1489000,0.1508000,0.1474000,0.1485000,5204998,1778486399999,2026-05-11 07:59:59,775977.2573000,8036,2516241,375419.6657000
1778486400000,2026-05-11 08:00:00,0.1485000,0.1488000,0.1465000,0.1475000,3694641,1778500799999,2026-05-11 11:59:59,545234.7303000,6339,1577294,232908.4278000
1778500800000,2026-05-11 12:00:00,0.1475000,0.1475000,0.1431000,0.1464000,6335925,1778515199999,2026-05-11 15:59:59,921140.5995000,9237,2806565,408411.8776000
1778515200000,2026-05-11 16:00:00,0.1464000,0.1472000,0.1453000,0.1464000,2943310,1778529599999,2026-05-11 19:59:59,430571.7138000,5917,1286337,188245.1562000
1778529600000,2026-05-11 20:00:00,0.1465000,0.1471000,0.1451000,0.1453000,1349232,1778543999999,2026-05-11 23:59:59,196813.6937000,3660,662704,96671.9476000
1778544000000,2026-05-12 00:00:00,0.1454000,0.1457000,0.1416000,0.1424000,4041924,1778558399999,2026-05-12 03:59:59,579053.4366000,6075,1612766,231199.1070000
1778558400000,2026-05-12 04:00:00,0.1424000,0.1439000,0.1419000,0.1429000,3292365,1778572799999,2026-05-12 07:59:59,470792.2778000,4948,1667258,238502.1218000
1778572800000,2026-05-12 08:00:00,0.1428000,0.1433000,0.1397000,0.1408000,3762867,1778587199999,2026-05-12 11:59:59,532224.7185000,5315,1843648,261086.6127000
1778587200000,2026-05-12 12:00:00,0.1408000,0.1422000,0.1376000,0.1381000,5361595,1778601599999,2026-05-12 15:59:59,748494.8664000,8429,2576948,360015.8316000
1778601600000,2026-05-12 16:00:00,0.1381000,0.1412000,0.1376000,0.1406000,2141696,1778615999999,2026-05-12 19:59:59,298340.6571000,4581,1151263,160395.8968000
1778616000000,2026-05-12 20:00:00,0.1406000,0.1412000,0.1397000,0.1401000,1553099,1778630399999,2026-05-12 23:59:59,218307.2451000,3251,714209,100451.8194000
1778630400000,2026-05-13 00:00:00,0.1401000,0.1421000,0.1398000,0.1416000,1903734,1778644799999,2026-05-13 03:59:59,268832.3090000,3191,1019197,143977.9923000
1778644800000,2026-05-13 04:00:00,0.1416000,0.1417000,0.1400000,0.1404000,1502609,1778659199999,2026-05-13 07:59:59,211581.6474000,2691,727318,102403.7950000
1778659200000,2026-05-13 08:00:00,0.1405000,0.1422000,0.1389000,0.1391000,2511600,1778673599999,2026-05-13 11:59:59,353765.9468000,3507,1160094,163577.7484000
1778673600000,2026-05-13 12:00:00,0.1391000,0.1398000,0.1315000,0.1318000,7351982,1778687999999,2026-05-13 15:59:59,996330.1717000,9528,3007195,407975.1586000
1778688000000,2026-05-13 16:00:00,0.1318000,0.1346000,0.1318000,0.1331000,2336022,1778702399999,2026-05-13 19:59:59,311366.0031000,4322,1132300,150865.8492000
1778702400000,2026-05-13 20:00:00,0.1332000,0.1343000,0.1319000,0.1334000,1617322,1778716799999,2026-05-13 23:59:59,215252.6955000,3391,708648,94344.1245000
1778716800000,2026-05-14 00:00:00,0.1333000,0.1341000,0.1301000,0.1304000,2585634,1778731199999,2026-05-14 03:59:59,342102.8146000,4308,1008055,133499.8768000
1778731200000,2026-05-14 04:00:00,0.1303000,0.1324000,0.1301000,0.1311000,2479363,1778745599999,2026-05-14 07:59:59,325613.8111000,3791,1191653,156598.4367000
1778745600000,2026-05-14 08:00:00,0.1311000,0.1317000,0.1297000,0.1302000,1272518,1778759999999,2026-05-14 11:59:59,166381.5474000,3360,612603,80102.8118000
1778760000000,2026-05-14 12:00:00,0.1301000,0.1337000,0.1301000,0.1335000,2121948,1778774399999,2026-05-14 15:59:59,279891.6044000,4365,1188441,156812.6885000
1778774400000,2026-05-14 16:00:00,0.1335000,0.1350000,0.1329000,0.1343000,2116405,1778788799999,2026-05-14 19:59:59,283796.4890000,3855,1150435,154274.6783000
1778788800000,2026-05-14 20:00:00,0.1343000,0.1366000,0.1340000,0.1345000,2980768,1778803199999,2026-05-14 23:59:59,403363.1036000,5028,1573833,213015.3152000
1778803200000,2026-05-15 00:00:00,0.1344000,0.1370000,0.1343000,0.1347000,3209841,1778817599999,2026-05-15 03:59:59,436022.1558000,5600,1429866,194279.2064000
1778817600000,2026-05-15 04:00:00,0.1347000,0.1347000,0.1308000,0.1330000,2745017,1778831999999,2026-05-15 07:59:59,363149.3503000,4923,1002084,132719.5953000
1778832000000,2026-05-15 08:00:00,0.1329000,0.1329000,0.1311000,0.1318000,1349544,1778846399999,2026-05-15 11:59:59,177983.8708000,3351,673543,88834.0357000
1778846400000,2026-05-15 12:00:00,0.1317000,0.1318000,0.1243000,0.1251000,8339658,1778860799999,2026-05-15 15:59:59,1058334.6658000,9089,3594825,455980.5257000
1778860800000,2026-05-15 16:00:00,0.1251000,0.1273000,0.1246000,0.1254000,1630200,1778875199999,2026-05-15 19:59:59,205653.2691000,3749,792184,99908.0977000
1778875200000,2026-05-15 20:00:00,0.1254000,0.1268000,0.1249000,0.1262000,1346147,1778889599999,2026-05-15 23:59:59,169296.9599000,3066,765898,96341.3316000
1778889600000,2026-05-16 00:00:00,0.1263000,0.1274000,0.1257000,0.1268000,1400838,1778903999999,2026-05-16 03:59:59,177098.1360000,2853,611079,77278.0714000
1778904000000,2026-05-16 04:00:00,0.1268000,0.1269000,0.1210000,0.1227000,3631569,1778918399999,2026-05-16 07:59:59,449643.1003000,6017,1347808,167174.2892000
1778918400000,2026-05-16 08:00:00,0.1226000,0.1234000,0.1205000,0.1229000,4453150,1778932799999,2026-05-16 11:59:59,542552.6937000,5198,1944242,236949.8891000
1778932800000,2026-05-16 12:00:00,0.1228000,0.1255000,0.1226000,0.1251000,2134790,1778947199999,2026-05-16 15:59:59,264129.0292000,3656,1177704,145785.7962000
1778947200000,2026-05-16 16:00:00,0.1252000,0.1259000,0.1233000,0.1234000,1752152,1778961599999,2026-05-16 19:59:59,217921.9682000,4025,617460,76837.7486000
1778961600000,2026-05-16 20:00:00,0.1235000,0.1237000,0.1224000,0.1224000,1277739,1778975999999,2026-05-16 23:59:59,157103.1780000,2941,436862,53752.1698000
1778976000000,2026-05-17 00:00:00,0.1224000,0.1229000,0.1207000,0.1221000,2217697,1778990399999,2026-05-17 03:59:59,269681.8370000,4426,958155,116530.4423000
1778990400000,2026-05-17 04:00:00,0.1221000,0.1239000,0.1214000,0.1214000,3132782,1779004799999,2026-05-17 07:59:59,384324.2653000,6385,1625889,199827.9286000
1779004800000,2026-05-17 08:00:00,0.1215000,0.1239000,0.1198000,0.1222000,4315689,1779019199999,2026-05-17 11:59:59,525257.5502000,9222,2472750,301032.4574000
1779019200000,2026-05-17 12:00:00,0.1223000,0.1234000,0.1214000,0.1218000,1909140,1779033599999,2026-05-17 15:59:59,233404.5173000,7022,1011697,123666.9794000
1779033600000,2026-05-17 16:00:00,0.1218000,0.1221000,0.1204000,0.1216000,1405796,1779047999999,2026-05-17 19:59:59,170481.6558000,4061,764940,92781.2054000
1779048000000,2026-05-17 20:00:00,0.1216000,0.1216000,0.1148000,0.1176000,4924298,1779062399999,2026-05-17 23:59:59,580752.7873000,7393,1951175,230460.1618000
1779062400000,2026-05-18 00:00:00,0.1176000,0.1196000,0.1165000,0.1185000,4410816,1779076799999,2026-05-18 03:59:59,520286.2163000,5611,1873747,221348.7086000
1779076800000,2026-05-18 04:00:00,0.1187000,0.1205000,0.1176000,0.1186000,2875154,1779091199999,2026-05-18 07:59:59,341888.9199000,4302,1484615,176517.3314000
1779091200000,2026-05-18 08:00:00,0.1185000,0.1205000,0.1180000,0.1199000,2613425,1779105599999,2026-05-18 11:59:59,311777.0375000,4425,1320092,157503.8682000
1779105600000,2026-05-18 12:00:00,0.1199000,0.1224000,0.1183000,0.1196000,3411651,1779119999999,2026-05-18 15:59:59,409199.7218000,5074,1765247,211870.2861000
1779120000000,2026-05-18 16:00:00,0.1196000,0.1228000,0.1187000,0.1226000,2926692,1779134399999,2026-05-18 19:59:59,352973.1634000,4888,1570236,189696.3698000
1779134400000,2026-05-18 20:00:00,0.1226000,0.1262000,0.1218000,0.1254000,8189128,1779148799999,2026-05-18 23:59:59,1019117.9276000,11507,4573245,569099.7946000
1779148800000,2026-05-19 00:00:00,0.1254000,0.1309000,0.1251000,0.1280000,15100379,1779163199999,2026-05-19 03:59:59,1940960.9193000,16236,7247674,931808.7683000
1779163200000,2026-05-19 04:00:00,0.1280000,0.1293000,0.1256000,0.1265000,6736049,1779177599999,2026-05-19 07:59:59,860422.4017000,9881,3238499,413837.4737000
1779177600000,2026-05-19 08:00:00,0.1265000,0.1266000,0.1243000,0.1251000,3585441,1779191999999,2026-05-19 11:59:59,449001.3896000,5877,1608025,201439.0591000
1779192000000,2026-05-19 12:00:00,0.1251000,0.1272000,0.1244000,0.1254000,3467380,1779206399999,2026-05-19 15:59:59,435818.9390000,10980,1777564,223515.5717000
1779206400000,2026-05-19 16:00:00,0.1254000,0.1273000,0.1244000,0.1246000,2437784,1779220799999,2026-05-19 19:59:59,307480.5297000,10351,1047008,132204.6894000
1779220800000,2026-05-19 20:00:00,0.1247000,0.1260000,0.1235000,0.1238000,1821141,1779235199999,2026-05-19 23:59:59,227080.5627000,3445,796245,99421.1616000
1779235200000,2026-05-20 00:00:00,0.1238000,0.1255000,0.1226000,0.1242000,3497747,1779249599999,2026-05-20 03:59:59,433237.7840000,4777,1607782,199320.7906000
1779249600000,2026-05-20 04:00:00,0.1242000,0.1269000,0.1240000,0.1258000,2764745,1779263999999,2026-05-20 07:59:59,348116.3473000,3486,1422027,178942.0304000
1779264000000,2026-05-20 08:00:00,0.1258000,0.1269000,0.1252000,0.1267000,1826987,1779278399999,2026-05-20 11:59:59,230395.0741000,4307,1004279,126789.6460000
1779278400000,2026-05-20 12:00:00,0.1267000,0.1294000,0.1254000,0.1286000,3457865,1779292799999,2026-05-20 15:59:59,439789.4498000,5324,1665252,211851.6133000
1779292800000,2026-05-20 16:00:00,0.1286000,0.1306000,0.1278000,0.1288000,2134228,1779307199999,2026-05-20 19:59:59,275711.7999000,3941,994680,128471.9039000
1779307200000,2026-05-20 20:00:00,0.1288000,0.1290000,0.1272000,0.1276000,768628,1779321599999,2026-05-20 23:59:59,98437.8158000,2845,369478,47325.2595000
1779321600000,2026-05-21 00:00:00,0.1276000,0.1310000,0.1275000,0.1300000,1339839,1779335999999,2026-05-21 03:59:59,173741.5190000,2871,697312,90368.0214000
1779336000000,2026-05-21 04:00:00,0.1300000,0.1314000,0.1282000,0.1304000,3075606,1779350399999,2026-05-21 07:59:59,398925.3217000,4760,1430160,185551.3199000
1779350400000,2026-05-21 08:00:00,0.1304000,0.1319000,0.1279000,0.1279000,2908768,1779364799999,2026-05-21 11:59:59,378934.2685000,5109,1229054,160247.8869000
1779364800000,2026-05-21 12:00:00,0.1280000,0.1299000,0.1277000,0.1287000,2312123,1779379199999,2026-05-21 15:59:59,297467.2512000,4212,1126486,144864.1986000
1779379200000,2026-05-21 16:00:00,0.1287000,0.1304000,0.1274000,0.1298000,2667209,1779393599999,2026-05-21 19:59:59,343840.2268000,4150,1164510,150331.1161000
1779393600000,2026-05-21 20:00:00,0.1297000,0.1307000,0.1291000,0.1295000,928665,1779407999999,2026-05-21 23:59:59,120677.6198000,2340,480342,62439.2195000
1779408000000,2026-05-22 00:00:00,0.1294000,0.1296000,0.1277000,0.1290000,1001367,1779422399999,2026-05-22 03:59:59,129067.2586000,2737,537765,69322.8503000
1779422400000,2026-05-22 04:00:00,0.1291000,0.1301000,0.1280000,0.1292000,1194076,1779436799999,2026-05-22 07:59:59,153876.8083000,2748,636310,81965.8550000
1779436800000,2026-05-22 08:00:00,0.1292000,0.1310000,0.1287000,0.1297000,1860736,1779451199999,2026-05-22 11:59:59,241379.5603000,3385,1014517,131582.2888000
1779451200000,2026-05-22 12:00:00,0.1297000,0.1307000,0.1274000,0.1284000,2505296,1779465599999,2026-05-22 15:59:59,323919.4222000,3781,1195041,154500.2717000
1779465600000,2026-05-22 16:00:00,0.1284000,0.1288000,0.1230000,0.1239000,4394025,1779479999999,2026-05-22 19:59:59,551803.7537000,5639,1911545,240381.0072000
1779480000000,2026-05-22 20:00:00,0.1239000,0.1249000,0.1215000,0.1223000,1990233,1779494399999,2026-05-22 23:59:59,245753.3192000,3824,960649,118664.6138000
1779494400000,2026-05-23 00:00:00,0.1223000,0.1254000,0.1218000,0.1249000,2814558,1779508799999,2026-05-23 03:59:59,347844.8905000,3805,1602748,198171.3614000
1779508800000,2026-05-23 04:00:00,0.1249000,0.1260000,0.1206000,0.1213000,3198298,1779523199999,2026-05-23 07:59:59,393575.9365000,4749,1478812,182102.7241000
1779523200000,2026-05-23 08:00:00,0.1213000,0.1221000,0.1197000,0.1209000,2747680,1779537599999,2026-05-23 11:59:59,333044.6929000,3148,1484897,180107.4349000
1779537600000,2026-05-23 12:00:00,0.1208000,0.1248000,0.1205000,0.1239000,1636673,1779551999999,2026-05-23 15:59:59,200827.2527000,2704,855796,104883.7822000
1779552000000,2026-05-23 16:00:00,0.1239000,0.1267000,0.1239000,0.1254000,1574625,1779566399999,2026-05-23 19:59:59,197349.4354000,2774,845165,105895.6059000
1779566400000,2026-05-23 20:00:00,0.1254000,0.1290000,0.1254000,0.1266000,1483210,1779580799999,2026-05-23 23:59:59,188728.8056000,3052,709886,90347.8040000
1779580800000,2026-05-24 00:00:00,0.1266000,0.1280000,0.1262000,0.1262000,957727,1779595199999,2026-05-24 03:59:59,121675.2677000,2503,392599,49899.7512000
1779595200000,2026-05-24 04:00:00,0.1261000,0.1273000,0.1256000,0.1265000,1155742,1779609599999,2026-05-24 07:59:59,146183.5017000,2070,433940,54900.9605000
1779609600000,2026-05-24 08:00:00,0.1266000,0.1286000,0.1259000,0.1273000,2285809,1779623999999,2026-05-24 11:59:59,291252.7707000,3908,1135926,144813.2107000
1779624000000,2026-05-24 12:00:00,0.1273000,0.1284000,0.1238000,0.1247000,2677565,1779638399999,2026-05-24 15:59:59,337501.1306000,4475,988165,124757.9124000
1779638400000,2026-05-24 16:00:00,0.1247000,0.1259000,0.1244000,0.1250000,720286,1779652799999,2026-05-24 19:59:59,90204.0029000,2599,374918,46962.8273000
1779652800000,2026-05-24 20:00:00,0.1251000,0.1262000,0.1225000,0.1252000,1849238,1779667199999,2026-05-24 23:59:59,229985.3235000,3557,979524,121990.4726000
1779667200000,2026-05-25 00:00:00,0.1252000,0.1257000,0.1245000,0.1249000,1011167,1779681599999,2026-05-25 03:59:59,126530.0657000,2364,531248,66487.7179000
1779681600000,2026-05-25 04:00:00,0.1248000,0.1298000,0.1246000,0.1291000,3048070,1779695999999,2026-05-25 07:59:59,390835.0500000,4356,1614407,206899.0430000
1779696000000,2026-05-25 08:00:00,0.1291000,0.1311000,0.1280000,0.1304000,2851195,1779710399999,2026-05-25 11:59:59,369580.2128000,3912,1446606,187565.1262000
1779710400000,2026-05-25 12:00:00,0.1304000,0.1306000,0.1287000,0.1300000,2047397,1779724799999,2026-05-25 15:59:59,265475.5176000,3252,1085073,140721.2049000
1779724800000,2026-05-25 16:00:00,0.1299000,0.1302000,0.1289000,0.1298000,1613450,1779739199999,2026-05-25 19:59:59,209188.0831000,3485,897104,116337.2100000
1779739200000,2026-05-25 20:00:00,0.1298000,0.1302000,0.1278000,0.1287000,1267927,1779753599999,2026-05-25 23:59:59,163572.1238000,2345,517528,66816.6127000
1779753600000,2026-05-26 00:00:00,0.1286000,0.1476000,0.1265000,0.1423000,131167781,1779767999999,2026-05-26 03:59:59,18267567.6164000,113843,67253877,9368755.7686000
1779768000000,2026-05-26 04:00:00,0.1422000,0.1517000,0.1312000,0.1320000,144922873,1779782399999,2026-05-26 07:59:59,20728737.7486000,126945,68052464,9742105.9494000
1779782400000,2026-05-26 08:00:00,0.1320000,0.1330000,0.1292000,0.1313000,33080610,1779796799999,2026-05-26 11:59:59,4342070.7802000,29411,16426314,2157253.8760000
1779796800000,2026-05-26 12:00:00,0.1312000,0.1320000,0.1277000,0.1290000,25603307,1779811199999,2026-05-26 15:59:59,3324648.7084000,24127,11496592,1493747.8197000
1779811200000,2026-05-26 16:00:00,0.1289000,0.1292000,0.1244000,0.1273000,15927816,1779825599999,2026-05-26 19:59:59,2021017.3379000,21157,7379233,936702.2090000
1779825600000,2026-05-26 20:00:00,0.1274000,0.1279000,0.1254000,0.1256000,6768168,1779839999999,2026-05-26 23:59:59,860211.3210000,12181,3283362,417451.5568000
1779840000000,2026-05-27 00:00:00,0.1256000,0.1286000,0.1224000,0.1230000,16818684,1779854399999,2026-05-27 03:59:59,2100101.7301000,22815,8020376,1001863.4999000
1779854400000,2026-05-27 04:00:00,0.1229000,0.1236000,0.1205000,0.1231000,9556094,1779868799999,2026-05-27 07:59:59,1166703.5015000,15583,4927783,602179.9373000
1779868800000,2026-05-27 08:00:00,0.1231000,0.1247000,0.1219000,0.1241000,5015285,1779883199999,2026-05-27 11:59:59,619103.4366000,9763,2720172,336064.3728000
1779883200000,2026-05-27 12:00:00,0.1240000,0.1271000,0.1233000,0.1269000,7558289,1779897599999,2026-05-27 15:59:59,944410.1439000,12886,3669359,458818.2138000
1779897600000,2026-05-27 16:00:00,0.1268000,0.1277000,0.1260000,0.1275000,4256887,1779911999999,2026-05-27 19:59:59,540197.9837000,7789,2115683,268520.3176000
1779912000000,2026-05-27 20:00:00,0.1274000,0.1279000,0.1220000,0.1227000,4478442,1779926399999,2026-05-27 23:59:59,556693.8773000,7965,1955452,243283.7927000
1779926400000,2026-05-28 00:00:00,0.1226000,0.1236000,0.1180000,0.1189000,9557544,1779940799999,2026-05-28 03:59:59,1153606.0709000,13146,4304177,520028.0909000
1779940800000,2026-05-28 04:00:00,0.1188000,0.1222000,0.1173000,0.1217000,5748697,1779955199999,2026-05-28 07:59:59,687098.7731000,10119,2537245,303582.9956000
1779955200000,2026-05-28 08:00:00,0.1217000,0.1229000,0.1202000,0.1223000,3578689,1779969599999,2026-05-28 11:59:59,434358.6572000,8211,1680296,204124.4248000
1779969600000,2026-05-28 12:00:00,0.1224000,0.1279000,0.1217000,0.1252000,24682955,1779983999999,2026-05-28 15:59:59,3094428.6090000,29311,12715611,1594567.9686000
1779984000000,2026-05-28 16:00:00,0.1251000,0.1322000,0.1233000,0.1277000,18701580,1779998399999,2026-05-28 19:59:59,2404369.5834000,23003,9275702,1192811.3777000
1779998400000,2026-05-28 20:00:00,0.1277000,0.1291000,0.1269000,0.1284000,4285954,1780012799999,2026-05-28 23:59:59,548791.3414000,8355,2244099,287387.5221000
1780012800000,2026-05-29 00:00:00,0.1284000,0.1337000,0.1266000,0.1328000,13769612,1780027199999,2026-05-29 03:59:59,1806430.8262000,18417,7356782,965748.3917000
1780027200000,2026-05-29 04:00:00,0.1327000,0.1368000,0.1324000,0.1352000,36697624,1780041599999,2026-05-29 07:59:59,4947697.9583000,54512,17921008,2416921.8347000
1780041600000,2026-05-29 08:00:00,0.1351000,0.1386000,0.1301000,0.1311000,19605965,1780055999999,2026-05-29 11:59:59,2627117.6844000,28431,8826282,1184154.6524000
1780056000000,2026-05-29 12:00:00,0.1311000,0.1357000,0.1307000,0.1347000,13747782,1780070399999,2026-05-29 15:59:59,1824485.7009000,18102,6686532,887393.6373000
1780070400000,2026-05-29 16:00:00,0.1346000,0.1354000,0.1317000,0.1326000,5075399,1780084799999,2026-05-29 19:59:59,678197.2253000,9719,2279879,304467.4144000
1780084800000,2026-05-29 20:00:00,0.1327000,0.1342000,0.1319000,0.1329000,3303430,1780099199999,2026-05-29 23:59:59,439183.8389000,10953,1434964,190895.5083000
1780099200000,2026-05-30 00:00:00,0.1329000,0.1353000,0.1317000,0.1344000,4187699,1780113599999,2026-05-30 03:59:59,559898.9515000,9387,2112641,282612.1088000
1780113600000,2026-05-30 04:00:00,0.1345000,0.1363000,0.1323000,0.1351000,4197967,1780127999999,2026-05-30 07:59:59,564229.8828000,8382,2366098,318300.6160000
1780128000000,2026-05-30 08:00:00,0.1351000,0.1353000,0.1308000,0.1313000,3585565,1780142399999,2026-05-30 11:59:59,475464.8909000,6412,1489394,197444.2744000
1780142400000,2026-05-30 12:00:00,0.1314000,0.1324000,0.1305000,0.1310000,3268660,1780156799999,2026-05-30 15:59:59,429695.8607000,5431,1760718,231575.8316000
1780156800000,2026-05-30 16:00:00,0.1310000,0.1318000,0.1301000,0.1304000,1907251,1780171199999,2026-05-30 19:59:59,249738.9594000,5577,975678,127846.9072000
1780171200000,2026-05-30 20:00:00,0.1305000,0.1316000,0.1293000,0.1301000,1718541,1780185599999,2026-05-30 23:59:59,224377.8574000,3614,919463,120030.6217000
1780185600000,2026-05-31 00:00:00,0.1302000,0.1350000,0.1297000,0.1321000,3709606,1780199999999,2026-05-31 03:59:59,492046.8783000,7885,1795237,238000.8513000
1780200000000,2026-05-31 04:00:00,0.1321000,0.1322000,0.1303000,0.1306000,2380821,1780214399999,2026-05-31 07:59:59,312411.8612000,5390,1134214,148846.8467000
1780214400000,2026-05-31 08:00:00,0.1307000,0.1321000,0.1293000,0.1312000,2867083,1780228799999,2026-05-31 11:59:59,375023.9761000,5202,1585369,207539.4746000
1780228800000,2026-05-31 12:00:00,0.1313000,0.1315000,0.1276000,0.1287000,2975994,1780243199999,2026-05-31 15:59:59,385086.7530000,5357,1346082,174501.3296000
1780243200000,2026-05-31 16:00:00,0.1288000,0.1297000,0.1270000,0.1282000,2357307,1780257599999,2026-05-31 19:59:59,302160.7600000,4408,1216777,156050.2884000
1780257600000,2026-05-31 20:00:00,0.1283000,0.1305000,0.1280000,0.1295000,1892072,1780271999999,2026-05-31 23:59:59,244524.5099000,3690,831779,107480.6141000
1780272000000,2026-06-01 00:00:00,0.1295000,0.1309000,0.1282000,0.1307000,2563244,1780286399999,2026-06-01 03:59:59,332382.9099000,5902,1267618,164450.0909000
1780286400000,2026-06-01 04:00:00,0.1307000,0.1311000,0.1262000,0.1264000,2842583,1780300799999,2026-06-01 07:59:59,364541.8038000,4886,1058961,135953.9529000
1780300800000,2026-06-01 08:00:00,0.1264000,0.1280000,0.1257000,0.1264000,2891327,1780315199999,2026-06-01 11:59:59,367095.8345000,4608,1336486,169728.4097000
1780315200000,2026-06-01 12:00:00,0.1265000,0.1289000,0.1253000,0.1281000,5303354,1780329599999,2026-06-01 15:59:59,672409.1399000,8074,2711270,343627.4001000
1780329600000,2026-06-01 16:00:00,0.1281000,0.1315000,0.1275000,0.1300000,2112839,1780343999999,2026-06-01 19:59:59,274577.6590000,4215,1074396,139627.1782000
1780344000000,2026-06-01 20:00:00,0.1300000,0.1300000,0.1275000,0.1282000,2062577,1780358399999,2026-06-01 23:59:59,265027.4098000,4070,903186,116025.9944000
1780358400000,2026-06-02 00:00:00,0.1283000,0.1285000,0.1239000,0.1252000,4744512,1780372799999,2026-06-02 03:59:59,597073.6685000,6873,2124926,267454.4171000
1780372800000,2026-06-02 04:00:00,0.1253000,0.1253000,0.1221000,0.1228000,4340875,1780387199999,2026-06-02 07:59:59,534947.0644000,7355,2267934,279443.1059000
1780387200000,2026-06-02 08:00:00,0.1227000,0.1237000,0.1213000,0.1224000,2703710,1780401599999,2026-06-02 11:59:59,331143.9327000,6501,1269146,155527.0315000
1780401600000,2026-06-02 12:00:00,0.1224000,0.1236000,0.1176000,0.1208000,9519738,1780415999999,2026-06-02 15:59:59,1147577.9677000,11023,4644252,560224.2592000
1780416000000,2026-06-02 16:00:00,0.1207000,0.1235000,0.1179000,0.1197000,4974057,1780430399999,2026-06-02 19:59:59,602078.7831000,6791,2512107,304541.8606000
1780430400000,2026-06-02 20:00:00,0.1197000,0.1213000,0.1156000,0.1178000,4716845,1780444799999,2026-06-02 23:59:59,557754.2240000,6426,2139230,253383.7214000
1780444800000,2026-06-03 00:00:00,0.1178000,0.1229000,0.1177000,0.1184000,5073433,1780459199999,2026-06-03 03:59:59,610708.1626000,6647,2581543,311067.6341000
1780459200000,2026-06-03 04:00:00,0.1185000,0.1244000,0.1185000,0.1225000,3808099,1780473599999,2026-06-03 07:59:59,466056.0501000,5484,2101430,256979.3131000
1780473600000,2026-06-03 08:00:00,0.1226000,0.1233000,0.1216000,0.1222000,1912854,1780487999999,2026-06-03 11:59:59,234291.4904000,3816,945665,115855.9741000
1780488000000,2026-06-03 12:00:00,0.1222000,0.1227000,0.1209000,0.1215000,2736653,1780502399999,2026-06-03 15:59:59,333288.6441000,4608,1346244,164107.9443000
1780502400000,2026-06-03 16:00:00,0.1215000,0.1234000,0.1201000,0.1213000,2039064,1780516799999,2026-06-03 19:59:59,248382.6267000,4029,891196,108613.1473000
1780516800000,2026-06-03 20:00:00,0.1213000,0.1230000,0.1190000,0.1204000,1792659,1780531199999,2026-06-03 23:59:59,216817.9342000,3953,829767,100405.2097000
1780531200000,2026-06-04 00:00:00,0.1203000,0.1217000,0.1106000,0.1182000,13317085,1780545599999,2026-06-04 03:59:59,1532725.3634000,10243,6498113,747593.1313000
1780545600000,2026-06-04 04:00:00,0.1182000,0.1188000,0.1131000,0.1134000,5448687,1780559999999,2026-06-04 07:59:59,631041.7378000,4958,2971210,344192.1318000
1780560000000,2026-06-04 08:00:00,0.1134000,0.1140000,0.1089000,0.1105000,7566986,1780574399999,2026-06-04 11:59:59,840803.2393000,7464,3498399,388996.5031000
1780574400000,2026-06-04 12:00:00,0.1105000,0.1186000,0.1099000,0.1168000,8144678,1780588799999,2026-06-04 15:59:59,942954.2094000,10610,4236629,490409.6557000
1780588800000,2026-06-04 16:00:00,0.1167000,0.1173000,0.1151000,0.1155000,1744985,1780603199999,2026-06-04 19:59:59,202616.0232000,4094,864634,100421.7913000
1780603200000,2026-06-04 20:00:00,0.1154000,0.1164000,0.1123000,0.1144000,2722083,1780617599999,2026-06-04 23:59:59,311009.0131000,5448,1205401,137680.0203000
1780617600000,2026-06-05 00:00:00,0.1142000,0.1147000,0.1096000,0.1098000,3170593,1780631999999,2026-06-05 03:59:59,354525.0559000,5329,1517861,169672.9631000
1780632000000,2026-06-05 04:00:00,0.1097000,0.1122000,0.1052000,0.1097000,8799063,1780646399999,2026-06-05 07:59:59,953120.8181000,9872,4251074,460954.8286000
1780646400000,2026-06-05 08:00:00,0.1098000,0.1126000,0.1072000,0.1105000,5166125,1780660799999,2026-06-05 11:59:59,570134.8299000,6335,2500642,275861.1533000
1780660800000,2026-06-05 12:00:00,0.1104000,0.1106000,0.1057000,0.1066000,5710243,1780675199999,2026-06-05 15:59:59,617002.5580000,7192,2584447,279603.7022000
1780675200000,2026-06-05 16:00:00,0.1065000,0.1100000,0.1028000,0.1062000,7870714,1780689599999,2026-06-05 19:59:59,837020.9218000,8809,3579669,381186.2000000
1780689600000,2026-06-05 20:00:00,0.1062000,0.1088000,0.1042000,0.1063000,4388945,1780703999999,2026-06-05 23:59:59,468224.6609000,6063,2121038,226275.6215000
1780704000000,2026-06-06 00:00:00,0.1063000,0.1076000,0.1040000,0.1048000,2552597,1780718399999,2026-06-06 03:59:59,269716.3293000,3386,1215523,128570.3426000
1780718400000,2026-06-06 04:00:00,0.1047000,0.1053000,0.0989000,0.1029000,8199883,1780732799999,2026-06-06 07:59:59,834948.3999000,7077,3949034,402215.7883000
1780732800000,2026-06-06 08:00:00,0.1029000,0.1057000,0.1022000,0.1054000,3120382,1780747199999,2026-06-06 11:59:59,323790.3451000,6725,1611969,167491.6904000
1780747200000,2026-06-06 12:00:00,0.1054000,0.1064000,0.1036000,0.1042000,2546592,1780761599999,2026-06-06 15:59:59,267635.7581000,4176,1084859,114182.3516000
1780761600000,2026-06-06 16:00:00,0.1042000,0.1050000,0.1031000,0.1033000,1544939,1780775999999,2026-06-06 19:59:59,160609.5086000,3828,778629,81011.5742000
1780776000000,2026-06-06 20:00:00,0.1032000,0.1052000,0.1028000,0.1049000,1300833,1780790399999,2026-06-06 23:59:59,135329.0549000,2861,674681,70158.0380000
1780790400000,2026-06-07 00:00:00,0.1049000,0.1073000,0.1045000,0.1060000,2259885,1780804799999,2026-06-07 03:59:59,239871.4757000,4074,1090681,115868.4015000
1780804800000,2026-06-07 04:00:00,0.1058000,0.1075000,0.1050000,0.1064000,2062423,1780819199999,2026-06-07 07:59:59,219502.0034000,4055,1021200,108782.2717000
1780819200000,2026-06-07 08:00:00,0.1064000,0.1087000,0.1060000,0.1067000,2339804,1780833599999,2026-06-07 11:59:59,251110.2839000,4215,1102189,118492.5489000
1780833600000,2026-06-07 12:00:00,0.1067000,0.1071000,0.1045000,0.1056000,2368043,1780847999999,2026-06-07 15:59:59,250384.0283000,4203,1102594,116551.0488000
1780848000000,2026-06-07 16:00:00,0.1056000,0.1068000,0.1030000,0.1036000,2166372,1780862399999,2026-06-07 19:59:59,227829.7203000,4852,1096096,115422.1384000
1780862400000,2026-06-07 20:00:00,0.1035000,0.1102000,0.1033000,0.1075000,5541625,1780876799999,2026-06-07 23:59:59,596883.2031000,6162,2978335,320453.0153000
1780876800000,2026-06-08 00:00:00,0.1074000,0.1084000,0.1057000,0.1066000,2942630,1780891199999,2026-06-08 03:59:59,314085.7371000,3701,1347953,143902.6535000
1780891200000,2026-06-08 04:00:00,0.1067000,0.1068000,0.1047000,0.1063000,2204536,1780905599999,2026-06-08 07:59:59,233287.5304000,2663,827833,87624.6359000
1780905600000,2026-06-08 08:00:00,0.1062000,0.1093000,0.1055000,0.1085000,2698191,1780919999999,2026-06-08 11:59:59,289331.6170000,3678,1328590,142502.6007000
1780920000000,2026-06-08 12:00:00,0.1085000,0.1091000,0.1074000,0.1078000,3030485,1780934399999,2026-06-08 15:59:59,328065.9513000,4488,1552181,168066.7940000
1780934400000,2026-06-08 16:00:00,0.1078000,0.1098000,0.1076000,0.1076000,1689270,1780948799999,2026-06-08 19:59:59,183683.5420000,3392,960189,104418.2032000
1780948800000,2026-06-08 20:00:00,0.1077000,0.1093000,0.1064000,0.1070000,2302273,1780963199999,2026-06-08 23:59:59,247915.3768000,3643,997329,107513.7496000
1780963200000,2026-06-09 00:00:00,0.1069000,0.1071000,0.1036000,0.1044000,2407149,1780977599999,2026-06-09 03:59:59,253104.2130000,3844,1029611,108268.5528000
1780977600000,2026-06-09 04:00:00,0.1045000,0.1058000,0.1037000,0.1048000,1718774,1780991999999,2026-06-09 07:59:59,180358.3086000,3446,769500,80759.8541000
1780992000000,2026-06-09 08:00:00,0.1049000,0.1052000,0.1035000,0.1048000,1628628,1781006399999,2026-06-09 11:59:59,169824.7781000,3292,817968,85357.3756000
1781006400000,2026-06-09 12:00:00,0.1048000,0.1058000,0.1036000,0.1038000,3770306,1781020799999,2026-06-09 15:59:59,394878.0003000,4465,2070562,216945.3636000
1781020800000,2026-06-09 16:00:00,0.1039000,0.1061000,0.1026000,0.1058000,2440456,1781035199999,2026-06-09 19:59:59,254522.3981000,4455,1279317,133497.8339000
1781035200000,2026-06-09 20:00:00,0.1058000,0.1064000,0.1042000,0.1045000,1151171,1781049599999,2026-06-09 23:59:59,121014.5349000,3096,571231,60111.4171000
1781049600000,2026-06-10 00:00:00,0.1045000,0.1048000,0.1027000,0.1039000,2549737,1781063999999,2026-06-10 03:59:59,264900.2544000,3805,1164256,120950.9119000
1781064000000,2026-06-10 04:00:00,0.1039000,0.1057000,0.1034000,0.1044000,2430522,1781078399999,2026-06-10 07:59:59,254248.1690000,4988,1294409,135426.1230000
1781078400000,2026-06-10 08:00:00,0.1045000,0.1051000,0.1015000,0.1022000,4087892,1781092799999,2026-06-10 11:59:59,422125.3046000,5514,1815908,187669.6084000
1781092800000,2026-06-10 12:00:00,0.1022000,0.1061000,0.1017000,0.1048000,4112796,1781107199999,2026-06-10 15:59:59,428440.5548000,6351,2251257,234494.9977000
1781107200000,2026-06-10 16:00:00,0.1047000,0.1051000,0.1016000,0.1020000,2425900,1781121599999,2026-06-10 19:59:59,250693.8953000,4185,1100753,113852.8808000
1781121600000,2026-06-10 20:00:00,0.1020000,0.1024000,0.0997000,0.1017000,2340535,1781135999999,2026-06-10 23:59:59,236162.9769000,4224,1147109,115864.1873000
1781136000000,2026-06-11 00:00:00,0.1017000,0.1046000,0.1016000,0.1043000,1789224,1781150399999,2026-06-11 03:59:59,184500.1592000,3460,978405,100962.7363000
1781150400000,2026-06-11 04:00:00,0.1042000,0.1053000,0.1036000,0.1040000,1755588,1781164799999,2026-06-11 07:59:59,183317.4116000,3627,889574,92990.3348000
1781164800000,2026-06-11 08:00:00,0.1041000,0.1049000,0.1035000,0.1042000,1616320,1781179199999,2026-06-11 11:59:59,168187.7181000,2947,759798,79056.2361000
1781179200000,2026-06-11 12:00:00,0.1041000,0.1081000,0.1031000,0.1077000,7381386,1781193599999,2026-06-11 15:59:59,778551.6132000,9837,3669615,387108.7743000
1781193600000,2026-06-11 16:00:00,0.1077000,0.1113000,0.1061000,0.1094000,4591702,1781207999999,2026-06-11 19:59:59,501626.9852000,6794,2369900,259033.3695000
1781208000000,2026-06-11 20:00:00,0.1095000,0.1100000,0.1079000,0.1086000,2442206,1781222399999,2026-06-11 23:59:59,265888.7399000,5114,980848,106823.4508000
1781222400000,2026-06-12 00:00:00,0.1086000,0.1104000,0.1084000,0.1086000,2009485,1781236799999,2026-06-12 03:59:59,219685.8356000,3378,991107,108402.4625000
1781236800000,2026-06-12 04:00:00,0.1086000,0.1089000,0.1065000,0.1073000,3302427,1781251199999,2026-06-12 07:59:59,356276.8032000,4352,1861080,200798.2126000
1781251200000,2026-06-12 08:00:00,0.1073000,0.1143000,0.1073000,0.1142000,5788836,1781265599999,2026-06-12 11:59:59,641768.1002000,7587,3043491,337750.9033000
1781265600000,2026-06-12 12:00:00,0.1141000,0.1174000,0.1117000,0.1147000,15547297,1781279999999,2026-06-12 15:59:59,1785677.7389000,18995,7663758,880789.0712000
1781280000000,2026-06-12 16:00:00,0.1148000,0.1170000,0.1143000,0.1154000,4042092,1781294399999,2026-06-12 19:59:59,467897.0025000,6873,2116701,245024.9974000
1781294400000,2026-06-12 20:00:00,0.1154000,0.1191000,0.1148000,0.1161000,6240311,1781308799999,2026-06-12 23:59:59,731271.3415000,8123,3404535,399141.9844000
1781308800000,2026-06-13 00:00:00,0.1161000,0.1234000,0.1154000,0.1160000,12787971,1781323199999,2026-06-13 03:59:59,1529689.8886000,13979,6104054,730729.0191000
1781323200000,2026-06-13 04:00:00,0.1159000,0.1176000,0.1148000,0.1168000,5756973,1781337599999,2026-06-13 07:59:59,668091.2681000,7050,3096047,359485.9716000
1781337600000,2026-06-13 08:00:00,0.1167000,0.1252000,0.1161000,0.1207000,28195633,1781351999999,2026-06-13 11:59:59,3438610.0876000,31248,14232146,1735284.3242000
1781352000000,2026-06-13 12:00:00,0.1207000,0.1301000,0.1201000,0.1298000,15898981,1781366399999,2026-06-13 15:59:59,1990221.2396000,18546,8125821,1017936.3044000
1781366400000,2026-06-13 16:00:00,0.1298000,0.1359000,0.1256000,0.1306000,32761474,1781380799999,2026-06-13 19:59:59,4285345.0664000,37268,16530177,2164658.2602000
1781380800000,2026-06-13 20:00:00,0.1307000,0.1343000,0.1272000,0.1299000,10767661,1781395199999,2026-06-13 23:59:59,1402529.5827000,15514,5123795,668141.4329000
1781395200000,2026-06-14 00:00:00,0.1299000,0.1299000,0.1255000,0.1286000,8793128,1781409599999,2026-06-14 03:59:59,1123472.8530000,12344,4233705,541350.5794000
1781409600000,2026-06-14 04:00:00,0.1287000,0.1352000,0.1250000,0.1289000,18736022,1781423999999,2026-06-14 07:59:59,2443267.8741000,23255,9192453,1198924.7451000
1781424000000,2026-06-14 08:00:00,0.1290000,0.1313000,0.1256000,0.1276000,8185882,1781438399999,2026-06-14 11:59:59,1052302.4254000,10968,3993587,513967.8380000
1781438400000,2026-06-14 12:00:00,0.1274000,0.1329000,0.1230000,0.1262000,11645182,1781452799999,2026-06-14 15:59:59,1488193.5455000,15593,5744475,734682.1003000
1781452800000,2026-06-14 16:00:00,0.1260000,0.1286000,0.1251000,0.1266000,3636976,1781467199999,2026-06-14 19:59:59,460461.3529000,6399,1821072,230722.9425000
1781467200000,2026-06-14 20:00:00,0.1266000,0.1297000,0.1258000,0.1292000,4154364,1781481599999,2026-06-14 23:59:59,532553.9969000,6650,2211728,283751.0657000
1781481600000,2026-06-15 00:00:00,0.1291000,0.1313000,0.1278000,0.1307000,4633196,1781495999999,2026-06-15 03:59:59,601102.4143000,5864,2221934,288075.1444000
1781496000000,2026-06-15 04:00:00,0.1307000,0.1312000,0.1285000,0.1294000,2895563,1781510399999,2026-06-15 07:59:59,376485.0365000,5227,1254785,163207.2049000
1781510400000,2026-06-15 08:00:00,0.1294000,0.1340000,0.1291000,0.1309000,3823284,1781524799999,2026-06-15 11:59:59,501960.3966000,6482,1699654,223163.8569000
1781524800000,2026-06-15 12:00:00,0.1308000,0.1333000,0.1292000,0.1319000,3648677,1781539199999,2026-06-15 15:59:59,479094.9133000,6109,1673735,219849.1625000
1781539200000,2026-06-15 16:00:00,0.1319000,0.1319000,0.1268000,0.1274000,2413200,1781553599999,2026-06-15 19:59:59,311719.0910000,4692,1054940,136708.6337000
1781553600000,2026-06-15 20:00:00,0.1274000,0.1292000,0.1255000,0.1278000,2542375,1781567999999,2026-06-15 23:59:59,324130.3012000,4667,1202097,153378.3231000
1781568000000,2026-06-16 00:00:00,0.1278000,0.1297000,0.1261000,0.1292000,1714795,1781582399999,2026-06-16 03:59:59,219542.5927000,4481,869904,111468.5403000
1781582400000,2026-06-16 04:00:00,0.1291000,0.1367000,0.1278000,0.1346000,5475835,1781596799999,2026-06-16 07:59:59,730995.2563000,8802,2702424,360972.6888000
1781596800000,2026-06-16 08:00:00,0.1346000,0.1374000,0.1332000,0.1349000,3813996,1781611199999,2026-06-16 11:59:59,513814.1927000,6339,2061442,277689.6696000
1781611200000,2026-06-16 12:00:00,0.1349000,0.1424000,0.1341000,0.1375000,17777537,1781625599999,2026-06-16 15:59:59,2467420.5257000,27383,8661051,1203198.6550000
1781625600000,2026-06-16 16:00:00,0.1375000,0.1407000,0.1374000,0.1397000,4199910,1781639999999,2026-06-16 19:59:59,585209.0800000,7738,2151128,299794.9561000
1781640000000,2026-06-16 20:00:00,0.1398000,0.1411000,0.1391000,0.1401000,1817355,1781654399999,2026-06-16 23:59:59,254504.2918000,6313,988164,138403.9766000
1781654400000,2026-06-17 00:00:00,0.1401000,0.1430000,0.1392000,0.1399000,3043168,1781668799999,2026-06-17 03:59:59,427650.1680000,6069,1351451,190021.1185000
1781668800000,2026-06-17 04:00:00,0.1399000,0.1413000,0.1384000,0.1399000,2157959,1781683199999,2026-06-17 07:59:59,301656.3515000,5044,1048313,146678.5598000
1781683200000,2026-06-17 08:00:00,0.1400000,0.1426000,0.1368000,0.1398000,4237696,1781697599999,2026-06-17 11:59:59,592781.2495000,7262,1975799,276640.6162000
1781697600000,2026-06-17 12:00:00,0.1398000,0.1426000,0.1391000,0.1421000,2981170,1781711999999,2026-06-17 15:59:59,419795.0010000,6300,1364939,192240.5756000
1781712000000,2026-06-17 16:00:00,0.1420000,0.1442000,0.1386000,0.1400000,4251903,1781726399999,2026-06-17 19:59:59,602734.1550000,8748,2201852,312205.2215000
1781726400000,2026-06-17 20:00:00,0.1399000,0.1424000,0.1389000,0.1404000,1639841,1781740799999,2026-06-17 23:59:59,230419.0971000,5334,774350,108817.0597000
1781740800000,2026-06-18 00:00:00,0.1404000,0.1410000,0.1381000,0.1400000,1670952,1781755199999,2026-06-18 03:59:59,233235.1897000,5524,809410,112964.3085000
1781755200000,2026-06-18 04:00:00,0.1400000,0.1443000,0.1372000,0.1422000,3416085,1781769599999,2026-06-18 07:59:59,477929.4161000,6929,1628712,227997.8937000
1781769600000,2026-06-18 08:00:00,0.1421000,0.1437000,0.1400000,0.1401000,2516075,1781783999999,2026-06-18 11:59:59,357768.8003000,5522,1379129,196236.1289000
1781784000000,2026-06-18 12:00:00,0.1401000,0.1414000,0.1387000,0.1392000,3020416,1781798399999,2026-06-18 15:59:59,422825.5842000,5261,1345356,188464.7625000
1781798400000,2026-06-18 16:00:00,0.1393000,0.1489000,0.1393000,0.1449000,4629572,1781812799999,2026-06-18 19:59:59,667689.3236000,11019,2299264,331879.7237000
1781812800000,2026-06-18 20:00:00,0.1449000,0.1466000,0.1427000,0.1431000,1994414,1781827199999,2026-06-18 23:59:59,288907.0279000,4492,990391,143629.2333000
1781827200000,2026-06-19 00:00:00,0.1430000,0.1432000,0.1395000,0.1412000,2232374,1781841599999,2026-06-19 03:59:59,315141.4992000,4615,927542,131000.4941000
1781841600000,2026-06-19 04:00:00,0.1411000,0.1425000,0.1388000,0.1398000,2785031,1781855999999,2026-06-19 07:59:59,390911.0788000,5701,1243295,174884.0596000
1781856000000,2026-06-19 08:00:00,0.1398000,0.1464000,0.1390000,0.1456000,2078245,1781870399999,2026-06-19 11:59:59,297494.5170000,4922,1127530,161666.3362000
1781870400000,2026-06-19 12:00:00,0.1456000,0.1467000,0.1420000,0.1442000,3530770,1781884799999,2026-06-19 15:59:59,509446.4402000,6547,1917712,276832.9061000
1781884800000,2026-06-19 16:00:00,0.1441000,0.1448000,0.1386000,0.1397000,1698334,1781899199999,2026-06-19 19:59:59,240400.2136000,4323,631578,89352.1750000
1781899200000,2026-06-19 20:00:00,0.1396000,0.1408000,0.1378000,0.1407000,1398066,1781913599999,2026-06-19 23:59:59,194818.7213000,3488,534606,74521.2533000
1781913600000,2026-06-20 00:00:00,0.1406000,0.1413000,0.1393000,0.1397000,934344,1781927999999,2026-06-20 03:59:59,131128.5040000,2979,367540,51576.0992000
1781928000000,2026-06-20 04:00:00,0.1397000,0.1431000,0.1393000,0.1406000,1838231,1781942399999,2026-06-20 07:59:59,259431.9346000,4115,946720,133780.6691000
1781942400000,2026-06-20 08:00:00,0.1405000,0.1414000,0.1389000,0.1398000,1815130,1781956799999,2026-06-20 11:59:59,254644.7627000,3703,854513,120027.2531000
1781956800000,2026-06-20 12:00:00,0.1398000,0.1457000,0.1390000,0.1442000,2878079,1781971199999,2026-06-20 15:59:59,408919.0558000,4598,1722625,245148.2617000
1781971200000,2026-06-20 16:00:00,0.1441000,0.1502000,0.1431000,0.1478000,3554677,1781985599999,2026-06-20 19:59:59,523726.1786000,6420,1934306,285496.1066000
1781985600000,2026-06-20 20:00:00,0.1478000,0.1517000,0.1464000,0.1491000,2233611,1781999999999,2026-06-20 23:59:59,332714.2969000,4874,1101346,164093.4961000
1782000000000,2026-06-21 00:00:00,0.1491000,0.1565000,0.1489000,0.1533000,5565828,1782014399999,2026-06-21 03:59:59,853347.1182000,10875,2859898,438670.3136000
1782014400000,2026-06-21 04:00:00,0.1533000,0.1640000,0.1513000,0.1610000,39995878,1782028799999,2026-06-21 07:59:59,6356022.8114000,58380,20350386,3236332.7113000
1782028800000,2026-06-21 08:00:00,0.1610000,0.1793000,0.1547000,0.1577000,108775742,1782043199999,2026-06-21 11:59:59,18319399.7904000,142921,53968491,9105944.1195000
1782043200000,2026-06-21 12:00:00,0.1577000,0.1594000,0.1467000,0.1555000,48609474,1782057599999,2026-06-21 15:59:59,7440304.9341000,67889,23150662,3543771.1143000
1782057600000,2026-06-21 16:00:00,0.1555000,0.1646000,0.1549000,0.1621000,14398649,1782071999999,2026-06-21 19:59:59,2290057.1842000,31741,7519205,1196299.9564000
1782072000000,2026-06-21 20:00:00,0.1621000,0.1674000,0.1614000,0.1659000,14068904,1782086399999,2026-06-21 23:59:59,2321045.8645000,33359,6739989,1112340.1904000
1782086400000,2026-06-22 00:00:00,0.1659000,0.1761000,0.1638000,0.1707000,27080300,1782100799999,2026-06-22 03:59:59,4618384.6763000,53706,13023866,2222420.6585000
1782100800000,2026-06-22 04:00:00,0.1707000,0.1784000,0.1661000,0.1754000,26271322,1782115199999,2026-06-22 07:59:59,4519593.3193000,46656,12904251,2222013.1918000
1782115200000,2026-06-22 08:00:00,0.1755000,0.1791000,0.1725000,0.1755000,15988404,1782129599999,2026-06-22 11:59:59,2815060.0319000,35753,7758184,1366892.5350000
1782129600000,2026-06-22 12:00:00,0.1754000,0.1928000,0.1743000,0.1883000,64548347,1782143999999,2026-06-22 15:59:59,11917287.2063000,118467,32430585,5988138.5101000
1782144000000,2026-06-22 16:00:00,0.1882000,0.1998000,0.1832000,0.1939000,64856422,1782158399999,2026-06-22 19:59:59,12481520.9105000,132198,32121229,6187268.8272000
1782158400000,2026-06-22 20:00:00,0.1939000,0.1941000,0.1839000,0.1906000,18375865,1782172799999,2026-06-22 23:59:59,3472553.5898000,45581,9018148,1704067.5678000
1782172800000,2026-06-23 00:00:00,0.1906000,0.2118000,0.1885000,0.2029000,58240067,1782187199999,2026-06-23 03:59:59,11680890.8499000,125511,29822896,5986601.3893000
1782187200000,2026-06-23 04:00:00,0.2030000,0.2066000,0.1761000,0.1966000,67259101,1782201599999,2026-06-23 07:59:59,12894736.7482000,139676,33558847,6444941.5288000
1782201600000,2026-06-23 08:00:00,0.1966000,0.2087000,0.1931000,0.2032000,65828287,1782215999999,2026-06-23 11:59:59,13265762.5684000,135752,33654909,6787119.1270000
1782216000000,2026-06-23 12:00:00,0.2032000,0.2109000,0.1813000,0.1873000,82222846,1782230399999,2026-06-23 15:59:59,16532413.5735000,144761,41677223,8395056.6526000
1782230400000,2026-06-23 16:00:00,0.1873000,0.1976000,0.1855000,0.1884000,29428546,1782244799999,2026-06-23 19:59:59,5632936.7192000,67252,14569112,2787054.4341000
1782244800000,2026-06-23 20:00:00,0.1883000,0.1891000,0.1782000,0.1808000,10870840,1782259199999,2026-06-23 23:59:59,1985456.7580000,31035,5203039,950699.9000000
1782259200000,2026-06-24 00:00:00,0.1808000,0.1859000,0.1652000,0.1665000,30667736,1782273599999,2026-06-24 03:59:59,5317327.8780000,70348,13723602,2381875.2212000
1782273600000,2026-06-24 04:00:00,0.1666000,0.1853000,0.1637000,0.1817000,33335643,1782287999999,2026-06-24 07:59:59,5810439.1678000,73312,17124473,2987028.1855000
1782288000000,2026-06-24 08:00:00,0.1818000,0.2050000,0.1791000,0.1945000,39651913,1782302399999,2026-06-24 11:59:59,7597537.4110000,91711,21066324,4041107.1469000
1782302400000,2026-06-24 12:00:00,0.1945000,0.1974000,0.1812000,0.1818000,21998905,1782316799999,2026-06-24 15:59:59,4189794.3410000,52366,10747548,2048978.6683000
1782316800000,2026-06-24 16:00:00,0.1818000,0.1870000,0.1759000,0.1822000,17313865,1782331199999,2026-06-24 19:59:59,3130157.0211000,38943,8261279,1495928.6314000
1782331200000,2026-06-24 20:00:00,0.1823000,0.1843000,0.1771000,0.1786000,6591820,1782345599999,2026-06-24 23:59:59,1189493.8132000,18548,3338361,602282.8649000
1782345600000,2026-06-25 00:00:00,0.1786000,0.1917000,0.1782000,0.1888000,20348716,1782359999999,2026-06-25 03:59:59,3789310.1731000,55497,10597325,1973554.5580000
1782360000000,2026-06-25 04:00:00,0.1887000,0.1965000,0.1856000,0.1905000,22115707,1782374399999,2026-06-25 07:59:59,4227840.4199000,50504,11341981,2170782.8140000
1782374400000,2026-06-25 08:00:00,0.1904000,0.2009000,0.1885000,0.1956000,20251497,1782388799999,2026-06-25 11:59:59,3942205.5246000,37544,10375283,2020101.1629000
1782388800000,2026-06-25 12:00:00,0.1957000,0.1980000,0.1736000,0.1791000,22167312,1782403199999,2026-06-25 15:59:59,4063250.8959000,48530,10681731,1958473.3343000
1782403200000,2026-06-25 16:00:00,0.1792000,0.1863000,0.1792000,0.1805000,9573931,1782417599999,2026-06-25 19:59:59,1749038.2970000,26650,4688164,856495.3910000
1782417600000,2026-06-25 20:00:00,0.1805000,0.1831000,0.1783000,0.1795000,3383451,1782431999999,2026-06-25 23:59:59,609501.9310000,12327,1497681,269842.8285000
1782432000000,2026-06-26 00:00:00,0.1794000,0.1818000,0.1733000,0.1795000,7549021,1782446399999,2026-06-26 03:59:59,1340512.6408000,21497,3635778,645657.9398000
1782446400000,2026-06-26 04:00:00,0.1795000,0.1797000,0.1738000,0.1748000,5344471,1782460799999,2026-06-26 07:59:59,942736.3746000,15660,2441521,430639.9717000
1782460800000,2026-06-26 08:00:00,0.1746000,0.1765000,0.1715000,0.1729000,5323630,1782475199999,2026-06-26 11:59:59,926421.8163000,15103,2609110,454266.9075000
1782475200000,2026-06-26 12:00:00,0.1728000,0.1778000,0.1681000,0.1749000,8689927,1782489599999,2026-06-26 15:59:59,1508047.4327000,20890,4266350,740575.2183000
1782489600000,2026-06-26 16:00:00,0.1749000,0.1801000,0.1737000,0.1760000,3873900,1782503999999,2026-06-26 19:59:59,684306.8045000,13449,1929391,341249.2175000
1782504000000,2026-06-26 20:00:00,0.1760000,0.1824000,0.1759000,0.1803000,2869264,1782518399999,2026-06-26 23:59:59,511209.1806000,11189,1546281,275905.3267000
1782518400000,2026-06-27 00:00:00,0.1804000,0.1944000,0.1792000,0.1918000,11181407,1782532799999,2026-06-27 03:59:59,2103543.2548000,31586,5926296,1115789.7817000
1782532800000,2026-06-27 04:00:00,0.1919000,0.1957000,0.1874000,0.1890000,9844948,1782547199999,2026-06-27 07:59:59,1887596.7069000,23911,4821571,925244.7052000
1782547200000,2026-06-27 08:00:00,0.1890000,0.1916000,0.1834000,0.1888000,6641552,1782561599999,2026-06-27 11:59:59,1247868.7150000,16822,3228660,606536.5058000
1782561600000,2026-06-27 12:00:00,0.1887000,0.1890000,0.1845000,0.1880000,3766211,1782575999999,2026-06-27 15:59:59,703622.8628000,10218,1815223,339095.5967000
1782576000000,2026-06-27 16:00:00,0.1881000,0.1966000,0.1823000,0.1952000,12755900,1782590399999,2026-06-27 19:59:59,2421753.0793000,31129,6926941,1316827.7983000
1782590400000,2026-06-27 20:00:00,0.1953000,0.2042000,0.1935000,0.2034000,20010882,1782604799999,2026-06-27 23:59:59,3987174.4560000,47466,10966592,2187025.7975000
1782604800000,2026-06-28 00:00:00,0.2034000,0.2050000,0.1941000,0.1971000,16633917,1782619199999,2026-06-28 03:59:59,3307780.2722000,35622,7523012,1497225.0450000
1782619200000,2026-06-28 04:00:00,0.1970000,0.2038000,0.1962000,0.2006000,7424490,1782633599999,2026-06-28 07:59:59,1481310.2467000,17218,3854651,769750.8903000
1782633600000,2026-06-28 08:00:00,0.2005000,0.2006000,0.1776000,0.1778000,17432424,1782647999999,2026-06-28 11:59:59,3263653.6769000,34281,6545838,1222096.8990000
1782648000000,2026-06-28 12:00:00,0.1778000,0.1802000,0.1735000,0.1750000,8182303,1782662399999,2026-06-28 15:59:59,1454252.3248000,17400,3549737,632059.2756000
1782662400000,2026-06-28 16:00:00,0.1751000,0.1767000,0.1683000,0.1692000,6422337,1782676799999,2026-06-28 19:59:59,1103215.1180000,16384,2645294,454612.7550000
1782676800000,2026-06-28 20:00:00,0.1692000,0.1743000,0.1679000,0.1703000,6808415,1782691199999,2026-06-28 23:59:59,1163538.8576000,15016,3149767,538129.0233000
1782691200000,2026-06-29 00:00:00,0.1703000,0.1793000,0.1657000,0.1771000,10284482,1782705599999,2026-06-29 03:59:59,1768231.1312000,22853,4981792,858907.1623000
1782705600000,2026-06-29 04:00:00,0.1770000,0.1848000,0.1726000,0.1815000,9461251,1782719999999,2026-06-29 07:59:59,1699246.6996000,23098,4915049,883293.8838000
1782720000000,2026-06-29 08:00:00,0.1814000,0.1824000,0.1762000,0.1780000,4618404,1782734399999,2026-06-29 11:59:59,828053.8174000,13739,2114904,379508.2934000
1782734400000,2026-06-29 12:00:00,0.1779000,0.1788000,0.1717000,0.1725000,5189468,1782748799999,2026-06-29 15:59:59,911495.3033000,13330,2368066,416478.8562000
1782748800000,2026-06-29 16:00:00,0.1724000,0.1729000,0.1698000,0.1704000,2787751,1782763199999,2026-06-29 19:59:59,477754.4500000,9462,1460835,250532.7816000
1782763200000,2026-06-29 20:00:00,0.1704000,0.1726000,0.1702000,0.1716000,3199495,1782777599999,2026-06-29 23:59:59,548289.4503000,9077,1512704,259314.5666000
1782777600000,2026-06-30 00:00:00,0.1715000,0.1743000,0.1643000,0.1657000,7303869,1782791999999,2026-06-30 03:59:59,1229644.2175000,14222,3363894,566884.6852000
1782792000000,2026-06-30 04:00:00,0.1658000,0.1673000,0.1610000,0.1653000,6033815,1782806399999,2026-06-30 07:59:59,985213.7586000,14237,2740550,447645.3441000
1782806400000,2026-06-30 08:00:00,0.1653000,0.1669000,0.1617000,0.1624000,3384221,1782820799999,2026-06-30 11:59:59,554725.8940000,8431,1700483,278777.0847000
1782820800000,2026-06-30 12:00:00,0.1623000,0.1630000,0.1592000,0.1621000,4908612,1782835199999,2026-06-30 15:59:59,790128.6734000,9147,2216463,356861.4501000
1782835200000,2026-06-30 16:00:00,0.1621000,0.1663000,0.1617000,0.1640000,3260551,1782849599999,2026-06-30 19:59:59,534627.6405000,7428,1526095,250385.8593000
1782849600000,2026-06-30 20:00:00,0.1639000,0.1650000,0.1628000,0.1641000,1487160,1782863999999,2026-06-30 23:59:59,243890.5093000,4281,769117,126179.5263000
1782864000000,2026-07-01 00:00:00,0.1642000,0.1726000,0.1631000,0.1651000,9020351,1782878399999,2026-07-01 03:59:59,1512641.2133000,20389,4388351,736502.1861000
1782878400000,2026-07-01 04:00:00,0.1650000,0.1662000,0.1581000,0.1610000,6521733,1782892799999,2026-07-01 07:59:59,1056598.1140000,14098,3077904,498109.0841000
1782892800000,2026-07-01 08:00:00,0.1609000,0.1612000,0.1562000,0.1593000,3814871,1782907199999,2026-07-01 11:59:59,604611.0559000,9940,1903617,302011.5596000
1782907200000,2026-07-01 12:00:00,0.1592000,0.1608000,0.1560000,0.1572000,5028850,1782921599999,2026-07-01 15:59:59,793104.7880000,12321,2394249,377722.2576000
1782921600000,2026-07-01 16:00:00,0.1571000,0.1594000,0.1534000,0.1538000,4370243,1782935999999,2026-07-01 19:59:59,682444.6685000,11275,2025632,316378.2765000
1782936000000,2026-07-01 20:00:00,0.1539000,0.1591000,0.1522000,0.1534000,5913258,1782950399999,2026-07-01 23:59:59,914464.4874000,15321,2922626,451901.3045000
1782950400000,2026-07-02 00:00:00,0.1533000,0.1562000,0.1523000,0.1537000,3751659,1782964799999,2026-07-02 03:59:59,578731.9177000,11432,1815088,280063.9501000
1782964800000,2026-07-02 04:00:00,0.1537000,0.1624000,0.1528000,0.1570000,6919716,1782979199999,2026-07-02 07:59:59,1088956.1519000,17395,3140310,493671.1733000
1782979200000,2026-07-02 08:00:00,0.1571000,0.1589000,0.1532000,0.1536000,4126562,1782993599999,2026-07-02 11:59:59,641178.5524000,12719,2140561,332672.6649000
1782993600000,2026-07-02 12:00:00,0.1536000,0.1605000,0.1495000,0.1515000,9920674,1783007999999,2026-07-02 15:59:59,1530318.5754000,19259,4641765,717154.2343000
1783008000000,2026-07-02 16:00:00,0.1515000,0.1526000,0.1501000,0.1507000,2466510,1783022399999,2026-07-02 19:59:59,373245.8789000,10449,1275527,193083.0116000
1783022400000,2026-07-02 20:00:00,0.1507000,0.1528000,0.1502000,0.1511000,1699448,1783036799999,2026-07-02 23:59:59,257146.7331000,6141,785568,118823.7832000
1783036800000,2026-07-03 00:00:00,0.1511000,0.1539000,0.1485000,0.1505000,4554414,1783051199999,2026-07-03 03:59:59,687613.8374000,9862,2160836,326779.1570000
1783051200000,2026-07-03 04:00:00,0.1505000,0.1531000,0.1473000,0.1520000,3849250,1783065599999,2026-07-03 07:59:59,578106.0604000,9422,2047794,307834.4851000
1783065600000,2026-07-03 08:00:00,0.1521000,0.1565000,0.1504000,0.1536000,5410133,1783079999999,2026-07-03 11:59:59,831463.5935000,12371,2166762,333389.6143000
1783080000000,2026-07-03 12:00:00,0.1535000,0.1559000,0.1532000,0.1537000,2314246,1783094399999,2026-07-03 15:59:59,358030.3171000,6951,1098923,170044.4667000
1783094400000,2026-07-03 16:00:00,0.1537000,0.1586000,0.1536000,0.1564000,2830394,1783108799999,2026-07-03 19:59:59,440341.3909000,7666,1381907,215005.6144000
1783108800000,2026-07-03 20:00:00,0.1564000,0.1607000,0.1560000,0.1583000,1982101,1783123199999,2026-07-03 23:59:59,314858.0029000,6624,940936,149504.8810000
1783123200000,2026-07-04 00:00:00,0.1583000,0.1649000,0.1578000,0.1597000,7088448,1783137599999,2026-07-04 03:59:59,1143068.6930000,18572,3471780,560277.8887000
1783137600000,2026-07-04 04:00:00,0.1596000,0.1597000,0.1535000,0.1546000,3604194,1783151999999,2026-07-04 07:59:59,565473.6783000,7486,1541723,241990.0522000
1783152000000,2026-07-04 08:00:00,0.1545000,0.1564000,0.1528000,0.1559000,1881642,1783166399999,2026-07-04 11:59:59,290402.6903000,5134,896061,138405.7279000
1783166400000,2026-07-04 12:00:00,0.1558000,0.1595000,0.1541000,0.1562000,3066572,1783180799999,2026-07-04 15:59:59,479808.1533000,7534,1614853,252899.0633000
1783180800000,2026-07-04 16:00:00,0.1563000,0.1570000,0.1545000,0.1552000,1814949,1783195199999,2026-07-04 19:59:59,282942.4525000,10016,1036603,161631.8065000
1783195200000,2026-07-04 20:00:00,0.1552000,0.1553000,0.1503000,0.1524000,1935719,1783209599999,2026-07-04 23:59:59,295462.2926000,12328,923233,140963.8964000
1783209600000,2026-07-05 00:00:00,0.1524000,0.1532000,0.1492000,0.1509000,2580394,1783223999999,2026-07-05 03:59:59,390044.9525000,9547,1240471,187711.4926000
1783224000000,2026-07-05 04:00:00,0.1508000,0.1515000,0.1482000,0.1487000,2216498,1783238399999,2026-07-05 07:59:59,331404.6843000,6531,1115382,166804.9314000
1783238400000,2026-07-05 08:00:00,0.1485000,0.1497000,0.1455000,0.1469000,3476746,1783252799999,2026-07-05 11:59:59,513247.0096000,5453,1801292,266349.9480000
1783252800000,2026-07-05 12:00:00,0.1468000,0.1491000,0.1467000,0.1480000,1368527,1783267199999,2026-07-05 15:59:59,202460.0932000,3946,723092,106981.9034000
1783267200000,2026-07-05 16:00:00,0.1480000,0.1503000,0.1458000,0.1465000,2503513,1783281599999,2026-07-05 19:59:59,371153.7425000,5339,1068516,158595.0294000
1783281600000,2026-07-05 20:00:00,0.1466000,0.1485000,0.1437000,0.1471000,2300520,1783295999999,2026-07-05 23:59:59,336537.2669000,5193,1102249,161612.5139000
1783296000000,2026-07-06 00:00:00,0.1472000,0.1480000,0.1418000,0.1426000,3614908,1783310399999,2026-07-06 03:59:59,523123.6783000,7069,1660875,240858.8379000
1783310400000,2026-07-06 04:00:00,0.1426000,0.1461000,0.1380000,0.1431000,6585837,1783324799999,2026-07-06 07:59:59,933292.5230000,9759,3162335,448661.7068000
1783324800000,2026-07-06 08:00:00,0.1431000,0.1437000,0.1400000,0.1404000,4195335,1783339199999,2026-07-06 11:59:59,593265.7399000,8016,1943187,274963.8145000
1783339200000,2026-07-06 12:00:00,0.1404000,0.1447000,0.1385000,0.1418000,4257804,1783353599999,2026-07-06 15:59:59,603733.9572000,9031,1980250,280745.9199000
1783353600000,2026-07-06 16:00:00,0.1418000,0.1435000,0.1411000,0.1427000,2121584,1783367999999,2026-07-06 19:59:59,301824.2685000,5784,1124585,160045.1858000
1783368000000,2026-07-06 20:00:00,0.1427000,0.1455000,0.1425000,0.1433000,2192438,1783382399999,2026-07-06 23:59:59,315520.0861000,5323,1089982,156971.4491000
1783382400000,2026-07-07 00:00:00,0.1433000,0.1446000,0.1401000,0.1406000,2807526,1783396799999,2026-07-07 03:59:59,398544.7715000,5324,916948,130493.2905000
1783396800000,2026-07-07 04:00:00,0.1405000,0.1425000,0.1398000,0.1403000,1752943,1783411199999,2026-07-07 07:59:59,246834.8217000,4622,784268,110445.9095000
1783411200000,2026-07-07 08:00:00,0.1403000,0.1413000,0.1392000,0.1411000,1618022,1783425599999,2026-07-07 11:59:59,226638.9941000,4230,706208,98992.4779000
1783425600000,2026-07-07 12:00:00,0.1411000,0.1416000,0.1383000,0.1402000,1868063,1783439999999,2026-07-07 15:59:59,261214.5395000,4885,853136,119308.7443000
1783440000000,2026-07-07 16:00:00,0.1402000,0.1454000,0.1396000,0.1421000,4571881,1783454399999,2026-07-07 19:59:59,652062.4492000,9613,2710254,387031.3222000
1783454400000,2026-07-07 20:00:00,0.1420000,0.1522000,0.1418000,0.1506000,11163863,1783468799999,2026-07-07 23:59:59,1658904.1747000,21278,5949372,883424.5094000
1783468800000,2026-07-08 00:00:00,0.1506000,0.1513000,0.1432000,0.1494000,9552054,1783483199999,2026-07-08 03:59:59,1411704.2814000,17921,4353365,643470.3094000
1783483200000,2026-07-08 04:00:00,0.1494000,0.1526000,0.1460000,0.1490000,11909670,1783497599999,2026-07-08 07:59:59,1784116.9546000,24651,5492653,823319.8923000
1783497600000,2026-07-08 08:00:00,0.1490000,0.1589000,0.1463000,0.1579000,21696964,1783511999999,2026-07-08 11:59:59,3309359.0414000,40603,11415137,1742942.7627000
1783512000000,2026-07-08 12:00:00,0.1579000,0.1619000,0.1520000,0.1584000,31446559,1783526399999,2026-07-08 15:59:59,4936242.2155000,57651,15472971,2431701.9025000
1783526400000,2026-07-08 16:00:00,0.1584000,0.1600000,0.1536000,0.1555000,13120075,1783540799999,2026-07-08 19:59:59,2054462.0810000,27254,6021288,943951.3119000
1783540800000,2026-07-08 20:00:00,0.1556000,0.1564000,0.1527000,0.1553000,6478483,1783555199999,2026-07-08 23:59:59,1001618.1958000,13677,3115121,482115.2979000
1783555200000,2026-07-09 00:00:00,0.1553000,0.1630000,0.1533000,0.1607000,9420765,1783569599999,2026-07-09 03:59:59,1480585.8860000,16475,5456694,859372.6632000
1783569600000,2026-07-09 04:00:00,0.1607000,0.1640000,0.1566000,0.1595000,11610012,1783583999999,2026-07-09 07:59:59,1855213.5450000,20777,5307763,849320.6727000
1783584000000,2026-07-09 08:00:00,0.1595000,0.1681000,0.1584000,0.1658000,13529044,1783598399999,2026-07-09 11:59:59,2225755.3175000,21799,6940949,1141979.2925000
1783598400000,2026-07-09 12:00:00,0.1657000,0.1685000,0.1636000,0.1656000,8018683,1783612799999,2026-07-09 15:59:59,1328819.0787000,15325,3497218,580041.2054000
1783612800000,2026-07-09 16:00:00,0.1656000,0.1668000,0.1642000,0.1643000,2607589,1783627199999,2026-07-09 19:59:59,431445.1089000,7299,1219177,201832.1975000
1783627200000,2026-07-09 20:00:00,0.1642000,0.1644000,0.1519000,0.1528000,8825459,1783641599999,2026-07-09 23:59:59,1385263.4228000,13790,3229136,505386.7208000
1783641600000,2026-07-10 00:00:00,0.1528000,0.1601000,0.1512000,0.1581000,7574063,1783655999999,2026-07-10 03:59:59,1179181.2678000,12561,3975869,619409.9794000
1783656000000,2026-07-10 04:00:00,0.1581000,0.1595000,0.1540000,0.1558000,6006044,1783670399999,2026-07-10 07:59:59,939633.4971000,9550,2722966,426381.6143000
1783670400000,2026-07-10 08:00:00,0.1557000,0.1589000,0.1555000,0.1568000,2435613,1783684799999,2026-07-10 11:59:59,383177.0499000,5750,1329358,209153.5325000
1783684800000,2026-07-10 12:00:00,0.1567000,0.1778000,0.1565000,0.1766000,23736804,1783699199999,2026-07-10 15:59:59,4037178.1387000,50804,12798784,2171970.4784000
1783699200000,2026-07-10 16:00:00,0.1766000,0.2044000,0.1742000,0.1934000,129832112,1783713599999,2026-07-10 19:59:59,25254729.3675000,190767,65693911,12774994.3721000
1783713600000,2026-07-10 20:00:00,0.1933000,0.2105000,0.1878000,0.2031000,130521705,1783727999999,2026-07-10 23:59:59,26147178.6582000,210664,66360602,13299115.0275000
1783728000000,2026-07-11 00:00:00,0.2032000,0.2044000,0.1819000,0.1844000,165240399,1783742399999,2026-07-11 03:59:59,31901664.0131000,287622,82514469,15941202.1155000
1783742400000,2026-07-11 04:00:00,0.1844000,0.1868000,0.1794000,0.1838000,56302827,1783756799999,2026-07-11 07:59:59,10327553.3647000,103119,29182729,5356798.3096000
1783756800000,2026-07-11 08:00:00,0.1839000,0.1914000,0.1802000,0.1877000,61484544,1783771199999,2026-07-11 11:59:59,11488537.1079000,108961,31733725,5934164.1527000
1783771200000,2026-07-11 12:00:00,0.1877000,0.1973000,0.1834000,0.1852000,80373169,1783785599999,2026-07-11 15:59:59,15210280.9209000,134166,38501009,7291215.9664000
1783785600000,2026-07-11 16:00:00,0.1853000,0.1886000,0.1811000,0.1855000,23209630,1783799999999,2026-07-11 19:59:59,4282705.9349000,46463,11490294,2120643.6706000
1783800000000,2026-07-11 20:00:00,0.1855000,0.1863000,0.1807000,0.1812000,13747602,1783814399999,2026-07-11 23:59:59,2518945.0922000,29855,7066920,1295376.4283000
1783814400000,2026-07-12 00:00:00,0.1812000,0.1869000,0.1702000,0.1778000,36869328,1783828799999,2026-07-12 03:59:59,6490837.1921000,81599,18494532,3258460.7535000
1783828800000,2026-07-12 04:00:00,0.1777000,0.1943000,0.1776000,0.1863000,35269023,1783843199999,2026-07-12 07:59:59,6562222.5520000,85565,18365354,3419335.4346000
1783843200000,2026-07-12 08:00:00,0.1862000,0.1872000,0.1735000,0.1763000,19081385,1783857599999,2026-07-12 11:59:59,3431425.9330000,41091,8955153,1610868.2874000
1783857600000,2026-07-12 12:00:00,0.1762000,0.1797000,0.1748000,0.1758000,10296826,1783871999999,2026-07-12 15:59:59,1818370.4196000,22105,5140566,908155.1698000
1783872000000,2026-07-12 16:00:00,0.1757000,0.1762000,0.1711000,0.1715000,5999648,1783886399999,2026-07-12 19:59:59,1038262.5739000,12126,2977374,515487.1550000
1783886400000,2026-07-12 20:00:00,0.1715000,0.1719000,0.1679000,0.1712000,6849485,1783900799999,2026-07-12 23:59:59,1163249.5989000,18683,3320088,563977.1107000
1783900800000,2026-07-13 00:00:00,0.1712000,0.1718000,0.1652000,0.1667000,7688901,1783915199999,2026-07-13 03:59:59,1295703.5747000,22065,3614145,609527.3723000
1783915200000,2026-07-13 04:00:00,0.1668000,0.1671000,0.1605000,0.1606000,7170859,1783929599999,2026-07-13 07:59:59,1176030.4546000,18600,3029227,497191.2476000
1783929600000,2026-07-13 08:00:00,0.1606000,0.1641000,0.1574000,0.1584000,8756746,1783943999999,2026-07-13 11:59:59,1409229.9149000,20196,4123668,663689.2242000
1783944000000,2026-07-13 12:00:00,0.1585000,0.1639000,0.1544000,0.1599000,11354366,1783958399999,2026-07-13 15:59:59,1805061.3169000,24515,5727914,911100.6738000
1783958400000,2026-07-13 16:00:00,0.1598000,0.1648000,0.1588000,0.1617000,7168331,1783972799999,2026-07-13 19:59:59,1158306.3857000,18059,3587016,579529.5947000
1783972800000,2026-07-13 20:00:00,0.1617000,0.1666000,0.1615000,0.1634000,5617529,1783987199999,2026-07-13 23:59:59,919420.6595000,16285,3000029,491126.6647000
1783987200000,2026-07-14 00:00:00,0.1634000,0.1658000,0.1589000,0.1628000,7272095,1784001599999,2026-07-14 03:59:59,1183405.3877000,16827,3216564,523335.2206000
1784001600000,2026-07-14 04:00:00,0.1629000,0.1665000,0.1615000,0.1651000,4452761,1784015999999,2026-07-14 07:59:59,727860.1267000,12119,2493882,407818.9445000
1784016000000,2026-07-14 08:00:00,0.1651000,0.1697000,0.1640000,0.1652000,7911012,1784030399999,2026-07-14 11:59:59,1320347.1784000,20862,3892671,650250.0416000
1784030400000,2026-07-14 12:00:00,0.1651000,0.1679000,0.1587000,0.1601000,8786478,1784044799999,2026-07-14 15:59:59,1435135.9167000,19710,4377391,716513.7072000
1784044800000,2026-07-14 16:00:00,0.1600000,0.1611000,0.1584000,0.1596000,3778281,1784059199999,2026-07-14 19:59:59,603106.8724000,11127,1630888,260363.1631000
1784059200000,2026-07-14 20:00:00,0.1596000,0.1622000,0.1565000,0.1577000,5369172,1784073599999,2026-07-14 23:59:59,853719.9188000,12684,2409993,383785.9092000
1784073600000,2026-07-15 00:00:00,0.1579000,0.1696000,0.1574000,0.1660000,11417144,1784087999999,2026-07-15 03:59:59,1880296.2460000,22772,5427769,893549.2758000
1784088000000,2026-07-15 04:00:00,0.1660000,0.1725000,0.1635000,0.1686000,13814375,1784102399999,2026-07-15 07:59:59,2332954.5657000,27595,6681059,1128671.8749000
1784102400000,2026-07-15 08:00:00,0.1686000,0.1698000,0.1655000,0.1673000,5190897,1784116799999,2026-07-15 11:59:59,869570.1316000,13187,2573988,431309.4043000
1784116800000,2026-07-15 12:00:00,0.1673000,0.1714000,0.1642000,0.1712000,7539752,1784131199999,2026-07-15 15:59:59,1265522.4670000,16323,3652167,613585.8013000
1784131200000,2026-07-15 16:00:00,0.1711000,0.1724000,0.1662000,0.1671000,4309561,1784145599999,2026-07-15 19:59:59,727047.3973000,12416,1958132,330481.3378000
1784145600000,2026-07-15 20:00:00,0.1670000,0.1713000,0.1670000,0.1698000,5184639,1784159999999,2026-07-15 23:59:59,874662.6015000,13359,3118551,526362.3742000
1784160000000,2026-07-16 00:00:00,0.1697000,0.1707000,0.1652000,0.1670000,4147187,1784174399999,2026-07-16 03:59:59,694532.7215000,11796,1809546,303098.5422000
1784174400000,2026-07-16 04:00:00,0.1670000,0.1713000,0.1664000,0.1695000,4128269,1784188799999,2026-07-16 07:59:59,697465.1849000,11686,1946491,329021.0686000
1784188800000,2026-07-16 08:00:00,0.1694000,0.1800000,0.1688000,0.1771000,15213065,1784203199999,2026-07-16 11:59:59,2654483.9330000,29568,8085471,1412764.2223000
1784203200000,2026-07-16 12:00:00,0.1771000,0.1791000,0.1735000,0.1736000,7654204,1784217599999,2026-07-16 15:59:59,1349655.2503000,18306,3668357,647132.2745000
1784217600000,2026-07-16 16:00:00,0.1736000,0.1740000,0.1676000,0.1706000,4943779,1784231999999,2026-07-16 19:59:59,844750.2798000,11750,2302042,393815.4616000
1784232000000,2026-07-16 20:00:00,0.1706000,0.1766000,0.1705000,0.1731000,3670328,1784246399999,2026-07-16 23:59:59,635045.0492000,11228,1861155,322150.7366000
1784246400000,2026-07-17 00:00:00,0.1731000,0.1848000,0.1726000,0.1793000,18831064,1784260799999,2026-07-17 03:59:59,3397750.0640000,39105,9730240,1755202.2398000
1784260800000,2026-07-17 04:00:00,0.1792000,0.1813000,0.1750000,0.1758000,13318553,1784275199999,2026-07-17 07:59:59,2372460.7418000,30571,6570265,1171276.4899000
1784275200000,2026-07-17 08:00:00,0.1757000,0.1781000,0.1727000,0.1767000,6241839,1784289599999,2026-07-17 11:59:59,1096305.2542000,16918,3248790,570995.8407000
1784289600000,2026-07-17 12:00:00,0.1767000,0.1803000,0.1748000,0.1773000,5912676,1784303999999,2026-07-17 15:59:59,1049220.5266000,16024,2922780,518964.0300000
1784304000000,2026-07-17 16:00:00,0.1773000,0.1797000,0.1727000,0.1738000,4782197,1784318399999,2026-07-17 19:59:59,841602.1667000,13216,2451949,431783.8730000
1784318400000,2026-07-17 20:00:00,0.1739000,0.1744000,0.1680000,0.1699000,4467658,1784332799999,2026-07-17 23:59:59,764171.0142000,11030,1966444,336715.1776000
1784332800000,2026-07-18 00:00:00,0.1697000,0.1732000,0.1658000,0.1661000,3558364,1784347199999,2026-07-18 03:59:59,602886.8470000,10852,1709267,289830.7260000
1784347200000,2026-07-18 04:00:00,0.1660000,0.1743000,0.1651000,0.1735000,4017775,1784361599999,2026-07-18 07:59:59,682666.2569000,11846,2191712,372739.6160000
1784361600000,2026-07-18 08:00:00,0.1734000,0.1779000,0.1719000,0.1778000,3603141,1784375999999,2026-07-18 11:59:59,629905.9986000,10595,1744950,305283.7704000
1784376000000,2026-07-18 12:00:00,0.1779000,0.1816000,0.1761000,0.1794000,6536584,1784390399999,2026-07-18 15:59:59,1170139.6313000,18092,3432192,614654.7235000
1784390400000,2026-07-18 16:00:00,0.1795000,0.1849000,0.1780000,0.1833000,3784126,1784404799999,2026-07-18 19:59:59,685904.9260000,10973,1839279,333718.9386000
1784404800000,2026-07-18 20:00:00,0.1833000,0.1840000,0.1781000,0.1782000,3831568,1784419199999,2026-07-18 23:59:59,693532.6679000,10280,1847093,334335.3544000
1784419200000,2026-07-19 00:00:00,0.1782000,0.1809000,0.1764000,0.1773000,2978627,1784433599999,2026-07-19 03:59:59,530558.5854000,8583,1462392,260578.2450000
1784433600000,2026-07-19 04:00:00,0.1774000,0.1797000,0.1749000,0.1780000,2943082,1784447999999,2026-07-19 07:59:59,522609.4427000,9378,1411332,250834.2295000
1784448000000,2026-07-19 08:00:00,0.1781000,0.1810000,0.1731000,0.1807000,3905533,1784462399999,2026-07-19 11:59:59,692510.8932000,11483,1800446,319954.9602000
1784462400000,2026-07-19 12:00:00,0.1807000,0.1825000,0.1786000,0.1804000,3140637,1784476799999,2026-07-19 15:59:59,567175.3933000,9434,1672659,302219.7262000
1784476800000,2026-07-19 16:00:00,0.1805000,0.1818000,0.1760000,0.1807000,2826749,1784491199999,2026-07-19 19:59:59,504998.7450000,7675,1288824,230298.5673000
1784491200000,2026-07-19 20:00:00,0.1807000,0.1811000,0.1778000,0.1785000,2207775,1784505599999,2026-07-19 23:59:59,396158.5165000,6735,1028680,184530.1102000
1784505600000,2026-07-20 00:00:00,0.1784000,0.1793000,0.1754000,0.1793000,1973265,1784519999999,2026-07-20 03:59:59,350481.1994000,6584,987396,175454.3694000
1784520000000,2026-07-20 04:00:00,0.1792000,0.1795000,0.1727000,0.1758000,5491177,1784534399999,2026-07-20 07:59:59,966072.5620000,12920,2420599,426112.2930000
1784534400000,2026-07-20 08:00:00,0.1757000,0.1816000,0.1756000,0.1775000,3341671,1784548799999,2026-07-20 11:59:59,597994.1822000,10375,1757874,314647.6312000
1784548800000,2026-07-20 12:00:00,0.1774000,0.1837000,0.1749000,0.1825000,2907642,1784563199999,2026-07-20 15:59:59,521101.9483000,9678,1560411,279785.5350000
1784563200000,2026-07-20 16:00:00,0.1824000,0.1859000,0.1808000,0.1845000,3651817,1784577599999,2026-07-20 19:59:59,669342.2384000,9932,1681191,308239.2543000
1784577600000,2026-07-20 20:00:00,0.1845000,0.1865000,0.1829000,0.1858000,1876617,1784591999999,2026-07-20 23:59:59,346464.5734000,6227,900746,166333.1155000
1784592000000,2026-07-21 00:00:00,0.1858000,0.1877000,0.1800000,0.1809000,3217629,1784606399999,2026-07-21 03:59:59,591288.4958000,9614,1392363,255920.3016000
1784606400000,2026-07-21 04:00:00,0.1808000,0.1845000,0.1768000,0.1782000,3105549,1784620799999,2026-07-21 07:59:59,560712.9949000,9267,1507058,272375.8306000
1784620800000,2026-07-21 08:00:00,0.1781000,0.1823000,0.1743000,0.1815000,4979533,1784635199999,2026-07-21 11:59:59,887684.2305000,12633,2756750,492037.4665000
1784635200000,2026-07-21 12:00:00,0.1816000,0.1898000,0.1808000,0.1825000,11109292,1784649599999,2026-07-21 15:59:59,2055305.0307000,23863,4603083,852802.4215000
1784649600000,2026-07-21 16:00:00,0.1825000,0.1837000,0.1792000,0.1798000,2195653,1784663999999,2026-07-21 19:59:59,399021.4017000,7857,955417,173693.2679000
1784664000000,2026-07-21 20:00:00,0.1798000,0.1808000,0.1776000,0.1778000,1619555,1784678399999,2026-07-21 23:59:59,289770.4634000,6366,742575,132893.7287000
1784678400000,2026-07-22 00:00:00,0.1778000,0.1808000,0.1770000,0.1771000,2113867,1784692799999,2026-07-22 03:59:59,377142.5132000,8157,1117726,199474.6655000
1784692800000,2026-07-22 04:00:00,0.1772000,0.1773000,0.1732000,0.1756000,3100678,1784707199999,2026-07-22 07:59:59,544216.8595000,8610,1599477,280989.0408000
1784707200000,2026-07-22 08:00:00,0.1756000,0.1760000,0.1710000,0.1711000,2183124,1784721599999,2026-07-22 11:59:59,378014.9656000,6995,1000662,173262.4160000
1784721600000,2026-07-22 12:00:00,0.1711000,0.1738000,0.1711000,0.1730000,2276022,1784735999999,2026-07-22 15:59:59,392633.1251000,7480,1148710,198147.1605000
1784736000000,2026-07-22 16:00:00,0.1730000,0.1757000,0.1707000,0.1718000,2693022,1784750399999,2026-07-22 19:59:59,465546.9718000,7513,1322236,228935.4341000
1784750400000,2026-07-22 20:00:00,0.1717000,0.1762000,0.1715000,0.1742000,2081772,1784764799999,2026-07-22 23:59:59,361073.0337000,7317,1189978,206430.6964000
1784764800000,2026-07-23 00:00:00,0.1742000,0.1779000,0.1733000,0.1743000,3235942,1784779199999,2026-07-23 03:59:59,566551.5133000,8737,1436074,251358.0210000
1784779200000,2026-07-23 04:00:00,0.1744000,0.1754000,0.1694000,0.1695000,2524334,1784793599999,2026-07-23 07:59:59,434736.3767000,7001,997629,171968.0386000
1784793600000,2026-07-23 08:00:00,0.1696000,0.1735000,0.1673000,0.1729000,4170524,1784807999999,2026-07-23 11:59:59,711235.4141000,10296,2319258,395659.7997000
1784808000000,2026-07-23 12:00:00,0.1729000,0.1777000,0.1704000,0.1775000,3744208,1784822399999,2026-07-23 15:59:59,651541.8394000,11304,1797401,313733.1106000
1784822400000,2026-07-23 16:00:00,0.1774000,0.1817000,0.1761000,0.1783000,4196798,1784836799999,2026-07-23 19:59:59,750499.9534000,13344,2187017,391276.9620000
1784836800000,2026-07-23 20:00:00,0.1782000,0.1835000,0.1780000,0.1812000,3889719,1784851199999,2026-07-23 23:59:59,703832.2657000,13330,1990944,360691.2279000
1784851200000,2026-07-24 00:00:00,0.1811000,0.1818000,0.1780000,0.1795000,2907880,1784865599999,2026-07-24 03:59:59,522943.2700000,9652,1553425,279458.3800000
1784865600000,2026-07-24 04:00:00,0.1795000,0.1826000,0.1775000,0.1824000,2572043,1784879999999,2026-07-24 07:59:59,461809.3549000,9330,1371194,246045.2223000
1784880000000,2026-07-24 08:00:00,0.1824000,0.1834000,0.1774000,0.1781000,2362621,1784894399999,2026-07-24 11:59:59,426104.9939000,8297,1134512,204785.2448000
1784894400000,2026-07-24 12:00:00,0.1780000,0.1795000,0.1740000,0.1783000,3848474,1784908799999,2026-07-24 15:59:59,680582.0786000,10095,1593465,282189.1530000
1784908800000,2026-07-24 16:00:00,0.1782000,0.1786000,0.1727000,0.1736000,2212139,1784923199999,2026-07-24 19:59:59,388845.7936000,7415,1075412,188817.3844000
1784923200000,2026-07-24 20:00:00,0.1735000,0.1745000,0.1695000,0.1716000,3063391,1784937599999,2026-07-24 23:59:59,526155.1969000,7810,1541927,265295.1897000
1784937600000,2026-07-25 00:00:00,0.1716000,0.1736000,0.1670000,0.1681000,2470629,1784951999999,2026-07-25 03:59:59,421041.1037000,8040,1156766,197715.0831000
1784952000000,2026-07-25 04:00:00,0.1681000,0.1682000,0.1624000,0.1651000,3944423,1784966399999,2026-07-25 07:59:59,650820.8579000,12321,2003207,330582.7945000
1784966400000,2026-07-25 08:00:00,0.1649000,0.1712000,0.1649000,0.1701000,2443244,1784980799999,2026-07-25 11:59:59,409611.4454000,9209,1310837,219781.7339000
1784980800000,2026-07-25 12:00:00,0.1700000,0.1757000,0.1692000,0.1738000,3982674,1784995199999,2026-07-25 15:59:59,685941.7925000,12021,1754645,302320.0421000
1784995200000,2026-07-25 16:00:00,0.1739000,0.1750000,0.1708000,0.1711000,1950116,1785009599999,2026-07-25 19:59:59,336898.3533000,7344,719737,124387.1141000
1785009600000,2026-07-25 20:00:00,0.1712000,0.1752000,0.1700000,0.1746000,1340628,1785023999999,2026-07-25 23:59:59,230991.7977000,5726,685178,118271.6874000
1785024000000,2026-07-26 00:00:00,0.1746000,0.1768000,0.1721000,0.1735000,2090554,1785038399999,2026-07-26 03:59:59,364922.6047000,7747,1010776,176438.1128000
1785038400000,2026-07-26 04:00:00,0.1735000,0.1747000,0.1695000,0.1703000,2228039,1785052799999,2026-07-26 07:59:59,383083.9490000,7643,1013084,174357.2320000
1785052800000,2026-07-26 08:00:00,0.1703000,0.1717000,0.1687000,0.1707000,2058954,1785067199999,2026-07-26 11:59:59,350512.6413000,6292,1234480,210267.9862000
1785067200000,2026-07-26 12:00:00,0.1708000,0.1708000,0.1676000,0.1702000,1711236,1785081599999,2026-07-26 15:59:59,289887.2394000,5589,752809,127579.5426000
1785081600000,2026-07-26 16:00:00,0.1703000,0.1706000,0.1687000,0.1698000,663202,1785095999999,2026-07-26 19:59:59,112560.5138000,4294,290374,49286.3217000
1785096000000,2026-07-26 20:00:00,0.1699000,0.1717000,0.1691000,0.1716000,1061648,1785110399999,2026-07-26 23:59:59,180952.7272000,5307,502511,85644.9141000
1785110400000,2026-07-27 00:00:00,0.1715000,0.1754000,0.1696000,0.1739000,1719840,1785124799999,2026-07-27 03:59:59,296163.9509000,6305,853564,146977.1210000
1785124800000,2026-07-27 04:00:00,0.1738000,0.1763000,0.1713000,0.1717000,2051732,1785139199999,2026-07-27 07:59:59,355940.9031000,7385,917229,159211.3621000
1785139200000,2026-07-27 08:00:00,0.1718000,0.1741000,0.1692000,0.1703000,1861354,1785153599999,2026-07-27 11:59:59,317971.4827000,6781,907644,155119.7235000
1785153600000,2026-07-27 12:00:00,0.1703000,0.1788000,0.1699000,0.1756000,5830967,1785167999999,2026-07-27 15:59:59,1015566.9273000,15166,3566106,621255.1033000
1785168000000,2026-07-27 16:00:00,0.1756000,0.1830000,0.1753000,0.1804000,5871884,1785182399999,2026-07-27 19:59:59,1055230.4864000,18041,2821919,507579.6714000
1785182400000,2026-07-27 20:00:00,0.1805000,0.1848000,0.1764000,0.1801000,5019199,1785196799999,2026-07-27 23:59:59,905298.9361000,14575,2422503,437545.6681000
1785196800000,2026-07-28 00:00:00,0.1800000,0.1833000,0.1742000,0.1821000,7643667,1785211199999,2026-07-28 03:59:59,1372932.1156000,15904,3555011,639418.1598000
1785211200000,2026-07-28 04:00:00,0.1821000,0.1825000,0.1759000,0.1800000,5806750,1785225599999,2026-07-28 07:59:59,1038233.1158000,12797,3085519,551844.9662000
1785225600000,2026-07-28 08:00:00,0.1801000,0.1913000,0.1787000,0.1899000,25758662,1785239999999,2026-07-28 11:59:59,4824606.7848000,49428,13660766,2558554.3422000
1785240000000,2026-07-28 12:00:00,0.1899000,0.1943000,0.1874000,0.1913000,22788656,1785254399999,2026-07-28 15:59:59,4343208.3741000,45849,11230983,2142335.2780000
1785254400000,2026-07-28 16:00:00,0.1912000,0.1931000,0.1881000,0.1905000,7101731,1785268799999,2026-07-28 19:59:59,1354510.4521000,16544,3463005,660895.0252000
1785268800000,2026-07-28 20:00:00,0.1906000,0.1916000,0.1872000,0.1883000,4947670,1785283199999,2026-07-28 23:59:59,937115.7478000,12486,2229503,422619.6577000
1785283200000,2026-07-29 00:00:00,0.1883000,0.1899000,0.1826000,0.1857000,7900460,1785297599999,2026-07-29 03:59:59,1472660.4289000,17837,3605876,673025.6495000
1785297600000,2026-07-29 04:00:00,0.1859000,0.1861000,0.1775000,0.1834000,8777247,1785311999999,2026-07-29 07:59:59,1598412.2230000,18711,4471972,814265.0288000
1785312000000,2026-07-29 08:00:00,0.1835000,0.1835000,0.1773000,0.1790000,4825749,1785326399999,2026-07-29 11:59:59,869042.7161000,12677,2125797,382919.2210000
1785326400000,2026-07-29 12:00:00,0.1789000,0.1791000,0.1686000,0.1691000,7729309,1785340799999,2026-07-29 15:59:59,1336447.9891000,15871,3018599,521722.8461000
1785340800000,2026-07-29 16:00:00,0.1691000,0.1887000,0.1668000,0.1884000,11884517,1785355199999,2026-07-29 19:59:59,2121355.4950000,26183,6511499,1165306.6348000
1785355200000,2026-07-29 20:00:00,0.1883000,0.1941000,0.1872000,0.1921000,8934146,1785369599999,2026-07-29 23:59:59,1705292.9942000,22710,4885363,932834.6669000
1785369600000,2026-07-30 00:00:00,0.1922000,0.2008000,0.1863000,0.1969000,18399061,1785383999999,2026-07-30 03:59:59,3555911.3985000,41507,9395652,1817687.7056000
1785384000000,2026-07-30 04:00:00,0.1968000,0.1986000,0.1912000,0.1940000,11781197,1785398399999,2026-07-30 07:59:59,2298538.2151000,30542,6033087,1177653.8719000
1785398400000,2026-07-30 08:00:00,0.1941000,0.2084000,0.1928000,0.2055000,29883431,1785412799999,2026-07-30 11:59:59,6050858.7563000,63121,16798135,3401529.1414000
1785412800000,2026-07-30 12:00:00,0.2055000,0.2263000,0.2003000,0.2203000,94260017,1785427199999,2026-07-30 15:59:59,20278342.3078000,176885,49214419,10594463.5812000
1785427200000,2026-07-30 16:00:00,0.2203000,0.2674000,0.2184000,0.2609000,223486105,1785441599999,2026-07-30 19:59:59,54305404.8871000,498319,114595108,27845980.5398000
1785441600000,2026-07-30 20:00:00,0.2609000,0.2748000,0.2418000,0.2543000,108127146,1785455999999,2026-07-30 23:59:59,28300429.6845000,320368,53130853,13932391.2630000
1785456000000,2026-07-31 00:00:00,0.2543000,0.3000000,0.2490000,0.2891000,157367283,1785470399999,2026-07-31 03:59:59,43633757.1146000,472003,83251782,23092464.8123000
1785470400000,2026-07-31 04:00:00,0.2891000,0.3100000,0.2780000,0.2951000,163048105,1785484799999,2026-07-31 07:59:59,48045330.8908000,520902,81528281,24051518.1749000
1785484800000,2026-07-31 08:00:00,0.2951000,0.4661000,0.2200000,0.2304000,694872890,1785499199999,2026-07-31 11:59:59,223814273.0492000,2200176,344992220,111470989.6378000
1785499200000,2026-07-31 12:00:00,0.2302000,0.2761000,0.1950000,0.1993000,392511213,1785513599999,2026-07-31 15:59:59,93787134.6083000,958595,190828033,45740353.8918000
1785513600000,2026-07-31 16:00:00,0.1992000,0.2054000,0.1892000,0.1900000,113162719,1785527999999,2026-07-31 19:59:59,22337195.7472000,267500,54976071,10868097.2102000
1785528000000,2026-07-31 20:00:00,0.1900000,0.2095000,0.1873000,0.2042000,90850881,1785542399999,2026-07-31 23:59:59,18080831.4139000,201136,44989322,8960267.3763000
1785542400000,2026-08-01 00:00:00,0.2042000,0.2092000,0.1851000,0.1876000,87572150,1785556799999,2026-08-01 03:59:59,17084163.7451000,199782,40193049,7834690.6102000
1785556800000,2026-08-01 04:00:00,0.1876000,0.2225000,0.1867000,0.2044000,153922352,1785571199999,2026-08-01 07:59:59,31656551.3040000,363218,75884933,15599573.4496000
1785571200000,2026-08-01 08:00:00,0.2043000,0.2129000,0.1876000,0.1886000,112527256,1785585599999,2026-08-01 11:59:59,22269008.3183000,244524,55548400,10987278.7350000
1785585600000,2026-08-01 12:00:00,0.1886000,0.1963000,0.1862000,0.1906000,80138798,1785599999999,2026-08-01 15:59:59,15337202.6144000,169555,39813641,7624361.5084000
1785600000000,2026-08-01 16:00:00,0.1906000,0.1916000,0.1855000,0.1887000,37309806,1785614399999,2026-08-01 19:59:59,7056121.9591000,86257,16312016,3087495.0479000
1785614400000,2026-08-01 20:00:00,0.1887000,0.1923000,0.1808000,0.1829000,30975530,1785628799999,2026-08-01 23:59:59,5796616.0625000,69920,14098656,2641073.0361000
1785628800000,2026-08-02 00:00:00,0.1830000,0.1874000,0.1718000,0.1746000,65943648,1785643199999,2026-08-02 03:59:59,11828219.4814000,129583,30833832,5537716.1381000
1785643200000,2026-08-02 04:00:00,0.1748000,0.1835000,0.1741000,0.1781000,39819445,1785657599999,2026-08-02 07:59:59,7116265.1348000,89000,19899958,3555425.6655000
1785657600000,2026-08-02 08:00:00,0.1780000,0.1781000,0.1710000,0.1715000,31133912,1785671999999,2026-08-02 11:59:59,5421979.2470000,66361,14254316,2484535.0256000
1785672000000,2026-08-02 12:00:00,0.1714000,0.1732000,0.1677000,0.1688000,34473483,1785686399999,2026-08-02 15:59:59,5873837.1074000,63753,16941566,2888848.5961000
1785686400000,2026-08-02 16:00:00,0.1687000,0.1697000,0.1632000,0.1689000,30585160,1785700799999,2026-08-02 19:59:59,5114496.5118000,52236,13982566,2340252.8056000
1785700800000,2026-08-02 20:00:00,0.1689000,0.1695000,0.1618000,0.1624000,25026218,1785715199999,2026-08-02 23:59:59,4125050.9711000,49314,11058447,1821185.6240000
1785715200000,2026-08-03 00:00:00,0.1624000,0.1635000,0.1539000,0.1559000,53005438,1785729599999,2026-08-03 03:59:59,8359269.7646000,88825,23690873,3736616.5697000
1785729600000,2026-08-03 04:00:00,0.1557000,0.1559000,0.1501000,0.1515000,33742808,1785743999999,2026-08-03 07:59:59,5144696.8070000,57009,16075421,2451245.8599000
1785744000000,2026-08-03 08:00:00,0.1515000,0.1573000,0.1507000,0.1531000,26020260,1785758399999,2026-08-03 11:59:59,3995219.7796000,50127,13365069,2053060.5328000
1785758400000,2026-08-03 12:00:00,0.1531000,0.1618000,0.1514000,0.1552000,31935285,1785772799999,2026-08-03 15:59:59,4989878.5320000,64366,16240410,2539874.6400000
1785772800000,2026-08-03 16:00:00,0.1551000,0.1614000,0.1540000,0.1599000,18842135,1785787199999,2026-08-03 19:59:59,2975648.3846000,46043,9920620,1567782.7156000
1785787200000,2026-08-03 20:00:00,0.1600000,0.1675000,0.1599000,0.1645000,24840474,1785801599999,2026-08-03 23:59:59,4071831.6926000,62575,12693781,2080552.4555000
1785801600000,2026-08-04 00:00:00,0.1645000,0.1714000,0.1522000,0.1533000,48890330,1785815999999,2026-08-04 03:59:59,7878445.3675000,94045,22517639,3632984.0527000
1785816000000,2026-08-04 04:00:00,0.1533000,0.1594000,0.1522000,0.1576000,20468155,1785830399999,2026-08-04 07:59:59,3203618.5869000,45717,10236200,1602218.3108000
1785830400000,2026-08-04 08:00:00,0.1576000,0.1590000,0.1544000,0.1575000,14412608,1785844799999,2026-08-04 11:59:59,2258087.4102000,30260,7264004,1139247.0380000
1785844800000,2026-08-04 12:00:00,0.1574000,0.1575000,0.1524000,0.1540000,14177268,1785859199999,2026-08-04 15:59:59,2193437.9995000,30435,6572609,1016951.8736000
1785859200000,2026-08-04 16:00:00,0.1540000,0.1572000,0.1537000,0.1561000,7375677,1785873599999,2026-08-04 19:59:59,1145753.9654000,21904,3828303,594840.2701000
1785873600000,2026-08-04 20:00:00,0.1561000,0.1561000,0.1525000,0.1529000,7389218,1785887999999,2026-08-04 23:59:59,1139061.6212000,19053,3462440,533843.0154000
1785888000000,2026-08-05 00:00:00,0.1529000,0.1571000,0.1511000,0.1545000,15638266,1785902399999,2026-08-05 03:59:59,2403550.7128000,31565,7740815,1191100.4901000
1785902400000,2026-08-05 04:00:00,0.1544000,0.1545000,0.1381000,0.1480000,48788891,1785916799999,2026-08-05 07:59:59,7220421.2647000,84188,22084469,3273232.8192000
1785916800000,2026-08-05 08:00:00,0.1481000,0.1518000,0.1465000,0.1506000,13473817,1785931199999,2026-08-05 11:59:59,2006464.4957000,44423,7146482,1064853.7788000
1785931200000,2026-08-05 12:00:00,0.1506000,0.1580000,0.1492000,0.1566000,18747704,1785945599999,2026-08-05 15:59:59,2873563.6046000,42286,9747308,1495233.7282000
1785945600000,2026-08-05 16:00:00,0.1566000,0.1673000,0.1561000,0.1620000,35849772,1785959999999,2026-08-05 19:59:59,5813269.4120000,81236,17244028,2796903.8023000
1785960000000,2026-08-05 20:00:00,0.1620000,0.1643000,0.1545000,0.1568000,15397260,1785974399999,2026-08-05 23:59:59,2439797.2224000,35887,7416770,1177447.0754000
1785974400000,2026-08-06 00:00:00,0.1568000,0.1634000,0.1552000,0.1593000,26641079,1785988799999,2026-08-06 03:59:59,4261861.9017000,54708,14158212,2264468.6119000
1785988800000,2026-08-06 04:00:00,0.1594000,0.1670000,0.1562000,0.1645000,21408183,1786003199999,2026-08-06 07:59:59,3443777.4401000,52228,10703942,1722995.1189000
1786003200000,2026-08-06 08:00:00,0.1646000,0.1726000,0.1608000,0.1628000,54951491,1786017599999,2026-08-06 11:59:59,9116666.8949000,114256,26440366,4386545.9250000
1786017600000,2026-08-06 12:00:00,0.1628000,0.1777000,0.1624000,0.1757000,38127766,1786031999999,2026-08-06 15:59:59,6537791.9476000,85607,19489133,3340506.2246000
1786032000000,2026-08-06 16:00:00,0.1757000,0.1865000,0.1733000,0.1788000,37956366,1786046399999,2026-08-06 19:59:59,6818424.3228000,90283,18331255,3297163.7583000
1786046400000,2026-08-06 20:00:00,0.1789000,0.1797000,0.1696000,0.1724000,18051012,1786060799999,2026-08-06 23:59:59,3127578.5051000,42329,8655289,1500460.7250000
1786060800000,2026-08-07 00:00:00,0.1725000,0.1809000,0.1642000,0.1663000,34628854,1786075199999,2026-08-07 03:59:59,6000282.3846000,77445,16567305,2874240.1803000
1786075200000,2026-08-07 04:00:00,0.1664000,0.1679000,0.1612000,0.1615000,13191210,1786089599999,2026-08-07 07:59:59,2173295.7806000,36144,5985753,988073.8708000
1786089600000,2026-08-07 08:00:00,0.1616000,0.1677000,0.1613000,0.1677000,14019796,1786103999999,2026-08-07 11:59:59,2311668.2004000,37193,7231933,1192914.7288000
1786104000000,2026-08-07 12:00:00,0.1677000,0.1765000,0.1664000,0.1717000,17486554,1786118399999,2026-08-07 15:59:59,2991160.2763000,47236,8422861,1442034.7187000
1786118400000,2026-08-07 16:00:00,0.1717000,0.1830000,0.1717000,0.1825000,21185380,1786132799999,2026-08-07 19:59:59,3796377.5250000,61184,10676524,1913332.9365000
1786132800000,2026-08-07 20:00:00,0.1825000,0.1917000,0.1792000,0.1900000,19794416,1786147199999,2026-08-07 23:59:59,3698351.8185000,57352,10413084,1947147.4390000
1786147200000,2026-08-08 00:00:00,0.1900000,0.2090000,0.1860000,0.2084000,63955918,1786161599999,2026-08-08 03:59:59,12636099.4941000,146824,31269634,6191355.8550000
1786161600000,2026-08-08 04:00:00,0.2083000,0.2478000,0.1986000,0.2228000,296691437,1786175999999,2026-08-08 07:59:59,66995697.5243000,522778,146907914,33184043.1617000
1786176000000,2026-08-08 08:00:00,0.2228000,0.2375000,0.2082000,0.2304000,267466578,1786190399999,2026-08-08 11:59:59,60738743.1398000,602614,134246700,30511935.8218000
1786190400000,2026-08-08 12:00:00,0.2304000,0.2355000,0.2054000,0.2122000,156431518,1786204799999,2026-08-08 15:59:59,34589476.3031000,323880,75376732,16667775.9168000
1786204800000,2026-08-08 16:00:00,0.2121000,0.2124000,0.2000000,0.2064000,69717399,1786219199999,2026-08-08 19:59:59,14370194.8184000,145606,34528561,7124400.1844000
1786219200000,2026-08-08 20:00:00,0.2064000,0.2113000,0.1956000,0.1970000,37104384,1786233599999,2026-08-08 23:59:59,7554155.5249000,94273,17463462,3563722.8034000
1786233600000,2026-08-09 00:00:00,0.1971000,0.2193000,0.1892000,0.2168000,97489290,1786247999999,2026-08-09 03:59:59,19853331.5940000,227000,49966035,10192977.1045000
1786248000000,2026-08-09 04:00:00,0.2167000,0.2398000,0.2158000,0.2242000,97793300,1786262399999,2026-08-09 07:59:59,22231611.4834000,277803,47489565,10801670.2741000
1786262400000,2026-08-09 08:00:00,0.2243000,0.2355000,0.2111000,0.2163000,67559518,1786276799999,2026-08-09 11:59:59,14876904.9507000,198192,33402501,7355772.3703000
1786276800000,2026-08-09 12:00:00,0.2162000,0.2229000,0.2152000,0.2183000,33610632,1786291199999,2026-08-09 15:59:59,7374842.6728000,108880,16202164,3557363.1977000
1786291200000,2026-08-09 16:00:00,0.2183000,0.2238000,0.2124000,0.2143000,28535343,1786305599999,2026-08-09 19:59:59,6197318.5669000,84162,14130707,3070640.0619000
1786305600000,2026-08-09 20:00:00,0.2143000,0.2144000,0.2023000,0.2044000,20412814,1786319999999,2026-08-09 23:59:59,4230046.0230000,57341,9359895,1939120.7145000
1786320000000,2026-08-10 00:00:00,0.2044000,0.2125000,0.2002000,0.2036000,38776813,1786334399999,2026-08-10 03:59:59,7954914.0111000,115209,19631670,4031387.8780000
1786334400000,2026-08-10 04:00:00,0.2035000,0.2054000,0.1930000,0.1974000,26963547,1786348799999,2026-08-10 07:59:59,5391847.6590000,78044,13409478,2680492.9720000
1786348800000,2026-08-10 08:00:00,0.1974000,0.2218000,0.1972000,0.2106000,48827658,1786363199999,2026-08-10 11:59:59,10337732.8481000,145627,24257739,5133182.9415000
1786363200000,2026-08-10 12:00:00,0.2106000,0.2171000,0.2073000,0.2168000,20908128,1786377599999,2026-08-10 15:59:59,4434961.9259000,68814,10283687,2183134.8088000
1786377600000,2026-08-10 16:00:00,0.2167000,0.2300000,0.2114000,0.2118000,33529776,1786391999999,2026-08-10 19:59:59,7417236.5443000,103944,15922281,3525084.3659000
1786392000000,2026-08-10 20:00:00,0.2118000,0.2190000,0.2012000,0.2048000,18746286,1786406399999,2026-08-10 23:59:59,3917874.6957000,53061,8886380,1857217.0712000
1786406400000,2026-08-11 00:00:00,0.2048000,0.2151000,0.2029000,0.2033000,19760620,1786420799999,2026-08-11 03:59:59,4108402.5825000,62453,9636065,2004308.7353000
1786420800000,2026-08-11 04:00:00,0.2032000,0.2236000,0.2019000,0.2208000,35281909,1786435199999,2026-08-11 07:59:59,7607585.9701000,91836,18951652,4080976.1222000
1786435200000,2026-08-11 08:00:00,0.2208000,0.2423000,0.2120000,0.2141000,102653846,1786449599999,2026-08-11 11:59:59,23492173.4775000,246544,50242126,11515261.6162000
1786449600000,2026-08-11 12:00:00,0.2141000,0.2246000,0.2135000,0.2209000,36526588,1786463999999,2026-08-11 15:59:59,7999694.2360000,86572,18296394,4008033.3948000
1786464000000,2026-08-11 16:00:00,0.2208000,0.2219000,0.2056000,0.2094000,28817863,1786478399999,2026-08-11 19:59:59,6107839.5280000,72634,14021839,2970556.5528000
1786478400000,2026-08-11 20:00:00,0.2094000,0.2117000,0.2022000,0.2034000,16590636,1786492799999,2026-08-11 23:59:59,3426012.9248000,47165,7689799,1589186.6034000
1786492800000,2026-08-12 00:00:00,0.2034000,0.2116000,0.1975000,0.2023000,26986106,1786507199999,2026-08-12 03:59:59,5522520.9683000,65658,12930647,2648756.4693000
1786507200000,2026-08-12 04:00:00,0.2022000,0.2047000,0.1954000,0.1989000,19885389,1786521599999,2026-08-12 07:59:59,3966758.8321000,47605,8997727,1797368.5436000
1786521600000,2026-08-12 08:00:00,0.1988000,0.2024000,0.1951000,0.1968000,16050354,1786535999999,2026-08-12 11:59:59,3181750.8567000,37434,7606290,1508800.6916000
1786536000000,2026-08-12 12:00:00,0.1969000,0.2040000,0.1954000,0.2015000,20397378,1786550399999,2026-08-12 15:59:59,4081008.8885000,47773,10070491,2015944.6363000
1786550400000,2026-08-12 16:00:00,0.2015000,0.2044000,0.1934000,0.1945000,14926641,1786564799999,2026-08-12 19:59:59,2954041.3869000,37835,6745378,1336223.1143000
1786564800000,2026-08-12 20:00:00,0.1945000,0.1958000,0.1842000,0.1850000,21705227,1786579199999,2026-08-12 23:59:59,4095145.5813000,53859,9411874,1775787.0540000
1786579200000,2026-08-13 00:00:00,0.1851000,0.1878000,0.1780000,0.1835000,27826403,1786593599999,2026-08-13 03:59:59,5092903.9111000,65890,13487410,2470795.9204000
1786593600000,2026-08-13 04:00:00,0.1834000,0.1906000,0.1812000,0.1822000,28500195,1786607999999,2026-08-13 07:59:59,5291965.0460000,65449,13713959,2548097.8062000
1786608000000,2026-08-13 08:00:00,0.1822000,0.1823000,0.1642000,0.1706000,61922940,1786622399999,2026-08-13 11:59:59,10663775.0073000,111761,31037887,5337928.2028000
1786622400000,2026-08-13 12:00:00,0.1706000,0.1713000,0.1622000,0.1669000,20929052,1786636799999,2026-08-13 15:59:59,3501574.1570000,55207,9789344,1638507.6544000
1786636800000,2026-08-13 16:00:00,0.1668000,0.1735000,0.1632000,0.1678000,25803708,1786651199999,2026-08-13 19:59:59,4348880.9027000,59450,12804697,2161380.7257000
1786651200000,2026-08-13 20:00:00,0.1678000,0.1688000,0.1647000,0.1669000,12506836,1786665599999,2026-08-13 23:59:59,2085904.0883000,34720,6327315,1055494.5310000
1786665600000,2026-08-14 00:00:00,0.1669000,0.1809000,0.1665000,0.1780000,52847958,1786679999999,2026-08-14 03:59:59,9214120.5799000,129607,26177044,4562842.9494000
1786680000000,2026-08-14 04:00:00,0.1780000,0.1837000,0.1763000,0.1825000,24562043,1786694399999,2026-08-14 07:59:59,4430167.3239000,70505,11912731,2150165.5694000
1786694400000,2026-08-14 08:00:00,0.1824000,0.1849000,0.1726000,0.1771000,24932986,1786708799999,2026-08-14 11:59:59,4459915.1881000,64341,11838409,2119361.3226000
1786708800000,2026-08-14 12:00:00,0.1770000,0.1838000,0.1755000,0.1773000,20497145,1786723199999,2026-08-14 15:59:59,3681595.7961000,59937,9754639,1753846.2132000
1786723200000,2026-08-14 16:00:00,0.1773000,0.1788000,0.1732000,0.1758000,11310870,1786737599999,2026-08-14 19:59:59,1986128.2829000,31688,5566793,978311.3041000
1786737600000,2026-08-14 20:00:00,0.1757000,0.1794000,0.1745000,0.1774000,8870063,1786751999999,2026-08-14 23:59:59,1570729.0429000,28196,4671968,827554.7050000
1786752000000,2026-08-15 00:00:00,0.1774000,0.1793000,0.1720000,0.1730000,11360196,1786766399999,2026-08-15 03:59:59,1997600.9807000,31564,5265930,926400.0074000
1786766400000,2026-08-15 04:00:00,0.1730000,0.1833000,0.1713000,0.1819000,29426537,1786780799999,2026-08-15 07:59:59,5235072.3253000,53309,15100651,2685474.1584000
1786780800000,2026-08-15 08:00:00,0.1819000,0.1843000,0.1769000,0.1774000,13231564,1786795199999,2026-08-15 11:59:59,2390412.6422000,37643,5381888,973887.1007000
1786795200000,2026-08-15 12:00:00,0.1774000,0.1804000,0.1737000,0.1792000,10427891,1786809599999,2026-08-15 15:59:59,1840731.8742000,29823,5293425,935197.2209000
1786809600000,2026-08-15 16:00:00,0.1792000,0.1803000,0.1730000,0.1742000,9519484,1786823999999,2026-08-15 19:59:59,1681056.6825000,24558,4036156,713535.7338000
1786824000000,2026-08-15 20:00:00,0.1742000,0.1775000,0.1734000,0.1747000,5518627,1786838399999,2026-08-15 23:59:59,966643.4559000,18829,2871111,503163.8688000
1786838400000,2026-08-16 00:00:00,0.1747000,0.1775000,0.1719000,0.1755000,9641527,1786852799999,2026-08-16 03:59:59,1687892.5362000,32112,4508843,789040.1471000
1786852800000,2026-08-16 04:00:00,0.1754000,0.1794000,0.1752000,0.1763000,9153139,1786867199999,2026-08-16 07:59:59,1620833.6529000,29324,4499047,796948.7156000
1786867200000,2026-08-16 08:00:00,0.1764000,0.1823000,0.1751000,0.1818000,7321920,1786881599999,2026-08-16 11:59:59,1312746.7897000,25048,3527540,632751.5082000
1786881600000,2026-08-16 12:00:00,0.1817000,0.1847000,0.1798000,0.1834000,11739181,1786895999999,2026-08-16 15:59:59,2139420.0956000,33666,5492207,1001379.7803000
1786896000000,2026-08-16 16:00:00,0.1834000,0.1837000,0.1758000,0.1773000,7658648,1786910399999,2026-08-16 19:59:59,1372394.7227000,21986,3485258,624571.0036000
1786910400000,2026-08-16 20:00:00,0.1773000,0.1794000,0.1753000,0.1770000,5785053,1786924799999,2026-08-16 23:59:59,1027525.5719000,18957,2939527,522234.4669000
1786924800000,2026-08-17 00:00:00,0.1770000,0.1814000,0.1757000,0.1803000,7568890,1786939199999,2026-08-17 03:59:59,1350912.8482000,24460,3785884,675759.9188000
1786939200000,2026-08-17 04:00:00,0.1804000,0.1806000,0.1732000,0.1786000,10502005,1786953599999,2026-08-17 07:59:59,1861457.8742000,28891,4721852,836837.0854000
1786953600000,2026-08-17 08:00:00,0.1786000,0.1812000,0.1735000,0.1739000,9290965,1786967999999,2026-08-17 11:59:59,1639794.4766000,32770,3928937,693483.0893000
1786968000000,2026-08-17 12:00:00,0.1739000,0.1750000,0.1696000,0.1730000,7917019,1786982399999,2026-08-17 15:59:59,1363359.0163000,23669,3888020,669829.9012000
1786982400000,2026-08-17 16:00:00,0.1730000,0.1734000,0.1677000,0.1680000,8158931,1786996799999,2026-08-17 19:59:59,1386472.5071000,25106,3486765,593674.2589000
1786996800000,2026-08-17 20:00:00,0.1680000,0.1689000,0.1651000,0.1655000,5869867,1787011199999,2026-08-17 23:59:59,978764.8282000,19056,2272021,378919.8273000
1787011200000,2026-08-18 00:00:00,0.1656000,0.1685000,0.1588000,0.1647000,12897580,1787025599999,2026-08-18 03:59:59,2107277.9796000,34403,4978213,814518.1865000
1787025600000,2026-08-18 04:00:00,0.1647000,0.1696000,0.1634000,0.1682000,8883913,1787039999999,2026-08-18 07:59:59,1477944.7113000,26066,4715361,785165.3500000
1787040000000,2026-08-18 08:00:00,0.1683000,0.1686000,0.1650000,0.1670000,7190505,1787054399999,2026-08-18 11:59:59,1199220.4036000,23191,3084102,514568.9383000
1787054400000,2026-08-18 12:00:00,0.1669000,0.1711000,0.1669000,0.1687000,6602900,1787068799999,2026-08-18 15:59:59,1117991.5985000,18188,3285157,556561.1463000
1787068800000,2026-08-18 16:00:00,0.1687000,0.1716000,0.1670000,0.1676000,4488878,1787083199999,2026-08-18 19:59:59,758323.2781000,15316,2153320,364208.8192000
1787083200000,2026-08-18 20:00:00,0.1676000,0.1685000,0.1663000,0.1670000,2531498,1787097599999,2026-08-18 23:59:59,423513.7810000,12281,1450297,242721.2824000
1787097600000,2026-08-19 00:00:00,0.1670000,0.1697000,0.1634000,0.1654000,6886992,1787111999999,2026-08-19 03:59:59,1149273.2205000,22050,3658127,611529.7731000
1787112000000,2026-08-19 04:00:00,0.1655000,0.1660000,0.1618000,0.1622000,5307186,1787126399999,2026-08-19 07:59:59,866156.9692000,17188,2260071,369016.2586000
1787126400000,2026-08-19 08:00:00,0.1622000,0.1642000,0.1610000,0.1627000,5839181,1787140799999,2026-08-19 11:59:59,948980.1960000,19855,2541538,413266.5197000
1787140800000,2026-08-19 12:00:00,0.1626000,0.1779000,0.1626000,0.1775000,11602072,1787155199999,2026-08-19 15:59:59,1974546.4585000,31128,5900276,1003122.4011000
1787155200000,2026-08-19 16:00:00,0.1775000,0.1844000,0.1747000,0.1818000,15553414,1787169599999,2026-08-19 19:59:59,2808501.3730000,44286,7986659,1444662.2625000
1787169600000,2026-08-19 20:00:00,0.1818000,0.1866000,0.1804000,0.1856000,11470422,1787183999999,2026-08-19 23:59:59,2103182.3603000,30119,5989614,1099616.9156000
1787184000000,2026-08-20 00:00:00,0.1856000,0.1871000,0.1811000,0.1818000,10459071,1787198399999,2026-08-20 03:59:59,1924614.9192000,30196,4916075,905022.7916000
1787198400000,2026-08-20 04:00:00,0.1819000,0.1834000,0.1780000,0.1819000,8717454,1787212799999,2026-08-20 07:59:59,1577802.2852000,24499,4207344,762169.4672000
1787212800000,2026-08-20 08:00:00,0.1818000,0.1855000,0.1787000,0.1790000,6947124,1787227199999,2026-08-20 11:59:59,1264693.5630000,24601,3603165,656979.7021000
1787227200000,2026-08-20 12:00:00,0.1789000,0.1797000,0.1751000,0.1755000,7313994,1787241599999,2026-08-20 15:59:59,1298603.4923000,21641,3382859,601383.6849000
1787241600000,2026-08-20 16:00:00,0.1755000,0.1789000,0.1738000,0.1745000,6908214,1787255999999,2026-08-20 19:59:59,1217897.9482000,21245,3073799,542426.3703000
1787256000000,2026-08-20 20:00:00,0.1745000,0.1791000,0.1733000,0.1779000,5950564,1787270399999,2026-08-20 23:59:59,1047705.8155000,18106,2978493,524500.2025000
1787270400000,2026-08-21 00:00:00,0.1780000,0.1791000,0.1746000,0.1766000,3313744,1787284799999,2026-08-21 03:59:59,585287.1366000,10059,1325280,234374.5816000
